ISO-10303-21;
HEADER;
/* Generated by software containing ST-Developer
 * from STEP Tools, Inc. (www.steptools.com) 
 */
/* OPTION: using custom renumber hook */

FILE_DESCRIPTION(
/* description */ ('STEP AP242 Edition 2',
'CAx-IF Rec.Pracs.---Representation and Presentation of Product Manufa
cturing Information (PMI)---4.0---2014-10-13',
'CAx-IF Rec.Pracs.---3D Tessellated Geometry---0.4---2014-09-14','2;1',
'CAx-IF Rec.Pracs.---User Defined Attributes---1.5---2016-08-15'),
/* implementation_level */ '2;1');

FILE_NAME(
/* name */ '10004',
/* time_stamp */ '2026-07-13T04:31:20Z',
/* author */ (''),
/* organization */ (''),
/* preprocessor_version */ 'ST-DEVELOPER v20',
/* originating_system */ 'ONSHAPE BY PTC INC, 1.217',
/* authorisation */ '  ');

FILE_SCHEMA (('AP242_MANAGED_MODEL_BASED_3D_ENGINEERING_MIM_LF { 1 0 10303 442 3 1 4 }'));
ENDSEC;

DATA;
#10=SHAPE_REPRESENTATION_RELATIONSHIP('','',#1443,#11);
#11=ADVANCED_BREP_SHAPE_REPRESENTATION('',(#1441),#2450);
#12=PLANE('',#1496);
#13=PLANE('',#1517);
#14=PLANE('',#1539);
#15=PLANE('',#1540);
#16=PLANE('',#1542);
#17=PLANE('',#1543);
#18=PLANE('',#1545);
#19=PLANE('',#1546);
#20=PLANE('',#1548);
#21=PLANE('',#1549);
#22=PLANE('',#1551);
#23=PLANE('',#1552);
#24=PLANE('',#1554);
#25=PLANE('',#1555);
#26=PLANE('',#1557);
#27=PLANE('',#1558);
#28=PLANE('',#1560);
#29=PLANE('',#1561);
#30=PLANE('',#1563);
#31=PLANE('',#1564);
#32=PLANE('',#1566);
#33=PLANE('',#1567);
#34=PLANE('',#1569);
#35=PLANE('',#1570);
#36=PLANE('',#1571);
#37=PLANE('',#1573);
#38=PLANE('',#1574);
#39=PLANE('',#1576);
#40=PLANE('',#1577);
#41=PLANE('',#1579);
#42=PLANE('',#1580);
#43=PLANE('',#1582);
#44=PLANE('',#1583);
#45=PLANE('',#1585);
#46=PLANE('',#1586);
#47=PLANE('',#1588);
#48=LINE('',#2029,#184);
#49=LINE('',#2033,#185);
#50=LINE('',#2038,#186);
#51=LINE('',#2042,#187);
#52=LINE('',#2047,#188);
#53=LINE('',#2051,#189);
#54=LINE('',#2056,#190);
#55=LINE('',#2060,#191);
#56=LINE('',#2065,#192);
#57=LINE('',#2069,#193);
#58=LINE('',#2074,#194);
#59=LINE('',#2078,#195);
#60=LINE('',#2083,#196);
#61=LINE('',#2087,#197);
#62=LINE('',#2092,#198);
#63=LINE('',#2096,#199);
#64=LINE('',#2101,#200);
#65=LINE('',#2105,#201);
#66=LINE('',#2110,#202);
#67=LINE('',#2114,#203);
#68=LINE('',#2119,#204);
#69=LINE('',#2123,#205);
#70=LINE('',#2128,#206);
#71=LINE('',#2132,#207);
#72=LINE('',#2137,#208);
#73=LINE('',#2141,#209);
#74=LINE('',#2146,#210);
#75=LINE('',#2150,#211);
#76=LINE('',#2155,#212);
#77=LINE('',#2159,#213);
#78=LINE('',#2164,#214);
#79=LINE('',#2168,#215);
#80=LINE('',#2173,#216);
#81=LINE('',#2177,#217);
#82=LINE('',#2185,#218);
#83=LINE('',#2189,#219);
#84=LINE('',#2190,#220);
#85=LINE('',#2194,#221);
#86=LINE('',#2195,#222);
#87=LINE('',#2199,#223);
#88=LINE('',#2200,#224);
#89=LINE('',#2204,#225);
#90=LINE('',#2205,#226);
#91=LINE('',#2209,#227);
#92=LINE('',#2210,#228);
#93=LINE('',#2214,#229);
#94=LINE('',#2215,#230);
#95=LINE('',#2219,#231);
#96=LINE('',#2220,#232);
#97=LINE('',#2224,#233);
#98=LINE('',#2225,#234);
#99=LINE('',#2229,#235);
#100=LINE('',#2230,#236);
#101=LINE('',#2234,#237);
#102=LINE('',#2235,#238);
#103=LINE('',#2239,#239);
#104=LINE('',#2240,#240);
#105=LINE('',#2244,#241);
#106=LINE('',#2245,#242);
#107=LINE('',#2249,#243);
#108=LINE('',#2250,#244);
#109=LINE('',#2254,#245);
#110=LINE('',#2255,#246);
#111=LINE('',#2259,#247);
#112=LINE('',#2260,#248);
#113=LINE('',#2264,#249);
#114=LINE('',#2265,#250);
#115=LINE('',#2269,#251);
#116=LINE('',#2277,#252);
#117=LINE('',#2281,#253);
#118=LINE('',#2282,#254);
#119=LINE('',#2286,#255);
#120=LINE('',#2287,#256);
#121=LINE('',#2291,#257);
#122=LINE('',#2292,#258);
#123=LINE('',#2296,#259);
#124=LINE('',#2297,#260);
#125=LINE('',#2301,#261);
#126=LINE('',#2302,#262);
#127=LINE('',#2306,#263);
#128=LINE('',#2307,#264);
#129=LINE('',#2311,#265);
#130=LINE('',#2312,#266);
#131=LINE('',#2316,#267);
#132=LINE('',#2317,#268);
#133=LINE('',#2321,#269);
#134=LINE('',#2322,#270);
#135=LINE('',#2326,#271);
#136=LINE('',#2327,#272);
#137=LINE('',#2331,#273);
#138=LINE('',#2332,#274);
#139=LINE('',#2336,#275);
#140=LINE('',#2337,#276);
#141=LINE('',#2341,#277);
#142=LINE('',#2342,#278);
#143=LINE('',#2346,#279);
#144=LINE('',#2347,#280);
#145=LINE('',#2351,#281);
#146=LINE('',#2352,#282);
#147=LINE('',#2356,#283);
#148=LINE('',#2357,#284);
#149=LINE('',#2361,#285);
#150=LINE('',#2363,#286);
#151=LINE('',#2364,#287);
#152=LINE('',#2368,#288);
#153=LINE('',#2369,#289);
#154=LINE('',#2373,#290);
#155=LINE('',#2374,#291);
#156=LINE('',#2378,#292);
#157=LINE('',#2379,#293);
#158=LINE('',#2383,#294);
#159=LINE('',#2384,#295);
#160=LINE('',#2388,#296);
#161=LINE('',#2389,#297);
#162=LINE('',#2393,#298);
#163=LINE('',#2394,#299);
#164=LINE('',#2398,#300);
#165=LINE('',#2399,#301);
#166=LINE('',#2403,#302);
#167=LINE('',#2404,#303);
#168=LINE('',#2408,#304);
#169=LINE('',#2409,#305);
#170=LINE('',#2413,#306);
#171=LINE('',#2414,#307);
#172=LINE('',#2418,#308);
#173=LINE('',#2420,#309);
#174=LINE('',#2423,#310);
#175=LINE('',#2425,#311);
#176=LINE('',#2428,#312);
#177=LINE('',#2430,#313);
#178=LINE('',#2433,#314);
#179=LINE('',#2435,#315);
#180=LINE('',#2438,#316);
#181=LINE('',#2440,#317);
#182=LINE('',#2443,#318);
#183=LINE('',#2445,#319);
#184=VECTOR('',#1598,1.);
#185=VECTOR('',#1601,1.);
#186=VECTOR('',#1606,1.);
#187=VECTOR('',#1609,1.);
#188=VECTOR('',#1614,1.);
#189=VECTOR('',#1617,1.);
#190=VECTOR('',#1622,1.);
#191=VECTOR('',#1625,1.);
#192=VECTOR('',#1630,1.);
#193=VECTOR('',#1633,1.);
#194=VECTOR('',#1638,1.);
#195=VECTOR('',#1641,1.);
#196=VECTOR('',#1646,1.);
#197=VECTOR('',#1649,1.);
#198=VECTOR('',#1654,1.);
#199=VECTOR('',#1657,1.);
#200=VECTOR('',#1662,1.);
#201=VECTOR('',#1665,1.);
#202=VECTOR('',#1670,1.);
#203=VECTOR('',#1673,1.);
#204=VECTOR('',#1678,1.);
#205=VECTOR('',#1681,1.);
#206=VECTOR('',#1686,1.);
#207=VECTOR('',#1689,1.);
#208=VECTOR('',#1694,1.);
#209=VECTOR('',#1697,1.);
#210=VECTOR('',#1702,1.);
#211=VECTOR('',#1705,1.);
#212=VECTOR('',#1710,1.);
#213=VECTOR('',#1713,1.);
#214=VECTOR('',#1718,1.);
#215=VECTOR('',#1721,1.);
#216=VECTOR('',#1726,1.);
#217=VECTOR('',#1729,1.);
#218=VECTOR('',#1738,1.);
#219=VECTOR('',#1741,1.);
#220=VECTOR('',#1742,1.);
#221=VECTOR('',#1745,1.);
#222=VECTOR('',#1746,1.);
#223=VECTOR('',#1749,1.);
#224=VECTOR('',#1750,1.);
#225=VECTOR('',#1753,1.);
#226=VECTOR('',#1754,1.);
#227=VECTOR('',#1757,1.);
#228=VECTOR('',#1758,1.);
#229=VECTOR('',#1761,1.);
#230=VECTOR('',#1762,1.);
#231=VECTOR('',#1765,1.);
#232=VECTOR('',#1766,1.);
#233=VECTOR('',#1769,1.);
#234=VECTOR('',#1770,1.);
#235=VECTOR('',#1773,1.);
#236=VECTOR('',#1774,1.);
#237=VECTOR('',#1777,1.);
#238=VECTOR('',#1778,1.);
#239=VECTOR('',#1781,1.);
#240=VECTOR('',#1782,1.);
#241=VECTOR('',#1785,1.);
#242=VECTOR('',#1786,1.);
#243=VECTOR('',#1789,1.);
#244=VECTOR('',#1790,1.);
#245=VECTOR('',#1793,1.);
#246=VECTOR('',#1794,1.);
#247=VECTOR('',#1797,1.);
#248=VECTOR('',#1798,1.);
#249=VECTOR('',#1801,1.);
#250=VECTOR('',#1802,1.);
#251=VECTOR('',#1805,1.);
#252=VECTOR('',#1814,1.);
#253=VECTOR('',#1817,1.);
#254=VECTOR('',#1818,1.);
#255=VECTOR('',#1821,1.);
#256=VECTOR('',#1822,1.);
#257=VECTOR('',#1825,1.);
#258=VECTOR('',#1826,1.);
#259=VECTOR('',#1829,1.);
#260=VECTOR('',#1830,1.);
#261=VECTOR('',#1833,1.);
#262=VECTOR('',#1834,1.);
#263=VECTOR('',#1837,1.);
#264=VECTOR('',#1838,1.);
#265=VECTOR('',#1841,1.);
#266=VECTOR('',#1842,1.);
#267=VECTOR('',#1845,1.);
#268=VECTOR('',#1846,1.);
#269=VECTOR('',#1849,1.);
#270=VECTOR('',#1850,1.);
#271=VECTOR('',#1853,1.);
#272=VECTOR('',#1854,1.);
#273=VECTOR('',#1857,1.);
#274=VECTOR('',#1858,1.);
#275=VECTOR('',#1861,1.);
#276=VECTOR('',#1862,1.);
#277=VECTOR('',#1865,1.);
#278=VECTOR('',#1866,1.);
#279=VECTOR('',#1869,1.);
#280=VECTOR('',#1870,1.);
#281=VECTOR('',#1873,1.);
#282=VECTOR('',#1874,1.);
#283=VECTOR('',#1877,1.);
#284=VECTOR('',#1878,1.);
#285=VECTOR('',#1881,1.);
#286=VECTOR('',#1884,1.);
#287=VECTOR('',#1885,1.);
#288=VECTOR('',#1892,1.);
#289=VECTOR('',#1893,1.);
#290=VECTOR('',#1900,1.);
#291=VECTOR('',#1901,1.);
#292=VECTOR('',#1908,1.);
#293=VECTOR('',#1909,1.);
#294=VECTOR('',#1916,1.);
#295=VECTOR('',#1917,1.);
#296=VECTOR('',#1924,1.);
#297=VECTOR('',#1925,1.);
#298=VECTOR('',#1932,1.);
#299=VECTOR('',#1933,1.);
#300=VECTOR('',#1940,1.);
#301=VECTOR('',#1941,1.);
#302=VECTOR('',#1948,1.);
#303=VECTOR('',#1949,1.);
#304=VECTOR('',#1956,1.);
#305=VECTOR('',#1957,1.);
#306=VECTOR('',#1964,1.);
#307=VECTOR('',#1965,1.);
#308=VECTOR('',#1972,1.);
#309=VECTOR('',#1975,1.);
#310=VECTOR('',#1980,1.);
#311=VECTOR('',#1983,1.);
#312=VECTOR('',#1988,1.);
#313=VECTOR('',#1991,1.);
#314=VECTOR('',#1996,1.);
#315=VECTOR('',#1999,1.);
#316=VECTOR('',#2004,1.);
#317=VECTOR('',#2007,1.);
#318=VECTOR('',#2012,1.);
#319=VECTOR('',#2015,1.);
#320=ORIENTED_EDGE('',*,*,#740,.F.);
#321=ORIENTED_EDGE('',*,*,#741,.F.);
#322=ORIENTED_EDGE('',*,*,#742,.T.);
#323=ORIENTED_EDGE('',*,*,#743,.T.);
#324=ORIENTED_EDGE('',*,*,#744,.T.);
#325=ORIENTED_EDGE('',*,*,#745,.T.);
#326=ORIENTED_EDGE('',*,*,#746,.F.);
#327=ORIENTED_EDGE('',*,*,#747,.F.);
#328=ORIENTED_EDGE('',*,*,#748,.T.);
#329=ORIENTED_EDGE('',*,*,#749,.T.);
#330=ORIENTED_EDGE('',*,*,#750,.F.);
#331=ORIENTED_EDGE('',*,*,#751,.F.);
#332=ORIENTED_EDGE('',*,*,#752,.T.);
#333=ORIENTED_EDGE('',*,*,#753,.T.);
#334=ORIENTED_EDGE('',*,*,#754,.F.);
#335=ORIENTED_EDGE('',*,*,#755,.F.);
#336=ORIENTED_EDGE('',*,*,#756,.T.);
#337=ORIENTED_EDGE('',*,*,#757,.T.);
#338=ORIENTED_EDGE('',*,*,#758,.F.);
#339=ORIENTED_EDGE('',*,*,#759,.F.);
#340=ORIENTED_EDGE('',*,*,#760,.T.);
#341=ORIENTED_EDGE('',*,*,#761,.T.);
#342=ORIENTED_EDGE('',*,*,#762,.F.);
#343=ORIENTED_EDGE('',*,*,#763,.F.);
#344=ORIENTED_EDGE('',*,*,#764,.T.);
#345=ORIENTED_EDGE('',*,*,#765,.T.);
#346=ORIENTED_EDGE('',*,*,#766,.F.);
#347=ORIENTED_EDGE('',*,*,#767,.F.);
#348=ORIENTED_EDGE('',*,*,#768,.F.);
#349=ORIENTED_EDGE('',*,*,#769,.F.);
#350=ORIENTED_EDGE('',*,*,#770,.T.);
#351=ORIENTED_EDGE('',*,*,#771,.T.);
#352=ORIENTED_EDGE('',*,*,#772,.F.);
#353=ORIENTED_EDGE('',*,*,#773,.F.);
#354=ORIENTED_EDGE('',*,*,#774,.T.);
#355=ORIENTED_EDGE('',*,*,#775,.T.);
#356=ORIENTED_EDGE('',*,*,#776,.F.);
#357=ORIENTED_EDGE('',*,*,#777,.F.);
#358=ORIENTED_EDGE('',*,*,#778,.T.);
#359=ORIENTED_EDGE('',*,*,#779,.T.);
#360=ORIENTED_EDGE('',*,*,#780,.F.);
#361=ORIENTED_EDGE('',*,*,#781,.F.);
#362=ORIENTED_EDGE('',*,*,#782,.T.);
#363=ORIENTED_EDGE('',*,*,#783,.T.);
#364=ORIENTED_EDGE('',*,*,#784,.F.);
#365=ORIENTED_EDGE('',*,*,#785,.F.);
#366=ORIENTED_EDGE('',*,*,#786,.T.);
#367=ORIENTED_EDGE('',*,*,#787,.T.);
#368=ORIENTED_EDGE('',*,*,#788,.F.);
#369=ORIENTED_EDGE('',*,*,#789,.F.);
#370=ORIENTED_EDGE('',*,*,#790,.T.);
#371=ORIENTED_EDGE('',*,*,#791,.T.);
#372=ORIENTED_EDGE('',*,*,#792,.F.);
#373=ORIENTED_EDGE('',*,*,#793,.F.);
#374=ORIENTED_EDGE('',*,*,#794,.T.);
#375=ORIENTED_EDGE('',*,*,#795,.T.);
#376=ORIENTED_EDGE('',*,*,#796,.F.);
#377=ORIENTED_EDGE('',*,*,#797,.F.);
#378=ORIENTED_EDGE('',*,*,#798,.T.);
#379=ORIENTED_EDGE('',*,*,#799,.T.);
#380=ORIENTED_EDGE('',*,*,#800,.F.);
#381=ORIENTED_EDGE('',*,*,#801,.F.);
#382=ORIENTED_EDGE('',*,*,#802,.T.);
#383=ORIENTED_EDGE('',*,*,#803,.T.);
#384=ORIENTED_EDGE('',*,*,#804,.F.);
#385=ORIENTED_EDGE('',*,*,#805,.F.);
#386=ORIENTED_EDGE('',*,*,#806,.T.);
#387=ORIENTED_EDGE('',*,*,#807,.T.);
#388=ORIENTED_EDGE('',*,*,#808,.F.);
#389=ORIENTED_EDGE('',*,*,#809,.F.);
#390=ORIENTED_EDGE('',*,*,#810,.F.);
#391=ORIENTED_EDGE('',*,*,#766,.T.);
#392=ORIENTED_EDGE('',*,*,#811,.T.);
#393=ORIENTED_EDGE('',*,*,#812,.T.);
#394=ORIENTED_EDGE('',*,*,#813,.T.);
#395=ORIENTED_EDGE('',*,*,#762,.T.);
#396=ORIENTED_EDGE('',*,*,#814,.T.);
#397=ORIENTED_EDGE('',*,*,#815,.T.);
#398=ORIENTED_EDGE('',*,*,#816,.T.);
#399=ORIENTED_EDGE('',*,*,#758,.T.);
#400=ORIENTED_EDGE('',*,*,#817,.T.);
#401=ORIENTED_EDGE('',*,*,#818,.T.);
#402=ORIENTED_EDGE('',*,*,#819,.T.);
#403=ORIENTED_EDGE('',*,*,#754,.T.);
#404=ORIENTED_EDGE('',*,*,#820,.T.);
#405=ORIENTED_EDGE('',*,*,#821,.T.);
#406=ORIENTED_EDGE('',*,*,#822,.T.);
#407=ORIENTED_EDGE('',*,*,#750,.T.);
#408=ORIENTED_EDGE('',*,*,#823,.T.);
#409=ORIENTED_EDGE('',*,*,#824,.T.);
#410=ORIENTED_EDGE('',*,*,#825,.T.);
#411=ORIENTED_EDGE('',*,*,#746,.T.);
#412=ORIENTED_EDGE('',*,*,#826,.T.);
#413=ORIENTED_EDGE('',*,*,#827,.T.);
#414=ORIENTED_EDGE('',*,*,#828,.T.);
#415=ORIENTED_EDGE('',*,*,#740,.T.);
#416=ORIENTED_EDGE('',*,*,#829,.T.);
#417=ORIENTED_EDGE('',*,*,#830,.T.);
#418=ORIENTED_EDGE('',*,*,#831,.T.);
#419=ORIENTED_EDGE('',*,*,#768,.T.);
#420=ORIENTED_EDGE('',*,*,#832,.T.);
#421=ORIENTED_EDGE('',*,*,#833,.T.);
#422=ORIENTED_EDGE('',*,*,#834,.T.);
#423=ORIENTED_EDGE('',*,*,#772,.T.);
#424=ORIENTED_EDGE('',*,*,#835,.T.);
#425=ORIENTED_EDGE('',*,*,#836,.T.);
#426=ORIENTED_EDGE('',*,*,#837,.T.);
#427=ORIENTED_EDGE('',*,*,#776,.T.);
#428=ORIENTED_EDGE('',*,*,#838,.T.);
#429=ORIENTED_EDGE('',*,*,#839,.T.);
#430=ORIENTED_EDGE('',*,*,#840,.T.);
#431=ORIENTED_EDGE('',*,*,#780,.T.);
#432=ORIENTED_EDGE('',*,*,#841,.T.);
#433=ORIENTED_EDGE('',*,*,#842,.T.);
#434=ORIENTED_EDGE('',*,*,#843,.T.);
#435=ORIENTED_EDGE('',*,*,#784,.T.);
#436=ORIENTED_EDGE('',*,*,#844,.T.);
#437=ORIENTED_EDGE('',*,*,#845,.T.);
#438=ORIENTED_EDGE('',*,*,#846,.T.);
#439=ORIENTED_EDGE('',*,*,#788,.T.);
#440=ORIENTED_EDGE('',*,*,#847,.T.);
#441=ORIENTED_EDGE('',*,*,#848,.T.);
#442=ORIENTED_EDGE('',*,*,#849,.T.);
#443=ORIENTED_EDGE('',*,*,#792,.T.);
#444=ORIENTED_EDGE('',*,*,#850,.T.);
#445=ORIENTED_EDGE('',*,*,#851,.T.);
#446=ORIENTED_EDGE('',*,*,#852,.T.);
#447=ORIENTED_EDGE('',*,*,#796,.T.);
#448=ORIENTED_EDGE('',*,*,#853,.T.);
#449=ORIENTED_EDGE('',*,*,#854,.T.);
#450=ORIENTED_EDGE('',*,*,#855,.T.);
#451=ORIENTED_EDGE('',*,*,#800,.T.);
#452=ORIENTED_EDGE('',*,*,#856,.T.);
#453=ORIENTED_EDGE('',*,*,#857,.T.);
#454=ORIENTED_EDGE('',*,*,#858,.T.);
#455=ORIENTED_EDGE('',*,*,#804,.T.);
#456=ORIENTED_EDGE('',*,*,#859,.T.);
#457=ORIENTED_EDGE('',*,*,#860,.T.);
#458=ORIENTED_EDGE('',*,*,#861,.T.);
#459=ORIENTED_EDGE('',*,*,#862,.T.);
#460=ORIENTED_EDGE('',*,*,#863,.T.);
#461=ORIENTED_EDGE('',*,*,#864,.F.);
#462=ORIENTED_EDGE('',*,*,#764,.F.);
#463=ORIENTED_EDGE('',*,*,#865,.T.);
#464=ORIENTED_EDGE('',*,*,#866,.T.);
#465=ORIENTED_EDGE('',*,*,#867,.T.);
#466=ORIENTED_EDGE('',*,*,#806,.F.);
#467=ORIENTED_EDGE('',*,*,#868,.T.);
#468=ORIENTED_EDGE('',*,*,#869,.T.);
#469=ORIENTED_EDGE('',*,*,#870,.T.);
#470=ORIENTED_EDGE('',*,*,#802,.F.);
#471=ORIENTED_EDGE('',*,*,#871,.T.);
#472=ORIENTED_EDGE('',*,*,#872,.T.);
#473=ORIENTED_EDGE('',*,*,#873,.T.);
#474=ORIENTED_EDGE('',*,*,#798,.F.);
#475=ORIENTED_EDGE('',*,*,#874,.T.);
#476=ORIENTED_EDGE('',*,*,#875,.T.);
#477=ORIENTED_EDGE('',*,*,#876,.T.);
#478=ORIENTED_EDGE('',*,*,#794,.F.);
#479=ORIENTED_EDGE('',*,*,#877,.T.);
#480=ORIENTED_EDGE('',*,*,#878,.T.);
#481=ORIENTED_EDGE('',*,*,#879,.T.);
#482=ORIENTED_EDGE('',*,*,#790,.F.);
#483=ORIENTED_EDGE('',*,*,#880,.T.);
#484=ORIENTED_EDGE('',*,*,#881,.T.);
#485=ORIENTED_EDGE('',*,*,#882,.T.);
#486=ORIENTED_EDGE('',*,*,#786,.F.);
#487=ORIENTED_EDGE('',*,*,#883,.T.);
#488=ORIENTED_EDGE('',*,*,#884,.T.);
#489=ORIENTED_EDGE('',*,*,#885,.T.);
#490=ORIENTED_EDGE('',*,*,#782,.F.);
#491=ORIENTED_EDGE('',*,*,#886,.T.);
#492=ORIENTED_EDGE('',*,*,#887,.T.);
#493=ORIENTED_EDGE('',*,*,#888,.T.);
#494=ORIENTED_EDGE('',*,*,#778,.F.);
#495=ORIENTED_EDGE('',*,*,#889,.T.);
#496=ORIENTED_EDGE('',*,*,#890,.T.);
#497=ORIENTED_EDGE('',*,*,#891,.T.);
#498=ORIENTED_EDGE('',*,*,#774,.F.);
#499=ORIENTED_EDGE('',*,*,#892,.T.);
#500=ORIENTED_EDGE('',*,*,#893,.T.);
#501=ORIENTED_EDGE('',*,*,#894,.T.);
#502=ORIENTED_EDGE('',*,*,#770,.F.);
#503=ORIENTED_EDGE('',*,*,#895,.T.);
#504=ORIENTED_EDGE('',*,*,#896,.T.);
#505=ORIENTED_EDGE('',*,*,#897,.T.);
#506=ORIENTED_EDGE('',*,*,#742,.F.);
#507=ORIENTED_EDGE('',*,*,#898,.T.);
#508=ORIENTED_EDGE('',*,*,#899,.T.);
#509=ORIENTED_EDGE('',*,*,#900,.T.);
#510=ORIENTED_EDGE('',*,*,#744,.F.);
#511=ORIENTED_EDGE('',*,*,#901,.T.);
#512=ORIENTED_EDGE('',*,*,#902,.T.);
#513=ORIENTED_EDGE('',*,*,#903,.T.);
#514=ORIENTED_EDGE('',*,*,#748,.F.);
#515=ORIENTED_EDGE('',*,*,#904,.T.);
#516=ORIENTED_EDGE('',*,*,#905,.T.);
#517=ORIENTED_EDGE('',*,*,#906,.T.);
#518=ORIENTED_EDGE('',*,*,#752,.F.);
#519=ORIENTED_EDGE('',*,*,#907,.T.);
#520=ORIENTED_EDGE('',*,*,#908,.T.);
#521=ORIENTED_EDGE('',*,*,#909,.T.);
#522=ORIENTED_EDGE('',*,*,#756,.F.);
#523=ORIENTED_EDGE('',*,*,#910,.T.);
#524=ORIENTED_EDGE('',*,*,#911,.T.);
#525=ORIENTED_EDGE('',*,*,#912,.T.);
#526=ORIENTED_EDGE('',*,*,#760,.F.);
#527=ORIENTED_EDGE('',*,*,#913,.T.);
#528=ORIENTED_EDGE('',*,*,#914,.T.);
#529=ORIENTED_EDGE('',*,*,#915,.T.);
#530=ORIENTED_EDGE('',*,*,#866,.F.);
#531=ORIENTED_EDGE('',*,*,#916,.T.);
#532=ORIENTED_EDGE('',*,*,#860,.F.);
#533=ORIENTED_EDGE('',*,*,#917,.F.);
#534=ORIENTED_EDGE('',*,*,#867,.F.);
#535=ORIENTED_EDGE('',*,*,#917,.T.);
#536=ORIENTED_EDGE('',*,*,#859,.F.);
#537=ORIENTED_EDGE('',*,*,#807,.F.);
#538=ORIENTED_EDGE('',*,*,#865,.F.);
#539=ORIENTED_EDGE('',*,*,#767,.T.);
#540=ORIENTED_EDGE('',*,*,#861,.F.);
#541=ORIENTED_EDGE('',*,*,#916,.F.);
#542=ORIENTED_EDGE('',*,*,#869,.F.);
#543=ORIENTED_EDGE('',*,*,#918,.T.);
#544=ORIENTED_EDGE('',*,*,#857,.F.);
#545=ORIENTED_EDGE('',*,*,#919,.F.);
#546=ORIENTED_EDGE('',*,*,#870,.F.);
#547=ORIENTED_EDGE('',*,*,#919,.T.);
#548=ORIENTED_EDGE('',*,*,#856,.F.);
#549=ORIENTED_EDGE('',*,*,#803,.F.);
#550=ORIENTED_EDGE('',*,*,#868,.F.);
#551=ORIENTED_EDGE('',*,*,#805,.T.);
#552=ORIENTED_EDGE('',*,*,#858,.F.);
#553=ORIENTED_EDGE('',*,*,#918,.F.);
#554=ORIENTED_EDGE('',*,*,#872,.F.);
#555=ORIENTED_EDGE('',*,*,#920,.T.);
#556=ORIENTED_EDGE('',*,*,#854,.F.);
#557=ORIENTED_EDGE('',*,*,#921,.F.);
#558=ORIENTED_EDGE('',*,*,#873,.F.);
#559=ORIENTED_EDGE('',*,*,#921,.T.);
#560=ORIENTED_EDGE('',*,*,#853,.F.);
#561=ORIENTED_EDGE('',*,*,#799,.F.);
#562=ORIENTED_EDGE('',*,*,#871,.F.);
#563=ORIENTED_EDGE('',*,*,#801,.T.);
#564=ORIENTED_EDGE('',*,*,#855,.F.);
#565=ORIENTED_EDGE('',*,*,#920,.F.);
#566=ORIENTED_EDGE('',*,*,#875,.F.);
#567=ORIENTED_EDGE('',*,*,#922,.T.);
#568=ORIENTED_EDGE('',*,*,#851,.F.);
#569=ORIENTED_EDGE('',*,*,#923,.F.);
#570=ORIENTED_EDGE('',*,*,#876,.F.);
#571=ORIENTED_EDGE('',*,*,#923,.T.);
#572=ORIENTED_EDGE('',*,*,#850,.F.);
#573=ORIENTED_EDGE('',*,*,#795,.F.);
#574=ORIENTED_EDGE('',*,*,#874,.F.);
#575=ORIENTED_EDGE('',*,*,#797,.T.);
#576=ORIENTED_EDGE('',*,*,#852,.F.);
#577=ORIENTED_EDGE('',*,*,#922,.F.);
#578=ORIENTED_EDGE('',*,*,#878,.F.);
#579=ORIENTED_EDGE('',*,*,#924,.T.);
#580=ORIENTED_EDGE('',*,*,#848,.F.);
#581=ORIENTED_EDGE('',*,*,#925,.F.);
#582=ORIENTED_EDGE('',*,*,#879,.F.);
#583=ORIENTED_EDGE('',*,*,#925,.T.);
#584=ORIENTED_EDGE('',*,*,#847,.F.);
#585=ORIENTED_EDGE('',*,*,#791,.F.);
#586=ORIENTED_EDGE('',*,*,#877,.F.);
#587=ORIENTED_EDGE('',*,*,#793,.T.);
#588=ORIENTED_EDGE('',*,*,#849,.F.);
#589=ORIENTED_EDGE('',*,*,#924,.F.);
#590=ORIENTED_EDGE('',*,*,#881,.F.);
#591=ORIENTED_EDGE('',*,*,#926,.T.);
#592=ORIENTED_EDGE('',*,*,#845,.F.);
#593=ORIENTED_EDGE('',*,*,#927,.F.);
#594=ORIENTED_EDGE('',*,*,#882,.F.);
#595=ORIENTED_EDGE('',*,*,#927,.T.);
#596=ORIENTED_EDGE('',*,*,#844,.F.);
#597=ORIENTED_EDGE('',*,*,#787,.F.);
#598=ORIENTED_EDGE('',*,*,#880,.F.);
#599=ORIENTED_EDGE('',*,*,#789,.T.);
#600=ORIENTED_EDGE('',*,*,#846,.F.);
#601=ORIENTED_EDGE('',*,*,#926,.F.);
#602=ORIENTED_EDGE('',*,*,#884,.F.);
#603=ORIENTED_EDGE('',*,*,#928,.T.);
#604=ORIENTED_EDGE('',*,*,#842,.F.);
#605=ORIENTED_EDGE('',*,*,#929,.F.);
#606=ORIENTED_EDGE('',*,*,#885,.F.);
#607=ORIENTED_EDGE('',*,*,#929,.T.);
#608=ORIENTED_EDGE('',*,*,#841,.F.);
#609=ORIENTED_EDGE('',*,*,#783,.F.);
#610=ORIENTED_EDGE('',*,*,#883,.F.);
#611=ORIENTED_EDGE('',*,*,#785,.T.);
#612=ORIENTED_EDGE('',*,*,#843,.F.);
#613=ORIENTED_EDGE('',*,*,#928,.F.);
#614=ORIENTED_EDGE('',*,*,#887,.F.);
#615=ORIENTED_EDGE('',*,*,#930,.T.);
#616=ORIENTED_EDGE('',*,*,#839,.F.);
#617=ORIENTED_EDGE('',*,*,#931,.F.);
#618=ORIENTED_EDGE('',*,*,#888,.F.);
#619=ORIENTED_EDGE('',*,*,#931,.T.);
#620=ORIENTED_EDGE('',*,*,#838,.F.);
#621=ORIENTED_EDGE('',*,*,#779,.F.);
#622=ORIENTED_EDGE('',*,*,#886,.F.);
#623=ORIENTED_EDGE('',*,*,#781,.T.);
#624=ORIENTED_EDGE('',*,*,#840,.F.);
#625=ORIENTED_EDGE('',*,*,#930,.F.);
#626=ORIENTED_EDGE('',*,*,#890,.F.);
#627=ORIENTED_EDGE('',*,*,#932,.T.);
#628=ORIENTED_EDGE('',*,*,#836,.F.);
#629=ORIENTED_EDGE('',*,*,#933,.F.);
#630=ORIENTED_EDGE('',*,*,#891,.F.);
#631=ORIENTED_EDGE('',*,*,#933,.T.);
#632=ORIENTED_EDGE('',*,*,#835,.F.);
#633=ORIENTED_EDGE('',*,*,#775,.F.);
#634=ORIENTED_EDGE('',*,*,#889,.F.);
#635=ORIENTED_EDGE('',*,*,#777,.T.);
#636=ORIENTED_EDGE('',*,*,#837,.F.);
#637=ORIENTED_EDGE('',*,*,#932,.F.);
#638=ORIENTED_EDGE('',*,*,#893,.F.);
#639=ORIENTED_EDGE('',*,*,#934,.T.);
#640=ORIENTED_EDGE('',*,*,#833,.F.);
#641=ORIENTED_EDGE('',*,*,#935,.F.);
#642=ORIENTED_EDGE('',*,*,#894,.F.);
#643=ORIENTED_EDGE('',*,*,#935,.T.);
#644=ORIENTED_EDGE('',*,*,#832,.F.);
#645=ORIENTED_EDGE('',*,*,#771,.F.);
#646=ORIENTED_EDGE('',*,*,#892,.F.);
#647=ORIENTED_EDGE('',*,*,#773,.T.);
#648=ORIENTED_EDGE('',*,*,#834,.F.);
#649=ORIENTED_EDGE('',*,*,#934,.F.);
#650=ORIENTED_EDGE('',*,*,#896,.F.);
#651=ORIENTED_EDGE('',*,*,#936,.T.);
#652=ORIENTED_EDGE('',*,*,#830,.F.);
#653=ORIENTED_EDGE('',*,*,#937,.F.);
#654=ORIENTED_EDGE('',*,*,#897,.F.);
#655=ORIENTED_EDGE('',*,*,#937,.T.);
#656=ORIENTED_EDGE('',*,*,#829,.F.);
#657=ORIENTED_EDGE('',*,*,#743,.F.);
#658=ORIENTED_EDGE('',*,*,#895,.F.);
#659=ORIENTED_EDGE('',*,*,#769,.T.);
#660=ORIENTED_EDGE('',*,*,#831,.F.);
#661=ORIENTED_EDGE('',*,*,#936,.F.);
#662=ORIENTED_EDGE('',*,*,#913,.F.);
#663=ORIENTED_EDGE('',*,*,#763,.T.);
#664=ORIENTED_EDGE('',*,*,#813,.F.);
#665=ORIENTED_EDGE('',*,*,#938,.F.);
#666=ORIENTED_EDGE('',*,*,#914,.F.);
#667=ORIENTED_EDGE('',*,*,#938,.T.);
#668=ORIENTED_EDGE('',*,*,#812,.F.);
#669=ORIENTED_EDGE('',*,*,#939,.F.);
#670=ORIENTED_EDGE('',*,*,#915,.F.);
#671=ORIENTED_EDGE('',*,*,#939,.T.);
#672=ORIENTED_EDGE('',*,*,#811,.F.);
#673=ORIENTED_EDGE('',*,*,#765,.F.);
#674=ORIENTED_EDGE('',*,*,#910,.F.);
#675=ORIENTED_EDGE('',*,*,#759,.T.);
#676=ORIENTED_EDGE('',*,*,#816,.F.);
#677=ORIENTED_EDGE('',*,*,#940,.F.);
#678=ORIENTED_EDGE('',*,*,#911,.F.);
#679=ORIENTED_EDGE('',*,*,#940,.T.);
#680=ORIENTED_EDGE('',*,*,#815,.F.);
#681=ORIENTED_EDGE('',*,*,#941,.F.);
#682=ORIENTED_EDGE('',*,*,#912,.F.);
#683=ORIENTED_EDGE('',*,*,#941,.T.);
#684=ORIENTED_EDGE('',*,*,#814,.F.);
#685=ORIENTED_EDGE('',*,*,#761,.F.);
#686=ORIENTED_EDGE('',*,*,#907,.F.);
#687=ORIENTED_EDGE('',*,*,#755,.T.);
#688=ORIENTED_EDGE('',*,*,#819,.F.);
#689=ORIENTED_EDGE('',*,*,#942,.F.);
#690=ORIENTED_EDGE('',*,*,#908,.F.);
#691=ORIENTED_EDGE('',*,*,#942,.T.);
#692=ORIENTED_EDGE('',*,*,#818,.F.);
#693=ORIENTED_EDGE('',*,*,#943,.F.);
#694=ORIENTED_EDGE('',*,*,#909,.F.);
#695=ORIENTED_EDGE('',*,*,#943,.T.);
#696=ORIENTED_EDGE('',*,*,#817,.F.);
#697=ORIENTED_EDGE('',*,*,#757,.F.);
#698=ORIENTED_EDGE('',*,*,#904,.F.);
#699=ORIENTED_EDGE('',*,*,#751,.T.);
#700=ORIENTED_EDGE('',*,*,#822,.F.);
#701=ORIENTED_EDGE('',*,*,#944,.F.);
#702=ORIENTED_EDGE('',*,*,#905,.F.);
#703=ORIENTED_EDGE('',*,*,#944,.T.);
#704=ORIENTED_EDGE('',*,*,#821,.F.);
#705=ORIENTED_EDGE('',*,*,#945,.F.);
#706=ORIENTED_EDGE('',*,*,#906,.F.);
#707=ORIENTED_EDGE('',*,*,#945,.T.);
#708=ORIENTED_EDGE('',*,*,#820,.F.);
#709=ORIENTED_EDGE('',*,*,#753,.F.);
#710=ORIENTED_EDGE('',*,*,#901,.F.);
#711=ORIENTED_EDGE('',*,*,#747,.T.);
#712=ORIENTED_EDGE('',*,*,#825,.F.);
#713=ORIENTED_EDGE('',*,*,#946,.F.);
#714=ORIENTED_EDGE('',*,*,#902,.F.);
#715=ORIENTED_EDGE('',*,*,#946,.T.);
#716=ORIENTED_EDGE('',*,*,#824,.F.);
#717=ORIENTED_EDGE('',*,*,#947,.F.);
#718=ORIENTED_EDGE('',*,*,#903,.F.);
#719=ORIENTED_EDGE('',*,*,#947,.T.);
#720=ORIENTED_EDGE('',*,*,#823,.F.);
#721=ORIENTED_EDGE('',*,*,#749,.F.);
#722=ORIENTED_EDGE('',*,*,#898,.F.);
#723=ORIENTED_EDGE('',*,*,#741,.T.);
#724=ORIENTED_EDGE('',*,*,#828,.F.);
#725=ORIENTED_EDGE('',*,*,#948,.F.);
#726=ORIENTED_EDGE('',*,*,#899,.F.);
#727=ORIENTED_EDGE('',*,*,#948,.T.);
#728=ORIENTED_EDGE('',*,*,#827,.F.);
#729=ORIENTED_EDGE('',*,*,#949,.F.);
#730=ORIENTED_EDGE('',*,*,#900,.F.);
#731=ORIENTED_EDGE('',*,*,#949,.T.);
#732=ORIENTED_EDGE('',*,*,#826,.F.);
#733=ORIENTED_EDGE('',*,*,#745,.F.);
#734=ORIENTED_EDGE('',*,*,#810,.T.);
#735=ORIENTED_EDGE('',*,*,#864,.T.);
#736=ORIENTED_EDGE('',*,*,#863,.F.);
#737=ORIENTED_EDGE('',*,*,#809,.T.);
#738=ORIENTED_EDGE('',*,*,#862,.F.);
#739=ORIENTED_EDGE('',*,*,#808,.T.);
#740=EDGE_CURVE('',#950,#951,#1092,.T.);
#741=EDGE_CURVE('',#952,#950,#48,.T.);
#742=EDGE_CURVE('',#952,#953,#1093,.T.);
#743=EDGE_CURVE('',#953,#951,#49,.T.);
#744=EDGE_CURVE('',#954,#955,#1094,.T.);
#745=EDGE_CURVE('',#955,#956,#50,.T.);
#746=EDGE_CURVE('',#957,#956,#1095,.T.);
#747=EDGE_CURVE('',#954,#957,#51,.T.);
#748=EDGE_CURVE('',#958,#959,#1096,.T.);
#749=EDGE_CURVE('',#959,#960,#52,.T.);
#750=EDGE_CURVE('',#961,#960,#1097,.T.);
#751=EDGE_CURVE('',#958,#961,#53,.T.);
#752=EDGE_CURVE('',#962,#963,#1098,.T.);
#753=EDGE_CURVE('',#963,#964,#54,.T.);
#754=EDGE_CURVE('',#965,#964,#1099,.T.);
#755=EDGE_CURVE('',#962,#965,#55,.T.);
#756=EDGE_CURVE('',#966,#967,#1100,.T.);
#757=EDGE_CURVE('',#967,#968,#56,.T.);
#758=EDGE_CURVE('',#969,#968,#1101,.T.);
#759=EDGE_CURVE('',#966,#969,#57,.T.);
#760=EDGE_CURVE('',#970,#971,#1102,.T.);
#761=EDGE_CURVE('',#971,#972,#58,.T.);
#762=EDGE_CURVE('',#973,#972,#1103,.T.);
#763=EDGE_CURVE('',#970,#973,#59,.T.);
#764=EDGE_CURVE('',#974,#975,#1104,.T.);
#765=EDGE_CURVE('',#975,#976,#60,.T.);
#766=EDGE_CURVE('',#977,#976,#1105,.T.);
#767=EDGE_CURVE('',#974,#977,#61,.T.);
#768=EDGE_CURVE('',#978,#979,#1106,.T.);
#769=EDGE_CURVE('',#980,#978,#62,.T.);
#770=EDGE_CURVE('',#980,#981,#1107,.T.);
#771=EDGE_CURVE('',#981,#979,#63,.T.);
#772=EDGE_CURVE('',#982,#983,#1108,.T.);
#773=EDGE_CURVE('',#984,#982,#64,.T.);
#774=EDGE_CURVE('',#984,#985,#1109,.T.);
#775=EDGE_CURVE('',#985,#983,#65,.T.);
#776=EDGE_CURVE('',#986,#987,#1110,.T.);
#777=EDGE_CURVE('',#988,#986,#66,.T.);
#778=EDGE_CURVE('',#988,#989,#1111,.T.);
#779=EDGE_CURVE('',#989,#987,#67,.T.);
#780=EDGE_CURVE('',#990,#991,#1112,.T.);
#781=EDGE_CURVE('',#992,#990,#68,.T.);
#782=EDGE_CURVE('',#992,#993,#1113,.T.);
#783=EDGE_CURVE('',#993,#991,#69,.T.);
#784=EDGE_CURVE('',#994,#995,#1114,.T.);
#785=EDGE_CURVE('',#996,#994,#70,.T.);
#786=EDGE_CURVE('',#996,#997,#1115,.T.);
#787=EDGE_CURVE('',#997,#995,#71,.T.);
#788=EDGE_CURVE('',#998,#999,#1116,.T.);
#789=EDGE_CURVE('',#1000,#998,#72,.T.);
#790=EDGE_CURVE('',#1000,#1001,#1117,.T.);
#791=EDGE_CURVE('',#1001,#999,#73,.T.);
#792=EDGE_CURVE('',#1002,#1003,#1118,.T.);
#793=EDGE_CURVE('',#1004,#1002,#74,.T.);
#794=EDGE_CURVE('',#1004,#1005,#1119,.T.);
#795=EDGE_CURVE('',#1005,#1003,#75,.T.);
#796=EDGE_CURVE('',#1006,#1007,#1120,.T.);
#797=EDGE_CURVE('',#1008,#1006,#76,.T.);
#798=EDGE_CURVE('',#1008,#1009,#1121,.T.);
#799=EDGE_CURVE('',#1009,#1007,#77,.T.);
#800=EDGE_CURVE('',#1010,#1011,#1122,.T.);
#801=EDGE_CURVE('',#1012,#1010,#78,.T.);
#802=EDGE_CURVE('',#1012,#1013,#1123,.T.);
#803=EDGE_CURVE('',#1013,#1011,#79,.T.);
#804=EDGE_CURVE('',#1014,#1015,#1124,.T.);
#805=EDGE_CURVE('',#1016,#1014,#80,.T.);
#806=EDGE_CURVE('',#1016,#1017,#1125,.T.);
#807=EDGE_CURVE('',#1017,#1015,#81,.T.);
#808=EDGE_CURVE('',#1018,#1018,#1126,.T.);
#809=EDGE_CURVE('',#1019,#1019,#1127,.T.);
#810=EDGE_CURVE('',#1020,#1020,#1128,.T.);
#811=EDGE_CURVE('',#976,#1021,#82,.T.);
#812=EDGE_CURVE('',#1021,#1022,#1129,.T.);
#813=EDGE_CURVE('',#1022,#973,#83,.T.);
#814=EDGE_CURVE('',#972,#1023,#84,.T.);
#815=EDGE_CURVE('',#1023,#1024,#1130,.T.);
#816=EDGE_CURVE('',#1024,#969,#85,.T.);
#817=EDGE_CURVE('',#968,#1025,#86,.T.);
#818=EDGE_CURVE('',#1025,#1026,#1131,.T.);
#819=EDGE_CURVE('',#1026,#965,#87,.T.);
#820=EDGE_CURVE('',#964,#1027,#88,.T.);
#821=EDGE_CURVE('',#1027,#1028,#1132,.T.);
#822=EDGE_CURVE('',#1028,#961,#89,.T.);
#823=EDGE_CURVE('',#960,#1029,#90,.T.);
#824=EDGE_CURVE('',#1029,#1030,#1133,.T.);
#825=EDGE_CURVE('',#1030,#957,#91,.T.);
#826=EDGE_CURVE('',#956,#1031,#92,.T.);
#827=EDGE_CURVE('',#1031,#1032,#1134,.T.);
#828=EDGE_CURVE('',#1032,#950,#93,.T.);
#829=EDGE_CURVE('',#951,#1033,#94,.T.);
#830=EDGE_CURVE('',#1033,#1034,#1135,.T.);
#831=EDGE_CURVE('',#1034,#978,#95,.T.);
#832=EDGE_CURVE('',#979,#1035,#96,.T.);
#833=EDGE_CURVE('',#1035,#1036,#1136,.T.);
#834=EDGE_CURVE('',#1036,#982,#97,.T.);
#835=EDGE_CURVE('',#983,#1037,#98,.T.);
#836=EDGE_CURVE('',#1037,#1038,#1137,.T.);
#837=EDGE_CURVE('',#1038,#986,#99,.T.);
#838=EDGE_CURVE('',#987,#1039,#100,.T.);
#839=EDGE_CURVE('',#1039,#1040,#1138,.T.);
#840=EDGE_CURVE('',#1040,#990,#101,.T.);
#841=EDGE_CURVE('',#991,#1041,#102,.T.);
#842=EDGE_CURVE('',#1041,#1042,#1139,.T.);
#843=EDGE_CURVE('',#1042,#994,#103,.T.);
#844=EDGE_CURVE('',#995,#1043,#104,.T.);
#845=EDGE_CURVE('',#1043,#1044,#1140,.T.);
#846=EDGE_CURVE('',#1044,#998,#105,.T.);
#847=EDGE_CURVE('',#999,#1045,#106,.T.);
#848=EDGE_CURVE('',#1045,#1046,#1141,.T.);
#849=EDGE_CURVE('',#1046,#1002,#107,.T.);
#850=EDGE_CURVE('',#1003,#1047,#108,.T.);
#851=EDGE_CURVE('',#1047,#1048,#1142,.T.);
#852=EDGE_CURVE('',#1048,#1006,#109,.T.);
#853=EDGE_CURVE('',#1007,#1049,#110,.T.);
#854=EDGE_CURVE('',#1049,#1050,#1143,.T.);
#855=EDGE_CURVE('',#1050,#1010,#111,.T.);
#856=EDGE_CURVE('',#1011,#1051,#112,.T.);
#857=EDGE_CURVE('',#1051,#1052,#1144,.T.);
#858=EDGE_CURVE('',#1052,#1014,#113,.T.);
#859=EDGE_CURVE('',#1015,#1053,#114,.T.);
#860=EDGE_CURVE('',#1053,#1054,#1145,.T.);
#861=EDGE_CURVE('',#1054,#977,#115,.T.);
#862=EDGE_CURVE('',#1055,#1055,#1146,.T.);
#863=EDGE_CURVE('',#1056,#1056,#1147,.T.);
#864=EDGE_CURVE('',#1057,#1057,#1148,.F.);
#865=EDGE_CURVE('',#974,#1058,#116,.T.);
#866=EDGE_CURVE('',#1058,#1059,#1149,.F.);
#867=EDGE_CURVE('',#1059,#1017,#117,.T.);
#868=EDGE_CURVE('',#1016,#1060,#118,.T.);
#869=EDGE_CURVE('',#1060,#1061,#1150,.F.);
#870=EDGE_CURVE('',#1061,#1013,#119,.T.);
#871=EDGE_CURVE('',#1012,#1062,#120,.T.);
#872=EDGE_CURVE('',#1062,#1063,#1151,.F.);
#873=EDGE_CURVE('',#1063,#1009,#121,.T.);
#874=EDGE_CURVE('',#1008,#1064,#122,.T.);
#875=EDGE_CURVE('',#1064,#1065,#1152,.F.);
#876=EDGE_CURVE('',#1065,#1005,#123,.T.);
#877=EDGE_CURVE('',#1004,#1066,#124,.T.);
#878=EDGE_CURVE('',#1066,#1067,#1153,.F.);
#879=EDGE_CURVE('',#1067,#1001,#125,.T.);
#880=EDGE_CURVE('',#1000,#1068,#126,.T.);
#881=EDGE_CURVE('',#1068,#1069,#1154,.F.);
#882=EDGE_CURVE('',#1069,#997,#127,.T.);
#883=EDGE_CURVE('',#996,#1070,#128,.T.);
#884=EDGE_CURVE('',#1070,#1071,#1155,.F.);
#885=EDGE_CURVE('',#1071,#993,#129,.T.);
#886=EDGE_CURVE('',#992,#1072,#130,.T.);
#887=EDGE_CURVE('',#1072,#1073,#1156,.F.);
#888=EDGE_CURVE('',#1073,#989,#131,.T.);
#889=EDGE_CURVE('',#988,#1074,#132,.T.);
#890=EDGE_CURVE('',#1074,#1075,#1157,.F.);
#891=EDGE_CURVE('',#1075,#985,#133,.T.);
#892=EDGE_CURVE('',#984,#1076,#134,.T.);
#893=EDGE_CURVE('',#1076,#1077,#1158,.F.);
#894=EDGE_CURVE('',#1077,#981,#135,.T.);
#895=EDGE_CURVE('',#980,#1078,#136,.T.);
#896=EDGE_CURVE('',#1078,#1079,#1159,.F.);
#897=EDGE_CURVE('',#1079,#953,#137,.T.);
#898=EDGE_CURVE('',#952,#1080,#138,.T.);
#899=EDGE_CURVE('',#1080,#1081,#1160,.F.);
#900=EDGE_CURVE('',#1081,#955,#139,.T.);
#901=EDGE_CURVE('',#954,#1082,#140,.T.);
#902=EDGE_CURVE('',#1082,#1083,#1161,.F.);
#903=EDGE_CURVE('',#1083,#959,#141,.T.);
#904=EDGE_CURVE('',#958,#1084,#142,.T.);
#905=EDGE_CURVE('',#1084,#1085,#1162,.F.);
#906=EDGE_CURVE('',#1085,#963,#143,.T.);
#907=EDGE_CURVE('',#962,#1086,#144,.T.);
#908=EDGE_CURVE('',#1086,#1087,#1163,.F.);
#909=EDGE_CURVE('',#1087,#967,#145,.T.);
#910=EDGE_CURVE('',#966,#1088,#146,.T.);
#911=EDGE_CURVE('',#1088,#1089,#1164,.F.);
#912=EDGE_CURVE('',#1089,#971,#147,.T.);
#913=EDGE_CURVE('',#970,#1090,#148,.T.);
#914=EDGE_CURVE('',#1090,#1091,#1165,.F.);
#915=EDGE_CURVE('',#1091,#975,#149,.T.);
#916=EDGE_CURVE('',#1058,#1054,#150,.T.);
#917=EDGE_CURVE('',#1059,#1053,#151,.T.);
#918=EDGE_CURVE('',#1060,#1052,#152,.T.);
#919=EDGE_CURVE('',#1061,#1051,#153,.T.);
#920=EDGE_CURVE('',#1062,#1050,#154,.T.);
#921=EDGE_CURVE('',#1063,#1049,#155,.T.);
#922=EDGE_CURVE('',#1064,#1048,#156,.T.);
#923=EDGE_CURVE('',#1065,#1047,#157,.T.);
#924=EDGE_CURVE('',#1066,#1046,#158,.T.);
#925=EDGE_CURVE('',#1067,#1045,#159,.T.);
#926=EDGE_CURVE('',#1068,#1044,#160,.T.);
#927=EDGE_CURVE('',#1069,#1043,#161,.T.);
#928=EDGE_CURVE('',#1070,#1042,#162,.T.);
#929=EDGE_CURVE('',#1071,#1041,#163,.T.);
#930=EDGE_CURVE('',#1072,#1040,#164,.T.);
#931=EDGE_CURVE('',#1073,#1039,#165,.T.);
#932=EDGE_CURVE('',#1074,#1038,#166,.T.);
#933=EDGE_CURVE('',#1075,#1037,#167,.T.);
#934=EDGE_CURVE('',#1076,#1036,#168,.T.);
#935=EDGE_CURVE('',#1077,#1035,#169,.T.);
#936=EDGE_CURVE('',#1078,#1034,#170,.T.);
#937=EDGE_CURVE('',#1079,#1033,#171,.T.);
#938=EDGE_CURVE('',#1090,#1022,#172,.T.);
#939=EDGE_CURVE('',#1091,#1021,#173,.T.);
#940=EDGE_CURVE('',#1088,#1024,#174,.T.);
#941=EDGE_CURVE('',#1089,#1023,#175,.T.);
#942=EDGE_CURVE('',#1086,#1026,#176,.T.);
#943=EDGE_CURVE('',#1087,#1025,#177,.T.);
#944=EDGE_CURVE('',#1084,#1028,#178,.T.);
#945=EDGE_CURVE('',#1085,#1027,#179,.T.);
#946=EDGE_CURVE('',#1082,#1030,#180,.T.);
#947=EDGE_CURVE('',#1083,#1029,#181,.T.);
#948=EDGE_CURVE('',#1080,#1032,#182,.T.);
#949=EDGE_CURVE('',#1081,#1031,#183,.T.);
#950=VERTEX_POINT('',#2027);
#951=VERTEX_POINT('',#2028);
#952=VERTEX_POINT('',#2030);
#953=VERTEX_POINT('',#2032);
#954=VERTEX_POINT('',#2036);
#955=VERTEX_POINT('',#2037);
#956=VERTEX_POINT('',#2039);
#957=VERTEX_POINT('',#2041);
#958=VERTEX_POINT('',#2045);
#959=VERTEX_POINT('',#2046);
#960=VERTEX_POINT('',#2048);
#961=VERTEX_POINT('',#2050);
#962=VERTEX_POINT('',#2054);
#963=VERTEX_POINT('',#2055);
#964=VERTEX_POINT('',#2057);
#965=VERTEX_POINT('',#2059);
#966=VERTEX_POINT('',#2063);
#967=VERTEX_POINT('',#2064);
#968=VERTEX_POINT('',#2066);
#969=VERTEX_POINT('',#2068);
#970=VERTEX_POINT('',#2072);
#971=VERTEX_POINT('',#2073);
#972=VERTEX_POINT('',#2075);
#973=VERTEX_POINT('',#2077);
#974=VERTEX_POINT('',#2081);
#975=VERTEX_POINT('',#2082);
#976=VERTEX_POINT('',#2084);
#977=VERTEX_POINT('',#2086);
#978=VERTEX_POINT('',#2090);
#979=VERTEX_POINT('',#2091);
#980=VERTEX_POINT('',#2093);
#981=VERTEX_POINT('',#2095);
#982=VERTEX_POINT('',#2099);
#983=VERTEX_POINT('',#2100);
#984=VERTEX_POINT('',#2102);
#985=VERTEX_POINT('',#2104);
#986=VERTEX_POINT('',#2108);
#987=VERTEX_POINT('',#2109);
#988=VERTEX_POINT('',#2111);
#989=VERTEX_POINT('',#2113);
#990=VERTEX_POINT('',#2117);
#991=VERTEX_POINT('',#2118);
#992=VERTEX_POINT('',#2120);
#993=VERTEX_POINT('',#2122);
#994=VERTEX_POINT('',#2126);
#995=VERTEX_POINT('',#2127);
#996=VERTEX_POINT('',#2129);
#997=VERTEX_POINT('',#2131);
#998=VERTEX_POINT('',#2135);
#999=VERTEX_POINT('',#2136);
#1000=VERTEX_POINT('',#2138);
#1001=VERTEX_POINT('',#2140);
#1002=VERTEX_POINT('',#2144);
#1003=VERTEX_POINT('',#2145);
#1004=VERTEX_POINT('',#2147);
#1005=VERTEX_POINT('',#2149);
#1006=VERTEX_POINT('',#2153);
#1007=VERTEX_POINT('',#2154);
#1008=VERTEX_POINT('',#2156);
#1009=VERTEX_POINT('',#2158);
#1010=VERTEX_POINT('',#2162);
#1011=VERTEX_POINT('',#2163);
#1012=VERTEX_POINT('',#2165);
#1013=VERTEX_POINT('',#2167);
#1014=VERTEX_POINT('',#2171);
#1015=VERTEX_POINT('',#2172);
#1016=VERTEX_POINT('',#2174);
#1017=VERTEX_POINT('',#2176);
#1018=VERTEX_POINT('',#2180);
#1019=VERTEX_POINT('',#2182);
#1020=VERTEX_POINT('',#2184);
#1021=VERTEX_POINT('',#2186);
#1022=VERTEX_POINT('',#2188);
#1023=VERTEX_POINT('',#2191);
#1024=VERTEX_POINT('',#2193);
#1025=VERTEX_POINT('',#2196);
#1026=VERTEX_POINT('',#2198);
#1027=VERTEX_POINT('',#2201);
#1028=VERTEX_POINT('',#2203);
#1029=VERTEX_POINT('',#2206);
#1030=VERTEX_POINT('',#2208);
#1031=VERTEX_POINT('',#2211);
#1032=VERTEX_POINT('',#2213);
#1033=VERTEX_POINT('',#2216);
#1034=VERTEX_POINT('',#2218);
#1035=VERTEX_POINT('',#2221);
#1036=VERTEX_POINT('',#2223);
#1037=VERTEX_POINT('',#2226);
#1038=VERTEX_POINT('',#2228);
#1039=VERTEX_POINT('',#2231);
#1040=VERTEX_POINT('',#2233);
#1041=VERTEX_POINT('',#2236);
#1042=VERTEX_POINT('',#2238);
#1043=VERTEX_POINT('',#2241);
#1044=VERTEX_POINT('',#2243);
#1045=VERTEX_POINT('',#2246);
#1046=VERTEX_POINT('',#2248);
#1047=VERTEX_POINT('',#2251);
#1048=VERTEX_POINT('',#2253);
#1049=VERTEX_POINT('',#2256);
#1050=VERTEX_POINT('',#2258);
#1051=VERTEX_POINT('',#2261);
#1052=VERTEX_POINT('',#2263);
#1053=VERTEX_POINT('',#2266);
#1054=VERTEX_POINT('',#2268);
#1055=VERTEX_POINT('',#2272);
#1056=VERTEX_POINT('',#2274);
#1057=VERTEX_POINT('',#2276);
#1058=VERTEX_POINT('',#2278);
#1059=VERTEX_POINT('',#2280);
#1060=VERTEX_POINT('',#2283);
#1061=VERTEX_POINT('',#2285);
#1062=VERTEX_POINT('',#2288);
#1063=VERTEX_POINT('',#2290);
#1064=VERTEX_POINT('',#2293);
#1065=VERTEX_POINT('',#2295);
#1066=VERTEX_POINT('',#2298);
#1067=VERTEX_POINT('',#2300);
#1068=VERTEX_POINT('',#2303);
#1069=VERTEX_POINT('',#2305);
#1070=VERTEX_POINT('',#2308);
#1071=VERTEX_POINT('',#2310);
#1072=VERTEX_POINT('',#2313);
#1073=VERTEX_POINT('',#2315);
#1074=VERTEX_POINT('',#2318);
#1075=VERTEX_POINT('',#2320);
#1076=VERTEX_POINT('',#2323);
#1077=VERTEX_POINT('',#2325);
#1078=VERTEX_POINT('',#2328);
#1079=VERTEX_POINT('',#2330);
#1080=VERTEX_POINT('',#2333);
#1081=VERTEX_POINT('',#2335);
#1082=VERTEX_POINT('',#2338);
#1083=VERTEX_POINT('',#2340);
#1084=VERTEX_POINT('',#2343);
#1085=VERTEX_POINT('',#2345);
#1086=VERTEX_POINT('',#2348);
#1087=VERTEX_POINT('',#2350);
#1088=VERTEX_POINT('',#2353);
#1089=VERTEX_POINT('',#2355);
#1090=VERTEX_POINT('',#2358);
#1091=VERTEX_POINT('',#2360);
#1092=CIRCLE('',#1446,0.008);
#1093=CIRCLE('',#1447,0.008);
#1094=CIRCLE('',#1449,0.008);
#1095=CIRCLE('',#1450,0.008);
#1096=CIRCLE('',#1452,0.008);
#1097=CIRCLE('',#1453,0.008);
#1098=CIRCLE('',#1455,0.008);
#1099=CIRCLE('',#1456,0.008);
#1100=CIRCLE('',#1458,0.008);
#1101=CIRCLE('',#1459,0.008);
#1102=CIRCLE('',#1461,0.008);
#1103=CIRCLE('',#1462,0.008);
#1104=CIRCLE('',#1464,0.008);
#1105=CIRCLE('',#1465,0.008);
#1106=CIRCLE('',#1467,0.008);
#1107=CIRCLE('',#1468,0.008);
#1108=CIRCLE('',#1470,0.008);
#1109=CIRCLE('',#1471,0.008);
#1110=CIRCLE('',#1473,0.008);
#1111=CIRCLE('',#1474,0.008);
#1112=CIRCLE('',#1476,0.008);
#1113=CIRCLE('',#1477,0.008);
#1114=CIRCLE('',#1479,0.008);
#1115=CIRCLE('',#1480,0.008);
#1116=CIRCLE('',#1482,0.008);
#1117=CIRCLE('',#1483,0.008);
#1118=CIRCLE('',#1485,0.008);
#1119=CIRCLE('',#1486,0.008);
#1120=CIRCLE('',#1488,0.008);
#1121=CIRCLE('',#1489,0.008);
#1122=CIRCLE('',#1491,0.008);
#1123=CIRCLE('',#1492,0.008);
#1124=CIRCLE('',#1494,0.008);
#1125=CIRCLE('',#1495,0.008);
#1126=CIRCLE('',#1497,0.00045);
#1127=CIRCLE('',#1498,0.00045);
#1128=CIRCLE('',#1499,0.006);
#1129=CIRCLE('',#1500,0.00075);
#1130=CIRCLE('',#1501,0.00075);
#1131=CIRCLE('',#1502,0.00075);
#1132=CIRCLE('',#1503,0.00075);
#1133=CIRCLE('',#1504,0.00075);
#1134=CIRCLE('',#1505,0.00075);
#1135=CIRCLE('',#1506,0.00075);
#1136=CIRCLE('',#1507,0.00075);
#1137=CIRCLE('',#1508,0.00075);
#1138=CIRCLE('',#1509,0.00075);
#1139=CIRCLE('',#1510,0.00075);
#1140=CIRCLE('',#1511,0.00075);
#1141=CIRCLE('',#1512,0.00075);
#1142=CIRCLE('',#1513,0.00075);
#1143=CIRCLE('',#1514,0.00075);
#1144=CIRCLE('',#1515,0.00075);
#1145=CIRCLE('',#1516,0.00075);
#1146=CIRCLE('',#1518,0.00045);
#1147=CIRCLE('',#1519,0.00045);
#1148=CIRCLE('',#1520,0.006);
#1149=CIRCLE('',#1521,0.00075);
#1150=CIRCLE('',#1522,0.00075);
#1151=CIRCLE('',#1523,0.00075);
#1152=CIRCLE('',#1524,0.00075);
#1153=CIRCLE('',#1525,0.00075);
#1154=CIRCLE('',#1526,0.00075);
#1155=CIRCLE('',#1527,0.00075);
#1156=CIRCLE('',#1528,0.00075);
#1157=CIRCLE('',#1529,0.00075);
#1158=CIRCLE('',#1530,0.00075);
#1159=CIRCLE('',#1531,0.00075);
#1160=CIRCLE('',#1532,0.00075);
#1161=CIRCLE('',#1533,0.00075);
#1162=CIRCLE('',#1534,0.00075);
#1163=CIRCLE('',#1535,0.00075);
#1164=CIRCLE('',#1536,0.00075);
#1165=CIRCLE('',#1537,0.00075);
#1166=EDGE_LOOP('',(#320,#321,#322,#323));
#1167=EDGE_LOOP('',(#324,#325,#326,#327));
#1168=EDGE_LOOP('',(#328,#329,#330,#331));
#1169=EDGE_LOOP('',(#332,#333,#334,#335));
#1170=EDGE_LOOP('',(#336,#337,#338,#339));
#1171=EDGE_LOOP('',(#340,#341,#342,#343));
#1172=EDGE_LOOP('',(#344,#345,#346,#347));
#1173=EDGE_LOOP('',(#348,#349,#350,#351));
#1174=EDGE_LOOP('',(#352,#353,#354,#355));
#1175=EDGE_LOOP('',(#356,#357,#358,#359));
#1176=EDGE_LOOP('',(#360,#361,#362,#363));
#1177=EDGE_LOOP('',(#364,#365,#366,#367));
#1178=EDGE_LOOP('',(#368,#369,#370,#371));
#1179=EDGE_LOOP('',(#372,#373,#374,#375));
#1180=EDGE_LOOP('',(#376,#377,#378,#379));
#1181=EDGE_LOOP('',(#380,#381,#382,#383));
#1182=EDGE_LOOP('',(#384,#385,#386,#387));
#1183=EDGE_LOOP('',(#388));
#1184=EDGE_LOOP('',(#389));
#1185=EDGE_LOOP('',(#390));
#1186=EDGE_LOOP('',(#391,#392,#393,#394,#395,#396,#397,#398,#399,#400,#401,
#402,#403,#404,#405,#406,#407,#408,#409,#410,#411,#412,#413,#414,#415,#416,
#417,#418,#419,#420,#421,#422,#423,#424,#425,#426,#427,#428,#429,#430,#431,
#432,#433,#434,#435,#436,#437,#438,#439,#440,#441,#442,#443,#444,#445,#446,
#447,#448,#449,#450,#451,#452,#453,#454,#455,#456,#457,#458));
#1187=EDGE_LOOP('',(#459));
#1188=EDGE_LOOP('',(#460));
#1189=EDGE_LOOP('',(#461));
#1190=EDGE_LOOP('',(#462,#463,#464,#465,#466,#467,#468,#469,#470,#471,#472,
#473,#474,#475,#476,#477,#478,#479,#480,#481,#482,#483,#484,#485,#486,#487,
#488,#489,#490,#491,#492,#493,#494,#495,#496,#497,#498,#499,#500,#501,#502,
#503,#504,#505,#506,#507,#508,#509,#510,#511,#512,#513,#514,#515,#516,#517,
#518,#519,#520,#521,#522,#523,#524,#525,#526,#527,#528,#529));
#1191=EDGE_LOOP('',(#530,#531,#532,#533));
#1192=EDGE_LOOP('',(#534,#535,#536,#537));
#1193=EDGE_LOOP('',(#538,#539,#540,#541));
#1194=EDGE_LOOP('',(#542,#543,#544,#545));
#1195=EDGE_LOOP('',(#546,#547,#548,#549));
#1196=EDGE_LOOP('',(#550,#551,#552,#553));
#1197=EDGE_LOOP('',(#554,#555,#556,#557));
#1198=EDGE_LOOP('',(#558,#559,#560,#561));
#1199=EDGE_LOOP('',(#562,#563,#564,#565));
#1200=EDGE_LOOP('',(#566,#567,#568,#569));
#1201=EDGE_LOOP('',(#570,#571,#572,#573));
#1202=EDGE_LOOP('',(#574,#575,#576,#577));
#1203=EDGE_LOOP('',(#578,#579,#580,#581));
#1204=EDGE_LOOP('',(#582,#583,#584,#585));
#1205=EDGE_LOOP('',(#586,#587,#588,#589));
#1206=EDGE_LOOP('',(#590,#591,#592,#593));
#1207=EDGE_LOOP('',(#594,#595,#596,#597));
#1208=EDGE_LOOP('',(#598,#599,#600,#601));
#1209=EDGE_LOOP('',(#602,#603,#604,#605));
#1210=EDGE_LOOP('',(#606,#607,#608,#609));
#1211=EDGE_LOOP('',(#610,#611,#612,#613));
#1212=EDGE_LOOP('',(#614,#615,#616,#617));
#1213=EDGE_LOOP('',(#618,#619,#620,#621));
#1214=EDGE_LOOP('',(#622,#623,#624,#625));
#1215=EDGE_LOOP('',(#626,#627,#628,#629));
#1216=EDGE_LOOP('',(#630,#631,#632,#633));
#1217=EDGE_LOOP('',(#634,#635,#636,#637));
#1218=EDGE_LOOP('',(#638,#639,#640,#641));
#1219=EDGE_LOOP('',(#642,#643,#644,#645));
#1220=EDGE_LOOP('',(#646,#647,#648,#649));
#1221=EDGE_LOOP('',(#650,#651,#652,#653));
#1222=EDGE_LOOP('',(#654,#655,#656,#657));
#1223=EDGE_LOOP('',(#658,#659,#660,#661));
#1224=EDGE_LOOP('',(#662,#663,#664,#665));
#1225=EDGE_LOOP('',(#666,#667,#668,#669));
#1226=EDGE_LOOP('',(#670,#671,#672,#673));
#1227=EDGE_LOOP('',(#674,#675,#676,#677));
#1228=EDGE_LOOP('',(#678,#679,#680,#681));
#1229=EDGE_LOOP('',(#682,#683,#684,#685));
#1230=EDGE_LOOP('',(#686,#687,#688,#689));
#1231=EDGE_LOOP('',(#690,#691,#692,#693));
#1232=EDGE_LOOP('',(#694,#695,#696,#697));
#1233=EDGE_LOOP('',(#698,#699,#700,#701));
#1234=EDGE_LOOP('',(#702,#703,#704,#705));
#1235=EDGE_LOOP('',(#706,#707,#708,#709));
#1236=EDGE_LOOP('',(#710,#711,#712,#713));
#1237=EDGE_LOOP('',(#714,#715,#716,#717));
#1238=EDGE_LOOP('',(#718,#719,#720,#721));
#1239=EDGE_LOOP('',(#722,#723,#724,#725));
#1240=EDGE_LOOP('',(#726,#727,#728,#729));
#1241=EDGE_LOOP('',(#730,#731,#732,#733));
#1242=EDGE_LOOP('',(#734));
#1243=EDGE_LOOP('',(#735));
#1244=EDGE_LOOP('',(#736));
#1245=EDGE_LOOP('',(#737));
#1246=EDGE_LOOP('',(#738));
#1247=EDGE_LOOP('',(#739));
#1248=FACE_BOUND('',#1166,.T.);
#1249=FACE_BOUND('',#1167,.T.);
#1250=FACE_BOUND('',#1168,.T.);
#1251=FACE_BOUND('',#1169,.T.);
#1252=FACE_BOUND('',#1170,.T.);
#1253=FACE_BOUND('',#1171,.T.);
#1254=FACE_BOUND('',#1172,.T.);
#1255=FACE_BOUND('',#1173,.T.);
#1256=FACE_BOUND('',#1174,.T.);
#1257=FACE_BOUND('',#1175,.T.);
#1258=FACE_BOUND('',#1176,.T.);
#1259=FACE_BOUND('',#1177,.T.);
#1260=FACE_BOUND('',#1178,.T.);
#1261=FACE_BOUND('',#1179,.T.);
#1262=FACE_BOUND('',#1180,.T.);
#1263=FACE_BOUND('',#1181,.T.);
#1264=FACE_BOUND('',#1182,.T.);
#1265=FACE_BOUND('',#1183,.T.);
#1266=FACE_BOUND('',#1184,.T.);
#1267=FACE_BOUND('',#1185,.T.);
#1268=FACE_BOUND('',#1186,.T.);
#1269=FACE_BOUND('',#1187,.T.);
#1270=FACE_BOUND('',#1188,.T.);
#1271=FACE_BOUND('',#1189,.T.);
#1272=FACE_BOUND('',#1190,.T.);
#1273=FACE_BOUND('',#1191,.T.);
#1274=FACE_BOUND('',#1192,.T.);
#1275=FACE_BOUND('',#1193,.T.);
#1276=FACE_BOUND('',#1194,.T.);
#1277=FACE_BOUND('',#1195,.T.);
#1278=FACE_BOUND('',#1196,.T.);
#1279=FACE_BOUND('',#1197,.T.);
#1280=FACE_BOUND('',#1198,.T.);
#1281=FACE_BOUND('',#1199,.T.);
#1282=FACE_BOUND('',#1200,.T.);
#1283=FACE_BOUND('',#1201,.T.);
#1284=FACE_BOUND('',#1202,.T.);
#1285=FACE_BOUND('',#1203,.T.);
#1286=FACE_BOUND('',#1204,.T.);
#1287=FACE_BOUND('',#1205,.T.);
#1288=FACE_BOUND('',#1206,.T.);
#1289=FACE_BOUND('',#1207,.T.);
#1290=FACE_BOUND('',#1208,.T.);
#1291=FACE_BOUND('',#1209,.T.);
#1292=FACE_BOUND('',#1210,.T.);
#1293=FACE_BOUND('',#1211,.T.);
#1294=FACE_BOUND('',#1212,.T.);
#1295=FACE_BOUND('',#1213,.T.);
#1296=FACE_BOUND('',#1214,.T.);
#1297=FACE_BOUND('',#1215,.T.);
#1298=FACE_BOUND('',#1216,.T.);
#1299=FACE_BOUND('',#1217,.T.);
#1300=FACE_BOUND('',#1218,.T.);
#1301=FACE_BOUND('',#1219,.T.);
#1302=FACE_BOUND('',#1220,.T.);
#1303=FACE_BOUND('',#1221,.T.);
#1304=FACE_BOUND('',#1222,.T.);
#1305=FACE_BOUND('',#1223,.T.);
#1306=FACE_BOUND('',#1224,.T.);
#1307=FACE_BOUND('',#1225,.T.);
#1308=FACE_BOUND('',#1226,.T.);
#1309=FACE_BOUND('',#1227,.T.);
#1310=FACE_BOUND('',#1228,.T.);
#1311=FACE_BOUND('',#1229,.T.);
#1312=FACE_BOUND('',#1230,.T.);
#1313=FACE_BOUND('',#1231,.T.);
#1314=FACE_BOUND('',#1232,.T.);
#1315=FACE_BOUND('',#1233,.T.);
#1316=FACE_BOUND('',#1234,.T.);
#1317=FACE_BOUND('',#1235,.T.);
#1318=FACE_BOUND('',#1236,.T.);
#1319=FACE_BOUND('',#1237,.T.);
#1320=FACE_BOUND('',#1238,.T.);
#1321=FACE_BOUND('',#1239,.T.);
#1322=FACE_BOUND('',#1240,.T.);
#1323=FACE_BOUND('',#1241,.T.);
#1324=FACE_BOUND('',#1242,.T.);
#1325=FACE_BOUND('',#1243,.T.);
#1326=FACE_BOUND('',#1244,.T.);
#1327=FACE_BOUND('',#1245,.T.);
#1328=FACE_BOUND('',#1246,.T.);
#1329=FACE_BOUND('',#1247,.T.);
#1330=CYLINDRICAL_SURFACE('',#1445,0.008);
#1331=CYLINDRICAL_SURFACE('',#1448,0.008);
#1332=CYLINDRICAL_SURFACE('',#1451,0.008);
#1333=CYLINDRICAL_SURFACE('',#1454,0.008);
#1334=CYLINDRICAL_SURFACE('',#1457,0.008);
#1335=CYLINDRICAL_SURFACE('',#1460,0.008);
#1336=CYLINDRICAL_SURFACE('',#1463,0.008);
#1337=CYLINDRICAL_SURFACE('',#1466,0.008);
#1338=CYLINDRICAL_SURFACE('',#1469,0.008);
#1339=CYLINDRICAL_SURFACE('',#1472,0.008);
#1340=CYLINDRICAL_SURFACE('',#1475,0.008);
#1341=CYLINDRICAL_SURFACE('',#1478,0.008);
#1342=CYLINDRICAL_SURFACE('',#1481,0.008);
#1343=CYLINDRICAL_SURFACE('',#1484,0.008);
#1344=CYLINDRICAL_SURFACE('',#1487,0.008);
#1345=CYLINDRICAL_SURFACE('',#1490,0.008);
#1346=CYLINDRICAL_SURFACE('',#1493,0.008);
#1347=CYLINDRICAL_SURFACE('',#1538,0.00075);
#1348=CYLINDRICAL_SURFACE('',#1541,0.00075);
#1349=CYLINDRICAL_SURFACE('',#1544,0.00075);
#1350=CYLINDRICAL_SURFACE('',#1547,0.00075);
#1351=CYLINDRICAL_SURFACE('',#1550,0.00075);
#1352=CYLINDRICAL_SURFACE('',#1553,0.00075);
#1353=CYLINDRICAL_SURFACE('',#1556,0.00075);
#1354=CYLINDRICAL_SURFACE('',#1559,0.00075);
#1355=CYLINDRICAL_SURFACE('',#1562,0.00075);
#1356=CYLINDRICAL_SURFACE('',#1565,0.00075);
#1357=CYLINDRICAL_SURFACE('',#1568,0.00075);
#1358=CYLINDRICAL_SURFACE('',#1572,0.00075);
#1359=CYLINDRICAL_SURFACE('',#1575,0.00075);
#1360=CYLINDRICAL_SURFACE('',#1578,0.00075);
#1361=CYLINDRICAL_SURFACE('',#1581,0.00075);
#1362=CYLINDRICAL_SURFACE('',#1584,0.00075);
#1363=CYLINDRICAL_SURFACE('',#1587,0.00075);
#1364=CYLINDRICAL_SURFACE('',#1589,0.006);
#1365=CYLINDRICAL_SURFACE('',#1590,0.00045);
#1366=CYLINDRICAL_SURFACE('',#1591,0.00045);
#1367=ADVANCED_FACE('',(#1248),#1330,.T.);
#1368=ADVANCED_FACE('',(#1249),#1331,.T.);
#1369=ADVANCED_FACE('',(#1250),#1332,.T.);
#1370=ADVANCED_FACE('',(#1251),#1333,.T.);
#1371=ADVANCED_FACE('',(#1252),#1334,.T.);
#1372=ADVANCED_FACE('',(#1253),#1335,.T.);
#1373=ADVANCED_FACE('',(#1254),#1336,.T.);
#1374=ADVANCED_FACE('',(#1255),#1337,.T.);
#1375=ADVANCED_FACE('',(#1256),#1338,.T.);
#1376=ADVANCED_FACE('',(#1257),#1339,.T.);
#1377=ADVANCED_FACE('',(#1258),#1340,.T.);
#1378=ADVANCED_FACE('',(#1259),#1341,.T.);
#1379=ADVANCED_FACE('',(#1260),#1342,.T.);
#1380=ADVANCED_FACE('',(#1261),#1343,.T.);
#1381=ADVANCED_FACE('',(#1262),#1344,.T.);
#1382=ADVANCED_FACE('',(#1263),#1345,.T.);
#1383=ADVANCED_FACE('',(#1264),#1346,.T.);
#1384=ADVANCED_FACE('',(#1265,#1266,#1267,#1268),#12,.T.);
#1385=ADVANCED_FACE('',(#1269,#1270,#1271,#1272),#13,.F.);
#1386=ADVANCED_FACE('',(#1273),#1347,.T.);
#1387=ADVANCED_FACE('',(#1274),#14,.T.);
#1388=ADVANCED_FACE('',(#1275),#15,.T.);
#1389=ADVANCED_FACE('',(#1276),#1348,.T.);
#1390=ADVANCED_FACE('',(#1277),#16,.T.);
#1391=ADVANCED_FACE('',(#1278),#17,.T.);
#1392=ADVANCED_FACE('',(#1279),#1349,.T.);
#1393=ADVANCED_FACE('',(#1280),#18,.T.);
#1394=ADVANCED_FACE('',(#1281),#19,.T.);
#1395=ADVANCED_FACE('',(#1282),#1350,.T.);
#1396=ADVANCED_FACE('',(#1283),#20,.T.);
#1397=ADVANCED_FACE('',(#1284),#21,.T.);
#1398=ADVANCED_FACE('',(#1285),#1351,.T.);
#1399=ADVANCED_FACE('',(#1286),#22,.T.);
#1400=ADVANCED_FACE('',(#1287),#23,.T.);
#1401=ADVANCED_FACE('',(#1288),#1352,.T.);
#1402=ADVANCED_FACE('',(#1289),#24,.T.);
#1403=ADVANCED_FACE('',(#1290),#25,.T.);
#1404=ADVANCED_FACE('',(#1291),#1353,.T.);
#1405=ADVANCED_FACE('',(#1292),#26,.T.);
#1406=ADVANCED_FACE('',(#1293),#27,.T.);
#1407=ADVANCED_FACE('',(#1294),#1354,.T.);
#1408=ADVANCED_FACE('',(#1295),#28,.T.);
#1409=ADVANCED_FACE('',(#1296),#29,.T.);
#1410=ADVANCED_FACE('',(#1297),#1355,.T.);
#1411=ADVANCED_FACE('',(#1298),#30,.T.);
#1412=ADVANCED_FACE('',(#1299),#31,.T.);
#1413=ADVANCED_FACE('',(#1300),#1356,.T.);
#1414=ADVANCED_FACE('',(#1301),#32,.T.);
#1415=ADVANCED_FACE('',(#1302),#33,.T.);
#1416=ADVANCED_FACE('',(#1303),#1357,.T.);
#1417=ADVANCED_FACE('',(#1304),#34,.T.);
#1418=ADVANCED_FACE('',(#1305),#35,.T.);
#1419=ADVANCED_FACE('',(#1306),#36,.T.);
#1420=ADVANCED_FACE('',(#1307),#1358,.T.);
#1421=ADVANCED_FACE('',(#1308),#37,.T.);
#1422=ADVANCED_FACE('',(#1309),#38,.T.);
#1423=ADVANCED_FACE('',(#1310),#1359,.T.);
#1424=ADVANCED_FACE('',(#1311),#39,.T.);
#1425=ADVANCED_FACE('',(#1312),#40,.T.);
#1426=ADVANCED_FACE('',(#1313),#1360,.T.);
#1427=ADVANCED_FACE('',(#1314),#41,.T.);
#1428=ADVANCED_FACE('',(#1315),#42,.T.);
#1429=ADVANCED_FACE('',(#1316),#1361,.T.);
#1430=ADVANCED_FACE('',(#1317),#43,.T.);
#1431=ADVANCED_FACE('',(#1318),#44,.T.);
#1432=ADVANCED_FACE('',(#1319),#1362,.T.);
#1433=ADVANCED_FACE('',(#1320),#45,.T.);
#1434=ADVANCED_FACE('',(#1321),#46,.T.);
#1435=ADVANCED_FACE('',(#1322),#1363,.T.);
#1436=ADVANCED_FACE('',(#1323),#47,.T.);
#1437=ADVANCED_FACE('',(#1324,#1325),#1364,.F.);
#1438=ADVANCED_FACE('',(#1326,#1327),#1365,.F.);
#1439=ADVANCED_FACE('',(#1328,#1329),#1366,.F.);
#1440=CLOSED_SHELL('',(#1367,#1368,#1369,#1370,#1371,#1372,#1373,#1374,
#1375,#1376,#1377,#1378,#1379,#1380,#1381,#1382,#1383,#1384,#1385,#1386,
#1387,#1388,#1389,#1390,#1391,#1392,#1393,#1394,#1395,#1396,#1397,#1398,
#1399,#1400,#1401,#1402,#1403,#1404,#1405,#1406,#1407,#1408,#1409,#1410,
#1411,#1412,#1413,#1414,#1415,#1416,#1417,#1418,#1419,#1420,#1421,#1422,
#1423,#1424,#1425,#1426,#1427,#1428,#1429,#1430,#1431,#1432,#1433,#1434,
#1435,#1436,#1437,#1438,#1439));
#1441=MANIFOLD_SOLID_BREP('',#1440);
#1442=SHAPE_DEFINITION_REPRESENTATION(#2455,#1443);
#1443=SHAPE_REPRESENTATION('id2',(#1444),#2450);
#1444=AXIS2_PLACEMENT_3D('',#2024,#1592,#1593);
#1445=AXIS2_PLACEMENT_3D('',#2025,#1594,#1595);
#1446=AXIS2_PLACEMENT_3D('',#2026,#1596,#1597);
#1447=AXIS2_PLACEMENT_3D('',#2031,#1599,#1600);
#1448=AXIS2_PLACEMENT_3D('',#2034,#1602,#1603);
#1449=AXIS2_PLACEMENT_3D('',#2035,#1604,#1605);
#1450=AXIS2_PLACEMENT_3D('',#2040,#1607,#1608);
#1451=AXIS2_PLACEMENT_3D('',#2043,#1610,#1611);
#1452=AXIS2_PLACEMENT_3D('',#2044,#1612,#1613);
#1453=AXIS2_PLACEMENT_3D('',#2049,#1615,#1616);
#1454=AXIS2_PLACEMENT_3D('',#2052,#1618,#1619);
#1455=AXIS2_PLACEMENT_3D('',#2053,#1620,#1621);
#1456=AXIS2_PLACEMENT_3D('',#2058,#1623,#1624);
#1457=AXIS2_PLACEMENT_3D('',#2061,#1626,#1627);
#1458=AXIS2_PLACEMENT_3D('',#2062,#1628,#1629);
#1459=AXIS2_PLACEMENT_3D('',#2067,#1631,#1632);
#1460=AXIS2_PLACEMENT_3D('',#2070,#1634,#1635);
#1461=AXIS2_PLACEMENT_3D('',#2071,#1636,#1637);
#1462=AXIS2_PLACEMENT_3D('',#2076,#1639,#1640);
#1463=AXIS2_PLACEMENT_3D('',#2079,#1642,#1643);
#1464=AXIS2_PLACEMENT_3D('',#2080,#1644,#1645);
#1465=AXIS2_PLACEMENT_3D('',#2085,#1647,#1648);
#1466=AXIS2_PLACEMENT_3D('',#2088,#1650,#1651);
#1467=AXIS2_PLACEMENT_3D('',#2089,#1652,#1653);
#1468=AXIS2_PLACEMENT_3D('',#2094,#1655,#1656);
#1469=AXIS2_PLACEMENT_3D('',#2097,#1658,#1659);
#1470=AXIS2_PLACEMENT_3D('',#2098,#1660,#1661);
#1471=AXIS2_PLACEMENT_3D('',#2103,#1663,#1664);
#1472=AXIS2_PLACEMENT_3D('',#2106,#1666,#1667);
#1473=AXIS2_PLACEMENT_3D('',#2107,#1668,#1669);
#1474=AXIS2_PLACEMENT_3D('',#2112,#1671,#1672);
#1475=AXIS2_PLACEMENT_3D('',#2115,#1674,#1675);
#1476=AXIS2_PLACEMENT_3D('',#2116,#1676,#1677);
#1477=AXIS2_PLACEMENT_3D('',#2121,#1679,#1680);
#1478=AXIS2_PLACEMENT_3D('',#2124,#1682,#1683);
#1479=AXIS2_PLACEMENT_3D('',#2125,#1684,#1685);
#1480=AXIS2_PLACEMENT_3D('',#2130,#1687,#1688);
#1481=AXIS2_PLACEMENT_3D('',#2133,#1690,#1691);
#1482=AXIS2_PLACEMENT_3D('',#2134,#1692,#1693);
#1483=AXIS2_PLACEMENT_3D('',#2139,#1695,#1696);
#1484=AXIS2_PLACEMENT_3D('',#2142,#1698,#1699);
#1485=AXIS2_PLACEMENT_3D('',#2143,#1700,#1701);
#1486=AXIS2_PLACEMENT_3D('',#2148,#1703,#1704);
#1487=AXIS2_PLACEMENT_3D('',#2151,#1706,#1707);
#1488=AXIS2_PLACEMENT_3D('',#2152,#1708,#1709);
#1489=AXIS2_PLACEMENT_3D('',#2157,#1711,#1712);
#1490=AXIS2_PLACEMENT_3D('',#2160,#1714,#1715);
#1491=AXIS2_PLACEMENT_3D('',#2161,#1716,#1717);
#1492=AXIS2_PLACEMENT_3D('',#2166,#1719,#1720);
#1493=AXIS2_PLACEMENT_3D('',#2169,#1722,#1723);
#1494=AXIS2_PLACEMENT_3D('',#2170,#1724,#1725);
#1495=AXIS2_PLACEMENT_3D('',#2175,#1727,#1728);
#1496=AXIS2_PLACEMENT_3D('',#2178,#1730,#1731);
#1497=AXIS2_PLACEMENT_3D('',#2179,#1732,#1733);
#1498=AXIS2_PLACEMENT_3D('',#2181,#1734,#1735);
#1499=AXIS2_PLACEMENT_3D('',#2183,#1736,#1737);
#1500=AXIS2_PLACEMENT_3D('',#2187,#1739,#1740);
#1501=AXIS2_PLACEMENT_3D('',#2192,#1743,#1744);
#1502=AXIS2_PLACEMENT_3D('',#2197,#1747,#1748);
#1503=AXIS2_PLACEMENT_3D('',#2202,#1751,#1752);
#1504=AXIS2_PLACEMENT_3D('',#2207,#1755,#1756);
#1505=AXIS2_PLACEMENT_3D('',#2212,#1759,#1760);
#1506=AXIS2_PLACEMENT_3D('',#2217,#1763,#1764);
#1507=AXIS2_PLACEMENT_3D('',#2222,#1767,#1768);
#1508=AXIS2_PLACEMENT_3D('',#2227,#1771,#1772);
#1509=AXIS2_PLACEMENT_3D('',#2232,#1775,#1776);
#1510=AXIS2_PLACEMENT_3D('',#2237,#1779,#1780);
#1511=AXIS2_PLACEMENT_3D('',#2242,#1783,#1784);
#1512=AXIS2_PLACEMENT_3D('',#2247,#1787,#1788);
#1513=AXIS2_PLACEMENT_3D('',#2252,#1791,#1792);
#1514=AXIS2_PLACEMENT_3D('',#2257,#1795,#1796);
#1515=AXIS2_PLACEMENT_3D('',#2262,#1799,#1800);
#1516=AXIS2_PLACEMENT_3D('',#2267,#1803,#1804);
#1517=AXIS2_PLACEMENT_3D('',#2270,#1806,#1807);
#1518=AXIS2_PLACEMENT_3D('',#2271,#1808,#1809);
#1519=AXIS2_PLACEMENT_3D('',#2273,#1810,#1811);
#1520=AXIS2_PLACEMENT_3D('',#2275,#1812,#1813);
#1521=AXIS2_PLACEMENT_3D('',#2279,#1815,#1816);
#1522=AXIS2_PLACEMENT_3D('',#2284,#1819,#1820);
#1523=AXIS2_PLACEMENT_3D('',#2289,#1823,#1824);
#1524=AXIS2_PLACEMENT_3D('',#2294,#1827,#1828);
#1525=AXIS2_PLACEMENT_3D('',#2299,#1831,#1832);
#1526=AXIS2_PLACEMENT_3D('',#2304,#1835,#1836);
#1527=AXIS2_PLACEMENT_3D('',#2309,#1839,#1840);
#1528=AXIS2_PLACEMENT_3D('',#2314,#1843,#1844);
#1529=AXIS2_PLACEMENT_3D('',#2319,#1847,#1848);
#1530=AXIS2_PLACEMENT_3D('',#2324,#1851,#1852);
#1531=AXIS2_PLACEMENT_3D('',#2329,#1855,#1856);
#1532=AXIS2_PLACEMENT_3D('',#2334,#1859,#1860);
#1533=AXIS2_PLACEMENT_3D('',#2339,#1863,#1864);
#1534=AXIS2_PLACEMENT_3D('',#2344,#1867,#1868);
#1535=AXIS2_PLACEMENT_3D('',#2349,#1871,#1872);
#1536=AXIS2_PLACEMENT_3D('',#2354,#1875,#1876);
#1537=AXIS2_PLACEMENT_3D('',#2359,#1879,#1880);
#1538=AXIS2_PLACEMENT_3D('',#2362,#1882,#1883);
#1539=AXIS2_PLACEMENT_3D('',#2365,#1886,#1887);
#1540=AXIS2_PLACEMENT_3D('',#2366,#1888,#1889);
#1541=AXIS2_PLACEMENT_3D('',#2367,#1890,#1891);
#1542=AXIS2_PLACEMENT_3D('',#2370,#1894,#1895);
#1543=AXIS2_PLACEMENT_3D('',#2371,#1896,#1897);
#1544=AXIS2_PLACEMENT_3D('',#2372,#1898,#1899);
#1545=AXIS2_PLACEMENT_3D('',#2375,#1902,#1903);
#1546=AXIS2_PLACEMENT_3D('',#2376,#1904,#1905);
#1547=AXIS2_PLACEMENT_3D('',#2377,#1906,#1907);
#1548=AXIS2_PLACEMENT_3D('',#2380,#1910,#1911);
#1549=AXIS2_PLACEMENT_3D('',#2381,#1912,#1913);
#1550=AXIS2_PLACEMENT_3D('',#2382,#1914,#1915);
#1551=AXIS2_PLACEMENT_3D('',#2385,#1918,#1919);
#1552=AXIS2_PLACEMENT_3D('',#2386,#1920,#1921);
#1553=AXIS2_PLACEMENT_3D('',#2387,#1922,#1923);
#1554=AXIS2_PLACEMENT_3D('',#2390,#1926,#1927);
#1555=AXIS2_PLACEMENT_3D('',#2391,#1928,#1929);
#1556=AXIS2_PLACEMENT_3D('',#2392,#1930,#1931);
#1557=AXIS2_PLACEMENT_3D('',#2395,#1934,#1935);
#1558=AXIS2_PLACEMENT_3D('',#2396,#1936,#1937);
#1559=AXIS2_PLACEMENT_3D('',#2397,#1938,#1939);
#1560=AXIS2_PLACEMENT_3D('',#2400,#1942,#1943);
#1561=AXIS2_PLACEMENT_3D('',#2401,#1944,#1945);
#1562=AXIS2_PLACEMENT_3D('',#2402,#1946,#1947);
#1563=AXIS2_PLACEMENT_3D('',#2405,#1950,#1951);
#1564=AXIS2_PLACEMENT_3D('',#2406,#1952,#1953);
#1565=AXIS2_PLACEMENT_3D('',#2407,#1954,#1955);
#1566=AXIS2_PLACEMENT_3D('',#2410,#1958,#1959);
#1567=AXIS2_PLACEMENT_3D('',#2411,#1960,#1961);
#1568=AXIS2_PLACEMENT_3D('',#2412,#1962,#1963);
#1569=AXIS2_PLACEMENT_3D('',#2415,#1966,#1967);
#1570=AXIS2_PLACEMENT_3D('',#2416,#1968,#1969);
#1571=AXIS2_PLACEMENT_3D('',#2417,#1970,#1971);
#1572=AXIS2_PLACEMENT_3D('',#2419,#1973,#1974);
#1573=AXIS2_PLACEMENT_3D('',#2421,#1976,#1977);
#1574=AXIS2_PLACEMENT_3D('',#2422,#1978,#1979);
#1575=AXIS2_PLACEMENT_3D('',#2424,#1981,#1982);
#1576=AXIS2_PLACEMENT_3D('',#2426,#1984,#1985);
#1577=AXIS2_PLACEMENT_3D('',#2427,#1986,#1987);
#1578=AXIS2_PLACEMENT_3D('',#2429,#1989,#1990);
#1579=AXIS2_PLACEMENT_3D('',#2431,#1992,#1993);
#1580=AXIS2_PLACEMENT_3D('',#2432,#1994,#1995);
#1581=AXIS2_PLACEMENT_3D('',#2434,#1997,#1998);
#1582=AXIS2_PLACEMENT_3D('',#2436,#2000,#2001);
#1583=AXIS2_PLACEMENT_3D('',#2437,#2002,#2003);
#1584=AXIS2_PLACEMENT_3D('',#2439,#2005,#2006);
#1585=AXIS2_PLACEMENT_3D('',#2441,#2008,#2009);
#1586=AXIS2_PLACEMENT_3D('',#2442,#2010,#2011);
#1587=AXIS2_PLACEMENT_3D('',#2444,#2013,#2014);
#1588=AXIS2_PLACEMENT_3D('',#2446,#2016,#2017);
#1589=AXIS2_PLACEMENT_3D('',#2447,#2018,#2019);
#1590=AXIS2_PLACEMENT_3D('',#2448,#2020,#2021);
#1591=AXIS2_PLACEMENT_3D('',#2449,#2022,#2023);
#1592=DIRECTION('',(0.,0.,1.));
#1593=DIRECTION('',(1.,0.,0.));
#1594=DIRECTION('',(0.,-1.,0.));
#1595=DIRECTION('',(0.,0.,-1.));
#1596=DIRECTION('',(0.,1.,0.));
#1597=DIRECTION('',(0.,0.,1.));
#1598=DIRECTION('',(0.,1.,0.));
#1599=DIRECTION('',(0.,1.,0.));
#1600=DIRECTION('',(0.,0.,1.));
#1601=DIRECTION('',(0.,1.,0.));
#1602=DIRECTION('',(0.,-1.,0.));
#1603=DIRECTION('',(0.,0.,-1.));
#1604=DIRECTION('',(0.,1.,0.));
#1605=DIRECTION('',(0.,0.,1.));
#1606=DIRECTION('',(0.,1.,0.));
#1607=DIRECTION('',(0.,1.,0.));
#1608=DIRECTION('',(0.,0.,1.));
#1609=DIRECTION('',(0.,1.,0.));
#1610=DIRECTION('',(0.,-1.,0.));
#1611=DIRECTION('',(0.,0.,-1.));
#1612=DIRECTION('',(0.,1.,0.));
#1613=DIRECTION('',(0.,0.,1.));
#1614=DIRECTION('',(0.,1.,0.));
#1615=DIRECTION('',(0.,1.,0.));
#1616=DIRECTION('',(0.,0.,1.));
#1617=DIRECTION('',(0.,1.,0.));
#1618=DIRECTION('',(0.,-1.,0.));
#1619=DIRECTION('',(0.,0.,-1.));
#1620=DIRECTION('',(0.,1.,0.));
#1621=DIRECTION('',(0.,0.,1.));
#1622=DIRECTION('',(0.,1.,0.));
#1623=DIRECTION('',(0.,1.,0.));
#1624=DIRECTION('',(0.,0.,1.));
#1625=DIRECTION('',(0.,1.,0.));
#1626=DIRECTION('',(0.,-1.,0.));
#1627=DIRECTION('',(0.,0.,-1.));
#1628=DIRECTION('',(0.,1.,0.));
#1629=DIRECTION('',(0.,0.,1.));
#1630=DIRECTION('',(0.,1.,0.));
#1631=DIRECTION('',(0.,1.,0.));
#1632=DIRECTION('',(0.,0.,1.));
#1633=DIRECTION('',(0.,1.,0.));
#1634=DIRECTION('',(0.,-1.,0.));
#1635=DIRECTION('',(0.,0.,-1.));
#1636=DIRECTION('',(0.,1.,0.));
#1637=DIRECTION('',(0.,0.,1.));
#1638=DIRECTION('',(0.,1.,0.));
#1639=DIRECTION('',(0.,1.,0.));
#1640=DIRECTION('',(0.,0.,1.));
#1641=DIRECTION('',(0.,1.,0.));
#1642=DIRECTION('',(0.,-1.,0.));
#1643=DIRECTION('',(0.,0.,-1.));
#1644=DIRECTION('',(0.,1.,0.));
#1645=DIRECTION('',(0.,0.,1.));
#1646=DIRECTION('',(0.,1.,0.));
#1647=DIRECTION('',(0.,1.,0.));
#1648=DIRECTION('',(0.,0.,1.));
#1649=DIRECTION('',(0.,1.,0.));
#1650=DIRECTION('',(0.,-1.,0.));
#1651=DIRECTION('',(0.,0.,-1.));
#1652=DIRECTION('',(0.,1.,0.));
#1653=DIRECTION('',(0.,0.,1.));
#1654=DIRECTION('',(0.,1.,0.));
#1655=DIRECTION('',(0.,1.,0.));
#1656=DIRECTION('',(0.,0.,1.));
#1657=DIRECTION('',(0.,1.,0.));
#1658=DIRECTION('',(0.,-1.,0.));
#1659=DIRECTION('',(0.,0.,-1.));
#1660=DIRECTION('',(0.,1.,0.));
#1661=DIRECTION('',(0.,0.,1.));
#1662=DIRECTION('',(0.,1.,0.));
#1663=DIRECTION('',(0.,1.,0.));
#1664=DIRECTION('',(0.,0.,1.));
#1665=DIRECTION('',(0.,1.,0.));
#1666=DIRECTION('',(0.,-1.,0.));
#1667=DIRECTION('',(0.,0.,-1.));
#1668=DIRECTION('',(0.,1.,0.));
#1669=DIRECTION('',(0.,0.,1.));
#1670=DIRECTION('',(0.,1.,0.));
#1671=DIRECTION('',(0.,1.,0.));
#1672=DIRECTION('',(0.,0.,1.));
#1673=DIRECTION('',(0.,1.,0.));
#1674=DIRECTION('',(0.,-1.,0.));
#1675=DIRECTION('',(0.,0.,-1.));
#1676=DIRECTION('',(0.,1.,0.));
#1677=DIRECTION('',(0.,0.,1.));
#1678=DIRECTION('',(0.,1.,0.));
#1679=DIRECTION('',(0.,1.,0.));
#1680=DIRECTION('',(0.,0.,1.));
#1681=DIRECTION('',(0.,1.,0.));
#1682=DIRECTION('',(0.,-1.,0.));
#1683=DIRECTION('',(0.,0.,-1.));
#1684=DIRECTION('',(0.,1.,0.));
#1685=DIRECTION('',(0.,0.,1.));
#1686=DIRECTION('',(0.,1.,0.));
#1687=DIRECTION('',(0.,1.,0.));
#1688=DIRECTION('',(0.,0.,1.));
#1689=DIRECTION('',(0.,1.,0.));
#1690=DIRECTION('',(0.,-1.,0.));
#1691=DIRECTION('',(0.,0.,-1.));
#1692=DIRECTION('',(0.,1.,0.));
#1693=DIRECTION('',(0.,0.,1.));
#1694=DIRECTION('',(0.,1.,0.));
#1695=DIRECTION('',(0.,1.,0.));
#1696=DIRECTION('',(0.,0.,1.));
#1697=DIRECTION('',(0.,1.,0.));
#1698=DIRECTION('',(0.,-1.,0.));
#1699=DIRECTION('',(0.,0.,-1.));
#1700=DIRECTION('',(0.,1.,0.));
#1701=DIRECTION('',(0.,0.,1.));
#1702=DIRECTION('',(0.,1.,0.));
#1703=DIRECTION('',(0.,1.,0.));
#1704=DIRECTION('',(0.,0.,1.));
#1705=DIRECTION('',(0.,1.,0.));
#1706=DIRECTION('',(0.,-1.,0.));
#1707=DIRECTION('',(0.,0.,-1.));
#1708=DIRECTION('',(0.,1.,0.));
#1709=DIRECTION('',(0.,0.,1.));
#1710=DIRECTION('',(0.,1.,0.));
#1711=DIRECTION('',(0.,1.,0.));
#1712=DIRECTION('',(0.,0.,1.));
#1713=DIRECTION('',(0.,1.,0.));
#1714=DIRECTION('',(0.,-1.,0.));
#1715=DIRECTION('',(0.,0.,-1.));
#1716=DIRECTION('',(0.,1.,0.));
#1717=DIRECTION('',(0.,0.,1.));
#1718=DIRECTION('',(0.,1.,0.));
#1719=DIRECTION('',(0.,1.,0.));
#1720=DIRECTION('',(0.,0.,1.));
#1721=DIRECTION('',(0.,1.,0.));
#1722=DIRECTION('',(0.,-1.,0.));
#1723=DIRECTION('',(0.,0.,-1.));
#1724=DIRECTION('',(0.,1.,0.));
#1725=DIRECTION('',(0.,0.,1.));
#1726=DIRECTION('',(0.,1.,0.));
#1727=DIRECTION('',(0.,1.,0.));
#1728=DIRECTION('',(0.,0.,1.));
#1729=DIRECTION('',(0.,1.,0.));
#1730=DIRECTION('',(0.,1.,0.));
#1731=DIRECTION('',(0.,0.,1.));
#1732=DIRECTION('',(0.,1.,0.));
#1733=DIRECTION('',(0.,0.,1.));
#1734=DIRECTION('',(0.,1.,0.));
#1735=DIRECTION('',(0.,0.,1.));
#1736=DIRECTION('',(0.,1.,0.));
#1737=DIRECTION('',(0.,0.,1.));
#1738=DIRECTION('',(0.866025403784438,0.,-0.5));
#1739=DIRECTION('',(0.,1.,0.));
#1740=DIRECTION('',(0.,0.,1.));
#1741=DIRECTION('',(-0.866025403784438,0.,0.5));
#1742=DIRECTION('',(0.642787609686538,0.,-0.766044443118979));
#1743=DIRECTION('',(0.,1.,0.));
#1744=DIRECTION('',(0.342020143325669,0.,0.939692620785908));
#1745=DIRECTION('',(-0.642787609686538,0.,0.766044443118979));
#1746=DIRECTION('',(0.342020143325666,0.,-0.939692620785909));
#1747=DIRECTION('',(0.,1.,0.));
#1748=DIRECTION('',(0.64278760968654,0.,0.766044443118977));
#1749=DIRECTION('',(-0.342020143325666,0.,0.939692620785909));
#1750=DIRECTION('',(-3.71924713249427E-15,0.,-1.));
#1751=DIRECTION('',(0.,1.,0.));
#1752=DIRECTION('',(0.86602540378444,0.,0.5));
#1753=DIRECTION('',(3.27515792264421E-15,0.,1.));
#1754=DIRECTION('',(-0.342020143325673,0.,-0.939692620785907));
#1755=DIRECTION('',(0.,1.,0.));
#1756=DIRECTION('',(0.984807753012209,0.,0.173648177666927));
#1757=DIRECTION('',(0.342020143325673,0.,0.939692620785907));
#1758=DIRECTION('',(-0.642787609686543,0.,-0.766044443118975));
#1759=DIRECTION('',(0.,1.,0.));
#1760=DIRECTION('',(0.984807753012207,0.,-0.173648177666934));
#1761=DIRECTION('',(0.642787609686543,0.,0.766044443118975));
#1762=DIRECTION('',(-0.939692620785906,0.,-0.342020143325676));
#1763=DIRECTION('',(0.,1.,0.));
#1764=DIRECTION('',(0.342020143325676,0.,-0.939692620785906));
#1765=DIRECTION('',(0.939692620785906,0.,0.342020143325676));
#1766=DIRECTION('',(-1.,0.,-3.44999788477046E-17));
#1767=DIRECTION('',(0.,1.,0.));
#1768=DIRECTION('',(0.,0.,-1.));
#1769=DIRECTION('',(1.,0.,0.));
#1770=DIRECTION('',(-0.93969262078591,0.,0.342020143325663));
#1771=DIRECTION('',(0.,1.,0.));
#1772=DIRECTION('',(-0.342020143325663,0.,-0.93969262078591));
#1773=DIRECTION('',(0.93969262078591,0.,-0.342020143325663));
#1774=DIRECTION('',(-0.766044443118981,0.,0.642787609686535));
#1775=DIRECTION('',(0.,1.,0.));
#1776=DIRECTION('',(-0.642787609686535,0.,-0.766044443118981));
#1777=DIRECTION('',(0.766044443118981,0.,-0.642787609686535));
#1778=DIRECTION('',(-0.5,0.,0.866025403784436));
#1779=DIRECTION('',(0.,1.,0.));
#1780=DIRECTION('',(-0.866025403784436,0.,-0.5));
#1781=DIRECTION('',(0.5,0.,-0.866025403784436));
#1782=DIRECTION('',(-0.173648177666934,0.,0.984807753012207));
#1783=DIRECTION('',(0.,1.,0.));
#1784=DIRECTION('',(-0.984807753012207,0.,-0.173648177666934));
#1785=DIRECTION('',(0.173648177666934,0.,-0.984807753012207));
#1786=DIRECTION('',(0.173648177666927,0.,0.984807753012209));
#1787=DIRECTION('',(0.,1.,0.));
#1788=DIRECTION('',(-0.984807753012209,0.,0.173648177666927));
#1789=DIRECTION('',(-0.173648177666927,0.,-0.984807753012209));
#1790=DIRECTION('',(0.5,0.,0.86602540378444));
#1791=DIRECTION('',(0.,1.,0.));
#1792=DIRECTION('',(-0.86602540378444,0.,0.5));
#1793=DIRECTION('',(-0.5,0.,-0.86602540378444));
#1794=DIRECTION('',(0.766044443118977,0.,0.64278760968654));
#1795=DIRECTION('',(0.,1.,0.));
#1796=DIRECTION('',(-0.64278760968654,0.,0.766044443118977));
#1797=DIRECTION('',(-0.766044443118977,0.,-0.64278760968654));
#1798=DIRECTION('',(0.939692620785908,0.,0.342020143325669));
#1799=DIRECTION('',(0.,1.,0.));
#1800=DIRECTION('',(-0.342020143325669,0.,0.939692620785908));
#1801=DIRECTION('',(-0.939692620785908,0.,-0.342020143325669));
#1802=DIRECTION('',(1.,0.,3.44999788477046E-17));
#1803=DIRECTION('',(0.,1.,0.));
#1804=DIRECTION('',(0.,0.,1.));
#1805=DIRECTION('',(-1.,0.,0.));
#1806=DIRECTION('',(0.,1.,0.));
#1807=DIRECTION('',(0.,0.,1.));
#1808=DIRECTION('',(0.,1.,0.));
#1809=DIRECTION('',(0.,0.,1.));
#1810=DIRECTION('',(0.,1.,0.));
#1811=DIRECTION('',(0.,0.,1.));
#1812=DIRECTION('',(0.,1.,0.));
#1813=DIRECTION('',(0.,0.,1.));
#1814=DIRECTION('',(1.,0.,0.));
#1815=DIRECTION('',(0.,1.,0.));
#1816=DIRECTION('',(0.,0.,1.));
#1817=DIRECTION('',(-1.,0.,-3.44999788477046E-17));
#1818=DIRECTION('',(0.939692620785908,0.,0.342020143325669));
#1819=DIRECTION('',(0.,1.,0.));
#1820=DIRECTION('',(0.,0.,1.));
#1821=DIRECTION('',(-0.939692620785908,0.,-0.342020143325669));
#1822=DIRECTION('',(0.766044443118977,0.,0.64278760968654));
#1823=DIRECTION('',(0.,1.,0.));
#1824=DIRECTION('',(0.,0.,1.));
#1825=DIRECTION('',(-0.766044443118977,0.,-0.64278760968654));
#1826=DIRECTION('',(0.5,0.,0.86602540378444));
#1827=DIRECTION('',(0.,1.,0.));
#1828=DIRECTION('',(0.,0.,1.));
#1829=DIRECTION('',(-0.5,0.,-0.86602540378444));
#1830=DIRECTION('',(0.173648177666927,0.,0.984807753012209));
#1831=DIRECTION('',(0.,1.,0.));
#1832=DIRECTION('',(0.,0.,1.));
#1833=DIRECTION('',(-0.173648177666927,0.,-0.984807753012209));
#1834=DIRECTION('',(-0.173648177666934,0.,0.984807753012207));
#1835=DIRECTION('',(0.,1.,0.));
#1836=DIRECTION('',(0.,0.,1.));
#1837=DIRECTION('',(0.173648177666934,0.,-0.984807753012207));
#1838=DIRECTION('',(-0.5,0.,0.866025403784436));
#1839=DIRECTION('',(0.,1.,0.));
#1840=DIRECTION('',(0.,0.,1.));
#1841=DIRECTION('',(0.5,0.,-0.866025403784436));
#1842=DIRECTION('',(-0.766044443118981,0.,0.642787609686535));
#1843=DIRECTION('',(0.,1.,0.));
#1844=DIRECTION('',(0.,0.,1.));
#1845=DIRECTION('',(0.766044443118981,0.,-0.642787609686535));
#1846=DIRECTION('',(-0.93969262078591,0.,0.342020143325663));
#1847=DIRECTION('',(0.,1.,0.));
#1848=DIRECTION('',(0.,0.,1.));
#1849=DIRECTION('',(0.93969262078591,0.,-0.342020143325663));
#1850=DIRECTION('',(-1.,0.,0.));
#1851=DIRECTION('',(0.,1.,0.));
#1852=DIRECTION('',(0.,0.,1.));
#1853=DIRECTION('',(1.,0.,3.44999788477046E-17));
#1854=DIRECTION('',(-0.939692620785906,0.,-0.342020143325676));
#1855=DIRECTION('',(0.,1.,0.));
#1856=DIRECTION('',(0.,0.,1.));
#1857=DIRECTION('',(0.939692620785906,0.,0.342020143325676));
#1858=DIRECTION('',(-0.642787609686543,0.,-0.766044443118975));
#1859=DIRECTION('',(0.,1.,0.));
#1860=DIRECTION('',(0.,0.,1.));
#1861=DIRECTION('',(0.642787609686543,0.,0.766044443118975));
#1862=DIRECTION('',(-0.342020143325673,0.,-0.939692620785907));
#1863=DIRECTION('',(0.,1.,0.));
#1864=DIRECTION('',(0.,0.,1.));
#1865=DIRECTION('',(0.342020143325673,0.,0.939692620785907));
#1866=DIRECTION('',(-3.27515792264421E-15,0.,-1.));
#1867=DIRECTION('',(0.,1.,0.));
#1868=DIRECTION('',(0.,0.,1.));
#1869=DIRECTION('',(3.71924713249427E-15,0.,1.));
#1870=DIRECTION('',(0.342020143325666,0.,-0.939692620785909));
#1871=DIRECTION('',(0.,1.,0.));
#1872=DIRECTION('',(0.,0.,1.));
#1873=DIRECTION('',(-0.342020143325666,0.,0.939692620785909));
#1874=DIRECTION('',(0.642787609686538,0.,-0.766044443118979));
#1875=DIRECTION('',(0.,1.,0.));
#1876=DIRECTION('',(0.,0.,1.));
#1877=DIRECTION('',(-0.642787609686538,0.,0.766044443118979));
#1878=DIRECTION('',(0.866025403784438,0.,-0.5));
#1879=DIRECTION('',(0.,1.,0.));
#1880=DIRECTION('',(0.,0.,1.));
#1881=DIRECTION('',(-0.866025403784438,0.,0.5));
#1882=DIRECTION('',(0.,1.,0.));
#1883=DIRECTION('',(0.,0.,1.));
#1884=DIRECTION('',(0.,1.,0.));
#1885=DIRECTION('',(0.,1.,0.));
#1886=DIRECTION('',(-3.44999788477046E-17,0.,1.));
#1887=DIRECTION('',(1.,0.,3.44999788477046E-17));
#1888=DIRECTION('',(0.,0.,-1.));
#1889=DIRECTION('',(-1.,0.,0.));
#1890=DIRECTION('',(0.,1.,0.));
#1891=DIRECTION('',(0.,0.,1.));
#1892=DIRECTION('',(0.,1.,0.));
#1893=DIRECTION('',(0.,1.,0.));
#1894=DIRECTION('',(-0.342020143325669,0.,0.939692620785908));
#1895=DIRECTION('',(0.939692620785908,0.,0.342020143325669));
#1896=DIRECTION('',(0.342020143325669,0.,-0.939692620785908));
#1897=DIRECTION('',(-0.939692620785908,0.,-0.342020143325669));
#1898=DIRECTION('',(0.,1.,0.));
#1899=DIRECTION('',(0.,0.,1.));
#1900=DIRECTION('',(0.,1.,0.));
#1901=DIRECTION('',(0.,1.,0.));
#1902=DIRECTION('',(-0.64278760968654,0.,0.766044443118977));
#1903=DIRECTION('',(0.766044443118977,0.,0.64278760968654));
#1904=DIRECTION('',(0.64278760968654,0.,-0.766044443118977));
#1905=DIRECTION('',(-0.766044443118977,0.,-0.64278760968654));
#1906=DIRECTION('',(0.,1.,0.));
#1907=DIRECTION('',(0.,0.,1.));
#1908=DIRECTION('',(0.,1.,0.));
#1909=DIRECTION('',(0.,1.,0.));
#1910=DIRECTION('',(-0.86602540378444,0.,0.5));
#1911=DIRECTION('',(0.5,0.,0.86602540378444));
#1912=DIRECTION('',(0.86602540378444,0.,-0.5));
#1913=DIRECTION('',(-0.5,0.,-0.86602540378444));
#1914=DIRECTION('',(0.,1.,0.));
#1915=DIRECTION('',(0.,0.,1.));
#1916=DIRECTION('',(0.,1.,0.));
#1917=DIRECTION('',(0.,1.,0.));
#1918=DIRECTION('',(-0.984807753012209,0.,0.173648177666927));
#1919=DIRECTION('',(0.173648177666927,0.,0.984807753012209));
#1920=DIRECTION('',(0.984807753012209,0.,-0.173648177666927));
#1921=DIRECTION('',(-0.173648177666927,0.,-0.984807753012209));
#1922=DIRECTION('',(0.,1.,0.));
#1923=DIRECTION('',(0.,0.,1.));
#1924=DIRECTION('',(0.,1.,0.));
#1925=DIRECTION('',(0.,1.,0.));
#1926=DIRECTION('',(-0.984807753012207,0.,-0.173648177666934));
#1927=DIRECTION('',(-0.173648177666934,0.,0.984807753012207));
#1928=DIRECTION('',(0.984807753012207,0.,0.173648177666934));
#1929=DIRECTION('',(0.173648177666934,0.,-0.984807753012207));
#1930=DIRECTION('',(0.,1.,0.));
#1931=DIRECTION('',(0.,0.,1.));
#1932=DIRECTION('',(0.,1.,0.));
#1933=DIRECTION('',(0.,1.,0.));
#1934=DIRECTION('',(-0.866025403784436,0.,-0.5));
#1935=DIRECTION('',(-0.5,0.,0.866025403784436));
#1936=DIRECTION('',(0.866025403784436,0.,0.5));
#1937=DIRECTION('',(0.5,0.,-0.866025403784436));
#1938=DIRECTION('',(0.,1.,0.));
#1939=DIRECTION('',(0.,0.,1.));
#1940=DIRECTION('',(0.,1.,0.));
#1941=DIRECTION('',(0.,1.,0.));
#1942=DIRECTION('',(-0.642787609686535,0.,-0.766044443118981));
#1943=DIRECTION('',(-0.766044443118981,0.,0.642787609686535));
#1944=DIRECTION('',(0.642787609686535,0.,0.766044443118981));
#1945=DIRECTION('',(0.766044443118981,0.,-0.642787609686535));
#1946=DIRECTION('',(0.,1.,0.));
#1947=DIRECTION('',(0.,0.,1.));
#1948=DIRECTION('',(0.,1.,0.));
#1949=DIRECTION('',(0.,1.,0.));
#1950=DIRECTION('',(-0.342020143325663,0.,-0.93969262078591));
#1951=DIRECTION('',(-0.939692620785911,0.,0.342020143325663));
#1952=DIRECTION('',(0.342020143325663,0.,0.93969262078591));
#1953=DIRECTION('',(0.939692620785911,0.,-0.342020143325663));
#1954=DIRECTION('',(0.,1.,0.));
#1955=DIRECTION('',(0.,0.,1.));
#1956=DIRECTION('',(0.,1.,0.));
#1957=DIRECTION('',(0.,1.,0.));
#1958=DIRECTION('',(3.44999788477046E-17,0.,-1.));
#1959=DIRECTION('',(-1.,0.,-3.44999788477046E-17));
#1960=DIRECTION('',(0.,0.,1.));
#1961=DIRECTION('',(1.,0.,0.));
#1962=DIRECTION('',(0.,1.,0.));
#1963=DIRECTION('',(0.,0.,1.));
#1964=DIRECTION('',(0.,1.,0.));
#1965=DIRECTION('',(0.,1.,0.));
#1966=DIRECTION('',(0.342020143325676,0.,-0.939692620785906));
#1967=DIRECTION('',(-0.939692620785906,0.,-0.342020143325676));
#1968=DIRECTION('',(-0.342020143325676,0.,0.939692620785906));
#1969=DIRECTION('',(0.939692620785906,0.,0.342020143325676));
#1970=DIRECTION('',(-0.5,0.,-0.866025403784438));
#1971=DIRECTION('',(-0.866025403784438,0.,0.5));
#1972=DIRECTION('',(0.,1.,0.));
#1973=DIRECTION('',(0.,1.,0.));
#1974=DIRECTION('',(0.,0.,1.));
#1975=DIRECTION('',(0.,1.,0.));
#1976=DIRECTION('',(0.5,0.,0.866025403784438));
#1977=DIRECTION('',(0.866025403784438,0.,-0.5));
#1978=DIRECTION('',(-0.766044443118979,0.,-0.642787609686538));
#1979=DIRECTION('',(-0.642787609686538,0.,0.766044443118979));
#1980=DIRECTION('',(0.,1.,0.));
#1981=DIRECTION('',(0.,1.,0.));
#1982=DIRECTION('',(0.,0.,1.));
#1983=DIRECTION('',(0.,1.,0.));
#1984=DIRECTION('',(0.766044443118979,0.,0.642787609686538));
#1985=DIRECTION('',(0.642787609686538,0.,-0.766044443118979));
#1986=DIRECTION('',(-0.939692620785909,0.,-0.342020143325666));
#1987=DIRECTION('',(-0.342020143325666,0.,0.939692620785909));
#1988=DIRECTION('',(0.,1.,0.));
#1989=DIRECTION('',(0.,1.,0.));
#1990=DIRECTION('',(0.,0.,1.));
#1991=DIRECTION('',(0.,1.,0.));
#1992=DIRECTION('',(0.939692620785909,0.,0.342020143325666));
#1993=DIRECTION('',(0.342020143325666,0.,-0.93969262078591));
#1994=DIRECTION('',(-1.,0.,3.27515792264421E-15));
#1995=DIRECTION('',(3.27515792264421E-15,0.,1.));
#1996=DIRECTION('',(0.,1.,0.));
#1997=DIRECTION('',(0.,1.,0.));
#1998=DIRECTION('',(0.,0.,1.));
#1999=DIRECTION('',(0.,1.,0.));
#2000=DIRECTION('',(1.,0.,-3.71924713249427E-15));
#2001=DIRECTION('',(-3.71924713249427E-15,0.,-1.));
#2002=DIRECTION('',(-0.939692620785907,0.,0.342020143325673));
#2003=DIRECTION('',(0.342020143325673,0.,0.939692620785907));
#2004=DIRECTION('',(0.,1.,0.));
#2005=DIRECTION('',(0.,1.,0.));
#2006=DIRECTION('',(0.,0.,1.));
#2007=DIRECTION('',(0.,1.,0.));
#2008=DIRECTION('',(0.939692620785907,0.,-0.342020143325673));
#2009=DIRECTION('',(-0.342020143325673,0.,-0.939692620785907));
#2010=DIRECTION('',(-0.766044443118975,0.,0.642787609686543));
#2011=DIRECTION('',(0.642787609686543,0.,0.766044443118975));
#2012=DIRECTION('',(0.,1.,0.));
#2013=DIRECTION('',(0.,1.,0.));
#2014=DIRECTION('',(0.,0.,1.));
#2015=DIRECTION('',(0.,1.,0.));
#2016=DIRECTION('',(0.766044443118975,0.,-0.642787609686543));
#2017=DIRECTION('',(-0.642787609686543,0.,-0.766044443118975));
#2018=DIRECTION('',(0.,1.,0.));
#2019=DIRECTION('',(0.,0.,1.));
#2020=DIRECTION('',(0.,1.,0.));
#2021=DIRECTION('',(0.,0.,1.));
#2022=DIRECTION('',(0.,1.,0.));
#2023=DIRECTION('',(0.,0.,1.));
#2024=CARTESIAN_POINT('',(0.,0.,0.));
#2025=CARTESIAN_POINT('',(0.,0.00014,0.));
#2026=CARTESIAN_POINT('',(0.,0.00014,0.));
#2027=CARTESIAN_POINT('',(-0.00569418633470447,0.00014,-0.00561927415113953));
#2028=CARTESIAN_POINT('',(-0.0072279168803175,0.00014,-0.0034288799295428));
#2029=CARTESIAN_POINT('',(-0.00569418633470447,-0.0080835313649774,-0.00561927415113953));
#2030=CARTESIAN_POINT('',(-0.00569418633470447,0.,-0.00561927415113953));
#2031=CARTESIAN_POINT('',(0.,0.,0.));
#2032=CARTESIAN_POINT('',(-0.0072279168803175,0.,-0.0034288799295428));
#2033=CARTESIAN_POINT('',(-0.0072279168803175,-0.00779599214845748,-0.0034288799295428));
#2034=CARTESIAN_POINT('',(0.,0.00014,0.));
#2035=CARTESIAN_POINT('',(0.,0.,0.));
#2036=CARTESIAN_POINT('',(-0.00342887992954278,0.,-0.00722791688031751));
#2037=CARTESIAN_POINT('',(-0.004545119670026,0.,-0.00658345556566935));
#2038=CARTESIAN_POINT('',(-0.00454511967002601,-0.0080835313649774,-0.00658345556566935));
#2039=CARTESIAN_POINT('',(-0.004545119670026,0.00014,-0.00658345556566935));
#2040=CARTESIAN_POINT('',(0.,0.00014,0.));
#2041=CARTESIAN_POINT('',(-0.00342887992954278,0.00014,-0.00722791688031751));
#2042=CARTESIAN_POINT('',(-0.00342887992954278,-0.00779599214845747,-0.00722791688031751));
#2043=CARTESIAN_POINT('',(0.,0.00014,0.));
#2044=CARTESIAN_POINT('',(0.,0.,0.));
#2045=CARTESIAN_POINT('',(-0.000750000000000031,0.,-0.00796476616103699));
#2046=CARTESIAN_POINT('',(-0.00201934099836391,0.,-0.00774094709530601));
#2047=CARTESIAN_POINT('',(-0.00201934099836391,-0.00779599214845747,-0.00774094709530602));
#2048=CARTESIAN_POINT('',(-0.00201934099836391,0.00014,-0.00774094709530601));
#2049=CARTESIAN_POINT('',(0.,0.00014,0.));
#2050=CARTESIAN_POINT('',(-0.000750000000000031,0.00014,-0.00796476616103699));
#2051=CARTESIAN_POINT('',(-0.000750000000000031,-0.00719336605275237,-0.00796476616103699));
#2052=CARTESIAN_POINT('',(0.,0.00014,0.));
#2053=CARTESIAN_POINT('',(0.,0.,0.));
#2054=CARTESIAN_POINT('',(0.00201934099836385,0.,-0.00774094709530603));
#2055=CARTESIAN_POINT('',(0.000749999999999969,0.,-0.007964766161037));
#2056=CARTESIAN_POINT('',(0.000749999999999969,-0.00719336605275237,-0.007964766161037));
#2057=CARTESIAN_POINT('',(0.000749999999999969,0.00014,-0.007964766161037));
#2058=CARTESIAN_POINT('',(0.,0.00014,0.));
#2059=CARTESIAN_POINT('',(0.00201934099836385,0.00014,-0.00774094709530603));
#2060=CARTESIAN_POINT('',(0.00201934099836385,-0.00779599214845746,-0.00774094709530603));
#2061=CARTESIAN_POINT('',(0.,0.00014,0.));
#2062=CARTESIAN_POINT('',(0.,0.,0.));
#2063=CARTESIAN_POINT('',(0.00454511967002596,0.,-0.00658345556566938));
#2064=CARTESIAN_POINT('',(0.00342887992954272,0.,-0.00722791688031753));
#2065=CARTESIAN_POINT('',(0.00342887992954272,-0.00779599214845746,-0.00722791688031753));
#2066=CARTESIAN_POINT('',(0.00342887992954272,0.00014,-0.00722791688031753));
#2067=CARTESIAN_POINT('',(0.,0.00014,0.));
#2068=CARTESIAN_POINT('',(0.00454511967002596,0.00014,-0.00658345556566938));
#2069=CARTESIAN_POINT('',(0.00454511967002596,-0.0080835313649774,-0.00658345556566938));
#2070=CARTESIAN_POINT('',(0.,0.00014,0.));
#2071=CARTESIAN_POINT('',(0.,0.,0.));
#2072=CARTESIAN_POINT('',(0.00652268983066069,0.,-0.00463190213335684));
#2073=CARTESIAN_POINT('',(0.00569418633470443,0.,-0.00561927415113957));
#2074=CARTESIAN_POINT('',(0.00569418633470443,-0.0080835313649774,-0.00561927415113957));
#2075=CARTESIAN_POINT('',(0.00569418633470443,0.00014,-0.00561927415113957));
#2076=CARTESIAN_POINT('',(0.,0.00014,0.));
#2077=CARTESIAN_POINT('',(0.00652268983066069,0.00014,-0.00463190213335684));
#2078=CARTESIAN_POINT('',(0.00652268983066069,-0.00798573007862951,-0.00463190213335684));
#2079=CARTESIAN_POINT('',(0.,0.00014,0.));
#2080=CARTESIAN_POINT('',(0.,0.,0.));
#2081=CARTESIAN_POINT('',(0.007964766161037,0.,-0.00075));
#2082=CARTESIAN_POINT('',(0.00727268983066069,0.,-0.00333286402768018));
#2083=CARTESIAN_POINT('',(0.00727268983066069,-0.00798573007862951,-0.00333286402768018));
#2084=CARTESIAN_POINT('',(0.00727268983066069,0.00014,-0.00333286402768018));
#2085=CARTESIAN_POINT('',(0.,0.00014,0.));
#2086=CARTESIAN_POINT('',(0.007964766161037,0.00014,-0.00075));
#2087=CARTESIAN_POINT('',(0.007964766161037,-0.00719336605275237,-0.00075));
#2088=CARTESIAN_POINT('',(0.,0.00014,0.));
#2089=CARTESIAN_POINT('',(0.,0.00014,0.));
#2090=CARTESIAN_POINT('',(-0.00774094709530601,0.00014,-0.00201934099836394));
#2091=CARTESIAN_POINT('',(-0.007964766161037,0.00014,-0.00075));
#2092=CARTESIAN_POINT('',(-0.00774094709530601,-0.00779599214845748,-0.00201934099836394));
#2093=CARTESIAN_POINT('',(-0.00774094709530601,0.,-0.00201934099836394));
#2094=CARTESIAN_POINT('',(0.,0.,0.));
#2095=CARTESIAN_POINT('',(-0.007964766161037,0.,-0.00075));
#2096=CARTESIAN_POINT('',(-0.007964766161037,-0.00719336605275237,-0.00075));
#2097=CARTESIAN_POINT('',(0.,0.00014,0.));
#2098=CARTESIAN_POINT('',(0.,0.00014,0.));
#2099=CARTESIAN_POINT('',(-0.007964766161037,0.00014,0.00075));
#2100=CARTESIAN_POINT('',(-0.00774094709530604,0.00014,0.00201934099836383));
#2101=CARTESIAN_POINT('',(-0.007964766161037,-0.00719336605275237,0.00075));
#2102=CARTESIAN_POINT('',(-0.007964766161037,0.,0.00075));
#2103=CARTESIAN_POINT('',(0.,0.,0.));
#2104=CARTESIAN_POINT('',(-0.00774094709530604,0.,0.00201934099836383));
#2105=CARTESIAN_POINT('',(-0.00774094709530604,-0.00779599214845746,0.00201934099836383));
#2106=CARTESIAN_POINT('',(0.,0.00014,0.));
#2107=CARTESIAN_POINT('',(0.,0.00014,0.));
#2108=CARTESIAN_POINT('',(-0.00722791688031754,0.00014,0.0034288799295427));
#2109=CARTESIAN_POINT('',(-0.00658345556566939,0.00014,0.00454511967002594));
#2110=CARTESIAN_POINT('',(-0.00722791688031754,-0.00779599214845746,0.0034288799295427));
#2111=CARTESIAN_POINT('',(-0.00722791688031754,0.,0.0034288799295427));
#2112=CARTESIAN_POINT('',(0.,0.,0.));
#2113=CARTESIAN_POINT('',(-0.00658345556566939,0.,0.00454511967002594));
#2114=CARTESIAN_POINT('',(-0.00658345556566939,-0.0080835313649774,0.00454511967002594));
#2115=CARTESIAN_POINT('',(0.,0.00014,0.));
#2116=CARTESIAN_POINT('',(0.,0.00014,0.));
#2117=CARTESIAN_POINT('',(-0.00561927415113959,0.00014,0.00569418633470441));
#2118=CARTESIAN_POINT('',(-0.00463190213335686,0.00014,0.00652268983066068));
#2119=CARTESIAN_POINT('',(-0.00561927415113959,-0.0080835313649774,0.00569418633470441));
#2120=CARTESIAN_POINT('',(-0.00561927415113959,0.,0.00569418633470441));
#2121=CARTESIAN_POINT('',(0.,0.,0.));
#2122=CARTESIAN_POINT('',(-0.00463190213335686,0.,0.00652268983066068));
#2123=CARTESIAN_POINT('',(-0.00463190213335686,-0.00798573007862951,0.00652268983066068));
#2124=CARTESIAN_POINT('',(0.,0.00014,0.));
#2125=CARTESIAN_POINT('',(0.,0.00014,0.));
#2126=CARTESIAN_POINT('',(-0.0033328640276802,0.00014,0.00727268983066068));
#2127=CARTESIAN_POINT('',(-0.00212167294416649,0.00014,0.00771352733306831));
#2128=CARTESIAN_POINT('',(-0.0033328640276802,-0.00798573007862951,0.00727268983066068));
#2129=CARTESIAN_POINT('',(-0.0033328640276802,0.,0.00727268983066068));
#2130=CARTESIAN_POINT('',(0.,0.,0.));
#2131=CARTESIAN_POINT('',(-0.00212167294416649,0.,0.00771352733306831));
#2132=CARTESIAN_POINT('',(-0.00212167294416649,-0.00752603426944057,0.00771352733306831));
#2133=CARTESIAN_POINT('',(0.,0.00014,0.));
#2134=CARTESIAN_POINT('',(0.,0.00014,0.));
#2135=CARTESIAN_POINT('',(-0.000644461314648181,0.00014,0.00797399959956871));
#2136=CARTESIAN_POINT('',(0.000644461314648127,0.00014,0.00797399959956871));
#2137=CARTESIAN_POINT('',(-0.000644461314648181,-0.00752603426944057,0.00797399959956871));
#2138=CARTESIAN_POINT('',(-0.000644461314648181,0.,0.00797399959956871));
#2139=CARTESIAN_POINT('',(0.,0.,0.));
#2140=CARTESIAN_POINT('',(0.000644461314648127,0.,0.00797399959956871));
#2141=CARTESIAN_POINT('',(0.000644461314648127,-0.00752603426944055,0.00797399959956871));
#2142=CARTESIAN_POINT('',(0.,0.00014,0.));
#2143=CARTESIAN_POINT('',(0.,0.00014,0.));
#2144=CARTESIAN_POINT('',(0.00212167294416644,0.00014,0.00771352733306832));
#2145=CARTESIAN_POINT('',(0.00333286402768015,0.00014,0.00727268983066071));
#2146=CARTESIAN_POINT('',(0.00212167294416644,-0.00752603426944055,0.00771352733306832));
#2147=CARTESIAN_POINT('',(0.00212167294416644,0.,0.00771352733306832));
#2148=CARTESIAN_POINT('',(0.,0.,0.));
#2149=CARTESIAN_POINT('',(0.00333286402768015,0.,0.00727268983066071));
#2150=CARTESIAN_POINT('',(0.00333286402768015,-0.00798573007862951,0.00727268983066071));
#2151=CARTESIAN_POINT('',(0.,0.00014,0.));
#2152=CARTESIAN_POINT('',(0.,0.00014,0.));
#2153=CARTESIAN_POINT('',(0.00463190213335681,0.00014,0.00652268983066071));
#2154=CARTESIAN_POINT('',(0.00561927415113955,0.00014,0.00569418633470445));
#2155=CARTESIAN_POINT('',(0.00463190213335681,-0.00798573007862951,0.00652268983066071));
#2156=CARTESIAN_POINT('',(0.00463190213335681,0.,0.00652268983066071));
#2157=CARTESIAN_POINT('',(0.,0.,0.));
#2158=CARTESIAN_POINT('',(0.00561927415113955,0.,0.00569418633470445));
#2159=CARTESIAN_POINT('',(0.00561927415113955,-0.00808353136497741,0.00569418633470445));
#2160=CARTESIAN_POINT('',(0.,0.00014,0.));
#2161=CARTESIAN_POINT('',(0.,0.00014,0.));
#2162=CARTESIAN_POINT('',(0.00658345556566936,0.00014,0.00454511967002598));
#2163=CARTESIAN_POINT('',(0.00722791688031752,0.00014,0.00342887992954275));
#2164=CARTESIAN_POINT('',(0.00658345556566937,-0.00808353136497741,0.00454511967002598));
#2165=CARTESIAN_POINT('',(0.00658345556566937,0.,0.00454511967002598));
#2166=CARTESIAN_POINT('',(0.,0.,0.));
#2167=CARTESIAN_POINT('',(0.00722791688031752,0.,0.00342887992954275));
#2168=CARTESIAN_POINT('',(0.00722791688031752,-0.00779599214845747,0.00342887992954275));
#2169=CARTESIAN_POINT('',(0.,0.00014,0.));
#2170=CARTESIAN_POINT('',(0.,0.00014,0.));
#2171=CARTESIAN_POINT('',(0.00774094709530602,0.00014,0.00201934099836388));
#2172=CARTESIAN_POINT('',(0.007964766161037,0.00014,0.00075));
#2173=CARTESIAN_POINT('',(0.00774094709530602,-0.00779599214845747,0.00201934099836388));
#2174=CARTESIAN_POINT('',(0.00774094709530602,0.,0.00201934099836388));
#2175=CARTESIAN_POINT('',(0.,0.,0.));
#2176=CARTESIAN_POINT('',(0.007964766161037,0.,0.00075));
#2177=CARTESIAN_POINT('',(0.007964766161037,-0.00719336605275237,0.00075));
#2178=CARTESIAN_POINT('',(0.,0.00014,0.));
#2179=CARTESIAN_POINT('',(-0.007,0.00014,0.));
#2180=CARTESIAN_POINT('',(-0.007,0.00014,0.00045));
#2181=CARTESIAN_POINT('',(0.007,0.00014,0.));
#2182=CARTESIAN_POINT('',(0.007,0.00014,0.00045));
#2183=CARTESIAN_POINT('',(0.,0.00014,0.));
#2184=CARTESIAN_POINT('',(0.,0.00014,0.006));
#2185=CARTESIAN_POINT('',(0.00727268983066069,0.00014,-0.00333286402768018));
#2186=CARTESIAN_POINT('',(0.0127158620039282,0.00014,-0.00647548094716169));
#2187=CARTESIAN_POINT('',(0.0123408620039282,0.00014,-0.007125));
#2188=CARTESIAN_POINT('',(0.0119658620039282,0.00014,-0.00777451905283834));
#2189=CARTESIAN_POINT('',(0.00652268983066069,0.00014,-0.00463190213335684));
#2190=CARTESIAN_POINT('',(0.00569418633470443,0.00014,-0.00561927415113957));
#2191=CARTESIAN_POINT('',(0.00973425677037239,0.00014,-0.0104340426071806));
#2192=CARTESIAN_POINT('',(0.00915972343803316,0.00014,-0.0109161333144455));
#2193=CARTESIAN_POINT('',(0.00858519010569393,0.00014,-0.0113982240217104));
#2194=CARTESIAN_POINT('',(0.00454511967002596,0.00014,-0.00658345556566938));
#2195=CARTESIAN_POINT('',(0.00342887992954272,0.00014,-0.00722791688031753));
#2196=CARTESIAN_POINT('',(0.00557855650798017,0.00014,-0.013134104738705));
#2197=CARTESIAN_POINT('',(0.00487378704239074,0.00014,-0.0133906198461992));
#2198=CARTESIAN_POINT('',(0.00416901757680131,0.00014,-0.0136471349536935));
#2199=CARTESIAN_POINT('',(0.00201934099836385,0.00014,-0.00774094709530603));
#2200=CARTESIAN_POINT('',(0.000749999999999969,0.00014,-0.007964766161037));
#2201=CARTESIAN_POINT('',(0.000749999999999943,0.00014,-0.01425));
#2202=CARTESIAN_POINT('',(-5.63785129692462E-17,0.00014,-0.01425));
#2203=CARTESIAN_POINT('',(-0.000750000000000053,0.00014,-0.01425));
#2204=CARTESIAN_POINT('',(-0.000750000000000031,0.00014,-0.00796476616103699));
#2205=CARTESIAN_POINT('',(-0.00201934099836391,0.00014,-0.00774094709530602));
#2206=CARTESIAN_POINT('',(-0.00416901757680141,0.00014,-0.0136471349536934));
#2207=CARTESIAN_POINT('',(-0.00487378704239084,0.00014,-0.0133906198461992));
#2208=CARTESIAN_POINT('',(-0.00557855650798027,0.00014,-0.0131341047387049));
#2209=CARTESIAN_POINT('',(-0.00342887992954278,0.00014,-0.00722791688031751));
#2210=CARTESIAN_POINT('',(-0.00454511967002601,0.00014,-0.00658345556566935));
#2211=CARTESIAN_POINT('',(-0.00858519010569401,0.00014,-0.0113982240217103));
#2212=CARTESIAN_POINT('',(-0.00915972343803324,0.00014,-0.0109161333144454));
#2213=CARTESIAN_POINT('',(-0.00973425677037247,0.00014,-0.0104340426071805));
#2214=CARTESIAN_POINT('',(-0.00569418633470447,0.00014,-0.00561927415113953));
#2215=CARTESIAN_POINT('',(-0.0072279168803175,0.00014,-0.0034288799295428));
#2216=CARTESIAN_POINT('',(-0.0131341047387049,0.00014,-0.00557855650798031));
#2217=CARTESIAN_POINT('',(-0.0133906198461992,0.00014,-0.00487378704239088));
#2218=CARTESIAN_POINT('',(-0.0136471349536934,0.00014,-0.00416901757680145));
#2219=CARTESIAN_POINT('',(-0.00774094709530601,0.00014,-0.00201934099836394));
#2220=CARTESIAN_POINT('',(-0.007964766161037,0.00014,-0.00075));
#2221=CARTESIAN_POINT('',(-0.01425,0.00014,-0.00075));
#2222=CARTESIAN_POINT('',(-0.01425,0.00014,0.));
#2223=CARTESIAN_POINT('',(-0.01425,0.00014,0.00075));
#2224=CARTESIAN_POINT('',(-0.007964766161037,0.00014,0.00075));
#2225=CARTESIAN_POINT('',(-0.00774094709530604,0.00014,0.00201934099836383));
#2226=CARTESIAN_POINT('',(-0.0136471349536935,0.00014,0.00416901757680127));
#2227=CARTESIAN_POINT('',(-0.0133906198461992,0.00014,0.0048737870423907));
#2228=CARTESIAN_POINT('',(-0.013134104738705,0.00014,0.00557855650798013));
#2229=CARTESIAN_POINT('',(-0.00722791688031754,0.00014,0.0034288799295427));
#2230=CARTESIAN_POINT('',(-0.00658345556566939,0.00014,0.00454511967002594));
#2231=CARTESIAN_POINT('',(-0.0113982240217104,0.00014,0.00858519010569389));
#2232=CARTESIAN_POINT('',(-0.0109161333144455,0.00014,0.00915972343803313));
#2233=CARTESIAN_POINT('',(-0.0104340426071806,0.00014,0.00973425677037237));
#2234=CARTESIAN_POINT('',(-0.00561927415113959,0.00014,0.00569418633470441));
#2235=CARTESIAN_POINT('',(-0.00463190213335686,0.00014,0.00652268983066068));
#2236=CARTESIAN_POINT('',(-0.00777451905283839,0.00014,0.0119658620039282));
#2237=CARTESIAN_POINT('',(-0.007125,0.00014,0.0123408620039282));
#2238=CARTESIAN_POINT('',(-0.00647548094716173,0.00014,0.0127158620039282));
#2239=CARTESIAN_POINT('',(-0.0033328640276802,0.00014,0.00727268983066068));
#2240=CARTESIAN_POINT('',(-0.00212167294416649,0.00014,0.00771352733306831));
#2241=CARTESIAN_POINT('',(-0.00321309234651297,0.00014,0.0139032743471738));
#2242=CARTESIAN_POINT('',(-0.00247448653175381,0.00014,0.014033510480424));
#2243=CARTESIAN_POINT('',(-0.00173588071699465,0.00014,0.0141637466136742));
#2244=CARTESIAN_POINT('',(-0.000644461314648181,0.00014,0.00797399959956871));
#2245=CARTESIAN_POINT('',(0.000644461314648127,0.00014,0.00797399959956871));
#2246=CARTESIAN_POINT('',(0.00173588071699456,0.00014,0.0141637466136742));
#2247=CARTESIAN_POINT('',(0.00247448653175371,0.00014,0.014033510480424));
#2248=CARTESIAN_POINT('',(0.00321309234651287,0.00014,0.0139032743471738));
#2249=CARTESIAN_POINT('',(0.00212167294416644,0.00014,0.00771352733306832));
#2250=CARTESIAN_POINT('',(0.00333286402768015,0.00014,0.00727268983066071));
#2251=CARTESIAN_POINT('',(0.00647548094716164,0.00014,0.0127158620039283));
#2252=CARTESIAN_POINT('',(0.007125,0.00014,0.0123408620039283));
#2253=CARTESIAN_POINT('',(0.0077745190528383,0.00014,0.0119658620039283));
#2254=CARTESIAN_POINT('',(0.00463190213335681,0.00014,0.00652268983066071));
#2255=CARTESIAN_POINT('',(0.00561927415113955,0.00014,0.00569418633470445));
#2256=CARTESIAN_POINT('',(0.0104340426071805,0.00014,0.00973425677037244));
#2257=CARTESIAN_POINT('',(0.0109161333144454,0.00014,0.0091597234380332));
#2258=CARTESIAN_POINT('',(0.0113982240217103,0.00014,0.00858519010569397));
#2259=CARTESIAN_POINT('',(0.00658345556566937,0.00014,0.00454511967002598));
#2260=CARTESIAN_POINT('',(0.00722791688031752,0.00014,0.00342887992954275));
#2261=CARTESIAN_POINT('',(0.0131341047387049,0.00014,0.00557855650798022));
#2262=CARTESIAN_POINT('',(0.0133906198461992,0.00014,0.00487378704239079));
#2263=CARTESIAN_POINT('',(0.0136471349536934,0.00014,0.00416901757680136));
#2264=CARTESIAN_POINT('',(0.00774094709530602,0.00014,0.00201934099836388));
#2265=CARTESIAN_POINT('',(0.007964766161037,0.00014,0.00075));
#2266=CARTESIAN_POINT('',(0.01425,0.00014,0.00075));
#2267=CARTESIAN_POINT('',(0.01425,0.00014,0.));
#2268=CARTESIAN_POINT('',(0.01425,0.00014,-0.00075));
#2269=CARTESIAN_POINT('',(0.007964766161037,0.00014,-0.00075));
#2270=CARTESIAN_POINT('',(0.,0.,0.));
#2271=CARTESIAN_POINT('',(-0.007,0.,0.));
#2272=CARTESIAN_POINT('',(-0.007,0.,0.00045));
#2273=CARTESIAN_POINT('',(0.007,0.,0.));
#2274=CARTESIAN_POINT('',(0.007,0.,0.00045));
#2275=CARTESIAN_POINT('',(0.,0.,0.));
#2276=CARTESIAN_POINT('',(0.,0.,0.006));
#2277=CARTESIAN_POINT('',(0.007964766161037,0.,-0.00075));
#2278=CARTESIAN_POINT('',(0.01425,0.,-0.00075));
#2279=CARTESIAN_POINT('',(0.01425,0.,0.));
#2280=CARTESIAN_POINT('',(0.01425,0.,0.00075));
#2281=CARTESIAN_POINT('',(0.007964766161037,0.,0.00075));
#2282=CARTESIAN_POINT('',(0.00774094709530602,0.,0.00201934099836388));
#2283=CARTESIAN_POINT('',(0.0136471349536934,0.,0.00416901757680136));
#2284=CARTESIAN_POINT('',(0.0133906198461992,0.,0.00487378704239079));
#2285=CARTESIAN_POINT('',(0.0131341047387049,0.,0.00557855650798022));
#2286=CARTESIAN_POINT('',(0.00722791688031752,0.,0.00342887992954275));
#2287=CARTESIAN_POINT('',(0.00658345556566937,0.,0.00454511967002598));
#2288=CARTESIAN_POINT('',(0.0113982240217103,0.,0.00858519010569397));
#2289=CARTESIAN_POINT('',(0.0109161333144454,0.,0.0091597234380332));
#2290=CARTESIAN_POINT('',(0.0104340426071805,0.,0.00973425677037244));
#2291=CARTESIAN_POINT('',(0.00561927415113955,0.,0.00569418633470445));
#2292=CARTESIAN_POINT('',(0.00463190213335681,0.,0.00652268983066071));
#2293=CARTESIAN_POINT('',(0.0077745190528383,0.,0.0119658620039283));
#2294=CARTESIAN_POINT('',(0.007125,0.,0.0123408620039283));
#2295=CARTESIAN_POINT('',(0.00647548094716164,0.,0.0127158620039283));
#2296=CARTESIAN_POINT('',(0.00333286402768015,0.,0.00727268983066071));
#2297=CARTESIAN_POINT('',(0.00212167294416644,0.,0.00771352733306832));
#2298=CARTESIAN_POINT('',(0.00321309234651287,0.,0.0139032743471738));
#2299=CARTESIAN_POINT('',(0.00247448653175371,0.,0.014033510480424));
#2300=CARTESIAN_POINT('',(0.00173588071699456,0.,0.0141637466136742));
#2301=CARTESIAN_POINT('',(0.000644461314648127,0.,0.00797399959956871));
#2302=CARTESIAN_POINT('',(-0.000644461314648181,0.,0.00797399959956871));
#2303=CARTESIAN_POINT('',(-0.00173588071699465,0.,0.0141637466136742));
#2304=CARTESIAN_POINT('',(-0.00247448653175381,0.,0.014033510480424));
#2305=CARTESIAN_POINT('',(-0.00321309234651296,0.,0.0139032743471738));
#2306=CARTESIAN_POINT('',(-0.00212167294416649,0.,0.00771352733306831));
#2307=CARTESIAN_POINT('',(-0.0033328640276802,0.,0.00727268983066068));
#2308=CARTESIAN_POINT('',(-0.00647548094716173,0.,0.0127158620039282));
#2309=CARTESIAN_POINT('',(-0.007125,0.,0.0123408620039282));
#2310=CARTESIAN_POINT('',(-0.00777451905283838,0.,0.0119658620039282));
#2311=CARTESIAN_POINT('',(-0.00463190213335686,0.,0.00652268983066068));
#2312=CARTESIAN_POINT('',(-0.00561927415113959,0.,0.00569418633470441));
#2313=CARTESIAN_POINT('',(-0.0104340426071806,0.,0.00973425677037237));
#2314=CARTESIAN_POINT('',(-0.0109161333144455,0.,0.00915972343803313));
#2315=CARTESIAN_POINT('',(-0.0113982240217104,0.,0.00858519010569389));
#2316=CARTESIAN_POINT('',(-0.00658345556566939,0.,0.00454511967002594));
#2317=CARTESIAN_POINT('',(-0.00722791688031754,0.,0.0034288799295427));
#2318=CARTESIAN_POINT('',(-0.013134104738705,0.,0.00557855650798013));
#2319=CARTESIAN_POINT('',(-0.0133906198461992,0.,0.0048737870423907));
#2320=CARTESIAN_POINT('',(-0.0136471349536935,0.,0.00416901757680127));
#2321=CARTESIAN_POINT('',(-0.00774094709530604,0.,0.00201934099836383));
#2322=CARTESIAN_POINT('',(-0.007964766161037,0.,0.00075));
#2323=CARTESIAN_POINT('',(-0.01425,0.,0.00075));
#2324=CARTESIAN_POINT('',(-0.01425,0.,0.));
#2325=CARTESIAN_POINT('',(-0.01425,0.,-0.00075));
#2326=CARTESIAN_POINT('',(-0.007964766161037,0.,-0.00075));
#2327=CARTESIAN_POINT('',(-0.00774094709530601,0.,-0.00201934099836394));
#2328=CARTESIAN_POINT('',(-0.0136471349536934,0.,-0.00416901757680145));
#2329=CARTESIAN_POINT('',(-0.0133906198461992,0.,-0.00487378704239088));
#2330=CARTESIAN_POINT('',(-0.0131341047387049,0.,-0.00557855650798031));
#2331=CARTESIAN_POINT('',(-0.0072279168803175,0.,-0.0034288799295428));
#2332=CARTESIAN_POINT('',(-0.00569418633470447,0.,-0.00561927415113953));
#2333=CARTESIAN_POINT('',(-0.00973425677037247,0.,-0.0104340426071805));
#2334=CARTESIAN_POINT('',(-0.00915972343803324,0.,-0.0109161333144454));
#2335=CARTESIAN_POINT('',(-0.00858519010569401,0.,-0.0113982240217103));
#2336=CARTESIAN_POINT('',(-0.00454511967002601,0.,-0.00658345556566935));
#2337=CARTESIAN_POINT('',(-0.00342887992954278,0.,-0.00722791688031751));
#2338=CARTESIAN_POINT('',(-0.00557855650798027,0.,-0.0131341047387049));
#2339=CARTESIAN_POINT('',(-0.00487378704239084,0.,-0.0133906198461992));
#2340=CARTESIAN_POINT('',(-0.00416901757680141,0.,-0.0136471349536934));
#2341=CARTESIAN_POINT('',(-0.00201934099836391,0.,-0.00774094709530602));
#2342=CARTESIAN_POINT('',(-0.000750000000000031,0.,-0.00796476616103699));
#2343=CARTESIAN_POINT('',(-0.000750000000000056,0.,-0.01425));
#2344=CARTESIAN_POINT('',(-5.63785129692462E-17,0.,-0.01425));
#2345=CARTESIAN_POINT('',(0.000749999999999943,0.,-0.01425));
#2346=CARTESIAN_POINT('',(0.000749999999999969,0.,-0.007964766161037));
#2347=CARTESIAN_POINT('',(0.00201934099836385,0.,-0.00774094709530603));
#2348=CARTESIAN_POINT('',(0.00416901757680131,0.,-0.0136471349536935));
#2349=CARTESIAN_POINT('',(0.00487378704239074,0.,-0.0133906198461992));
#2350=CARTESIAN_POINT('',(0.00557855650798017,0.,-0.013134104738705));
#2351=CARTESIAN_POINT('',(0.00342887992954272,0.,-0.00722791688031753));
#2352=CARTESIAN_POINT('',(0.00454511967002596,0.,-0.00658345556566938));
#2353=CARTESIAN_POINT('',(0.00858519010569392,0.,-0.0113982240217104));
#2354=CARTESIAN_POINT('',(0.00915972343803316,0.,-0.0109161333144455));
#2355=CARTESIAN_POINT('',(0.00973425677037239,0.,-0.0104340426071806));
#2356=CARTESIAN_POINT('',(0.00569418633470443,0.,-0.00561927415113957));
#2357=CARTESIAN_POINT('',(0.00652268983066069,0.,-0.00463190213335684));
#2358=CARTESIAN_POINT('',(0.0119658620039282,0.,-0.00777451905283835));
#2359=CARTESIAN_POINT('',(0.0123408620039282,0.,-0.007125));
#2360=CARTESIAN_POINT('',(0.0127158620039282,0.,-0.00647548094716169));
#2361=CARTESIAN_POINT('',(0.00727268983066069,0.,-0.00333286402768018));
#2362=CARTESIAN_POINT('',(0.01425,-0.00719336605275237,0.));
#2363=CARTESIAN_POINT('',(0.01425,-0.00719336605275237,-0.00075));
#2364=CARTESIAN_POINT('',(0.01425,-0.00719336605275237,0.00075));
#2365=CARTESIAN_POINT('',(0.007964766161037,-0.00719336605275237,0.00075));
#2366=CARTESIAN_POINT('',(0.007964766161037,-0.00719336605275237,-0.00075));
#2367=CARTESIAN_POINT('',(0.0133906198461992,-0.00779599214845747,0.00487378704239079));
#2368=CARTESIAN_POINT('',(0.0136471349536934,-0.00779599214845747,0.00416901757680136));
#2369=CARTESIAN_POINT('',(0.0131341047387049,-0.00779599214845747,0.00557855650798022));
#2370=CARTESIAN_POINT('',(0.00722791688031752,-0.00779599214845747,0.00342887992954275));
#2371=CARTESIAN_POINT('',(0.00774094709530602,-0.00779599214845747,0.00201934099836388));
#2372=CARTESIAN_POINT('',(0.0109161333144454,-0.00808353136497741,0.0091597234380332));
#2373=CARTESIAN_POINT('',(0.0113982240217103,-0.00808353136497741,0.00858519010569397));
#2374=CARTESIAN_POINT('',(0.0104340426071805,-0.00808353136497741,0.00973425677037244));
#2375=CARTESIAN_POINT('',(0.00561927415113955,-0.00808353136497741,0.00569418633470445));
#2376=CARTESIAN_POINT('',(0.00658345556566937,-0.00808353136497741,0.00454511967002598));
#2377=CARTESIAN_POINT('',(0.007125,-0.00798573007862951,0.0123408620039283));
#2378=CARTESIAN_POINT('',(0.0077745190528383,-0.00798573007862951,0.0119658620039283));
#2379=CARTESIAN_POINT('',(0.00647548094716164,-0.00798573007862951,0.0127158620039283));
#2380=CARTESIAN_POINT('',(0.00333286402768015,-0.00798573007862951,0.00727268983066071));
#2381=CARTESIAN_POINT('',(0.00463190213335681,-0.00798573007862951,0.00652268983066071));
#2382=CARTESIAN_POINT('',(0.00247448653175371,-0.00752603426944055,0.014033510480424));
#2383=CARTESIAN_POINT('',(0.00321309234651287,-0.00752603426944055,0.0139032743471738));
#2384=CARTESIAN_POINT('',(0.00173588071699456,-0.00752603426944055,0.0141637466136742));
#2385=CARTESIAN_POINT('',(0.000644461314648127,-0.00752603426944055,0.00797399959956871));
#2386=CARTESIAN_POINT('',(0.00212167294416644,-0.00752603426944055,0.00771352733306832));
#2387=CARTESIAN_POINT('',(-0.00247448653175381,-0.00752603426944057,0.014033510480424));
#2388=CARTESIAN_POINT('',(-0.00173588071699465,-0.00752603426944057,0.0141637466136742));
#2389=CARTESIAN_POINT('',(-0.00321309234651297,-0.00752603426944057,0.0139032743471738));
#2390=CARTESIAN_POINT('',(-0.00212167294416649,-0.00752603426944057,0.00771352733306831));
#2391=CARTESIAN_POINT('',(-0.000644461314648181,-0.00752603426944057,0.00797399959956871));
#2392=CARTESIAN_POINT('',(-0.007125,-0.00798573007862951,0.0123408620039282));
#2393=CARTESIAN_POINT('',(-0.00647548094716173,-0.00798573007862951,0.0127158620039282));
#2394=CARTESIAN_POINT('',(-0.00777451905283839,-0.00798573007862951,0.0119658620039282));
#2395=CARTESIAN_POINT('',(-0.00463190213335686,-0.00798573007862951,0.00652268983066068));
#2396=CARTESIAN_POINT('',(-0.0033328640276802,-0.00798573007862951,0.00727268983066068));
#2397=CARTESIAN_POINT('',(-0.0109161333144455,-0.0080835313649774,0.00915972343803313));
#2398=CARTESIAN_POINT('',(-0.0104340426071806,-0.0080835313649774,0.00973425677037237));
#2399=CARTESIAN_POINT('',(-0.0113982240217104,-0.0080835313649774,0.00858519010569389));
#2400=CARTESIAN_POINT('',(-0.00658345556566939,-0.0080835313649774,0.00454511967002594));
#2401=CARTESIAN_POINT('',(-0.00561927415113959,-0.0080835313649774,0.00569418633470441));
#2402=CARTESIAN_POINT('',(-0.0133906198461992,-0.00779599214845746,0.0048737870423907));
#2403=CARTESIAN_POINT('',(-0.013134104738705,-0.00779599214845746,0.00557855650798013));
#2404=CARTESIAN_POINT('',(-0.0136471349536935,-0.00779599214845746,0.00416901757680127));
#2405=CARTESIAN_POINT('',(-0.00774094709530604,-0.00779599214845746,0.00201934099836383));
#2406=CARTESIAN_POINT('',(-0.00722791688031754,-0.00779599214845746,0.0034288799295427));
#2407=CARTESIAN_POINT('',(-0.01425,-0.00719336605275237,0.));
#2408=CARTESIAN_POINT('',(-0.01425,-0.00719336605275237,0.00075));
#2409=CARTESIAN_POINT('',(-0.01425,-0.00719336605275237,-0.00075));
#2410=CARTESIAN_POINT('',(-0.007964766161037,-0.00719336605275237,-0.00075));
#2411=CARTESIAN_POINT('',(-0.007964766161037,-0.00719336605275237,0.00075));
#2412=CARTESIAN_POINT('',(-0.0133906198461992,-0.00779599214845748,-0.00487378704239088));
#2413=CARTESIAN_POINT('',(-0.0136471349536934,-0.00779599214845748,-0.00416901757680145));
#2414=CARTESIAN_POINT('',(-0.0131341047387049,-0.00779599214845748,-0.00557855650798031));
#2415=CARTESIAN_POINT('',(-0.0072279168803175,-0.00779599214845748,-0.0034288799295428));
#2416=CARTESIAN_POINT('',(-0.00774094709530601,-0.00779599214845748,-0.00201934099836394));
#2417=CARTESIAN_POINT('',(0.00652268983066069,-0.00798573007862951,-0.00463190213335684));
#2418=CARTESIAN_POINT('',(0.0119658620039282,-0.00798573007862951,-0.00777451905283834));
#2419=CARTESIAN_POINT('',(0.0123408620039282,-0.00798573007862951,-0.007125));
#2420=CARTESIAN_POINT('',(0.0127158620039282,-0.00798573007862951,-0.00647548094716169));
#2421=CARTESIAN_POINT('',(0.00727268983066069,-0.00798573007862951,-0.00333286402768018));
#2422=CARTESIAN_POINT('',(0.00454511967002596,-0.0080835313649774,-0.00658345556566938));
#2423=CARTESIAN_POINT('',(0.00858519010569393,-0.0080835313649774,-0.0113982240217104));
#2424=CARTESIAN_POINT('',(0.00915972343803316,-0.0080835313649774,-0.0109161333144455));
#2425=CARTESIAN_POINT('',(0.00973425677037239,-0.0080835313649774,-0.0104340426071806));
#2426=CARTESIAN_POINT('',(0.00569418633470443,-0.0080835313649774,-0.00561927415113957));
#2427=CARTESIAN_POINT('',(0.00201934099836385,-0.00779599214845746,-0.00774094709530603));
#2428=CARTESIAN_POINT('',(0.00416901757680131,-0.00779599214845746,-0.0136471349536935));
#2429=CARTESIAN_POINT('',(0.00487378704239074,-0.00779599214845746,-0.0133906198461992));
#2430=CARTESIAN_POINT('',(0.00557855650798017,-0.00779599214845746,-0.013134104738705));
#2431=CARTESIAN_POINT('',(0.00342887992954272,-0.00779599214845746,-0.00722791688031753));
#2432=CARTESIAN_POINT('',(-0.000750000000000031,-0.00719336605275237,-0.00796476616103699));
#2433=CARTESIAN_POINT('',(-0.000750000000000053,-0.00719336605275237,-0.01425));
#2434=CARTESIAN_POINT('',(-5.63785129692462E-17,-0.00719336605275237,-0.01425));
#2435=CARTESIAN_POINT('',(0.000749999999999943,-0.00719336605275237,-0.01425));
#2436=CARTESIAN_POINT('',(0.000749999999999969,-0.00719336605275237,-0.007964766161037));
#2437=CARTESIAN_POINT('',(-0.00342887992954278,-0.00779599214845747,-0.00722791688031751));
#2438=CARTESIAN_POINT('',(-0.00557855650798027,-0.00779599214845747,-0.0131341047387049));
#2439=CARTESIAN_POINT('',(-0.00487378704239084,-0.00779599214845747,-0.0133906198461992));
#2440=CARTESIAN_POINT('',(-0.00416901757680141,-0.00779599214845747,-0.0136471349536934));
#2441=CARTESIAN_POINT('',(-0.00201934099836391,-0.00779599214845747,-0.00774094709530602));
#2442=CARTESIAN_POINT('',(-0.00569418633470447,-0.0080835313649774,-0.00561927415113953));
#2443=CARTESIAN_POINT('',(-0.00973425677037247,-0.0080835313649774,-0.0104340426071805));
#2444=CARTESIAN_POINT('',(-0.00915972343803324,-0.0080835313649774,-0.0109161333144454));
#2445=CARTESIAN_POINT('',(-0.00858519010569401,-0.0080835313649774,-0.0113982240217103));
#2446=CARTESIAN_POINT('',(-0.00454511967002601,-0.0080835313649774,-0.00658345556566935));
#2447=CARTESIAN_POINT('',(0.,-1.E-6,0.));
#2448=CARTESIAN_POINT('',(0.007,0.00014,0.));
#2449=CARTESIAN_POINT('',(-0.007,0.00014,0.));
#2450=(
GEOMETRIC_REPRESENTATION_CONTEXT(3)
GLOBAL_UNCERTAINTY_ASSIGNED_CONTEXT((#2451))
GLOBAL_UNIT_ASSIGNED_CONTEXT((#2454,#2453,#2452))
REPRESENTATION_CONTEXT('id2','TOP_LEVEL_ASSEMBLY_PART')
);
#2451=UNCERTAINTY_MEASURE_WITH_UNIT(LENGTH_MEASURE(1.E-8),#2454,
'DISTANCE_ACCURACY_VALUE','Maximum Tolerance applied to model');
#2452=(
NAMED_UNIT(*)
SI_UNIT($,.STERADIAN.)
SOLID_ANGLE_UNIT()
);
#2453=(
NAMED_UNIT(*)
PLANE_ANGLE_UNIT()
SI_UNIT($,.RADIAN.)
);
#2454=(
LENGTH_UNIT()
NAMED_UNIT(*)
SI_UNIT($,.METRE.)
);
#2455=PRODUCT_DEFINITION_SHAPE('','',#2456);
#2456=PRODUCT_DEFINITION('','',#2458,#2457);
#2457=PRODUCT_DEFINITION_CONTEXT('',#2464,'design');
#2458=PRODUCT_DEFINITION_FORMATION_WITH_SPECIFIED_SOURCE('','',#2460,
 .NOT_KNOWN.);
#2459=PRODUCT_RELATED_PRODUCT_CATEGORY('','',(#2460));
#2460=PRODUCT('id2','id2','id2',(#2462));
#2461=PRODUCT_CATEGORY('','');
#2462=PRODUCT_CONTEXT('',#2464,'mechanical');
#2463=APPLICATION_PROTOCOL_DEFINITION('international standard',
'ap242_managed_model_based_3d_engineering',2020,#2464);
#2464=APPLICATION_CONTEXT('managed model based 3d engineering');
ENDSEC;
END-ISO-10303-21;
