ISO-10303-21;
HEADER;
/* Generated by software containing ST-Developer
 * from STEP Tools, Inc. (www.steptools.com) 
 */
/* OPTION: using custom renumber hook */

FILE_DESCRIPTION(
/* description */ ('STEP AP242 Edition 2',
'CAx-IF Rec.Pracs.---Representation and Presentation of Product Manufa
cturing Information (PMI)---4.0---2014-10-13',
'CAx-IF Rec.Pracs.---3D Tessellated Geometry---0.4---2014-09-14','2;1',
'CAx-IF Rec.Pracs.---User Defined Attributes---1.5---2016-08-15'),
/* implementation_level */ '2;1');

FILE_NAME(
/* name */ '10022',
/* time_stamp */ '2026-07-13T04:42:59Z',
/* author */ (''),
/* organization */ (''),
/* preprocessor_version */ 'ST-DEVELOPER v20',
/* originating_system */ 'ONSHAPE BY PTC INC, 1.217',
/* authorisation */ '  ');

FILE_SCHEMA (('AP242_MANAGED_MODEL_BASED_3D_ENGINEERING_MIM_LF { 1 0 10303 442 3 1 4 }'));
ENDSEC;

DATA;
#10=SHAPE_REPRESENTATION_RELATIONSHIP('','',#2033,#11);
#11=ADVANCED_BREP_SHAPE_REPRESENTATION('',(#2031),#3786);
#12=B_SPLINE_CURVE_WITH_KNOTS('',3,(#3485,#3486,#3487,#3488,#3489),
 .UNSPECIFIED.,.F.,.F.,(4,1,4),(2.78958944309685E-7,9.39769436665984E-5,
0.000187674928388887),.UNSPECIFIED.);
#13=B_SPLINE_CURVE_WITH_KNOTS('',3,(#3490,#3491,#3492,#3493,#3494),
 .UNSPECIFIED.,.F.,.F.,(4,1,4),(2.78958944307683E-7,9.39769436665997E-5,
0.000187674928388892),.UNSPECIFIED.);
#14=B_SPLINE_CURVE_WITH_KNOTS('',3,(#3495,#3496,#3497,#3498,#3499),
 .UNSPECIFIED.,.F.,.F.,(4,1,4),(2.78958944314588E-7,9.3976943666602E-5,
0.000187674928388889),.UNSPECIFIED.);
#15=B_SPLINE_CURVE_WITH_KNOTS('',3,(#3500,#3501,#3502,#3503,#3504),
 .UNSPECIFIED.,.F.,.F.,(4,1,4),(2.78958944309522E-7,9.3976943666595E-5,
0.000187674928388881),.UNSPECIFIED.);
#16=B_SPLINE_CURVE_WITH_KNOTS('',3,(#3505,#3506,#3507,#3508,#3509),
 .UNSPECIFIED.,.F.,.F.,(4,1,4),(2.78958944312081E-7,9.39769436666172E-5,
0.000187674928388922),.UNSPECIFIED.);
#17=B_SPLINE_CURVE_WITH_KNOTS('',3,(#3510,#3511,#3512,#3513,#3514),
 .UNSPECIFIED.,.F.,.F.,(4,1,4),(2.78958944380449E-7,9.39769436666702E-5,
0.00018767492838896),.UNSPECIFIED.);
#18=B_SPLINE_CURVE_WITH_KNOTS('',3,(#3515,#3516,#3517,#3518,#3519),
 .UNSPECIFIED.,.F.,.F.,(4,1,4),(2.78958944334707E-7,9.39769436666467E-5,
0.000187674928388959),.UNSPECIFIED.);
#19=B_SPLINE_CURVE_WITH_KNOTS('',3,(#3520,#3521,#3522,#3523,#3524),
 .UNSPECIFIED.,.F.,.F.,(4,1,4),(2.78958944314542E-7,9.39769436666025E-5,
0.00018767492838889),.UNSPECIFIED.);
#20=B_SPLINE_CURVE_WITH_KNOTS('',3,(#3525,#3526,#3527,#3528,#3529),
 .UNSPECIFIED.,.F.,.F.,(4,1,4),(2.78958944311856E-7,9.39769436665996E-5,
0.000187674928388887),.UNSPECIFIED.);
#21=B_SPLINE_CURVE_WITH_KNOTS('',3,(#3530,#3531,#3532,#3533,#3534),
 .UNSPECIFIED.,.F.,.F.,(4,1,4),(2.78958944307711E-7,9.39769436665993E-5,
0.000187674928388891),.UNSPECIFIED.);
#22=B_SPLINE_CURVE_WITH_KNOTS('',3,(#3535,#3536,#3537,#3538,#3539),
 .UNSPECIFIED.,.F.,.F.,(4,1,4),(2.78958944322014E-7,9.39769436666146E-5,
0.000187674928388907),.UNSPECIFIED.);
#23=B_SPLINE_CURVE_WITH_KNOTS('',3,(#3540,#3541,#3542,#3543,#3544),
 .UNSPECIFIED.,.F.,.F.,(4,1,4),(2.78958944314908E-7,9.39769436666032E-5,
0.000187674928388892),.UNSPECIFIED.);
#24=B_SPLINE_CURVE_WITH_KNOTS('',3,(#3545,#3546,#3547,#3548,#3549),
 .UNSPECIFIED.,.F.,.F.,(4,1,4),(2.78958944319131E-7,9.39769436666142E-5,
0.000187674928388909),.UNSPECIFIED.);
#25=B_SPLINE_CURVE_WITH_KNOTS('',3,(#3550,#3551,#3552,#3553,#3554),
 .UNSPECIFIED.,.F.,.F.,(4,1,4),(2.78958944307168E-7,9.39769436666011E-5,
0.000187674928388895),.UNSPECIFIED.);
#26=B_SPLINE_CURVE_WITH_KNOTS('',3,(#3555,#3556,#3557,#3558,#3559),
 .UNSPECIFIED.,.F.,.F.,(4,1,4),(2.7895894431958E-7,9.3976943666604E-5,0.000187674928388888),
 .UNSPECIFIED.);
#27=B_SPLINE_CURVE_WITH_KNOTS('',3,(#3560,#3561,#3562,#3563,#3564),
 .UNSPECIFIED.,.F.,.F.,(4,1,4),(2.78958944311906E-7,9.39769436666001E-5,
0.000187674928388888),.UNSPECIFIED.);
#28=B_SPLINE_CURVE_WITH_KNOTS('',3,(#3565,#3566,#3567,#3568,#3569),
 .UNSPECIFIED.,.F.,.F.,(4,1,4),(2.7895894431409E-7,9.39769436665955E-5,
0.000187674928388877),.UNSPECIFIED.);
#29=B_SPLINE_CURVE_WITH_KNOTS('',3,(#3570,#3571,#3572,#3573,#3574),
 .UNSPECIFIED.,.F.,.F.,(4,1,4),(2.78958944322004E-7,9.39769436666172E-5,
0.000187674928388912),.UNSPECIFIED.);
#30=B_SPLINE_CURVE_WITH_KNOTS('',3,(#3575,#3576,#3577,#3578,#3579),
 .UNSPECIFIED.,.F.,.F.,(4,1,4),(2.78958944711728E-7,9.39769436670298E-5,
0.000187674928389348),.UNSPECIFIED.);
#31=B_SPLINE_CURVE_WITH_KNOTS('',3,(#3580,#3581,#3582,#3583,#3584),
 .UNSPECIFIED.,.F.,.F.,(4,1,4),(2.78958944316956E-7,9.39769436666088E-5,
0.000187674928388901),.UNSPECIFIED.);
#32=B_SPLINE_CURVE_WITH_KNOTS('',3,(#3585,#3586,#3587,#3588,#3589),
 .UNSPECIFIED.,.F.,.F.,(4,1,4),(2.78958944307962E-7,9.39769436665987E-5,
0.000187674928388889),.UNSPECIFIED.);
#33=B_SPLINE_CURVE_WITH_KNOTS('',3,(#3590,#3591,#3592,#3593,#3594),
 .UNSPECIFIED.,.F.,.F.,(4,1,4),(2.78958944314595E-7,9.39769436666011E-5,
0.000187674928388888),.UNSPECIFIED.);
#34=B_SPLINE_CURVE_WITH_KNOTS('',3,(#3595,#3596,#3597,#3598,#3599),
 .UNSPECIFIED.,.F.,.F.,(4,1,4),(2.78958944314483E-7,9.39769436666051E-5,
0.000187674928388896),.UNSPECIFIED.);
#35=B_SPLINE_CURVE_WITH_KNOTS('',3,(#3600,#3601,#3602,#3603,#3604),
 .UNSPECIFIED.,.F.,.F.,(4,1,4),(2.78958944309992E-7,9.39769436665965E-5,
0.000187674928388883),.UNSPECIFIED.);
#36=B_SPLINE_CURVE_WITH_KNOTS('',3,(#3605,#3606,#3607,#3608,#3609),
 .UNSPECIFIED.,.F.,.F.,(4,1,4),(2.7895894431225E-7,9.39769436666034E-5,
0.000187674928388895),.UNSPECIFIED.);
#37=B_SPLINE_CURVE_WITH_KNOTS('',3,(#3610,#3611,#3612,#3613,#3614),
 .UNSPECIFIED.,.F.,.F.,(4,1,4),(2.78958944317072E-7,9.3976943666602E-5,
0.000187674928388887),.UNSPECIFIED.);
#38=B_SPLINE_CURVE_WITH_KNOTS('',3,(#3615,#3616,#3617,#3618,#3619),
 .UNSPECIFIED.,.F.,.F.,(4,1,4),(2.78958944315043E-7,9.39769436666035E-5,
0.000187674928388892),.UNSPECIFIED.);
#39=B_SPLINE_CURVE_WITH_KNOTS('',3,(#3620,#3621,#3622,#3623,#3624),
 .UNSPECIFIED.,.F.,.F.,(4,1,4),(2.78958944314588E-7,9.39769436666006E-5,
0.000187674928388887),.UNSPECIFIED.);
#40=B_SPLINE_CURVE_WITH_KNOTS('',3,(#3625,#3626,#3627,#3628,#3629),
 .UNSPECIFIED.,.F.,.F.,(4,1,4),(2.78958944316695E-7,9.39769436666128E-5,
0.000187674928388909),.UNSPECIFIED.);
#41=B_SPLINE_CURVE_WITH_KNOTS('',3,(#3630,#3631,#3632,#3633,#3634),
 .UNSPECIFIED.,.F.,.F.,(4,1,4),(2.78958944312081E-7,9.39769436665965E-5,
0.000187674928388881),.UNSPECIFIED.);
#42=B_SPLINE_CURVE_WITH_KNOTS('',3,(#3635,#3636,#3637,#3638,#3639),
 .UNSPECIFIED.,.F.,.F.,(4,1,4),(2.78958944315358E-7,9.39769436666098E-5,
0.000187674928388904),.UNSPECIFIED.);
#43=B_SPLINE_CURVE_WITH_KNOTS('',3,(#3640,#3641,#3642,#3643,#3644),
 .UNSPECIFIED.,.F.,.F.,(4,1,4),(2.78958944339242E-7,9.3976943666658E-5,
0.000187674928388977),.UNSPECIFIED.);
#44=B_SPLINE_CURVE_WITH_KNOTS('',3,(#3645,#3646,#3647,#3648,#3649),
 .UNSPECIFIED.,.F.,.F.,(4,1,4),(2.78958944309812E-7,9.39769436666021E-5,
0.000187674928388894),.UNSPECIFIED.);
#45=B_SPLINE_CURVE_WITH_KNOTS('',3,(#3650,#3651,#3652,#3653,#3654),
 .UNSPECIFIED.,.F.,.F.,(4,1,4),(2.78958944311856E-7,9.39769436666004E-5,
0.000187674928388889),.UNSPECIFIED.);
#46=B_SPLINE_CURVE_WITH_KNOTS('',3,(#3655,#3656,#3657,#3658,#3659),
 .UNSPECIFIED.,.F.,.F.,(4,1,4),(2.7895894431464E-7,9.39769436665997E-5,
0.000187674928388885),.UNSPECIFIED.);
#47=B_SPLINE_CURVE_WITH_KNOTS('',3,(#3660,#3661,#3662,#3663,#3664),
 .UNSPECIFIED.,.F.,.F.,(4,1,4),(2.78958944322014E-7,9.39769436666154E-5,
0.000187674928388909),.UNSPECIFIED.);
#48=B_SPLINE_CURVE_WITH_KNOTS('',3,(#3665,#3666,#3667,#3668,#3669),
 .UNSPECIFIED.,.F.,.F.,(4,1,4),(2.78958944314914E-7,9.39769436666026E-5,
0.00018767492838889),.UNSPECIFIED.);
#49=B_SPLINE_CURVE_WITH_KNOTS('',3,(#3670,#3671,#3672,#3673,#3674),
 .UNSPECIFIED.,.F.,.F.,(4,1,4),(2.78958944319131E-7,9.39769436666098E-5,
0.0001876749283889),.UNSPECIFIED.);
#50=B_SPLINE_CURVE_WITH_KNOTS('',3,(#3675,#3676,#3677,#3678,#3679),
 .UNSPECIFIED.,.F.,.F.,(4,1,4),(2.78958944314535E-7,9.39769436666023E-5,
0.00018767492838889),.UNSPECIFIED.);
#51=B_SPLINE_CURVE_WITH_KNOTS('',3,(#3680,#3681,#3682,#3683,#3684),
 .UNSPECIFIED.,.F.,.F.,(4,1,4),(2.78958944312213E-7,9.39769436666045E-5,
0.000187674928388897),.UNSPECIFIED.);
#52=B_SPLINE_CURVE_WITH_KNOTS('',3,(#3685,#3686,#3687,#3688,#3689),
 .UNSPECIFIED.,.F.,.F.,(4,1,4),(2.78958944311754E-7,9.39769436665945E-5,
0.000187674928388877),.UNSPECIFIED.);
#53=B_SPLINE_CURVE_WITH_KNOTS('',3,(#3690,#3691,#3692,#3693,#3694),
 .UNSPECIFIED.,.F.,.F.,(4,1,4),(2.7895894431409E-7,9.39769436665991E-5,
0.000187674928388884),.UNSPECIFIED.);
#54=B_SPLINE_CURVE_WITH_KNOTS('',3,(#3695,#3696,#3697,#3698,#3699),
 .UNSPECIFIED.,.F.,.F.,(4,1,4),(2.78958944600628E-7,9.39769436668952E-5,
0.00018767492838919),.UNSPECIFIED.);
#55=B_SPLINE_CURVE_WITH_KNOTS('',3,(#3700,#3701,#3702,#3703,#3704),
 .UNSPECIFIED.,.F.,.F.,(4,1,4),(2.78958944312395E-7,9.39769436666027E-5,
0.000187674928388893),.UNSPECIFIED.);
#56=B_SPLINE_CURVE_WITH_KNOTS('',3,(#3705,#3706,#3707,#3708,#3709),
 .UNSPECIFIED.,.F.,.F.,(4,1,4),(2.78958945714047E-7,9.39769436680774E-5,
0.000187674928390441),.UNSPECIFIED.);
#57=B_SPLINE_CURVE_WITH_KNOTS('',3,(#3710,#3711,#3712,#3713,#3714),
 .UNSPECIFIED.,.F.,.F.,(4,1,4),(2.78958944314396E-7,9.39769436666048E-5,
0.000187674928388895),.UNSPECIFIED.);
#58=B_SPLINE_CURVE_WITH_KNOTS('',3,(#3715,#3716,#3717,#3718,#3719),
 .UNSPECIFIED.,.F.,.F.,(4,1,4),(2.78958944309286E-7,9.3976943666596E-5,
0.000187674928388883),.UNSPECIFIED.);
#59=B_SPLINE_CURVE_WITH_KNOTS('',3,(#3720,#3721,#3722,#3723,#3724),
 .UNSPECIFIED.,.F.,.F.,(4,1,4),(2.78958944314483E-7,9.39769436666057E-5,
0.000187674928388897),.UNSPECIFIED.);
#60=B_SPLINE_CURVE_WITH_KNOTS('',3,(#3725,#3726,#3727,#3728,#3729),
 .UNSPECIFIED.,.F.,.F.,(4,1,4),(2.78958944309992E-7,9.3976943666595E-5,
0.00018767492838888),.UNSPECIFIED.);
#61=B_SPLINE_CURVE_WITH_KNOTS('',3,(#3730,#3731,#3732,#3733,#3734),
 .UNSPECIFIED.,.F.,.F.,(4,1,4),(2.7895894431225E-7,9.39769436666034E-5,
0.000187674928388895),.UNSPECIFIED.);
#62=CONICAL_SURFACE('',#2255,0.00125,0.785398163397449);
#63=CONICAL_SURFACE('',#2256,0.00105,0.78539816339745);
#64=PLANE('',#2185);
#65=PLANE('',#2187);
#66=PLANE('',#2191);
#67=PLANE('',#2195);
#68=PLANE('',#2250);
#69=PLANE('',#2251);
#70=CIRCLE('',#2036,0.00125);
#71=CIRCLE('',#2037,0.00125);
#72=CIRCLE('',#2039,0.00125);
#73=CIRCLE('',#2040,0.00125);
#74=CIRCLE('',#2042,0.00125);
#75=CIRCLE('',#2043,0.00125);
#76=CIRCLE('',#2045,0.00125);
#77=CIRCLE('',#2046,0.00125);
#78=CIRCLE('',#2048,0.00125);
#79=CIRCLE('',#2049,0.00125);
#80=CIRCLE('',#2051,0.00125);
#81=CIRCLE('',#2052,0.00125);
#82=CIRCLE('',#2054,0.00125);
#83=CIRCLE('',#2055,0.00125);
#84=CIRCLE('',#2057,0.00125);
#85=CIRCLE('',#2058,0.00125);
#86=CIRCLE('',#2060,0.00125);
#87=CIRCLE('',#2061,0.00125);
#88=CIRCLE('',#2063,0.00125);
#89=CIRCLE('',#2064,0.00125);
#90=CIRCLE('',#2066,0.00125);
#91=CIRCLE('',#2067,0.00125);
#92=CIRCLE('',#2069,0.00125);
#93=CIRCLE('',#2070,0.00125);
#94=CIRCLE('',#2072,0.00125);
#95=CIRCLE('',#2073,0.00125);
#96=CIRCLE('',#2075,0.00125);
#97=CIRCLE('',#2076,0.00125);
#98=CIRCLE('',#2078,0.00125);
#99=CIRCLE('',#2079,0.00125);
#100=CIRCLE('',#2081,0.00125);
#101=CIRCLE('',#2082,0.00125);
#102=CIRCLE('',#2084,0.00125);
#103=CIRCLE('',#2085,0.00125);
#104=CIRCLE('',#2087,0.00125);
#105=CIRCLE('',#2088,0.00125);
#106=CIRCLE('',#2090,0.00125);
#107=CIRCLE('',#2091,0.00125);
#108=CIRCLE('',#2093,0.00125);
#109=CIRCLE('',#2094,0.00125);
#110=CIRCLE('',#2096,0.00125);
#111=CIRCLE('',#2097,0.00125);
#112=CIRCLE('',#2099,0.00125);
#113=CIRCLE('',#2100,0.00125);
#114=CIRCLE('',#2102,0.00125);
#115=CIRCLE('',#2103,0.00125);
#116=CIRCLE('',#2105,0.00125);
#117=CIRCLE('',#2106,0.00125);
#118=CIRCLE('',#2108,0.00125);
#119=CIRCLE('',#2109,0.00125);
#120=CIRCLE('',#2111,0.00125);
#121=CIRCLE('',#2112,0.00125);
#122=CIRCLE('',#2114,0.00125);
#123=CIRCLE('',#2115,0.00125);
#124=CIRCLE('',#2117,0.00125);
#125=CIRCLE('',#2118,0.00125);
#126=CIRCLE('',#2120,0.00125);
#127=CIRCLE('',#2121,0.00125);
#128=CIRCLE('',#2123,0.00125);
#129=CIRCLE('',#2124,0.00125);
#130=CIRCLE('',#2126,0.00125);
#131=CIRCLE('',#2127,0.00125);
#132=CIRCLE('',#2129,0.00125);
#133=CIRCLE('',#2130,0.00125);
#134=CIRCLE('',#2132,0.00125);
#135=CIRCLE('',#2133,0.00125);
#136=CIRCLE('',#2135,0.00125);
#137=CIRCLE('',#2136,0.00125);
#138=CIRCLE('',#2138,0.00125);
#139=CIRCLE('',#2139,0.00125);
#140=CIRCLE('',#2141,0.00125);
#141=CIRCLE('',#2142,0.00125);
#142=CIRCLE('',#2144,0.00125);
#143=CIRCLE('',#2145,0.00125);
#144=CIRCLE('',#2147,0.00125);
#145=CIRCLE('',#2148,0.00125);
#146=CIRCLE('',#2150,0.00125);
#147=CIRCLE('',#2151,0.00125);
#148=CIRCLE('',#2153,0.00125);
#149=CIRCLE('',#2154,0.00125);
#150=CIRCLE('',#2156,0.00125);
#151=CIRCLE('',#2157,0.00125);
#152=CIRCLE('',#2159,0.00125);
#153=CIRCLE('',#2160,0.00125);
#154=CIRCLE('',#2162,0.00125);
#155=CIRCLE('',#2163,0.00125);
#156=CIRCLE('',#2165,0.00125);
#157=CIRCLE('',#2166,0.00125);
#158=CIRCLE('',#2168,0.00125);
#159=CIRCLE('',#2169,0.00125);
#160=CIRCLE('',#2171,0.00125);
#161=CIRCLE('',#2172,0.00125);
#162=CIRCLE('',#2174,0.00125);
#163=CIRCLE('',#2175,0.00125);
#164=CIRCLE('',#2177,0.00125);
#165=CIRCLE('',#2178,0.00125);
#166=CIRCLE('',#2180,0.00125);
#167=CIRCLE('',#2181,0.00125);
#168=CIRCLE('',#2183,0.00125);
#169=CIRCLE('',#2184,0.00125);
#170=CIRCLE('',#2186,0.00065);
#171=CIRCLE('',#2188,0.00065);
#172=CIRCLE('',#2189,0.00125);
#173=CIRCLE('',#2192,0.00105);
#174=CIRCLE('',#2194,0.00125);
#175=CIRCLE('',#2196,5.E-5);
#176=CIRCLE('',#2197,5.E-5);
#177=CIRCLE('',#2198,0.00125);
#178=CIRCLE('',#2199,5.E-5);
#179=CIRCLE('',#2200,5.E-5);
#180=CIRCLE('',#2201,5.E-5);
#181=CIRCLE('',#2202,5.E-5);
#182=CIRCLE('',#2203,5.E-5);
#183=CIRCLE('',#2204,5.E-5);
#184=CIRCLE('',#2205,5.E-5);
#185=CIRCLE('',#2206,5.E-5);
#186=CIRCLE('',#2207,5.E-5);
#187=CIRCLE('',#2208,5.E-5);
#188=CIRCLE('',#2209,5.E-5);
#189=CIRCLE('',#2210,5.E-5);
#190=CIRCLE('',#2211,5.E-5);
#191=CIRCLE('',#2212,5.E-5);
#192=CIRCLE('',#2213,5.E-5);
#193=CIRCLE('',#2214,5.E-5);
#194=CIRCLE('',#2215,5.E-5);
#195=CIRCLE('',#2216,5.E-5);
#196=CIRCLE('',#2217,5.E-5);
#197=CIRCLE('',#2218,5.E-5);
#198=CIRCLE('',#2219,5.E-5);
#199=CIRCLE('',#2220,5.E-5);
#200=CIRCLE('',#2221,5.E-5);
#201=CIRCLE('',#2222,5.E-5);
#202=CIRCLE('',#2223,5.E-5);
#203=CIRCLE('',#2224,5.E-5);
#204=CIRCLE('',#2225,5.E-5);
#205=CIRCLE('',#2226,5.E-5);
#206=CIRCLE('',#2227,5.E-5);
#207=CIRCLE('',#2228,5.E-5);
#208=CIRCLE('',#2229,5.E-5);
#209=CIRCLE('',#2230,5.E-5);
#210=CIRCLE('',#2231,5.E-5);
#211=CIRCLE('',#2232,5.E-5);
#212=CIRCLE('',#2233,5.E-5);
#213=CIRCLE('',#2234,5.E-5);
#214=CIRCLE('',#2235,5.E-5);
#215=CIRCLE('',#2236,5.E-5);
#216=CIRCLE('',#2237,5.E-5);
#217=CIRCLE('',#2238,5.E-5);
#218=CIRCLE('',#2239,5.E-5);
#219=CIRCLE('',#2240,5.E-5);
#220=CIRCLE('',#2241,5.E-5);
#221=CIRCLE('',#2242,5.E-5);
#222=CIRCLE('',#2243,5.E-5);
#223=CIRCLE('',#2244,5.E-5);
#224=CIRCLE('',#2245,5.E-5);
#225=CIRCLE('',#2246,5.E-5);
#226=CIRCLE('',#2247,0.001);
#227=CIRCLE('',#2249,0.001);
#228=CIRCLE('',#2252,0.000249999999999993);
#229=CIRCLE('',#2254,0.00125);
#230=ORIENTED_EDGE('',*,*,#850,.T.);
#231=ORIENTED_EDGE('',*,*,#851,.T.);
#232=ORIENTED_EDGE('',*,*,#852,.T.);
#233=ORIENTED_EDGE('',*,*,#853,.F.);
#234=ORIENTED_EDGE('',*,*,#854,.T.);
#235=ORIENTED_EDGE('',*,*,#855,.F.);
#236=ORIENTED_EDGE('',*,*,#856,.T.);
#237=ORIENTED_EDGE('',*,*,#857,.T.);
#238=ORIENTED_EDGE('',*,*,#858,.T.);
#239=ORIENTED_EDGE('',*,*,#859,.F.);
#240=ORIENTED_EDGE('',*,*,#860,.T.);
#241=ORIENTED_EDGE('',*,*,#861,.T.);
#242=ORIENTED_EDGE('',*,*,#862,.T.);
#243=ORIENTED_EDGE('',*,*,#863,.F.);
#244=ORIENTED_EDGE('',*,*,#864,.T.);
#245=ORIENTED_EDGE('',*,*,#865,.T.);
#246=ORIENTED_EDGE('',*,*,#866,.T.);
#247=ORIENTED_EDGE('',*,*,#867,.F.);
#248=ORIENTED_EDGE('',*,*,#868,.T.);
#249=ORIENTED_EDGE('',*,*,#869,.T.);
#250=ORIENTED_EDGE('',*,*,#870,.T.);
#251=ORIENTED_EDGE('',*,*,#871,.F.);
#252=ORIENTED_EDGE('',*,*,#872,.T.);
#253=ORIENTED_EDGE('',*,*,#873,.T.);
#254=ORIENTED_EDGE('',*,*,#874,.T.);
#255=ORIENTED_EDGE('',*,*,#875,.F.);
#256=ORIENTED_EDGE('',*,*,#876,.T.);
#257=ORIENTED_EDGE('',*,*,#877,.T.);
#258=ORIENTED_EDGE('',*,*,#878,.T.);
#259=ORIENTED_EDGE('',*,*,#879,.F.);
#260=ORIENTED_EDGE('',*,*,#880,.T.);
#261=ORIENTED_EDGE('',*,*,#881,.T.);
#262=ORIENTED_EDGE('',*,*,#882,.T.);
#263=ORIENTED_EDGE('',*,*,#883,.F.);
#264=ORIENTED_EDGE('',*,*,#884,.T.);
#265=ORIENTED_EDGE('',*,*,#885,.T.);
#266=ORIENTED_EDGE('',*,*,#886,.T.);
#267=ORIENTED_EDGE('',*,*,#887,.F.);
#268=ORIENTED_EDGE('',*,*,#888,.T.);
#269=ORIENTED_EDGE('',*,*,#889,.T.);
#270=ORIENTED_EDGE('',*,*,#890,.T.);
#271=ORIENTED_EDGE('',*,*,#891,.F.);
#272=ORIENTED_EDGE('',*,*,#892,.T.);
#273=ORIENTED_EDGE('',*,*,#893,.T.);
#274=ORIENTED_EDGE('',*,*,#894,.T.);
#275=ORIENTED_EDGE('',*,*,#895,.F.);
#276=ORIENTED_EDGE('',*,*,#896,.T.);
#277=ORIENTED_EDGE('',*,*,#897,.T.);
#278=ORIENTED_EDGE('',*,*,#898,.T.);
#279=ORIENTED_EDGE('',*,*,#899,.F.);
#280=ORIENTED_EDGE('',*,*,#900,.T.);
#281=ORIENTED_EDGE('',*,*,#901,.T.);
#282=ORIENTED_EDGE('',*,*,#902,.T.);
#283=ORIENTED_EDGE('',*,*,#903,.F.);
#284=ORIENTED_EDGE('',*,*,#904,.T.);
#285=ORIENTED_EDGE('',*,*,#905,.T.);
#286=ORIENTED_EDGE('',*,*,#906,.T.);
#287=ORIENTED_EDGE('',*,*,#907,.F.);
#288=ORIENTED_EDGE('',*,*,#908,.T.);
#289=ORIENTED_EDGE('',*,*,#909,.T.);
#290=ORIENTED_EDGE('',*,*,#910,.T.);
#291=ORIENTED_EDGE('',*,*,#911,.F.);
#292=ORIENTED_EDGE('',*,*,#912,.T.);
#293=ORIENTED_EDGE('',*,*,#913,.T.);
#294=ORIENTED_EDGE('',*,*,#914,.T.);
#295=ORIENTED_EDGE('',*,*,#915,.F.);
#296=ORIENTED_EDGE('',*,*,#916,.T.);
#297=ORIENTED_EDGE('',*,*,#917,.T.);
#298=ORIENTED_EDGE('',*,*,#918,.T.);
#299=ORIENTED_EDGE('',*,*,#919,.F.);
#300=ORIENTED_EDGE('',*,*,#920,.T.);
#301=ORIENTED_EDGE('',*,*,#921,.T.);
#302=ORIENTED_EDGE('',*,*,#922,.T.);
#303=ORIENTED_EDGE('',*,*,#923,.F.);
#304=ORIENTED_EDGE('',*,*,#924,.T.);
#305=ORIENTED_EDGE('',*,*,#925,.T.);
#306=ORIENTED_EDGE('',*,*,#926,.T.);
#307=ORIENTED_EDGE('',*,*,#927,.F.);
#308=ORIENTED_EDGE('',*,*,#928,.T.);
#309=ORIENTED_EDGE('',*,*,#929,.T.);
#310=ORIENTED_EDGE('',*,*,#930,.T.);
#311=ORIENTED_EDGE('',*,*,#931,.F.);
#312=ORIENTED_EDGE('',*,*,#932,.T.);
#313=ORIENTED_EDGE('',*,*,#933,.T.);
#314=ORIENTED_EDGE('',*,*,#934,.T.);
#315=ORIENTED_EDGE('',*,*,#935,.F.);
#316=ORIENTED_EDGE('',*,*,#936,.T.);
#317=ORIENTED_EDGE('',*,*,#937,.T.);
#318=ORIENTED_EDGE('',*,*,#938,.T.);
#319=ORIENTED_EDGE('',*,*,#939,.F.);
#320=ORIENTED_EDGE('',*,*,#940,.T.);
#321=ORIENTED_EDGE('',*,*,#941,.T.);
#322=ORIENTED_EDGE('',*,*,#942,.T.);
#323=ORIENTED_EDGE('',*,*,#943,.F.);
#324=ORIENTED_EDGE('',*,*,#944,.T.);
#325=ORIENTED_EDGE('',*,*,#945,.T.);
#326=ORIENTED_EDGE('',*,*,#946,.T.);
#327=ORIENTED_EDGE('',*,*,#947,.F.);
#328=ORIENTED_EDGE('',*,*,#948,.T.);
#329=ORIENTED_EDGE('',*,*,#949,.T.);
#330=ORIENTED_EDGE('',*,*,#950,.T.);
#331=ORIENTED_EDGE('',*,*,#951,.F.);
#332=ORIENTED_EDGE('',*,*,#952,.T.);
#333=ORIENTED_EDGE('',*,*,#953,.T.);
#334=ORIENTED_EDGE('',*,*,#954,.T.);
#335=ORIENTED_EDGE('',*,*,#955,.F.);
#336=ORIENTED_EDGE('',*,*,#956,.T.);
#337=ORIENTED_EDGE('',*,*,#957,.T.);
#338=ORIENTED_EDGE('',*,*,#958,.T.);
#339=ORIENTED_EDGE('',*,*,#959,.F.);
#340=ORIENTED_EDGE('',*,*,#960,.T.);
#341=ORIENTED_EDGE('',*,*,#961,.T.);
#342=ORIENTED_EDGE('',*,*,#962,.T.);
#343=ORIENTED_EDGE('',*,*,#963,.F.);
#344=ORIENTED_EDGE('',*,*,#964,.T.);
#345=ORIENTED_EDGE('',*,*,#965,.T.);
#346=ORIENTED_EDGE('',*,*,#966,.T.);
#347=ORIENTED_EDGE('',*,*,#967,.F.);
#348=ORIENTED_EDGE('',*,*,#968,.T.);
#349=ORIENTED_EDGE('',*,*,#969,.T.);
#350=ORIENTED_EDGE('',*,*,#970,.T.);
#351=ORIENTED_EDGE('',*,*,#971,.F.);
#352=ORIENTED_EDGE('',*,*,#972,.T.);
#353=ORIENTED_EDGE('',*,*,#973,.T.);
#354=ORIENTED_EDGE('',*,*,#974,.T.);
#355=ORIENTED_EDGE('',*,*,#975,.F.);
#356=ORIENTED_EDGE('',*,*,#976,.T.);
#357=ORIENTED_EDGE('',*,*,#977,.T.);
#358=ORIENTED_EDGE('',*,*,#978,.T.);
#359=ORIENTED_EDGE('',*,*,#979,.F.);
#360=ORIENTED_EDGE('',*,*,#980,.T.);
#361=ORIENTED_EDGE('',*,*,#981,.T.);
#362=ORIENTED_EDGE('',*,*,#982,.T.);
#363=ORIENTED_EDGE('',*,*,#983,.F.);
#364=ORIENTED_EDGE('',*,*,#984,.T.);
#365=ORIENTED_EDGE('',*,*,#985,.T.);
#366=ORIENTED_EDGE('',*,*,#986,.T.);
#367=ORIENTED_EDGE('',*,*,#987,.F.);
#368=ORIENTED_EDGE('',*,*,#988,.T.);
#369=ORIENTED_EDGE('',*,*,#989,.T.);
#370=ORIENTED_EDGE('',*,*,#990,.T.);
#371=ORIENTED_EDGE('',*,*,#991,.F.);
#372=ORIENTED_EDGE('',*,*,#992,.T.);
#373=ORIENTED_EDGE('',*,*,#993,.T.);
#374=ORIENTED_EDGE('',*,*,#994,.T.);
#375=ORIENTED_EDGE('',*,*,#995,.F.);
#376=ORIENTED_EDGE('',*,*,#996,.T.);
#377=ORIENTED_EDGE('',*,*,#997,.T.);
#378=ORIENTED_EDGE('',*,*,#998,.T.);
#379=ORIENTED_EDGE('',*,*,#999,.F.);
#380=ORIENTED_EDGE('',*,*,#1000,.T.);
#381=ORIENTED_EDGE('',*,*,#1001,.T.);
#382=ORIENTED_EDGE('',*,*,#1002,.T.);
#383=ORIENTED_EDGE('',*,*,#1003,.F.);
#384=ORIENTED_EDGE('',*,*,#1004,.T.);
#385=ORIENTED_EDGE('',*,*,#1005,.T.);
#386=ORIENTED_EDGE('',*,*,#1006,.T.);
#387=ORIENTED_EDGE('',*,*,#1007,.F.);
#388=ORIENTED_EDGE('',*,*,#1008,.T.);
#389=ORIENTED_EDGE('',*,*,#1009,.T.);
#390=ORIENTED_EDGE('',*,*,#1010,.T.);
#391=ORIENTED_EDGE('',*,*,#1011,.F.);
#392=ORIENTED_EDGE('',*,*,#1012,.T.);
#393=ORIENTED_EDGE('',*,*,#1013,.T.);
#394=ORIENTED_EDGE('',*,*,#1014,.T.);
#395=ORIENTED_EDGE('',*,*,#1015,.F.);
#396=ORIENTED_EDGE('',*,*,#1016,.T.);
#397=ORIENTED_EDGE('',*,*,#1017,.T.);
#398=ORIENTED_EDGE('',*,*,#1018,.T.);
#399=ORIENTED_EDGE('',*,*,#1019,.F.);
#400=ORIENTED_EDGE('',*,*,#1020,.T.);
#401=ORIENTED_EDGE('',*,*,#1021,.T.);
#402=ORIENTED_EDGE('',*,*,#1022,.T.);
#403=ORIENTED_EDGE('',*,*,#1023,.F.);
#404=ORIENTED_EDGE('',*,*,#1024,.T.);
#405=ORIENTED_EDGE('',*,*,#1025,.T.);
#406=ORIENTED_EDGE('',*,*,#1026,.T.);
#407=ORIENTED_EDGE('',*,*,#1027,.F.);
#408=ORIENTED_EDGE('',*,*,#1028,.T.);
#409=ORIENTED_EDGE('',*,*,#1029,.T.);
#410=ORIENTED_EDGE('',*,*,#1030,.T.);
#411=ORIENTED_EDGE('',*,*,#1031,.F.);
#412=ORIENTED_EDGE('',*,*,#1032,.T.);
#413=ORIENTED_EDGE('',*,*,#1033,.T.);
#414=ORIENTED_EDGE('',*,*,#1034,.T.);
#415=ORIENTED_EDGE('',*,*,#1035,.F.);
#416=ORIENTED_EDGE('',*,*,#1036,.T.);
#417=ORIENTED_EDGE('',*,*,#1037,.T.);
#418=ORIENTED_EDGE('',*,*,#1038,.T.);
#419=ORIENTED_EDGE('',*,*,#1039,.F.);
#420=ORIENTED_EDGE('',*,*,#1040,.T.);
#421=ORIENTED_EDGE('',*,*,#1041,.T.);
#422=ORIENTED_EDGE('',*,*,#1042,.T.);
#423=ORIENTED_EDGE('',*,*,#1043,.F.);
#424=ORIENTED_EDGE('',*,*,#1044,.T.);
#425=ORIENTED_EDGE('',*,*,#1045,.T.);
#426=ORIENTED_EDGE('',*,*,#1046,.F.);
#427=ORIENTED_EDGE('',*,*,#1047,.T.);
#428=ORIENTED_EDGE('',*,*,#1046,.T.);
#429=ORIENTED_EDGE('',*,*,#1048,.F.);
#430=ORIENTED_EDGE('',*,*,#1049,.T.);
#431=ORIENTED_EDGE('',*,*,#1050,.F.);
#432=ORIENTED_EDGE('',*,*,#1048,.T.);
#433=ORIENTED_EDGE('',*,*,#1049,.F.);
#434=ORIENTED_EDGE('',*,*,#1051,.T.);
#435=ORIENTED_EDGE('',*,*,#1052,.T.);
#436=ORIENTED_EDGE('',*,*,#1050,.T.);
#437=ORIENTED_EDGE('',*,*,#1053,.F.);
#438=ORIENTED_EDGE('',*,*,#853,.T.);
#439=ORIENTED_EDGE('',*,*,#1054,.F.);
#440=ORIENTED_EDGE('',*,*,#1055,.T.);
#441=ORIENTED_EDGE('',*,*,#1056,.F.);
#442=ORIENTED_EDGE('',*,*,#1043,.T.);
#443=ORIENTED_EDGE('',*,*,#1057,.F.);
#444=ORIENTED_EDGE('',*,*,#1039,.T.);
#445=ORIENTED_EDGE('',*,*,#1058,.F.);
#446=ORIENTED_EDGE('',*,*,#1035,.T.);
#447=ORIENTED_EDGE('',*,*,#1059,.F.);
#448=ORIENTED_EDGE('',*,*,#1031,.T.);
#449=ORIENTED_EDGE('',*,*,#1060,.F.);
#450=ORIENTED_EDGE('',*,*,#1027,.T.);
#451=ORIENTED_EDGE('',*,*,#1061,.F.);
#452=ORIENTED_EDGE('',*,*,#1023,.T.);
#453=ORIENTED_EDGE('',*,*,#1062,.F.);
#454=ORIENTED_EDGE('',*,*,#1019,.T.);
#455=ORIENTED_EDGE('',*,*,#1063,.F.);
#456=ORIENTED_EDGE('',*,*,#1015,.T.);
#457=ORIENTED_EDGE('',*,*,#1064,.F.);
#458=ORIENTED_EDGE('',*,*,#1011,.T.);
#459=ORIENTED_EDGE('',*,*,#1065,.F.);
#460=ORIENTED_EDGE('',*,*,#1007,.T.);
#461=ORIENTED_EDGE('',*,*,#1066,.F.);
#462=ORIENTED_EDGE('',*,*,#1003,.T.);
#463=ORIENTED_EDGE('',*,*,#1067,.F.);
#464=ORIENTED_EDGE('',*,*,#999,.T.);
#465=ORIENTED_EDGE('',*,*,#1068,.F.);
#466=ORIENTED_EDGE('',*,*,#995,.T.);
#467=ORIENTED_EDGE('',*,*,#1069,.F.);
#468=ORIENTED_EDGE('',*,*,#991,.T.);
#469=ORIENTED_EDGE('',*,*,#1070,.F.);
#470=ORIENTED_EDGE('',*,*,#987,.T.);
#471=ORIENTED_EDGE('',*,*,#1071,.F.);
#472=ORIENTED_EDGE('',*,*,#983,.T.);
#473=ORIENTED_EDGE('',*,*,#1072,.F.);
#474=ORIENTED_EDGE('',*,*,#979,.T.);
#475=ORIENTED_EDGE('',*,*,#1073,.F.);
#476=ORIENTED_EDGE('',*,*,#975,.T.);
#477=ORIENTED_EDGE('',*,*,#1074,.F.);
#478=ORIENTED_EDGE('',*,*,#971,.T.);
#479=ORIENTED_EDGE('',*,*,#1075,.F.);
#480=ORIENTED_EDGE('',*,*,#967,.T.);
#481=ORIENTED_EDGE('',*,*,#1076,.F.);
#482=ORIENTED_EDGE('',*,*,#963,.T.);
#483=ORIENTED_EDGE('',*,*,#1077,.F.);
#484=ORIENTED_EDGE('',*,*,#959,.T.);
#485=ORIENTED_EDGE('',*,*,#1078,.F.);
#486=ORIENTED_EDGE('',*,*,#955,.T.);
#487=ORIENTED_EDGE('',*,*,#1079,.F.);
#488=ORIENTED_EDGE('',*,*,#951,.T.);
#489=ORIENTED_EDGE('',*,*,#1080,.F.);
#490=ORIENTED_EDGE('',*,*,#947,.T.);
#491=ORIENTED_EDGE('',*,*,#1081,.F.);
#492=ORIENTED_EDGE('',*,*,#943,.T.);
#493=ORIENTED_EDGE('',*,*,#1082,.F.);
#494=ORIENTED_EDGE('',*,*,#939,.T.);
#495=ORIENTED_EDGE('',*,*,#1083,.F.);
#496=ORIENTED_EDGE('',*,*,#935,.T.);
#497=ORIENTED_EDGE('',*,*,#1084,.F.);
#498=ORIENTED_EDGE('',*,*,#931,.T.);
#499=ORIENTED_EDGE('',*,*,#1085,.F.);
#500=ORIENTED_EDGE('',*,*,#927,.T.);
#501=ORIENTED_EDGE('',*,*,#1086,.F.);
#502=ORIENTED_EDGE('',*,*,#923,.T.);
#503=ORIENTED_EDGE('',*,*,#1087,.F.);
#504=ORIENTED_EDGE('',*,*,#919,.T.);
#505=ORIENTED_EDGE('',*,*,#1088,.F.);
#506=ORIENTED_EDGE('',*,*,#915,.T.);
#507=ORIENTED_EDGE('',*,*,#1089,.F.);
#508=ORIENTED_EDGE('',*,*,#911,.T.);
#509=ORIENTED_EDGE('',*,*,#1090,.F.);
#510=ORIENTED_EDGE('',*,*,#907,.T.);
#511=ORIENTED_EDGE('',*,*,#1091,.F.);
#512=ORIENTED_EDGE('',*,*,#903,.T.);
#513=ORIENTED_EDGE('',*,*,#1092,.F.);
#514=ORIENTED_EDGE('',*,*,#899,.T.);
#515=ORIENTED_EDGE('',*,*,#1093,.F.);
#516=ORIENTED_EDGE('',*,*,#895,.T.);
#517=ORIENTED_EDGE('',*,*,#1094,.F.);
#518=ORIENTED_EDGE('',*,*,#891,.T.);
#519=ORIENTED_EDGE('',*,*,#1095,.F.);
#520=ORIENTED_EDGE('',*,*,#887,.T.);
#521=ORIENTED_EDGE('',*,*,#1096,.F.);
#522=ORIENTED_EDGE('',*,*,#883,.T.);
#523=ORIENTED_EDGE('',*,*,#1097,.F.);
#524=ORIENTED_EDGE('',*,*,#879,.T.);
#525=ORIENTED_EDGE('',*,*,#1098,.F.);
#526=ORIENTED_EDGE('',*,*,#875,.T.);
#527=ORIENTED_EDGE('',*,*,#1099,.F.);
#528=ORIENTED_EDGE('',*,*,#871,.T.);
#529=ORIENTED_EDGE('',*,*,#1100,.F.);
#530=ORIENTED_EDGE('',*,*,#867,.T.);
#531=ORIENTED_EDGE('',*,*,#1101,.F.);
#532=ORIENTED_EDGE('',*,*,#863,.T.);
#533=ORIENTED_EDGE('',*,*,#1102,.F.);
#534=ORIENTED_EDGE('',*,*,#859,.T.);
#535=ORIENTED_EDGE('',*,*,#1103,.F.);
#536=ORIENTED_EDGE('',*,*,#855,.T.);
#537=ORIENTED_EDGE('',*,*,#1104,.F.);
#538=ORIENTED_EDGE('',*,*,#1104,.T.);
#539=ORIENTED_EDGE('',*,*,#1105,.F.);
#540=ORIENTED_EDGE('',*,*,#1105,.T.);
#541=ORIENTED_EDGE('',*,*,#1047,.F.);
#542=ORIENTED_EDGE('',*,*,#1106,.T.);
#543=ORIENTED_EDGE('',*,*,#1107,.T.);
#544=ORIENTED_EDGE('',*,*,#1055,.F.);
#545=ORIENTED_EDGE('',*,*,#1108,.T.);
#546=ORIENTED_EDGE('',*,*,#1109,.T.);
#547=ORIENTED_EDGE('',*,*,#1110,.T.);
#548=ORIENTED_EDGE('',*,*,#857,.F.);
#549=ORIENTED_EDGE('',*,*,#1111,.T.);
#550=ORIENTED_EDGE('',*,*,#861,.F.);
#551=ORIENTED_EDGE('',*,*,#1112,.T.);
#552=ORIENTED_EDGE('',*,*,#865,.F.);
#553=ORIENTED_EDGE('',*,*,#1113,.T.);
#554=ORIENTED_EDGE('',*,*,#869,.F.);
#555=ORIENTED_EDGE('',*,*,#1114,.T.);
#556=ORIENTED_EDGE('',*,*,#873,.F.);
#557=ORIENTED_EDGE('',*,*,#1115,.T.);
#558=ORIENTED_EDGE('',*,*,#877,.F.);
#559=ORIENTED_EDGE('',*,*,#1116,.T.);
#560=ORIENTED_EDGE('',*,*,#881,.F.);
#561=ORIENTED_EDGE('',*,*,#1117,.T.);
#562=ORIENTED_EDGE('',*,*,#885,.F.);
#563=ORIENTED_EDGE('',*,*,#1118,.T.);
#564=ORIENTED_EDGE('',*,*,#889,.F.);
#565=ORIENTED_EDGE('',*,*,#1119,.T.);
#566=ORIENTED_EDGE('',*,*,#893,.F.);
#567=ORIENTED_EDGE('',*,*,#1120,.T.);
#568=ORIENTED_EDGE('',*,*,#897,.F.);
#569=ORIENTED_EDGE('',*,*,#1121,.T.);
#570=ORIENTED_EDGE('',*,*,#901,.F.);
#571=ORIENTED_EDGE('',*,*,#1122,.T.);
#572=ORIENTED_EDGE('',*,*,#905,.F.);
#573=ORIENTED_EDGE('',*,*,#1123,.T.);
#574=ORIENTED_EDGE('',*,*,#909,.F.);
#575=ORIENTED_EDGE('',*,*,#1124,.T.);
#576=ORIENTED_EDGE('',*,*,#913,.F.);
#577=ORIENTED_EDGE('',*,*,#1125,.T.);
#578=ORIENTED_EDGE('',*,*,#917,.F.);
#579=ORIENTED_EDGE('',*,*,#1126,.T.);
#580=ORIENTED_EDGE('',*,*,#921,.F.);
#581=ORIENTED_EDGE('',*,*,#1127,.T.);
#582=ORIENTED_EDGE('',*,*,#925,.F.);
#583=ORIENTED_EDGE('',*,*,#1128,.T.);
#584=ORIENTED_EDGE('',*,*,#929,.F.);
#585=ORIENTED_EDGE('',*,*,#1129,.T.);
#586=ORIENTED_EDGE('',*,*,#933,.F.);
#587=ORIENTED_EDGE('',*,*,#1130,.T.);
#588=ORIENTED_EDGE('',*,*,#937,.F.);
#589=ORIENTED_EDGE('',*,*,#1131,.T.);
#590=ORIENTED_EDGE('',*,*,#941,.F.);
#591=ORIENTED_EDGE('',*,*,#1132,.T.);
#592=ORIENTED_EDGE('',*,*,#945,.F.);
#593=ORIENTED_EDGE('',*,*,#1133,.T.);
#594=ORIENTED_EDGE('',*,*,#949,.F.);
#595=ORIENTED_EDGE('',*,*,#1134,.T.);
#596=ORIENTED_EDGE('',*,*,#953,.F.);
#597=ORIENTED_EDGE('',*,*,#1135,.T.);
#598=ORIENTED_EDGE('',*,*,#957,.F.);
#599=ORIENTED_EDGE('',*,*,#1136,.T.);
#600=ORIENTED_EDGE('',*,*,#961,.F.);
#601=ORIENTED_EDGE('',*,*,#1137,.T.);
#602=ORIENTED_EDGE('',*,*,#965,.F.);
#603=ORIENTED_EDGE('',*,*,#1138,.T.);
#604=ORIENTED_EDGE('',*,*,#969,.F.);
#605=ORIENTED_EDGE('',*,*,#1139,.T.);
#606=ORIENTED_EDGE('',*,*,#973,.F.);
#607=ORIENTED_EDGE('',*,*,#1140,.T.);
#608=ORIENTED_EDGE('',*,*,#977,.F.);
#609=ORIENTED_EDGE('',*,*,#1141,.T.);
#610=ORIENTED_EDGE('',*,*,#981,.F.);
#611=ORIENTED_EDGE('',*,*,#1142,.T.);
#612=ORIENTED_EDGE('',*,*,#985,.F.);
#613=ORIENTED_EDGE('',*,*,#1143,.T.);
#614=ORIENTED_EDGE('',*,*,#989,.F.);
#615=ORIENTED_EDGE('',*,*,#1144,.T.);
#616=ORIENTED_EDGE('',*,*,#993,.F.);
#617=ORIENTED_EDGE('',*,*,#1145,.T.);
#618=ORIENTED_EDGE('',*,*,#997,.F.);
#619=ORIENTED_EDGE('',*,*,#1146,.T.);
#620=ORIENTED_EDGE('',*,*,#1001,.F.);
#621=ORIENTED_EDGE('',*,*,#1147,.T.);
#622=ORIENTED_EDGE('',*,*,#1005,.F.);
#623=ORIENTED_EDGE('',*,*,#1148,.T.);
#624=ORIENTED_EDGE('',*,*,#1009,.F.);
#625=ORIENTED_EDGE('',*,*,#1149,.T.);
#626=ORIENTED_EDGE('',*,*,#1013,.F.);
#627=ORIENTED_EDGE('',*,*,#1150,.T.);
#628=ORIENTED_EDGE('',*,*,#1017,.F.);
#629=ORIENTED_EDGE('',*,*,#1151,.T.);
#630=ORIENTED_EDGE('',*,*,#1021,.F.);
#631=ORIENTED_EDGE('',*,*,#1152,.T.);
#632=ORIENTED_EDGE('',*,*,#1025,.F.);
#633=ORIENTED_EDGE('',*,*,#1153,.T.);
#634=ORIENTED_EDGE('',*,*,#1029,.F.);
#635=ORIENTED_EDGE('',*,*,#1154,.T.);
#636=ORIENTED_EDGE('',*,*,#1033,.F.);
#637=ORIENTED_EDGE('',*,*,#1155,.T.);
#638=ORIENTED_EDGE('',*,*,#1037,.F.);
#639=ORIENTED_EDGE('',*,*,#1156,.T.);
#640=ORIENTED_EDGE('',*,*,#1041,.F.);
#641=ORIENTED_EDGE('',*,*,#1157,.T.);
#642=ORIENTED_EDGE('',*,*,#1045,.F.);
#643=ORIENTED_EDGE('',*,*,#1158,.T.);
#644=ORIENTED_EDGE('',*,*,#1109,.F.);
#645=ORIENTED_EDGE('',*,*,#1159,.T.);
#646=ORIENTED_EDGE('',*,*,#851,.F.);
#647=ORIENTED_EDGE('',*,*,#1106,.F.);
#648=ORIENTED_EDGE('',*,*,#1052,.F.);
#649=ORIENTED_EDGE('',*,*,#1051,.F.);
#650=ORIENTED_EDGE('',*,*,#1159,.F.);
#651=ORIENTED_EDGE('',*,*,#1108,.F.);
#652=ORIENTED_EDGE('',*,*,#1054,.T.);
#653=ORIENTED_EDGE('',*,*,#852,.F.);
#654=ORIENTED_EDGE('',*,*,#1158,.F.);
#655=ORIENTED_EDGE('',*,*,#1044,.F.);
#656=ORIENTED_EDGE('',*,*,#1056,.T.);
#657=ORIENTED_EDGE('',*,*,#1107,.F.);
#658=ORIENTED_EDGE('',*,*,#1157,.F.);
#659=ORIENTED_EDGE('',*,*,#1040,.F.);
#660=ORIENTED_EDGE('',*,*,#1057,.T.);
#661=ORIENTED_EDGE('',*,*,#1042,.F.);
#662=ORIENTED_EDGE('',*,*,#1156,.F.);
#663=ORIENTED_EDGE('',*,*,#1036,.F.);
#664=ORIENTED_EDGE('',*,*,#1058,.T.);
#665=ORIENTED_EDGE('',*,*,#1038,.F.);
#666=ORIENTED_EDGE('',*,*,#1155,.F.);
#667=ORIENTED_EDGE('',*,*,#1032,.F.);
#668=ORIENTED_EDGE('',*,*,#1059,.T.);
#669=ORIENTED_EDGE('',*,*,#1034,.F.);
#670=ORIENTED_EDGE('',*,*,#1154,.F.);
#671=ORIENTED_EDGE('',*,*,#1028,.F.);
#672=ORIENTED_EDGE('',*,*,#1060,.T.);
#673=ORIENTED_EDGE('',*,*,#1030,.F.);
#674=ORIENTED_EDGE('',*,*,#1153,.F.);
#675=ORIENTED_EDGE('',*,*,#1024,.F.);
#676=ORIENTED_EDGE('',*,*,#1061,.T.);
#677=ORIENTED_EDGE('',*,*,#1026,.F.);
#678=ORIENTED_EDGE('',*,*,#1152,.F.);
#679=ORIENTED_EDGE('',*,*,#1020,.F.);
#680=ORIENTED_EDGE('',*,*,#1062,.T.);
#681=ORIENTED_EDGE('',*,*,#1022,.F.);
#682=ORIENTED_EDGE('',*,*,#1151,.F.);
#683=ORIENTED_EDGE('',*,*,#1016,.F.);
#684=ORIENTED_EDGE('',*,*,#1063,.T.);
#685=ORIENTED_EDGE('',*,*,#1018,.F.);
#686=ORIENTED_EDGE('',*,*,#1150,.F.);
#687=ORIENTED_EDGE('',*,*,#1012,.F.);
#688=ORIENTED_EDGE('',*,*,#1064,.T.);
#689=ORIENTED_EDGE('',*,*,#1014,.F.);
#690=ORIENTED_EDGE('',*,*,#1149,.F.);
#691=ORIENTED_EDGE('',*,*,#1008,.F.);
#692=ORIENTED_EDGE('',*,*,#1065,.T.);
#693=ORIENTED_EDGE('',*,*,#1010,.F.);
#694=ORIENTED_EDGE('',*,*,#1148,.F.);
#695=ORIENTED_EDGE('',*,*,#1004,.F.);
#696=ORIENTED_EDGE('',*,*,#1066,.T.);
#697=ORIENTED_EDGE('',*,*,#1006,.F.);
#698=ORIENTED_EDGE('',*,*,#1147,.F.);
#699=ORIENTED_EDGE('',*,*,#1000,.F.);
#700=ORIENTED_EDGE('',*,*,#1067,.T.);
#701=ORIENTED_EDGE('',*,*,#1002,.F.);
#702=ORIENTED_EDGE('',*,*,#1146,.F.);
#703=ORIENTED_EDGE('',*,*,#996,.F.);
#704=ORIENTED_EDGE('',*,*,#1068,.T.);
#705=ORIENTED_EDGE('',*,*,#998,.F.);
#706=ORIENTED_EDGE('',*,*,#1145,.F.);
#707=ORIENTED_EDGE('',*,*,#992,.F.);
#708=ORIENTED_EDGE('',*,*,#1069,.T.);
#709=ORIENTED_EDGE('',*,*,#994,.F.);
#710=ORIENTED_EDGE('',*,*,#1144,.F.);
#711=ORIENTED_EDGE('',*,*,#988,.F.);
#712=ORIENTED_EDGE('',*,*,#1070,.T.);
#713=ORIENTED_EDGE('',*,*,#990,.F.);
#714=ORIENTED_EDGE('',*,*,#1143,.F.);
#715=ORIENTED_EDGE('',*,*,#984,.F.);
#716=ORIENTED_EDGE('',*,*,#1071,.T.);
#717=ORIENTED_EDGE('',*,*,#986,.F.);
#718=ORIENTED_EDGE('',*,*,#1142,.F.);
#719=ORIENTED_EDGE('',*,*,#980,.F.);
#720=ORIENTED_EDGE('',*,*,#1072,.T.);
#721=ORIENTED_EDGE('',*,*,#982,.F.);
#722=ORIENTED_EDGE('',*,*,#1141,.F.);
#723=ORIENTED_EDGE('',*,*,#976,.F.);
#724=ORIENTED_EDGE('',*,*,#1073,.T.);
#725=ORIENTED_EDGE('',*,*,#978,.F.);
#726=ORIENTED_EDGE('',*,*,#1140,.F.);
#727=ORIENTED_EDGE('',*,*,#972,.F.);
#728=ORIENTED_EDGE('',*,*,#1074,.T.);
#729=ORIENTED_EDGE('',*,*,#974,.F.);
#730=ORIENTED_EDGE('',*,*,#1139,.F.);
#731=ORIENTED_EDGE('',*,*,#968,.F.);
#732=ORIENTED_EDGE('',*,*,#1075,.T.);
#733=ORIENTED_EDGE('',*,*,#970,.F.);
#734=ORIENTED_EDGE('',*,*,#1138,.F.);
#735=ORIENTED_EDGE('',*,*,#964,.F.);
#736=ORIENTED_EDGE('',*,*,#1076,.T.);
#737=ORIENTED_EDGE('',*,*,#966,.F.);
#738=ORIENTED_EDGE('',*,*,#1137,.F.);
#739=ORIENTED_EDGE('',*,*,#960,.F.);
#740=ORIENTED_EDGE('',*,*,#1077,.T.);
#741=ORIENTED_EDGE('',*,*,#962,.F.);
#742=ORIENTED_EDGE('',*,*,#1136,.F.);
#743=ORIENTED_EDGE('',*,*,#956,.F.);
#744=ORIENTED_EDGE('',*,*,#1078,.T.);
#745=ORIENTED_EDGE('',*,*,#958,.F.);
#746=ORIENTED_EDGE('',*,*,#1135,.F.);
#747=ORIENTED_EDGE('',*,*,#952,.F.);
#748=ORIENTED_EDGE('',*,*,#1079,.T.);
#749=ORIENTED_EDGE('',*,*,#954,.F.);
#750=ORIENTED_EDGE('',*,*,#1134,.F.);
#751=ORIENTED_EDGE('',*,*,#948,.F.);
#752=ORIENTED_EDGE('',*,*,#1080,.T.);
#753=ORIENTED_EDGE('',*,*,#950,.F.);
#754=ORIENTED_EDGE('',*,*,#1133,.F.);
#755=ORIENTED_EDGE('',*,*,#944,.F.);
#756=ORIENTED_EDGE('',*,*,#1081,.T.);
#757=ORIENTED_EDGE('',*,*,#946,.F.);
#758=ORIENTED_EDGE('',*,*,#1132,.F.);
#759=ORIENTED_EDGE('',*,*,#940,.F.);
#760=ORIENTED_EDGE('',*,*,#1082,.T.);
#761=ORIENTED_EDGE('',*,*,#942,.F.);
#762=ORIENTED_EDGE('',*,*,#1131,.F.);
#763=ORIENTED_EDGE('',*,*,#936,.F.);
#764=ORIENTED_EDGE('',*,*,#1083,.T.);
#765=ORIENTED_EDGE('',*,*,#938,.F.);
#766=ORIENTED_EDGE('',*,*,#1130,.F.);
#767=ORIENTED_EDGE('',*,*,#932,.F.);
#768=ORIENTED_EDGE('',*,*,#1084,.T.);
#769=ORIENTED_EDGE('',*,*,#934,.F.);
#770=ORIENTED_EDGE('',*,*,#1129,.F.);
#771=ORIENTED_EDGE('',*,*,#928,.F.);
#772=ORIENTED_EDGE('',*,*,#1085,.T.);
#773=ORIENTED_EDGE('',*,*,#930,.F.);
#774=ORIENTED_EDGE('',*,*,#1128,.F.);
#775=ORIENTED_EDGE('',*,*,#924,.F.);
#776=ORIENTED_EDGE('',*,*,#1086,.T.);
#777=ORIENTED_EDGE('',*,*,#926,.F.);
#778=ORIENTED_EDGE('',*,*,#1127,.F.);
#779=ORIENTED_EDGE('',*,*,#920,.F.);
#780=ORIENTED_EDGE('',*,*,#1087,.T.);
#781=ORIENTED_EDGE('',*,*,#922,.F.);
#782=ORIENTED_EDGE('',*,*,#1126,.F.);
#783=ORIENTED_EDGE('',*,*,#916,.F.);
#784=ORIENTED_EDGE('',*,*,#1088,.T.);
#785=ORIENTED_EDGE('',*,*,#918,.F.);
#786=ORIENTED_EDGE('',*,*,#1125,.F.);
#787=ORIENTED_EDGE('',*,*,#912,.F.);
#788=ORIENTED_EDGE('',*,*,#1089,.T.);
#789=ORIENTED_EDGE('',*,*,#914,.F.);
#790=ORIENTED_EDGE('',*,*,#1124,.F.);
#791=ORIENTED_EDGE('',*,*,#908,.F.);
#792=ORIENTED_EDGE('',*,*,#1090,.T.);
#793=ORIENTED_EDGE('',*,*,#910,.F.);
#794=ORIENTED_EDGE('',*,*,#1123,.F.);
#795=ORIENTED_EDGE('',*,*,#904,.F.);
#796=ORIENTED_EDGE('',*,*,#1091,.T.);
#797=ORIENTED_EDGE('',*,*,#906,.F.);
#798=ORIENTED_EDGE('',*,*,#1122,.F.);
#799=ORIENTED_EDGE('',*,*,#900,.F.);
#800=ORIENTED_EDGE('',*,*,#1092,.T.);
#801=ORIENTED_EDGE('',*,*,#902,.F.);
#802=ORIENTED_EDGE('',*,*,#1121,.F.);
#803=ORIENTED_EDGE('',*,*,#896,.F.);
#804=ORIENTED_EDGE('',*,*,#1093,.T.);
#805=ORIENTED_EDGE('',*,*,#898,.F.);
#806=ORIENTED_EDGE('',*,*,#1120,.F.);
#807=ORIENTED_EDGE('',*,*,#892,.F.);
#808=ORIENTED_EDGE('',*,*,#1094,.T.);
#809=ORIENTED_EDGE('',*,*,#894,.F.);
#810=ORIENTED_EDGE('',*,*,#1119,.F.);
#811=ORIENTED_EDGE('',*,*,#888,.F.);
#812=ORIENTED_EDGE('',*,*,#1095,.T.);
#813=ORIENTED_EDGE('',*,*,#890,.F.);
#814=ORIENTED_EDGE('',*,*,#1118,.F.);
#815=ORIENTED_EDGE('',*,*,#884,.F.);
#816=ORIENTED_EDGE('',*,*,#1096,.T.);
#817=ORIENTED_EDGE('',*,*,#886,.F.);
#818=ORIENTED_EDGE('',*,*,#1117,.F.);
#819=ORIENTED_EDGE('',*,*,#880,.F.);
#820=ORIENTED_EDGE('',*,*,#1097,.T.);
#821=ORIENTED_EDGE('',*,*,#882,.F.);
#822=ORIENTED_EDGE('',*,*,#1116,.F.);
#823=ORIENTED_EDGE('',*,*,#876,.F.);
#824=ORIENTED_EDGE('',*,*,#1098,.T.);
#825=ORIENTED_EDGE('',*,*,#878,.F.);
#826=ORIENTED_EDGE('',*,*,#1115,.F.);
#827=ORIENTED_EDGE('',*,*,#872,.F.);
#828=ORIENTED_EDGE('',*,*,#1099,.T.);
#829=ORIENTED_EDGE('',*,*,#874,.F.);
#830=ORIENTED_EDGE('',*,*,#1114,.F.);
#831=ORIENTED_EDGE('',*,*,#868,.F.);
#832=ORIENTED_EDGE('',*,*,#1100,.T.);
#833=ORIENTED_EDGE('',*,*,#870,.F.);
#834=ORIENTED_EDGE('',*,*,#1113,.F.);
#835=ORIENTED_EDGE('',*,*,#864,.F.);
#836=ORIENTED_EDGE('',*,*,#1101,.T.);
#837=ORIENTED_EDGE('',*,*,#866,.F.);
#838=ORIENTED_EDGE('',*,*,#1112,.F.);
#839=ORIENTED_EDGE('',*,*,#860,.F.);
#840=ORIENTED_EDGE('',*,*,#1102,.T.);
#841=ORIENTED_EDGE('',*,*,#862,.F.);
#842=ORIENTED_EDGE('',*,*,#1111,.F.);
#843=ORIENTED_EDGE('',*,*,#856,.F.);
#844=ORIENTED_EDGE('',*,*,#1103,.T.);
#845=ORIENTED_EDGE('',*,*,#858,.F.);
#846=ORIENTED_EDGE('',*,*,#1110,.F.);
#847=ORIENTED_EDGE('',*,*,#850,.F.);
#848=ORIENTED_EDGE('',*,*,#1053,.T.);
#849=ORIENTED_EDGE('',*,*,#854,.F.);
#850=EDGE_CURVE('',#1160,#1161,#1370,.F.);
#851=EDGE_CURVE('',#1161,#1162,#70,.T.);
#852=EDGE_CURVE('',#1162,#1163,#1371,.T.);
#853=EDGE_CURVE('',#1160,#1163,#71,.T.);
#854=EDGE_CURVE('',#1164,#1165,#1372,.T.);
#855=EDGE_CURVE('',#1166,#1165,#72,.T.);
#856=EDGE_CURVE('',#1166,#1167,#1373,.F.);
#857=EDGE_CURVE('',#1167,#1164,#73,.T.);
#858=EDGE_CURVE('',#1168,#1169,#1374,.T.);
#859=EDGE_CURVE('',#1170,#1169,#74,.T.);
#860=EDGE_CURVE('',#1170,#1171,#1375,.F.);
#861=EDGE_CURVE('',#1171,#1168,#75,.T.);
#862=EDGE_CURVE('',#1172,#1173,#1376,.T.);
#863=EDGE_CURVE('',#1174,#1173,#76,.T.);
#864=EDGE_CURVE('',#1174,#1175,#1377,.F.);
#865=EDGE_CURVE('',#1175,#1172,#77,.T.);
#866=EDGE_CURVE('',#1176,#1177,#1378,.T.);
#867=EDGE_CURVE('',#1178,#1177,#78,.T.);
#868=EDGE_CURVE('',#1178,#1179,#1379,.F.);
#869=EDGE_CURVE('',#1179,#1176,#79,.T.);
#870=EDGE_CURVE('',#1180,#1181,#1380,.T.);
#871=EDGE_CURVE('',#1182,#1181,#80,.T.);
#872=EDGE_CURVE('',#1182,#1183,#1381,.F.);
#873=EDGE_CURVE('',#1183,#1180,#81,.T.);
#874=EDGE_CURVE('',#1184,#1185,#1382,.T.);
#875=EDGE_CURVE('',#1186,#1185,#82,.T.);
#876=EDGE_CURVE('',#1186,#1187,#1383,.F.);
#877=EDGE_CURVE('',#1187,#1184,#83,.T.);
#878=EDGE_CURVE('',#1188,#1189,#1384,.T.);
#879=EDGE_CURVE('',#1190,#1189,#84,.T.);
#880=EDGE_CURVE('',#1190,#1191,#1385,.F.);
#881=EDGE_CURVE('',#1191,#1188,#85,.T.);
#882=EDGE_CURVE('',#1192,#1193,#1386,.T.);
#883=EDGE_CURVE('',#1194,#1193,#86,.T.);
#884=EDGE_CURVE('',#1194,#1195,#1387,.F.);
#885=EDGE_CURVE('',#1195,#1192,#87,.T.);
#886=EDGE_CURVE('',#1196,#1197,#1388,.T.);
#887=EDGE_CURVE('',#1198,#1197,#88,.T.);
#888=EDGE_CURVE('',#1198,#1199,#1389,.F.);
#889=EDGE_CURVE('',#1199,#1196,#89,.T.);
#890=EDGE_CURVE('',#1200,#1201,#1390,.T.);
#891=EDGE_CURVE('',#1202,#1201,#90,.T.);
#892=EDGE_CURVE('',#1202,#1203,#1391,.F.);
#893=EDGE_CURVE('',#1203,#1200,#91,.T.);
#894=EDGE_CURVE('',#1204,#1205,#1392,.T.);
#895=EDGE_CURVE('',#1206,#1205,#92,.T.);
#896=EDGE_CURVE('',#1206,#1207,#1393,.F.);
#897=EDGE_CURVE('',#1207,#1204,#93,.T.);
#898=EDGE_CURVE('',#1208,#1209,#1394,.T.);
#899=EDGE_CURVE('',#1210,#1209,#94,.T.);
#900=EDGE_CURVE('',#1210,#1211,#1395,.F.);
#901=EDGE_CURVE('',#1211,#1208,#95,.T.);
#902=EDGE_CURVE('',#1212,#1213,#1396,.T.);
#903=EDGE_CURVE('',#1214,#1213,#96,.T.);
#904=EDGE_CURVE('',#1214,#1215,#1397,.F.);
#905=EDGE_CURVE('',#1215,#1212,#97,.T.);
#906=EDGE_CURVE('',#1216,#1217,#1398,.T.);
#907=EDGE_CURVE('',#1218,#1217,#98,.T.);
#908=EDGE_CURVE('',#1218,#1219,#1399,.F.);
#909=EDGE_CURVE('',#1219,#1216,#99,.T.);
#910=EDGE_CURVE('',#1220,#1221,#1400,.T.);
#911=EDGE_CURVE('',#1222,#1221,#100,.T.);
#912=EDGE_CURVE('',#1222,#1223,#1401,.F.);
#913=EDGE_CURVE('',#1223,#1220,#101,.T.);
#914=EDGE_CURVE('',#1224,#1225,#1402,.T.);
#915=EDGE_CURVE('',#1226,#1225,#102,.T.);
#916=EDGE_CURVE('',#1226,#1227,#1403,.F.);
#917=EDGE_CURVE('',#1227,#1224,#103,.T.);
#918=EDGE_CURVE('',#1228,#1229,#1404,.T.);
#919=EDGE_CURVE('',#1230,#1229,#104,.T.);
#920=EDGE_CURVE('',#1230,#1231,#1405,.F.);
#921=EDGE_CURVE('',#1231,#1228,#105,.T.);
#922=EDGE_CURVE('',#1232,#1233,#1406,.T.);
#923=EDGE_CURVE('',#1234,#1233,#106,.T.);
#924=EDGE_CURVE('',#1234,#1235,#1407,.F.);
#925=EDGE_CURVE('',#1235,#1232,#107,.T.);
#926=EDGE_CURVE('',#1236,#1237,#1408,.T.);
#927=EDGE_CURVE('',#1238,#1237,#108,.T.);
#928=EDGE_CURVE('',#1238,#1239,#1409,.F.);
#929=EDGE_CURVE('',#1239,#1236,#109,.T.);
#930=EDGE_CURVE('',#1240,#1241,#1410,.T.);
#931=EDGE_CURVE('',#1242,#1241,#110,.T.);
#932=EDGE_CURVE('',#1242,#1243,#1411,.F.);
#933=EDGE_CURVE('',#1243,#1240,#111,.T.);
#934=EDGE_CURVE('',#1244,#1245,#1412,.T.);
#935=EDGE_CURVE('',#1246,#1245,#112,.T.);
#936=EDGE_CURVE('',#1246,#1247,#1413,.F.);
#937=EDGE_CURVE('',#1247,#1244,#113,.T.);
#938=EDGE_CURVE('',#1248,#1249,#1414,.T.);
#939=EDGE_CURVE('',#1250,#1249,#114,.T.);
#940=EDGE_CURVE('',#1250,#1251,#1415,.F.);
#941=EDGE_CURVE('',#1251,#1248,#115,.T.);
#942=EDGE_CURVE('',#1252,#1253,#1416,.T.);
#943=EDGE_CURVE('',#1254,#1253,#116,.T.);
#944=EDGE_CURVE('',#1254,#1255,#1417,.F.);
#945=EDGE_CURVE('',#1255,#1252,#117,.T.);
#946=EDGE_CURVE('',#1256,#1257,#1418,.T.);
#947=EDGE_CURVE('',#1258,#1257,#118,.T.);
#948=EDGE_CURVE('',#1258,#1259,#1419,.F.);
#949=EDGE_CURVE('',#1259,#1256,#119,.T.);
#950=EDGE_CURVE('',#1260,#1261,#1420,.T.);
#951=EDGE_CURVE('',#1262,#1261,#120,.T.);
#952=EDGE_CURVE('',#1262,#1263,#1421,.F.);
#953=EDGE_CURVE('',#1263,#1260,#121,.T.);
#954=EDGE_CURVE('',#1264,#1265,#1422,.T.);
#955=EDGE_CURVE('',#1266,#1265,#122,.T.);
#956=EDGE_CURVE('',#1266,#1267,#1423,.F.);
#957=EDGE_CURVE('',#1267,#1264,#123,.T.);
#958=EDGE_CURVE('',#1268,#1269,#1424,.T.);
#959=EDGE_CURVE('',#1270,#1269,#124,.T.);
#960=EDGE_CURVE('',#1270,#1271,#1425,.F.);
#961=EDGE_CURVE('',#1271,#1268,#125,.T.);
#962=EDGE_CURVE('',#1272,#1273,#1426,.T.);
#963=EDGE_CURVE('',#1274,#1273,#126,.T.);
#964=EDGE_CURVE('',#1274,#1275,#1427,.F.);
#965=EDGE_CURVE('',#1275,#1272,#127,.T.);
#966=EDGE_CURVE('',#1276,#1277,#1428,.T.);
#967=EDGE_CURVE('',#1278,#1277,#128,.T.);
#968=EDGE_CURVE('',#1278,#1279,#1429,.F.);
#969=EDGE_CURVE('',#1279,#1276,#129,.T.);
#970=EDGE_CURVE('',#1280,#1281,#1430,.T.);
#971=EDGE_CURVE('',#1282,#1281,#130,.T.);
#972=EDGE_CURVE('',#1282,#1283,#1431,.F.);
#973=EDGE_CURVE('',#1283,#1280,#131,.T.);
#974=EDGE_CURVE('',#1284,#1285,#1432,.T.);
#975=EDGE_CURVE('',#1286,#1285,#132,.T.);
#976=EDGE_CURVE('',#1286,#1287,#1433,.F.);
#977=EDGE_CURVE('',#1287,#1284,#133,.T.);
#978=EDGE_CURVE('',#1288,#1289,#1434,.T.);
#979=EDGE_CURVE('',#1290,#1289,#134,.T.);
#980=EDGE_CURVE('',#1290,#1291,#1435,.F.);
#981=EDGE_CURVE('',#1291,#1288,#135,.T.);
#982=EDGE_CURVE('',#1292,#1293,#1436,.T.);
#983=EDGE_CURVE('',#1294,#1293,#136,.T.);
#984=EDGE_CURVE('',#1294,#1295,#1437,.F.);
#985=EDGE_CURVE('',#1295,#1292,#137,.T.);
#986=EDGE_CURVE('',#1296,#1297,#1438,.T.);
#987=EDGE_CURVE('',#1298,#1297,#138,.T.);
#988=EDGE_CURVE('',#1298,#1299,#1439,.F.);
#989=EDGE_CURVE('',#1299,#1296,#139,.T.);
#990=EDGE_CURVE('',#1300,#1301,#1440,.T.);
#991=EDGE_CURVE('',#1302,#1301,#140,.T.);
#992=EDGE_CURVE('',#1302,#1303,#1441,.F.);
#993=EDGE_CURVE('',#1303,#1300,#141,.T.);
#994=EDGE_CURVE('',#1304,#1305,#1442,.T.);
#995=EDGE_CURVE('',#1306,#1305,#142,.T.);
#996=EDGE_CURVE('',#1306,#1307,#1443,.F.);
#997=EDGE_CURVE('',#1307,#1304,#143,.T.);
#998=EDGE_CURVE('',#1308,#1309,#1444,.T.);
#999=EDGE_CURVE('',#1310,#1309,#144,.T.);
#1000=EDGE_CURVE('',#1310,#1311,#1445,.F.);
#1001=EDGE_CURVE('',#1311,#1308,#145,.T.);
#1002=EDGE_CURVE('',#1312,#1313,#1446,.T.);
#1003=EDGE_CURVE('',#1314,#1313,#146,.T.);
#1004=EDGE_CURVE('',#1314,#1315,#1447,.F.);
#1005=EDGE_CURVE('',#1315,#1312,#147,.T.);
#1006=EDGE_CURVE('',#1316,#1317,#1448,.T.);
#1007=EDGE_CURVE('',#1318,#1317,#148,.T.);
#1008=EDGE_CURVE('',#1318,#1319,#1449,.F.);
#1009=EDGE_CURVE('',#1319,#1316,#149,.T.);
#1010=EDGE_CURVE('',#1320,#1321,#1450,.T.);
#1011=EDGE_CURVE('',#1322,#1321,#150,.T.);
#1012=EDGE_CURVE('',#1322,#1323,#1451,.F.);
#1013=EDGE_CURVE('',#1323,#1320,#151,.T.);
#1014=EDGE_CURVE('',#1324,#1325,#1452,.T.);
#1015=EDGE_CURVE('',#1326,#1325,#152,.T.);
#1016=EDGE_CURVE('',#1326,#1327,#1453,.F.);
#1017=EDGE_CURVE('',#1327,#1324,#153,.T.);
#1018=EDGE_CURVE('',#1328,#1329,#1454,.T.);
#1019=EDGE_CURVE('',#1330,#1329,#154,.T.);
#1020=EDGE_CURVE('',#1330,#1331,#1455,.F.);
#1021=EDGE_CURVE('',#1331,#1328,#155,.T.);
#1022=EDGE_CURVE('',#1332,#1333,#1456,.T.);
#1023=EDGE_CURVE('',#1334,#1333,#156,.T.);
#1024=EDGE_CURVE('',#1334,#1335,#1457,.F.);
#1025=EDGE_CURVE('',#1335,#1332,#157,.T.);
#1026=EDGE_CURVE('',#1336,#1337,#1458,.T.);
#1027=EDGE_CURVE('',#1338,#1337,#158,.T.);
#1028=EDGE_CURVE('',#1338,#1339,#1459,.F.);
#1029=EDGE_CURVE('',#1339,#1336,#159,.T.);
#1030=EDGE_CURVE('',#1340,#1341,#1460,.T.);
#1031=EDGE_CURVE('',#1342,#1341,#160,.T.);
#1032=EDGE_CURVE('',#1342,#1343,#1461,.F.);
#1033=EDGE_CURVE('',#1343,#1340,#161,.T.);
#1034=EDGE_CURVE('',#1344,#1345,#1462,.T.);
#1035=EDGE_CURVE('',#1346,#1345,#162,.T.);
#1036=EDGE_CURVE('',#1346,#1347,#1463,.F.);
#1037=EDGE_CURVE('',#1347,#1344,#163,.T.);
#1038=EDGE_CURVE('',#1348,#1349,#1464,.T.);
#1039=EDGE_CURVE('',#1350,#1349,#164,.T.);
#1040=EDGE_CURVE('',#1350,#1351,#1465,.F.);
#1041=EDGE_CURVE('',#1351,#1348,#165,.T.);
#1042=EDGE_CURVE('',#1352,#1353,#1466,.T.);
#1043=EDGE_CURVE('',#1354,#1353,#166,.T.);
#1044=EDGE_CURVE('',#1354,#1355,#1467,.F.);
#1045=EDGE_CURVE('',#1355,#1352,#167,.T.);
#1046=EDGE_CURVE('',#1356,#1356,#168,.T.);
#1047=EDGE_CURVE('',#1357,#1357,#169,.T.);
#1048=EDGE_CURVE('',#1358,#1358,#170,.T.);
#1049=EDGE_CURVE('',#1359,#1359,#171,.T.);
#1050=EDGE_CURVE('',#1360,#1360,#172,.T.);
#1051=EDGE_CURVE('',#1361,#1361,#173,.T.);
#1052=EDGE_CURVE('',#1362,#1362,#174,.F.);
#1053=EDGE_CURVE('',#1160,#1165,#175,.T.);
#1054=EDGE_CURVE('',#1363,#1163,#176,.T.);
#1055=EDGE_CURVE('',#1363,#1364,#177,.T.);
#1056=EDGE_CURVE('',#1354,#1364,#178,.T.);
#1057=EDGE_CURVE('',#1350,#1353,#179,.T.);
#1058=EDGE_CURVE('',#1346,#1349,#180,.T.);
#1059=EDGE_CURVE('',#1342,#1345,#181,.T.);
#1060=EDGE_CURVE('',#1338,#1341,#182,.T.);
#1061=EDGE_CURVE('',#1334,#1337,#183,.T.);
#1062=EDGE_CURVE('',#1330,#1333,#184,.T.);
#1063=EDGE_CURVE('',#1326,#1329,#185,.T.);
#1064=EDGE_CURVE('',#1322,#1325,#186,.T.);
#1065=EDGE_CURVE('',#1318,#1321,#187,.T.);
#1066=EDGE_CURVE('',#1314,#1317,#188,.T.);
#1067=EDGE_CURVE('',#1310,#1313,#189,.T.);
#1068=EDGE_CURVE('',#1306,#1309,#190,.T.);
#1069=EDGE_CURVE('',#1302,#1305,#191,.T.);
#1070=EDGE_CURVE('',#1298,#1301,#192,.T.);
#1071=EDGE_CURVE('',#1294,#1297,#193,.T.);
#1072=EDGE_CURVE('',#1290,#1293,#194,.T.);
#1073=EDGE_CURVE('',#1286,#1289,#195,.T.);
#1074=EDGE_CURVE('',#1282,#1285,#196,.T.);
#1075=EDGE_CURVE('',#1278,#1281,#197,.T.);
#1076=EDGE_CURVE('',#1274,#1277,#198,.T.);
#1077=EDGE_CURVE('',#1270,#1273,#199,.T.);
#1078=EDGE_CURVE('',#1266,#1269,#200,.T.);
#1079=EDGE_CURVE('',#1262,#1265,#201,.T.);
#1080=EDGE_CURVE('',#1258,#1261,#202,.T.);
#1081=EDGE_CURVE('',#1254,#1257,#203,.T.);
#1082=EDGE_CURVE('',#1250,#1253,#204,.T.);
#1083=EDGE_CURVE('',#1246,#1249,#205,.T.);
#1084=EDGE_CURVE('',#1242,#1245,#206,.T.);
#1085=EDGE_CURVE('',#1238,#1241,#207,.T.);
#1086=EDGE_CURVE('',#1234,#1237,#208,.T.);
#1087=EDGE_CURVE('',#1230,#1233,#209,.T.);
#1088=EDGE_CURVE('',#1226,#1229,#210,.T.);
#1089=EDGE_CURVE('',#1222,#1225,#211,.T.);
#1090=EDGE_CURVE('',#1218,#1221,#212,.T.);
#1091=EDGE_CURVE('',#1214,#1217,#213,.T.);
#1092=EDGE_CURVE('',#1210,#1213,#214,.T.);
#1093=EDGE_CURVE('',#1206,#1209,#215,.T.);
#1094=EDGE_CURVE('',#1202,#1205,#216,.T.);
#1095=EDGE_CURVE('',#1198,#1201,#217,.T.);
#1096=EDGE_CURVE('',#1194,#1197,#218,.T.);
#1097=EDGE_CURVE('',#1190,#1193,#219,.T.);
#1098=EDGE_CURVE('',#1186,#1189,#220,.T.);
#1099=EDGE_CURVE('',#1182,#1185,#221,.T.);
#1100=EDGE_CURVE('',#1178,#1181,#222,.T.);
#1101=EDGE_CURVE('',#1174,#1177,#223,.T.);
#1102=EDGE_CURVE('',#1170,#1173,#224,.T.);
#1103=EDGE_CURVE('',#1166,#1169,#225,.T.);
#1104=EDGE_CURVE('',#1365,#1365,#226,.T.);
#1105=EDGE_CURVE('',#1366,#1366,#227,.T.);
#1106=EDGE_CURVE('',#1367,#1367,#228,.F.);
#1107=EDGE_CURVE('',#1368,#1364,#1468,.T.);
#1108=EDGE_CURVE('',#1363,#1369,#1469,.F.);
#1109=EDGE_CURVE('',#1369,#1368,#229,.T.);
#1110=EDGE_CURVE('',#1161,#1164,#12,.T.);
#1111=EDGE_CURVE('',#1167,#1168,#13,.T.);
#1112=EDGE_CURVE('',#1171,#1172,#14,.T.);
#1113=EDGE_CURVE('',#1175,#1176,#15,.T.);
#1114=EDGE_CURVE('',#1179,#1180,#16,.T.);
#1115=EDGE_CURVE('',#1183,#1184,#17,.T.);
#1116=EDGE_CURVE('',#1187,#1188,#18,.T.);
#1117=EDGE_CURVE('',#1191,#1192,#19,.T.);
#1118=EDGE_CURVE('',#1195,#1196,#20,.T.);
#1119=EDGE_CURVE('',#1199,#1200,#21,.T.);
#1120=EDGE_CURVE('',#1203,#1204,#22,.T.);
#1121=EDGE_CURVE('',#1207,#1208,#23,.T.);
#1122=EDGE_CURVE('',#1211,#1212,#24,.T.);
#1123=EDGE_CURVE('',#1215,#1216,#25,.T.);
#1124=EDGE_CURVE('',#1219,#1220,#26,.T.);
#1125=EDGE_CURVE('',#1223,#1224,#27,.T.);
#1126=EDGE_CURVE('',#1227,#1228,#28,.T.);
#1127=EDGE_CURVE('',#1231,#1232,#29,.T.);
#1128=EDGE_CURVE('',#1235,#1236,#30,.T.);
#1129=EDGE_CURVE('',#1239,#1240,#31,.T.);
#1130=EDGE_CURVE('',#1243,#1244,#32,.T.);
#1131=EDGE_CURVE('',#1247,#1248,#33,.T.);
#1132=EDGE_CURVE('',#1251,#1252,#34,.T.);
#1133=EDGE_CURVE('',#1255,#1256,#35,.T.);
#1134=EDGE_CURVE('',#1259,#1260,#36,.T.);
#1135=EDGE_CURVE('',#1263,#1264,#37,.T.);
#1136=EDGE_CURVE('',#1267,#1268,#38,.T.);
#1137=EDGE_CURVE('',#1271,#1272,#39,.T.);
#1138=EDGE_CURVE('',#1275,#1276,#40,.T.);
#1139=EDGE_CURVE('',#1279,#1280,#41,.T.);
#1140=EDGE_CURVE('',#1283,#1284,#42,.T.);
#1141=EDGE_CURVE('',#1287,#1288,#43,.T.);
#1142=EDGE_CURVE('',#1291,#1292,#44,.T.);
#1143=EDGE_CURVE('',#1295,#1296,#45,.T.);
#1144=EDGE_CURVE('',#1299,#1300,#46,.T.);
#1145=EDGE_CURVE('',#1303,#1304,#47,.T.);
#1146=EDGE_CURVE('',#1307,#1308,#48,.T.);
#1147=EDGE_CURVE('',#1311,#1312,#49,.T.);
#1148=EDGE_CURVE('',#1315,#1316,#50,.T.);
#1149=EDGE_CURVE('',#1319,#1320,#51,.T.);
#1150=EDGE_CURVE('',#1323,#1324,#52,.T.);
#1151=EDGE_CURVE('',#1327,#1328,#53,.T.);
#1152=EDGE_CURVE('',#1331,#1332,#54,.T.);
#1153=EDGE_CURVE('',#1335,#1336,#55,.T.);
#1154=EDGE_CURVE('',#1339,#1340,#56,.T.);
#1155=EDGE_CURVE('',#1343,#1344,#57,.T.);
#1156=EDGE_CURVE('',#1347,#1348,#58,.T.);
#1157=EDGE_CURVE('',#1351,#1352,#59,.T.);
#1158=EDGE_CURVE('',#1355,#1368,#60,.T.);
#1159=EDGE_CURVE('',#1369,#1162,#61,.T.);
#1160=VERTEX_POINT('',#2956);
#1161=VERTEX_POINT('',#2957);
#1162=VERTEX_POINT('',#2959);
#1163=VERTEX_POINT('',#2961);
#1164=VERTEX_POINT('',#2965);
#1165=VERTEX_POINT('',#2966);
#1166=VERTEX_POINT('',#2968);
#1167=VERTEX_POINT('',#2970);
#1168=VERTEX_POINT('',#2974);
#1169=VERTEX_POINT('',#2975);
#1170=VERTEX_POINT('',#2977);
#1171=VERTEX_POINT('',#2979);
#1172=VERTEX_POINT('',#2983);
#1173=VERTEX_POINT('',#2984);
#1174=VERTEX_POINT('',#2986);
#1175=VERTEX_POINT('',#2988);
#1176=VERTEX_POINT('',#2992);
#1177=VERTEX_POINT('',#2993);
#1178=VERTEX_POINT('',#2995);
#1179=VERTEX_POINT('',#2997);
#1180=VERTEX_POINT('',#3001);
#1181=VERTEX_POINT('',#3002);
#1182=VERTEX_POINT('',#3004);
#1183=VERTEX_POINT('',#3006);
#1184=VERTEX_POINT('',#3010);
#1185=VERTEX_POINT('',#3011);
#1186=VERTEX_POINT('',#3013);
#1187=VERTEX_POINT('',#3015);
#1188=VERTEX_POINT('',#3019);
#1189=VERTEX_POINT('',#3020);
#1190=VERTEX_POINT('',#3022);
#1191=VERTEX_POINT('',#3024);
#1192=VERTEX_POINT('',#3028);
#1193=VERTEX_POINT('',#3029);
#1194=VERTEX_POINT('',#3031);
#1195=VERTEX_POINT('',#3033);
#1196=VERTEX_POINT('',#3037);
#1197=VERTEX_POINT('',#3038);
#1198=VERTEX_POINT('',#3040);
#1199=VERTEX_POINT('',#3042);
#1200=VERTEX_POINT('',#3046);
#1201=VERTEX_POINT('',#3047);
#1202=VERTEX_POINT('',#3049);
#1203=VERTEX_POINT('',#3051);
#1204=VERTEX_POINT('',#3055);
#1205=VERTEX_POINT('',#3056);
#1206=VERTEX_POINT('',#3058);
#1207=VERTEX_POINT('',#3060);
#1208=VERTEX_POINT('',#3064);
#1209=VERTEX_POINT('',#3065);
#1210=VERTEX_POINT('',#3067);
#1211=VERTEX_POINT('',#3069);
#1212=VERTEX_POINT('',#3073);
#1213=VERTEX_POINT('',#3074);
#1214=VERTEX_POINT('',#3076);
#1215=VERTEX_POINT('',#3078);
#1216=VERTEX_POINT('',#3082);
#1217=VERTEX_POINT('',#3083);
#1218=VERTEX_POINT('',#3085);
#1219=VERTEX_POINT('',#3087);
#1220=VERTEX_POINT('',#3091);
#1221=VERTEX_POINT('',#3092);
#1222=VERTEX_POINT('',#3094);
#1223=VERTEX_POINT('',#3096);
#1224=VERTEX_POINT('',#3100);
#1225=VERTEX_POINT('',#3101);
#1226=VERTEX_POINT('',#3103);
#1227=VERTEX_POINT('',#3105);
#1228=VERTEX_POINT('',#3109);
#1229=VERTEX_POINT('',#3110);
#1230=VERTEX_POINT('',#3112);
#1231=VERTEX_POINT('',#3114);
#1232=VERTEX_POINT('',#3118);
#1233=VERTEX_POINT('',#3119);
#1234=VERTEX_POINT('',#3121);
#1235=VERTEX_POINT('',#3123);
#1236=VERTEX_POINT('',#3127);
#1237=VERTEX_POINT('',#3128);
#1238=VERTEX_POINT('',#3130);
#1239=VERTEX_POINT('',#3132);
#1240=VERTEX_POINT('',#3136);
#1241=VERTEX_POINT('',#3137);
#1242=VERTEX_POINT('',#3139);
#1243=VERTEX_POINT('',#3141);
#1244=VERTEX_POINT('',#3145);
#1245=VERTEX_POINT('',#3146);
#1246=VERTEX_POINT('',#3148);
#1247=VERTEX_POINT('',#3150);
#1248=VERTEX_POINT('',#3154);
#1249=VERTEX_POINT('',#3155);
#1250=VERTEX_POINT('',#3157);
#1251=VERTEX_POINT('',#3159);
#1252=VERTEX_POINT('',#3163);
#1253=VERTEX_POINT('',#3164);
#1254=VERTEX_POINT('',#3166);
#1255=VERTEX_POINT('',#3168);
#1256=VERTEX_POINT('',#3172);
#1257=VERTEX_POINT('',#3173);
#1258=VERTEX_POINT('',#3175);
#1259=VERTEX_POINT('',#3177);
#1260=VERTEX_POINT('',#3181);
#1261=VERTEX_POINT('',#3182);
#1262=VERTEX_POINT('',#3184);
#1263=VERTEX_POINT('',#3186);
#1264=VERTEX_POINT('',#3190);
#1265=VERTEX_POINT('',#3191);
#1266=VERTEX_POINT('',#3193);
#1267=VERTEX_POINT('',#3195);
#1268=VERTEX_POINT('',#3199);
#1269=VERTEX_POINT('',#3200);
#1270=VERTEX_POINT('',#3202);
#1271=VERTEX_POINT('',#3204);
#1272=VERTEX_POINT('',#3208);
#1273=VERTEX_POINT('',#3209);
#1274=VERTEX_POINT('',#3211);
#1275=VERTEX_POINT('',#3213);
#1276=VERTEX_POINT('',#3217);
#1277=VERTEX_POINT('',#3218);
#1278=VERTEX_POINT('',#3220);
#1279=VERTEX_POINT('',#3222);
#1280=VERTEX_POINT('',#3226);
#1281=VERTEX_POINT('',#3227);
#1282=VERTEX_POINT('',#3229);
#1283=VERTEX_POINT('',#3231);
#1284=VERTEX_POINT('',#3235);
#1285=VERTEX_POINT('',#3236);
#1286=VERTEX_POINT('',#3238);
#1287=VERTEX_POINT('',#3240);
#1288=VERTEX_POINT('',#3244);
#1289=VERTEX_POINT('',#3245);
#1290=VERTEX_POINT('',#3247);
#1291=VERTEX_POINT('',#3249);
#1292=VERTEX_POINT('',#3253);
#1293=VERTEX_POINT('',#3254);
#1294=VERTEX_POINT('',#3256);
#1295=VERTEX_POINT('',#3258);
#1296=VERTEX_POINT('',#3262);
#1297=VERTEX_POINT('',#3263);
#1298=VERTEX_POINT('',#3265);
#1299=VERTEX_POINT('',#3267);
#1300=VERTEX_POINT('',#3271);
#1301=VERTEX_POINT('',#3272);
#1302=VERTEX_POINT('',#3274);
#1303=VERTEX_POINT('',#3276);
#1304=VERTEX_POINT('',#3280);
#1305=VERTEX_POINT('',#3281);
#1306=VERTEX_POINT('',#3283);
#1307=VERTEX_POINT('',#3285);
#1308=VERTEX_POINT('',#3289);
#1309=VERTEX_POINT('',#3290);
#1310=VERTEX_POINT('',#3292);
#1311=VERTEX_POINT('',#3294);
#1312=VERTEX_POINT('',#3298);
#1313=VERTEX_POINT('',#3299);
#1314=VERTEX_POINT('',#3301);
#1315=VERTEX_POINT('',#3303);
#1316=VERTEX_POINT('',#3307);
#1317=VERTEX_POINT('',#3308);
#1318=VERTEX_POINT('',#3310);
#1319=VERTEX_POINT('',#3312);
#1320=VERTEX_POINT('',#3316);
#1321=VERTEX_POINT('',#3317);
#1322=VERTEX_POINT('',#3319);
#1323=VERTEX_POINT('',#3321);
#1324=VERTEX_POINT('',#3325);
#1325=VERTEX_POINT('',#3326);
#1326=VERTEX_POINT('',#3328);
#1327=VERTEX_POINT('',#3330);
#1328=VERTEX_POINT('',#3334);
#1329=VERTEX_POINT('',#3335);
#1330=VERTEX_POINT('',#3337);
#1331=VERTEX_POINT('',#3339);
#1332=VERTEX_POINT('',#3343);
#1333=VERTEX_POINT('',#3344);
#1334=VERTEX_POINT('',#3346);
#1335=VERTEX_POINT('',#3348);
#1336=VERTEX_POINT('',#3352);
#1337=VERTEX_POINT('',#3353);
#1338=VERTEX_POINT('',#3355);
#1339=VERTEX_POINT('',#3357);
#1340=VERTEX_POINT('',#3361);
#1341=VERTEX_POINT('',#3362);
#1342=VERTEX_POINT('',#3364);
#1343=VERTEX_POINT('',#3366);
#1344=VERTEX_POINT('',#3370);
#1345=VERTEX_POINT('',#3371);
#1346=VERTEX_POINT('',#3373);
#1347=VERTEX_POINT('',#3375);
#1348=VERTEX_POINT('',#3379);
#1349=VERTEX_POINT('',#3380);
#1350=VERTEX_POINT('',#3382);
#1351=VERTEX_POINT('',#3384);
#1352=VERTEX_POINT('',#3388);
#1353=VERTEX_POINT('',#3389);
#1354=VERTEX_POINT('',#3391);
#1355=VERTEX_POINT('',#3393);
#1356=VERTEX_POINT('',#3397);
#1357=VERTEX_POINT('',#3399);
#1358=VERTEX_POINT('',#3402);
#1359=VERTEX_POINT('',#3405);
#1360=VERTEX_POINT('',#3407);
#1361=VERTEX_POINT('',#3411);
#1362=VERTEX_POINT('',#3414);
#1363=VERTEX_POINT('',#3418);
#1364=VERTEX_POINT('',#3420);
#1365=VERTEX_POINT('',#3470);
#1366=VERTEX_POINT('',#3473);
#1367=VERTEX_POINT('',#3477);
#1368=VERTEX_POINT('',#3480);
#1369=VERTEX_POINT('',#3482);
#1370=LINE('',#2955,#1470);
#1371=LINE('',#2960,#1471);
#1372=LINE('',#2964,#1472);
#1373=LINE('',#2969,#1473);
#1374=LINE('',#2973,#1474);
#1375=LINE('',#2978,#1475);
#1376=LINE('',#2982,#1476);
#1377=LINE('',#2987,#1477);
#1378=LINE('',#2991,#1478);
#1379=LINE('',#2996,#1479);
#1380=LINE('',#3000,#1480);
#1381=LINE('',#3005,#1481);
#1382=LINE('',#3009,#1482);
#1383=LINE('',#3014,#1483);
#1384=LINE('',#3018,#1484);
#1385=LINE('',#3023,#1485);
#1386=LINE('',#3027,#1486);
#1387=LINE('',#3032,#1487);
#1388=LINE('',#3036,#1488);
#1389=LINE('',#3041,#1489);
#1390=LINE('',#3045,#1490);
#1391=LINE('',#3050,#1491);
#1392=LINE('',#3054,#1492);
#1393=LINE('',#3059,#1493);
#1394=LINE('',#3063,#1494);
#1395=LINE('',#3068,#1495);
#1396=LINE('',#3072,#1496);
#1397=LINE('',#3077,#1497);
#1398=LINE('',#3081,#1498);
#1399=LINE('',#3086,#1499);
#1400=LINE('',#3090,#1500);
#1401=LINE('',#3095,#1501);
#1402=LINE('',#3099,#1502);
#1403=LINE('',#3104,#1503);
#1404=LINE('',#3108,#1504);
#1405=LINE('',#3113,#1505);
#1406=LINE('',#3117,#1506);
#1407=LINE('',#3122,#1507);
#1408=LINE('',#3126,#1508);
#1409=LINE('',#3131,#1509);
#1410=LINE('',#3135,#1510);
#1411=LINE('',#3140,#1511);
#1412=LINE('',#3144,#1512);
#1413=LINE('',#3149,#1513);
#1414=LINE('',#3153,#1514);
#1415=LINE('',#3158,#1515);
#1416=LINE('',#3162,#1516);
#1417=LINE('',#3167,#1517);
#1418=LINE('',#3171,#1518);
#1419=LINE('',#3176,#1519);
#1420=LINE('',#3180,#1520);
#1421=LINE('',#3185,#1521);
#1422=LINE('',#3189,#1522);
#1423=LINE('',#3194,#1523);
#1424=LINE('',#3198,#1524);
#1425=LINE('',#3203,#1525);
#1426=LINE('',#3207,#1526);
#1427=LINE('',#3212,#1527);
#1428=LINE('',#3216,#1528);
#1429=LINE('',#3221,#1529);
#1430=LINE('',#3225,#1530);
#1431=LINE('',#3230,#1531);
#1432=LINE('',#3234,#1532);
#1433=LINE('',#3239,#1533);
#1434=LINE('',#3243,#1534);
#1435=LINE('',#3248,#1535);
#1436=LINE('',#3252,#1536);
#1437=LINE('',#3257,#1537);
#1438=LINE('',#3261,#1538);
#1439=LINE('',#3266,#1539);
#1440=LINE('',#3270,#1540);
#1441=LINE('',#3275,#1541);
#1442=LINE('',#3279,#1542);
#1443=LINE('',#3284,#1543);
#1444=LINE('',#3288,#1544);
#1445=LINE('',#3293,#1545);
#1446=LINE('',#3297,#1546);
#1447=LINE('',#3302,#1547);
#1448=LINE('',#3306,#1548);
#1449=LINE('',#3311,#1549);
#1450=LINE('',#3315,#1550);
#1451=LINE('',#3320,#1551);
#1452=LINE('',#3324,#1552);
#1453=LINE('',#3329,#1553);
#1454=LINE('',#3333,#1554);
#1455=LINE('',#3338,#1555);
#1456=LINE('',#3342,#1556);
#1457=LINE('',#3347,#1557);
#1458=LINE('',#3351,#1558);
#1459=LINE('',#3356,#1559);
#1460=LINE('',#3360,#1560);
#1461=LINE('',#3365,#1561);
#1462=LINE('',#3369,#1562);
#1463=LINE('',#3374,#1563);
#1464=LINE('',#3378,#1564);
#1465=LINE('',#3383,#1565);
#1466=LINE('',#3387,#1566);
#1467=LINE('',#3392,#1567);
#1468=LINE('',#3479,#1568);
#1469=LINE('',#3481,#1569);
#1470=VECTOR('',#2311,1.);
#1471=VECTOR('',#2314,1.);
#1472=VECTOR('',#2319,1.);
#1473=VECTOR('',#2322,1.);
#1474=VECTOR('',#2327,1.);
#1475=VECTOR('',#2330,1.);
#1476=VECTOR('',#2335,1.);
#1477=VECTOR('',#2338,1.);
#1478=VECTOR('',#2343,1.);
#1479=VECTOR('',#2346,1.);
#1480=VECTOR('',#2351,1.);
#1481=VECTOR('',#2354,1.);
#1482=VECTOR('',#2359,1.);
#1483=VECTOR('',#2362,1.);
#1484=VECTOR('',#2367,1.);
#1485=VECTOR('',#2370,1.);
#1486=VECTOR('',#2375,1.);
#1487=VECTOR('',#2378,1.);
#1488=VECTOR('',#2383,1.);
#1489=VECTOR('',#2386,1.);
#1490=VECTOR('',#2391,1.);
#1491=VECTOR('',#2394,1.);
#1492=VECTOR('',#2399,1.);
#1493=VECTOR('',#2402,1.);
#1494=VECTOR('',#2407,1.);
#1495=VECTOR('',#2410,1.);
#1496=VECTOR('',#2415,1.);
#1497=VECTOR('',#2418,1.);
#1498=VECTOR('',#2423,1.);
#1499=VECTOR('',#2426,1.);
#1500=VECTOR('',#2431,1.);
#1501=VECTOR('',#2434,1.);
#1502=VECTOR('',#2439,1.);
#1503=VECTOR('',#2442,1.);
#1504=VECTOR('',#2447,1.);
#1505=VECTOR('',#2450,1.);
#1506=VECTOR('',#2455,1.);
#1507=VECTOR('',#2458,1.);
#1508=VECTOR('',#2463,1.);
#1509=VECTOR('',#2466,1.);
#1510=VECTOR('',#2471,1.);
#1511=VECTOR('',#2474,1.);
#1512=VECTOR('',#2479,1.);
#1513=VECTOR('',#2482,1.);
#1514=VECTOR('',#2487,1.);
#1515=VECTOR('',#2490,1.);
#1516=VECTOR('',#2495,1.);
#1517=VECTOR('',#2498,1.);
#1518=VECTOR('',#2503,1.);
#1519=VECTOR('',#2506,1.);
#1520=VECTOR('',#2511,1.);
#1521=VECTOR('',#2514,1.);
#1522=VECTOR('',#2519,1.);
#1523=VECTOR('',#2522,1.);
#1524=VECTOR('',#2527,1.);
#1525=VECTOR('',#2530,1.);
#1526=VECTOR('',#2535,1.);
#1527=VECTOR('',#2538,1.);
#1528=VECTOR('',#2543,1.);
#1529=VECTOR('',#2546,1.);
#1530=VECTOR('',#2551,1.);
#1531=VECTOR('',#2554,1.);
#1532=VECTOR('',#2559,1.);
#1533=VECTOR('',#2562,1.);
#1534=VECTOR('',#2567,1.);
#1535=VECTOR('',#2570,1.);
#1536=VECTOR('',#2575,1.);
#1537=VECTOR('',#2578,1.);
#1538=VECTOR('',#2583,1.);
#1539=VECTOR('',#2586,1.);
#1540=VECTOR('',#2591,1.);
#1541=VECTOR('',#2594,1.);
#1542=VECTOR('',#2599,1.);
#1543=VECTOR('',#2602,1.);
#1544=VECTOR('',#2607,1.);
#1545=VECTOR('',#2610,1.);
#1546=VECTOR('',#2615,1.);
#1547=VECTOR('',#2618,1.);
#1548=VECTOR('',#2623,1.);
#1549=VECTOR('',#2626,1.);
#1550=VECTOR('',#2631,1.);
#1551=VECTOR('',#2634,1.);
#1552=VECTOR('',#2639,1.);
#1553=VECTOR('',#2642,1.);
#1554=VECTOR('',#2647,1.);
#1555=VECTOR('',#2650,1.);
#1556=VECTOR('',#2655,1.);
#1557=VECTOR('',#2658,1.);
#1558=VECTOR('',#2663,1.);
#1559=VECTOR('',#2666,1.);
#1560=VECTOR('',#2671,1.);
#1561=VECTOR('',#2674,1.);
#1562=VECTOR('',#2679,1.);
#1563=VECTOR('',#2682,1.);
#1564=VECTOR('',#2687,1.);
#1565=VECTOR('',#2690,1.);
#1566=VECTOR('',#2695,1.);
#1567=VECTOR('',#2698,1.);
#1568=VECTOR('',#2845,1.);
#1569=VECTOR('',#2846,1.);
#1570=EDGE_LOOP('',(#230,#231,#232,#233));
#1571=EDGE_LOOP('',(#234,#235,#236,#237));
#1572=EDGE_LOOP('',(#238,#239,#240,#241));
#1573=EDGE_LOOP('',(#242,#243,#244,#245));
#1574=EDGE_LOOP('',(#246,#247,#248,#249));
#1575=EDGE_LOOP('',(#250,#251,#252,#253));
#1576=EDGE_LOOP('',(#254,#255,#256,#257));
#1577=EDGE_LOOP('',(#258,#259,#260,#261));
#1578=EDGE_LOOP('',(#262,#263,#264,#265));
#1579=EDGE_LOOP('',(#266,#267,#268,#269));
#1580=EDGE_LOOP('',(#270,#271,#272,#273));
#1581=EDGE_LOOP('',(#274,#275,#276,#277));
#1582=EDGE_LOOP('',(#278,#279,#280,#281));
#1583=EDGE_LOOP('',(#282,#283,#284,#285));
#1584=EDGE_LOOP('',(#286,#287,#288,#289));
#1585=EDGE_LOOP('',(#290,#291,#292,#293));
#1586=EDGE_LOOP('',(#294,#295,#296,#297));
#1587=EDGE_LOOP('',(#298,#299,#300,#301));
#1588=EDGE_LOOP('',(#302,#303,#304,#305));
#1589=EDGE_LOOP('',(#306,#307,#308,#309));
#1590=EDGE_LOOP('',(#310,#311,#312,#313));
#1591=EDGE_LOOP('',(#314,#315,#316,#317));
#1592=EDGE_LOOP('',(#318,#319,#320,#321));
#1593=EDGE_LOOP('',(#322,#323,#324,#325));
#1594=EDGE_LOOP('',(#326,#327,#328,#329));
#1595=EDGE_LOOP('',(#330,#331,#332,#333));
#1596=EDGE_LOOP('',(#334,#335,#336,#337));
#1597=EDGE_LOOP('',(#338,#339,#340,#341));
#1598=EDGE_LOOP('',(#342,#343,#344,#345));
#1599=EDGE_LOOP('',(#346,#347,#348,#349));
#1600=EDGE_LOOP('',(#350,#351,#352,#353));
#1601=EDGE_LOOP('',(#354,#355,#356,#357));
#1602=EDGE_LOOP('',(#358,#359,#360,#361));
#1603=EDGE_LOOP('',(#362,#363,#364,#365));
#1604=EDGE_LOOP('',(#366,#367,#368,#369));
#1605=EDGE_LOOP('',(#370,#371,#372,#373));
#1606=EDGE_LOOP('',(#374,#375,#376,#377));
#1607=EDGE_LOOP('',(#378,#379,#380,#381));
#1608=EDGE_LOOP('',(#382,#383,#384,#385));
#1609=EDGE_LOOP('',(#386,#387,#388,#389));
#1610=EDGE_LOOP('',(#390,#391,#392,#393));
#1611=EDGE_LOOP('',(#394,#395,#396,#397));
#1612=EDGE_LOOP('',(#398,#399,#400,#401));
#1613=EDGE_LOOP('',(#402,#403,#404,#405));
#1614=EDGE_LOOP('',(#406,#407,#408,#409));
#1615=EDGE_LOOP('',(#410,#411,#412,#413));
#1616=EDGE_LOOP('',(#414,#415,#416,#417));
#1617=EDGE_LOOP('',(#418,#419,#420,#421));
#1618=EDGE_LOOP('',(#422,#423,#424,#425));
#1619=EDGE_LOOP('',(#426));
#1620=EDGE_LOOP('',(#427));
#1621=EDGE_LOOP('',(#428));
#1622=EDGE_LOOP('',(#429));
#1623=EDGE_LOOP('',(#430));
#1624=EDGE_LOOP('',(#431));
#1625=EDGE_LOOP('',(#432));
#1626=EDGE_LOOP('',(#433));
#1627=EDGE_LOOP('',(#434));
#1628=EDGE_LOOP('',(#435));
#1629=EDGE_LOOP('',(#436));
#1630=EDGE_LOOP('',(#437,#438,#439,#440,#441,#442,#443,#444,#445,#446,#447,
#448,#449,#450,#451,#452,#453,#454,#455,#456,#457,#458,#459,#460,#461,#462,
#463,#464,#465,#466,#467,#468,#469,#470,#471,#472,#473,#474,#475,#476,#477,
#478,#479,#480,#481,#482,#483,#484,#485,#486,#487,#488,#489,#490,#491,#492,
#493,#494,#495,#496,#497,#498,#499,#500,#501,#502,#503,#504,#505,#506,#507,
#508,#509,#510,#511,#512,#513,#514,#515,#516,#517,#518,#519,#520,#521,#522,
#523,#524,#525,#526,#527,#528,#529,#530,#531,#532,#533,#534,#535,#536));
#1631=EDGE_LOOP('',(#537));
#1632=EDGE_LOOP('',(#538));
#1633=EDGE_LOOP('',(#539));
#1634=EDGE_LOOP('',(#540));
#1635=EDGE_LOOP('',(#541));
#1636=EDGE_LOOP('',(#542));
#1637=EDGE_LOOP('',(#543,#544,#545,#546));
#1638=EDGE_LOOP('',(#547,#548,#549,#550,#551,#552,#553,#554,#555,#556,#557,
#558,#559,#560,#561,#562,#563,#564,#565,#566,#567,#568,#569,#570,#571,#572,
#573,#574,#575,#576,#577,#578,#579,#580,#581,#582,#583,#584,#585,#586,#587,
#588,#589,#590,#591,#592,#593,#594,#595,#596,#597,#598,#599,#600,#601,#602,
#603,#604,#605,#606,#607,#608,#609,#610,#611,#612,#613,#614,#615,#616,#617,
#618,#619,#620,#621,#622,#623,#624,#625,#626,#627,#628,#629,#630,#631,#632,
#633,#634,#635,#636,#637,#638,#639,#640,#641,#642,#643,#644,#645,#646));
#1639=EDGE_LOOP('',(#647));
#1640=EDGE_LOOP('',(#648));
#1641=EDGE_LOOP('',(#649));
#1642=EDGE_LOOP('',(#650,#651,#652,#653));
#1643=EDGE_LOOP('',(#654,#655,#656,#657));
#1644=EDGE_LOOP('',(#658,#659,#660,#661));
#1645=EDGE_LOOP('',(#662,#663,#664,#665));
#1646=EDGE_LOOP('',(#666,#667,#668,#669));
#1647=EDGE_LOOP('',(#670,#671,#672,#673));
#1648=EDGE_LOOP('',(#674,#675,#676,#677));
#1649=EDGE_LOOP('',(#678,#679,#680,#681));
#1650=EDGE_LOOP('',(#682,#683,#684,#685));
#1651=EDGE_LOOP('',(#686,#687,#688,#689));
#1652=EDGE_LOOP('',(#690,#691,#692,#693));
#1653=EDGE_LOOP('',(#694,#695,#696,#697));
#1654=EDGE_LOOP('',(#698,#699,#700,#701));
#1655=EDGE_LOOP('',(#702,#703,#704,#705));
#1656=EDGE_LOOP('',(#706,#707,#708,#709));
#1657=EDGE_LOOP('',(#710,#711,#712,#713));
#1658=EDGE_LOOP('',(#714,#715,#716,#717));
#1659=EDGE_LOOP('',(#718,#719,#720,#721));
#1660=EDGE_LOOP('',(#722,#723,#724,#725));
#1661=EDGE_LOOP('',(#726,#727,#728,#729));
#1662=EDGE_LOOP('',(#730,#731,#732,#733));
#1663=EDGE_LOOP('',(#734,#735,#736,#737));
#1664=EDGE_LOOP('',(#738,#739,#740,#741));
#1665=EDGE_LOOP('',(#742,#743,#744,#745));
#1666=EDGE_LOOP('',(#746,#747,#748,#749));
#1667=EDGE_LOOP('',(#750,#751,#752,#753));
#1668=EDGE_LOOP('',(#754,#755,#756,#757));
#1669=EDGE_LOOP('',(#758,#759,#760,#761));
#1670=EDGE_LOOP('',(#762,#763,#764,#765));
#1671=EDGE_LOOP('',(#766,#767,#768,#769));
#1672=EDGE_LOOP('',(#770,#771,#772,#773));
#1673=EDGE_LOOP('',(#774,#775,#776,#777));
#1674=EDGE_LOOP('',(#778,#779,#780,#781));
#1675=EDGE_LOOP('',(#782,#783,#784,#785));
#1676=EDGE_LOOP('',(#786,#787,#788,#789));
#1677=EDGE_LOOP('',(#790,#791,#792,#793));
#1678=EDGE_LOOP('',(#794,#795,#796,#797));
#1679=EDGE_LOOP('',(#798,#799,#800,#801));
#1680=EDGE_LOOP('',(#802,#803,#804,#805));
#1681=EDGE_LOOP('',(#806,#807,#808,#809));
#1682=EDGE_LOOP('',(#810,#811,#812,#813));
#1683=EDGE_LOOP('',(#814,#815,#816,#817));
#1684=EDGE_LOOP('',(#818,#819,#820,#821));
#1685=EDGE_LOOP('',(#822,#823,#824,#825));
#1686=EDGE_LOOP('',(#826,#827,#828,#829));
#1687=EDGE_LOOP('',(#830,#831,#832,#833));
#1688=EDGE_LOOP('',(#834,#835,#836,#837));
#1689=EDGE_LOOP('',(#838,#839,#840,#841));
#1690=EDGE_LOOP('',(#842,#843,#844,#845));
#1691=EDGE_LOOP('',(#846,#847,#848,#849));
#1692=FACE_BOUND('',#1570,.T.);
#1693=FACE_BOUND('',#1571,.T.);
#1694=FACE_BOUND('',#1572,.T.);
#1695=FACE_BOUND('',#1573,.T.);
#1696=FACE_BOUND('',#1574,.T.);
#1697=FACE_BOUND('',#1575,.T.);
#1698=FACE_BOUND('',#1576,.T.);
#1699=FACE_BOUND('',#1577,.T.);
#1700=FACE_BOUND('',#1578,.T.);
#1701=FACE_BOUND('',#1579,.T.);
#1702=FACE_BOUND('',#1580,.T.);
#1703=FACE_BOUND('',#1581,.T.);
#1704=FACE_BOUND('',#1582,.T.);
#1705=FACE_BOUND('',#1583,.T.);
#1706=FACE_BOUND('',#1584,.T.);
#1707=FACE_BOUND('',#1585,.T.);
#1708=FACE_BOUND('',#1586,.T.);
#1709=FACE_BOUND('',#1587,.T.);
#1710=FACE_BOUND('',#1588,.T.);
#1711=FACE_BOUND('',#1589,.T.);
#1712=FACE_BOUND('',#1590,.T.);
#1713=FACE_BOUND('',#1591,.T.);
#1714=FACE_BOUND('',#1592,.T.);
#1715=FACE_BOUND('',#1593,.T.);
#1716=FACE_BOUND('',#1594,.T.);
#1717=FACE_BOUND('',#1595,.T.);
#1718=FACE_BOUND('',#1596,.T.);
#1719=FACE_BOUND('',#1597,.T.);
#1720=FACE_BOUND('',#1598,.T.);
#1721=FACE_BOUND('',#1599,.T.);
#1722=FACE_BOUND('',#1600,.T.);
#1723=FACE_BOUND('',#1601,.T.);
#1724=FACE_BOUND('',#1602,.T.);
#1725=FACE_BOUND('',#1603,.T.);
#1726=FACE_BOUND('',#1604,.T.);
#1727=FACE_BOUND('',#1605,.T.);
#1728=FACE_BOUND('',#1606,.T.);
#1729=FACE_BOUND('',#1607,.T.);
#1730=FACE_BOUND('',#1608,.T.);
#1731=FACE_BOUND('',#1609,.T.);
#1732=FACE_BOUND('',#1610,.T.);
#1733=FACE_BOUND('',#1611,.T.);
#1734=FACE_BOUND('',#1612,.T.);
#1735=FACE_BOUND('',#1613,.T.);
#1736=FACE_BOUND('',#1614,.T.);
#1737=FACE_BOUND('',#1615,.T.);
#1738=FACE_BOUND('',#1616,.T.);
#1739=FACE_BOUND('',#1617,.T.);
#1740=FACE_BOUND('',#1618,.T.);
#1741=FACE_BOUND('',#1619,.T.);
#1742=FACE_BOUND('',#1620,.T.);
#1743=FACE_BOUND('',#1621,.T.);
#1744=FACE_BOUND('',#1622,.T.);
#1745=FACE_BOUND('',#1623,.T.);
#1746=FACE_BOUND('',#1624,.T.);
#1747=FACE_BOUND('',#1625,.T.);
#1748=FACE_BOUND('',#1626,.T.);
#1749=FACE_BOUND('',#1627,.T.);
#1750=FACE_BOUND('',#1628,.T.);
#1751=FACE_BOUND('',#1629,.T.);
#1752=FACE_BOUND('',#1630,.T.);
#1753=FACE_BOUND('',#1631,.T.);
#1754=FACE_BOUND('',#1632,.T.);
#1755=FACE_BOUND('',#1633,.T.);
#1756=FACE_BOUND('',#1634,.T.);
#1757=FACE_BOUND('',#1635,.T.);
#1758=FACE_BOUND('',#1636,.T.);
#1759=FACE_BOUND('',#1637,.T.);
#1760=FACE_BOUND('',#1638,.T.);
#1761=FACE_BOUND('',#1639,.T.);
#1762=FACE_BOUND('',#1640,.T.);
#1763=FACE_BOUND('',#1641,.T.);
#1764=FACE_BOUND('',#1642,.T.);
#1765=FACE_BOUND('',#1643,.T.);
#1766=FACE_BOUND('',#1644,.T.);
#1767=FACE_BOUND('',#1645,.T.);
#1768=FACE_BOUND('',#1646,.T.);
#1769=FACE_BOUND('',#1647,.T.);
#1770=FACE_BOUND('',#1648,.T.);
#1771=FACE_BOUND('',#1649,.T.);
#1772=FACE_BOUND('',#1650,.T.);
#1773=FACE_BOUND('',#1651,.T.);
#1774=FACE_BOUND('',#1652,.T.);
#1775=FACE_BOUND('',#1653,.T.);
#1776=FACE_BOUND('',#1654,.T.);
#1777=FACE_BOUND('',#1655,.T.);
#1778=FACE_BOUND('',#1656,.T.);
#1779=FACE_BOUND('',#1657,.T.);
#1780=FACE_BOUND('',#1658,.T.);
#1781=FACE_BOUND('',#1659,.T.);
#1782=FACE_BOUND('',#1660,.T.);
#1783=FACE_BOUND('',#1661,.T.);
#1784=FACE_BOUND('',#1662,.T.);
#1785=FACE_BOUND('',#1663,.T.);
#1786=FACE_BOUND('',#1664,.T.);
#1787=FACE_BOUND('',#1665,.T.);
#1788=FACE_BOUND('',#1666,.T.);
#1789=FACE_BOUND('',#1667,.T.);
#1790=FACE_BOUND('',#1668,.T.);
#1791=FACE_BOUND('',#1669,.T.);
#1792=FACE_BOUND('',#1670,.T.);
#1793=FACE_BOUND('',#1671,.T.);
#1794=FACE_BOUND('',#1672,.T.);
#1795=FACE_BOUND('',#1673,.T.);
#1796=FACE_BOUND('',#1674,.T.);
#1797=FACE_BOUND('',#1675,.T.);
#1798=FACE_BOUND('',#1676,.T.);
#1799=FACE_BOUND('',#1677,.T.);
#1800=FACE_BOUND('',#1678,.T.);
#1801=FACE_BOUND('',#1679,.T.);
#1802=FACE_BOUND('',#1680,.T.);
#1803=FACE_BOUND('',#1681,.T.);
#1804=FACE_BOUND('',#1682,.T.);
#1805=FACE_BOUND('',#1683,.T.);
#1806=FACE_BOUND('',#1684,.T.);
#1807=FACE_BOUND('',#1685,.T.);
#1808=FACE_BOUND('',#1686,.T.);
#1809=FACE_BOUND('',#1687,.T.);
#1810=FACE_BOUND('',#1688,.T.);
#1811=FACE_BOUND('',#1689,.T.);
#1812=FACE_BOUND('',#1690,.T.);
#1813=FACE_BOUND('',#1691,.T.);
#1814=CYLINDRICAL_SURFACE('',#2035,0.00125);
#1815=CYLINDRICAL_SURFACE('',#2038,0.00125);
#1816=CYLINDRICAL_SURFACE('',#2041,0.00125);
#1817=CYLINDRICAL_SURFACE('',#2044,0.00125);
#1818=CYLINDRICAL_SURFACE('',#2047,0.00125);
#1819=CYLINDRICAL_SURFACE('',#2050,0.00125);
#1820=CYLINDRICAL_SURFACE('',#2053,0.00125);
#1821=CYLINDRICAL_SURFACE('',#2056,0.00125);
#1822=CYLINDRICAL_SURFACE('',#2059,0.00125);
#1823=CYLINDRICAL_SURFACE('',#2062,0.00125);
#1824=CYLINDRICAL_SURFACE('',#2065,0.00125);
#1825=CYLINDRICAL_SURFACE('',#2068,0.00125);
#1826=CYLINDRICAL_SURFACE('',#2071,0.00125);
#1827=CYLINDRICAL_SURFACE('',#2074,0.00125);
#1828=CYLINDRICAL_SURFACE('',#2077,0.00125);
#1829=CYLINDRICAL_SURFACE('',#2080,0.00125);
#1830=CYLINDRICAL_SURFACE('',#2083,0.00125);
#1831=CYLINDRICAL_SURFACE('',#2086,0.00125);
#1832=CYLINDRICAL_SURFACE('',#2089,0.00125);
#1833=CYLINDRICAL_SURFACE('',#2092,0.00125);
#1834=CYLINDRICAL_SURFACE('',#2095,0.00125);
#1835=CYLINDRICAL_SURFACE('',#2098,0.00125);
#1836=CYLINDRICAL_SURFACE('',#2101,0.00125);
#1837=CYLINDRICAL_SURFACE('',#2104,0.00125);
#1838=CYLINDRICAL_SURFACE('',#2107,0.00125);
#1839=CYLINDRICAL_SURFACE('',#2110,0.00125);
#1840=CYLINDRICAL_SURFACE('',#2113,0.00125);
#1841=CYLINDRICAL_SURFACE('',#2116,0.00125);
#1842=CYLINDRICAL_SURFACE('',#2119,0.00125);
#1843=CYLINDRICAL_SURFACE('',#2122,0.00125);
#1844=CYLINDRICAL_SURFACE('',#2125,0.00125);
#1845=CYLINDRICAL_SURFACE('',#2128,0.00125);
#1846=CYLINDRICAL_SURFACE('',#2131,0.00125);
#1847=CYLINDRICAL_SURFACE('',#2134,0.00125);
#1848=CYLINDRICAL_SURFACE('',#2137,0.00125);
#1849=CYLINDRICAL_SURFACE('',#2140,0.00125);
#1850=CYLINDRICAL_SURFACE('',#2143,0.00125);
#1851=CYLINDRICAL_SURFACE('',#2146,0.00125);
#1852=CYLINDRICAL_SURFACE('',#2149,0.00125);
#1853=CYLINDRICAL_SURFACE('',#2152,0.00125);
#1854=CYLINDRICAL_SURFACE('',#2155,0.00125);
#1855=CYLINDRICAL_SURFACE('',#2158,0.00125);
#1856=CYLINDRICAL_SURFACE('',#2161,0.00125);
#1857=CYLINDRICAL_SURFACE('',#2164,0.00125);
#1858=CYLINDRICAL_SURFACE('',#2167,0.00125);
#1859=CYLINDRICAL_SURFACE('',#2170,0.00125);
#1860=CYLINDRICAL_SURFACE('',#2173,0.00125);
#1861=CYLINDRICAL_SURFACE('',#2176,0.00125);
#1862=CYLINDRICAL_SURFACE('',#2179,0.00125);
#1863=CYLINDRICAL_SURFACE('',#2182,0.00125);
#1864=CYLINDRICAL_SURFACE('',#2190,0.00065);
#1865=CYLINDRICAL_SURFACE('',#2193,0.00125);
#1866=CYLINDRICAL_SURFACE('',#2248,0.001);
#1867=CYLINDRICAL_SURFACE('',#2253,0.00125);
#1868=CYLINDRICAL_SURFACE('',#2257,5.E-5);
#1869=CYLINDRICAL_SURFACE('',#2258,5.E-5);
#1870=CYLINDRICAL_SURFACE('',#2259,5.E-5);
#1871=CYLINDRICAL_SURFACE('',#2260,5.E-5);
#1872=CYLINDRICAL_SURFACE('',#2261,5.E-5);
#1873=CYLINDRICAL_SURFACE('',#2262,5.E-5);
#1874=CYLINDRICAL_SURFACE('',#2263,5.E-5);
#1875=CYLINDRICAL_SURFACE('',#2264,5.E-5);
#1876=CYLINDRICAL_SURFACE('',#2265,5.E-5);
#1877=CYLINDRICAL_SURFACE('',#2266,5.E-5);
#1878=CYLINDRICAL_SURFACE('',#2267,5.E-5);
#1879=CYLINDRICAL_SURFACE('',#2268,5.E-5);
#1880=CYLINDRICAL_SURFACE('',#2269,5.E-5);
#1881=CYLINDRICAL_SURFACE('',#2270,5.E-5);
#1882=CYLINDRICAL_SURFACE('',#2271,5.E-5);
#1883=CYLINDRICAL_SURFACE('',#2272,5.E-5);
#1884=CYLINDRICAL_SURFACE('',#2273,5.E-5);
#1885=CYLINDRICAL_SURFACE('',#2274,5.E-5);
#1886=CYLINDRICAL_SURFACE('',#2275,5.E-5);
#1887=CYLINDRICAL_SURFACE('',#2276,5.E-5);
#1888=CYLINDRICAL_SURFACE('',#2277,5.E-5);
#1889=CYLINDRICAL_SURFACE('',#2278,5.E-5);
#1890=CYLINDRICAL_SURFACE('',#2279,5.E-5);
#1891=CYLINDRICAL_SURFACE('',#2280,5.E-5);
#1892=CYLINDRICAL_SURFACE('',#2281,5.E-5);
#1893=CYLINDRICAL_SURFACE('',#2282,5.E-5);
#1894=CYLINDRICAL_SURFACE('',#2283,5.E-5);
#1895=CYLINDRICAL_SURFACE('',#2284,5.E-5);
#1896=CYLINDRICAL_SURFACE('',#2285,5.E-5);
#1897=CYLINDRICAL_SURFACE('',#2286,5.E-5);
#1898=CYLINDRICAL_SURFACE('',#2287,5.E-5);
#1899=CYLINDRICAL_SURFACE('',#2288,5.E-5);
#1900=CYLINDRICAL_SURFACE('',#2289,5.E-5);
#1901=CYLINDRICAL_SURFACE('',#2290,5.E-5);
#1902=CYLINDRICAL_SURFACE('',#2291,5.E-5);
#1903=CYLINDRICAL_SURFACE('',#2292,5.E-5);
#1904=CYLINDRICAL_SURFACE('',#2293,5.E-5);
#1905=CYLINDRICAL_SURFACE('',#2294,5.E-5);
#1906=CYLINDRICAL_SURFACE('',#2295,5.E-5);
#1907=CYLINDRICAL_SURFACE('',#2296,5.E-5);
#1908=CYLINDRICAL_SURFACE('',#2297,5.E-5);
#1909=CYLINDRICAL_SURFACE('',#2298,5.E-5);
#1910=CYLINDRICAL_SURFACE('',#2299,5.E-5);
#1911=CYLINDRICAL_SURFACE('',#2300,5.E-5);
#1912=CYLINDRICAL_SURFACE('',#2301,5.E-5);
#1913=CYLINDRICAL_SURFACE('',#2302,5.E-5);
#1914=CYLINDRICAL_SURFACE('',#2303,5.E-5);
#1915=CYLINDRICAL_SURFACE('',#2304,5.E-5);
#1916=CYLINDRICAL_SURFACE('',#2305,5.E-5);
#1917=CYLINDRICAL_SURFACE('',#2306,5.E-5);
#1918=ADVANCED_FACE('',(#1692),#1814,.T.);
#1919=ADVANCED_FACE('',(#1693),#1815,.T.);
#1920=ADVANCED_FACE('',(#1694),#1816,.T.);
#1921=ADVANCED_FACE('',(#1695),#1817,.T.);
#1922=ADVANCED_FACE('',(#1696),#1818,.T.);
#1923=ADVANCED_FACE('',(#1697),#1819,.T.);
#1924=ADVANCED_FACE('',(#1698),#1820,.T.);
#1925=ADVANCED_FACE('',(#1699),#1821,.T.);
#1926=ADVANCED_FACE('',(#1700),#1822,.T.);
#1927=ADVANCED_FACE('',(#1701),#1823,.T.);
#1928=ADVANCED_FACE('',(#1702),#1824,.T.);
#1929=ADVANCED_FACE('',(#1703),#1825,.T.);
#1930=ADVANCED_FACE('',(#1704),#1826,.T.);
#1931=ADVANCED_FACE('',(#1705),#1827,.T.);
#1932=ADVANCED_FACE('',(#1706),#1828,.T.);
#1933=ADVANCED_FACE('',(#1707),#1829,.T.);
#1934=ADVANCED_FACE('',(#1708),#1830,.T.);
#1935=ADVANCED_FACE('',(#1709),#1831,.T.);
#1936=ADVANCED_FACE('',(#1710),#1832,.T.);
#1937=ADVANCED_FACE('',(#1711),#1833,.T.);
#1938=ADVANCED_FACE('',(#1712),#1834,.T.);
#1939=ADVANCED_FACE('',(#1713),#1835,.T.);
#1940=ADVANCED_FACE('',(#1714),#1836,.T.);
#1941=ADVANCED_FACE('',(#1715),#1837,.T.);
#1942=ADVANCED_FACE('',(#1716),#1838,.T.);
#1943=ADVANCED_FACE('',(#1717),#1839,.T.);
#1944=ADVANCED_FACE('',(#1718),#1840,.T.);
#1945=ADVANCED_FACE('',(#1719),#1841,.T.);
#1946=ADVANCED_FACE('',(#1720),#1842,.T.);
#1947=ADVANCED_FACE('',(#1721),#1843,.T.);
#1948=ADVANCED_FACE('',(#1722),#1844,.T.);
#1949=ADVANCED_FACE('',(#1723),#1845,.T.);
#1950=ADVANCED_FACE('',(#1724),#1846,.T.);
#1951=ADVANCED_FACE('',(#1725),#1847,.T.);
#1952=ADVANCED_FACE('',(#1726),#1848,.T.);
#1953=ADVANCED_FACE('',(#1727),#1849,.T.);
#1954=ADVANCED_FACE('',(#1728),#1850,.T.);
#1955=ADVANCED_FACE('',(#1729),#1851,.T.);
#1956=ADVANCED_FACE('',(#1730),#1852,.T.);
#1957=ADVANCED_FACE('',(#1731),#1853,.T.);
#1958=ADVANCED_FACE('',(#1732),#1854,.T.);
#1959=ADVANCED_FACE('',(#1733),#1855,.T.);
#1960=ADVANCED_FACE('',(#1734),#1856,.T.);
#1961=ADVANCED_FACE('',(#1735),#1857,.T.);
#1962=ADVANCED_FACE('',(#1736),#1858,.T.);
#1963=ADVANCED_FACE('',(#1737),#1859,.T.);
#1964=ADVANCED_FACE('',(#1738),#1860,.T.);
#1965=ADVANCED_FACE('',(#1739),#1861,.T.);
#1966=ADVANCED_FACE('',(#1740),#1862,.T.);
#1967=ADVANCED_FACE('',(#1741,#1742),#1863,.T.);
#1968=ADVANCED_FACE('',(#1743,#1744),#64,.T.);
#1969=ADVANCED_FACE('',(#1745,#1746),#65,.T.);
#1970=ADVANCED_FACE('',(#1747,#1748),#1864,.T.);
#1971=ADVANCED_FACE('',(#1749),#66,.T.);
#1972=ADVANCED_FACE('',(#1750,#1751),#1865,.T.);
#1973=ADVANCED_FACE('',(#1752,#1753),#67,.T.);
#1974=ADVANCED_FACE('',(#1754,#1755),#1866,.T.);
#1975=ADVANCED_FACE('',(#1756,#1757),#68,.T.);
#1976=ADVANCED_FACE('',(#1758),#69,.F.);
#1977=ADVANCED_FACE('',(#1759),#1867,.T.);
#1978=ADVANCED_FACE('',(#1760,#1761),#62,.T.);
#1979=ADVANCED_FACE('',(#1762,#1763),#63,.T.);
#1980=ADVANCED_FACE('',(#1764),#1868,.F.);
#1981=ADVANCED_FACE('',(#1765),#1869,.F.);
#1982=ADVANCED_FACE('',(#1766),#1870,.F.);
#1983=ADVANCED_FACE('',(#1767),#1871,.F.);
#1984=ADVANCED_FACE('',(#1768),#1872,.F.);
#1985=ADVANCED_FACE('',(#1769),#1873,.F.);
#1986=ADVANCED_FACE('',(#1770),#1874,.F.);
#1987=ADVANCED_FACE('',(#1771),#1875,.F.);
#1988=ADVANCED_FACE('',(#1772),#1876,.F.);
#1989=ADVANCED_FACE('',(#1773),#1877,.F.);
#1990=ADVANCED_FACE('',(#1774),#1878,.F.);
#1991=ADVANCED_FACE('',(#1775),#1879,.F.);
#1992=ADVANCED_FACE('',(#1776),#1880,.F.);
#1993=ADVANCED_FACE('',(#1777),#1881,.F.);
#1994=ADVANCED_FACE('',(#1778),#1882,.F.);
#1995=ADVANCED_FACE('',(#1779),#1883,.F.);
#1996=ADVANCED_FACE('',(#1780),#1884,.F.);
#1997=ADVANCED_FACE('',(#1781),#1885,.F.);
#1998=ADVANCED_FACE('',(#1782),#1886,.F.);
#1999=ADVANCED_FACE('',(#1783),#1887,.F.);
#2000=ADVANCED_FACE('',(#1784),#1888,.F.);
#2001=ADVANCED_FACE('',(#1785),#1889,.F.);
#2002=ADVANCED_FACE('',(#1786),#1890,.F.);
#2003=ADVANCED_FACE('',(#1787),#1891,.F.);
#2004=ADVANCED_FACE('',(#1788),#1892,.F.);
#2005=ADVANCED_FACE('',(#1789),#1893,.F.);
#2006=ADVANCED_FACE('',(#1790),#1894,.F.);
#2007=ADVANCED_FACE('',(#1791),#1895,.F.);
#2008=ADVANCED_FACE('',(#1792),#1896,.F.);
#2009=ADVANCED_FACE('',(#1793),#1897,.F.);
#2010=ADVANCED_FACE('',(#1794),#1898,.F.);
#2011=ADVANCED_FACE('',(#1795),#1899,.F.);
#2012=ADVANCED_FACE('',(#1796),#1900,.F.);
#2013=ADVANCED_FACE('',(#1797),#1901,.F.);
#2014=ADVANCED_FACE('',(#1798),#1902,.F.);
#2015=ADVANCED_FACE('',(#1799),#1903,.F.);
#2016=ADVANCED_FACE('',(#1800),#1904,.F.);
#2017=ADVANCED_FACE('',(#1801),#1905,.F.);
#2018=ADVANCED_FACE('',(#1802),#1906,.F.);
#2019=ADVANCED_FACE('',(#1803),#1907,.F.);
#2020=ADVANCED_FACE('',(#1804),#1908,.F.);
#2021=ADVANCED_FACE('',(#1805),#1909,.F.);
#2022=ADVANCED_FACE('',(#1806),#1910,.F.);
#2023=ADVANCED_FACE('',(#1807),#1911,.F.);
#2024=ADVANCED_FACE('',(#1808),#1912,.F.);
#2025=ADVANCED_FACE('',(#1809),#1913,.F.);
#2026=ADVANCED_FACE('',(#1810),#1914,.F.);
#2027=ADVANCED_FACE('',(#1811),#1915,.F.);
#2028=ADVANCED_FACE('',(#1812),#1916,.F.);
#2029=ADVANCED_FACE('',(#1813),#1917,.F.);
#2030=CLOSED_SHELL('',(#1918,#1919,#1920,#1921,#1922,#1923,#1924,#1925,
#1926,#1927,#1928,#1929,#1930,#1931,#1932,#1933,#1934,#1935,#1936,#1937,
#1938,#1939,#1940,#1941,#1942,#1943,#1944,#1945,#1946,#1947,#1948,#1949,
#1950,#1951,#1952,#1953,#1954,#1955,#1956,#1957,#1958,#1959,#1960,#1961,
#1962,#1963,#1964,#1965,#1966,#1967,#1968,#1969,#1970,#1971,#1972,#1973,
#1974,#1975,#1976,#1977,#1978,#1979,#1980,#1981,#1982,#1983,#1984,#1985,
#1986,#1987,#1988,#1989,#1990,#1991,#1992,#1993,#1994,#1995,#1996,#1997,
#1998,#1999,#2000,#2001,#2002,#2003,#2004,#2005,#2006,#2007,#2008,#2009,
#2010,#2011,#2012,#2013,#2014,#2015,#2016,#2017,#2018,#2019,#2020,#2021,
#2022,#2023,#2024,#2025,#2026,#2027,#2028,#2029));
#2031=MANIFOLD_SOLID_BREP('',#2030);
#2032=SHAPE_DEFINITION_REPRESENTATION(#3791,#2033);
#2033=SHAPE_REPRESENTATION('id2',(#2034),#3786);
#2034=AXIS2_PLACEMENT_3D('',#2953,#2307,#2308);
#2035=AXIS2_PLACEMENT_3D('',#2954,#2309,#2310);
#2036=AXIS2_PLACEMENT_3D('',#2958,#2312,#2313);
#2037=AXIS2_PLACEMENT_3D('',#2962,#2315,#2316);
#2038=AXIS2_PLACEMENT_3D('',#2963,#2317,#2318);
#2039=AXIS2_PLACEMENT_3D('',#2967,#2320,#2321);
#2040=AXIS2_PLACEMENT_3D('',#2971,#2323,#2324);
#2041=AXIS2_PLACEMENT_3D('',#2972,#2325,#2326);
#2042=AXIS2_PLACEMENT_3D('',#2976,#2328,#2329);
#2043=AXIS2_PLACEMENT_3D('',#2980,#2331,#2332);
#2044=AXIS2_PLACEMENT_3D('',#2981,#2333,#2334);
#2045=AXIS2_PLACEMENT_3D('',#2985,#2336,#2337);
#2046=AXIS2_PLACEMENT_3D('',#2989,#2339,#2340);
#2047=AXIS2_PLACEMENT_3D('',#2990,#2341,#2342);
#2048=AXIS2_PLACEMENT_3D('',#2994,#2344,#2345);
#2049=AXIS2_PLACEMENT_3D('',#2998,#2347,#2348);
#2050=AXIS2_PLACEMENT_3D('',#2999,#2349,#2350);
#2051=AXIS2_PLACEMENT_3D('',#3003,#2352,#2353);
#2052=AXIS2_PLACEMENT_3D('',#3007,#2355,#2356);
#2053=AXIS2_PLACEMENT_3D('',#3008,#2357,#2358);
#2054=AXIS2_PLACEMENT_3D('',#3012,#2360,#2361);
#2055=AXIS2_PLACEMENT_3D('',#3016,#2363,#2364);
#2056=AXIS2_PLACEMENT_3D('',#3017,#2365,#2366);
#2057=AXIS2_PLACEMENT_3D('',#3021,#2368,#2369);
#2058=AXIS2_PLACEMENT_3D('',#3025,#2371,#2372);
#2059=AXIS2_PLACEMENT_3D('',#3026,#2373,#2374);
#2060=AXIS2_PLACEMENT_3D('',#3030,#2376,#2377);
#2061=AXIS2_PLACEMENT_3D('',#3034,#2379,#2380);
#2062=AXIS2_PLACEMENT_3D('',#3035,#2381,#2382);
#2063=AXIS2_PLACEMENT_3D('',#3039,#2384,#2385);
#2064=AXIS2_PLACEMENT_3D('',#3043,#2387,#2388);
#2065=AXIS2_PLACEMENT_3D('',#3044,#2389,#2390);
#2066=AXIS2_PLACEMENT_3D('',#3048,#2392,#2393);
#2067=AXIS2_PLACEMENT_3D('',#3052,#2395,#2396);
#2068=AXIS2_PLACEMENT_3D('',#3053,#2397,#2398);
#2069=AXIS2_PLACEMENT_3D('',#3057,#2400,#2401);
#2070=AXIS2_PLACEMENT_3D('',#3061,#2403,#2404);
#2071=AXIS2_PLACEMENT_3D('',#3062,#2405,#2406);
#2072=AXIS2_PLACEMENT_3D('',#3066,#2408,#2409);
#2073=AXIS2_PLACEMENT_3D('',#3070,#2411,#2412);
#2074=AXIS2_PLACEMENT_3D('',#3071,#2413,#2414);
#2075=AXIS2_PLACEMENT_3D('',#3075,#2416,#2417);
#2076=AXIS2_PLACEMENT_3D('',#3079,#2419,#2420);
#2077=AXIS2_PLACEMENT_3D('',#3080,#2421,#2422);
#2078=AXIS2_PLACEMENT_3D('',#3084,#2424,#2425);
#2079=AXIS2_PLACEMENT_3D('',#3088,#2427,#2428);
#2080=AXIS2_PLACEMENT_3D('',#3089,#2429,#2430);
#2081=AXIS2_PLACEMENT_3D('',#3093,#2432,#2433);
#2082=AXIS2_PLACEMENT_3D('',#3097,#2435,#2436);
#2083=AXIS2_PLACEMENT_3D('',#3098,#2437,#2438);
#2084=AXIS2_PLACEMENT_3D('',#3102,#2440,#2441);
#2085=AXIS2_PLACEMENT_3D('',#3106,#2443,#2444);
#2086=AXIS2_PLACEMENT_3D('',#3107,#2445,#2446);
#2087=AXIS2_PLACEMENT_3D('',#3111,#2448,#2449);
#2088=AXIS2_PLACEMENT_3D('',#3115,#2451,#2452);
#2089=AXIS2_PLACEMENT_3D('',#3116,#2453,#2454);
#2090=AXIS2_PLACEMENT_3D('',#3120,#2456,#2457);
#2091=AXIS2_PLACEMENT_3D('',#3124,#2459,#2460);
#2092=AXIS2_PLACEMENT_3D('',#3125,#2461,#2462);
#2093=AXIS2_PLACEMENT_3D('',#3129,#2464,#2465);
#2094=AXIS2_PLACEMENT_3D('',#3133,#2467,#2468);
#2095=AXIS2_PLACEMENT_3D('',#3134,#2469,#2470);
#2096=AXIS2_PLACEMENT_3D('',#3138,#2472,#2473);
#2097=AXIS2_PLACEMENT_3D('',#3142,#2475,#2476);
#2098=AXIS2_PLACEMENT_3D('',#3143,#2477,#2478);
#2099=AXIS2_PLACEMENT_3D('',#3147,#2480,#2481);
#2100=AXIS2_PLACEMENT_3D('',#3151,#2483,#2484);
#2101=AXIS2_PLACEMENT_3D('',#3152,#2485,#2486);
#2102=AXIS2_PLACEMENT_3D('',#3156,#2488,#2489);
#2103=AXIS2_PLACEMENT_3D('',#3160,#2491,#2492);
#2104=AXIS2_PLACEMENT_3D('',#3161,#2493,#2494);
#2105=AXIS2_PLACEMENT_3D('',#3165,#2496,#2497);
#2106=AXIS2_PLACEMENT_3D('',#3169,#2499,#2500);
#2107=AXIS2_PLACEMENT_3D('',#3170,#2501,#2502);
#2108=AXIS2_PLACEMENT_3D('',#3174,#2504,#2505);
#2109=AXIS2_PLACEMENT_3D('',#3178,#2507,#2508);
#2110=AXIS2_PLACEMENT_3D('',#3179,#2509,#2510);
#2111=AXIS2_PLACEMENT_3D('',#3183,#2512,#2513);
#2112=AXIS2_PLACEMENT_3D('',#3187,#2515,#2516);
#2113=AXIS2_PLACEMENT_3D('',#3188,#2517,#2518);
#2114=AXIS2_PLACEMENT_3D('',#3192,#2520,#2521);
#2115=AXIS2_PLACEMENT_3D('',#3196,#2523,#2524);
#2116=AXIS2_PLACEMENT_3D('',#3197,#2525,#2526);
#2117=AXIS2_PLACEMENT_3D('',#3201,#2528,#2529);
#2118=AXIS2_PLACEMENT_3D('',#3205,#2531,#2532);
#2119=AXIS2_PLACEMENT_3D('',#3206,#2533,#2534);
#2120=AXIS2_PLACEMENT_3D('',#3210,#2536,#2537);
#2121=AXIS2_PLACEMENT_3D('',#3214,#2539,#2540);
#2122=AXIS2_PLACEMENT_3D('',#3215,#2541,#2542);
#2123=AXIS2_PLACEMENT_3D('',#3219,#2544,#2545);
#2124=AXIS2_PLACEMENT_3D('',#3223,#2547,#2548);
#2125=AXIS2_PLACEMENT_3D('',#3224,#2549,#2550);
#2126=AXIS2_PLACEMENT_3D('',#3228,#2552,#2553);
#2127=AXIS2_PLACEMENT_3D('',#3232,#2555,#2556);
#2128=AXIS2_PLACEMENT_3D('',#3233,#2557,#2558);
#2129=AXIS2_PLACEMENT_3D('',#3237,#2560,#2561);
#2130=AXIS2_PLACEMENT_3D('',#3241,#2563,#2564);
#2131=AXIS2_PLACEMENT_3D('',#3242,#2565,#2566);
#2132=AXIS2_PLACEMENT_3D('',#3246,#2568,#2569);
#2133=AXIS2_PLACEMENT_3D('',#3250,#2571,#2572);
#2134=AXIS2_PLACEMENT_3D('',#3251,#2573,#2574);
#2135=AXIS2_PLACEMENT_3D('',#3255,#2576,#2577);
#2136=AXIS2_PLACEMENT_3D('',#3259,#2579,#2580);
#2137=AXIS2_PLACEMENT_3D('',#3260,#2581,#2582);
#2138=AXIS2_PLACEMENT_3D('',#3264,#2584,#2585);
#2139=AXIS2_PLACEMENT_3D('',#3268,#2587,#2588);
#2140=AXIS2_PLACEMENT_3D('',#3269,#2589,#2590);
#2141=AXIS2_PLACEMENT_3D('',#3273,#2592,#2593);
#2142=AXIS2_PLACEMENT_3D('',#3277,#2595,#2596);
#2143=AXIS2_PLACEMENT_3D('',#3278,#2597,#2598);
#2144=AXIS2_PLACEMENT_3D('',#3282,#2600,#2601);
#2145=AXIS2_PLACEMENT_3D('',#3286,#2603,#2604);
#2146=AXIS2_PLACEMENT_3D('',#3287,#2605,#2606);
#2147=AXIS2_PLACEMENT_3D('',#3291,#2608,#2609);
#2148=AXIS2_PLACEMENT_3D('',#3295,#2611,#2612);
#2149=AXIS2_PLACEMENT_3D('',#3296,#2613,#2614);
#2150=AXIS2_PLACEMENT_3D('',#3300,#2616,#2617);
#2151=AXIS2_PLACEMENT_3D('',#3304,#2619,#2620);
#2152=AXIS2_PLACEMENT_3D('',#3305,#2621,#2622);
#2153=AXIS2_PLACEMENT_3D('',#3309,#2624,#2625);
#2154=AXIS2_PLACEMENT_3D('',#3313,#2627,#2628);
#2155=AXIS2_PLACEMENT_3D('',#3314,#2629,#2630);
#2156=AXIS2_PLACEMENT_3D('',#3318,#2632,#2633);
#2157=AXIS2_PLACEMENT_3D('',#3322,#2635,#2636);
#2158=AXIS2_PLACEMENT_3D('',#3323,#2637,#2638);
#2159=AXIS2_PLACEMENT_3D('',#3327,#2640,#2641);
#2160=AXIS2_PLACEMENT_3D('',#3331,#2643,#2644);
#2161=AXIS2_PLACEMENT_3D('',#3332,#2645,#2646);
#2162=AXIS2_PLACEMENT_3D('',#3336,#2648,#2649);
#2163=AXIS2_PLACEMENT_3D('',#3340,#2651,#2652);
#2164=AXIS2_PLACEMENT_3D('',#3341,#2653,#2654);
#2165=AXIS2_PLACEMENT_3D('',#3345,#2656,#2657);
#2166=AXIS2_PLACEMENT_3D('',#3349,#2659,#2660);
#2167=AXIS2_PLACEMENT_3D('',#3350,#2661,#2662);
#2168=AXIS2_PLACEMENT_3D('',#3354,#2664,#2665);
#2169=AXIS2_PLACEMENT_3D('',#3358,#2667,#2668);
#2170=AXIS2_PLACEMENT_3D('',#3359,#2669,#2670);
#2171=AXIS2_PLACEMENT_3D('',#3363,#2672,#2673);
#2172=AXIS2_PLACEMENT_3D('',#3367,#2675,#2676);
#2173=AXIS2_PLACEMENT_3D('',#3368,#2677,#2678);
#2174=AXIS2_PLACEMENT_3D('',#3372,#2680,#2681);
#2175=AXIS2_PLACEMENT_3D('',#3376,#2683,#2684);
#2176=AXIS2_PLACEMENT_3D('',#3377,#2685,#2686);
#2177=AXIS2_PLACEMENT_3D('',#3381,#2688,#2689);
#2178=AXIS2_PLACEMENT_3D('',#3385,#2691,#2692);
#2179=AXIS2_PLACEMENT_3D('',#3386,#2693,#2694);
#2180=AXIS2_PLACEMENT_3D('',#3390,#2696,#2697);
#2181=AXIS2_PLACEMENT_3D('',#3394,#2699,#2700);
#2182=AXIS2_PLACEMENT_3D('',#3395,#2701,#2702);
#2183=AXIS2_PLACEMENT_3D('',#3396,#2703,#2704);
#2184=AXIS2_PLACEMENT_3D('',#3398,#2705,#2706);
#2185=AXIS2_PLACEMENT_3D('',#3400,#2707,#2708);
#2186=AXIS2_PLACEMENT_3D('',#3401,#2709,#2710);
#2187=AXIS2_PLACEMENT_3D('',#3403,#2711,#2712);
#2188=AXIS2_PLACEMENT_3D('',#3404,#2713,#2714);
#2189=AXIS2_PLACEMENT_3D('',#3406,#2715,#2716);
#2190=AXIS2_PLACEMENT_3D('',#3408,#2717,#2718);
#2191=AXIS2_PLACEMENT_3D('',#3409,#2719,#2720);
#2192=AXIS2_PLACEMENT_3D('',#3410,#2721,#2722);
#2193=AXIS2_PLACEMENT_3D('',#3412,#2723,#2724);
#2194=AXIS2_PLACEMENT_3D('',#3413,#2725,#2726);
#2195=AXIS2_PLACEMENT_3D('',#3415,#2727,#2728);
#2196=AXIS2_PLACEMENT_3D('',#3416,#2729,#2730);
#2197=AXIS2_PLACEMENT_3D('',#3417,#2731,#2732);
#2198=AXIS2_PLACEMENT_3D('',#3419,#2733,#2734);
#2199=AXIS2_PLACEMENT_3D('',#3421,#2735,#2736);
#2200=AXIS2_PLACEMENT_3D('',#3422,#2737,#2738);
#2201=AXIS2_PLACEMENT_3D('',#3423,#2739,#2740);
#2202=AXIS2_PLACEMENT_3D('',#3424,#2741,#2742);
#2203=AXIS2_PLACEMENT_3D('',#3425,#2743,#2744);
#2204=AXIS2_PLACEMENT_3D('',#3426,#2745,#2746);
#2205=AXIS2_PLACEMENT_3D('',#3427,#2747,#2748);
#2206=AXIS2_PLACEMENT_3D('',#3428,#2749,#2750);
#2207=AXIS2_PLACEMENT_3D('',#3429,#2751,#2752);
#2208=AXIS2_PLACEMENT_3D('',#3430,#2753,#2754);
#2209=AXIS2_PLACEMENT_3D('',#3431,#2755,#2756);
#2210=AXIS2_PLACEMENT_3D('',#3432,#2757,#2758);
#2211=AXIS2_PLACEMENT_3D('',#3433,#2759,#2760);
#2212=AXIS2_PLACEMENT_3D('',#3434,#2761,#2762);
#2213=AXIS2_PLACEMENT_3D('',#3435,#2763,#2764);
#2214=AXIS2_PLACEMENT_3D('',#3436,#2765,#2766);
#2215=AXIS2_PLACEMENT_3D('',#3437,#2767,#2768);
#2216=AXIS2_PLACEMENT_3D('',#3438,#2769,#2770);
#2217=AXIS2_PLACEMENT_3D('',#3439,#2771,#2772);
#2218=AXIS2_PLACEMENT_3D('',#3440,#2773,#2774);
#2219=AXIS2_PLACEMENT_3D('',#3441,#2775,#2776);
#2220=AXIS2_PLACEMENT_3D('',#3442,#2777,#2778);
#2221=AXIS2_PLACEMENT_3D('',#3443,#2779,#2780);
#2222=AXIS2_PLACEMENT_3D('',#3444,#2781,#2782);
#2223=AXIS2_PLACEMENT_3D('',#3445,#2783,#2784);
#2224=AXIS2_PLACEMENT_3D('',#3446,#2785,#2786);
#2225=AXIS2_PLACEMENT_3D('',#3447,#2787,#2788);
#2226=AXIS2_PLACEMENT_3D('',#3448,#2789,#2790);
#2227=AXIS2_PLACEMENT_3D('',#3449,#2791,#2792);
#2228=AXIS2_PLACEMENT_3D('',#3450,#2793,#2794);
#2229=AXIS2_PLACEMENT_3D('',#3451,#2795,#2796);
#2230=AXIS2_PLACEMENT_3D('',#3452,#2797,#2798);
#2231=AXIS2_PLACEMENT_3D('',#3453,#2799,#2800);
#2232=AXIS2_PLACEMENT_3D('',#3454,#2801,#2802);
#2233=AXIS2_PLACEMENT_3D('',#3455,#2803,#2804);
#2234=AXIS2_PLACEMENT_3D('',#3456,#2805,#2806);
#2235=AXIS2_PLACEMENT_3D('',#3457,#2807,#2808);
#2236=AXIS2_PLACEMENT_3D('',#3458,#2809,#2810);
#2237=AXIS2_PLACEMENT_3D('',#3459,#2811,#2812);
#2238=AXIS2_PLACEMENT_3D('',#3460,#2813,#2814);
#2239=AXIS2_PLACEMENT_3D('',#3461,#2815,#2816);
#2240=AXIS2_PLACEMENT_3D('',#3462,#2817,#2818);
#2241=AXIS2_PLACEMENT_3D('',#3463,#2819,#2820);
#2242=AXIS2_PLACEMENT_3D('',#3464,#2821,#2822);
#2243=AXIS2_PLACEMENT_3D('',#3465,#2823,#2824);
#2244=AXIS2_PLACEMENT_3D('',#3466,#2825,#2826);
#2245=AXIS2_PLACEMENT_3D('',#3467,#2827,#2828);
#2246=AXIS2_PLACEMENT_3D('',#3468,#2829,#2830);
#2247=AXIS2_PLACEMENT_3D('',#3469,#2831,#2832);
#2248=AXIS2_PLACEMENT_3D('',#3471,#2833,#2834);
#2249=AXIS2_PLACEMENT_3D('',#3472,#2835,#2836);
#2250=AXIS2_PLACEMENT_3D('',#3474,#2837,#2838);
#2251=AXIS2_PLACEMENT_3D('',#3475,#2839,#2840);
#2252=AXIS2_PLACEMENT_3D('',#3476,#2841,#2842);
#2253=AXIS2_PLACEMENT_3D('',#3478,#2843,#2844);
#2254=AXIS2_PLACEMENT_3D('',#3483,#2847,#2848);
#2255=AXIS2_PLACEMENT_3D('',#3484,#2849,#2850);
#2256=AXIS2_PLACEMENT_3D('',#3735,#2851,#2852);
#2257=AXIS2_PLACEMENT_3D('',#3736,#2853,#2854);
#2258=AXIS2_PLACEMENT_3D('',#3737,#2855,#2856);
#2259=AXIS2_PLACEMENT_3D('',#3738,#2857,#2858);
#2260=AXIS2_PLACEMENT_3D('',#3739,#2859,#2860);
#2261=AXIS2_PLACEMENT_3D('',#3740,#2861,#2862);
#2262=AXIS2_PLACEMENT_3D('',#3741,#2863,#2864);
#2263=AXIS2_PLACEMENT_3D('',#3742,#2865,#2866);
#2264=AXIS2_PLACEMENT_3D('',#3743,#2867,#2868);
#2265=AXIS2_PLACEMENT_3D('',#3744,#2869,#2870);
#2266=AXIS2_PLACEMENT_3D('',#3745,#2871,#2872);
#2267=AXIS2_PLACEMENT_3D('',#3746,#2873,#2874);
#2268=AXIS2_PLACEMENT_3D('',#3747,#2875,#2876);
#2269=AXIS2_PLACEMENT_3D('',#3748,#2877,#2878);
#2270=AXIS2_PLACEMENT_3D('',#3749,#2879,#2880);
#2271=AXIS2_PLACEMENT_3D('',#3750,#2881,#2882);
#2272=AXIS2_PLACEMENT_3D('',#3751,#2883,#2884);
#2273=AXIS2_PLACEMENT_3D('',#3752,#2885,#2886);
#2274=AXIS2_PLACEMENT_3D('',#3753,#2887,#2888);
#2275=AXIS2_PLACEMENT_3D('',#3754,#2889,#2890);
#2276=AXIS2_PLACEMENT_3D('',#3755,#2891,#2892);
#2277=AXIS2_PLACEMENT_3D('',#3756,#2893,#2894);
#2278=AXIS2_PLACEMENT_3D('',#3757,#2895,#2896);
#2279=AXIS2_PLACEMENT_3D('',#3758,#2897,#2898);
#2280=AXIS2_PLACEMENT_3D('',#3759,#2899,#2900);
#2281=AXIS2_PLACEMENT_3D('',#3760,#2901,#2902);
#2282=AXIS2_PLACEMENT_3D('',#3761,#2903,#2904);
#2283=AXIS2_PLACEMENT_3D('',#3762,#2905,#2906);
#2284=AXIS2_PLACEMENT_3D('',#3763,#2907,#2908);
#2285=AXIS2_PLACEMENT_3D('',#3764,#2909,#2910);
#2286=AXIS2_PLACEMENT_3D('',#3765,#2911,#2912);
#2287=AXIS2_PLACEMENT_3D('',#3766,#2913,#2914);
#2288=AXIS2_PLACEMENT_3D('',#3767,#2915,#2916);
#2289=AXIS2_PLACEMENT_3D('',#3768,#2917,#2918);
#2290=AXIS2_PLACEMENT_3D('',#3769,#2919,#2920);
#2291=AXIS2_PLACEMENT_3D('',#3770,#2921,#2922);
#2292=AXIS2_PLACEMENT_3D('',#3771,#2923,#2924);
#2293=AXIS2_PLACEMENT_3D('',#3772,#2925,#2926);
#2294=AXIS2_PLACEMENT_3D('',#3773,#2927,#2928);
#2295=AXIS2_PLACEMENT_3D('',#3774,#2929,#2930);
#2296=AXIS2_PLACEMENT_3D('',#3775,#2931,#2932);
#2297=AXIS2_PLACEMENT_3D('',#3776,#2933,#2934);
#2298=AXIS2_PLACEMENT_3D('',#3777,#2935,#2936);
#2299=AXIS2_PLACEMENT_3D('',#3778,#2937,#2938);
#2300=AXIS2_PLACEMENT_3D('',#3779,#2939,#2940);
#2301=AXIS2_PLACEMENT_3D('',#3780,#2941,#2942);
#2302=AXIS2_PLACEMENT_3D('',#3781,#2943,#2944);
#2303=AXIS2_PLACEMENT_3D('',#3782,#2945,#2946);
#2304=AXIS2_PLACEMENT_3D('',#3783,#2947,#2948);
#2305=AXIS2_PLACEMENT_3D('',#3784,#2949,#2950);
#2306=AXIS2_PLACEMENT_3D('',#3785,#2951,#2952);
#2307=DIRECTION('',(0.,0.,1.));
#2308=DIRECTION('',(1.,0.,0.));
#2309=DIRECTION('',(0.,0.,1.));
#2310=DIRECTION('',(1.,0.,0.));
#2311=DIRECTION('',(0.,0.,1.));
#2312=DIRECTION('',(0.,0.,1.));
#2313=DIRECTION('',(1.,0.,0.));
#2314=DIRECTION('',(0.,0.,1.));
#2315=DIRECTION('',(0.,0.,1.));
#2316=DIRECTION('',(1.,0.,0.));
#2317=DIRECTION('',(0.,0.,1.));
#2318=DIRECTION('',(1.,0.,0.));
#2319=DIRECTION('',(0.,0.,1.));
#2320=DIRECTION('',(0.,0.,1.));
#2321=DIRECTION('',(1.,0.,0.));
#2322=DIRECTION('',(0.,0.,1.));
#2323=DIRECTION('',(0.,0.,1.));
#2324=DIRECTION('',(1.,0.,0.));
#2325=DIRECTION('',(0.,0.,1.));
#2326=DIRECTION('',(1.,0.,0.));
#2327=DIRECTION('',(0.,0.,1.));
#2328=DIRECTION('',(0.,0.,1.));
#2329=DIRECTION('',(1.,0.,0.));
#2330=DIRECTION('',(0.,0.,1.));
#2331=DIRECTION('',(0.,0.,1.));
#2332=DIRECTION('',(1.,0.,0.));
#2333=DIRECTION('',(0.,0.,1.));
#2334=DIRECTION('',(1.,0.,0.));
#2335=DIRECTION('',(0.,0.,1.));
#2336=DIRECTION('',(0.,0.,1.));
#2337=DIRECTION('',(1.,0.,0.));
#2338=DIRECTION('',(0.,0.,1.));
#2339=DIRECTION('',(0.,0.,1.));
#2340=DIRECTION('',(1.,0.,0.));
#2341=DIRECTION('',(0.,0.,1.));
#2342=DIRECTION('',(1.,0.,0.));
#2343=DIRECTION('',(0.,0.,1.));
#2344=DIRECTION('',(0.,0.,1.));
#2345=DIRECTION('',(1.,0.,0.));
#2346=DIRECTION('',(0.,0.,1.));
#2347=DIRECTION('',(0.,0.,1.));
#2348=DIRECTION('',(1.,0.,0.));
#2349=DIRECTION('',(0.,0.,1.));
#2350=DIRECTION('',(1.,0.,0.));
#2351=DIRECTION('',(0.,0.,1.));
#2352=DIRECTION('',(0.,0.,1.));
#2353=DIRECTION('',(1.,0.,0.));
#2354=DIRECTION('',(0.,0.,1.));
#2355=DIRECTION('',(0.,0.,1.));
#2356=DIRECTION('',(1.,0.,0.));
#2357=DIRECTION('',(0.,0.,1.));
#2358=DIRECTION('',(1.,0.,0.));
#2359=DIRECTION('',(0.,0.,1.));
#2360=DIRECTION('',(0.,0.,1.));
#2361=DIRECTION('',(1.,0.,0.));
#2362=DIRECTION('',(0.,0.,1.));
#2363=DIRECTION('',(0.,0.,1.));
#2364=DIRECTION('',(1.,0.,0.));
#2365=DIRECTION('',(0.,0.,1.));
#2366=DIRECTION('',(1.,0.,0.));
#2367=DIRECTION('',(0.,0.,1.));
#2368=DIRECTION('',(0.,0.,1.));
#2369=DIRECTION('',(1.,0.,0.));
#2370=DIRECTION('',(0.,0.,1.));
#2371=DIRECTION('',(0.,0.,1.));
#2372=DIRECTION('',(1.,0.,0.));
#2373=DIRECTION('',(0.,0.,1.));
#2374=DIRECTION('',(1.,0.,0.));
#2375=DIRECTION('',(0.,0.,1.));
#2376=DIRECTION('',(0.,0.,1.));
#2377=DIRECTION('',(1.,0.,0.));
#2378=DIRECTION('',(0.,0.,1.));
#2379=DIRECTION('',(0.,0.,1.));
#2380=DIRECTION('',(1.,0.,0.));
#2381=DIRECTION('',(0.,0.,1.));
#2382=DIRECTION('',(1.,0.,0.));
#2383=DIRECTION('',(0.,0.,1.));
#2384=DIRECTION('',(0.,0.,1.));
#2385=DIRECTION('',(1.,0.,0.));
#2386=DIRECTION('',(0.,0.,1.));
#2387=DIRECTION('',(0.,0.,1.));
#2388=DIRECTION('',(1.,0.,0.));
#2389=DIRECTION('',(0.,0.,1.));
#2390=DIRECTION('',(1.,0.,0.));
#2391=DIRECTION('',(0.,0.,1.));
#2392=DIRECTION('',(0.,0.,1.));
#2393=DIRECTION('',(1.,0.,0.));
#2394=DIRECTION('',(0.,0.,1.));
#2395=DIRECTION('',(0.,0.,1.));
#2396=DIRECTION('',(1.,0.,0.));
#2397=DIRECTION('',(0.,0.,1.));
#2398=DIRECTION('',(1.,0.,0.));
#2399=DIRECTION('',(0.,0.,1.));
#2400=DIRECTION('',(0.,0.,1.));
#2401=DIRECTION('',(1.,0.,0.));
#2402=DIRECTION('',(0.,0.,1.));
#2403=DIRECTION('',(0.,0.,1.));
#2404=DIRECTION('',(1.,0.,0.));
#2405=DIRECTION('',(0.,0.,1.));
#2406=DIRECTION('',(1.,0.,0.));
#2407=DIRECTION('',(0.,0.,1.));
#2408=DIRECTION('',(0.,0.,1.));
#2409=DIRECTION('',(1.,0.,0.));
#2410=DIRECTION('',(0.,0.,1.));
#2411=DIRECTION('',(0.,0.,1.));
#2412=DIRECTION('',(1.,0.,0.));
#2413=DIRECTION('',(0.,0.,1.));
#2414=DIRECTION('',(1.,0.,0.));
#2415=DIRECTION('',(0.,0.,1.));
#2416=DIRECTION('',(0.,0.,1.));
#2417=DIRECTION('',(1.,0.,0.));
#2418=DIRECTION('',(0.,0.,1.));
#2419=DIRECTION('',(0.,0.,1.));
#2420=DIRECTION('',(1.,0.,0.));
#2421=DIRECTION('',(0.,0.,1.));
#2422=DIRECTION('',(1.,0.,0.));
#2423=DIRECTION('',(0.,0.,1.));
#2424=DIRECTION('',(0.,0.,1.));
#2425=DIRECTION('',(1.,0.,0.));
#2426=DIRECTION('',(0.,0.,1.));
#2427=DIRECTION('',(0.,0.,1.));
#2428=DIRECTION('',(1.,0.,0.));
#2429=DIRECTION('',(0.,0.,1.));
#2430=DIRECTION('',(1.,0.,0.));
#2431=DIRECTION('',(0.,0.,1.));
#2432=DIRECTION('',(0.,0.,1.));
#2433=DIRECTION('',(1.,0.,0.));
#2434=DIRECTION('',(0.,0.,1.));
#2435=DIRECTION('',(0.,0.,1.));
#2436=DIRECTION('',(1.,0.,0.));
#2437=DIRECTION('',(0.,0.,1.));
#2438=DIRECTION('',(1.,0.,0.));
#2439=DIRECTION('',(0.,0.,1.));
#2440=DIRECTION('',(0.,0.,1.));
#2441=DIRECTION('',(1.,0.,0.));
#2442=DIRECTION('',(0.,0.,1.));
#2443=DIRECTION('',(0.,0.,1.));
#2444=DIRECTION('',(1.,0.,0.));
#2445=DIRECTION('',(0.,0.,1.));
#2446=DIRECTION('',(1.,0.,0.));
#2447=DIRECTION('',(0.,0.,1.));
#2448=DIRECTION('',(0.,0.,1.));
#2449=DIRECTION('',(1.,0.,0.));
#2450=DIRECTION('',(0.,0.,1.));
#2451=DIRECTION('',(0.,0.,1.));
#2452=DIRECTION('',(1.,0.,0.));
#2453=DIRECTION('',(0.,0.,1.));
#2454=DIRECTION('',(1.,0.,0.));
#2455=DIRECTION('',(0.,0.,1.));
#2456=DIRECTION('',(0.,0.,1.));
#2457=DIRECTION('',(1.,0.,0.));
#2458=DIRECTION('',(0.,0.,1.));
#2459=DIRECTION('',(0.,0.,1.));
#2460=DIRECTION('',(1.,0.,0.));
#2461=DIRECTION('',(0.,0.,1.));
#2462=DIRECTION('',(1.,0.,0.));
#2463=DIRECTION('',(0.,0.,1.));
#2464=DIRECTION('',(0.,0.,1.));
#2465=DIRECTION('',(1.,0.,0.));
#2466=DIRECTION('',(0.,0.,1.));
#2467=DIRECTION('',(0.,0.,1.));
#2468=DIRECTION('',(1.,0.,0.));
#2469=DIRECTION('',(0.,0.,1.));
#2470=DIRECTION('',(1.,0.,0.));
#2471=DIRECTION('',(0.,0.,1.));
#2472=DIRECTION('',(0.,0.,1.));
#2473=DIRECTION('',(1.,0.,0.));
#2474=DIRECTION('',(0.,0.,1.));
#2475=DIRECTION('',(0.,0.,1.));
#2476=DIRECTION('',(1.,0.,0.));
#2477=DIRECTION('',(0.,0.,1.));
#2478=DIRECTION('',(1.,0.,0.));
#2479=DIRECTION('',(0.,0.,1.));
#2480=DIRECTION('',(0.,0.,1.));
#2481=DIRECTION('',(1.,0.,0.));
#2482=DIRECTION('',(0.,0.,1.));
#2483=DIRECTION('',(0.,0.,1.));
#2484=DIRECTION('',(1.,0.,0.));
#2485=DIRECTION('',(0.,0.,1.));
#2486=DIRECTION('',(1.,0.,0.));
#2487=DIRECTION('',(0.,0.,1.));
#2488=DIRECTION('',(0.,0.,1.));
#2489=DIRECTION('',(1.,0.,0.));
#2490=DIRECTION('',(0.,0.,1.));
#2491=DIRECTION('',(0.,0.,1.));
#2492=DIRECTION('',(1.,0.,0.));
#2493=DIRECTION('',(0.,0.,1.));
#2494=DIRECTION('',(1.,0.,0.));
#2495=DIRECTION('',(0.,0.,1.));
#2496=DIRECTION('',(0.,0.,1.));
#2497=DIRECTION('',(1.,0.,0.));
#2498=DIRECTION('',(0.,0.,1.));
#2499=DIRECTION('',(0.,0.,1.));
#2500=DIRECTION('',(1.,0.,0.));
#2501=DIRECTION('',(0.,0.,1.));
#2502=DIRECTION('',(1.,0.,0.));
#2503=DIRECTION('',(0.,0.,1.));
#2504=DIRECTION('',(0.,0.,1.));
#2505=DIRECTION('',(1.,0.,0.));
#2506=DIRECTION('',(0.,0.,1.));
#2507=DIRECTION('',(0.,0.,1.));
#2508=DIRECTION('',(1.,0.,0.));
#2509=DIRECTION('',(0.,0.,1.));
#2510=DIRECTION('',(1.,0.,0.));
#2511=DIRECTION('',(0.,0.,1.));
#2512=DIRECTION('',(0.,0.,1.));
#2513=DIRECTION('',(1.,0.,0.));
#2514=DIRECTION('',(0.,0.,1.));
#2515=DIRECTION('',(0.,0.,1.));
#2516=DIRECTION('',(1.,0.,0.));
#2517=DIRECTION('',(0.,0.,1.));
#2518=DIRECTION('',(1.,0.,0.));
#2519=DIRECTION('',(0.,0.,1.));
#2520=DIRECTION('',(0.,0.,1.));
#2521=DIRECTION('',(1.,0.,0.));
#2522=DIRECTION('',(0.,0.,1.));
#2523=DIRECTION('',(0.,0.,1.));
#2524=DIRECTION('',(1.,0.,0.));
#2525=DIRECTION('',(0.,0.,1.));
#2526=DIRECTION('',(1.,0.,0.));
#2527=DIRECTION('',(0.,0.,1.));
#2528=DIRECTION('',(0.,0.,1.));
#2529=DIRECTION('',(1.,0.,0.));
#2530=DIRECTION('',(0.,0.,1.));
#2531=DIRECTION('',(0.,0.,1.));
#2532=DIRECTION('',(1.,0.,0.));
#2533=DIRECTION('',(0.,0.,1.));
#2534=DIRECTION('',(1.,0.,0.));
#2535=DIRECTION('',(0.,0.,1.));
#2536=DIRECTION('',(0.,0.,1.));
#2537=DIRECTION('',(1.,0.,0.));
#2538=DIRECTION('',(0.,0.,1.));
#2539=DIRECTION('',(0.,0.,1.));
#2540=DIRECTION('',(1.,0.,0.));
#2541=DIRECTION('',(0.,0.,1.));
#2542=DIRECTION('',(1.,0.,0.));
#2543=DIRECTION('',(0.,0.,1.));
#2544=DIRECTION('',(0.,0.,1.));
#2545=DIRECTION('',(1.,0.,0.));
#2546=DIRECTION('',(0.,0.,1.));
#2547=DIRECTION('',(0.,0.,1.));
#2548=DIRECTION('',(1.,0.,0.));
#2549=DIRECTION('',(0.,0.,1.));
#2550=DIRECTION('',(1.,0.,0.));
#2551=DIRECTION('',(0.,0.,1.));
#2552=DIRECTION('',(0.,0.,1.));
#2553=DIRECTION('',(1.,0.,0.));
#2554=DIRECTION('',(0.,0.,1.));
#2555=DIRECTION('',(0.,0.,1.));
#2556=DIRECTION('',(1.,0.,0.));
#2557=DIRECTION('',(0.,0.,1.));
#2558=DIRECTION('',(1.,0.,0.));
#2559=DIRECTION('',(0.,0.,1.));
#2560=DIRECTION('',(0.,0.,1.));
#2561=DIRECTION('',(1.,0.,0.));
#2562=DIRECTION('',(0.,0.,1.));
#2563=DIRECTION('',(0.,0.,1.));
#2564=DIRECTION('',(1.,0.,0.));
#2565=DIRECTION('',(0.,0.,1.));
#2566=DIRECTION('',(1.,0.,0.));
#2567=DIRECTION('',(0.,0.,1.));
#2568=DIRECTION('',(0.,0.,1.));
#2569=DIRECTION('',(1.,0.,0.));
#2570=DIRECTION('',(0.,0.,1.));
#2571=DIRECTION('',(0.,0.,1.));
#2572=DIRECTION('',(1.,0.,0.));
#2573=DIRECTION('',(0.,0.,1.));
#2574=DIRECTION('',(1.,0.,0.));
#2575=DIRECTION('',(0.,0.,1.));
#2576=DIRECTION('',(0.,0.,1.));
#2577=DIRECTION('',(1.,0.,0.));
#2578=DIRECTION('',(0.,0.,1.));
#2579=DIRECTION('',(0.,0.,1.));
#2580=DIRECTION('',(1.,0.,0.));
#2581=DIRECTION('',(0.,0.,1.));
#2582=DIRECTION('',(1.,0.,0.));
#2583=DIRECTION('',(0.,0.,1.));
#2584=DIRECTION('',(0.,0.,1.));
#2585=DIRECTION('',(1.,0.,0.));
#2586=DIRECTION('',(0.,0.,1.));
#2587=DIRECTION('',(0.,0.,1.));
#2588=DIRECTION('',(1.,0.,0.));
#2589=DIRECTION('',(0.,0.,1.));
#2590=DIRECTION('',(1.,0.,0.));
#2591=DIRECTION('',(0.,0.,1.));
#2592=DIRECTION('',(0.,0.,1.));
#2593=DIRECTION('',(1.,0.,0.));
#2594=DIRECTION('',(0.,0.,1.));
#2595=DIRECTION('',(0.,0.,1.));
#2596=DIRECTION('',(1.,0.,0.));
#2597=DIRECTION('',(0.,0.,1.));
#2598=DIRECTION('',(1.,0.,0.));
#2599=DIRECTION('',(0.,0.,1.));
#2600=DIRECTION('',(0.,0.,1.));
#2601=DIRECTION('',(1.,0.,0.));
#2602=DIRECTION('',(0.,0.,1.));
#2603=DIRECTION('',(0.,0.,1.));
#2604=DIRECTION('',(1.,0.,0.));
#2605=DIRECTION('',(0.,0.,1.));
#2606=DIRECTION('',(1.,0.,0.));
#2607=DIRECTION('',(0.,0.,1.));
#2608=DIRECTION('',(0.,0.,1.));
#2609=DIRECTION('',(1.,0.,0.));
#2610=DIRECTION('',(0.,0.,1.));
#2611=DIRECTION('',(0.,0.,1.));
#2612=DIRECTION('',(1.,0.,0.));
#2613=DIRECTION('',(0.,0.,1.));
#2614=DIRECTION('',(1.,0.,0.));
#2615=DIRECTION('',(0.,0.,1.));
#2616=DIRECTION('',(0.,0.,1.));
#2617=DIRECTION('',(1.,0.,0.));
#2618=DIRECTION('',(0.,0.,1.));
#2619=DIRECTION('',(0.,0.,1.));
#2620=DIRECTION('',(1.,0.,0.));
#2621=DIRECTION('',(0.,0.,1.));
#2622=DIRECTION('',(1.,0.,0.));
#2623=DIRECTION('',(0.,0.,1.));
#2624=DIRECTION('',(0.,0.,1.));
#2625=DIRECTION('',(1.,0.,0.));
#2626=DIRECTION('',(0.,0.,1.));
#2627=DIRECTION('',(0.,0.,1.));
#2628=DIRECTION('',(1.,0.,0.));
#2629=DIRECTION('',(0.,0.,1.));
#2630=DIRECTION('',(1.,0.,0.));
#2631=DIRECTION('',(0.,0.,1.));
#2632=DIRECTION('',(0.,0.,1.));
#2633=DIRECTION('',(1.,0.,0.));
#2634=DIRECTION('',(0.,0.,1.));
#2635=DIRECTION('',(0.,0.,1.));
#2636=DIRECTION('',(1.,0.,0.));
#2637=DIRECTION('',(0.,0.,1.));
#2638=DIRECTION('',(1.,0.,0.));
#2639=DIRECTION('',(0.,0.,1.));
#2640=DIRECTION('',(0.,0.,1.));
#2641=DIRECTION('',(1.,0.,0.));
#2642=DIRECTION('',(0.,0.,1.));
#2643=DIRECTION('',(0.,0.,1.));
#2644=DIRECTION('',(1.,0.,0.));
#2645=DIRECTION('',(0.,0.,1.));
#2646=DIRECTION('',(1.,0.,0.));
#2647=DIRECTION('',(0.,0.,1.));
#2648=DIRECTION('',(0.,0.,1.));
#2649=DIRECTION('',(1.,0.,0.));
#2650=DIRECTION('',(0.,0.,1.));
#2651=DIRECTION('',(0.,0.,1.));
#2652=DIRECTION('',(1.,0.,0.));
#2653=DIRECTION('',(0.,0.,1.));
#2654=DIRECTION('',(1.,0.,0.));
#2655=DIRECTION('',(0.,0.,1.));
#2656=DIRECTION('',(0.,0.,1.));
#2657=DIRECTION('',(1.,0.,0.));
#2658=DIRECTION('',(0.,0.,1.));
#2659=DIRECTION('',(0.,0.,1.));
#2660=DIRECTION('',(1.,0.,0.));
#2661=DIRECTION('',(0.,0.,1.));
#2662=DIRECTION('',(1.,0.,0.));
#2663=DIRECTION('',(0.,0.,1.));
#2664=DIRECTION('',(0.,0.,1.));
#2665=DIRECTION('',(1.,0.,0.));
#2666=DIRECTION('',(0.,0.,1.));
#2667=DIRECTION('',(0.,0.,1.));
#2668=DIRECTION('',(1.,0.,0.));
#2669=DIRECTION('',(0.,0.,1.));
#2670=DIRECTION('',(1.,0.,0.));
#2671=DIRECTION('',(0.,0.,1.));
#2672=DIRECTION('',(0.,0.,1.));
#2673=DIRECTION('',(1.,0.,0.));
#2674=DIRECTION('',(0.,0.,1.));
#2675=DIRECTION('',(0.,0.,1.));
#2676=DIRECTION('',(1.,0.,0.));
#2677=DIRECTION('',(0.,0.,1.));
#2678=DIRECTION('',(1.,0.,0.));
#2679=DIRECTION('',(0.,0.,1.));
#2680=DIRECTION('',(0.,0.,1.));
#2681=DIRECTION('',(1.,0.,0.));
#2682=DIRECTION('',(0.,0.,1.));
#2683=DIRECTION('',(0.,0.,1.));
#2684=DIRECTION('',(1.,0.,0.));
#2685=DIRECTION('',(0.,0.,1.));
#2686=DIRECTION('',(1.,0.,0.));
#2687=DIRECTION('',(0.,0.,1.));
#2688=DIRECTION('',(0.,0.,1.));
#2689=DIRECTION('',(1.,0.,0.));
#2690=DIRECTION('',(0.,0.,1.));
#2691=DIRECTION('',(0.,0.,1.));
#2692=DIRECTION('',(1.,0.,0.));
#2693=DIRECTION('',(0.,0.,1.));
#2694=DIRECTION('',(1.,0.,0.));
#2695=DIRECTION('',(0.,0.,1.));
#2696=DIRECTION('',(0.,0.,1.));
#2697=DIRECTION('',(1.,0.,0.));
#2698=DIRECTION('',(0.,0.,1.));
#2699=DIRECTION('',(0.,0.,1.));
#2700=DIRECTION('',(1.,0.,0.));
#2701=DIRECTION('',(0.,0.,1.));
#2702=DIRECTION('',(1.,0.,0.));
#2703=DIRECTION('',(0.,0.,1.));
#2704=DIRECTION('',(1.,0.,0.));
#2705=DIRECTION('',(0.,0.,1.));
#2706=DIRECTION('',(1.,0.,0.));
#2707=DIRECTION('',(0.,0.,1.));
#2708=DIRECTION('',(1.,0.,0.));
#2709=DIRECTION('',(0.,0.,1.));
#2710=DIRECTION('',(1.,0.,0.));
#2711=DIRECTION('',(0.,0.,-1.));
#2712=DIRECTION('',(-1.,0.,0.));
#2713=DIRECTION('',(0.,0.,1.));
#2714=DIRECTION('',(1.,0.,0.));
#2715=DIRECTION('',(0.,0.,1.));
#2716=DIRECTION('',(1.,0.,0.));
#2717=DIRECTION('',(0.,0.,1.));
#2718=DIRECTION('',(1.,0.,0.));
#2719=DIRECTION('',(0.,0.,1.));
#2720=DIRECTION('',(1.,0.,0.));
#2721=DIRECTION('',(0.,0.,1.));
#2722=DIRECTION('',(1.,0.,0.));
#2723=DIRECTION('',(0.,0.,1.));
#2724=DIRECTION('',(1.,0.,0.));
#2725=DIRECTION('',(0.,0.,1.));
#2726=DIRECTION('',(1.,0.,0.));
#2727=DIRECTION('',(0.,0.,1.));
#2728=DIRECTION('',(1.,0.,0.));
#2729=DIRECTION('',(0.,0.,1.));
#2730=DIRECTION('',(0.99211470131448,-0.125333233564291,0.));
#2731=DIRECTION('',(0.,0.,1.));
#2732=DIRECTION('',(1.,0.,0.));
#2733=DIRECTION('',(0.,0.,1.));
#2734=DIRECTION('',(1.,0.,0.));
#2735=DIRECTION('',(0.,0.,1.));
#2736=DIRECTION('',(0.992114701314478,0.125333233564305,0.));
#2737=DIRECTION('',(0.,0.,1.));
#2738=DIRECTION('',(0.968583161128631,0.248689887164855,0.));
#2739=DIRECTION('',(0.,0.,1.));
#2740=DIRECTION('',(0.929776485888251,0.368124552684679,0.));
#2741=DIRECTION('',(0.,0.,1.));
#2742=DIRECTION('',(0.876306680043863,0.481753674101716,0.));
#2743=DIRECTION('',(0.,0.,1.));
#2744=DIRECTION('',(0.809016994374947,0.587785252292474,0.));
#2745=DIRECTION('',(0.,0.,1.));
#2746=DIRECTION('',(0.72896862742141,0.68454710592869,0.));
#2747=DIRECTION('',(0.,0.,1.));
#2748=DIRECTION('',(0.637423989748688,0.77051324277579,0.));
#2749=DIRECTION('',(0.,0.,1.));
#2750=DIRECTION('',(0.535826794978995,0.844327925502016,0.));
#2751=DIRECTION('',(0.,0.,1.));
#2752=DIRECTION('',(0.42577929156507,0.904827052466021,0.));
#2753=DIRECTION('',(0.,0.,1.));
#2754=DIRECTION('',(0.309016994374945,0.951056516295154,0.));
#2755=DIRECTION('',(0.,0.,1.));
#2756=DIRECTION('',(0.187381314585721,0.982287250728689,0.));
#2757=DIRECTION('',(0.,0.,1.));
#2758=DIRECTION('',(0.06279051952931,0.998026728428272,0.));
#2759=DIRECTION('',(0.,0.,1.));
#2760=DIRECTION('',(-0.0627905195293169,0.998026728428271,0.));
#2761=DIRECTION('',(0.,0.,1.));
#2762=DIRECTION('',(-0.187381314585729,0.982287250728688,0.));
#2763=DIRECTION('',(0.,0.,1.));
#2764=DIRECTION('',(-0.309016994374952,0.951056516295152,0.));
#2765=DIRECTION('',(0.,0.,1.));
#2766=DIRECTION('',(-0.425779291565077,0.904827052466018,0.));
#2767=DIRECTION('',(0.,0.,1.));
#2768=DIRECTION('',(-0.535826794979001,0.844327925502013,0.));
#2769=DIRECTION('',(0.,0.,1.));
#2770=DIRECTION('',(-0.637423989748694,0.770513242775786,0.));
#2771=DIRECTION('',(0.,0.,1.));
#2772=DIRECTION('',(-0.728968627421415,0.684547105928685,0.));
#2773=DIRECTION('',(0.,0.,1.));
#2774=DIRECTION('',(-0.809016994374951,0.587785252292469,0.));
#2775=DIRECTION('',(0.,0.,1.));
#2776=DIRECTION('',(-0.876306680043866,0.48175367410171,0.));
#2777=DIRECTION('',(0.,0.,1.));
#2778=DIRECTION('',(-0.929776485888254,0.368124552684672,0.));
#2779=DIRECTION('',(0.,0.,1.));
#2780=DIRECTION('',(-0.968583161128633,0.248689887164848,0.));
#2781=DIRECTION('',(0.,0.,1.));
#2782=DIRECTION('',(-0.992114701314479,0.125333233564297,0.));
#2783=DIRECTION('',(0.,0.,1.));
#2784=DIRECTION('',(-1.,0.,0.));
#2785=DIRECTION('',(0.,0.,1.));
#2786=DIRECTION('',(-0.992114701314477,-0.125333233564311,0.));
#2787=DIRECTION('',(0.,0.,1.));
#2788=DIRECTION('',(-0.968583161128629,-0.248689887164862,0.));
#2789=DIRECTION('',(0.,0.,1.));
#2790=DIRECTION('',(-0.929776485888248,-0.368124552684685,0.));
#2791=DIRECTION('',(0.,0.,1.));
#2792=DIRECTION('',(-0.87630668004386,-0.481753674101722,0.));
#2793=DIRECTION('',(0.,0.,1.));
#2794=DIRECTION('',(-0.809016994374942,-0.58778525229248,0.));
#2795=DIRECTION('',(0.,0.,1.));
#2796=DIRECTION('',(-0.728968627421405,-0.684547105928695,0.));
#2797=DIRECTION('',(0.,0.,1.));
#2798=DIRECTION('',(-0.637423989748683,-0.770513242775795,0.));
#2799=DIRECTION('',(0.,0.,1.));
#2800=DIRECTION('',(-0.535826794978989,-0.84432792550202,0.));
#2801=DIRECTION('',(0.,0.,1.));
#2802=DIRECTION('',(-0.425779291565064,-0.904827052466024,0.));
#2803=DIRECTION('',(0.,0.,1.));
#2804=DIRECTION('',(-0.309016994374938,-0.951056516295157,0.));
#2805=DIRECTION('',(0.,0.,1.));
#2806=DIRECTION('',(-0.187381314585715,-0.98228725072869,0.));
#2807=DIRECTION('',(0.,0.,1.));
#2808=DIRECTION('',(-0.0627905195293026,-0.998026728428272,0.));
#2809=DIRECTION('',(0.,0.,1.));
#2810=DIRECTION('',(0.0627905195293244,-0.998026728428271,0.));
#2811=DIRECTION('',(0.,0.,1.));
#2812=DIRECTION('',(0.187381314585736,-0.982287250728687,0.));
#2813=DIRECTION('',(0.,0.,1.));
#2814=DIRECTION('',(0.309016994374958,-0.95105651629515,0.));
#2815=DIRECTION('',(0.,0.,1.));
#2816=DIRECTION('',(0.425779291565083,-0.904827052466015,0.));
#2817=DIRECTION('',(0.,0.,1.));
#2818=DIRECTION('',(0.535826794979007,-0.844327925502009,0.));
#2819=DIRECTION('',(0.,0.,1.));
#2820=DIRECTION('',(0.637423989748699,-0.770513242775782,0.));
#2821=DIRECTION('',(0.,0.,1.));
#2822=DIRECTION('',(0.72896862742142,-0.684547105928679,0.));
#2823=DIRECTION('',(0.,0.,1.));
#2824=DIRECTION('',(0.809016994374955,-0.587785252292462,0.));
#2825=DIRECTION('',(0.,0.,1.));
#2826=DIRECTION('',(0.87630668004387,-0.481753674101704,0.));
#2827=DIRECTION('',(0.,0.,1.));
#2828=DIRECTION('',(0.929776485888256,-0.368124552684665,0.));
#2829=DIRECTION('',(0.,0.,1.));
#2830=DIRECTION('',(0.968583161128635,-0.248689887164842,0.));
#2831=DIRECTION('',(0.,0.,1.));
#2832=DIRECTION('',(1.,0.,0.));
#2833=DIRECTION('',(0.,0.,1.));
#2834=DIRECTION('',(1.,0.,0.));
#2835=DIRECTION('',(0.,0.,1.));
#2836=DIRECTION('',(1.,0.,0.));
#2837=DIRECTION('',(0.,0.,-1.));
#2838=DIRECTION('',(-1.,0.,0.));
#2839=DIRECTION('',(0.,0.,1.));
#2840=DIRECTION('',(1.,0.,0.));
#2841=DIRECTION('',(0.,0.,1.));
#2842=DIRECTION('',(1.,0.,0.));
#2843=DIRECTION('',(0.,0.,1.));
#2844=DIRECTION('',(1.,0.,0.));
#2845=DIRECTION('',(0.,0.,1.));
#2846=DIRECTION('',(0.,0.,1.));
#2847=DIRECTION('',(0.,0.,1.));
#2848=DIRECTION('',(1.,0.,0.));
#2849=DIRECTION('',(0.,0.,1.));
#2850=DIRECTION('',(1.,0.,0.));
#2851=DIRECTION('',(0.,0.,-1.));
#2852=DIRECTION('',(-1.,0.,0.));
#2853=DIRECTION('',(0.,0.,1.));
#2854=DIRECTION('',(1.,0.,0.));
#2855=DIRECTION('',(0.,0.,1.));
#2856=DIRECTION('',(1.,0.,0.));
#2857=DIRECTION('',(0.,0.,1.));
#2858=DIRECTION('',(1.,0.,0.));
#2859=DIRECTION('',(0.,0.,1.));
#2860=DIRECTION('',(1.,0.,0.));
#2861=DIRECTION('',(0.,0.,1.));
#2862=DIRECTION('',(1.,0.,0.));
#2863=DIRECTION('',(0.,0.,1.));
#2864=DIRECTION('',(1.,0.,0.));
#2865=DIRECTION('',(0.,0.,1.));
#2866=DIRECTION('',(1.,0.,0.));
#2867=DIRECTION('',(0.,0.,1.));
#2868=DIRECTION('',(1.,0.,0.));
#2869=DIRECTION('',(0.,0.,1.));
#2870=DIRECTION('',(1.,0.,0.));
#2871=DIRECTION('',(0.,0.,1.));
#2872=DIRECTION('',(1.,0.,0.));
#2873=DIRECTION('',(0.,0.,1.));
#2874=DIRECTION('',(1.,0.,0.));
#2875=DIRECTION('',(0.,0.,1.));
#2876=DIRECTION('',(1.,0.,0.));
#2877=DIRECTION('',(0.,0.,1.));
#2878=DIRECTION('',(1.,0.,0.));
#2879=DIRECTION('',(0.,0.,1.));
#2880=DIRECTION('',(1.,0.,0.));
#2881=DIRECTION('',(0.,0.,1.));
#2882=DIRECTION('',(1.,0.,0.));
#2883=DIRECTION('',(0.,0.,1.));
#2884=DIRECTION('',(1.,0.,0.));
#2885=DIRECTION('',(0.,0.,1.));
#2886=DIRECTION('',(1.,0.,0.));
#2887=DIRECTION('',(0.,0.,1.));
#2888=DIRECTION('',(1.,0.,0.));
#2889=DIRECTION('',(0.,0.,1.));
#2890=DIRECTION('',(1.,0.,0.));
#2891=DIRECTION('',(0.,0.,1.));
#2892=DIRECTION('',(1.,0.,0.));
#2893=DIRECTION('',(0.,0.,1.));
#2894=DIRECTION('',(1.,0.,0.));
#2895=DIRECTION('',(0.,0.,1.));
#2896=DIRECTION('',(1.,0.,0.));
#2897=DIRECTION('',(0.,0.,1.));
#2898=DIRECTION('',(1.,0.,0.));
#2899=DIRECTION('',(0.,0.,1.));
#2900=DIRECTION('',(1.,0.,0.));
#2901=DIRECTION('',(0.,0.,1.));
#2902=DIRECTION('',(1.,0.,0.));
#2903=DIRECTION('',(0.,0.,1.));
#2904=DIRECTION('',(1.,0.,0.));
#2905=DIRECTION('',(0.,0.,1.));
#2906=DIRECTION('',(1.,0.,0.));
#2907=DIRECTION('',(0.,0.,1.));
#2908=DIRECTION('',(1.,0.,0.));
#2909=DIRECTION('',(0.,0.,1.));
#2910=DIRECTION('',(1.,0.,0.));
#2911=DIRECTION('',(0.,0.,1.));
#2912=DIRECTION('',(1.,0.,0.));
#2913=DIRECTION('',(0.,0.,1.));
#2914=DIRECTION('',(1.,0.,0.));
#2915=DIRECTION('',(0.,0.,1.));
#2916=DIRECTION('',(1.,0.,0.));
#2917=DIRECTION('',(0.,0.,1.));
#2918=DIRECTION('',(1.,0.,0.));
#2919=DIRECTION('',(0.,0.,1.));
#2920=DIRECTION('',(1.,0.,0.));
#2921=DIRECTION('',(0.,0.,1.));
#2922=DIRECTION('',(1.,0.,0.));
#2923=DIRECTION('',(0.,0.,1.));
#2924=DIRECTION('',(1.,0.,0.));
#2925=DIRECTION('',(0.,0.,1.));
#2926=DIRECTION('',(1.,0.,0.));
#2927=DIRECTION('',(0.,0.,1.));
#2928=DIRECTION('',(1.,0.,0.));
#2929=DIRECTION('',(0.,0.,1.));
#2930=DIRECTION('',(1.,0.,0.));
#2931=DIRECTION('',(0.,0.,1.));
#2932=DIRECTION('',(1.,0.,0.));
#2933=DIRECTION('',(0.,0.,1.));
#2934=DIRECTION('',(1.,0.,0.));
#2935=DIRECTION('',(0.,0.,1.));
#2936=DIRECTION('',(1.,0.,0.));
#2937=DIRECTION('',(0.,0.,1.));
#2938=DIRECTION('',(1.,0.,0.));
#2939=DIRECTION('',(0.,0.,1.));
#2940=DIRECTION('',(1.,0.,0.));
#2941=DIRECTION('',(0.,0.,1.));
#2942=DIRECTION('',(1.,0.,0.));
#2943=DIRECTION('',(0.,0.,1.));
#2944=DIRECTION('',(1.,0.,0.));
#2945=DIRECTION('',(0.,0.,1.));
#2946=DIRECTION('',(1.,0.,0.));
#2947=DIRECTION('',(0.,0.,1.));
#2948=DIRECTION('',(1.,0.,0.));
#2949=DIRECTION('',(0.,0.,1.));
#2950=DIRECTION('',(1.,0.,0.));
#2951=DIRECTION('',(0.,0.,1.));
#2952=DIRECTION('',(1.,0.,0.));
#2953=CARTESIAN_POINT('',(0.,0.,0.));
#2954=CARTESIAN_POINT('',(0.,0.,-0.0154));
#2955=CARTESIAN_POINT('',(0.000106945395795401,0.00124541667016231,-0.0134));
#2956=CARTESIAN_POINT('',(0.000106945395795401,0.00124541667016231,-0.0124));
#2957=CARTESIAN_POINT('',(0.000106945395795401,0.00124541667016231,-0.0144));
#2958=CARTESIAN_POINT('',(0.,0.,-0.0144));
#2959=CARTESIAN_POINT('',(4.99899989997995E-5,0.001249,-0.0144));
#2960=CARTESIAN_POINT('',(4.99899989997999E-5,0.001249,-0.0134));
#2961=CARTESIAN_POINT('',(4.99899989997999E-5,0.001249,-0.0124));
#2962=CARTESIAN_POINT('',(0.,0.,-0.0124));
#2963=CARTESIAN_POINT('',(0.,0.,-0.0154));
#2964=CARTESIAN_POINT('',(0.000206137021648197,0.00123288585372126,-0.0134));
#2965=CARTESIAN_POINT('',(0.000206137021648196,0.00123288585372126,-0.0144));
#2966=CARTESIAN_POINT('',(0.000206137021648197,0.00123288585372126,-0.0124));
#2967=CARTESIAN_POINT('',(0.,0.,-0.0124));
#2968=CARTESIAN_POINT('',(0.000262194197812844,0.0012221923754603,-0.0124));
#2969=CARTESIAN_POINT('',(0.000262194197812844,0.0012221923754603,-0.0134));
#2970=CARTESIAN_POINT('',(0.000262194197812844,0.0012221923754603,-0.0144));
#2971=CARTESIAN_POINT('',(0.,0.,-0.0144));
#2972=CARTESIAN_POINT('',(0.,0.,-0.0154));
#2973=CARTESIAN_POINT('',(0.000359033140324931,0.00119732836103903,-0.0134));
#2974=CARTESIAN_POINT('',(0.00035903314032493,0.00119732836103903,-0.0144));
#2975=CARTESIAN_POINT('',(0.000359033140324931,0.00119732836103903,-0.0124));
#2976=CARTESIAN_POINT('',(0.,0.,-0.0124));
#2977=CARTESIAN_POINT('',(0.000413308040703556,0.00117969337689494,-0.0124));
#2978=CARTESIAN_POINT('',(0.000413308040703556,0.00117969337689494,-0.0134));
#2979=CARTESIAN_POINT('',(0.000413308040703556,0.00117969337689494,-0.0144));
#2980=CARTESIAN_POINT('',(0.,0.,-0.0144));
#2981=CARTESIAN_POINT('',(0.,0.,-0.0154));
#2982=CARTESIAN_POINT('',(0.000506267091902739,0.00114288828485392,-0.0134));
#2983=CARTESIAN_POINT('',(0.000506267091902738,0.00114288828485392,-0.0144));
#2984=CARTESIAN_POINT('',(0.000506267091902739,0.00114288828485392,-0.0124));
#2985=CARTESIAN_POINT('',(0.,0.,-0.0124));
#2986=CARTESIAN_POINT('',(0.000557903768894117,0.00111858990906129,-0.0124));
#2987=CARTESIAN_POINT('',(0.000557903768894117,0.00111858990906129,-0.0134));
#2988=CARTESIAN_POINT('',(0.000557903768894117,0.00111858990906129,-0.0144));
#2989=CARTESIAN_POINT('',(0.,0.,-0.0144));
#2990=CARTESIAN_POINT('',(0.,0.,-0.0154));
#2991=CARTESIAN_POINT('',(0.000645516909011939,0.0010704241776883,-0.0134));
#2992=CARTESIAN_POINT('',(0.000645516909011939,0.0010704241776883,-0.0144));
#2993=CARTESIAN_POINT('',(0.000645516909011939,0.0010704241776883,-0.0124));
#2994=CARTESIAN_POINT('',(0.,0.,-0.0124));
#2995=CARTESIAN_POINT('',(0.00069370102137366,0.00103984561014852,-0.0124));
#2996=CARTESIAN_POINT('',(0.00069370102137366,0.00103984561014852,-0.0134));
#2997=CARTESIAN_POINT('',(0.00069370102137366,0.00103984561014852,-0.0144));
#2998=CARTESIAN_POINT('',(0.,0.,-0.0144));
#2999=CARTESIAN_POINT('',(0.,0.,-0.0154));
#3000=CARTESIAN_POINT('',(0.000774586538852911,0.000981078841800122,-0.0134));
#3001=CARTESIAN_POINT('',(0.00077458653885291,0.000981078841800122,-0.0144));
#3002=CARTESIAN_POINT('',(0.000774586538852911,0.000981078841800122,-0.0124));
#3003=CARTESIAN_POINT('',(0.,0.,-0.0124));
#3004=CARTESIAN_POINT('',(0.000818558194349238,0.000944702324790045,-0.0124));
#3005=CARTESIAN_POINT('',(0.000818558194349238,0.000944702324790045,-0.0134));
#3006=CARTESIAN_POINT('',(0.000818558194349238,0.000944702324790045,-0.0144));
#3007=CARTESIAN_POINT('',(0.,0.,-0.0144));
#3008=CARTESIAN_POINT('',(0.,0.,-0.0154));
#3009=CARTESIAN_POINT('',(0.000891440476260603,0.000876261306508663,-0.0134));
#3010=CARTESIAN_POINT('',(0.000891440476260602,0.000876261306508664,-0.0144));
#3011=CARTESIAN_POINT('',(0.000891440476260603,0.000876261306508663,-0.0124));
#3012=CARTESIAN_POINT('',(0.,0.,-0.0124));
#3013=CARTESIAN_POINT('',(0.000930506215616965,0.000834660519431819,-0.0124));
#3014=CARTESIAN_POINT('',(0.000930506215616965,0.000834660519431819,-0.0134));
#3015=CARTESIAN_POINT('',(0.000930506215616965,0.000834660519431819,-0.0144));
#3016=CARTESIAN_POINT('',(0.,0.,-0.0144));
#3017=CARTESIAN_POINT('',(0.,0.,-0.0154));
#3018=CARTESIAN_POINT('',(0.000994235864836937,0.000757624606960431,-0.0134));
#3019=CARTESIAN_POINT('',(0.000994235864836937,0.000757624606960431,-0.0144));
#3020=CARTESIAN_POINT('',(0.000994235864836937,0.000757624606960431,-0.0124));
#3021=CARTESIAN_POINT('',(0.,0.,-0.0124));
#3022=CARTESIAN_POINT('',(0.00102777959800694,0.000711455619080128,-0.0124));
#3023=CARTESIAN_POINT('',(0.00102777959800694,0.000711455619080128,-0.0134));
#3024=CARTESIAN_POINT('',(0.00102777959800694,0.000711455619080128,-0.0144));
#3025=CARTESIAN_POINT('',(0.,0.,-0.0144));
#3026=CARTESIAN_POINT('',(0.,0.,-0.0154));
#3027=CARTESIAN_POINT('',(0.00108135155989708,0.000627039714777431,-0.0134));
#3028=CARTESIAN_POINT('',(0.00108135155989708,0.000627039714777431,-0.0144));
#3029=CARTESIAN_POINT('',(0.00108135155989708,0.000627039714777431,-0.0124));
#3030=CARTESIAN_POINT('',(0.,0.,-0.0124));
#3031=CARTESIAN_POINT('',(0.00110884428217058,0.000577030638612557,-0.0124));
#3032=CARTESIAN_POINT('',(0.00110884428217058,0.000577030638612557,-0.0134));
#3033=CARTESIAN_POINT('',(0.00110884428217058,0.000577030638612557,-0.0144));
#3034=CARTESIAN_POINT('',(0.,0.,-0.0144));
#3035=CARTESIAN_POINT('',(0.,0.,-0.0154));
#3036=CARTESIAN_POINT('',(0.00115141369488953,0.000486566031717021,-0.0134));
#3037=CARTESIAN_POINT('',(0.00115141369488953,0.000486566031717021,-0.0144));
#3038=CARTESIAN_POINT('',(0.00115141369488953,0.000486566031717021,-0.0124));
#3039=CARTESIAN_POINT('',(0.,0.,-0.0124));
#3040=CARTESIAN_POINT('',(0.00117242182961292,0.000433505540272671,-0.0124));
#3041=CARTESIAN_POINT('',(0.00117242182961292,0.000433505540272671,-0.0134));
#3042=CARTESIAN_POINT('',(0.00117242182961292,0.000433505540272671,-0.0144));
#3043=CARTESIAN_POINT('',(0.,0.,-0.0144));
#3044=CARTESIAN_POINT('',(0.,0.,-0.0154));
#3045=CARTESIAN_POINT('',(0.00120331734809237,0.000338418911675975,-0.0134));
#3046=CARTESIAN_POINT('',(0.00120331734809237,0.000338418911675975,-0.0144));
#3047=CARTESIAN_POINT('',(0.00120331734809237,0.000338418911675975,-0.0124));
#3048=CARTESIAN_POINT('',(0.,0.,-0.0124));
#3049=CARTESIAN_POINT('',(0.00121750958443141,0.000283143800599027,-0.0124));
#3050=CARTESIAN_POINT('',(0.00121750958443141,0.000283143800599027,-0.0134));
#3051=CARTESIAN_POINT('',(0.00121750958443141,0.000283143800599027,-0.0144));
#3052=CARTESIAN_POINT('',(0.,0.,-0.0144));
#3053=CARTESIAN_POINT('',(0.,0.,-0.0154));
#3054=CARTESIAN_POINT('',(0.00123624396788885,0.000184934723236141,-0.0134));
#3055=CARTESIAN_POINT('',(0.00123624396788885,0.000184934723236141,-0.0144));
#3056=CARTESIAN_POINT('',(0.00123624396788885,0.000184934723236141,-0.0124));
#3057=CARTESIAN_POINT('',(0.,0.,-0.0124));
#3058=CARTESIAN_POINT('',(0.00124339648579844,0.000128316714048029,-0.0124));
#3059=CARTESIAN_POINT('',(0.00124339648579844,0.000128316714048029,-0.0134));
#3060=CARTESIAN_POINT('',(0.00124339648579844,0.000128316714048029,-0.0144));
#3061=CARTESIAN_POINT('',(0.,0.,-0.0144));
#3062=CARTESIAN_POINT('',(0.,0.,-0.0154));
#3063=CARTESIAN_POINT('',(0.00124967428181538,2.85340037362233E-5,-0.0134));
#3064=CARTESIAN_POINT('',(0.00124967428181538,2.85340037362237E-5,-0.0144));
#3065=CARTESIAN_POINT('',(0.00124967428181538,2.85340037362233E-5,-0.0124));
#3066=CARTESIAN_POINT('',(0.,0.,-0.0124));
#3067=CARTESIAN_POINT('',(0.00124967428181538,-2.8534003736196E-5,-0.0124));
#3068=CARTESIAN_POINT('',(0.00124967428181538,-2.8534003736196E-5,-0.0134));
#3069=CARTESIAN_POINT('',(0.00124967428181538,-2.8534003736196E-5,-0.0144));
#3070=CARTESIAN_POINT('',(0.,0.,-0.0144));
#3071=CARTESIAN_POINT('',(0.,0.,-0.0154));
#3072=CARTESIAN_POINT('',(0.00124339648579845,-0.000128316714048002,-0.0134));
#3073=CARTESIAN_POINT('',(0.00124339648579845,-0.000128316714048001,-0.0144));
#3074=CARTESIAN_POINT('',(0.00124339648579845,-0.000128316714048002,-0.0124));
#3075=CARTESIAN_POINT('',(0.,0.,-0.0124));
#3076=CARTESIAN_POINT('',(0.00123624396788886,-0.000184934723236115,-0.0124));
#3077=CARTESIAN_POINT('',(0.00123624396788886,-0.000184934723236115,-0.0134));
#3078=CARTESIAN_POINT('',(0.00123624396788886,-0.000184934723236115,-0.0144));
#3079=CARTESIAN_POINT('',(0.,0.,-0.0144));
#3080=CARTESIAN_POINT('',(0.,0.,-0.0154));
#3081=CARTESIAN_POINT('',(0.00121750958443141,-0.000283143800599002,-0.0134));
#3082=CARTESIAN_POINT('',(0.00121750958443141,-0.000283143800599001,-0.0144));
#3083=CARTESIAN_POINT('',(0.00121750958443141,-0.000283143800599002,-0.0124));
#3084=CARTESIAN_POINT('',(0.,0.,-0.0124));
#3085=CARTESIAN_POINT('',(0.00120331734809237,-0.00033841891167595,-0.0124));
#3086=CARTESIAN_POINT('',(0.00120331734809237,-0.00033841891167595,-0.0134));
#3087=CARTESIAN_POINT('',(0.00120331734809237,-0.00033841891167595,-0.0144));
#3088=CARTESIAN_POINT('',(0.,0.,-0.0144));
#3089=CARTESIAN_POINT('',(0.,0.,-0.0154));
#3090=CARTESIAN_POINT('',(0.00117242182961293,-0.000433505540272646,-0.0134));
#3091=CARTESIAN_POINT('',(0.00117242182961293,-0.000433505540272646,-0.0144));
#3092=CARTESIAN_POINT('',(0.00117242182961293,-0.000433505540272646,-0.0124));
#3093=CARTESIAN_POINT('',(0.,0.,-0.0124));
#3094=CARTESIAN_POINT('',(0.00115141369488954,-0.000486566031716997,-0.0124));
#3095=CARTESIAN_POINT('',(0.00115141369488954,-0.000486566031716997,-0.0134));
#3096=CARTESIAN_POINT('',(0.00115141369488954,-0.000486566031716997,-0.0144));
#3097=CARTESIAN_POINT('',(0.,0.,-0.0144));
#3098=CARTESIAN_POINT('',(0.,0.,-0.0154));
#3099=CARTESIAN_POINT('',(0.00110884428217059,-0.000577030638612533,-0.0134));
#3100=CARTESIAN_POINT('',(0.00110884428217059,-0.000577030638612533,-0.0144));
#3101=CARTESIAN_POINT('',(0.00110884428217059,-0.000577030638612533,-0.0124));
#3102=CARTESIAN_POINT('',(0.,0.,-0.0124));
#3103=CARTESIAN_POINT('',(0.00108135155989709,-0.000627039714777408,-0.0124));
#3104=CARTESIAN_POINT('',(0.00108135155989709,-0.000627039714777408,-0.0134));
#3105=CARTESIAN_POINT('',(0.00108135155989709,-0.000627039714777408,-0.0144));
#3106=CARTESIAN_POINT('',(0.,0.,-0.0144));
#3107=CARTESIAN_POINT('',(0.,0.,-0.0154));
#3108=CARTESIAN_POINT('',(0.00102777959800696,-0.000711455619080106,-0.0134));
#3109=CARTESIAN_POINT('',(0.00102777959800696,-0.000711455619080106,-0.0144));
#3110=CARTESIAN_POINT('',(0.00102777959800696,-0.000711455619080106,-0.0124));
#3111=CARTESIAN_POINT('',(0.,0.,-0.0124));
#3112=CARTESIAN_POINT('',(0.000994235864836953,-0.00075762460696041,-0.0124));
#3113=CARTESIAN_POINT('',(0.000994235864836953,-0.00075762460696041,-0.0134));
#3114=CARTESIAN_POINT('',(0.000994235864836953,-0.00075762460696041,-0.0144));
#3115=CARTESIAN_POINT('',(0.,0.,-0.0144));
#3116=CARTESIAN_POINT('',(0.,0.,-0.0154));
#3117=CARTESIAN_POINT('',(0.000930506215616983,-0.000834660519431799,-0.0134));
#3118=CARTESIAN_POINT('',(0.000930506215616983,-0.000834660519431799,-0.0144));
#3119=CARTESIAN_POINT('',(0.000930506215616983,-0.000834660519431799,-0.0124));
#3120=CARTESIAN_POINT('',(0.,0.,-0.0124));
#3121=CARTESIAN_POINT('',(0.000891440476260622,-0.000876261306508644,-0.0124));
#3122=CARTESIAN_POINT('',(0.000891440476260622,-0.000876261306508644,-0.0134));
#3123=CARTESIAN_POINT('',(0.000891440476260622,-0.000876261306508644,-0.0144));
#3124=CARTESIAN_POINT('',(0.,0.,-0.0144));
#3125=CARTESIAN_POINT('',(0.,0.,-0.0154));
#3126=CARTESIAN_POINT('',(0.000818558194349259,-0.000944702324790027,-0.0134));
#3127=CARTESIAN_POINT('',(0.000818558194349259,-0.000944702324790026,-0.0144));
#3128=CARTESIAN_POINT('',(0.000818558194349259,-0.000944702324790027,-0.0124));
#3129=CARTESIAN_POINT('',(0.,0.,-0.0124));
#3130=CARTESIAN_POINT('',(0.000774586538852932,-0.000981078841800104,-0.0124));
#3131=CARTESIAN_POINT('',(0.000774586538852932,-0.000981078841800104,-0.0134));
#3132=CARTESIAN_POINT('',(0.000774586538852932,-0.000981078841800104,-0.0144));
#3133=CARTESIAN_POINT('',(0.,0.,-0.0144));
#3134=CARTESIAN_POINT('',(0.,0.,-0.0154));
#3135=CARTESIAN_POINT('',(0.000693701021373683,-0.0010398456101485,-0.0134));
#3136=CARTESIAN_POINT('',(0.000693701021373684,-0.0010398456101485,-0.0144));
#3137=CARTESIAN_POINT('',(0.000693701021373683,-0.0010398456101485,-0.0124));
#3138=CARTESIAN_POINT('',(0.,0.,-0.0124));
#3139=CARTESIAN_POINT('',(0.000645516909011962,-0.00107042417768829,-0.0124));
#3140=CARTESIAN_POINT('',(0.000645516909011962,-0.00107042417768829,-0.0134));
#3141=CARTESIAN_POINT('',(0.000645516909011962,-0.00107042417768829,-0.0144));
#3142=CARTESIAN_POINT('',(0.,0.,-0.0144));
#3143=CARTESIAN_POINT('',(0.,0.,-0.0154));
#3144=CARTESIAN_POINT('',(0.000557903768894141,-0.00111858990906128,-0.0134));
#3145=CARTESIAN_POINT('',(0.000557903768894141,-0.00111858990906128,-0.0144));
#3146=CARTESIAN_POINT('',(0.000557903768894141,-0.00111858990906128,-0.0124));
#3147=CARTESIAN_POINT('',(0.,0.,-0.0124));
#3148=CARTESIAN_POINT('',(0.000506267091902763,-0.00114288828485391,-0.0124));
#3149=CARTESIAN_POINT('',(0.000506267091902763,-0.00114288828485391,-0.0134));
#3150=CARTESIAN_POINT('',(0.000506267091902763,-0.00114288828485391,-0.0144));
#3151=CARTESIAN_POINT('',(0.,0.,-0.0144));
#3152=CARTESIAN_POINT('',(0.,0.,-0.0154));
#3153=CARTESIAN_POINT('',(0.000413308040703581,-0.00117969337689493,-0.0134));
#3154=CARTESIAN_POINT('',(0.000413308040703581,-0.00117969337689493,-0.0144));
#3155=CARTESIAN_POINT('',(0.000413308040703581,-0.00117969337689493,-0.0124));
#3156=CARTESIAN_POINT('',(0.,0.,-0.0124));
#3157=CARTESIAN_POINT('',(0.000359033140324956,-0.00119732836103903,-0.0124));
#3158=CARTESIAN_POINT('',(0.000359033140324956,-0.00119732836103903,-0.0134));
#3159=CARTESIAN_POINT('',(0.000359033140324956,-0.00119732836103903,-0.0144));
#3160=CARTESIAN_POINT('',(0.,0.,-0.0144));
#3161=CARTESIAN_POINT('',(0.,0.,-0.0154));
#3162=CARTESIAN_POINT('',(0.00026219419781287,-0.00122219237546029,-0.0134));
#3163=CARTESIAN_POINT('',(0.00026219419781287,-0.00122219237546029,-0.0144));
#3164=CARTESIAN_POINT('',(0.00026219419781287,-0.00122219237546029,-0.0124));
#3165=CARTESIAN_POINT('',(0.,0.,-0.0124));
#3166=CARTESIAN_POINT('',(0.000206137021648222,-0.00123288585372126,-0.0124));
#3167=CARTESIAN_POINT('',(0.000206137021648222,-0.00123288585372126,-0.0134));
#3168=CARTESIAN_POINT('',(0.000206137021648222,-0.00123288585372126,-0.0144));
#3169=CARTESIAN_POINT('',(0.,0.,-0.0144));
#3170=CARTESIAN_POINT('',(0.,0.,-0.0154));
#3171=CARTESIAN_POINT('',(0.000106945395795427,-0.0012454166701623,-0.0134));
#3172=CARTESIAN_POINT('',(0.000106945395795428,-0.0012454166701623,-0.0144));
#3173=CARTESIAN_POINT('',(0.000106945395795427,-0.0012454166701623,-0.0124));
#3174=CARTESIAN_POINT('',(0.,0.,-0.0124));
#3175=CARTESIAN_POINT('',(4.99899989997999E-5,-0.001249,-0.0124));
#3176=CARTESIAN_POINT('',(4.99899989997999E-5,-0.001249,-0.0134));
#3177=CARTESIAN_POINT('',(4.99899989997999E-5,-0.001249,-0.0144));
#3178=CARTESIAN_POINT('',(0.,0.,-0.0144));
#3179=CARTESIAN_POINT('',(0.,0.,-0.0154));
#3180=CARTESIAN_POINT('',(-4.99899989997999E-5,-0.001249,-0.0134));
#3181=CARTESIAN_POINT('',(-4.99899989997995E-5,-0.001249,-0.0144));
#3182=CARTESIAN_POINT('',(-4.99899989997999E-5,-0.001249,-0.0124));
#3183=CARTESIAN_POINT('',(0.,0.,-0.0124));
#3184=CARTESIAN_POINT('',(-0.00010694539579541,-0.0012454166701623,-0.0124));
#3185=CARTESIAN_POINT('',(-0.00010694539579541,-0.0012454166701623,-0.0134));
#3186=CARTESIAN_POINT('',(-0.00010694539579541,-0.0012454166701623,-0.0144));
#3187=CARTESIAN_POINT('',(0.,0.,-0.0144));
#3188=CARTESIAN_POINT('',(0.,0.,-0.0154));
#3189=CARTESIAN_POINT('',(-0.000206137021648205,-0.00123288585372126,-0.0134));
#3190=CARTESIAN_POINT('',(-0.000206137021648205,-0.00123288585372126,-0.0144));
#3191=CARTESIAN_POINT('',(-0.000206137021648205,-0.00123288585372126,-0.0124));
#3192=CARTESIAN_POINT('',(0.,0.,-0.0124));
#3193=CARTESIAN_POINT('',(-0.000262194197812852,-0.00122219237546029,-0.0124));
#3194=CARTESIAN_POINT('',(-0.000262194197812852,-0.00122219237546029,-0.0134));
#3195=CARTESIAN_POINT('',(-0.000262194197812852,-0.00122219237546029,-0.0144));
#3196=CARTESIAN_POINT('',(0.,0.,-0.0144));
#3197=CARTESIAN_POINT('',(0.,0.,-0.0154));
#3198=CARTESIAN_POINT('',(-0.000359033140324939,-0.00119732836103903,-0.0134));
#3199=CARTESIAN_POINT('',(-0.000359033140324939,-0.00119732836103903,-0.0144));
#3200=CARTESIAN_POINT('',(-0.000359033140324939,-0.00119732836103903,-0.0124));
#3201=CARTESIAN_POINT('',(0.,0.,-0.0124));
#3202=CARTESIAN_POINT('',(-0.000413308040703564,-0.00117969337689494,-0.0124));
#3203=CARTESIAN_POINT('',(-0.000413308040703564,-0.00117969337689494,-0.0134));
#3204=CARTESIAN_POINT('',(-0.000413308040703564,-0.00117969337689494,-0.0144));
#3205=CARTESIAN_POINT('',(0.,0.,-0.0144));
#3206=CARTESIAN_POINT('',(0.,0.,-0.0154));
#3207=CARTESIAN_POINT('',(-0.000506267091902747,-0.00114288828485392,-0.0134));
#3208=CARTESIAN_POINT('',(-0.000506267091902746,-0.00114288828485392,-0.0144));
#3209=CARTESIAN_POINT('',(-0.000506267091902747,-0.00114288828485392,-0.0124));
#3210=CARTESIAN_POINT('',(0.,0.,-0.0124));
#3211=CARTESIAN_POINT('',(-0.000557903768894125,-0.00111858990906128,-0.0124));
#3212=CARTESIAN_POINT('',(-0.000557903768894125,-0.00111858990906128,-0.0134));
#3213=CARTESIAN_POINT('',(-0.000557903768894125,-0.00111858990906128,-0.0144));
#3214=CARTESIAN_POINT('',(0.,0.,-0.0144));
#3215=CARTESIAN_POINT('',(0.,0.,-0.0154));
#3216=CARTESIAN_POINT('',(-0.000645516909011947,-0.00107042417768829,-0.0134));
#3217=CARTESIAN_POINT('',(-0.000645516909011947,-0.0010704241776883,-0.0144));
#3218=CARTESIAN_POINT('',(-0.000645516909011947,-0.00107042417768829,-0.0124));
#3219=CARTESIAN_POINT('',(0.,0.,-0.0124));
#3220=CARTESIAN_POINT('',(-0.000693701021373668,-0.00103984561014851,-0.0124));
#3221=CARTESIAN_POINT('',(-0.000693701021373668,-0.00103984561014851,-0.0134));
#3222=CARTESIAN_POINT('',(-0.000693701021373668,-0.00103984561014851,-0.0144));
#3223=CARTESIAN_POINT('',(0.,0.,-0.0144));
#3224=CARTESIAN_POINT('',(0.,0.,-0.0154));
#3225=CARTESIAN_POINT('',(-0.000774586538852918,-0.000981078841800116,-0.0134));
#3226=CARTESIAN_POINT('',(-0.000774586538852918,-0.000981078841800116,-0.0144));
#3227=CARTESIAN_POINT('',(-0.000774586538852918,-0.000981078841800116,-0.0124));
#3228=CARTESIAN_POINT('',(0.,0.,-0.0124));
#3229=CARTESIAN_POINT('',(-0.000818558194349245,-0.000944702324790039,-0.0124));
#3230=CARTESIAN_POINT('',(-0.000818558194349245,-0.000944702324790039,-0.0134));
#3231=CARTESIAN_POINT('',(-0.000818558194349245,-0.000944702324790039,-0.0144));
#3232=CARTESIAN_POINT('',(0.,0.,-0.0144));
#3233=CARTESIAN_POINT('',(0.,0.,-0.0154));
#3234=CARTESIAN_POINT('',(-0.000891440476260609,-0.000876261306508657,-0.0134));
#3235=CARTESIAN_POINT('',(-0.000891440476260609,-0.000876261306508657,-0.0144));
#3236=CARTESIAN_POINT('',(-0.000891440476260609,-0.000876261306508657,-0.0124));
#3237=CARTESIAN_POINT('',(0.,0.,-0.0124));
#3238=CARTESIAN_POINT('',(-0.000930506215616971,-0.000834660519431812,-0.0124));
#3239=CARTESIAN_POINT('',(-0.000930506215616971,-0.000834660519431812,-0.0134));
#3240=CARTESIAN_POINT('',(-0.000930506215616971,-0.000834660519431812,-0.0144));
#3241=CARTESIAN_POINT('',(0.,0.,-0.0144));
#3242=CARTESIAN_POINT('',(0.,0.,-0.0154));
#3243=CARTESIAN_POINT('',(-0.000994235864836943,-0.000757624606960424,-0.0134));
#3244=CARTESIAN_POINT('',(-0.000994235864836942,-0.000757624606960424,-0.0144));
#3245=CARTESIAN_POINT('',(-0.000994235864836943,-0.000757624606960424,-0.0124));
#3246=CARTESIAN_POINT('',(0.,0.,-0.0124));
#3247=CARTESIAN_POINT('',(-0.00102777959800695,-0.000711455619080121,-0.0124));
#3248=CARTESIAN_POINT('',(-0.00102777959800695,-0.00071145561908012,-0.0134));
#3249=CARTESIAN_POINT('',(-0.00102777959800695,-0.00071145561908012,-0.0144));
#3250=CARTESIAN_POINT('',(0.,0.,-0.0144));
#3251=CARTESIAN_POINT('',(0.,0.,-0.0154));
#3252=CARTESIAN_POINT('',(-0.00108135155989708,-0.000627039714777423,-0.0134));
#3253=CARTESIAN_POINT('',(-0.00108135155989708,-0.000627039714777423,-0.0144));
#3254=CARTESIAN_POINT('',(-0.00108135155989708,-0.000627039714777423,-0.0124));
#3255=CARTESIAN_POINT('',(0.,0.,-0.0124));
#3256=CARTESIAN_POINT('',(-0.00110884428217058,-0.000577030638612549,-0.0124));
#3257=CARTESIAN_POINT('',(-0.00110884428217058,-0.000577030638612549,-0.0134));
#3258=CARTESIAN_POINT('',(-0.00110884428217058,-0.000577030638612549,-0.0144));
#3259=CARTESIAN_POINT('',(0.,0.,-0.0144));
#3260=CARTESIAN_POINT('',(0.,0.,-0.0154));
#3261=CARTESIAN_POINT('',(-0.00115141369488953,-0.000486566031717013,-0.0134));
#3262=CARTESIAN_POINT('',(-0.00115141369488953,-0.000486566031717013,-0.0144));
#3263=CARTESIAN_POINT('',(-0.00115141369488953,-0.000486566031717013,-0.0124));
#3264=CARTESIAN_POINT('',(0.,0.,-0.0124));
#3265=CARTESIAN_POINT('',(-0.00117242182961292,-0.000433505540272662,-0.0124));
#3266=CARTESIAN_POINT('',(-0.00117242182961292,-0.000433505540272662,-0.0134));
#3267=CARTESIAN_POINT('',(-0.00117242182961292,-0.000433505540272662,-0.0144));
#3268=CARTESIAN_POINT('',(0.,0.,-0.0144));
#3269=CARTESIAN_POINT('',(0.,0.,-0.0154));
#3270=CARTESIAN_POINT('',(-0.00120331734809237,-0.000338418911675967,-0.0134));
#3271=CARTESIAN_POINT('',(-0.00120331734809237,-0.000338418911675967,-0.0144));
#3272=CARTESIAN_POINT('',(-0.00120331734809237,-0.000338418911675967,-0.0124));
#3273=CARTESIAN_POINT('',(0.,0.,-0.0124));
#3274=CARTESIAN_POINT('',(-0.00121750958443141,-0.000283143800599018,-0.0124));
#3275=CARTESIAN_POINT('',(-0.00121750958443141,-0.000283143800599018,-0.0134));
#3276=CARTESIAN_POINT('',(-0.00121750958443141,-0.000283143800599018,-0.0144));
#3277=CARTESIAN_POINT('',(0.,0.,-0.0144));
#3278=CARTESIAN_POINT('',(0.,0.,-0.0154));
#3279=CARTESIAN_POINT('',(-0.00123624396788885,-0.000184934723236132,-0.0134));
#3280=CARTESIAN_POINT('',(-0.00123624396788885,-0.000184934723236132,-0.0144));
#3281=CARTESIAN_POINT('',(-0.00123624396788885,-0.000184934723236132,-0.0124));
#3282=CARTESIAN_POINT('',(0.,0.,-0.0124));
#3283=CARTESIAN_POINT('',(-0.00124339648579844,-0.00012831671404802,-0.0124));
#3284=CARTESIAN_POINT('',(-0.00124339648579844,-0.00012831671404802,-0.0134));
#3285=CARTESIAN_POINT('',(-0.00124339648579844,-0.00012831671404802,-0.0144));
#3286=CARTESIAN_POINT('',(0.,0.,-0.0144));
#3287=CARTESIAN_POINT('',(0.,0.,-0.0154));
#3288=CARTESIAN_POINT('',(-0.00124967428181538,-2.8534003736214E-5,-0.0134));
#3289=CARTESIAN_POINT('',(-0.00124967428181538,-2.85340037362144E-5,-0.0144));
#3290=CARTESIAN_POINT('',(-0.00124967428181538,-2.8534003736214E-5,-0.0124));
#3291=CARTESIAN_POINT('',(0.,0.,-0.0124));
#3292=CARTESIAN_POINT('',(-0.00124967428181538,2.85340037362052E-5,-0.0124));
#3293=CARTESIAN_POINT('',(-0.00124967428181538,2.85340037362053E-5,-0.0134));
#3294=CARTESIAN_POINT('',(-0.00124967428181538,2.85340037362053E-5,-0.0144));
#3295=CARTESIAN_POINT('',(0.,0.,-0.0144));
#3296=CARTESIAN_POINT('',(0.,0.,-0.0154));
#3297=CARTESIAN_POINT('',(-0.00124339648579844,0.000128316714048011,-0.0134));
#3298=CARTESIAN_POINT('',(-0.00124339648579844,0.000128316714048011,-0.0144));
#3299=CARTESIAN_POINT('',(-0.00124339648579844,0.000128316714048011,-0.0124));
#3300=CARTESIAN_POINT('',(0.,0.,-0.0124));
#3301=CARTESIAN_POINT('',(-0.00123624396788885,0.000184934723236123,-0.0124));
#3302=CARTESIAN_POINT('',(-0.00123624396788885,0.000184934723236123,-0.0134));
#3303=CARTESIAN_POINT('',(-0.00123624396788885,0.000184934723236123,-0.0144));
#3304=CARTESIAN_POINT('',(0.,0.,-0.0144));
#3305=CARTESIAN_POINT('',(0.,0.,-0.0154));
#3306=CARTESIAN_POINT('',(-0.00121750958443141,0.00028314380059901,-0.0134));
#3307=CARTESIAN_POINT('',(-0.00121750958443141,0.000283143800599009,-0.0144));
#3308=CARTESIAN_POINT('',(-0.00121750958443141,0.00028314380059901,-0.0124));
#3309=CARTESIAN_POINT('',(0.,0.,-0.0124));
#3310=CARTESIAN_POINT('',(-0.00120331734809237,0.000338418911675958,-0.0124));
#3311=CARTESIAN_POINT('',(-0.00120331734809237,0.000338418911675958,-0.0134));
#3312=CARTESIAN_POINT('',(-0.00120331734809237,0.000338418911675958,-0.0144));
#3313=CARTESIAN_POINT('',(0.,0.,-0.0144));
#3314=CARTESIAN_POINT('',(0.,0.,-0.0154));
#3315=CARTESIAN_POINT('',(-0.00117242182961292,0.000433505540272654,-0.0134));
#3316=CARTESIAN_POINT('',(-0.00117242182961292,0.000433505540272653,-0.0144));
#3317=CARTESIAN_POINT('',(-0.00117242182961292,0.000433505540272654,-0.0124));
#3318=CARTESIAN_POINT('',(0.,0.,-0.0124));
#3319=CARTESIAN_POINT('',(-0.00115141369488953,0.000486566031717005,-0.0124));
#3320=CARTESIAN_POINT('',(-0.00115141369488953,0.000486566031717005,-0.0134));
#3321=CARTESIAN_POINT('',(-0.00115141369488953,0.000486566031717005,-0.0144));
#3322=CARTESIAN_POINT('',(0.,0.,-0.0144));
#3323=CARTESIAN_POINT('',(0.,0.,-0.0154));
#3324=CARTESIAN_POINT('',(-0.00110884428217059,0.000577030638612541,-0.0134));
#3325=CARTESIAN_POINT('',(-0.00110884428217059,0.000577030638612541,-0.0144));
#3326=CARTESIAN_POINT('',(-0.00110884428217059,0.000577030638612541,-0.0124));
#3327=CARTESIAN_POINT('',(0.,0.,-0.0124));
#3328=CARTESIAN_POINT('',(-0.00108135155989708,0.000627039714777415,-0.0124));
#3329=CARTESIAN_POINT('',(-0.00108135155989708,0.000627039714777415,-0.0134));
#3330=CARTESIAN_POINT('',(-0.00108135155989708,0.000627039714777415,-0.0144));
#3331=CARTESIAN_POINT('',(0.,0.,-0.0144));
#3332=CARTESIAN_POINT('',(0.,0.,-0.0154));
#3333=CARTESIAN_POINT('',(-0.00102777959800695,0.000711455619080113,-0.0134));
#3334=CARTESIAN_POINT('',(-0.00102777959800695,0.000711455619080113,-0.0144));
#3335=CARTESIAN_POINT('',(-0.00102777959800695,0.000711455619080113,-0.0124));
#3336=CARTESIAN_POINT('',(0.,0.,-0.0124));
#3337=CARTESIAN_POINT('',(-0.000994235864836948,0.000757624606960417,-0.0124));
#3338=CARTESIAN_POINT('',(-0.000994235864836948,0.000757624606960417,-0.0134));
#3339=CARTESIAN_POINT('',(-0.000994235864836948,0.000757624606960417,-0.0144));
#3340=CARTESIAN_POINT('',(0.,0.,-0.0144));
#3341=CARTESIAN_POINT('',(0.,0.,-0.0154));
#3342=CARTESIAN_POINT('',(-0.000930506215616977,0.000834660519431806,-0.0134));
#3343=CARTESIAN_POINT('',(-0.000930506215616977,0.000834660519431806,-0.0144));
#3344=CARTESIAN_POINT('',(-0.000930506215616977,0.000834660519431806,-0.0124));
#3345=CARTESIAN_POINT('',(0.,0.,-0.0124));
#3346=CARTESIAN_POINT('',(-0.000891440476260616,0.000876261306508651,-0.0124));
#3347=CARTESIAN_POINT('',(-0.000891440476260616,0.000876261306508651,-0.0134));
#3348=CARTESIAN_POINT('',(-0.000891440476260616,0.000876261306508651,-0.0144));
#3349=CARTESIAN_POINT('',(0.,0.,-0.0144));
#3350=CARTESIAN_POINT('',(0.,0.,-0.0154));
#3351=CARTESIAN_POINT('',(-0.000818558194349252,0.000944702324790033,-0.0134));
#3352=CARTESIAN_POINT('',(-0.000818558194349252,0.000944702324790032,-0.0144));
#3353=CARTESIAN_POINT('',(-0.000818558194349252,0.000944702324790033,-0.0124));
#3354=CARTESIAN_POINT('',(0.,0.,-0.0124));
#3355=CARTESIAN_POINT('',(-0.000774586538852925,0.00098107884180011,-0.0124));
#3356=CARTESIAN_POINT('',(-0.000774586538852925,0.000981078841800111,-0.0134));
#3357=CARTESIAN_POINT('',(-0.000774586538852925,0.000981078841800111,-0.0144));
#3358=CARTESIAN_POINT('',(0.,0.,-0.0144));
#3359=CARTESIAN_POINT('',(0.,0.,-0.0154));
#3360=CARTESIAN_POINT('',(-0.000693701021373676,0.00103984561014851,-0.0134));
#3361=CARTESIAN_POINT('',(-0.000693701021373676,0.00103984561014851,-0.0144));
#3362=CARTESIAN_POINT('',(-0.000693701021373676,0.00103984561014851,-0.0124));
#3363=CARTESIAN_POINT('',(0.,0.,-0.0124));
#3364=CARTESIAN_POINT('',(-0.000645516909011954,0.00107042417768829,-0.0124));
#3365=CARTESIAN_POINT('',(-0.000645516909011954,0.00107042417768829,-0.0134));
#3366=CARTESIAN_POINT('',(-0.000645516909011954,0.00107042417768829,-0.0144));
#3367=CARTESIAN_POINT('',(0.,0.,-0.0144));
#3368=CARTESIAN_POINT('',(0.,0.,-0.0154));
#3369=CARTESIAN_POINT('',(-0.000557903768894133,0.00111858990906128,-0.0134));
#3370=CARTESIAN_POINT('',(-0.000557903768894133,0.00111858990906128,-0.0144));
#3371=CARTESIAN_POINT('',(-0.000557903768894133,0.00111858990906128,-0.0124));
#3372=CARTESIAN_POINT('',(0.,0.,-0.0124));
#3373=CARTESIAN_POINT('',(-0.000506267091902755,0.00114288828485392,-0.0124));
#3374=CARTESIAN_POINT('',(-0.000506267091902755,0.00114288828485392,-0.0134));
#3375=CARTESIAN_POINT('',(-0.000506267091902755,0.00114288828485392,-0.0144));
#3376=CARTESIAN_POINT('',(0.,0.,-0.0144));
#3377=CARTESIAN_POINT('',(0.,0.,-0.0154));
#3378=CARTESIAN_POINT('',(-0.000413308040703573,0.00117969337689493,-0.0134));
#3379=CARTESIAN_POINT('',(-0.000413308040703573,0.00117969337689493,-0.0144));
#3380=CARTESIAN_POINT('',(-0.000413308040703573,0.00117969337689493,-0.0124));
#3381=CARTESIAN_POINT('',(0.,0.,-0.0124));
#3382=CARTESIAN_POINT('',(-0.000359033140324948,0.00119732836103903,-0.0124));
#3383=CARTESIAN_POINT('',(-0.000359033140324948,0.00119732836103903,-0.0134));
#3384=CARTESIAN_POINT('',(-0.000359033140324948,0.00119732836103903,-0.0144));
#3385=CARTESIAN_POINT('',(0.,0.,-0.0144));
#3386=CARTESIAN_POINT('',(0.,0.,-0.0154));
#3387=CARTESIAN_POINT('',(-0.000262194197812861,0.00122219237546029,-0.0134));
#3388=CARTESIAN_POINT('',(-0.000262194197812861,0.00122219237546029,-0.0144));
#3389=CARTESIAN_POINT('',(-0.000262194197812861,0.00122219237546029,-0.0124));
#3390=CARTESIAN_POINT('',(0.,0.,-0.0124));
#3391=CARTESIAN_POINT('',(-0.000206137021648214,0.00123288585372126,-0.0124));
#3392=CARTESIAN_POINT('',(-0.000206137021648214,0.00123288585372126,-0.0134));
#3393=CARTESIAN_POINT('',(-0.000206137021648214,0.00123288585372126,-0.0144));
#3394=CARTESIAN_POINT('',(0.,0.,-0.0144));
#3395=CARTESIAN_POINT('',(0.,0.,-0.0154));
#3396=CARTESIAN_POINT('',(0.,0.,-0.0034));
#3397=CARTESIAN_POINT('',(0.00125,0.,-0.0034));
#3398=CARTESIAN_POINT('',(0.,0.,-0.0114));
#3399=CARTESIAN_POINT('',(0.00125,0.,-0.0114));
#3400=CARTESIAN_POINT('',(0.,0.00125,-0.0034));
#3401=CARTESIAN_POINT('',(0.,0.,-0.0034));
#3402=CARTESIAN_POINT('',(0.00065,0.,-0.0034));
#3403=CARTESIAN_POINT('',(0.,0.00125,-0.0024));
#3404=CARTESIAN_POINT('',(0.,0.,-0.0024));
#3405=CARTESIAN_POINT('',(0.00065,0.,-0.0024));
#3406=CARTESIAN_POINT('',(0.,0.,-0.0024));
#3407=CARTESIAN_POINT('',(0.00125,0.,-0.0024));
#3408=CARTESIAN_POINT('',(0.,0.,0.));
#3409=CARTESIAN_POINT('',(0.,0.,0.));
#3410=CARTESIAN_POINT('',(0.,0.,0.));
#3411=CARTESIAN_POINT('',(0.00105,0.,0.));
#3412=CARTESIAN_POINT('',(0.,0.,-0.0154));
#3413=CARTESIAN_POINT('',(0.,0.,-0.0002));
#3414=CARTESIAN_POINT('',(0.00125,0.,-0.0002));
#3415=CARTESIAN_POINT('',(0.,0.00125,-0.0124));
#3416=CARTESIAN_POINT('',(0.000156666541955363,0.0012401433766431,-0.0124));
#3417=CARTESIAN_POINT('',(0.,0.00125,-0.0124));
#3418=CARTESIAN_POINT('',(-4.99899989997999E-5,0.001249,-0.0124));
#3419=CARTESIAN_POINT('',(0.,0.,-0.0124));
#3420=CARTESIAN_POINT('',(-0.000106945395795419,0.0012454166701623,-0.0124));
#3421=CARTESIAN_POINT('',(-0.000156666541955381,0.0012401433766431,-0.0124));
#3422=CARTESIAN_POINT('',(-0.000310862358956069,0.00121072895141079,-0.0124));
#3423=CARTESIAN_POINT('',(-0.000460155690855848,0.00116222060736031,-0.0124));
#3424=CARTESIAN_POINT('',(-0.000602192092627145,0.00109538335005483,-0.0124));
#3425=CARTESIAN_POINT('',(-0.000734731565365593,0.00101127124296868,-0.0124));
#3426=CARTESIAN_POINT('',(-0.000855683882410862,0.000911210784276763,-0.0124));
#3427=CARTESIAN_POINT('',(-0.000963141553469738,0.00079677998718586,-0.0124));
#3428=CARTESIAN_POINT('',(-0.00105540990687752,0.000669783493723743,-0.0124));
#3429=CARTESIAN_POINT('',(-0.00113103381558253,0.000532224114456338,-0.0124));
#3430=CARTESIAN_POINT('',(-0.00118882064536894,0.000386271242968681,-0.0124));
#3431=CARTESIAN_POINT('',(-0.00122785906341086,0.000234226643232152,-0.0124));
#3432=CARTESIAN_POINT('',(-0.00124753341053534,7.84881494116375E-5,-0.0124));
#3433=CARTESIAN_POINT('',(-0.00124753341053534,-7.84881494116462E-5,-0.0124));
#3434=CARTESIAN_POINT('',(-0.00122785906341086,-0.000234226643232161,-0.0124));
#3435=CARTESIAN_POINT('',(-0.00118882064536894,-0.00038627124296869,-0.0124));
#3436=CARTESIAN_POINT('',(-0.00113103381558252,-0.000532224114456346,-0.0124));
#3437=CARTESIAN_POINT('',(-0.00105540990687752,-0.000669783493723751,-0.0124));
#3438=CARTESIAN_POINT('',(-0.000963141553469733,-0.000796779987185867,-0.0124));
#3439=CARTESIAN_POINT('',(-0.000855683882410856,-0.000911210784276769,-0.0124));
#3440=CARTESIAN_POINT('',(-0.000734731565365586,-0.00101127124296869,-0.0124));
#3441=CARTESIAN_POINT('',(-0.000602192092627138,-0.00109538335005483,-0.0124));
#3442=CARTESIAN_POINT('',(-0.00046015569085584,-0.00116222060736032,-0.0124));
#3443=CARTESIAN_POINT('',(-0.00031086235895606,-0.00121072895141079,-0.0124));
#3444=CARTESIAN_POINT('',(-0.000156666541955372,-0.0012401433766431,-0.0124));
#3445=CARTESIAN_POINT('',(0.,-0.00125,-0.0124));
#3446=CARTESIAN_POINT('',(0.000156666541955389,-0.0012401433766431,-0.0124));
#3447=CARTESIAN_POINT('',(0.000310862358956078,-0.00121072895141079,-0.0124));
#3448=CARTESIAN_POINT('',(0.000460155690855857,-0.00116222060736031,-0.0124));
#3449=CARTESIAN_POINT('',(0.000602192092627153,-0.00109538335005482,-0.0124));
#3450=CARTESIAN_POINT('',(0.0007347315653656,-0.00101127124296868,-0.0124));
#3451=CARTESIAN_POINT('',(0.000855683882410869,-0.000911210784276757,-0.0124));
#3452=CARTESIAN_POINT('',(0.000963141553469744,-0.000796779987185853,-0.0124));
#3453=CARTESIAN_POINT('',(0.00105540990687753,-0.000669783493723736,-0.0124));
#3454=CARTESIAN_POINT('',(0.00113103381558253,-0.00053222411445633,-0.0124));
#3455=CARTESIAN_POINT('',(0.00118882064536895,-0.000386271242968673,-0.0124));
#3456=CARTESIAN_POINT('',(0.00122785906341086,-0.000234226643232144,-0.0124));
#3457=CARTESIAN_POINT('',(0.00124753341053534,-7.84881494116282E-5,-0.0124));
#3458=CARTESIAN_POINT('',(0.00124753341053534,7.84881494116555E-5,-0.0124));
#3459=CARTESIAN_POINT('',(0.00122785906341086,0.00023422664323217,-0.0124));
#3460=CARTESIAN_POINT('',(0.00118882064536894,0.000386271242968698,-0.0124));
#3461=CARTESIAN_POINT('',(0.00113103381558252,0.000532224114456354,-0.0124));
#3462=CARTESIAN_POINT('',(0.00105540990687751,0.000669783493723758,-0.0124));
#3463=CARTESIAN_POINT('',(0.000963141553469727,0.000796779987185874,-0.0124));
#3464=CARTESIAN_POINT('',(0.000855683882410849,0.000911210784276775,-0.0124));
#3465=CARTESIAN_POINT('',(0.000734731565365578,0.00101127124296869,-0.0124));
#3466=CARTESIAN_POINT('',(0.00060219209262713,0.00109538335005484,-0.0124));
#3467=CARTESIAN_POINT('',(0.000460155690855832,0.00116222060736032,-0.0124));
#3468=CARTESIAN_POINT('',(0.000310862358956052,0.00121072895141079,-0.0124));
#3469=CARTESIAN_POINT('',(0.,0.,-0.0124));
#3470=CARTESIAN_POINT('',(0.001,0.,-0.0124));
#3471=CARTESIAN_POINT('',(0.,0.,0.));
#3472=CARTESIAN_POINT('',(0.,0.,-0.0114));
#3473=CARTESIAN_POINT('',(0.001,0.,-0.0114));
#3474=CARTESIAN_POINT('',(0.,0.00125,-0.0114));
#3475=CARTESIAN_POINT('',(0.,0.,-0.0154));
#3476=CARTESIAN_POINT('',(0.,0.,-0.0154));
#3477=CARTESIAN_POINT('',(0.000249999999999993,0.,-0.0154));
#3478=CARTESIAN_POINT('',(0.,0.,-0.0154));
#3479=CARTESIAN_POINT('',(-0.000106945395795419,0.0012454166701623,-0.0134));
#3480=CARTESIAN_POINT('',(-0.000106945395795419,0.0012454166701623,-0.0144));
#3481=CARTESIAN_POINT('',(-4.99899989997999E-5,0.001249,-0.0134));
#3482=CARTESIAN_POINT('',(-4.99899989997999E-5,0.001249,-0.0144));
#3483=CARTESIAN_POINT('',(0.,0.,-0.0144));
#3484=CARTESIAN_POINT('',(0.,0.,-0.0144));
#3485=CARTESIAN_POINT('',(0.000106945395795401,0.00124541667016231,-0.0144));
#3486=CARTESIAN_POINT('',(0.000104583809957232,0.00122314960799306,-0.0144223874649226));
#3487=CARTESIAN_POINT('',(0.0001468283014889,0.00116417662873433,-0.0144776007739282));
#3488=CARTESIAN_POINT('',(0.000202883492705712,0.00121070836434746,-0.0144224103885489));
#3489=CARTESIAN_POINT('',(0.000206137021648196,0.00123288585372126,-0.0144));
#3490=CARTESIAN_POINT('',(0.000262194197812845,0.0012221923754603,-0.0144));
#3491=CARTESIAN_POINT('',(0.00025706043088073,0.00120039688091654,-0.0144223874649226));
#3492=CARTESIAN_POINT('',(0.000291580537795435,0.00113659428248969,-0.0144776007739282));
#3493=CARTESIAN_POINT('',(0.000353025689974385,0.00117573352309589,-0.0144224103885489));
#3494=CARTESIAN_POINT('',(0.000359033140324931,0.00119732836103903,-0.0144));
#3495=CARTESIAN_POINT('',(0.000413308040703556,0.00117969337689494,-0.0144));
#3496=CARTESIAN_POINT('',(0.000405483055248783,0.00115871317794562,-0.0144223874649226));
#3497=CARTESIAN_POINT('',(0.000431734374839171,0.00109108716544168,-0.0144776007739282));
#3498=CARTESIAN_POINT('',(0.000497600461224833,0.00112221666183594,-0.0144224103885489));
#3499=CARTESIAN_POINT('',(0.000506267091902738,0.00114288828485392,-0.0144));
#3500=CARTESIAN_POINT('',(0.000557903768894117,0.00111858990906129,-0.0144));
#3501=CARTESIAN_POINT('',(0.000547510969611725,0.00109875587597681,-0.0144223874649226));
#3502=CARTESIAN_POINT('',(0.000565079502886074,0.00102837295201078,-0.0144776007739282));
#3503=CARTESIAN_POINT('',(0.000634327775949659,0.0010510017734391,-0.0144224103885489));
#3504=CARTESIAN_POINT('',(0.000645516909011938,0.0010704241776883,-0.0144));
#3505=CARTESIAN_POINT('',(0.000693701021373663,0.00103984561014852,-0.0144));
#3506=CARTESIAN_POINT('',(0.000680904308916688,0.00102147053747889,-0.0144223874649226));
#3507=CARTESIAN_POINT('',(0.000689512989610334,0.000949440682806414,-0.0144776007739282));
#3508=CARTESIAN_POINT('',(0.000761051362718736,0.000963211959237113,-0.0144224103885488));
#3509=CARTESIAN_POINT('',(0.000774586538852913,0.000981078841800121,-0.0144));
#3510=CARTESIAN_POINT('',(0.000818558194349239,0.000944702324790045,-0.0144));
#3511=CARTESIAN_POINT('',(0.000803559380517523,0.00092807599840802,-0.0144223874649226));
#3512=CARTESIAN_POINT('',(0.000803072444593329,0.000855535166865885,-0.0144776007739282));
#3513=CARTESIAN_POINT('',(0.00087577271486764,0.000860231717042975,-0.0144224103885489));
#3514=CARTESIAN_POINT('',(0.000891440476260603,0.000876261306508663,-0.0144));
#3515=CARTESIAN_POINT('',(0.000930506215616965,0.000834660519431819,-0.0144));
#3516=CARTESIAN_POINT('',(0.000913541840664481,0.000820045146436512,-0.0144223874649226));
#3517=CARTESIAN_POINT('',(0.000903966967392899,0.000748137350271876,-0.0144776007739282));
#3518=CARTESIAN_POINT('',(0.00097668260814186,0.00074368510679359,-0.0144224103885488));
#3519=CARTESIAN_POINT('',(0.000994235864836937,0.000757624606960431,-0.0144));
#3520=CARTESIAN_POINT('',(0.00102777959800694,0.000711455619080127,-0.0144));
#3521=CARTESIAN_POINT('',(0.00100911720026072,0.000699081692634483,-0.0144223874649226));
#3522=CARTESIAN_POINT('',(0.000990605391112952,0.000628940960748533,-0.0144776007739282));
#3523=CARTESIAN_POINT('',(0.00106218963324376,0.000615410138154107,-0.0144224103885489));
#3524=CARTESIAN_POINT('',(0.00108135155989708,0.000627039714777432,-0.0144));
#3525=CARTESIAN_POINT('',(0.00110884428217058,0.000577030638612556,-0.0144));
#3526=CARTESIAN_POINT('',(0.00108877817879146,0.000567093302928445,-0.0144223874649226));
#3527=CARTESIAN_POINT('',(0.0010616213760562,0.000499825796563055,-0.0144776007739282));
#3528=CARTESIAN_POINT('',(0.00113094529330808,0.000477429784007741,-0.0144224103885489));
#3529=CARTESIAN_POINT('',(0.00115141369488953,0.000486566031717021,-0.0144));
#3530=CARTESIAN_POINT('',(0.00117242182961292,0.000433505540272671,-0.0144));
#3531=CARTESIAN_POINT('',(0.00115126847503809,0.000426161513070107,-0.0144223874649226));
#3532=CARTESIAN_POINT('',(0.00111589495771716,0.000362828080984313,-0.0144776007739282));
#3533=CARTESIAN_POINT('',(0.00118186527050296,0.000331920076964844,-0.0144224103885489));
#3534=CARTESIAN_POINT('',(0.00120331734809237,0.000338418911675975,-0.0144));
#3535=CARTESIAN_POINT('',(0.00121750958443141,0.000283143800599027,-0.0144));
#3536=CARTESIAN_POINT('',(0.00119560257969892,0.000278508901574106,-0.0144223874649226));
#3537=CARTESIAN_POINT('',(0.00115257020929159,0.000220108349825464,-0.0144776007739282));
#3538=CARTESIAN_POINT('',(0.00121414652636991,0.000181175792028769,-0.0144224103885489));
#3539=CARTESIAN_POINT('',(0.00123624396788885,0.000184934723236141,-0.0144));
#3540=CARTESIAN_POINT('',(0.00124339648579844,0.000128316714048029,-0.0144));
#3541=CARTESIAN_POINT('',(0.00122108131745954,0.000126464038327126,-0.0144223874649226));
#3542=CARTESIAN_POINT('',(0.00117106874015342,7.39173785035099E-5,-0.0144776007739282));
#3543=CARTESIAN_POINT('',(0.00122727996622003,2.75742566232268E-5,-0.0144224103885489));
#3544=CARTESIAN_POINT('',(0.00124967428181538,2.85340037362233E-5,-0.0144));
#3545=CARTESIAN_POINT('',(0.00124967428181538,-2.8534003736196E-5,-0.0144));
#3546=CARTESIAN_POINT('',(0.0012273028734052,-2.75752383502249E-5,-0.0144223874649226));
#3547=CARTESIAN_POINT('',(0.00117109881742047,-7.34393140335475E-5,-0.0144776007739282));
#3548=CARTESIAN_POINT('',(0.00122105846786135,-0.000126462141281327,-0.0144224103885489));
#3549=CARTESIAN_POINT('',(0.00124339648579845,-0.000128316714048002,-0.0144));
#3550=CARTESIAN_POINT('',(0.00123624396788886,-0.000184934723236116,-0.0144));
#3551=CARTESIAN_POINT('',(0.00121416912988206,-0.000181179637046145,-0.0144223874649226));
#3552=CARTESIAN_POINT('',(0.00115265996675627,-0.000219637824717766,-0.0144776007739282));
#3553=CARTESIAN_POINT('',(0.00119558014803952,-0.000278504155673052,-0.0144224103885489));
#3554=CARTESIAN_POINT('',(0.00121750958443141,-0.000283143800599002,-0.0144));
#3555=CARTESIAN_POINT('',(0.00120331734809237,-0.000338418911675948,-0.0144));
#3556=CARTESIAN_POINT('',(0.0011818872138712,-0.000331926724634381,-0.0144223874649226));
#3557=CARTESIAN_POINT('',(0.00111604297985066,-0.000362372515700925,-0.0144776007739282));
#3558=CARTESIAN_POINT('',(0.00115124681507815,-0.000426153993159492,-0.0144224103885489));
#3559=CARTESIAN_POINT('',(0.00117242182961293,-0.000433505540272646,-0.0144));
#3560=CARTESIAN_POINT('',(0.00115141369488954,-0.000486566031716997,-0.0144));
#3561=CARTESIAN_POINT('',(0.00113096623047239,-0.000477439129491715,-0.0144223874649226));
#3562=CARTESIAN_POINT('',(0.00106182532846102,-0.000499392375640614,-0.0144776007739282));
#3563=CARTESIAN_POINT('',(0.00108875763212148,-0.000567083127601753,-0.0144224103885489));
#3564=CARTESIAN_POINT('',(0.00110884428217059,-0.000577030638612533,-0.0144));
#3565=CARTESIAN_POINT('',(0.00108135155989709,-0.000627039714777405,-0.0144));
#3566=CARTESIAN_POINT('',(0.00106220923401256,-0.000615422034068654,-0.0144223874649226));
#3567=CARTESIAN_POINT('',(0.000990862057337867,-0.000628536519493916,-0.0144776007739282));
#3568=CARTESIAN_POINT('',(0.00100909809091398,-0.000699069022362692,-0.0144224103885489));
#3569=CARTESIAN_POINT('',(0.00102777959800696,-0.000711455619080104,-0.0144));
#3570=CARTESIAN_POINT('',(0.000994235864836953,-0.000757624606960409,-0.0144));
#3571=CARTESIAN_POINT('',(0.000976700563399299,-0.000743699365533026,-0.0144223874649226));
#3572=CARTESIAN_POINT('',(0.000904272299658167,-0.000747768266965286,-0.0144776007739282));
#3573=CARTESIAN_POINT('',(0.000913524470006778,-0.000820030181037386,-0.0144224103885489));
#3574=CARTESIAN_POINT('',(0.000930506215616984,-0.000834660519431799,-0.0144));
#3575=CARTESIAN_POINT('',(0.000891440476260622,-0.000876261306508645,-0.0144));
#3576=CARTESIAN_POINT('',(0.000875788741448608,-0.000860248113738484,-0.0144223874649226));
#3577=CARTESIAN_POINT('',(0.000803421627626761,-0.000855207262171513,-0.0144776007739282));
#3578=CARTESIAN_POINT('',(0.000803544022494502,-0.000928058973894829,-0.0144224103885489));
#3579=CARTESIAN_POINT('',(0.000818558194349259,-0.000944702324790027,-0.0144));
#3580=CARTESIAN_POINT('',(0.000774586538852931,-0.000981078841800105,-0.0144));
#3581=CARTESIAN_POINT('',(0.000761065207874424,-0.00096323023530296,-0.0144223874649226));
#3582=CARTESIAN_POINT('',(0.000689900516586911,-0.000949159127977211,-0.0144776007739282));
#3583=CARTESIAN_POINT('',(0.000680891205733558,-0.00102145172233839,-0.0144224103885489));
#3584=CARTESIAN_POINT('',(0.000693701021373681,-0.0010398456101485,-0.0144));
#3585=CARTESIAN_POINT('',(0.000645516909011965,-0.00107042417768829,-0.0144));
#3586=CARTESIAN_POINT('',(0.000634339221333756,-0.00105102164065086,-0.0144223874649226));
#3587=CARTESIAN_POINT('',(0.00056549926227387,-0.00102814218733453,-0.0144776007739282));
#3588=CARTESIAN_POINT('',(0.000547500327913504,-0.001098735566935,-0.0144224103885489));
#3589=CARTESIAN_POINT('',(0.000557903768894144,-0.00111858990906128,-0.0144));
#3590=CARTESIAN_POINT('',(0.000506267091902763,-0.00114288828485391,-0.0144));
#3591=CARTESIAN_POINT('',(0.00049760932633676,-0.0011222378068758,-0.0144223874649226));
#3592=CARTESIAN_POINT('',(0.000432179746781882,-0.00109091083021523,-0.0144776007739282));
#3593=CARTESIAN_POINT('',(0.000405475042861413,-0.00115869169528823,-0.0144224103885489));
#3594=CARTESIAN_POINT('',(0.000413308040703581,-0.00117969337689493,-0.0144));
#3595=CARTESIAN_POINT('',(0.000359033140324956,-0.00119732836103903,-0.0144));
#3596=CARTESIAN_POINT('',(0.000353031835006034,-0.00117575561249395,-0.0144223874649226));
#3597=CARTESIAN_POINT('',(0.00029204449851148,-0.00113647515762489,-0.0144776007739282));
#3598=CARTESIAN_POINT('',(0.000257055174164347,-0.00120037456343789,-0.0144224103885489));
#3599=CARTESIAN_POINT('',(0.000262194197812869,-0.00122219237546029,-0.0144));
#3600=CARTESIAN_POINT('',(0.000206137021648222,-0.00123288585372126,-0.0144));
#3601=CARTESIAN_POINT('',(0.000202886820746267,-0.0012107310497407,-0.0144223874649226));
#3602=CARTESIAN_POINT('',(0.000147303534040623,-0.00116411659290146,-0.0144776007739282));
#3603=CARTESIAN_POINT('',(0.000104581391813392,-0.00122312680765313,-0.0144224103885489));
#3604=CARTESIAN_POINT('',(0.000106945395795427,-0.0012454166701623,-0.0144));
#3605=CARTESIAN_POINT('',(4.99899989997999E-5,-0.001249,-0.0144));
#3606=CARTESIAN_POINT('',(4.95421601246135E-5,-0.00122661253507737,-0.0144223874649226));
#3607=CARTESIAN_POINT('',(2.39504843068363E-7,-0.00117339921409841,-0.0144776007739282));
#3608=CARTESIAN_POINT('',(-4.95417015603674E-5,-0.00122658961145115,-0.0144224103885489));
#3609=CARTESIAN_POINT('',(-4.99899989998E-5,-0.001249,-0.0144));
#3610=CARTESIAN_POINT('',(-0.00010694539579541,-0.0012454166701623,-0.0144));
#3611=CARTESIAN_POINT('',(-0.000104583809957243,-0.00122314960799305,-0.0144223874649226));
#3612=CARTESIAN_POINT('',(-0.000146828301488915,-0.00116417662873433,-0.0144776007739282));
#3613=CARTESIAN_POINT('',(-0.000202883492705721,-0.00121070836434746,-0.0144224103885489));
#3614=CARTESIAN_POINT('',(-0.000206137021648205,-0.00123288585372126,-0.0144));
#3615=CARTESIAN_POINT('',(-0.000262194197812852,-0.00122219237546029,-0.0144));
#3616=CARTESIAN_POINT('',(-0.000257060430880739,-0.00120039688091653,-0.0144223874649226));
#3617=CARTESIAN_POINT('',(-0.00029158053779545,-0.00113659428248969,-0.0144776007739282));
#3618=CARTESIAN_POINT('',(-0.000353025689974392,-0.00117573352309589,-0.0144224103885489));
#3619=CARTESIAN_POINT('',(-0.000359033140324939,-0.00119732836103903,-0.0144));
#3620=CARTESIAN_POINT('',(-0.000413308040703563,-0.00117969337689494,-0.0144));
#3621=CARTESIAN_POINT('',(-0.000405483055248791,-0.00115871317794562,-0.0144223874649226));
#3622=CARTESIAN_POINT('',(-0.000431734374839177,-0.00109108716544169,-0.0144776007739282));
#3623=CARTESIAN_POINT('',(-0.00049760046122484,-0.00112221666183594,-0.0144224103885489));
#3624=CARTESIAN_POINT('',(-0.000506267091902746,-0.00114288828485392,-0.0144));
#3625=CARTESIAN_POINT('',(-0.000557903768894125,-0.00111858990906128,-0.0144));
#3626=CARTESIAN_POINT('',(-0.000547510969611732,-0.0010987558759768,-0.0144223874649226));
#3627=CARTESIAN_POINT('',(-0.000565079502886091,-0.00102837295201076,-0.0144776007739282));
#3628=CARTESIAN_POINT('',(-0.000634327775949673,-0.00105100177343909,-0.0144224103885488));
#3629=CARTESIAN_POINT('',(-0.00064551690901195,-0.0010704241776883,-0.0144));
#3630=CARTESIAN_POINT('',(-0.000693701021373667,-0.00103984561014851,-0.0144));
#3631=CARTESIAN_POINT('',(-0.000680904308916698,-0.00102147053747889,-0.0144223874649226));
#3632=CARTESIAN_POINT('',(-0.00068951298961034,-0.000949440682806438,-0.0144776007739282));
#3633=CARTESIAN_POINT('',(-0.000761051362718721,-0.000963211959237087,-0.0144224103885489));
#3634=CARTESIAN_POINT('',(-0.000774586538852918,-0.000981078841800116,-0.0144));
#3635=CARTESIAN_POINT('',(-0.000818558194349246,-0.000944702324790039,-0.0144));
#3636=CARTESIAN_POINT('',(-0.000803559380517527,-0.000928075998408011,-0.0144223874649226));
#3637=CARTESIAN_POINT('',(-0.000803072444593348,-0.000855535166865859,-0.0144776007739282));
#3638=CARTESIAN_POINT('',(-0.00087577271486766,-0.000860231717042982,-0.0144224103885488));
#3639=CARTESIAN_POINT('',(-0.00089144047626061,-0.000876261306508657,-0.0144));
#3640=CARTESIAN_POINT('',(-0.000930506215616971,-0.000834660519431812,-0.0144));
#3641=CARTESIAN_POINT('',(-0.000913541840664486,-0.000820045146436504,-0.0144223874649226));
#3642=CARTESIAN_POINT('',(-0.000903966967392908,-0.000748137350271861,-0.0144776007739282));
#3643=CARTESIAN_POINT('',(-0.000976682608141872,-0.000743685106793588,-0.0144224103885488));
#3644=CARTESIAN_POINT('',(-0.000994235864836943,-0.000757624606960424,-0.0144));
#3645=CARTESIAN_POINT('',(-0.00102777959800695,-0.000711455619080119,-0.0144));
#3646=CARTESIAN_POINT('',(-0.00100911720026073,-0.000699081692634473,-0.0144223874649226));
#3647=CARTESIAN_POINT('',(-0.000990605391112966,-0.000628940960748527,-0.0144776007739281));
#3648=CARTESIAN_POINT('',(-0.00106218963324376,-0.000615410138154101,-0.0144224103885489));
#3649=CARTESIAN_POINT('',(-0.00108135155989708,-0.000627039714777421,-0.0144));
#3650=CARTESIAN_POINT('',(-0.00110884428217058,-0.000577030638612549,-0.0144));
#3651=CARTESIAN_POINT('',(-0.00108877817879146,-0.000567093302928439,-0.0144223874649226));
#3652=CARTESIAN_POINT('',(-0.00106162137605619,-0.000499825796563046,-0.0144776007739282));
#3653=CARTESIAN_POINT('',(-0.00113094529330808,-0.000477429784007733,-0.0144224103885489));
#3654=CARTESIAN_POINT('',(-0.00115141369488953,-0.000486566031717014,-0.0144));
#3655=CARTESIAN_POINT('',(-0.00117242182961292,-0.000433505540272663,-0.0144));
#3656=CARTESIAN_POINT('',(-0.0011512684750381,-0.0004261615130701,-0.0144223874649226));
#3657=CARTESIAN_POINT('',(-0.00111589495771716,-0.000362828080984311,-0.0144776007739282));
#3658=CARTESIAN_POINT('',(-0.00118186527050296,-0.000331920076964836,-0.0144224103885489));
#3659=CARTESIAN_POINT('',(-0.00120331734809237,-0.000338418911675967,-0.0144));
#3660=CARTESIAN_POINT('',(-0.00121750958443141,-0.000283143800599019,-0.0144));
#3661=CARTESIAN_POINT('',(-0.00119560257969893,-0.000278508901574097,-0.0144223874649226));
#3662=CARTESIAN_POINT('',(-0.00115257020929159,-0.000220108349825454,-0.0144776007739282));
#3663=CARTESIAN_POINT('',(-0.00121414652636991,-0.00018117579202876,-0.0144224103885489));
#3664=CARTESIAN_POINT('',(-0.00123624396788885,-0.000184934723236132,-0.0144));
#3665=CARTESIAN_POINT('',(-0.00124339648579844,-0.00012831671404802,-0.0144));
#3666=CARTESIAN_POINT('',(-0.00122108131745954,-0.000126464038327117,-0.0144223874649226));
#3667=CARTESIAN_POINT('',(-0.00117106874015342,-7.39173785035011E-5,-0.0144776007739282));
#3668=CARTESIAN_POINT('',(-0.00122727996622003,-2.75742566232174E-5,-0.0144224103885489));
#3669=CARTESIAN_POINT('',(-0.00124967428181538,-2.8534003736214E-5,-0.0144));
#3670=CARTESIAN_POINT('',(-0.00124967428181538,2.85340037362052E-5,-0.0144));
#3671=CARTESIAN_POINT('',(-0.0012273028734052,2.75752383502343E-5,-0.0144223874649226));
#3672=CARTESIAN_POINT('',(-0.00117109881742047,7.34393140335501E-5,-0.0144776007739282));
#3673=CARTESIAN_POINT('',(-0.00122105846786135,0.000126462141281334,-0.0144224103885489));
#3674=CARTESIAN_POINT('',(-0.00124339648579844,0.000128316714048011,-0.0144));
#3675=CARTESIAN_POINT('',(-0.00123624396788885,0.000184934723236123,-0.0144));
#3676=CARTESIAN_POINT('',(-0.00121416912988206,0.000181179637046155,-0.0144223874649226));
#3677=CARTESIAN_POINT('',(-0.00115265996675627,0.000219637824717779,-0.0144776007739282));
#3678=CARTESIAN_POINT('',(-0.00119558014803952,0.00027850415567306,-0.0144224103885489));
#3679=CARTESIAN_POINT('',(-0.00121750958443141,0.00028314380059901,-0.0144));
#3680=CARTESIAN_POINT('',(-0.00120331734809237,0.000338418911675959,-0.0144));
#3681=CARTESIAN_POINT('',(-0.0011818872138712,0.000331926724634387,-0.0144223874649226));
#3682=CARTESIAN_POINT('',(-0.00111604297985064,0.000362372515700929,-0.0144776007739282));
#3683=CARTESIAN_POINT('',(-0.00115124681507815,0.000426153993159503,-0.0144224103885489));
#3684=CARTESIAN_POINT('',(-0.00117242182961292,0.000433505540272655,-0.0144));
#3685=CARTESIAN_POINT('',(-0.00115141369488953,0.000486566031717002,-0.0144));
#3686=CARTESIAN_POINT('',(-0.00113096623047239,0.000477439129491723,-0.0144223874649226));
#3687=CARTESIAN_POINT('',(-0.00106182532846103,0.000499392375640627,-0.0144776007739282));
#3688=CARTESIAN_POINT('',(-0.00108875763212148,0.00056708312760176,-0.0144224103885489));
#3689=CARTESIAN_POINT('',(-0.00110884428217059,0.000577030638612541,-0.0144));
#3690=CARTESIAN_POINT('',(-0.00108135155989708,0.000627039714777414,-0.0144));
#3691=CARTESIAN_POINT('',(-0.00106220923401255,0.000615422034068661,-0.0144223874649226));
#3692=CARTESIAN_POINT('',(-0.000990862057337852,0.000628536519493925,-0.0144776007739282));
#3693=CARTESIAN_POINT('',(-0.00100909809091397,0.000699069022362702,-0.0144224103885489));
#3694=CARTESIAN_POINT('',(-0.00102777959800695,0.000711455619080113,-0.0144));
#3695=CARTESIAN_POINT('',(-0.000994235864836948,0.000757624606960418,-0.0144));
#3696=CARTESIAN_POINT('',(-0.000976700563399303,0.00074369936553304,-0.0144223874649226));
#3697=CARTESIAN_POINT('',(-0.000904272299658154,0.000747768266965294,-0.0144776007739282));
#3698=CARTESIAN_POINT('',(-0.00091352447000677,0.000820030181037391,-0.0144224103885489));
#3699=CARTESIAN_POINT('',(-0.000930506215616977,0.000834660519431806,-0.0144));
#3700=CARTESIAN_POINT('',(-0.000891440476260616,0.000876261306508651,-0.0144));
#3701=CARTESIAN_POINT('',(-0.000875788741448597,0.000860248113738485,-0.0144223874649226));
#3702=CARTESIAN_POINT('',(-0.000803421627626778,0.0008552072621715,-0.0144776007739282));
#3703=CARTESIAN_POINT('',(-0.000803544022494497,0.000928058973894837,-0.0144224103885489));
#3704=CARTESIAN_POINT('',(-0.000818558194349251,0.000944702324790032,-0.0144));
#3705=CARTESIAN_POINT('',(-0.000774586538852927,0.000981078841800109,-0.0144));
#3706=CARTESIAN_POINT('',(-0.000761065207874443,0.000963230235302991,-0.0144223874649226));
#3707=CARTESIAN_POINT('',(-0.000689900516586845,0.00094915912797722,-0.0144776007739282));
#3708=CARTESIAN_POINT('',(-0.000680891205733555,0.00102145172233841,-0.0144224103885488));
#3709=CARTESIAN_POINT('',(-0.000693701021373679,0.00103984561014851,-0.0144));
#3710=CARTESIAN_POINT('',(-0.000645516909011953,0.00107042417768829,-0.0144));
#3711=CARTESIAN_POINT('',(-0.000634339221333742,0.00105102164065087,-0.0144223874649226));
#3712=CARTESIAN_POINT('',(-0.000565499262273858,0.00102814218733455,-0.0144776007739282));
#3713=CARTESIAN_POINT('',(-0.000547500327913497,0.001098735566935,-0.0144224103885489));
#3714=CARTESIAN_POINT('',(-0.000557903768894132,0.00111858990906128,-0.0144));
#3715=CARTESIAN_POINT('',(-0.000506267091902756,0.00114288828485392,-0.0144));
#3716=CARTESIAN_POINT('',(-0.000497609326336755,0.00112223780687581,-0.0144223874649226));
#3717=CARTESIAN_POINT('',(-0.00043217974678188,0.00109091083021523,-0.0144776007739282));
#3718=CARTESIAN_POINT('',(-0.000405475042861403,0.00115869169528823,-0.0144224103885489));
#3719=CARTESIAN_POINT('',(-0.000413308040703573,0.00117969337689493,-0.0144));
#3720=CARTESIAN_POINT('',(-0.000359033140324947,0.00119732836103903,-0.0144));
#3721=CARTESIAN_POINT('',(-0.000353031835006026,0.00117575561249395,-0.0144223874649226));
#3722=CARTESIAN_POINT('',(-0.000292044498511469,0.00113647515762489,-0.0144776007739282));
#3723=CARTESIAN_POINT('',(-0.000257055174164338,0.00120037456343789,-0.0144224103885489));
#3724=CARTESIAN_POINT('',(-0.00026219419781286,0.00122219237546029,-0.0144));
#3725=CARTESIAN_POINT('',(-0.000206137021648214,0.00123288585372126,-0.0144));
#3726=CARTESIAN_POINT('',(-0.000202886820746259,0.0012107310497407,-0.0144223874649226));
#3727=CARTESIAN_POINT('',(-0.000147303534040617,0.00116411659290146,-0.0144776007739282));
#3728=CARTESIAN_POINT('',(-0.000104581391813383,0.00122312680765313,-0.0144224103885489));
#3729=CARTESIAN_POINT('',(-0.000106945395795419,0.0012454166701623,-0.0144));
#3730=CARTESIAN_POINT('',(-4.99899989997999E-5,0.001249,-0.0144));
#3731=CARTESIAN_POINT('',(-4.95421601246135E-5,0.00122661253507737,-0.0144223874649226));
#3732=CARTESIAN_POINT('',(-2.39504843068363E-7,0.00117339921409841,-0.0144776007739282));
#3733=CARTESIAN_POINT('',(4.95417015603674E-5,0.00122658961145115,-0.0144224103885489));
#3734=CARTESIAN_POINT('',(4.99899989998E-5,0.001249,-0.0144));
#3735=CARTESIAN_POINT('',(0.,0.,0.));
#3736=CARTESIAN_POINT('',(0.,0.00125,-0.015401));
#3737=CARTESIAN_POINT('',(-0.000156666541955381,0.0012401433766431,-0.015401));
#3738=CARTESIAN_POINT('',(-0.000310862358956069,0.00121072895141079,-0.015401));
#3739=CARTESIAN_POINT('',(-0.000460155690855848,0.00116222060736031,-0.015401));
#3740=CARTESIAN_POINT('',(-0.000602192092627145,0.00109538335005483,-0.015401));
#3741=CARTESIAN_POINT('',(-0.000734731565365593,0.00101127124296868,-0.015401));
#3742=CARTESIAN_POINT('',(-0.000855683882410862,0.000911210784276763,-0.015401));
#3743=CARTESIAN_POINT('',(-0.000963141553469738,0.00079677998718586,-0.015401));
#3744=CARTESIAN_POINT('',(-0.00105540990687752,0.000669783493723743,-0.015401));
#3745=CARTESIAN_POINT('',(-0.00113103381558253,0.000532224114456338,-0.015401));
#3746=CARTESIAN_POINT('',(-0.00118882064536894,0.000386271242968681,-0.015401));
#3747=CARTESIAN_POINT('',(-0.00122785906341086,0.000234226643232152,-0.015401));
#3748=CARTESIAN_POINT('',(-0.00124753341053534,7.84881494116375E-5,-0.015401));
#3749=CARTESIAN_POINT('',(-0.00124753341053534,-7.84881494116462E-5,-0.015401));
#3750=CARTESIAN_POINT('',(-0.00122785906341086,-0.000234226643232161,-0.015401));
#3751=CARTESIAN_POINT('',(-0.00118882064536894,-0.00038627124296869,-0.015401));
#3752=CARTESIAN_POINT('',(-0.00113103381558252,-0.000532224114456346,-0.015401));
#3753=CARTESIAN_POINT('',(-0.00105540990687752,-0.000669783493723751,-0.015401));
#3754=CARTESIAN_POINT('',(-0.000963141553469733,-0.000796779987185867,-0.015401));
#3755=CARTESIAN_POINT('',(-0.000855683882410856,-0.000911210784276769,-0.015401));
#3756=CARTESIAN_POINT('',(-0.000734731565365586,-0.00101127124296869,-0.015401));
#3757=CARTESIAN_POINT('',(-0.000602192092627138,-0.00109538335005483,-0.015401));
#3758=CARTESIAN_POINT('',(-0.00046015569085584,-0.00116222060736032,-0.015401));
#3759=CARTESIAN_POINT('',(-0.00031086235895606,-0.00121072895141079,-0.015401));
#3760=CARTESIAN_POINT('',(-0.000156666541955372,-0.0012401433766431,-0.015401));
#3761=CARTESIAN_POINT('',(0.,-0.00125,-0.015401));
#3762=CARTESIAN_POINT('',(0.000156666541955389,-0.0012401433766431,-0.015401));
#3763=CARTESIAN_POINT('',(0.000310862358956078,-0.00121072895141079,-0.015401));
#3764=CARTESIAN_POINT('',(0.000460155690855857,-0.00116222060736031,-0.015401));
#3765=CARTESIAN_POINT('',(0.000602192092627153,-0.00109538335005482,-0.015401));
#3766=CARTESIAN_POINT('',(0.0007347315653656,-0.00101127124296868,-0.015401));
#3767=CARTESIAN_POINT('',(0.000855683882410869,-0.000911210784276757,-0.015401));
#3768=CARTESIAN_POINT('',(0.000963141553469744,-0.000796779987185853,-0.015401));
#3769=CARTESIAN_POINT('',(0.00105540990687753,-0.000669783493723736,-0.015401));
#3770=CARTESIAN_POINT('',(0.00113103381558253,-0.00053222411445633,-0.015401));
#3771=CARTESIAN_POINT('',(0.00118882064536895,-0.000386271242968673,-0.015401));
#3772=CARTESIAN_POINT('',(0.00122785906341086,-0.000234226643232144,-0.015401));
#3773=CARTESIAN_POINT('',(0.00124753341053534,-7.84881494116282E-5,-0.015401));
#3774=CARTESIAN_POINT('',(0.00124753341053534,7.84881494116555E-5,-0.015401));
#3775=CARTESIAN_POINT('',(0.00122785906341086,0.00023422664323217,-0.015401));
#3776=CARTESIAN_POINT('',(0.00118882064536894,0.000386271242968698,-0.015401));
#3777=CARTESIAN_POINT('',(0.00113103381558252,0.000532224114456354,-0.015401));
#3778=CARTESIAN_POINT('',(0.00105540990687751,0.000669783493723758,-0.015401));
#3779=CARTESIAN_POINT('',(0.000963141553469727,0.000796779987185874,-0.015401));
#3780=CARTESIAN_POINT('',(0.000855683882410849,0.000911210784276775,-0.015401));
#3781=CARTESIAN_POINT('',(0.000734731565365578,0.00101127124296869,-0.015401));
#3782=CARTESIAN_POINT('',(0.00060219209262713,0.00109538335005484,-0.015401));
#3783=CARTESIAN_POINT('',(0.000460155690855832,0.00116222060736032,-0.015401));
#3784=CARTESIAN_POINT('',(0.000310862358956052,0.00121072895141079,-0.015401));
#3785=CARTESIAN_POINT('',(0.000156666541955363,0.0012401433766431,-0.015401));
#3786=(
GEOMETRIC_REPRESENTATION_CONTEXT(3)
GLOBAL_UNCERTAINTY_ASSIGNED_CONTEXT((#3787))
GLOBAL_UNIT_ASSIGNED_CONTEXT((#3790,#3789,#3788))
REPRESENTATION_CONTEXT('id2','TOP_LEVEL_ASSEMBLY_PART')
);
#3787=UNCERTAINTY_MEASURE_WITH_UNIT(LENGTH_MEASURE(2.E-5),#3790,
'DISTANCE_ACCURACY_VALUE','Maximum Tolerance applied to model');
#3788=(
NAMED_UNIT(*)
SI_UNIT($,.STERADIAN.)
SOLID_ANGLE_UNIT()
);
#3789=(
NAMED_UNIT(*)
PLANE_ANGLE_UNIT()
SI_UNIT($,.RADIAN.)
);
#3790=(
LENGTH_UNIT()
NAMED_UNIT(*)
SI_UNIT($,.METRE.)
);
#3791=PRODUCT_DEFINITION_SHAPE('','',#3792);
#3792=PRODUCT_DEFINITION('','',#3794,#3793);
#3793=PRODUCT_DEFINITION_CONTEXT('',#3800,'design');
#3794=PRODUCT_DEFINITION_FORMATION_WITH_SPECIFIED_SOURCE('','',#3796,
 .NOT_KNOWN.);
#3795=PRODUCT_RELATED_PRODUCT_CATEGORY('','',(#3796));
#3796=PRODUCT('id2','id2','id2',(#3798));
#3797=PRODUCT_CATEGORY('','');
#3798=PRODUCT_CONTEXT('',#3800,'mechanical');
#3799=APPLICATION_PROTOCOL_DEFINITION('international standard',
'ap242_managed_model_based_3d_engineering',2020,#3800);
#3800=APPLICATION_CONTEXT('managed model based 3d engineering');
ENDSEC;
END-ISO-10303-21;
