ISO-10303-21;
HEADER;
/* Generated by software containing ST-Developer
 * from STEP Tools, Inc. (www.steptools.com) 
 */
/* OPTION: using custom renumber hook */

FILE_DESCRIPTION(
/* description */ ('STEP AP242 Edition 2',
'CAx-IF Rec.Pracs.---Representation and Presentation of Product Manufa
cturing Information (PMI)---4.0---2014-10-13',
'CAx-IF Rec.Pracs.---3D Tessellated Geometry---0.4---2014-09-14','2;1',
'CAx-IF Rec.Pracs.---User Defined Attributes---1.5---2016-08-15'),
/* implementation_level */ '2;1');

FILE_NAME(
/* name */ '10089',
/* time_stamp */ '2026-07-13T04:55:42Z',
/* author */ (''),
/* organization */ (''),
/* preprocessor_version */ 'ST-DEVELOPER v20',
/* originating_system */ 'ONSHAPE BY PTC INC, 1.217',
/* authorisation */ '  ');

FILE_SCHEMA (('AP242_MANAGED_MODEL_BASED_3D_ENGINEERING_MIM_LF { 1 0 10303 442 3 1 4 }'));
ENDSEC;

DATA;
#10=SHAPE_REPRESENTATION_RELATIONSHIP('','',#4014,#11);
#11=ADVANCED_BREP_SHAPE_REPRESENTATION('',(#4012),#6783);
#12=TOROIDAL_SURFACE('',#4361,0.024,0.001);
#13=CYLINDRICAL_SURFACE('',#4085,0.025);
#14=CYLINDRICAL_SURFACE('',#4121,0.0239);
#15=CYLINDRICAL_SURFACE('',#4178,0.025);
#16=CYLINDRICAL_SURFACE('',#4186,0.0183);
#17=CYLINDRICAL_SURFACE('',#4190,0.0245);
#18=CYLINDRICAL_SURFACE('',#4304,0.0033);
#19=CYLINDRICAL_SURFACE('',#4305,0.0033);
#20=CYLINDRICAL_SURFACE('',#4351,0.0033);
#21=CYLINDRICAL_SURFACE('',#4352,0.0033);
#22=CYLINDRICAL_SURFACE('',#4353,0.0033);
#23=CYLINDRICAL_SURFACE('',#4354,0.0033);
#24=CYLINDRICAL_SURFACE('',#4355,0.0033);
#25=CYLINDRICAL_SURFACE('',#4356,0.0033);
#26=CYLINDRICAL_SURFACE('',#4357,0.0033);
#27=CYLINDRICAL_SURFACE('',#4358,0.0033);
#28=CYLINDRICAL_SURFACE('',#4359,0.0033);
#29=CYLINDRICAL_SURFACE('',#4360,0.0033);
#30=CYLINDRICAL_SURFACE('',#4362,0.0007);
#31=CYLINDRICAL_SURFACE('',#4363,0.000699999999999992);
#32=CYLINDRICAL_SURFACE('',#4364,0.0033);
#33=CYLINDRICAL_SURFACE('',#4365,0.0033);
#34=CYLINDRICAL_SURFACE('',#4366,0.0033);
#35=CYLINDRICAL_SURFACE('',#4367,0.0033);
#36=CYLINDRICAL_SURFACE('',#4368,0.0033);
#37=CYLINDRICAL_SURFACE('',#4369,0.0033);
#38=CYLINDRICAL_SURFACE('',#4370,0.0033);
#39=CYLINDRICAL_SURFACE('',#4371,0.0033);
#40=CYLINDRICAL_SURFACE('',#4372,0.0033);
#41=CYLINDRICAL_SURFACE('',#4373,0.0033);
#42=CYLINDRICAL_SURFACE('',#4374,0.0033);
#43=CYLINDRICAL_SURFACE('',#4375,0.0033);
#44=CYLINDRICAL_SURFACE('',#4376,0.0033);
#45=CYLINDRICAL_SURFACE('',#4377,0.0033);
#46=CYLINDRICAL_SURFACE('',#4378,0.0033);
#47=CYLINDRICAL_SURFACE('',#4379,0.0033);
#48=CYLINDRICAL_SURFACE('',#4380,0.0033);
#49=CYLINDRICAL_SURFACE('',#4381,0.0033);
#50=CYLINDRICAL_SURFACE('',#4382,0.0033);
#51=CYLINDRICAL_SURFACE('',#4383,0.0033);
#52=CYLINDRICAL_SURFACE('',#4384,0.0033);
#53=CYLINDRICAL_SURFACE('',#4385,0.0033);
#54=B_SPLINE_CURVE_WITH_KNOTS('',3,(#5844,#5845,#5846,#5847),
 .UNSPECIFIED.,.F.,.F.,(4,4),(4.0024030910986E-7,0.000404791683596286),
 .UNSPECIFIED.);
#55=B_SPLINE_CURVE_WITH_KNOTS('',3,(#5849,#5850,#5851,#5852),
 .UNSPECIFIED.,.F.,.F.,(4,4),(4.0024030909262E-7,0.00040479168359623),
 .UNSPECIFIED.);
#56=B_SPLINE_CURVE_WITH_KNOTS('',3,(#5865,#5866,#5867,#5868),
 .UNSPECIFIED.,.F.,.F.,(4,4),(4.00247197801509E-7,0.000404791690484976),
 .UNSPECIFIED.);
#57=B_SPLINE_CURVE_WITH_KNOTS('',3,(#5872,#5873,#5874,#5875),
 .UNSPECIFIED.,.F.,.F.,(4,4),(4.00240309092593E-7,0.000404791683596309),
 .UNSPECIFIED.);
#58=B_SPLINE_CURVE_WITH_KNOTS('',3,(#5886,#5887,#5888,#5889),
 .UNSPECIFIED.,.F.,.F.,(4,4),(4.00247197827908E-7,0.000404791690485045),
 .UNSPECIFIED.);
#59=B_SPLINE_CURVE_WITH_KNOTS('',3,(#5893,#5894,#5895,#5896),
 .UNSPECIFIED.,.F.,.F.,(4,4),(0.00228423665526213,0.00268862809842547),
 .UNSPECIFIED.);
#60=B_SPLINE_CURVE_WITH_KNOTS('',3,(#5907,#5908,#5909,#5910),
 .UNSPECIFIED.,.F.,.F.,(4,4),(0.00223308721479464,0.00263747865789421),
 .UNSPECIFIED.);
#61=B_SPLINE_CURVE_WITH_KNOTS('',3,(#5914,#5915,#5916,#5917),
 .UNSPECIFIED.,.F.,.F.,(4,4),(4.00240309092539E-7,0.000404791683596309),
 .UNSPECIFIED.);
#62=B_SPLINE_CURVE_WITH_KNOTS('',3,(#5928,#5929,#5930,#5931),
 .UNSPECIFIED.,.F.,.F.,(4,4),(4.00247197828316E-7,0.000404791690484964),
 .UNSPECIFIED.);
#63=B_SPLINE_CURVE_WITH_KNOTS('',3,(#5935,#5936,#5937,#5938),
 .UNSPECIFIED.,.F.,.F.,(4,4),(4.00240309109887E-7,0.000404791683596286),
 .UNSPECIFIED.);
#64=B_SPLINE_CURVE_WITH_KNOTS('',3,(#5967,#5968,#5969,#5970),
 .UNSPECIFIED.,.F.,.F.,(4,4),(4.00247197856131E-7,0.000404791690485035),
 .UNSPECIFIED.);
#65=B_SPLINE_CURVE_WITH_KNOTS('',3,(#5974,#5975,#5976,#5977),
 .UNSPECIFIED.,.F.,.F.,(4,4),(4.00240309128986E-7,0.000404791683596328),
 .UNSPECIFIED.);
#66=B_SPLINE_CURVE_WITH_KNOTS('',3,(#6233,#6234,#6235,#6236),
 .UNSPECIFIED.,.F.,.F.,(4,4),(4.00247197830845E-7,0.000404791690485031),
 .UNSPECIFIED.);
#67=B_SPLINE_CURVE_WITH_KNOTS('',3,(#6237,#6238,#6239,#6240),
 .UNSPECIFIED.,.F.,.F.,(4,4),(0.00252001763286836,0.00292440907598872),
 .UNSPECIFIED.);
#68=B_SPLINE_CURVE_WITH_KNOTS('',3,(#6242,#6243,#6244,#6245),
 .UNSPECIFIED.,.F.,.F.,(4,4),(4.002471978274E-7,0.000404791690485047),
 .UNSPECIFIED.);
#69=B_SPLINE_CURVE_WITH_KNOTS('',3,(#6246,#6247,#6248,#6249),
 .UNSPECIFIED.,.F.,.F.,(4,4),(0.00228423665526213,0.00268862809842547),
 .UNSPECIFIED.);
#70=B_SPLINE_CURVE_WITH_KNOTS('',3,(#6257,#6258,#6259,#6260),
 .UNSPECIFIED.,.F.,.F.,(4,4),(0.00223308721479464,0.00263747865789422),
 .UNSPECIFIED.);
#71=B_SPLINE_CURVE_WITH_KNOTS('',3,(#6261,#6262,#6263,#6264),
 .UNSPECIFIED.,.F.,.F.,(4,4),(4.00240309088686E-7,0.000404791683596309),
 .UNSPECIFIED.);
#72=B_SPLINE_CURVE_WITH_KNOTS('',3,(#6272,#6273,#6274,#6275),
 .UNSPECIFIED.,.F.,.F.,(4,4),(4.00247197832141E-7,0.000404791690485049),
 .UNSPECIFIED.);
#73=B_SPLINE_CURVE_WITH_KNOTS('',3,(#6276,#6277,#6278,#6279),
 .UNSPECIFIED.,.F.,.F.,(4,4),(4.0024030904303E-7,0.000404791683596286),
 .UNSPECIFIED.);
#74=B_SPLINE_CURVE_WITH_KNOTS('',3,(#6287,#6288,#6289,#6290),
 .UNSPECIFIED.,.F.,.F.,(4,4),(4.00247197864098E-7,0.000404791690485039),
 .UNSPECIFIED.);
#75=B_SPLINE_CURVE_WITH_KNOTS('',3,(#6291,#6292,#6293,#6294),
 .UNSPECIFIED.,.F.,.F.,(4,4),(4.00240309051397E-7,0.000404791683596254),
 .UNSPECIFIED.);
#76=B_SPLINE_CURVE_WITH_KNOTS('',3,(#6302,#6303,#6304,#6305),
 .UNSPECIFIED.,.F.,.F.,(4,4),(4.00247197831054E-7,0.000404791690485031),
 .UNSPECIFIED.);
#77=B_SPLINE_CURVE_WITH_KNOTS('',3,(#6306,#6307,#6308,#6309),
 .UNSPECIFIED.,.F.,.F.,(4,4),(4.002403091235E-7,0.000404791683596272),
 .UNSPECIFIED.);
#78=B_SPLINE_CURVE_WITH_KNOTS('',3,(#6317,#6318,#6319,#6320),
 .UNSPECIFIED.,.F.,.F.,(4,4),(4.00247197779116E-7,0.000404791690485016),
 .UNSPECIFIED.);
#79=B_SPLINE_CURVE_WITH_KNOTS('',3,(#6321,#6322,#6323,#6324),
 .UNSPECIFIED.,.F.,.F.,(4,4),(4.00240309119809E-7,0.000404791683596271),
 .UNSPECIFIED.);
#80=B_SPLINE_CURVE_WITH_KNOTS('',3,(#6332,#6333,#6334,#6335),
 .UNSPECIFIED.,.F.,.F.,(4,4),(4.00247197869195E-7,0.000404791690485015),
 .UNSPECIFIED.);
#81=B_SPLINE_CURVE_WITH_KNOTS('',3,(#6336,#6337,#6338,#6339),
 .UNSPECIFIED.,.F.,.F.,(4,4),(4.00240309054649E-7,0.000404791683596255),
 .UNSPECIFIED.);
#82=B_SPLINE_CURVE_WITH_KNOTS('',3,(#6347,#6348,#6349,#6350),
 .UNSPECIFIED.,.F.,.F.,(4,4),(4.00247197830868E-7,0.000404791690485031),
 .UNSPECIFIED.);
#83=B_SPLINE_CURVE_WITH_KNOTS('',3,(#6351,#6352,#6353,#6354),
 .UNSPECIFIED.,.F.,.F.,(4,4),(4.0024030904638E-7,0.000404791683596219),
 .UNSPECIFIED.);
#84=B_SPLINE_CURVE_WITH_KNOTS('',3,(#6362,#6363,#6364,#6365),
 .UNSPECIFIED.,.F.,.F.,(4,4),(4.00247197855889E-7,0.000404791690485099),
 .UNSPECIFIED.);
#85=B_SPLINE_CURVE_WITH_KNOTS('',3,(#6366,#6367,#6368,#6369),
 .UNSPECIFIED.,.F.,.F.,(4,4),(4.00240309092593E-7,0.000404791683596312),
 .UNSPECIFIED.);
#86=B_SPLINE_CURVE_WITH_KNOTS('',3,(#6377,#6378,#6379,#6380),
 .UNSPECIFIED.,.F.,.F.,(4,4),(4.00247197831715E-7,0.000404791690484966),
 .UNSPECIFIED.);
#87=B_SPLINE_CURVE_WITH_KNOTS('',3,(#6381,#6382,#6383,#6384),
 .UNSPECIFIED.,.F.,.F.,(4,4),(0.00199730623725972,0.00240169768044851),
 .UNSPECIFIED.);
#88=CONICAL_SURFACE('',#4056,0.02465,1.0471975511966);
#89=CONICAL_SURFACE('',#4061,0.02465,1.0471975511966);
#90=CONICAL_SURFACE('',#4066,0.02465,1.0471975511966);
#91=CONICAL_SURFACE('',#4071,0.02465,1.0471975511966);
#92=CONICAL_SURFACE('',#4076,0.02465,1.0471975511966);
#93=CONICAL_SURFACE('',#4083,0.02465,1.0471975511966);
#94=CONICAL_SURFACE('',#4149,0.02465,1.0471975511966);
#95=CONICAL_SURFACE('',#4150,0.02465,1.0471975511966);
#96=CONICAL_SURFACE('',#4153,0.02465,1.0471975511966);
#97=CONICAL_SURFACE('',#4156,0.02465,1.0471975511966);
#98=CONICAL_SURFACE('',#4159,0.02465,1.0471975511966);
#99=CONICAL_SURFACE('',#4162,0.02465,1.0471975511966);
#100=CONICAL_SURFACE('',#4165,0.02465,1.0471975511966);
#101=CONICAL_SURFACE('',#4168,0.02465,1.0471975511966);
#102=CONICAL_SURFACE('',#4171,0.02465,1.0471975511966);
#103=CONICAL_SURFACE('',#4174,0.02465,1.0471975511966);
#104=CONICAL_SURFACE('',#4177,0.02465,1.0471975511966);
#105=CIRCLE('',#4039,0.024);
#106=CIRCLE('',#4040,0.000699999999999985);
#107=CIRCLE('',#4041,0.0183);
#108=CIRCLE('',#4042,0.000699999999999987);
#109=CIRCLE('',#4054,0.02465);
#110=CIRCLE('',#4055,0.0239);
#111=CIRCLE('',#4057,0.025);
#112=CIRCLE('',#4059,0.0239);
#113=CIRCLE('',#4060,0.02465);
#114=CIRCLE('',#4062,0.025);
#115=CIRCLE('',#4064,0.0239);
#116=CIRCLE('',#4065,0.02465);
#117=CIRCLE('',#4067,0.025);
#118=CIRCLE('',#4069,0.0239);
#119=CIRCLE('',#4070,0.02465);
#120=CIRCLE('',#4072,0.025);
#121=CIRCLE('',#4074,0.0239);
#122=CIRCLE('',#4075,0.02465);
#123=CIRCLE('',#4077,0.025);
#124=CIRCLE('',#4081,0.0239);
#125=CIRCLE('',#4082,0.02465);
#126=CIRCLE('',#4084,0.025);
#127=CIRCLE('',#4086,0.025);
#128=CIRCLE('',#4087,0.025);
#129=CIRCLE('',#4088,0.025);
#130=CIRCLE('',#4089,0.025);
#131=CIRCLE('',#4090,0.025);
#132=CIRCLE('',#4091,0.025);
#133=CIRCLE('',#4092,0.025);
#134=CIRCLE('',#4093,0.025);
#135=CIRCLE('',#4094,0.025);
#136=CIRCLE('',#4095,0.025);
#137=CIRCLE('',#4096,0.025);
#138=CIRCLE('',#4097,0.025);
#139=CIRCLE('',#4098,0.025);
#140=CIRCLE('',#4099,0.025);
#141=CIRCLE('',#4100,0.025);
#142=CIRCLE('',#4101,0.025);
#143=CIRCLE('',#4102,0.025);
#144=CIRCLE('',#4103,0.025);
#145=CIRCLE('',#4104,0.025);
#146=CIRCLE('',#4105,0.025);
#147=CIRCLE('',#4106,0.025);
#148=CIRCLE('',#4107,0.025);
#149=CIRCLE('',#4108,0.025);
#150=CIRCLE('',#4109,0.025);
#151=CIRCLE('',#4110,0.025);
#152=CIRCLE('',#4111,0.025);
#153=CIRCLE('',#4112,0.025);
#154=CIRCLE('',#4113,0.025);
#155=CIRCLE('',#4114,0.025);
#156=CIRCLE('',#4116,0.0239);
#157=CIRCLE('',#4117,0.02465);
#158=CIRCLE('',#4119,0.0239);
#159=CIRCLE('',#4120,0.02465);
#160=CIRCLE('',#4122,0.0239);
#161=CIRCLE('',#4123,0.0239);
#162=CIRCLE('',#4124,0.0239);
#163=CIRCLE('',#4125,0.0239);
#164=CIRCLE('',#4126,0.0239);
#165=CIRCLE('',#4127,0.0239);
#166=CIRCLE('',#4128,0.0239);
#167=CIRCLE('',#4129,0.0239);
#168=CIRCLE('',#4130,0.0239);
#169=CIRCLE('',#4131,0.0239);
#170=CIRCLE('',#4132,0.0239);
#171=CIRCLE('',#4133,0.0239);
#172=CIRCLE('',#4134,0.0239);
#173=CIRCLE('',#4135,0.0239);
#174=CIRCLE('',#4136,0.0239);
#175=CIRCLE('',#4137,0.0239);
#176=CIRCLE('',#4138,0.0239);
#177=CIRCLE('',#4139,0.0239);
#178=CIRCLE('',#4140,0.0239);
#179=CIRCLE('',#4141,0.0239);
#180=CIRCLE('',#4142,0.0239);
#181=CIRCLE('',#4143,0.0239);
#182=CIRCLE('',#4144,0.0239);
#183=CIRCLE('',#4145,0.0239);
#184=CIRCLE('',#4146,0.0239);
#185=CIRCLE('',#4147,0.0239);
#186=CIRCLE('',#4148,0.0239);
#187=CIRCLE('',#4152,0.02465);
#188=CIRCLE('',#4155,0.02465);
#189=CIRCLE('',#4158,0.02465);
#190=CIRCLE('',#4161,0.02465);
#191=CIRCLE('',#4164,0.02465);
#192=CIRCLE('',#4167,0.02465);
#193=CIRCLE('',#4170,0.02465);
#194=CIRCLE('',#4173,0.02465);
#195=CIRCLE('',#4176,0.02465);
#196=CIRCLE('',#4179,0.025);
#197=CIRCLE('',#4180,0.025);
#198=CIRCLE('',#4182,0.024);
#199=CIRCLE('',#4183,0.000699999999999987);
#200=CIRCLE('',#4184,0.0183);
#201=CIRCLE('',#4185,0.000699999999999985);
#202=CIRCLE('',#4187,0.0183);
#203=CIRCLE('',#4189,0.0245);
#204=CIRCLE('',#4191,0.0245);
#205=CIRCLE('',#4194,0.000699999999999992);
#206=CIRCLE('',#4195,0.0007);
#207=CIRCLE('',#4197,0.0033);
#208=CIRCLE('',#4198,0.0033);
#209=CIRCLE('',#4200,0.0033);
#210=CIRCLE('',#4201,0.0033);
#211=CIRCLE('',#4206,0.0033);
#212=CIRCLE('',#4207,0.0033);
#213=CIRCLE('',#4209,0.0033);
#214=CIRCLE('',#4210,0.0033);
#215=CIRCLE('',#4212,0.0033);
#216=CIRCLE('',#4213,0.0033);
#217=CIRCLE('',#4215,0.0033);
#218=CIRCLE('',#4216,0.0033);
#219=CIRCLE('',#4218,0.0033);
#220=CIRCLE('',#4219,0.0033);
#221=CIRCLE('',#4221,0.0033);
#222=CIRCLE('',#4222,0.0033);
#223=CIRCLE('',#4224,0.0033);
#224=CIRCLE('',#4225,0.0033);
#225=CIRCLE('',#4227,0.0033);
#226=CIRCLE('',#4228,0.0033);
#227=CIRCLE('',#4230,0.0033);
#228=CIRCLE('',#4231,0.0033);
#229=CIRCLE('',#4233,0.0033);
#230=CIRCLE('',#4234,0.0033);
#231=CIRCLE('',#4236,0.0033);
#232=CIRCLE('',#4237,0.0033);
#233=CIRCLE('',#4239,0.0033);
#234=CIRCLE('',#4240,0.0033);
#235=CIRCLE('',#4242,0.0033);
#236=CIRCLE('',#4243,0.0033);
#237=CIRCLE('',#4245,0.0033);
#238=CIRCLE('',#4246,0.0033);
#239=CIRCLE('',#4248,0.0033);
#240=CIRCLE('',#4249,0.0033);
#241=CIRCLE('',#4251,0.0033);
#242=CIRCLE('',#4252,0.0033);
#243=CIRCLE('',#4254,0.0033);
#244=CIRCLE('',#4255,0.0033);
#245=CIRCLE('',#4257,0.0033);
#246=CIRCLE('',#4258,0.0033);
#247=CIRCLE('',#4260,0.0033);
#248=CIRCLE('',#4261,0.0033);
#249=CIRCLE('',#4263,0.0033);
#250=CIRCLE('',#4264,0.0033);
#251=CIRCLE('',#4296,0.0033);
#252=CIRCLE('',#4297,0.0033);
#253=CIRCLE('',#4299,0.0033);
#254=CIRCLE('',#4300,0.0033);
#255=CIRCLE('',#4307,0.0033);
#256=CIRCLE('',#4308,0.0033);
#257=CIRCLE('',#4310,0.0033);
#258=CIRCLE('',#4311,0.0033);
#259=CIRCLE('',#4313,0.0033);
#260=CIRCLE('',#4314,0.0033);
#261=CIRCLE('',#4316,0.0033);
#262=CIRCLE('',#4317,0.0033);
#263=CIRCLE('',#4319,0.0033);
#264=CIRCLE('',#4320,0.0033);
#265=CIRCLE('',#4322,0.0033);
#266=CIRCLE('',#4323,0.0033);
#267=CIRCLE('',#4325,0.0033);
#268=CIRCLE('',#4326,0.0033);
#269=CIRCLE('',#4328,0.0033);
#270=CIRCLE('',#4329,0.0033);
#271=CIRCLE('',#4331,0.0033);
#272=CIRCLE('',#4332,0.0033);
#273=CIRCLE('',#4334,0.0033);
#274=CIRCLE('',#4335,0.0033);
#275=STYLED_ITEM('',(#276),#3833);
#276=PRESENTATION_STYLE_ASSIGNMENT((#277));
#277=SURFACE_STYLE_USAGE(.BOTH.,#278);
#278=SURFACE_SIDE_STYLE('',(#279));
#279=SURFACE_STYLE_FILL_AREA(#280);
#280=FILL_AREA_STYLE('',(#281));
#281=FILL_AREA_STYLE_COLOUR('',#282);
#282=COLOUR_RGB('',0.250980392156863,0.250980392156863,0.250980392156863);
#283=ORIENTED_EDGE('',*,*,#1447,.F.);
#284=ORIENTED_EDGE('',*,*,#1448,.T.);
#285=ORIENTED_EDGE('',*,*,#1449,.T.);
#286=ORIENTED_EDGE('',*,*,#1450,.F.);
#287=ORIENTED_EDGE('',*,*,#1451,.F.);
#288=ORIENTED_EDGE('',*,*,#1452,.T.);
#289=ORIENTED_EDGE('',*,*,#1453,.T.);
#290=ORIENTED_EDGE('',*,*,#1454,.F.);
#291=ORIENTED_EDGE('',*,*,#1455,.F.);
#292=ORIENTED_EDGE('',*,*,#1456,.T.);
#293=ORIENTED_EDGE('',*,*,#1457,.T.);
#294=ORIENTED_EDGE('',*,*,#1458,.F.);
#295=ORIENTED_EDGE('',*,*,#1459,.F.);
#296=ORIENTED_EDGE('',*,*,#1460,.T.);
#297=ORIENTED_EDGE('',*,*,#1461,.T.);
#298=ORIENTED_EDGE('',*,*,#1462,.F.);
#299=ORIENTED_EDGE('',*,*,#1463,.F.);
#300=ORIENTED_EDGE('',*,*,#1464,.T.);
#301=ORIENTED_EDGE('',*,*,#1465,.T.);
#302=ORIENTED_EDGE('',*,*,#1466,.F.);
#303=ORIENTED_EDGE('',*,*,#1467,.F.);
#304=ORIENTED_EDGE('',*,*,#1468,.T.);
#305=ORIENTED_EDGE('',*,*,#1469,.T.);
#306=ORIENTED_EDGE('',*,*,#1470,.F.);
#307=ORIENTED_EDGE('',*,*,#1471,.F.);
#308=ORIENTED_EDGE('',*,*,#1472,.T.);
#309=ORIENTED_EDGE('',*,*,#1473,.T.);
#310=ORIENTED_EDGE('',*,*,#1474,.F.);
#311=ORIENTED_EDGE('',*,*,#1475,.F.);
#312=ORIENTED_EDGE('',*,*,#1476,.T.);
#313=ORIENTED_EDGE('',*,*,#1477,.T.);
#314=ORIENTED_EDGE('',*,*,#1478,.F.);
#315=ORIENTED_EDGE('',*,*,#1479,.F.);
#316=ORIENTED_EDGE('',*,*,#1480,.T.);
#317=ORIENTED_EDGE('',*,*,#1481,.T.);
#318=ORIENTED_EDGE('',*,*,#1482,.F.);
#319=ORIENTED_EDGE('',*,*,#1483,.F.);
#320=ORIENTED_EDGE('',*,*,#1484,.T.);
#321=ORIENTED_EDGE('',*,*,#1485,.T.);
#322=ORIENTED_EDGE('',*,*,#1486,.F.);
#323=ORIENTED_EDGE('',*,*,#1487,.F.);
#324=ORIENTED_EDGE('',*,*,#1488,.T.);
#325=ORIENTED_EDGE('',*,*,#1489,.T.);
#326=ORIENTED_EDGE('',*,*,#1490,.F.);
#327=ORIENTED_EDGE('',*,*,#1491,.F.);
#328=ORIENTED_EDGE('',*,*,#1492,.T.);
#329=ORIENTED_EDGE('',*,*,#1493,.T.);
#330=ORIENTED_EDGE('',*,*,#1494,.F.);
#331=ORIENTED_EDGE('',*,*,#1495,.F.);
#332=ORIENTED_EDGE('',*,*,#1496,.T.);
#333=ORIENTED_EDGE('',*,*,#1497,.T.);
#334=ORIENTED_EDGE('',*,*,#1498,.F.);
#335=ORIENTED_EDGE('',*,*,#1499,.F.);
#336=ORIENTED_EDGE('',*,*,#1500,.T.);
#337=ORIENTED_EDGE('',*,*,#1501,.T.);
#338=ORIENTED_EDGE('',*,*,#1502,.F.);
#339=ORIENTED_EDGE('',*,*,#1503,.F.);
#340=ORIENTED_EDGE('',*,*,#1504,.T.);
#341=ORIENTED_EDGE('',*,*,#1505,.T.);
#342=ORIENTED_EDGE('',*,*,#1506,.F.);
#343=ORIENTED_EDGE('',*,*,#1507,.F.);
#344=ORIENTED_EDGE('',*,*,#1508,.T.);
#345=ORIENTED_EDGE('',*,*,#1509,.T.);
#346=ORIENTED_EDGE('',*,*,#1510,.F.);
#347=ORIENTED_EDGE('',*,*,#1511,.F.);
#348=ORIENTED_EDGE('',*,*,#1512,.T.);
#349=ORIENTED_EDGE('',*,*,#1513,.T.);
#350=ORIENTED_EDGE('',*,*,#1514,.F.);
#351=ORIENTED_EDGE('',*,*,#1515,.F.);
#352=ORIENTED_EDGE('',*,*,#1516,.T.);
#353=ORIENTED_EDGE('',*,*,#1517,.T.);
#354=ORIENTED_EDGE('',*,*,#1518,.F.);
#355=ORIENTED_EDGE('',*,*,#1519,.F.);
#356=ORIENTED_EDGE('',*,*,#1520,.T.);
#357=ORIENTED_EDGE('',*,*,#1521,.T.);
#358=ORIENTED_EDGE('',*,*,#1522,.F.);
#359=ORIENTED_EDGE('',*,*,#1523,.F.);
#360=ORIENTED_EDGE('',*,*,#1524,.T.);
#361=ORIENTED_EDGE('',*,*,#1525,.T.);
#362=ORIENTED_EDGE('',*,*,#1526,.F.);
#363=ORIENTED_EDGE('',*,*,#1527,.F.);
#364=ORIENTED_EDGE('',*,*,#1528,.T.);
#365=ORIENTED_EDGE('',*,*,#1529,.T.);
#366=ORIENTED_EDGE('',*,*,#1530,.F.);
#367=ORIENTED_EDGE('',*,*,#1531,.F.);
#368=ORIENTED_EDGE('',*,*,#1532,.T.);
#369=ORIENTED_EDGE('',*,*,#1533,.T.);
#370=ORIENTED_EDGE('',*,*,#1534,.F.);
#371=ORIENTED_EDGE('',*,*,#1535,.F.);
#372=ORIENTED_EDGE('',*,*,#1529,.F.);
#373=ORIENTED_EDGE('',*,*,#1536,.F.);
#374=ORIENTED_EDGE('',*,*,#1533,.F.);
#375=ORIENTED_EDGE('',*,*,#1537,.F.);
#376=ORIENTED_EDGE('',*,*,#1521,.F.);
#377=ORIENTED_EDGE('',*,*,#1538,.F.);
#378=ORIENTED_EDGE('',*,*,#1525,.F.);
#379=ORIENTED_EDGE('',*,*,#1539,.F.);
#380=ORIENTED_EDGE('',*,*,#1513,.F.);
#381=ORIENTED_EDGE('',*,*,#1540,.F.);
#382=ORIENTED_EDGE('',*,*,#1517,.F.);
#383=ORIENTED_EDGE('',*,*,#1541,.F.);
#384=ORIENTED_EDGE('',*,*,#1505,.F.);
#385=ORIENTED_EDGE('',*,*,#1542,.F.);
#386=ORIENTED_EDGE('',*,*,#1509,.F.);
#387=ORIENTED_EDGE('',*,*,#1543,.F.);
#388=ORIENTED_EDGE('',*,*,#1497,.F.);
#389=ORIENTED_EDGE('',*,*,#1544,.F.);
#390=ORIENTED_EDGE('',*,*,#1501,.F.);
#391=ORIENTED_EDGE('',*,*,#1545,.F.);
#392=ORIENTED_EDGE('',*,*,#1489,.F.);
#393=ORIENTED_EDGE('',*,*,#1546,.F.);
#394=ORIENTED_EDGE('',*,*,#1493,.F.);
#395=ORIENTED_EDGE('',*,*,#1547,.F.);
#396=ORIENTED_EDGE('',*,*,#1481,.F.);
#397=ORIENTED_EDGE('',*,*,#1548,.F.);
#398=ORIENTED_EDGE('',*,*,#1485,.F.);
#399=ORIENTED_EDGE('',*,*,#1549,.F.);
#400=ORIENTED_EDGE('',*,*,#1473,.F.);
#401=ORIENTED_EDGE('',*,*,#1550,.F.);
#402=ORIENTED_EDGE('',*,*,#1477,.F.);
#403=ORIENTED_EDGE('',*,*,#1551,.F.);
#404=ORIENTED_EDGE('',*,*,#1465,.F.);
#405=ORIENTED_EDGE('',*,*,#1552,.F.);
#406=ORIENTED_EDGE('',*,*,#1469,.F.);
#407=ORIENTED_EDGE('',*,*,#1553,.F.);
#408=ORIENTED_EDGE('',*,*,#1457,.F.);
#409=ORIENTED_EDGE('',*,*,#1554,.F.);
#410=ORIENTED_EDGE('',*,*,#1461,.F.);
#411=ORIENTED_EDGE('',*,*,#1555,.F.);
#412=ORIENTED_EDGE('',*,*,#1449,.F.);
#413=ORIENTED_EDGE('',*,*,#1556,.F.);
#414=ORIENTED_EDGE('',*,*,#1453,.F.);
#415=ORIENTED_EDGE('',*,*,#1557,.T.);
#416=ORIENTED_EDGE('',*,*,#1558,.T.);
#417=ORIENTED_EDGE('',*,*,#1559,.F.);
#418=ORIENTED_EDGE('',*,*,#1560,.T.);
#419=ORIENTED_EDGE('',*,*,#1561,.F.);
#420=ORIENTED_EDGE('',*,*,#1562,.T.);
#421=ORIENTED_EDGE('',*,*,#1563,.F.);
#422=ORIENTED_EDGE('',*,*,#1564,.T.);
#423=ORIENTED_EDGE('',*,*,#1565,.F.);
#424=ORIENTED_EDGE('',*,*,#1566,.T.);
#425=ORIENTED_EDGE('',*,*,#1567,.T.);
#426=ORIENTED_EDGE('',*,*,#1568,.F.);
#427=ORIENTED_EDGE('',*,*,#1569,.F.);
#428=ORIENTED_EDGE('',*,*,#1570,.T.);
#429=ORIENTED_EDGE('',*,*,#1571,.T.);
#430=ORIENTED_EDGE('',*,*,#1572,.F.);
#431=ORIENTED_EDGE('',*,*,#1573,.F.);
#432=ORIENTED_EDGE('',*,*,#1574,.T.);
#433=ORIENTED_EDGE('',*,*,#1575,.T.);
#434=ORIENTED_EDGE('',*,*,#1576,.F.);
#435=ORIENTED_EDGE('',*,*,#1577,.F.);
#436=ORIENTED_EDGE('',*,*,#1578,.T.);
#437=ORIENTED_EDGE('',*,*,#1579,.T.);
#438=ORIENTED_EDGE('',*,*,#1580,.F.);
#439=ORIENTED_EDGE('',*,*,#1581,.F.);
#440=ORIENTED_EDGE('',*,*,#1582,.T.);
#441=ORIENTED_EDGE('',*,*,#1583,.T.);
#442=ORIENTED_EDGE('',*,*,#1584,.F.);
#443=ORIENTED_EDGE('',*,*,#1585,.F.);
#444=ORIENTED_EDGE('',*,*,#1586,.T.);
#445=ORIENTED_EDGE('',*,*,#1587,.T.);
#446=ORIENTED_EDGE('',*,*,#1588,.F.);
#447=ORIENTED_EDGE('',*,*,#1589,.F.);
#448=ORIENTED_EDGE('',*,*,#1590,.T.);
#449=ORIENTED_EDGE('',*,*,#1591,.T.);
#450=ORIENTED_EDGE('',*,*,#1592,.F.);
#451=ORIENTED_EDGE('',*,*,#1593,.F.);
#452=ORIENTED_EDGE('',*,*,#1594,.T.);
#453=ORIENTED_EDGE('',*,*,#1595,.T.);
#454=ORIENTED_EDGE('',*,*,#1596,.F.);
#455=ORIENTED_EDGE('',*,*,#1597,.F.);
#456=ORIENTED_EDGE('',*,*,#1598,.T.);
#457=ORIENTED_EDGE('',*,*,#1599,.T.);
#458=ORIENTED_EDGE('',*,*,#1600,.F.);
#459=ORIENTED_EDGE('',*,*,#1601,.F.);
#460=ORIENTED_EDGE('',*,*,#1602,.T.);
#461=ORIENTED_EDGE('',*,*,#1603,.T.);
#462=ORIENTED_EDGE('',*,*,#1604,.F.);
#463=ORIENTED_EDGE('',*,*,#1605,.T.);
#464=ORIENTED_EDGE('',*,*,#1606,.T.);
#465=ORIENTED_EDGE('',*,*,#1607,.T.);
#466=ORIENTED_EDGE('',*,*,#1608,.F.);
#467=ORIENTED_EDGE('',*,*,#1609,.T.);
#468=ORIENTED_EDGE('',*,*,#1605,.F.);
#469=ORIENTED_EDGE('',*,*,#1610,.F.);
#470=ORIENTED_EDGE('',*,*,#1611,.T.);
#471=ORIENTED_EDGE('',*,*,#1612,.T.);
#472=ORIENTED_EDGE('',*,*,#1613,.F.);
#473=ORIENTED_EDGE('',*,*,#1614,.T.);
#474=ORIENTED_EDGE('',*,*,#1615,.T.);
#475=ORIENTED_EDGE('',*,*,#1616,.T.);
#476=ORIENTED_EDGE('',*,*,#1617,.T.);
#477=ORIENTED_EDGE('',*,*,#1618,.T.);
#478=ORIENTED_EDGE('',*,*,#1614,.F.);
#479=ORIENTED_EDGE('',*,*,#1619,.T.);
#480=ORIENTED_EDGE('',*,*,#1620,.F.);
#481=ORIENTED_EDGE('',*,*,#1621,.T.);
#482=ORIENTED_EDGE('',*,*,#1622,.T.);
#483=ORIENTED_EDGE('',*,*,#1623,.T.);
#484=ORIENTED_EDGE('',*,*,#1624,.T.);
#485=ORIENTED_EDGE('',*,*,#1625,.T.);
#486=ORIENTED_EDGE('',*,*,#1621,.F.);
#487=ORIENTED_EDGE('',*,*,#1626,.T.);
#488=ORIENTED_EDGE('',*,*,#1627,.F.);
#489=ORIENTED_EDGE('',*,*,#1628,.T.);
#490=ORIENTED_EDGE('',*,*,#1629,.T.);
#491=ORIENTED_EDGE('',*,*,#1630,.T.);
#492=ORIENTED_EDGE('',*,*,#1631,.T.);
#493=ORIENTED_EDGE('',*,*,#1632,.T.);
#494=ORIENTED_EDGE('',*,*,#1628,.F.);
#495=ORIENTED_EDGE('',*,*,#1633,.T.);
#496=ORIENTED_EDGE('',*,*,#1634,.F.);
#497=ORIENTED_EDGE('',*,*,#1635,.T.);
#498=ORIENTED_EDGE('',*,*,#1636,.T.);
#499=ORIENTED_EDGE('',*,*,#1637,.T.);
#500=ORIENTED_EDGE('',*,*,#1638,.T.);
#501=ORIENTED_EDGE('',*,*,#1639,.T.);
#502=ORIENTED_EDGE('',*,*,#1635,.F.);
#503=ORIENTED_EDGE('',*,*,#1640,.F.);
#504=ORIENTED_EDGE('',*,*,#1641,.T.);
#505=ORIENTED_EDGE('',*,*,#1642,.T.);
#506=ORIENTED_EDGE('',*,*,#1643,.F.);
#507=ORIENTED_EDGE('',*,*,#1644,.F.);
#508=ORIENTED_EDGE('',*,*,#1645,.T.);
#509=ORIENTED_EDGE('',*,*,#1646,.T.);
#510=ORIENTED_EDGE('',*,*,#1647,.F.);
#511=ORIENTED_EDGE('',*,*,#1648,.T.);
#512=ORIENTED_EDGE('',*,*,#1649,.F.);
#513=ORIENTED_EDGE('',*,*,#1650,.T.);
#514=ORIENTED_EDGE('',*,*,#1651,.T.);
#515=ORIENTED_EDGE('',*,*,#1652,.T.);
#516=ORIENTED_EDGE('',*,*,#1653,.T.);
#517=ORIENTED_EDGE('',*,*,#1654,.T.);
#518=ORIENTED_EDGE('',*,*,#1650,.F.);
#519=ORIENTED_EDGE('',*,*,#1655,.T.);
#520=ORIENTED_EDGE('',*,*,#1656,.F.);
#521=ORIENTED_EDGE('',*,*,#1657,.F.);
#522=ORIENTED_EDGE('',*,*,#1611,.F.);
#523=ORIENTED_EDGE('',*,*,#1658,.T.);
#524=ORIENTED_EDGE('',*,*,#1659,.T.);
#525=ORIENTED_EDGE('',*,*,#1660,.T.);
#526=ORIENTED_EDGE('',*,*,#1661,.F.);
#527=ORIENTED_EDGE('',*,*,#1662,.T.);
#528=ORIENTED_EDGE('',*,*,#1663,.T.);
#529=ORIENTED_EDGE('',*,*,#1664,.T.);
#530=ORIENTED_EDGE('',*,*,#1665,.F.);
#531=ORIENTED_EDGE('',*,*,#1666,.T.);
#532=ORIENTED_EDGE('',*,*,#1667,.T.);
#533=ORIENTED_EDGE('',*,*,#1668,.T.);
#534=ORIENTED_EDGE('',*,*,#1669,.F.);
#535=ORIENTED_EDGE('',*,*,#1670,.T.);
#536=ORIENTED_EDGE('',*,*,#1671,.T.);
#537=ORIENTED_EDGE('',*,*,#1672,.T.);
#538=ORIENTED_EDGE('',*,*,#1673,.F.);
#539=ORIENTED_EDGE('',*,*,#1674,.T.);
#540=ORIENTED_EDGE('',*,*,#1675,.T.);
#541=ORIENTED_EDGE('',*,*,#1676,.T.);
#542=ORIENTED_EDGE('',*,*,#1677,.F.);
#543=ORIENTED_EDGE('',*,*,#1678,.T.);
#544=ORIENTED_EDGE('',*,*,#1679,.T.);
#545=ORIENTED_EDGE('',*,*,#1680,.T.);
#546=ORIENTED_EDGE('',*,*,#1681,.F.);
#547=ORIENTED_EDGE('',*,*,#1682,.T.);
#548=ORIENTED_EDGE('',*,*,#1683,.T.);
#549=ORIENTED_EDGE('',*,*,#1684,.T.);
#550=ORIENTED_EDGE('',*,*,#1685,.F.);
#551=ORIENTED_EDGE('',*,*,#1686,.T.);
#552=ORIENTED_EDGE('',*,*,#1687,.T.);
#553=ORIENTED_EDGE('',*,*,#1688,.T.);
#554=ORIENTED_EDGE('',*,*,#1689,.F.);
#555=ORIENTED_EDGE('',*,*,#1690,.T.);
#556=ORIENTED_EDGE('',*,*,#1691,.T.);
#557=ORIENTED_EDGE('',*,*,#1692,.T.);
#558=ORIENTED_EDGE('',*,*,#1693,.F.);
#559=ORIENTED_EDGE('',*,*,#1694,.T.);
#560=ORIENTED_EDGE('',*,*,#1695,.T.);
#561=ORIENTED_EDGE('',*,*,#1696,.T.);
#562=ORIENTED_EDGE('',*,*,#1697,.F.);
#563=ORIENTED_EDGE('',*,*,#1698,.T.);
#564=ORIENTED_EDGE('',*,*,#1699,.T.);
#565=ORIENTED_EDGE('',*,*,#1700,.T.);
#566=ORIENTED_EDGE('',*,*,#1701,.F.);
#567=ORIENTED_EDGE('',*,*,#1702,.F.);
#568=ORIENTED_EDGE('',*,*,#1703,.F.);
#569=ORIENTED_EDGE('',*,*,#1704,.F.);
#570=ORIENTED_EDGE('',*,*,#1653,.F.);
#571=ORIENTED_EDGE('',*,*,#1705,.F.);
#572=ORIENTED_EDGE('',*,*,#1706,.F.);
#573=ORIENTED_EDGE('',*,*,#1707,.F.);
#574=ORIENTED_EDGE('',*,*,#1638,.F.);
#575=ORIENTED_EDGE('',*,*,#1708,.F.);
#576=ORIENTED_EDGE('',*,*,#1709,.F.);
#577=ORIENTED_EDGE('',*,*,#1710,.F.);
#578=ORIENTED_EDGE('',*,*,#1631,.F.);
#579=ORIENTED_EDGE('',*,*,#1711,.F.);
#580=ORIENTED_EDGE('',*,*,#1712,.F.);
#581=ORIENTED_EDGE('',*,*,#1713,.F.);
#582=ORIENTED_EDGE('',*,*,#1624,.F.);
#583=ORIENTED_EDGE('',*,*,#1714,.F.);
#584=ORIENTED_EDGE('',*,*,#1715,.F.);
#585=ORIENTED_EDGE('',*,*,#1716,.F.);
#586=ORIENTED_EDGE('',*,*,#1617,.F.);
#587=ORIENTED_EDGE('',*,*,#1717,.F.);
#588=ORIENTED_EDGE('',*,*,#1718,.T.);
#589=ORIENTED_EDGE('',*,*,#1719,.F.);
#590=ORIENTED_EDGE('',*,*,#1720,.T.);
#591=ORIENTED_EDGE('',*,*,#1721,.T.);
#592=ORIENTED_EDGE('',*,*,#1722,.T.);
#593=ORIENTED_EDGE('',*,*,#1723,.T.);
#594=ORIENTED_EDGE('',*,*,#1724,.F.);
#595=ORIENTED_EDGE('',*,*,#1725,.T.);
#596=ORIENTED_EDGE('',*,*,#1726,.T.);
#597=ORIENTED_EDGE('',*,*,#1727,.T.);
#598=ORIENTED_EDGE('',*,*,#1728,.T.);
#599=ORIENTED_EDGE('',*,*,#1612,.F.);
#600=ORIENTED_EDGE('',*,*,#1729,.T.);
#601=ORIENTED_EDGE('',*,*,#1730,.T.);
#602=ORIENTED_EDGE('',*,*,#1731,.T.);
#603=ORIENTED_EDGE('',*,*,#1619,.F.);
#604=ORIENTED_EDGE('',*,*,#1732,.T.);
#605=ORIENTED_EDGE('',*,*,#1733,.T.);
#606=ORIENTED_EDGE('',*,*,#1734,.T.);
#607=ORIENTED_EDGE('',*,*,#1626,.F.);
#608=ORIENTED_EDGE('',*,*,#1735,.T.);
#609=ORIENTED_EDGE('',*,*,#1736,.T.);
#610=ORIENTED_EDGE('',*,*,#1737,.T.);
#611=ORIENTED_EDGE('',*,*,#1633,.F.);
#612=ORIENTED_EDGE('',*,*,#1738,.T.);
#613=ORIENTED_EDGE('',*,*,#1739,.T.);
#614=ORIENTED_EDGE('',*,*,#1740,.T.);
#615=ORIENTED_EDGE('',*,*,#1648,.F.);
#616=ORIENTED_EDGE('',*,*,#1741,.T.);
#617=ORIENTED_EDGE('',*,*,#1742,.T.);
#618=ORIENTED_EDGE('',*,*,#1743,.T.);
#619=ORIENTED_EDGE('',*,*,#1718,.F.);
#620=ORIENTED_EDGE('',*,*,#1744,.F.);
#621=ORIENTED_EDGE('',*,*,#1745,.F.);
#622=ORIENTED_EDGE('',*,*,#1746,.F.);
#623=ORIENTED_EDGE('',*,*,#1747,.F.);
#624=ORIENTED_EDGE('',*,*,#1748,.F.);
#625=ORIENTED_EDGE('',*,*,#1749,.F.);
#626=ORIENTED_EDGE('',*,*,#1750,.F.);
#627=ORIENTED_EDGE('',*,*,#1751,.F.);
#628=ORIENTED_EDGE('',*,*,#1752,.F.);
#629=ORIENTED_EDGE('',*,*,#1753,.F.);
#630=ORIENTED_EDGE('',*,*,#1754,.F.);
#631=ORIENTED_EDGE('',*,*,#1755,.F.);
#632=ORIENTED_EDGE('',*,*,#1756,.F.);
#633=ORIENTED_EDGE('',*,*,#1757,.F.);
#634=ORIENTED_EDGE('',*,*,#1758,.F.);
#635=ORIENTED_EDGE('',*,*,#1759,.F.);
#636=ORIENTED_EDGE('',*,*,#1760,.F.);
#637=ORIENTED_EDGE('',*,*,#1761,.F.);
#638=ORIENTED_EDGE('',*,*,#1762,.F.);
#639=ORIENTED_EDGE('',*,*,#1763,.F.);
#640=ORIENTED_EDGE('',*,*,#1764,.F.);
#641=ORIENTED_EDGE('',*,*,#1765,.F.);
#642=ORIENTED_EDGE('',*,*,#1766,.F.);
#643=ORIENTED_EDGE('',*,*,#1767,.F.);
#644=ORIENTED_EDGE('',*,*,#1768,.F.);
#645=ORIENTED_EDGE('',*,*,#1769,.F.);
#646=ORIENTED_EDGE('',*,*,#1770,.F.);
#647=ORIENTED_EDGE('',*,*,#1771,.F.);
#648=ORIENTED_EDGE('',*,*,#1772,.F.);
#649=ORIENTED_EDGE('',*,*,#1773,.F.);
#650=ORIENTED_EDGE('',*,*,#1774,.F.);
#651=ORIENTED_EDGE('',*,*,#1775,.F.);
#652=ORIENTED_EDGE('',*,*,#1776,.F.);
#653=ORIENTED_EDGE('',*,*,#1777,.F.);
#654=ORIENTED_EDGE('',*,*,#1778,.F.);
#655=ORIENTED_EDGE('',*,*,#1779,.F.);
#656=ORIENTED_EDGE('',*,*,#1780,.F.);
#657=ORIENTED_EDGE('',*,*,#1781,.F.);
#658=ORIENTED_EDGE('',*,*,#1782,.F.);
#659=ORIENTED_EDGE('',*,*,#1723,.F.);
#660=ORIENTED_EDGE('',*,*,#1783,.F.);
#661=ORIENTED_EDGE('',*,*,#1784,.F.);
#662=ORIENTED_EDGE('',*,*,#1785,.F.);
#663=ORIENTED_EDGE('',*,*,#1607,.F.);
#664=ORIENTED_EDGE('',*,*,#1786,.T.);
#665=ORIENTED_EDGE('',*,*,#1787,.T.);
#666=ORIENTED_EDGE('',*,*,#1701,.T.);
#667=ORIENTED_EDGE('',*,*,#1788,.F.);
#668=ORIENTED_EDGE('',*,*,#1720,.F.);
#669=ORIENTED_EDGE('',*,*,#1661,.T.);
#670=ORIENTED_EDGE('',*,*,#1789,.F.);
#671=ORIENTED_EDGE('',*,*,#1725,.F.);
#672=ORIENTED_EDGE('',*,*,#1790,.F.);
#673=ORIENTED_EDGE('',*,*,#1791,.T.);
#674=ORIENTED_EDGE('',*,*,#1779,.T.);
#675=ORIENTED_EDGE('',*,*,#1792,.F.);
#676=ORIENTED_EDGE('',*,*,#1793,.T.);
#677=ORIENTED_EDGE('',*,*,#1665,.T.);
#678=ORIENTED_EDGE('',*,*,#1794,.F.);
#679=ORIENTED_EDGE('',*,*,#1793,.F.);
#680=ORIENTED_EDGE('',*,*,#1795,.F.);
#681=ORIENTED_EDGE('',*,*,#1796,.T.);
#682=ORIENTED_EDGE('',*,*,#1775,.T.);
#683=ORIENTED_EDGE('',*,*,#1797,.F.);
#684=ORIENTED_EDGE('',*,*,#1798,.T.);
#685=ORIENTED_EDGE('',*,*,#1669,.T.);
#686=ORIENTED_EDGE('',*,*,#1799,.F.);
#687=ORIENTED_EDGE('',*,*,#1798,.F.);
#688=ORIENTED_EDGE('',*,*,#1800,.F.);
#689=ORIENTED_EDGE('',*,*,#1801,.T.);
#690=ORIENTED_EDGE('',*,*,#1771,.T.);
#691=ORIENTED_EDGE('',*,*,#1802,.F.);
#692=ORIENTED_EDGE('',*,*,#1803,.T.);
#693=ORIENTED_EDGE('',*,*,#1673,.T.);
#694=ORIENTED_EDGE('',*,*,#1804,.F.);
#695=ORIENTED_EDGE('',*,*,#1803,.F.);
#696=ORIENTED_EDGE('',*,*,#1805,.F.);
#697=ORIENTED_EDGE('',*,*,#1806,.T.);
#698=ORIENTED_EDGE('',*,*,#1767,.T.);
#699=ORIENTED_EDGE('',*,*,#1807,.F.);
#700=ORIENTED_EDGE('',*,*,#1808,.T.);
#701=ORIENTED_EDGE('',*,*,#1677,.T.);
#702=ORIENTED_EDGE('',*,*,#1809,.F.);
#703=ORIENTED_EDGE('',*,*,#1808,.F.);
#704=ORIENTED_EDGE('',*,*,#1810,.F.);
#705=ORIENTED_EDGE('',*,*,#1811,.T.);
#706=ORIENTED_EDGE('',*,*,#1763,.T.);
#707=ORIENTED_EDGE('',*,*,#1812,.F.);
#708=ORIENTED_EDGE('',*,*,#1813,.T.);
#709=ORIENTED_EDGE('',*,*,#1681,.T.);
#710=ORIENTED_EDGE('',*,*,#1814,.F.);
#711=ORIENTED_EDGE('',*,*,#1813,.F.);
#712=ORIENTED_EDGE('',*,*,#1815,.F.);
#713=ORIENTED_EDGE('',*,*,#1816,.T.);
#714=ORIENTED_EDGE('',*,*,#1759,.T.);
#715=ORIENTED_EDGE('',*,*,#1817,.F.);
#716=ORIENTED_EDGE('',*,*,#1818,.T.);
#717=ORIENTED_EDGE('',*,*,#1685,.T.);
#718=ORIENTED_EDGE('',*,*,#1819,.F.);
#719=ORIENTED_EDGE('',*,*,#1818,.F.);
#720=ORIENTED_EDGE('',*,*,#1820,.F.);
#721=ORIENTED_EDGE('',*,*,#1821,.T.);
#722=ORIENTED_EDGE('',*,*,#1755,.T.);
#723=ORIENTED_EDGE('',*,*,#1822,.F.);
#724=ORIENTED_EDGE('',*,*,#1823,.T.);
#725=ORIENTED_EDGE('',*,*,#1689,.T.);
#726=ORIENTED_EDGE('',*,*,#1824,.F.);
#727=ORIENTED_EDGE('',*,*,#1823,.F.);
#728=ORIENTED_EDGE('',*,*,#1825,.F.);
#729=ORIENTED_EDGE('',*,*,#1826,.T.);
#730=ORIENTED_EDGE('',*,*,#1751,.T.);
#731=ORIENTED_EDGE('',*,*,#1827,.F.);
#732=ORIENTED_EDGE('',*,*,#1828,.T.);
#733=ORIENTED_EDGE('',*,*,#1693,.T.);
#734=ORIENTED_EDGE('',*,*,#1829,.F.);
#735=ORIENTED_EDGE('',*,*,#1828,.F.);
#736=ORIENTED_EDGE('',*,*,#1830,.F.);
#737=ORIENTED_EDGE('',*,*,#1831,.T.);
#738=ORIENTED_EDGE('',*,*,#1747,.T.);
#739=ORIENTED_EDGE('',*,*,#1832,.F.);
#740=ORIENTED_EDGE('',*,*,#1833,.T.);
#741=ORIENTED_EDGE('',*,*,#1697,.T.);
#742=ORIENTED_EDGE('',*,*,#1834,.F.);
#743=ORIENTED_EDGE('',*,*,#1833,.F.);
#744=ORIENTED_EDGE('',*,*,#1835,.F.);
#745=ORIENTED_EDGE('',*,*,#1836,.T.);
#746=ORIENTED_EDGE('',*,*,#1837,.F.);
#747=ORIENTED_EDGE('',*,*,#1558,.F.);
#748=ORIENTED_EDGE('',*,*,#1838,.T.);
#749=ORIENTED_EDGE('',*,*,#1564,.F.);
#750=ORIENTED_EDGE('',*,*,#1839,.F.);
#751=ORIENTED_EDGE('',*,*,#1562,.F.);
#752=ORIENTED_EDGE('',*,*,#1840,.F.);
#753=ORIENTED_EDGE('',*,*,#1560,.F.);
#754=ORIENTED_EDGE('',*,*,#1841,.F.);
#755=ORIENTED_EDGE('',*,*,#1842,.F.);
#756=ORIENTED_EDGE('',*,*,#1567,.F.);
#757=ORIENTED_EDGE('',*,*,#1843,.F.);
#758=ORIENTED_EDGE('',*,*,#1571,.F.);
#759=ORIENTED_EDGE('',*,*,#1844,.F.);
#760=ORIENTED_EDGE('',*,*,#1575,.F.);
#761=ORIENTED_EDGE('',*,*,#1845,.F.);
#762=ORIENTED_EDGE('',*,*,#1579,.F.);
#763=ORIENTED_EDGE('',*,*,#1846,.F.);
#764=ORIENTED_EDGE('',*,*,#1583,.F.);
#765=ORIENTED_EDGE('',*,*,#1847,.F.);
#766=ORIENTED_EDGE('',*,*,#1587,.F.);
#767=ORIENTED_EDGE('',*,*,#1848,.F.);
#768=ORIENTED_EDGE('',*,*,#1591,.F.);
#769=ORIENTED_EDGE('',*,*,#1849,.F.);
#770=ORIENTED_EDGE('',*,*,#1595,.F.);
#771=ORIENTED_EDGE('',*,*,#1850,.F.);
#772=ORIENTED_EDGE('',*,*,#1599,.F.);
#773=ORIENTED_EDGE('',*,*,#1851,.F.);
#774=ORIENTED_EDGE('',*,*,#1603,.F.);
#775=ORIENTED_EDGE('',*,*,#1852,.F.);
#776=ORIENTED_EDGE('',*,*,#1642,.F.);
#777=ORIENTED_EDGE('',*,*,#1853,.F.);
#778=ORIENTED_EDGE('',*,*,#1646,.F.);
#779=ORIENTED_EDGE('',*,*,#1854,.T.);
#780=ORIENTED_EDGE('',*,*,#1561,.T.);
#781=ORIENTED_EDGE('',*,*,#1840,.T.);
#782=ORIENTED_EDGE('',*,*,#1655,.F.);
#783=ORIENTED_EDGE('',*,*,#1855,.T.);
#784=ORIENTED_EDGE('',*,*,#1855,.F.);
#785=ORIENTED_EDGE('',*,*,#1856,.T.);
#786=ORIENTED_EDGE('',*,*,#1856,.F.);
#787=ORIENTED_EDGE('',*,*,#1837,.T.);
#788=ORIENTED_EDGE('',*,*,#1857,.T.);
#789=ORIENTED_EDGE('',*,*,#1858,.T.);
#790=ORIENTED_EDGE('',*,*,#1859,.F.);
#791=ORIENTED_EDGE('',*,*,#1860,.F.);
#792=ORIENTED_EDGE('',*,*,#1861,.F.);
#793=ORIENTED_EDGE('',*,*,#1862,.T.);
#794=ORIENTED_EDGE('',*,*,#1863,.F.);
#795=ORIENTED_EDGE('',*,*,#1864,.F.);
#796=ORIENTED_EDGE('',*,*,#1865,.F.);
#797=ORIENTED_EDGE('',*,*,#1866,.T.);
#798=ORIENTED_EDGE('',*,*,#1867,.F.);
#799=ORIENTED_EDGE('',*,*,#1868,.F.);
#800=ORIENTED_EDGE('',*,*,#1869,.F.);
#801=ORIENTED_EDGE('',*,*,#1870,.T.);
#802=ORIENTED_EDGE('',*,*,#1871,.F.);
#803=ORIENTED_EDGE('',*,*,#1872,.F.);
#804=ORIENTED_EDGE('',*,*,#1873,.F.);
#805=ORIENTED_EDGE('',*,*,#1874,.T.);
#806=ORIENTED_EDGE('',*,*,#1875,.F.);
#807=ORIENTED_EDGE('',*,*,#1876,.F.);
#808=ORIENTED_EDGE('',*,*,#1877,.F.);
#809=ORIENTED_EDGE('',*,*,#1878,.T.);
#810=ORIENTED_EDGE('',*,*,#1879,.F.);
#811=ORIENTED_EDGE('',*,*,#1880,.F.);
#812=ORIENTED_EDGE('',*,*,#1881,.F.);
#813=ORIENTED_EDGE('',*,*,#1882,.T.);
#814=ORIENTED_EDGE('',*,*,#1883,.F.);
#815=ORIENTED_EDGE('',*,*,#1884,.F.);
#816=ORIENTED_EDGE('',*,*,#1885,.T.);
#817=ORIENTED_EDGE('',*,*,#1886,.F.);
#818=ORIENTED_EDGE('',*,*,#1887,.F.);
#819=ORIENTED_EDGE('',*,*,#1888,.F.);
#820=ORIENTED_EDGE('',*,*,#1889,.T.);
#821=ORIENTED_EDGE('',*,*,#1890,.F.);
#822=ORIENTED_EDGE('',*,*,#1891,.F.);
#823=ORIENTED_EDGE('',*,*,#1892,.F.);
#824=ORIENTED_EDGE('',*,*,#1893,.T.);
#825=ORIENTED_EDGE('',*,*,#1894,.F.);
#826=ORIENTED_EDGE('',*,*,#1895,.F.);
#827=ORIENTED_EDGE('',*,*,#1896,.F.);
#828=ORIENTED_EDGE('',*,*,#1897,.T.);
#829=ORIENTED_EDGE('',*,*,#1898,.F.);
#830=ORIENTED_EDGE('',*,*,#1899,.F.);
#831=ORIENTED_EDGE('',*,*,#1900,.F.);
#832=ORIENTED_EDGE('',*,*,#1901,.T.);
#833=ORIENTED_EDGE('',*,*,#1902,.F.);
#834=ORIENTED_EDGE('',*,*,#1903,.F.);
#835=ORIENTED_EDGE('',*,*,#1904,.F.);
#836=ORIENTED_EDGE('',*,*,#1905,.T.);
#837=ORIENTED_EDGE('',*,*,#1906,.F.);
#838=ORIENTED_EDGE('',*,*,#1907,.F.);
#839=ORIENTED_EDGE('',*,*,#1908,.F.);
#840=ORIENTED_EDGE('',*,*,#1909,.T.);
#841=ORIENTED_EDGE('',*,*,#1910,.F.);
#842=ORIENTED_EDGE('',*,*,#1911,.F.);
#843=ORIENTED_EDGE('',*,*,#1912,.F.);
#844=ORIENTED_EDGE('',*,*,#1913,.T.);
#845=ORIENTED_EDGE('',*,*,#1914,.F.);
#846=ORIENTED_EDGE('',*,*,#1915,.F.);
#847=ORIENTED_EDGE('',*,*,#1916,.F.);
#848=ORIENTED_EDGE('',*,*,#1917,.T.);
#849=ORIENTED_EDGE('',*,*,#1918,.F.);
#850=ORIENTED_EDGE('',*,*,#1919,.F.);
#851=ORIENTED_EDGE('',*,*,#1920,.F.);
#852=ORIENTED_EDGE('',*,*,#1921,.T.);
#853=ORIENTED_EDGE('',*,*,#1922,.F.);
#854=ORIENTED_EDGE('',*,*,#1923,.F.);
#855=ORIENTED_EDGE('',*,*,#1924,.F.);
#856=ORIENTED_EDGE('',*,*,#1925,.T.);
#857=ORIENTED_EDGE('',*,*,#1926,.F.);
#858=ORIENTED_EDGE('',*,*,#1786,.F.);
#859=ORIENTED_EDGE('',*,*,#1854,.F.);
#860=ORIENTED_EDGE('',*,*,#1926,.T.);
#861=ORIENTED_EDGE('',*,*,#1927,.T.);
#862=ORIENTED_EDGE('',*,*,#1530,.T.);
#863=ORIENTED_EDGE('',*,*,#1535,.T.);
#864=ORIENTED_EDGE('',*,*,#1532,.F.);
#865=ORIENTED_EDGE('',*,*,#1928,.T.);
#866=ORIENTED_EDGE('',*,*,#1924,.T.);
#867=ORIENTED_EDGE('',*,*,#1929,.F.);
#868=ORIENTED_EDGE('',*,*,#1534,.T.);
#869=ORIENTED_EDGE('',*,*,#1536,.T.);
#870=ORIENTED_EDGE('',*,*,#1528,.F.);
#871=ORIENTED_EDGE('',*,*,#1930,.F.);
#872=ORIENTED_EDGE('',*,*,#1746,.T.);
#873=ORIENTED_EDGE('',*,*,#1931,.F.);
#874=ORIENTED_EDGE('',*,*,#1698,.F.);
#875=ORIENTED_EDGE('',*,*,#1835,.T.);
#876=ORIENTED_EDGE('',*,*,#1832,.T.);
#877=ORIENTED_EDGE('',*,*,#1744,.T.);
#878=ORIENTED_EDGE('',*,*,#1721,.F.);
#879=ORIENTED_EDGE('',*,*,#1788,.T.);
#880=ORIENTED_EDGE('',*,*,#1700,.F.);
#881=ORIENTED_EDGE('',*,*,#1932,.T.);
#882=ORIENTED_EDGE('',*,*,#1931,.T.);
#883=ORIENTED_EDGE('',*,*,#1745,.T.);
#884=ORIENTED_EDGE('',*,*,#1932,.F.);
#885=ORIENTED_EDGE('',*,*,#1699,.F.);
#886=ORIENTED_EDGE('',*,*,#1922,.T.);
#887=ORIENTED_EDGE('',*,*,#1933,.T.);
#888=ORIENTED_EDGE('',*,*,#1522,.T.);
#889=ORIENTED_EDGE('',*,*,#1537,.T.);
#890=ORIENTED_EDGE('',*,*,#1524,.F.);
#891=ORIENTED_EDGE('',*,*,#1934,.T.);
#892=ORIENTED_EDGE('',*,*,#1920,.T.);
#893=ORIENTED_EDGE('',*,*,#1935,.F.);
#894=ORIENTED_EDGE('',*,*,#1526,.T.);
#895=ORIENTED_EDGE('',*,*,#1538,.T.);
#896=ORIENTED_EDGE('',*,*,#1520,.F.);
#897=ORIENTED_EDGE('',*,*,#1936,.F.);
#898=ORIENTED_EDGE('',*,*,#1918,.T.);
#899=ORIENTED_EDGE('',*,*,#1937,.T.);
#900=ORIENTED_EDGE('',*,*,#1514,.T.);
#901=ORIENTED_EDGE('',*,*,#1539,.T.);
#902=ORIENTED_EDGE('',*,*,#1516,.F.);
#903=ORIENTED_EDGE('',*,*,#1938,.T.);
#904=ORIENTED_EDGE('',*,*,#1916,.T.);
#905=ORIENTED_EDGE('',*,*,#1939,.F.);
#906=ORIENTED_EDGE('',*,*,#1518,.T.);
#907=ORIENTED_EDGE('',*,*,#1540,.T.);
#908=ORIENTED_EDGE('',*,*,#1512,.F.);
#909=ORIENTED_EDGE('',*,*,#1940,.F.);
#910=ORIENTED_EDGE('',*,*,#1914,.T.);
#911=ORIENTED_EDGE('',*,*,#1941,.T.);
#912=ORIENTED_EDGE('',*,*,#1506,.T.);
#913=ORIENTED_EDGE('',*,*,#1541,.T.);
#914=ORIENTED_EDGE('',*,*,#1508,.F.);
#915=ORIENTED_EDGE('',*,*,#1942,.T.);
#916=ORIENTED_EDGE('',*,*,#1912,.T.);
#917=ORIENTED_EDGE('',*,*,#1943,.F.);
#918=ORIENTED_EDGE('',*,*,#1510,.T.);
#919=ORIENTED_EDGE('',*,*,#1542,.T.);
#920=ORIENTED_EDGE('',*,*,#1504,.F.);
#921=ORIENTED_EDGE('',*,*,#1944,.F.);
#922=ORIENTED_EDGE('',*,*,#1910,.T.);
#923=ORIENTED_EDGE('',*,*,#1945,.T.);
#924=ORIENTED_EDGE('',*,*,#1498,.T.);
#925=ORIENTED_EDGE('',*,*,#1543,.T.);
#926=ORIENTED_EDGE('',*,*,#1500,.F.);
#927=ORIENTED_EDGE('',*,*,#1946,.T.);
#928=ORIENTED_EDGE('',*,*,#1908,.T.);
#929=ORIENTED_EDGE('',*,*,#1947,.F.);
#930=ORIENTED_EDGE('',*,*,#1502,.T.);
#931=ORIENTED_EDGE('',*,*,#1544,.T.);
#932=ORIENTED_EDGE('',*,*,#1496,.F.);
#933=ORIENTED_EDGE('',*,*,#1948,.F.);
#934=ORIENTED_EDGE('',*,*,#1906,.T.);
#935=ORIENTED_EDGE('',*,*,#1949,.T.);
#936=ORIENTED_EDGE('',*,*,#1490,.T.);
#937=ORIENTED_EDGE('',*,*,#1545,.T.);
#938=ORIENTED_EDGE('',*,*,#1492,.F.);
#939=ORIENTED_EDGE('',*,*,#1950,.T.);
#940=ORIENTED_EDGE('',*,*,#1904,.T.);
#941=ORIENTED_EDGE('',*,*,#1951,.F.);
#942=ORIENTED_EDGE('',*,*,#1494,.T.);
#943=ORIENTED_EDGE('',*,*,#1546,.T.);
#944=ORIENTED_EDGE('',*,*,#1488,.F.);
#945=ORIENTED_EDGE('',*,*,#1952,.F.);
#946=ORIENTED_EDGE('',*,*,#1902,.T.);
#947=ORIENTED_EDGE('',*,*,#1953,.T.);
#948=ORIENTED_EDGE('',*,*,#1482,.T.);
#949=ORIENTED_EDGE('',*,*,#1547,.T.);
#950=ORIENTED_EDGE('',*,*,#1484,.F.);
#951=ORIENTED_EDGE('',*,*,#1954,.T.);
#952=ORIENTED_EDGE('',*,*,#1900,.T.);
#953=ORIENTED_EDGE('',*,*,#1955,.F.);
#954=ORIENTED_EDGE('',*,*,#1486,.T.);
#955=ORIENTED_EDGE('',*,*,#1548,.T.);
#956=ORIENTED_EDGE('',*,*,#1480,.F.);
#957=ORIENTED_EDGE('',*,*,#1956,.F.);
#958=ORIENTED_EDGE('',*,*,#1898,.T.);
#959=ORIENTED_EDGE('',*,*,#1957,.T.);
#960=ORIENTED_EDGE('',*,*,#1474,.T.);
#961=ORIENTED_EDGE('',*,*,#1549,.T.);
#962=ORIENTED_EDGE('',*,*,#1476,.F.);
#963=ORIENTED_EDGE('',*,*,#1958,.T.);
#964=ORIENTED_EDGE('',*,*,#1896,.T.);
#965=ORIENTED_EDGE('',*,*,#1959,.F.);
#966=ORIENTED_EDGE('',*,*,#1478,.T.);
#967=ORIENTED_EDGE('',*,*,#1550,.T.);
#968=ORIENTED_EDGE('',*,*,#1472,.F.);
#969=ORIENTED_EDGE('',*,*,#1960,.F.);
#970=ORIENTED_EDGE('',*,*,#1894,.T.);
#971=ORIENTED_EDGE('',*,*,#1961,.T.);
#972=ORIENTED_EDGE('',*,*,#1466,.T.);
#973=ORIENTED_EDGE('',*,*,#1551,.T.);
#974=ORIENTED_EDGE('',*,*,#1468,.F.);
#975=ORIENTED_EDGE('',*,*,#1962,.T.);
#976=ORIENTED_EDGE('',*,*,#1892,.T.);
#977=ORIENTED_EDGE('',*,*,#1963,.F.);
#978=ORIENTED_EDGE('',*,*,#1470,.T.);
#979=ORIENTED_EDGE('',*,*,#1552,.T.);
#980=ORIENTED_EDGE('',*,*,#1464,.F.);
#981=ORIENTED_EDGE('',*,*,#1964,.F.);
#982=ORIENTED_EDGE('',*,*,#1890,.T.);
#983=ORIENTED_EDGE('',*,*,#1965,.T.);
#984=ORIENTED_EDGE('',*,*,#1458,.T.);
#985=ORIENTED_EDGE('',*,*,#1553,.T.);
#986=ORIENTED_EDGE('',*,*,#1460,.F.);
#987=ORIENTED_EDGE('',*,*,#1966,.T.);
#988=ORIENTED_EDGE('',*,*,#1888,.T.);
#989=ORIENTED_EDGE('',*,*,#1967,.F.);
#990=ORIENTED_EDGE('',*,*,#1462,.T.);
#991=ORIENTED_EDGE('',*,*,#1554,.T.);
#992=ORIENTED_EDGE('',*,*,#1456,.F.);
#993=ORIENTED_EDGE('',*,*,#1968,.F.);
#994=ORIENTED_EDGE('',*,*,#1886,.T.);
#995=ORIENTED_EDGE('',*,*,#1969,.T.);
#996=ORIENTED_EDGE('',*,*,#1450,.T.);
#997=ORIENTED_EDGE('',*,*,#1555,.T.);
#998=ORIENTED_EDGE('',*,*,#1452,.F.);
#999=ORIENTED_EDGE('',*,*,#1970,.T.);
#1000=ORIENTED_EDGE('',*,*,#1884,.T.);
#1001=ORIENTED_EDGE('',*,*,#1971,.F.);
#1002=ORIENTED_EDGE('',*,*,#1454,.T.);
#1003=ORIENTED_EDGE('',*,*,#1556,.T.);
#1004=ORIENTED_EDGE('',*,*,#1448,.F.);
#1005=ORIENTED_EDGE('',*,*,#1972,.F.);
#1006=ORIENTED_EDGE('',*,*,#1750,.T.);
#1007=ORIENTED_EDGE('',*,*,#1973,.F.);
#1008=ORIENTED_EDGE('',*,*,#1694,.F.);
#1009=ORIENTED_EDGE('',*,*,#1830,.T.);
#1010=ORIENTED_EDGE('',*,*,#1827,.T.);
#1011=ORIENTED_EDGE('',*,*,#1748,.T.);
#1012=ORIENTED_EDGE('',*,*,#1831,.F.);
#1013=ORIENTED_EDGE('',*,*,#1834,.T.);
#1014=ORIENTED_EDGE('',*,*,#1696,.F.);
#1015=ORIENTED_EDGE('',*,*,#1974,.T.);
#1016=ORIENTED_EDGE('',*,*,#1973,.T.);
#1017=ORIENTED_EDGE('',*,*,#1749,.T.);
#1018=ORIENTED_EDGE('',*,*,#1974,.F.);
#1019=ORIENTED_EDGE('',*,*,#1695,.F.);
#1020=ORIENTED_EDGE('',*,*,#1754,.T.);
#1021=ORIENTED_EDGE('',*,*,#1975,.F.);
#1022=ORIENTED_EDGE('',*,*,#1690,.F.);
#1023=ORIENTED_EDGE('',*,*,#1825,.T.);
#1024=ORIENTED_EDGE('',*,*,#1822,.T.);
#1025=ORIENTED_EDGE('',*,*,#1752,.T.);
#1026=ORIENTED_EDGE('',*,*,#1826,.F.);
#1027=ORIENTED_EDGE('',*,*,#1829,.T.);
#1028=ORIENTED_EDGE('',*,*,#1692,.F.);
#1029=ORIENTED_EDGE('',*,*,#1976,.T.);
#1030=ORIENTED_EDGE('',*,*,#1975,.T.);
#1031=ORIENTED_EDGE('',*,*,#1753,.T.);
#1032=ORIENTED_EDGE('',*,*,#1976,.F.);
#1033=ORIENTED_EDGE('',*,*,#1691,.F.);
#1034=ORIENTED_EDGE('',*,*,#1758,.T.);
#1035=ORIENTED_EDGE('',*,*,#1977,.F.);
#1036=ORIENTED_EDGE('',*,*,#1686,.F.);
#1037=ORIENTED_EDGE('',*,*,#1820,.T.);
#1038=ORIENTED_EDGE('',*,*,#1817,.T.);
#1039=ORIENTED_EDGE('',*,*,#1756,.T.);
#1040=ORIENTED_EDGE('',*,*,#1821,.F.);
#1041=ORIENTED_EDGE('',*,*,#1824,.T.);
#1042=ORIENTED_EDGE('',*,*,#1688,.F.);
#1043=ORIENTED_EDGE('',*,*,#1978,.T.);
#1044=ORIENTED_EDGE('',*,*,#1977,.T.);
#1045=ORIENTED_EDGE('',*,*,#1757,.T.);
#1046=ORIENTED_EDGE('',*,*,#1978,.F.);
#1047=ORIENTED_EDGE('',*,*,#1687,.F.);
#1048=ORIENTED_EDGE('',*,*,#1762,.T.);
#1049=ORIENTED_EDGE('',*,*,#1979,.F.);
#1050=ORIENTED_EDGE('',*,*,#1682,.F.);
#1051=ORIENTED_EDGE('',*,*,#1815,.T.);
#1052=ORIENTED_EDGE('',*,*,#1812,.T.);
#1053=ORIENTED_EDGE('',*,*,#1760,.T.);
#1054=ORIENTED_EDGE('',*,*,#1816,.F.);
#1055=ORIENTED_EDGE('',*,*,#1819,.T.);
#1056=ORIENTED_EDGE('',*,*,#1684,.F.);
#1057=ORIENTED_EDGE('',*,*,#1980,.T.);
#1058=ORIENTED_EDGE('',*,*,#1979,.T.);
#1059=ORIENTED_EDGE('',*,*,#1761,.T.);
#1060=ORIENTED_EDGE('',*,*,#1980,.F.);
#1061=ORIENTED_EDGE('',*,*,#1683,.F.);
#1062=ORIENTED_EDGE('',*,*,#1766,.T.);
#1063=ORIENTED_EDGE('',*,*,#1981,.F.);
#1064=ORIENTED_EDGE('',*,*,#1678,.F.);
#1065=ORIENTED_EDGE('',*,*,#1810,.T.);
#1066=ORIENTED_EDGE('',*,*,#1807,.T.);
#1067=ORIENTED_EDGE('',*,*,#1764,.T.);
#1068=ORIENTED_EDGE('',*,*,#1811,.F.);
#1069=ORIENTED_EDGE('',*,*,#1814,.T.);
#1070=ORIENTED_EDGE('',*,*,#1680,.F.);
#1071=ORIENTED_EDGE('',*,*,#1982,.T.);
#1072=ORIENTED_EDGE('',*,*,#1981,.T.);
#1073=ORIENTED_EDGE('',*,*,#1765,.T.);
#1074=ORIENTED_EDGE('',*,*,#1982,.F.);
#1075=ORIENTED_EDGE('',*,*,#1679,.F.);
#1076=ORIENTED_EDGE('',*,*,#1770,.T.);
#1077=ORIENTED_EDGE('',*,*,#1983,.F.);
#1078=ORIENTED_EDGE('',*,*,#1674,.F.);
#1079=ORIENTED_EDGE('',*,*,#1805,.T.);
#1080=ORIENTED_EDGE('',*,*,#1802,.T.);
#1081=ORIENTED_EDGE('',*,*,#1768,.T.);
#1082=ORIENTED_EDGE('',*,*,#1806,.F.);
#1083=ORIENTED_EDGE('',*,*,#1809,.T.);
#1084=ORIENTED_EDGE('',*,*,#1676,.F.);
#1085=ORIENTED_EDGE('',*,*,#1984,.T.);
#1086=ORIENTED_EDGE('',*,*,#1983,.T.);
#1087=ORIENTED_EDGE('',*,*,#1769,.T.);
#1088=ORIENTED_EDGE('',*,*,#1984,.F.);
#1089=ORIENTED_EDGE('',*,*,#1675,.F.);
#1090=ORIENTED_EDGE('',*,*,#1774,.T.);
#1091=ORIENTED_EDGE('',*,*,#1985,.F.);
#1092=ORIENTED_EDGE('',*,*,#1670,.F.);
#1093=ORIENTED_EDGE('',*,*,#1800,.T.);
#1094=ORIENTED_EDGE('',*,*,#1797,.T.);
#1095=ORIENTED_EDGE('',*,*,#1772,.T.);
#1096=ORIENTED_EDGE('',*,*,#1801,.F.);
#1097=ORIENTED_EDGE('',*,*,#1804,.T.);
#1098=ORIENTED_EDGE('',*,*,#1672,.F.);
#1099=ORIENTED_EDGE('',*,*,#1986,.T.);
#1100=ORIENTED_EDGE('',*,*,#1985,.T.);
#1101=ORIENTED_EDGE('',*,*,#1773,.T.);
#1102=ORIENTED_EDGE('',*,*,#1986,.F.);
#1103=ORIENTED_EDGE('',*,*,#1671,.F.);
#1104=ORIENTED_EDGE('',*,*,#1778,.T.);
#1105=ORIENTED_EDGE('',*,*,#1987,.F.);
#1106=ORIENTED_EDGE('',*,*,#1666,.F.);
#1107=ORIENTED_EDGE('',*,*,#1795,.T.);
#1108=ORIENTED_EDGE('',*,*,#1792,.T.);
#1109=ORIENTED_EDGE('',*,*,#1776,.T.);
#1110=ORIENTED_EDGE('',*,*,#1796,.F.);
#1111=ORIENTED_EDGE('',*,*,#1799,.T.);
#1112=ORIENTED_EDGE('',*,*,#1668,.F.);
#1113=ORIENTED_EDGE('',*,*,#1988,.T.);
#1114=ORIENTED_EDGE('',*,*,#1987,.T.);
#1115=ORIENTED_EDGE('',*,*,#1777,.T.);
#1116=ORIENTED_EDGE('',*,*,#1988,.F.);
#1117=ORIENTED_EDGE('',*,*,#1667,.F.);
#1118=ORIENTED_EDGE('',*,*,#1782,.T.);
#1119=ORIENTED_EDGE('',*,*,#1989,.F.);
#1120=ORIENTED_EDGE('',*,*,#1662,.F.);
#1121=ORIENTED_EDGE('',*,*,#1790,.T.);
#1122=ORIENTED_EDGE('',*,*,#1724,.T.);
#1123=ORIENTED_EDGE('',*,*,#1780,.T.);
#1124=ORIENTED_EDGE('',*,*,#1791,.F.);
#1125=ORIENTED_EDGE('',*,*,#1794,.T.);
#1126=ORIENTED_EDGE('',*,*,#1664,.F.);
#1127=ORIENTED_EDGE('',*,*,#1990,.T.);
#1128=ORIENTED_EDGE('',*,*,#1989,.T.);
#1129=ORIENTED_EDGE('',*,*,#1781,.T.);
#1130=ORIENTED_EDGE('',*,*,#1990,.F.);
#1131=ORIENTED_EDGE('',*,*,#1663,.F.);
#1132=ORIENTED_EDGE('',*,*,#1785,.T.);
#1133=ORIENTED_EDGE('',*,*,#1991,.F.);
#1134=ORIENTED_EDGE('',*,*,#1658,.F.);
#1135=ORIENTED_EDGE('',*,*,#1610,.T.);
#1136=ORIENTED_EDGE('',*,*,#1608,.T.);
#1137=ORIENTED_EDGE('',*,*,#1783,.T.);
#1138=ORIENTED_EDGE('',*,*,#1722,.F.);
#1139=ORIENTED_EDGE('',*,*,#1789,.T.);
#1140=ORIENTED_EDGE('',*,*,#1660,.F.);
#1141=ORIENTED_EDGE('',*,*,#1992,.T.);
#1142=ORIENTED_EDGE('',*,*,#1991,.T.);
#1143=ORIENTED_EDGE('',*,*,#1784,.T.);
#1144=ORIENTED_EDGE('',*,*,#1992,.F.);
#1145=ORIENTED_EDGE('',*,*,#1659,.F.);
#1146=ORIENTED_EDGE('',*,*,#1879,.T.);
#1147=ORIENTED_EDGE('',*,*,#1993,.T.);
#1148=ORIENTED_EDGE('',*,*,#1643,.T.);
#1149=ORIENTED_EDGE('',*,*,#1852,.T.);
#1150=ORIENTED_EDGE('',*,*,#1645,.F.);
#1151=ORIENTED_EDGE('',*,*,#1994,.T.);
#1152=ORIENTED_EDGE('',*,*,#1881,.T.);
#1153=ORIENTED_EDGE('',*,*,#1995,.F.);
#1154=ORIENTED_EDGE('',*,*,#1647,.T.);
#1155=ORIENTED_EDGE('',*,*,#1853,.T.);
#1156=ORIENTED_EDGE('',*,*,#1641,.F.);
#1157=ORIENTED_EDGE('',*,*,#1996,.F.);
#1158=ORIENTED_EDGE('',*,*,#1651,.F.);
#1159=ORIENTED_EDGE('',*,*,#1654,.F.);
#1160=ORIENTED_EDGE('',*,*,#1704,.T.);
#1161=ORIENTED_EDGE('',*,*,#1997,.T.);
#1162=ORIENTED_EDGE('',*,*,#1741,.F.);
#1163=ORIENTED_EDGE('',*,*,#1703,.T.);
#1164=ORIENTED_EDGE('',*,*,#1998,.T.);
#1165=ORIENTED_EDGE('',*,*,#1742,.F.);
#1166=ORIENTED_EDGE('',*,*,#1997,.F.);
#1167=ORIENTED_EDGE('',*,*,#1998,.F.);
#1168=ORIENTED_EDGE('',*,*,#1702,.T.);
#1169=ORIENTED_EDGE('',*,*,#1787,.F.);
#1170=ORIENTED_EDGE('',*,*,#1719,.T.);
#1171=ORIENTED_EDGE('',*,*,#1743,.F.);
#1172=ORIENTED_EDGE('',*,*,#1644,.T.);
#1173=ORIENTED_EDGE('',*,*,#1995,.T.);
#1174=ORIENTED_EDGE('',*,*,#1880,.T.);
#1175=ORIENTED_EDGE('',*,*,#1994,.F.);
#1176=ORIENTED_EDGE('',*,*,#1640,.T.);
#1177=ORIENTED_EDGE('',*,*,#1993,.F.);
#1178=ORIENTED_EDGE('',*,*,#1882,.F.);
#1179=ORIENTED_EDGE('',*,*,#1996,.T.);
#1180=ORIENTED_EDGE('',*,*,#1875,.T.);
#1181=ORIENTED_EDGE('',*,*,#1999,.T.);
#1182=ORIENTED_EDGE('',*,*,#1600,.T.);
#1183=ORIENTED_EDGE('',*,*,#1850,.T.);
#1184=ORIENTED_EDGE('',*,*,#1602,.F.);
#1185=ORIENTED_EDGE('',*,*,#2000,.T.);
#1186=ORIENTED_EDGE('',*,*,#1877,.T.);
#1187=ORIENTED_EDGE('',*,*,#2001,.F.);
#1188=ORIENTED_EDGE('',*,*,#1604,.T.);
#1189=ORIENTED_EDGE('',*,*,#1851,.T.);
#1190=ORIENTED_EDGE('',*,*,#1598,.F.);
#1191=ORIENTED_EDGE('',*,*,#2002,.F.);
#1192=ORIENTED_EDGE('',*,*,#1871,.T.);
#1193=ORIENTED_EDGE('',*,*,#2003,.T.);
#1194=ORIENTED_EDGE('',*,*,#1592,.T.);
#1195=ORIENTED_EDGE('',*,*,#1848,.T.);
#1196=ORIENTED_EDGE('',*,*,#1594,.F.);
#1197=ORIENTED_EDGE('',*,*,#2004,.T.);
#1198=ORIENTED_EDGE('',*,*,#1873,.T.);
#1199=ORIENTED_EDGE('',*,*,#2005,.F.);
#1200=ORIENTED_EDGE('',*,*,#1596,.T.);
#1201=ORIENTED_EDGE('',*,*,#1849,.T.);
#1202=ORIENTED_EDGE('',*,*,#1590,.F.);
#1203=ORIENTED_EDGE('',*,*,#2006,.F.);
#1204=ORIENTED_EDGE('',*,*,#1867,.T.);
#1205=ORIENTED_EDGE('',*,*,#2007,.T.);
#1206=ORIENTED_EDGE('',*,*,#1584,.T.);
#1207=ORIENTED_EDGE('',*,*,#1846,.T.);
#1208=ORIENTED_EDGE('',*,*,#1586,.F.);
#1209=ORIENTED_EDGE('',*,*,#2008,.T.);
#1210=ORIENTED_EDGE('',*,*,#1869,.T.);
#1211=ORIENTED_EDGE('',*,*,#2009,.F.);
#1212=ORIENTED_EDGE('',*,*,#1588,.T.);
#1213=ORIENTED_EDGE('',*,*,#1847,.T.);
#1214=ORIENTED_EDGE('',*,*,#1582,.F.);
#1215=ORIENTED_EDGE('',*,*,#2010,.F.);
#1216=ORIENTED_EDGE('',*,*,#1863,.T.);
#1217=ORIENTED_EDGE('',*,*,#2011,.T.);
#1218=ORIENTED_EDGE('',*,*,#1576,.T.);
#1219=ORIENTED_EDGE('',*,*,#1844,.T.);
#1220=ORIENTED_EDGE('',*,*,#1578,.F.);
#1221=ORIENTED_EDGE('',*,*,#2012,.T.);
#1222=ORIENTED_EDGE('',*,*,#1865,.T.);
#1223=ORIENTED_EDGE('',*,*,#2013,.F.);
#1224=ORIENTED_EDGE('',*,*,#1580,.T.);
#1225=ORIENTED_EDGE('',*,*,#1845,.T.);
#1226=ORIENTED_EDGE('',*,*,#1574,.F.);
#1227=ORIENTED_EDGE('',*,*,#2014,.F.);
#1228=ORIENTED_EDGE('',*,*,#1859,.T.);
#1229=ORIENTED_EDGE('',*,*,#2015,.T.);
#1230=ORIENTED_EDGE('',*,*,#1568,.T.);
#1231=ORIENTED_EDGE('',*,*,#1842,.T.);
#1232=ORIENTED_EDGE('',*,*,#1570,.F.);
#1233=ORIENTED_EDGE('',*,*,#2016,.T.);
#1234=ORIENTED_EDGE('',*,*,#1861,.T.);
#1235=ORIENTED_EDGE('',*,*,#2017,.F.);
#1236=ORIENTED_EDGE('',*,*,#1572,.T.);
#1237=ORIENTED_EDGE('',*,*,#1843,.T.);
#1238=ORIENTED_EDGE('',*,*,#1566,.F.);
#1239=ORIENTED_EDGE('',*,*,#2018,.F.);
#1240=ORIENTED_EDGE('',*,*,#1706,.T.);
#1241=ORIENTED_EDGE('',*,*,#2019,.T.);
#1242=ORIENTED_EDGE('',*,*,#1739,.F.);
#1243=ORIENTED_EDGE('',*,*,#2020,.F.);
#1244=ORIENTED_EDGE('',*,*,#1707,.T.);
#1245=ORIENTED_EDGE('',*,*,#2020,.T.);
#1246=ORIENTED_EDGE('',*,*,#1738,.F.);
#1247=ORIENTED_EDGE('',*,*,#1636,.F.);
#1248=ORIENTED_EDGE('',*,*,#1639,.F.);
#1249=ORIENTED_EDGE('',*,*,#1649,.T.);
#1250=ORIENTED_EDGE('',*,*,#1740,.F.);
#1251=ORIENTED_EDGE('',*,*,#2019,.F.);
#1252=ORIENTED_EDGE('',*,*,#1705,.T.);
#1253=ORIENTED_EDGE('',*,*,#1652,.F.);
#1254=ORIENTED_EDGE('',*,*,#1709,.T.);
#1255=ORIENTED_EDGE('',*,*,#2021,.T.);
#1256=ORIENTED_EDGE('',*,*,#1736,.F.);
#1257=ORIENTED_EDGE('',*,*,#2022,.F.);
#1258=ORIENTED_EDGE('',*,*,#1710,.T.);
#1259=ORIENTED_EDGE('',*,*,#2022,.T.);
#1260=ORIENTED_EDGE('',*,*,#1735,.F.);
#1261=ORIENTED_EDGE('',*,*,#1629,.F.);
#1262=ORIENTED_EDGE('',*,*,#1632,.F.);
#1263=ORIENTED_EDGE('',*,*,#1634,.T.);
#1264=ORIENTED_EDGE('',*,*,#1737,.F.);
#1265=ORIENTED_EDGE('',*,*,#2021,.F.);
#1266=ORIENTED_EDGE('',*,*,#1708,.T.);
#1267=ORIENTED_EDGE('',*,*,#1637,.F.);
#1268=ORIENTED_EDGE('',*,*,#1712,.T.);
#1269=ORIENTED_EDGE('',*,*,#2023,.T.);
#1270=ORIENTED_EDGE('',*,*,#1733,.F.);
#1271=ORIENTED_EDGE('',*,*,#2024,.F.);
#1272=ORIENTED_EDGE('',*,*,#1713,.T.);
#1273=ORIENTED_EDGE('',*,*,#2024,.T.);
#1274=ORIENTED_EDGE('',*,*,#1732,.F.);
#1275=ORIENTED_EDGE('',*,*,#1622,.F.);
#1276=ORIENTED_EDGE('',*,*,#1625,.F.);
#1277=ORIENTED_EDGE('',*,*,#1627,.T.);
#1278=ORIENTED_EDGE('',*,*,#1734,.F.);
#1279=ORIENTED_EDGE('',*,*,#2023,.F.);
#1280=ORIENTED_EDGE('',*,*,#1711,.T.);
#1281=ORIENTED_EDGE('',*,*,#1630,.F.);
#1282=ORIENTED_EDGE('',*,*,#1715,.T.);
#1283=ORIENTED_EDGE('',*,*,#2025,.T.);
#1284=ORIENTED_EDGE('',*,*,#1730,.F.);
#1285=ORIENTED_EDGE('',*,*,#2026,.F.);
#1286=ORIENTED_EDGE('',*,*,#1716,.T.);
#1287=ORIENTED_EDGE('',*,*,#2026,.T.);
#1288=ORIENTED_EDGE('',*,*,#1729,.F.);
#1289=ORIENTED_EDGE('',*,*,#1615,.F.);
#1290=ORIENTED_EDGE('',*,*,#1618,.F.);
#1291=ORIENTED_EDGE('',*,*,#1620,.T.);
#1292=ORIENTED_EDGE('',*,*,#1731,.F.);
#1293=ORIENTED_EDGE('',*,*,#2025,.F.);
#1294=ORIENTED_EDGE('',*,*,#1714,.T.);
#1295=ORIENTED_EDGE('',*,*,#1623,.F.);
#1296=ORIENTED_EDGE('',*,*,#1656,.T.);
#1297=ORIENTED_EDGE('',*,*,#2027,.T.);
#1298=ORIENTED_EDGE('',*,*,#1727,.F.);
#1299=ORIENTED_EDGE('',*,*,#2028,.F.);
#1300=ORIENTED_EDGE('',*,*,#1657,.T.);
#1301=ORIENTED_EDGE('',*,*,#2028,.T.);
#1302=ORIENTED_EDGE('',*,*,#1726,.F.);
#1303=ORIENTED_EDGE('',*,*,#1606,.F.);
#1304=ORIENTED_EDGE('',*,*,#1609,.F.);
#1305=ORIENTED_EDGE('',*,*,#1613,.T.);
#1306=ORIENTED_EDGE('',*,*,#1728,.F.);
#1307=ORIENTED_EDGE('',*,*,#2027,.F.);
#1308=ORIENTED_EDGE('',*,*,#1717,.T.);
#1309=ORIENTED_EDGE('',*,*,#1616,.F.);
#1310=ORIENTED_EDGE('',*,*,#1601,.T.);
#1311=ORIENTED_EDGE('',*,*,#2001,.T.);
#1312=ORIENTED_EDGE('',*,*,#1876,.T.);
#1313=ORIENTED_EDGE('',*,*,#2000,.F.);
#1314=ORIENTED_EDGE('',*,*,#1597,.T.);
#1315=ORIENTED_EDGE('',*,*,#1999,.F.);
#1316=ORIENTED_EDGE('',*,*,#1878,.F.);
#1317=ORIENTED_EDGE('',*,*,#2002,.T.);
#1318=ORIENTED_EDGE('',*,*,#1593,.T.);
#1319=ORIENTED_EDGE('',*,*,#2005,.T.);
#1320=ORIENTED_EDGE('',*,*,#1872,.T.);
#1321=ORIENTED_EDGE('',*,*,#2004,.F.);
#1322=ORIENTED_EDGE('',*,*,#1589,.T.);
#1323=ORIENTED_EDGE('',*,*,#2003,.F.);
#1324=ORIENTED_EDGE('',*,*,#1874,.F.);
#1325=ORIENTED_EDGE('',*,*,#2006,.T.);
#1326=ORIENTED_EDGE('',*,*,#1585,.T.);
#1327=ORIENTED_EDGE('',*,*,#2009,.T.);
#1328=ORIENTED_EDGE('',*,*,#1868,.T.);
#1329=ORIENTED_EDGE('',*,*,#2008,.F.);
#1330=ORIENTED_EDGE('',*,*,#1581,.T.);
#1331=ORIENTED_EDGE('',*,*,#2007,.F.);
#1332=ORIENTED_EDGE('',*,*,#1870,.F.);
#1333=ORIENTED_EDGE('',*,*,#2010,.T.);
#1334=ORIENTED_EDGE('',*,*,#1577,.T.);
#1335=ORIENTED_EDGE('',*,*,#2013,.T.);
#1336=ORIENTED_EDGE('',*,*,#1864,.T.);
#1337=ORIENTED_EDGE('',*,*,#2012,.F.);
#1338=ORIENTED_EDGE('',*,*,#1573,.T.);
#1339=ORIENTED_EDGE('',*,*,#2011,.F.);
#1340=ORIENTED_EDGE('',*,*,#1866,.F.);
#1341=ORIENTED_EDGE('',*,*,#2014,.T.);
#1342=ORIENTED_EDGE('',*,*,#1569,.T.);
#1343=ORIENTED_EDGE('',*,*,#2017,.T.);
#1344=ORIENTED_EDGE('',*,*,#1860,.T.);
#1345=ORIENTED_EDGE('',*,*,#2016,.F.);
#1346=ORIENTED_EDGE('',*,*,#1565,.T.);
#1347=ORIENTED_EDGE('',*,*,#2015,.F.);
#1348=ORIENTED_EDGE('',*,*,#1862,.F.);
#1349=ORIENTED_EDGE('',*,*,#2018,.T.);
#1350=ORIENTED_EDGE('',*,*,#1836,.F.);
#1351=ORIENTED_EDGE('',*,*,#1557,.F.);
#1352=ORIENTED_EDGE('',*,*,#1838,.F.);
#1353=ORIENTED_EDGE('',*,*,#1858,.F.);
#1354=ORIENTED_EDGE('',*,*,#1839,.T.);
#1355=ORIENTED_EDGE('',*,*,#1563,.T.);
#1356=ORIENTED_EDGE('',*,*,#1857,.F.);
#1357=ORIENTED_EDGE('',*,*,#1841,.T.);
#1358=ORIENTED_EDGE('',*,*,#1559,.T.);
#1359=ORIENTED_EDGE('',*,*,#1531,.T.);
#1360=ORIENTED_EDGE('',*,*,#1929,.T.);
#1361=ORIENTED_EDGE('',*,*,#1923,.T.);
#1362=ORIENTED_EDGE('',*,*,#1928,.F.);
#1363=ORIENTED_EDGE('',*,*,#1527,.T.);
#1364=ORIENTED_EDGE('',*,*,#1927,.F.);
#1365=ORIENTED_EDGE('',*,*,#1925,.F.);
#1366=ORIENTED_EDGE('',*,*,#1930,.T.);
#1367=ORIENTED_EDGE('',*,*,#1523,.T.);
#1368=ORIENTED_EDGE('',*,*,#1935,.T.);
#1369=ORIENTED_EDGE('',*,*,#1919,.T.);
#1370=ORIENTED_EDGE('',*,*,#1934,.F.);
#1371=ORIENTED_EDGE('',*,*,#1519,.T.);
#1372=ORIENTED_EDGE('',*,*,#1933,.F.);
#1373=ORIENTED_EDGE('',*,*,#1921,.F.);
#1374=ORIENTED_EDGE('',*,*,#1936,.T.);
#1375=ORIENTED_EDGE('',*,*,#1515,.T.);
#1376=ORIENTED_EDGE('',*,*,#1939,.T.);
#1377=ORIENTED_EDGE('',*,*,#1915,.T.);
#1378=ORIENTED_EDGE('',*,*,#1938,.F.);
#1379=ORIENTED_EDGE('',*,*,#1511,.T.);
#1380=ORIENTED_EDGE('',*,*,#1937,.F.);
#1381=ORIENTED_EDGE('',*,*,#1917,.F.);
#1382=ORIENTED_EDGE('',*,*,#1940,.T.);
#1383=ORIENTED_EDGE('',*,*,#1507,.T.);
#1384=ORIENTED_EDGE('',*,*,#1943,.T.);
#1385=ORIENTED_EDGE('',*,*,#1911,.T.);
#1386=ORIENTED_EDGE('',*,*,#1942,.F.);
#1387=ORIENTED_EDGE('',*,*,#1503,.T.);
#1388=ORIENTED_EDGE('',*,*,#1941,.F.);
#1389=ORIENTED_EDGE('',*,*,#1913,.F.);
#1390=ORIENTED_EDGE('',*,*,#1944,.T.);
#1391=ORIENTED_EDGE('',*,*,#1499,.T.);
#1392=ORIENTED_EDGE('',*,*,#1947,.T.);
#1393=ORIENTED_EDGE('',*,*,#1907,.T.);
#1394=ORIENTED_EDGE('',*,*,#1946,.F.);
#1395=ORIENTED_EDGE('',*,*,#1495,.T.);
#1396=ORIENTED_EDGE('',*,*,#1945,.F.);
#1397=ORIENTED_EDGE('',*,*,#1909,.F.);
#1398=ORIENTED_EDGE('',*,*,#1948,.T.);
#1399=ORIENTED_EDGE('',*,*,#1491,.T.);
#1400=ORIENTED_EDGE('',*,*,#1951,.T.);
#1401=ORIENTED_EDGE('',*,*,#1903,.T.);
#1402=ORIENTED_EDGE('',*,*,#1950,.F.);
#1403=ORIENTED_EDGE('',*,*,#1487,.T.);
#1404=ORIENTED_EDGE('',*,*,#1949,.F.);
#1405=ORIENTED_EDGE('',*,*,#1905,.F.);
#1406=ORIENTED_EDGE('',*,*,#1952,.T.);
#1407=ORIENTED_EDGE('',*,*,#1483,.T.);
#1408=ORIENTED_EDGE('',*,*,#1955,.T.);
#1409=ORIENTED_EDGE('',*,*,#1899,.T.);
#1410=ORIENTED_EDGE('',*,*,#1954,.F.);
#1411=ORIENTED_EDGE('',*,*,#1479,.T.);
#1412=ORIENTED_EDGE('',*,*,#1953,.F.);
#1413=ORIENTED_EDGE('',*,*,#1901,.F.);
#1414=ORIENTED_EDGE('',*,*,#1956,.T.);
#1415=ORIENTED_EDGE('',*,*,#1475,.T.);
#1416=ORIENTED_EDGE('',*,*,#1959,.T.);
#1417=ORIENTED_EDGE('',*,*,#1895,.T.);
#1418=ORIENTED_EDGE('',*,*,#1958,.F.);
#1419=ORIENTED_EDGE('',*,*,#1471,.T.);
#1420=ORIENTED_EDGE('',*,*,#1957,.F.);
#1421=ORIENTED_EDGE('',*,*,#1897,.F.);
#1422=ORIENTED_EDGE('',*,*,#1960,.T.);
#1423=ORIENTED_EDGE('',*,*,#1467,.T.);
#1424=ORIENTED_EDGE('',*,*,#1963,.T.);
#1425=ORIENTED_EDGE('',*,*,#1891,.T.);
#1426=ORIENTED_EDGE('',*,*,#1962,.F.);
#1427=ORIENTED_EDGE('',*,*,#1463,.T.);
#1428=ORIENTED_EDGE('',*,*,#1961,.F.);
#1429=ORIENTED_EDGE('',*,*,#1893,.F.);
#1430=ORIENTED_EDGE('',*,*,#1964,.T.);
#1431=ORIENTED_EDGE('',*,*,#1459,.T.);
#1432=ORIENTED_EDGE('',*,*,#1967,.T.);
#1433=ORIENTED_EDGE('',*,*,#1887,.T.);
#1434=ORIENTED_EDGE('',*,*,#1966,.F.);
#1435=ORIENTED_EDGE('',*,*,#1455,.T.);
#1436=ORIENTED_EDGE('',*,*,#1965,.F.);
#1437=ORIENTED_EDGE('',*,*,#1889,.F.);
#1438=ORIENTED_EDGE('',*,*,#1968,.T.);
#1439=ORIENTED_EDGE('',*,*,#1451,.T.);
#1440=ORIENTED_EDGE('',*,*,#1971,.T.);
#1441=ORIENTED_EDGE('',*,*,#1883,.T.);
#1442=ORIENTED_EDGE('',*,*,#1970,.F.);
#1443=ORIENTED_EDGE('',*,*,#1447,.T.);
#1444=ORIENTED_EDGE('',*,*,#1969,.F.);
#1445=ORIENTED_EDGE('',*,*,#1885,.F.);
#1446=ORIENTED_EDGE('',*,*,#1972,.T.);
#1447=EDGE_CURVE('',#2029,#2030,#2420,.T.);
#1448=EDGE_CURVE('',#2029,#2031,#2421,.T.);
#1449=EDGE_CURVE('',#2031,#2032,#2422,.T.);
#1450=EDGE_CURVE('',#2030,#2032,#2423,.T.);
#1451=EDGE_CURVE('',#2033,#2034,#2424,.F.);
#1452=EDGE_CURVE('',#2033,#2035,#2425,.T.);
#1453=EDGE_CURVE('',#2035,#2036,#2426,.T.);
#1454=EDGE_CURVE('',#2034,#2036,#2427,.T.);
#1455=EDGE_CURVE('',#2037,#2038,#2428,.T.);
#1456=EDGE_CURVE('',#2037,#2039,#2429,.T.);
#1457=EDGE_CURVE('',#2039,#2040,#2430,.T.);
#1458=EDGE_CURVE('',#2038,#2040,#2431,.T.);
#1459=EDGE_CURVE('',#2041,#2042,#2432,.F.);
#1460=EDGE_CURVE('',#2041,#2043,#2433,.T.);
#1461=EDGE_CURVE('',#2043,#2044,#2434,.T.);
#1462=EDGE_CURVE('',#2042,#2044,#2435,.T.);
#1463=EDGE_CURVE('',#2045,#2046,#2436,.T.);
#1464=EDGE_CURVE('',#2045,#2047,#2437,.T.);
#1465=EDGE_CURVE('',#2047,#2048,#2438,.T.);
#1466=EDGE_CURVE('',#2046,#2048,#2439,.T.);
#1467=EDGE_CURVE('',#2049,#2050,#2440,.F.);
#1468=EDGE_CURVE('',#2049,#2051,#2441,.T.);
#1469=EDGE_CURVE('',#2051,#2052,#2442,.T.);
#1470=EDGE_CURVE('',#2050,#2052,#2443,.T.);
#1471=EDGE_CURVE('',#2053,#2054,#2444,.T.);
#1472=EDGE_CURVE('',#2053,#2055,#2445,.T.);
#1473=EDGE_CURVE('',#2055,#2056,#2446,.T.);
#1474=EDGE_CURVE('',#2054,#2056,#2447,.T.);
#1475=EDGE_CURVE('',#2057,#2058,#2448,.F.);
#1476=EDGE_CURVE('',#2057,#2059,#2449,.T.);
#1477=EDGE_CURVE('',#2059,#2060,#2450,.T.);
#1478=EDGE_CURVE('',#2058,#2060,#2451,.T.);
#1479=EDGE_CURVE('',#2061,#2062,#2452,.T.);
#1480=EDGE_CURVE('',#2061,#2063,#2453,.T.);
#1481=EDGE_CURVE('',#2063,#2064,#2454,.T.);
#1482=EDGE_CURVE('',#2062,#2064,#2455,.T.);
#1483=EDGE_CURVE('',#2065,#2066,#2456,.F.);
#1484=EDGE_CURVE('',#2065,#2067,#2457,.T.);
#1485=EDGE_CURVE('',#2067,#2068,#2458,.T.);
#1486=EDGE_CURVE('',#2066,#2068,#2459,.T.);
#1487=EDGE_CURVE('',#2069,#2070,#2460,.T.);
#1488=EDGE_CURVE('',#2069,#2071,#2461,.T.);
#1489=EDGE_CURVE('',#2071,#2072,#2462,.T.);
#1490=EDGE_CURVE('',#2070,#2072,#2463,.T.);
#1491=EDGE_CURVE('',#2073,#2074,#2464,.F.);
#1492=EDGE_CURVE('',#2073,#2075,#2465,.T.);
#1493=EDGE_CURVE('',#2075,#2076,#2466,.T.);
#1494=EDGE_CURVE('',#2074,#2076,#2467,.T.);
#1495=EDGE_CURVE('',#2077,#2078,#2468,.T.);
#1496=EDGE_CURVE('',#2077,#2079,#2469,.T.);
#1497=EDGE_CURVE('',#2079,#2080,#2470,.T.);
#1498=EDGE_CURVE('',#2078,#2080,#2471,.T.);
#1499=EDGE_CURVE('',#2081,#2082,#2472,.F.);
#1500=EDGE_CURVE('',#2081,#2083,#2473,.T.);
#1501=EDGE_CURVE('',#2083,#2084,#2474,.T.);
#1502=EDGE_CURVE('',#2082,#2084,#2475,.T.);
#1503=EDGE_CURVE('',#2085,#2086,#2476,.T.);
#1504=EDGE_CURVE('',#2085,#2087,#2477,.T.);
#1505=EDGE_CURVE('',#2087,#2088,#2478,.T.);
#1506=EDGE_CURVE('',#2086,#2088,#2479,.T.);
#1507=EDGE_CURVE('',#2089,#2090,#2480,.F.);
#1508=EDGE_CURVE('',#2089,#2091,#2481,.T.);
#1509=EDGE_CURVE('',#2091,#2092,#2482,.T.);
#1510=EDGE_CURVE('',#2090,#2092,#2483,.T.);
#1511=EDGE_CURVE('',#2093,#2094,#2484,.T.);
#1512=EDGE_CURVE('',#2093,#2095,#2485,.T.);
#1513=EDGE_CURVE('',#2095,#2096,#2486,.T.);
#1514=EDGE_CURVE('',#2094,#2096,#2487,.T.);
#1515=EDGE_CURVE('',#2097,#2098,#2488,.F.);
#1516=EDGE_CURVE('',#2097,#2099,#2489,.T.);
#1517=EDGE_CURVE('',#2099,#2100,#2490,.T.);
#1518=EDGE_CURVE('',#2098,#2100,#2491,.T.);
#1519=EDGE_CURVE('',#2101,#2102,#2492,.T.);
#1520=EDGE_CURVE('',#2101,#2103,#2493,.T.);
#1521=EDGE_CURVE('',#2103,#2104,#2494,.T.);
#1522=EDGE_CURVE('',#2102,#2104,#2495,.T.);
#1523=EDGE_CURVE('',#2105,#2106,#2496,.F.);
#1524=EDGE_CURVE('',#2105,#2107,#2497,.T.);
#1525=EDGE_CURVE('',#2107,#2108,#2498,.T.);
#1526=EDGE_CURVE('',#2106,#2108,#2499,.T.);
#1527=EDGE_CURVE('',#2109,#2110,#2500,.T.);
#1528=EDGE_CURVE('',#2109,#2111,#2501,.T.);
#1529=EDGE_CURVE('',#2111,#2112,#2502,.T.);
#1530=EDGE_CURVE('',#2110,#2112,#2503,.T.);
#1531=EDGE_CURVE('',#2113,#2114,#2504,.F.);
#1532=EDGE_CURVE('',#2113,#2115,#2505,.T.);
#1533=EDGE_CURVE('',#2115,#2116,#2506,.T.);
#1534=EDGE_CURVE('',#2114,#2116,#2507,.T.);
#1535=EDGE_CURVE('',#2112,#2115,#2508,.T.);
#1536=EDGE_CURVE('',#2116,#2111,#2509,.T.);
#1537=EDGE_CURVE('',#2104,#2107,#2510,.T.);
#1538=EDGE_CURVE('',#2108,#2103,#2511,.T.);
#1539=EDGE_CURVE('',#2096,#2099,#2512,.T.);
#1540=EDGE_CURVE('',#2100,#2095,#2513,.T.);
#1541=EDGE_CURVE('',#2088,#2091,#2514,.T.);
#1542=EDGE_CURVE('',#2092,#2087,#2515,.T.);
#1543=EDGE_CURVE('',#2080,#2083,#2516,.T.);
#1544=EDGE_CURVE('',#2084,#2079,#2517,.T.);
#1545=EDGE_CURVE('',#2072,#2075,#2518,.T.);
#1546=EDGE_CURVE('',#2076,#2071,#2519,.T.);
#1547=EDGE_CURVE('',#2064,#2067,#2520,.T.);
#1548=EDGE_CURVE('',#2068,#2063,#2521,.T.);
#1549=EDGE_CURVE('',#2056,#2059,#2522,.T.);
#1550=EDGE_CURVE('',#2060,#2055,#2523,.T.);
#1551=EDGE_CURVE('',#2048,#2051,#2524,.T.);
#1552=EDGE_CURVE('',#2052,#2047,#2525,.T.);
#1553=EDGE_CURVE('',#2040,#2043,#2526,.T.);
#1554=EDGE_CURVE('',#2044,#2039,#2527,.T.);
#1555=EDGE_CURVE('',#2032,#2035,#2528,.T.);
#1556=EDGE_CURVE('',#2036,#2031,#2529,.T.);
#1557=EDGE_CURVE('',#2117,#2118,#105,.T.);
#1558=EDGE_CURVE('',#2118,#2119,#2530,.T.);
#1559=EDGE_CURVE('',#2120,#2119,#106,.T.);
#1560=EDGE_CURVE('',#2120,#2121,#2531,.T.);
#1561=EDGE_CURVE('',#2122,#2121,#107,.T.);
#1562=EDGE_CURVE('',#2122,#2123,#2532,.T.);
#1563=EDGE_CURVE('',#2124,#2123,#108,.T.);
#1564=EDGE_CURVE('',#2124,#2117,#2533,.T.);
#1565=EDGE_CURVE('',#2125,#2126,#2534,.T.);
#1566=EDGE_CURVE('',#2125,#2127,#2535,.T.);
#1567=EDGE_CURVE('',#2127,#2128,#2536,.T.);
#1568=EDGE_CURVE('',#2126,#2128,#2537,.T.);
#1569=EDGE_CURVE('',#2129,#2130,#2538,.F.);
#1570=EDGE_CURVE('',#2129,#2131,#2539,.T.);
#1571=EDGE_CURVE('',#2131,#2132,#2540,.T.);
#1572=EDGE_CURVE('',#2130,#2132,#2541,.T.);
#1573=EDGE_CURVE('',#2133,#2134,#2542,.T.);
#1574=EDGE_CURVE('',#2133,#2135,#2543,.T.);
#1575=EDGE_CURVE('',#2135,#2136,#2544,.T.);
#1576=EDGE_CURVE('',#2134,#2136,#2545,.T.);
#1577=EDGE_CURVE('',#2137,#2138,#2546,.F.);
#1578=EDGE_CURVE('',#2137,#2139,#2547,.T.);
#1579=EDGE_CURVE('',#2139,#2140,#2548,.T.);
#1580=EDGE_CURVE('',#2138,#2140,#2549,.T.);
#1581=EDGE_CURVE('',#2141,#2142,#2550,.T.);
#1582=EDGE_CURVE('',#2141,#2143,#2551,.T.);
#1583=EDGE_CURVE('',#2143,#2144,#2552,.T.);
#1584=EDGE_CURVE('',#2142,#2144,#2553,.T.);
#1585=EDGE_CURVE('',#2145,#2146,#2554,.F.);
#1586=EDGE_CURVE('',#2145,#2147,#2555,.T.);
#1587=EDGE_CURVE('',#2147,#2148,#2556,.T.);
#1588=EDGE_CURVE('',#2146,#2148,#2557,.T.);
#1589=EDGE_CURVE('',#2149,#2150,#2558,.T.);
#1590=EDGE_CURVE('',#2149,#2151,#2559,.T.);
#1591=EDGE_CURVE('',#2151,#2152,#2560,.T.);
#1592=EDGE_CURVE('',#2150,#2152,#2561,.T.);
#1593=EDGE_CURVE('',#2153,#2154,#2562,.F.);
#1594=EDGE_CURVE('',#2153,#2155,#2563,.T.);
#1595=EDGE_CURVE('',#2155,#2156,#2564,.T.);
#1596=EDGE_CURVE('',#2154,#2156,#2565,.T.);
#1597=EDGE_CURVE('',#2157,#2158,#2566,.T.);
#1598=EDGE_CURVE('',#2157,#2159,#2567,.T.);
#1599=EDGE_CURVE('',#2159,#2160,#2568,.T.);
#1600=EDGE_CURVE('',#2158,#2160,#2569,.T.);
#1601=EDGE_CURVE('',#2161,#2162,#2570,.F.);
#1602=EDGE_CURVE('',#2161,#2163,#2571,.T.);
#1603=EDGE_CURVE('',#2163,#2164,#2572,.T.);
#1604=EDGE_CURVE('',#2162,#2164,#2573,.T.);
#1605=EDGE_CURVE('',#2165,#2166,#109,.T.);
#1606=EDGE_CURVE('',#2166,#2167,#2574,.T.);
#1607=EDGE_CURVE('',#2167,#2168,#110,.T.);
#1608=EDGE_CURVE('',#2165,#2168,#2575,.T.);
#1609=EDGE_CURVE('',#2169,#2166,#54,.T.);
#1610=EDGE_CURVE('',#2170,#2165,#55,.T.);
#1611=EDGE_CURVE('',#2170,#2169,#111,.T.);
#1612=EDGE_CURVE('',#2171,#2172,#112,.T.);
#1613=EDGE_CURVE('',#2173,#2172,#2576,.T.);
#1614=EDGE_CURVE('',#2173,#2174,#113,.T.);
#1615=EDGE_CURVE('',#2174,#2171,#2577,.T.);
#1616=EDGE_CURVE('',#2173,#2175,#56,.T.);
#1617=EDGE_CURVE('',#2175,#2176,#114,.T.);
#1618=EDGE_CURVE('',#2176,#2174,#57,.T.);
#1619=EDGE_CURVE('',#2177,#2178,#115,.T.);
#1620=EDGE_CURVE('',#2179,#2178,#2578,.T.);
#1621=EDGE_CURVE('',#2179,#2180,#116,.T.);
#1622=EDGE_CURVE('',#2180,#2177,#2579,.T.);
#1623=EDGE_CURVE('',#2179,#2181,#58,.T.);
#1624=EDGE_CURVE('',#2181,#2182,#117,.T.);
#1625=EDGE_CURVE('',#2182,#2180,#59,.T.);
#1626=EDGE_CURVE('',#2183,#2184,#118,.T.);
#1627=EDGE_CURVE('',#2185,#2184,#2580,.T.);
#1628=EDGE_CURVE('',#2185,#2186,#119,.T.);
#1629=EDGE_CURVE('',#2186,#2183,#2581,.T.);
#1630=EDGE_CURVE('',#2185,#2187,#60,.T.);
#1631=EDGE_CURVE('',#2187,#2188,#120,.T.);
#1632=EDGE_CURVE('',#2188,#2186,#61,.T.);
#1633=EDGE_CURVE('',#2189,#2190,#121,.T.);
#1634=EDGE_CURVE('',#2191,#2190,#2582,.T.);
#1635=EDGE_CURVE('',#2191,#2192,#122,.T.);
#1636=EDGE_CURVE('',#2192,#2189,#2583,.T.);
#1637=EDGE_CURVE('',#2191,#2193,#62,.T.);
#1638=EDGE_CURVE('',#2193,#2194,#123,.T.);
#1639=EDGE_CURVE('',#2194,#2192,#63,.T.);
#1640=EDGE_CURVE('',#2195,#2196,#2584,.T.);
#1641=EDGE_CURVE('',#2195,#2197,#2585,.T.);
#1642=EDGE_CURVE('',#2197,#2198,#2586,.T.);
#1643=EDGE_CURVE('',#2196,#2198,#2587,.T.);
#1644=EDGE_CURVE('',#2199,#2200,#2588,.F.);
#1645=EDGE_CURVE('',#2199,#2201,#2589,.T.);
#1646=EDGE_CURVE('',#2201,#2202,#2590,.T.);
#1647=EDGE_CURVE('',#2200,#2202,#2591,.T.);
#1648=EDGE_CURVE('',#2203,#2204,#124,.T.);
#1649=EDGE_CURVE('',#2205,#2204,#2592,.T.);
#1650=EDGE_CURVE('',#2205,#2206,#125,.T.);
#1651=EDGE_CURVE('',#2206,#2203,#2593,.T.);
#1652=EDGE_CURVE('',#2205,#2207,#64,.T.);
#1653=EDGE_CURVE('',#2207,#2208,#126,.T.);
#1654=EDGE_CURVE('',#2208,#2206,#65,.T.);
#1655=EDGE_CURVE('',#2209,#2209,#127,.T.);
#1656=EDGE_CURVE('',#2210,#2211,#128,.F.);
#1657=EDGE_CURVE('',#2169,#2210,#2594,.F.);
#1658=EDGE_CURVE('',#2170,#2212,#2595,.F.);
#1659=EDGE_CURVE('',#2212,#2213,#129,.F.);
#1660=EDGE_CURVE('',#2213,#2214,#2596,.T.);
#1661=EDGE_CURVE('',#2215,#2214,#130,.T.);
#1662=EDGE_CURVE('',#2215,#2216,#2597,.F.);
#1663=EDGE_CURVE('',#2216,#2217,#131,.F.);
#1664=EDGE_CURVE('',#2217,#2218,#2598,.T.);
#1665=EDGE_CURVE('',#2219,#2218,#132,.T.);
#1666=EDGE_CURVE('',#2219,#2220,#2599,.F.);
#1667=EDGE_CURVE('',#2220,#2221,#133,.F.);
#1668=EDGE_CURVE('',#2221,#2222,#2600,.T.);
#1669=EDGE_CURVE('',#2223,#2222,#134,.T.);
#1670=EDGE_CURVE('',#2223,#2224,#2601,.F.);
#1671=EDGE_CURVE('',#2224,#2225,#135,.F.);
#1672=EDGE_CURVE('',#2225,#2226,#2602,.T.);
#1673=EDGE_CURVE('',#2227,#2226,#136,.T.);
#1674=EDGE_CURVE('',#2227,#2228,#2603,.F.);
#1675=EDGE_CURVE('',#2228,#2229,#137,.F.);
#1676=EDGE_CURVE('',#2229,#2230,#2604,.T.);
#1677=EDGE_CURVE('',#2231,#2230,#138,.T.);
#1678=EDGE_CURVE('',#2231,#2232,#2605,.F.);
#1679=EDGE_CURVE('',#2232,#2233,#139,.F.);
#1680=EDGE_CURVE('',#2233,#2234,#2606,.T.);
#1681=EDGE_CURVE('',#2235,#2234,#140,.T.);
#1682=EDGE_CURVE('',#2235,#2236,#2607,.F.);
#1683=EDGE_CURVE('',#2236,#2237,#141,.F.);
#1684=EDGE_CURVE('',#2237,#2238,#2608,.T.);
#1685=EDGE_CURVE('',#2239,#2238,#142,.T.);
#1686=EDGE_CURVE('',#2239,#2240,#2609,.F.);
#1687=EDGE_CURVE('',#2240,#2241,#143,.F.);
#1688=EDGE_CURVE('',#2241,#2242,#2610,.T.);
#1689=EDGE_CURVE('',#2243,#2242,#144,.T.);
#1690=EDGE_CURVE('',#2243,#2244,#2611,.F.);
#1691=EDGE_CURVE('',#2244,#2245,#145,.F.);
#1692=EDGE_CURVE('',#2245,#2246,#2612,.T.);
#1693=EDGE_CURVE('',#2247,#2246,#146,.T.);
#1694=EDGE_CURVE('',#2247,#2248,#2613,.F.);
#1695=EDGE_CURVE('',#2248,#2249,#147,.F.);
#1696=EDGE_CURVE('',#2249,#2250,#2614,.T.);
#1697=EDGE_CURVE('',#2251,#2250,#148,.T.);
#1698=EDGE_CURVE('',#2251,#2252,#2615,.F.);
#1699=EDGE_CURVE('',#2252,#2253,#149,.F.);
#1700=EDGE_CURVE('',#2253,#2254,#2616,.T.);
#1701=EDGE_CURVE('',#2255,#2254,#150,.T.);
#1702=EDGE_CURVE('',#2256,#2255,#2617,.T.);
#1703=EDGE_CURVE('',#2257,#2256,#151,.F.);
#1704=EDGE_CURVE('',#2208,#2257,#2618,.F.);
#1705=EDGE_CURVE('',#2258,#2207,#2619,.T.);
#1706=EDGE_CURVE('',#2259,#2258,#152,.F.);
#1707=EDGE_CURVE('',#2194,#2259,#2620,.F.);
#1708=EDGE_CURVE('',#2260,#2193,#2621,.T.);
#1709=EDGE_CURVE('',#2261,#2260,#153,.F.);
#1710=EDGE_CURVE('',#2188,#2261,#2622,.F.);
#1711=EDGE_CURVE('',#2262,#2187,#2623,.T.);
#1712=EDGE_CURVE('',#2263,#2262,#154,.F.);
#1713=EDGE_CURVE('',#2182,#2263,#2624,.F.);
#1714=EDGE_CURVE('',#2264,#2181,#2625,.T.);
#1715=EDGE_CURVE('',#2265,#2264,#155,.F.);
#1716=EDGE_CURVE('',#2176,#2265,#2626,.F.);
#1717=EDGE_CURVE('',#2211,#2175,#2627,.T.);
#1718=EDGE_CURVE('',#2266,#2267,#156,.T.);
#1719=EDGE_CURVE('',#2268,#2267,#2628,.T.);
#1720=EDGE_CURVE('',#2268,#2269,#157,.T.);
#1721=EDGE_CURVE('',#2269,#2266,#2629,.T.);
#1722=EDGE_CURVE('',#2270,#2271,#2630,.T.);
#1723=EDGE_CURVE('',#2271,#2272,#158,.T.);
#1724=EDGE_CURVE('',#2273,#2272,#2631,.T.);
#1725=EDGE_CURVE('',#2273,#2270,#159,.T.);
#1726=EDGE_CURVE('',#2167,#2274,#2632,.F.);
#1727=EDGE_CURVE('',#2274,#2275,#160,.F.);
#1728=EDGE_CURVE('',#2275,#2172,#2633,.T.);
#1729=EDGE_CURVE('',#2171,#2276,#2634,.F.);
#1730=EDGE_CURVE('',#2276,#2277,#161,.F.);
#1731=EDGE_CURVE('',#2277,#2178,#2635,.T.);
#1732=EDGE_CURVE('',#2177,#2278,#2636,.F.);
#1733=EDGE_CURVE('',#2278,#2279,#162,.F.);
#1734=EDGE_CURVE('',#2279,#2184,#2637,.T.);
#1735=EDGE_CURVE('',#2183,#2280,#2638,.F.);
#1736=EDGE_CURVE('',#2280,#2281,#163,.F.);
#1737=EDGE_CURVE('',#2281,#2190,#2639,.T.);
#1738=EDGE_CURVE('',#2189,#2282,#2640,.F.);
#1739=EDGE_CURVE('',#2282,#2283,#164,.F.);
#1740=EDGE_CURVE('',#2283,#2204,#2641,.T.);
#1741=EDGE_CURVE('',#2203,#2284,#2642,.F.);
#1742=EDGE_CURVE('',#2284,#2285,#165,.F.);
#1743=EDGE_CURVE('',#2285,#2267,#2643,.T.);
#1744=EDGE_CURVE('',#2286,#2266,#2644,.T.);
#1745=EDGE_CURVE('',#2287,#2286,#166,.F.);
#1746=EDGE_CURVE('',#2288,#2287,#2645,.F.);
#1747=EDGE_CURVE('',#2289,#2288,#167,.T.);
#1748=EDGE_CURVE('',#2290,#2289,#2646,.T.);
#1749=EDGE_CURVE('',#2291,#2290,#168,.F.);
#1750=EDGE_CURVE('',#2292,#2291,#2647,.F.);
#1751=EDGE_CURVE('',#2293,#2292,#169,.T.);
#1752=EDGE_CURVE('',#2294,#2293,#2648,.T.);
#1753=EDGE_CURVE('',#2295,#2294,#170,.F.);
#1754=EDGE_CURVE('',#2296,#2295,#2649,.F.);
#1755=EDGE_CURVE('',#2297,#2296,#171,.T.);
#1756=EDGE_CURVE('',#2298,#2297,#2650,.T.);
#1757=EDGE_CURVE('',#2299,#2298,#172,.F.);
#1758=EDGE_CURVE('',#2300,#2299,#2651,.F.);
#1759=EDGE_CURVE('',#2301,#2300,#173,.T.);
#1760=EDGE_CURVE('',#2302,#2301,#2652,.T.);
#1761=EDGE_CURVE('',#2303,#2302,#174,.F.);
#1762=EDGE_CURVE('',#2304,#2303,#2653,.F.);
#1763=EDGE_CURVE('',#2305,#2304,#175,.T.);
#1764=EDGE_CURVE('',#2306,#2305,#2654,.T.);
#1765=EDGE_CURVE('',#2307,#2306,#176,.F.);
#1766=EDGE_CURVE('',#2308,#2307,#2655,.F.);
#1767=EDGE_CURVE('',#2309,#2308,#177,.T.);
#1768=EDGE_CURVE('',#2310,#2309,#2656,.T.);
#1769=EDGE_CURVE('',#2311,#2310,#178,.F.);
#1770=EDGE_CURVE('',#2312,#2311,#2657,.F.);
#1771=EDGE_CURVE('',#2313,#2312,#179,.T.);
#1772=EDGE_CURVE('',#2314,#2313,#2658,.T.);
#1773=EDGE_CURVE('',#2315,#2314,#180,.F.);
#1774=EDGE_CURVE('',#2316,#2315,#2659,.F.);
#1775=EDGE_CURVE('',#2317,#2316,#181,.T.);
#1776=EDGE_CURVE('',#2318,#2317,#2660,.T.);
#1777=EDGE_CURVE('',#2319,#2318,#182,.F.);
#1778=EDGE_CURVE('',#2320,#2319,#2661,.F.);
#1779=EDGE_CURVE('',#2321,#2320,#183,.T.);
#1780=EDGE_CURVE('',#2322,#2321,#2662,.T.);
#1781=EDGE_CURVE('',#2323,#2322,#184,.F.);
#1782=EDGE_CURVE('',#2272,#2323,#2663,.F.);
#1783=EDGE_CURVE('',#2324,#2271,#2664,.T.);
#1784=EDGE_CURVE('',#2325,#2324,#185,.F.);
#1785=EDGE_CURVE('',#2168,#2325,#2665,.F.);
#1786=EDGE_CURVE('',#2326,#2326,#186,.T.);
#1787=EDGE_CURVE('',#2268,#2255,#66,.T.);
#1788=EDGE_CURVE('',#2269,#2254,#67,.T.);
#1789=EDGE_CURVE('',#2270,#2214,#68,.T.);
#1790=EDGE_CURVE('',#2215,#2273,#69,.T.);
#1791=EDGE_CURVE('',#2327,#2321,#2666,.T.);
#1792=EDGE_CURVE('',#2328,#2320,#2667,.T.);
#1793=EDGE_CURVE('',#2328,#2327,#187,.T.);
#1794=EDGE_CURVE('',#2327,#2218,#70,.T.);
#1795=EDGE_CURVE('',#2219,#2328,#71,.T.);
#1796=EDGE_CURVE('',#2329,#2317,#2668,.T.);
#1797=EDGE_CURVE('',#2330,#2316,#2669,.T.);
#1798=EDGE_CURVE('',#2330,#2329,#188,.T.);
#1799=EDGE_CURVE('',#2329,#2222,#72,.T.);
#1800=EDGE_CURVE('',#2223,#2330,#73,.T.);
#1801=EDGE_CURVE('',#2331,#2313,#2670,.T.);
#1802=EDGE_CURVE('',#2332,#2312,#2671,.T.);
#1803=EDGE_CURVE('',#2332,#2331,#189,.T.);
#1804=EDGE_CURVE('',#2331,#2226,#74,.T.);
#1805=EDGE_CURVE('',#2227,#2332,#75,.T.);
#1806=EDGE_CURVE('',#2333,#2309,#2672,.T.);
#1807=EDGE_CURVE('',#2334,#2308,#2673,.T.);
#1808=EDGE_CURVE('',#2334,#2333,#190,.T.);
#1809=EDGE_CURVE('',#2333,#2230,#76,.T.);
#1810=EDGE_CURVE('',#2231,#2334,#77,.T.);
#1811=EDGE_CURVE('',#2335,#2305,#2674,.T.);
#1812=EDGE_CURVE('',#2336,#2304,#2675,.T.);
#1813=EDGE_CURVE('',#2336,#2335,#191,.T.);
#1814=EDGE_CURVE('',#2335,#2234,#78,.T.);
#1815=EDGE_CURVE('',#2235,#2336,#79,.T.);
#1816=EDGE_CURVE('',#2337,#2301,#2676,.T.);
#1817=EDGE_CURVE('',#2338,#2300,#2677,.T.);
#1818=EDGE_CURVE('',#2338,#2337,#192,.T.);
#1819=EDGE_CURVE('',#2337,#2238,#80,.T.);
#1820=EDGE_CURVE('',#2239,#2338,#81,.T.);
#1821=EDGE_CURVE('',#2339,#2297,#2678,.T.);
#1822=EDGE_CURVE('',#2340,#2296,#2679,.T.);
#1823=EDGE_CURVE('',#2340,#2339,#193,.T.);
#1824=EDGE_CURVE('',#2339,#2242,#82,.T.);
#1825=EDGE_CURVE('',#2243,#2340,#83,.T.);
#1826=EDGE_CURVE('',#2341,#2293,#2680,.T.);
#1827=EDGE_CURVE('',#2342,#2292,#2681,.T.);
#1828=EDGE_CURVE('',#2342,#2341,#194,.T.);
#1829=EDGE_CURVE('',#2341,#2246,#84,.T.);
#1830=EDGE_CURVE('',#2247,#2342,#85,.T.);
#1831=EDGE_CURVE('',#2343,#2289,#2682,.T.);
#1832=EDGE_CURVE('',#2344,#2288,#2683,.T.);
#1833=EDGE_CURVE('',#2344,#2343,#195,.T.);
#1834=EDGE_CURVE('',#2343,#2250,#86,.T.);
#1835=EDGE_CURVE('',#2251,#2344,#87,.T.);
#1836=EDGE_CURVE('',#2345,#2345,#196,.F.);
#1837=EDGE_CURVE('',#2346,#2346,#197,.T.);
#1838=EDGE_CURVE('',#2118,#2117,#198,.T.);
#1839=EDGE_CURVE('',#2123,#2124,#199,.T.);
#1840=EDGE_CURVE('',#2121,#2122,#200,.T.);
#1841=EDGE_CURVE('',#2119,#2120,#201,.T.);
#1842=EDGE_CURVE('',#2128,#2131,#2684,.T.);
#1843=EDGE_CURVE('',#2132,#2127,#2685,.T.);
#1844=EDGE_CURVE('',#2136,#2139,#2686,.T.);
#1845=EDGE_CURVE('',#2140,#2135,#2687,.T.);
#1846=EDGE_CURVE('',#2144,#2147,#2688,.T.);
#1847=EDGE_CURVE('',#2148,#2143,#2689,.T.);
#1848=EDGE_CURVE('',#2152,#2155,#2690,.T.);
#1849=EDGE_CURVE('',#2156,#2151,#2691,.T.);
#1850=EDGE_CURVE('',#2160,#2163,#2692,.T.);
#1851=EDGE_CURVE('',#2164,#2159,#2693,.T.);
#1852=EDGE_CURVE('',#2198,#2201,#2694,.T.);
#1853=EDGE_CURVE('',#2202,#2197,#2695,.T.);
#1854=EDGE_CURVE('',#2347,#2347,#202,.F.);
#1855=EDGE_CURVE('',#2348,#2348,#203,.T.);
#1856=EDGE_CURVE('',#2349,#2349,#204,.T.);
#1857=EDGE_CURVE('',#2350,#2350,#205,.T.);
#1858=EDGE_CURVE('',#2351,#2351,#206,.T.);
#1859=EDGE_CURVE('',#2352,#2353,#2696,.T.);
#1860=EDGE_CURVE('',#2354,#2352,#2697,.T.);
#1861=EDGE_CURVE('',#2355,#2354,#2698,.T.);
#1862=EDGE_CURVE('',#2355,#2353,#2699,.T.);
#1863=EDGE_CURVE('',#2356,#2357,#2700,.T.);
#1864=EDGE_CURVE('',#2358,#2356,#2701,.T.);
#1865=EDGE_CURVE('',#2359,#2358,#2702,.T.);
#1866=EDGE_CURVE('',#2359,#2357,#2703,.T.);
#1867=EDGE_CURVE('',#2360,#2361,#2704,.T.);
#1868=EDGE_CURVE('',#2362,#2360,#2705,.T.);
#1869=EDGE_CURVE('',#2363,#2362,#2706,.T.);
#1870=EDGE_CURVE('',#2363,#2361,#2707,.T.);
#1871=EDGE_CURVE('',#2364,#2365,#2708,.T.);
#1872=EDGE_CURVE('',#2366,#2364,#2709,.T.);
#1873=EDGE_CURVE('',#2367,#2366,#2710,.T.);
#1874=EDGE_CURVE('',#2367,#2365,#2711,.T.);
#1875=EDGE_CURVE('',#2368,#2369,#2712,.T.);
#1876=EDGE_CURVE('',#2370,#2368,#2713,.T.);
#1877=EDGE_CURVE('',#2371,#2370,#2714,.T.);
#1878=EDGE_CURVE('',#2371,#2369,#2715,.T.);
#1879=EDGE_CURVE('',#2372,#2373,#2716,.T.);
#1880=EDGE_CURVE('',#2374,#2372,#2717,.T.);
#1881=EDGE_CURVE('',#2375,#2374,#2718,.T.);
#1882=EDGE_CURVE('',#2375,#2373,#2719,.T.);
#1883=EDGE_CURVE('',#2376,#2377,#2720,.T.);
#1884=EDGE_CURVE('',#2378,#2376,#2721,.T.);
#1885=EDGE_CURVE('',#2378,#2379,#2722,.T.);
#1886=EDGE_CURVE('',#2377,#2379,#2723,.T.);
#1887=EDGE_CURVE('',#2380,#2381,#2724,.T.);
#1888=EDGE_CURVE('',#2382,#2380,#2725,.T.);
#1889=EDGE_CURVE('',#2382,#2383,#2726,.T.);
#1890=EDGE_CURVE('',#2381,#2383,#2727,.T.);
#1891=EDGE_CURVE('',#2384,#2385,#2728,.T.);
#1892=EDGE_CURVE('',#2386,#2384,#2729,.T.);
#1893=EDGE_CURVE('',#2386,#2387,#2730,.T.);
#1894=EDGE_CURVE('',#2385,#2387,#2731,.T.);
#1895=EDGE_CURVE('',#2388,#2389,#2732,.T.);
#1896=EDGE_CURVE('',#2390,#2388,#2733,.T.);
#1897=EDGE_CURVE('',#2390,#2391,#2734,.T.);
#1898=EDGE_CURVE('',#2389,#2391,#2735,.T.);
#1899=EDGE_CURVE('',#2392,#2393,#2736,.T.);
#1900=EDGE_CURVE('',#2394,#2392,#2737,.T.);
#1901=EDGE_CURVE('',#2394,#2395,#2738,.T.);
#1902=EDGE_CURVE('',#2393,#2395,#2739,.T.);
#1903=EDGE_CURVE('',#2396,#2397,#2740,.T.);
#1904=EDGE_CURVE('',#2398,#2396,#2741,.T.);
#1905=EDGE_CURVE('',#2398,#2399,#2742,.T.);
#1906=EDGE_CURVE('',#2397,#2399,#2743,.T.);
#1907=EDGE_CURVE('',#2400,#2401,#2744,.T.);
#1908=EDGE_CURVE('',#2402,#2400,#2745,.T.);
#1909=EDGE_CURVE('',#2402,#2403,#2746,.T.);
#1910=EDGE_CURVE('',#2401,#2403,#2747,.T.);
#1911=EDGE_CURVE('',#2404,#2405,#2748,.T.);
#1912=EDGE_CURVE('',#2406,#2404,#2749,.T.);
#1913=EDGE_CURVE('',#2406,#2407,#2750,.T.);
#1914=EDGE_CURVE('',#2405,#2407,#2751,.T.);
#1915=EDGE_CURVE('',#2408,#2409,#2752,.T.);
#1916=EDGE_CURVE('',#2410,#2408,#2753,.T.);
#1917=EDGE_CURVE('',#2410,#2411,#2754,.T.);
#1918=EDGE_CURVE('',#2409,#2411,#2755,.T.);
#1919=EDGE_CURVE('',#2412,#2413,#2756,.T.);
#1920=EDGE_CURVE('',#2414,#2412,#2757,.T.);
#1921=EDGE_CURVE('',#2414,#2415,#2758,.T.);
#1922=EDGE_CURVE('',#2413,#2415,#2759,.T.);
#1923=EDGE_CURVE('',#2416,#2417,#2760,.T.);
#1924=EDGE_CURVE('',#2418,#2416,#2761,.T.);
#1925=EDGE_CURVE('',#2418,#2419,#2762,.T.);
#1926=EDGE_CURVE('',#2417,#2419,#2763,.T.);
#1927=EDGE_CURVE('',#2419,#2110,#207,.T.);
#1928=EDGE_CURVE('',#2113,#2417,#208,.T.);
#1929=EDGE_CURVE('',#2114,#2416,#209,.T.);
#1930=EDGE_CURVE('',#2418,#2109,#210,.T.);
#1931=EDGE_CURVE('',#2252,#2287,#2764,.T.);
#1932=EDGE_CURVE('',#2253,#2286,#2765,.T.);
#1933=EDGE_CURVE('',#2415,#2102,#211,.T.);
#1934=EDGE_CURVE('',#2105,#2413,#212,.T.);
#1935=EDGE_CURVE('',#2106,#2412,#213,.T.);
#1936=EDGE_CURVE('',#2414,#2101,#214,.T.);
#1937=EDGE_CURVE('',#2411,#2094,#215,.T.);
#1938=EDGE_CURVE('',#2097,#2409,#216,.T.);
#1939=EDGE_CURVE('',#2098,#2408,#217,.T.);
#1940=EDGE_CURVE('',#2410,#2093,#218,.T.);
#1941=EDGE_CURVE('',#2407,#2086,#219,.T.);
#1942=EDGE_CURVE('',#2089,#2405,#220,.T.);
#1943=EDGE_CURVE('',#2090,#2404,#221,.T.);
#1944=EDGE_CURVE('',#2406,#2085,#222,.T.);
#1945=EDGE_CURVE('',#2403,#2078,#223,.T.);
#1946=EDGE_CURVE('',#2081,#2401,#224,.T.);
#1947=EDGE_CURVE('',#2082,#2400,#225,.T.);
#1948=EDGE_CURVE('',#2402,#2077,#226,.T.);
#1949=EDGE_CURVE('',#2399,#2070,#227,.T.);
#1950=EDGE_CURVE('',#2073,#2397,#228,.T.);
#1951=EDGE_CURVE('',#2074,#2396,#229,.T.);
#1952=EDGE_CURVE('',#2398,#2069,#230,.T.);
#1953=EDGE_CURVE('',#2395,#2062,#231,.T.);
#1954=EDGE_CURVE('',#2065,#2393,#232,.T.);
#1955=EDGE_CURVE('',#2066,#2392,#233,.T.);
#1956=EDGE_CURVE('',#2394,#2061,#234,.T.);
#1957=EDGE_CURVE('',#2391,#2054,#235,.T.);
#1958=EDGE_CURVE('',#2057,#2389,#236,.T.);
#1959=EDGE_CURVE('',#2058,#2388,#237,.T.);
#1960=EDGE_CURVE('',#2390,#2053,#238,.T.);
#1961=EDGE_CURVE('',#2387,#2046,#239,.T.);
#1962=EDGE_CURVE('',#2049,#2385,#240,.T.);
#1963=EDGE_CURVE('',#2050,#2384,#241,.T.);
#1964=EDGE_CURVE('',#2386,#2045,#242,.T.);
#1965=EDGE_CURVE('',#2383,#2038,#243,.T.);
#1966=EDGE_CURVE('',#2041,#2381,#244,.T.);
#1967=EDGE_CURVE('',#2042,#2380,#245,.T.);
#1968=EDGE_CURVE('',#2382,#2037,#246,.T.);
#1969=EDGE_CURVE('',#2379,#2030,#247,.T.);
#1970=EDGE_CURVE('',#2033,#2377,#248,.T.);
#1971=EDGE_CURVE('',#2034,#2376,#249,.T.);
#1972=EDGE_CURVE('',#2378,#2029,#250,.T.);
#1973=EDGE_CURVE('',#2248,#2291,#2766,.T.);
#1974=EDGE_CURVE('',#2249,#2290,#2767,.T.);
#1975=EDGE_CURVE('',#2244,#2295,#2768,.T.);
#1976=EDGE_CURVE('',#2245,#2294,#2769,.T.);
#1977=EDGE_CURVE('',#2240,#2299,#2770,.T.);
#1978=EDGE_CURVE('',#2241,#2298,#2771,.T.);
#1979=EDGE_CURVE('',#2236,#2303,#2772,.T.);
#1980=EDGE_CURVE('',#2237,#2302,#2773,.T.);
#1981=EDGE_CURVE('',#2232,#2307,#2774,.T.);
#1982=EDGE_CURVE('',#2233,#2306,#2775,.T.);
#1983=EDGE_CURVE('',#2228,#2311,#2776,.T.);
#1984=EDGE_CURVE('',#2229,#2310,#2777,.T.);
#1985=EDGE_CURVE('',#2224,#2315,#2778,.T.);
#1986=EDGE_CURVE('',#2225,#2314,#2779,.T.);
#1987=EDGE_CURVE('',#2220,#2319,#2780,.T.);
#1988=EDGE_CURVE('',#2221,#2318,#2781,.T.);
#1989=EDGE_CURVE('',#2216,#2323,#2782,.T.);
#1990=EDGE_CURVE('',#2217,#2322,#2783,.T.);
#1991=EDGE_CURVE('',#2212,#2325,#2784,.T.);
#1992=EDGE_CURVE('',#2213,#2324,#2785,.T.);
#1993=EDGE_CURVE('',#2373,#2196,#251,.T.);
#1994=EDGE_CURVE('',#2199,#2372,#252,.T.);
#1995=EDGE_CURVE('',#2200,#2374,#253,.T.);
#1996=EDGE_CURVE('',#2375,#2195,#254,.T.);
#1997=EDGE_CURVE('',#2257,#2284,#2786,.T.);
#1998=EDGE_CURVE('',#2256,#2285,#2787,.T.);
#1999=EDGE_CURVE('',#2369,#2158,#255,.T.);
#2000=EDGE_CURVE('',#2161,#2368,#256,.T.);
#2001=EDGE_CURVE('',#2162,#2370,#257,.T.);
#2002=EDGE_CURVE('',#2371,#2157,#258,.T.);
#2003=EDGE_CURVE('',#2365,#2150,#259,.T.);
#2004=EDGE_CURVE('',#2153,#2364,#260,.T.);
#2005=EDGE_CURVE('',#2154,#2366,#261,.T.);
#2006=EDGE_CURVE('',#2367,#2149,#262,.T.);
#2007=EDGE_CURVE('',#2361,#2142,#263,.T.);
#2008=EDGE_CURVE('',#2145,#2360,#264,.T.);
#2009=EDGE_CURVE('',#2146,#2362,#265,.T.);
#2010=EDGE_CURVE('',#2363,#2141,#266,.T.);
#2011=EDGE_CURVE('',#2357,#2134,#267,.T.);
#2012=EDGE_CURVE('',#2137,#2356,#268,.T.);
#2013=EDGE_CURVE('',#2138,#2358,#269,.T.);
#2014=EDGE_CURVE('',#2359,#2133,#270,.T.);
#2015=EDGE_CURVE('',#2353,#2126,#271,.T.);
#2016=EDGE_CURVE('',#2129,#2352,#272,.T.);
#2017=EDGE_CURVE('',#2130,#2354,#273,.T.);
#2018=EDGE_CURVE('',#2355,#2125,#274,.T.);
#2019=EDGE_CURVE('',#2258,#2283,#2788,.T.);
#2020=EDGE_CURVE('',#2259,#2282,#2789,.T.);
#2021=EDGE_CURVE('',#2260,#2281,#2790,.T.);
#2022=EDGE_CURVE('',#2261,#2280,#2791,.T.);
#2023=EDGE_CURVE('',#2262,#2279,#2792,.T.);
#2024=EDGE_CURVE('',#2263,#2278,#2793,.T.);
#2025=EDGE_CURVE('',#2264,#2277,#2794,.T.);
#2026=EDGE_CURVE('',#2265,#2276,#2795,.T.);
#2027=EDGE_CURVE('',#2211,#2275,#2796,.T.);
#2028=EDGE_CURVE('',#2210,#2274,#2797,.T.);
#2029=VERTEX_POINT('',#5509);
#2030=VERTEX_POINT('',#5510);
#2031=VERTEX_POINT('',#5512);
#2032=VERTEX_POINT('',#5514);
#2033=VERTEX_POINT('',#5518);
#2034=VERTEX_POINT('',#5519);
#2035=VERTEX_POINT('',#5521);
#2036=VERTEX_POINT('',#5523);
#2037=VERTEX_POINT('',#5527);
#2038=VERTEX_POINT('',#5528);
#2039=VERTEX_POINT('',#5530);
#2040=VERTEX_POINT('',#5532);
#2041=VERTEX_POINT('',#5536);
#2042=VERTEX_POINT('',#5537);
#2043=VERTEX_POINT('',#5539);
#2044=VERTEX_POINT('',#5541);
#2045=VERTEX_POINT('',#5545);
#2046=VERTEX_POINT('',#5546);
#2047=VERTEX_POINT('',#5548);
#2048=VERTEX_POINT('',#5550);
#2049=VERTEX_POINT('',#5554);
#2050=VERTEX_POINT('',#5555);
#2051=VERTEX_POINT('',#5557);
#2052=VERTEX_POINT('',#5559);
#2053=VERTEX_POINT('',#5563);
#2054=VERTEX_POINT('',#5564);
#2055=VERTEX_POINT('',#5566);
#2056=VERTEX_POINT('',#5568);
#2057=VERTEX_POINT('',#5572);
#2058=VERTEX_POINT('',#5573);
#2059=VERTEX_POINT('',#5575);
#2060=VERTEX_POINT('',#5577);
#2061=VERTEX_POINT('',#5581);
#2062=VERTEX_POINT('',#5582);
#2063=VERTEX_POINT('',#5584);
#2064=VERTEX_POINT('',#5586);
#2065=VERTEX_POINT('',#5590);
#2066=VERTEX_POINT('',#5591);
#2067=VERTEX_POINT('',#5593);
#2068=VERTEX_POINT('',#5595);
#2069=VERTEX_POINT('',#5599);
#2070=VERTEX_POINT('',#5600);
#2071=VERTEX_POINT('',#5602);
#2072=VERTEX_POINT('',#5604);
#2073=VERTEX_POINT('',#5608);
#2074=VERTEX_POINT('',#5609);
#2075=VERTEX_POINT('',#5611);
#2076=VERTEX_POINT('',#5613);
#2077=VERTEX_POINT('',#5617);
#2078=VERTEX_POINT('',#5618);
#2079=VERTEX_POINT('',#5620);
#2080=VERTEX_POINT('',#5622);
#2081=VERTEX_POINT('',#5626);
#2082=VERTEX_POINT('',#5627);
#2083=VERTEX_POINT('',#5629);
#2084=VERTEX_POINT('',#5631);
#2085=VERTEX_POINT('',#5635);
#2086=VERTEX_POINT('',#5636);
#2087=VERTEX_POINT('',#5638);
#2088=VERTEX_POINT('',#5640);
#2089=VERTEX_POINT('',#5644);
#2090=VERTEX_POINT('',#5645);
#2091=VERTEX_POINT('',#5647);
#2092=VERTEX_POINT('',#5649);
#2093=VERTEX_POINT('',#5653);
#2094=VERTEX_POINT('',#5654);
#2095=VERTEX_POINT('',#5656);
#2096=VERTEX_POINT('',#5658);
#2097=VERTEX_POINT('',#5662);
#2098=VERTEX_POINT('',#5663);
#2099=VERTEX_POINT('',#5665);
#2100=VERTEX_POINT('',#5667);
#2101=VERTEX_POINT('',#5671);
#2102=VERTEX_POINT('',#5672);
#2103=VERTEX_POINT('',#5674);
#2104=VERTEX_POINT('',#5676);
#2105=VERTEX_POINT('',#5680);
#2106=VERTEX_POINT('',#5681);
#2107=VERTEX_POINT('',#5683);
#2108=VERTEX_POINT('',#5685);
#2109=VERTEX_POINT('',#5689);
#2110=VERTEX_POINT('',#5690);
#2111=VERTEX_POINT('',#5692);
#2112=VERTEX_POINT('',#5694);
#2113=VERTEX_POINT('',#5698);
#2114=VERTEX_POINT('',#5699);
#2115=VERTEX_POINT('',#5701);
#2116=VERTEX_POINT('',#5703);
#2117=VERTEX_POINT('',#5729);
#2118=VERTEX_POINT('',#5730);
#2119=VERTEX_POINT('',#5732);
#2120=VERTEX_POINT('',#5734);
#2121=VERTEX_POINT('',#5736);
#2122=VERTEX_POINT('',#5738);
#2123=VERTEX_POINT('',#5740);
#2124=VERTEX_POINT('',#5742);
#2125=VERTEX_POINT('',#5746);
#2126=VERTEX_POINT('',#5747);
#2127=VERTEX_POINT('',#5749);
#2128=VERTEX_POINT('',#5751);
#2129=VERTEX_POINT('',#5755);
#2130=VERTEX_POINT('',#5756);
#2131=VERTEX_POINT('',#5758);
#2132=VERTEX_POINT('',#5760);
#2133=VERTEX_POINT('',#5764);
#2134=VERTEX_POINT('',#5765);
#2135=VERTEX_POINT('',#5767);
#2136=VERTEX_POINT('',#5769);
#2137=VERTEX_POINT('',#5773);
#2138=VERTEX_POINT('',#5774);
#2139=VERTEX_POINT('',#5776);
#2140=VERTEX_POINT('',#5778);
#2141=VERTEX_POINT('',#5782);
#2142=VERTEX_POINT('',#5783);
#2143=VERTEX_POINT('',#5785);
#2144=VERTEX_POINT('',#5787);
#2145=VERTEX_POINT('',#5791);
#2146=VERTEX_POINT('',#5792);
#2147=VERTEX_POINT('',#5794);
#2148=VERTEX_POINT('',#5796);
#2149=VERTEX_POINT('',#5800);
#2150=VERTEX_POINT('',#5801);
#2151=VERTEX_POINT('',#5803);
#2152=VERTEX_POINT('',#5805);
#2153=VERTEX_POINT('',#5809);
#2154=VERTEX_POINT('',#5810);
#2155=VERTEX_POINT('',#5812);
#2156=VERTEX_POINT('',#5814);
#2157=VERTEX_POINT('',#5818);
#2158=VERTEX_POINT('',#5819);
#2159=VERTEX_POINT('',#5821);
#2160=VERTEX_POINT('',#5823);
#2161=VERTEX_POINT('',#5827);
#2162=VERTEX_POINT('',#5828);
#2163=VERTEX_POINT('',#5830);
#2164=VERTEX_POINT('',#5832);
#2165=VERTEX_POINT('',#5836);
#2166=VERTEX_POINT('',#5837);
#2167=VERTEX_POINT('',#5839);
#2168=VERTEX_POINT('',#5841);
#2169=VERTEX_POINT('',#5848);
#2170=VERTEX_POINT('',#5853);
#2171=VERTEX_POINT('',#5857);
#2172=VERTEX_POINT('',#5858);
#2173=VERTEX_POINT('',#5860);
#2174=VERTEX_POINT('',#5862);
#2175=VERTEX_POINT('',#5869);
#2176=VERTEX_POINT('',#5871);
#2177=VERTEX_POINT('',#5878);
#2178=VERTEX_POINT('',#5879);
#2179=VERTEX_POINT('',#5881);
#2180=VERTEX_POINT('',#5883);
#2181=VERTEX_POINT('',#5890);
#2182=VERTEX_POINT('',#5892);
#2183=VERTEX_POINT('',#5899);
#2184=VERTEX_POINT('',#5900);
#2185=VERTEX_POINT('',#5902);
#2186=VERTEX_POINT('',#5904);
#2187=VERTEX_POINT('',#5911);
#2188=VERTEX_POINT('',#5913);
#2189=VERTEX_POINT('',#5920);
#2190=VERTEX_POINT('',#5921);
#2191=VERTEX_POINT('',#5923);
#2192=VERTEX_POINT('',#5925);
#2193=VERTEX_POINT('',#5932);
#2194=VERTEX_POINT('',#5934);
#2195=VERTEX_POINT('',#5941);
#2196=VERTEX_POINT('',#5942);
#2197=VERTEX_POINT('',#5944);
#2198=VERTEX_POINT('',#5946);
#2199=VERTEX_POINT('',#5950);
#2200=VERTEX_POINT('',#5951);
#2201=VERTEX_POINT('',#5953);
#2202=VERTEX_POINT('',#5955);
#2203=VERTEX_POINT('',#5959);
#2204=VERTEX_POINT('',#5960);
#2205=VERTEX_POINT('',#5962);
#2206=VERTEX_POINT('',#5964);
#2207=VERTEX_POINT('',#5971);
#2208=VERTEX_POINT('',#5973);
#2209=VERTEX_POINT('',#5980);
#2210=VERTEX_POINT('',#5982);
#2211=VERTEX_POINT('',#5983);
#2212=VERTEX_POINT('',#5986);
#2213=VERTEX_POINT('',#5988);
#2214=VERTEX_POINT('',#5990);
#2215=VERTEX_POINT('',#5992);
#2216=VERTEX_POINT('',#5994);
#2217=VERTEX_POINT('',#5996);
#2218=VERTEX_POINT('',#5998);
#2219=VERTEX_POINT('',#6000);
#2220=VERTEX_POINT('',#6002);
#2221=VERTEX_POINT('',#6004);
#2222=VERTEX_POINT('',#6006);
#2223=VERTEX_POINT('',#6008);
#2224=VERTEX_POINT('',#6010);
#2225=VERTEX_POINT('',#6012);
#2226=VERTEX_POINT('',#6014);
#2227=VERTEX_POINT('',#6016);
#2228=VERTEX_POINT('',#6018);
#2229=VERTEX_POINT('',#6020);
#2230=VERTEX_POINT('',#6022);
#2231=VERTEX_POINT('',#6024);
#2232=VERTEX_POINT('',#6026);
#2233=VERTEX_POINT('',#6028);
#2234=VERTEX_POINT('',#6030);
#2235=VERTEX_POINT('',#6032);
#2236=VERTEX_POINT('',#6034);
#2237=VERTEX_POINT('',#6036);
#2238=VERTEX_POINT('',#6038);
#2239=VERTEX_POINT('',#6040);
#2240=VERTEX_POINT('',#6042);
#2241=VERTEX_POINT('',#6044);
#2242=VERTEX_POINT('',#6046);
#2243=VERTEX_POINT('',#6048);
#2244=VERTEX_POINT('',#6050);
#2245=VERTEX_POINT('',#6052);
#2246=VERTEX_POINT('',#6054);
#2247=VERTEX_POINT('',#6056);
#2248=VERTEX_POINT('',#6058);
#2249=VERTEX_POINT('',#6060);
#2250=VERTEX_POINT('',#6062);
#2251=VERTEX_POINT('',#6064);
#2252=VERTEX_POINT('',#6066);
#2253=VERTEX_POINT('',#6068);
#2254=VERTEX_POINT('',#6070);
#2255=VERTEX_POINT('',#6072);
#2256=VERTEX_POINT('',#6074);
#2257=VERTEX_POINT('',#6076);
#2258=VERTEX_POINT('',#6079);
#2259=VERTEX_POINT('',#6081);
#2260=VERTEX_POINT('',#6084);
#2261=VERTEX_POINT('',#6086);
#2262=VERTEX_POINT('',#6089);
#2263=VERTEX_POINT('',#6091);
#2264=VERTEX_POINT('',#6094);
#2265=VERTEX_POINT('',#6096);
#2266=VERTEX_POINT('',#6101);
#2267=VERTEX_POINT('',#6102);
#2268=VERTEX_POINT('',#6104);
#2269=VERTEX_POINT('',#6106);
#2270=VERTEX_POINT('',#6110);
#2271=VERTEX_POINT('',#6111);
#2272=VERTEX_POINT('',#6113);
#2273=VERTEX_POINT('',#6115);
#2274=VERTEX_POINT('',#6119);
#2275=VERTEX_POINT('',#6121);
#2276=VERTEX_POINT('',#6124);
#2277=VERTEX_POINT('',#6126);
#2278=VERTEX_POINT('',#6129);
#2279=VERTEX_POINT('',#6131);
#2280=VERTEX_POINT('',#6134);
#2281=VERTEX_POINT('',#6136);
#2282=VERTEX_POINT('',#6139);
#2283=VERTEX_POINT('',#6141);
#2284=VERTEX_POINT('',#6144);
#2285=VERTEX_POINT('',#6146);
#2286=VERTEX_POINT('',#6149);
#2287=VERTEX_POINT('',#6151);
#2288=VERTEX_POINT('',#6153);
#2289=VERTEX_POINT('',#6155);
#2290=VERTEX_POINT('',#6157);
#2291=VERTEX_POINT('',#6159);
#2292=VERTEX_POINT('',#6161);
#2293=VERTEX_POINT('',#6163);
#2294=VERTEX_POINT('',#6165);
#2295=VERTEX_POINT('',#6167);
#2296=VERTEX_POINT('',#6169);
#2297=VERTEX_POINT('',#6171);
#2298=VERTEX_POINT('',#6173);
#2299=VERTEX_POINT('',#6175);
#2300=VERTEX_POINT('',#6177);
#2301=VERTEX_POINT('',#6179);
#2302=VERTEX_POINT('',#6181);
#2303=VERTEX_POINT('',#6183);
#2304=VERTEX_POINT('',#6185);
#2305=VERTEX_POINT('',#6187);
#2306=VERTEX_POINT('',#6189);
#2307=VERTEX_POINT('',#6191);
#2308=VERTEX_POINT('',#6193);
#2309=VERTEX_POINT('',#6195);
#2310=VERTEX_POINT('',#6197);
#2311=VERTEX_POINT('',#6199);
#2312=VERTEX_POINT('',#6201);
#2313=VERTEX_POINT('',#6203);
#2314=VERTEX_POINT('',#6205);
#2315=VERTEX_POINT('',#6207);
#2316=VERTEX_POINT('',#6209);
#2317=VERTEX_POINT('',#6211);
#2318=VERTEX_POINT('',#6213);
#2319=VERTEX_POINT('',#6215);
#2320=VERTEX_POINT('',#6217);
#2321=VERTEX_POINT('',#6219);
#2322=VERTEX_POINT('',#6221);
#2323=VERTEX_POINT('',#6223);
#2324=VERTEX_POINT('',#6226);
#2325=VERTEX_POINT('',#6228);
#2326=VERTEX_POINT('',#6231);
#2327=VERTEX_POINT('',#6252);
#2328=VERTEX_POINT('',#6254);
#2329=VERTEX_POINT('',#6267);
#2330=VERTEX_POINT('',#6269);
#2331=VERTEX_POINT('',#6282);
#2332=VERTEX_POINT('',#6284);
#2333=VERTEX_POINT('',#6297);
#2334=VERTEX_POINT('',#6299);
#2335=VERTEX_POINT('',#6312);
#2336=VERTEX_POINT('',#6314);
#2337=VERTEX_POINT('',#6327);
#2338=VERTEX_POINT('',#6329);
#2339=VERTEX_POINT('',#6342);
#2340=VERTEX_POINT('',#6344);
#2341=VERTEX_POINT('',#6357);
#2342=VERTEX_POINT('',#6359);
#2343=VERTEX_POINT('',#6372);
#2344=VERTEX_POINT('',#6374);
#2345=VERTEX_POINT('',#6387);
#2346=VERTEX_POINT('',#6389);
#2347=VERTEX_POINT('',#6409);
#2348=VERTEX_POINT('',#6412);
#2349=VERTEX_POINT('',#6415);
#2350=VERTEX_POINT('',#6419);
#2351=VERTEX_POINT('',#6421);
#2352=VERTEX_POINT('',#6423);
#2353=VERTEX_POINT('',#6424);
#2354=VERTEX_POINT('',#6426);
#2355=VERTEX_POINT('',#6428);
#2356=VERTEX_POINT('',#6431);
#2357=VERTEX_POINT('',#6432);
#2358=VERTEX_POINT('',#6434);
#2359=VERTEX_POINT('',#6436);
#2360=VERTEX_POINT('',#6439);
#2361=VERTEX_POINT('',#6440);
#2362=VERTEX_POINT('',#6442);
#2363=VERTEX_POINT('',#6444);
#2364=VERTEX_POINT('',#6447);
#2365=VERTEX_POINT('',#6448);
#2366=VERTEX_POINT('',#6450);
#2367=VERTEX_POINT('',#6452);
#2368=VERTEX_POINT('',#6455);
#2369=VERTEX_POINT('',#6456);
#2370=VERTEX_POINT('',#6458);
#2371=VERTEX_POINT('',#6460);
#2372=VERTEX_POINT('',#6463);
#2373=VERTEX_POINT('',#6464);
#2374=VERTEX_POINT('',#6466);
#2375=VERTEX_POINT('',#6468);
#2376=VERTEX_POINT('',#6471);
#2377=VERTEX_POINT('',#6472);
#2378=VERTEX_POINT('',#6474);
#2379=VERTEX_POINT('',#6476);
#2380=VERTEX_POINT('',#6479);
#2381=VERTEX_POINT('',#6480);
#2382=VERTEX_POINT('',#6482);
#2383=VERTEX_POINT('',#6484);
#2384=VERTEX_POINT('',#6487);
#2385=VERTEX_POINT('',#6488);
#2386=VERTEX_POINT('',#6490);
#2387=VERTEX_POINT('',#6492);
#2388=VERTEX_POINT('',#6495);
#2389=VERTEX_POINT('',#6496);
#2390=VERTEX_POINT('',#6498);
#2391=VERTEX_POINT('',#6500);
#2392=VERTEX_POINT('',#6503);
#2393=VERTEX_POINT('',#6504);
#2394=VERTEX_POINT('',#6506);
#2395=VERTEX_POINT('',#6508);
#2396=VERTEX_POINT('',#6511);
#2397=VERTEX_POINT('',#6512);
#2398=VERTEX_POINT('',#6514);
#2399=VERTEX_POINT('',#6516);
#2400=VERTEX_POINT('',#6519);
#2401=VERTEX_POINT('',#6520);
#2402=VERTEX_POINT('',#6522);
#2403=VERTEX_POINT('',#6524);
#2404=VERTEX_POINT('',#6527);
#2405=VERTEX_POINT('',#6528);
#2406=VERTEX_POINT('',#6530);
#2407=VERTEX_POINT('',#6532);
#2408=VERTEX_POINT('',#6535);
#2409=VERTEX_POINT('',#6536);
#2410=VERTEX_POINT('',#6538);
#2411=VERTEX_POINT('',#6540);
#2412=VERTEX_POINT('',#6543);
#2413=VERTEX_POINT('',#6544);
#2414=VERTEX_POINT('',#6546);
#2415=VERTEX_POINT('',#6548);
#2416=VERTEX_POINT('',#6551);
#2417=VERTEX_POINT('',#6552);
#2418=VERTEX_POINT('',#6554);
#2419=VERTEX_POINT('',#6556);
#2420=LINE('',#5508,#2798);
#2421=LINE('',#5511,#2799);
#2422=LINE('',#5513,#2800);
#2423=LINE('',#5515,#2801);
#2424=LINE('',#5517,#2802);
#2425=LINE('',#5520,#2803);
#2426=LINE('',#5522,#2804);
#2427=LINE('',#5524,#2805);
#2428=LINE('',#5526,#2806);
#2429=LINE('',#5529,#2807);
#2430=LINE('',#5531,#2808);
#2431=LINE('',#5533,#2809);
#2432=LINE('',#5535,#2810);
#2433=LINE('',#5538,#2811);
#2434=LINE('',#5540,#2812);
#2435=LINE('',#5542,#2813);
#2436=LINE('',#5544,#2814);
#2437=LINE('',#5547,#2815);
#2438=LINE('',#5549,#2816);
#2439=LINE('',#5551,#2817);
#2440=LINE('',#5553,#2818);
#2441=LINE('',#5556,#2819);
#2442=LINE('',#5558,#2820);
#2443=LINE('',#5560,#2821);
#2444=LINE('',#5562,#2822);
#2445=LINE('',#5565,#2823);
#2446=LINE('',#5567,#2824);
#2447=LINE('',#5569,#2825);
#2448=LINE('',#5571,#2826);
#2449=LINE('',#5574,#2827);
#2450=LINE('',#5576,#2828);
#2451=LINE('',#5578,#2829);
#2452=LINE('',#5580,#2830);
#2453=LINE('',#5583,#2831);
#2454=LINE('',#5585,#2832);
#2455=LINE('',#5587,#2833);
#2456=LINE('',#5589,#2834);
#2457=LINE('',#5592,#2835);
#2458=LINE('',#5594,#2836);
#2459=LINE('',#5596,#2837);
#2460=LINE('',#5598,#2838);
#2461=LINE('',#5601,#2839);
#2462=LINE('',#5603,#2840);
#2463=LINE('',#5605,#2841);
#2464=LINE('',#5607,#2842);
#2465=LINE('',#5610,#2843);
#2466=LINE('',#5612,#2844);
#2467=LINE('',#5614,#2845);
#2468=LINE('',#5616,#2846);
#2469=LINE('',#5619,#2847);
#2470=LINE('',#5621,#2848);
#2471=LINE('',#5623,#2849);
#2472=LINE('',#5625,#2850);
#2473=LINE('',#5628,#2851);
#2474=LINE('',#5630,#2852);
#2475=LINE('',#5632,#2853);
#2476=LINE('',#5634,#2854);
#2477=LINE('',#5637,#2855);
#2478=LINE('',#5639,#2856);
#2479=LINE('',#5641,#2857);
#2480=LINE('',#5643,#2858);
#2481=LINE('',#5646,#2859);
#2482=LINE('',#5648,#2860);
#2483=LINE('',#5650,#2861);
#2484=LINE('',#5652,#2862);
#2485=LINE('',#5655,#2863);
#2486=LINE('',#5657,#2864);
#2487=LINE('',#5659,#2865);
#2488=LINE('',#5661,#2866);
#2489=LINE('',#5664,#2867);
#2490=LINE('',#5666,#2868);
#2491=LINE('',#5668,#2869);
#2492=LINE('',#5670,#2870);
#2493=LINE('',#5673,#2871);
#2494=LINE('',#5675,#2872);
#2495=LINE('',#5677,#2873);
#2496=LINE('',#5679,#2874);
#2497=LINE('',#5682,#2875);
#2498=LINE('',#5684,#2876);
#2499=LINE('',#5686,#2877);
#2500=LINE('',#5688,#2878);
#2501=LINE('',#5691,#2879);
#2502=LINE('',#5693,#2880);
#2503=LINE('',#5695,#2881);
#2504=LINE('',#5697,#2882);
#2505=LINE('',#5700,#2883);
#2506=LINE('',#5702,#2884);
#2507=LINE('',#5704,#2885);
#2508=LINE('',#5706,#2886);
#2509=LINE('',#5707,#2887);
#2510=LINE('',#5708,#2888);
#2511=LINE('',#5709,#2889);
#2512=LINE('',#5710,#2890);
#2513=LINE('',#5711,#2891);
#2514=LINE('',#5712,#2892);
#2515=LINE('',#5713,#2893);
#2516=LINE('',#5714,#2894);
#2517=LINE('',#5715,#2895);
#2518=LINE('',#5716,#2896);
#2519=LINE('',#5717,#2897);
#2520=LINE('',#5718,#2898);
#2521=LINE('',#5719,#2899);
#2522=LINE('',#5720,#2900);
#2523=LINE('',#5721,#2901);
#2524=LINE('',#5722,#2902);
#2525=LINE('',#5723,#2903);
#2526=LINE('',#5724,#2904);
#2527=LINE('',#5725,#2905);
#2528=LINE('',#5726,#2906);
#2529=LINE('',#5727,#2907);
#2530=LINE('',#5731,#2908);
#2531=LINE('',#5735,#2909);
#2532=LINE('',#5739,#2910);
#2533=LINE('',#5743,#2911);
#2534=LINE('',#5745,#2912);
#2535=LINE('',#5748,#2913);
#2536=LINE('',#5750,#2914);
#2537=LINE('',#5752,#2915);
#2538=LINE('',#5754,#2916);
#2539=LINE('',#5757,#2917);
#2540=LINE('',#5759,#2918);
#2541=LINE('',#5761,#2919);
#2542=LINE('',#5763,#2920);
#2543=LINE('',#5766,#2921);
#2544=LINE('',#5768,#2922);
#2545=LINE('',#5770,#2923);
#2546=LINE('',#5772,#2924);
#2547=LINE('',#5775,#2925);
#2548=LINE('',#5777,#2926);
#2549=LINE('',#5779,#2927);
#2550=LINE('',#5781,#2928);
#2551=LINE('',#5784,#2929);
#2552=LINE('',#5786,#2930);
#2553=LINE('',#5788,#2931);
#2554=LINE('',#5790,#2932);
#2555=LINE('',#5793,#2933);
#2556=LINE('',#5795,#2934);
#2557=LINE('',#5797,#2935);
#2558=LINE('',#5799,#2936);
#2559=LINE('',#5802,#2937);
#2560=LINE('',#5804,#2938);
#2561=LINE('',#5806,#2939);
#2562=LINE('',#5808,#2940);
#2563=LINE('',#5811,#2941);
#2564=LINE('',#5813,#2942);
#2565=LINE('',#5815,#2943);
#2566=LINE('',#5817,#2944);
#2567=LINE('',#5820,#2945);
#2568=LINE('',#5822,#2946);
#2569=LINE('',#5824,#2947);
#2570=LINE('',#5826,#2948);
#2571=LINE('',#5829,#2949);
#2572=LINE('',#5831,#2950);
#2573=LINE('',#5833,#2951);
#2574=LINE('',#5838,#2952);
#2575=LINE('',#5842,#2953);
#2576=LINE('',#5859,#2954);
#2577=LINE('',#5863,#2955);
#2578=LINE('',#5880,#2956);
#2579=LINE('',#5884,#2957);
#2580=LINE('',#5901,#2958);
#2581=LINE('',#5905,#2959);
#2582=LINE('',#5922,#2960);
#2583=LINE('',#5926,#2961);
#2584=LINE('',#5940,#2962);
#2585=LINE('',#5943,#2963);
#2586=LINE('',#5945,#2964);
#2587=LINE('',#5947,#2965);
#2588=LINE('',#5949,#2966);
#2589=LINE('',#5952,#2967);
#2590=LINE('',#5954,#2968);
#2591=LINE('',#5956,#2969);
#2592=LINE('',#5961,#2970);
#2593=LINE('',#5965,#2971);
#2594=LINE('',#5984,#2972);
#2595=LINE('',#5985,#2973);
#2596=LINE('',#5989,#2974);
#2597=LINE('',#5993,#2975);
#2598=LINE('',#5997,#2976);
#2599=LINE('',#6001,#2977);
#2600=LINE('',#6005,#2978);
#2601=LINE('',#6009,#2979);
#2602=LINE('',#6013,#2980);
#2603=LINE('',#6017,#2981);
#2604=LINE('',#6021,#2982);
#2605=LINE('',#6025,#2983);
#2606=LINE('',#6029,#2984);
#2607=LINE('',#6033,#2985);
#2608=LINE('',#6037,#2986);
#2609=LINE('',#6041,#2987);
#2610=LINE('',#6045,#2988);
#2611=LINE('',#6049,#2989);
#2612=LINE('',#6053,#2990);
#2613=LINE('',#6057,#2991);
#2614=LINE('',#6061,#2992);
#2615=LINE('',#6065,#2993);
#2616=LINE('',#6069,#2994);
#2617=LINE('',#6073,#2995);
#2618=LINE('',#6077,#2996);
#2619=LINE('',#6078,#2997);
#2620=LINE('',#6082,#2998);
#2621=LINE('',#6083,#2999);
#2622=LINE('',#6087,#3000);
#2623=LINE('',#6088,#3001);
#2624=LINE('',#6092,#3002);
#2625=LINE('',#6093,#3003);
#2626=LINE('',#6097,#3004);
#2627=LINE('',#6098,#3005);
#2628=LINE('',#6103,#3006);
#2629=LINE('',#6107,#3007);
#2630=LINE('',#6109,#3008);
#2631=LINE('',#6114,#3009);
#2632=LINE('',#6118,#3010);
#2633=LINE('',#6122,#3011);
#2634=LINE('',#6123,#3012);
#2635=LINE('',#6127,#3013);
#2636=LINE('',#6128,#3014);
#2637=LINE('',#6132,#3015);
#2638=LINE('',#6133,#3016);
#2639=LINE('',#6137,#3017);
#2640=LINE('',#6138,#3018);
#2641=LINE('',#6142,#3019);
#2642=LINE('',#6143,#3020);
#2643=LINE('',#6147,#3021);
#2644=LINE('',#6148,#3022);
#2645=LINE('',#6152,#3023);
#2646=LINE('',#6156,#3024);
#2647=LINE('',#6160,#3025);
#2648=LINE('',#6164,#3026);
#2649=LINE('',#6168,#3027);
#2650=LINE('',#6172,#3028);
#2651=LINE('',#6176,#3029);
#2652=LINE('',#6180,#3030);
#2653=LINE('',#6184,#3031);
#2654=LINE('',#6188,#3032);
#2655=LINE('',#6192,#3033);
#2656=LINE('',#6196,#3034);
#2657=LINE('',#6200,#3035);
#2658=LINE('',#6204,#3036);
#2659=LINE('',#6208,#3037);
#2660=LINE('',#6212,#3038);
#2661=LINE('',#6216,#3039);
#2662=LINE('',#6220,#3040);
#2663=LINE('',#6224,#3041);
#2664=LINE('',#6225,#3042);
#2665=LINE('',#6229,#3043);
#2666=LINE('',#6251,#3044);
#2667=LINE('',#6253,#3045);
#2668=LINE('',#6266,#3046);
#2669=LINE('',#6268,#3047);
#2670=LINE('',#6281,#3048);
#2671=LINE('',#6283,#3049);
#2672=LINE('',#6296,#3050);
#2673=LINE('',#6298,#3051);
#2674=LINE('',#6311,#3052);
#2675=LINE('',#6313,#3053);
#2676=LINE('',#6326,#3054);
#2677=LINE('',#6328,#3055);
#2678=LINE('',#6341,#3056);
#2679=LINE('',#6343,#3057);
#2680=LINE('',#6356,#3058);
#2681=LINE('',#6358,#3059);
#2682=LINE('',#6371,#3060);
#2683=LINE('',#6373,#3061);
#2684=LINE('',#6395,#3062);
#2685=LINE('',#6396,#3063);
#2686=LINE('',#6397,#3064);
#2687=LINE('',#6398,#3065);
#2688=LINE('',#6399,#3066);
#2689=LINE('',#6400,#3067);
#2690=LINE('',#6401,#3068);
#2691=LINE('',#6402,#3069);
#2692=LINE('',#6403,#3070);
#2693=LINE('',#6404,#3071);
#2694=LINE('',#6405,#3072);
#2695=LINE('',#6406,#3073);
#2696=LINE('',#6422,#3074);
#2697=LINE('',#6425,#3075);
#2698=LINE('',#6427,#3076);
#2699=LINE('',#6429,#3077);
#2700=LINE('',#6430,#3078);
#2701=LINE('',#6433,#3079);
#2702=LINE('',#6435,#3080);
#2703=LINE('',#6437,#3081);
#2704=LINE('',#6438,#3082);
#2705=LINE('',#6441,#3083);
#2706=LINE('',#6443,#3084);
#2707=LINE('',#6445,#3085);
#2708=LINE('',#6446,#3086);
#2709=LINE('',#6449,#3087);
#2710=LINE('',#6451,#3088);
#2711=LINE('',#6453,#3089);
#2712=LINE('',#6454,#3090);
#2713=LINE('',#6457,#3091);
#2714=LINE('',#6459,#3092);
#2715=LINE('',#6461,#3093);
#2716=LINE('',#6462,#3094);
#2717=LINE('',#6465,#3095);
#2718=LINE('',#6467,#3096);
#2719=LINE('',#6469,#3097);
#2720=LINE('',#6470,#3098);
#2721=LINE('',#6473,#3099);
#2722=LINE('',#6475,#3100);
#2723=LINE('',#6477,#3101);
#2724=LINE('',#6478,#3102);
#2725=LINE('',#6481,#3103);
#2726=LINE('',#6483,#3104);
#2727=LINE('',#6485,#3105);
#2728=LINE('',#6486,#3106);
#2729=LINE('',#6489,#3107);
#2730=LINE('',#6491,#3108);
#2731=LINE('',#6493,#3109);
#2732=LINE('',#6494,#3110);
#2733=LINE('',#6497,#3111);
#2734=LINE('',#6499,#3112);
#2735=LINE('',#6501,#3113);
#2736=LINE('',#6502,#3114);
#2737=LINE('',#6505,#3115);
#2738=LINE('',#6507,#3116);
#2739=LINE('',#6509,#3117);
#2740=LINE('',#6510,#3118);
#2741=LINE('',#6513,#3119);
#2742=LINE('',#6515,#3120);
#2743=LINE('',#6517,#3121);
#2744=LINE('',#6518,#3122);
#2745=LINE('',#6521,#3123);
#2746=LINE('',#6523,#3124);
#2747=LINE('',#6525,#3125);
#2748=LINE('',#6526,#3126);
#2749=LINE('',#6529,#3127);
#2750=LINE('',#6531,#3128);
#2751=LINE('',#6533,#3129);
#2752=LINE('',#6534,#3130);
#2753=LINE('',#6537,#3131);
#2754=LINE('',#6539,#3132);
#2755=LINE('',#6541,#3133);
#2756=LINE('',#6542,#3134);
#2757=LINE('',#6545,#3135);
#2758=LINE('',#6547,#3136);
#2759=LINE('',#6549,#3137);
#2760=LINE('',#6550,#3138);
#2761=LINE('',#6553,#3139);
#2762=LINE('',#6555,#3140);
#2763=LINE('',#6557,#3141);
#2764=LINE('',#6565,#3142);
#2765=LINE('',#6567,#3143);
#2766=LINE('',#6630,#3144);
#2767=LINE('',#6632,#3145);
#2768=LINE('',#6635,#3146);
#2769=LINE('',#6637,#3147);
#2770=LINE('',#6640,#3148);
#2771=LINE('',#6642,#3149);
#2772=LINE('',#6645,#3150);
#2773=LINE('',#6647,#3151);
#2774=LINE('',#6650,#3152);
#2775=LINE('',#6652,#3153);
#2776=LINE('',#6655,#3154);
#2777=LINE('',#6657,#3155);
#2778=LINE('',#6660,#3156);
#2779=LINE('',#6662,#3157);
#2780=LINE('',#6665,#3158);
#2781=LINE('',#6667,#3159);
#2782=LINE('',#6670,#3160);
#2783=LINE('',#6672,#3161);
#2784=LINE('',#6675,#3162);
#2785=LINE('',#6677,#3163);
#2786=LINE('',#6686,#3164);
#2787=LINE('',#6688,#3165);
#2788=LINE('',#6723,#3166);
#2789=LINE('',#6724,#3167);
#2790=LINE('',#6728,#3168);
#2791=LINE('',#6729,#3169);
#2792=LINE('',#6733,#3170);
#2793=LINE('',#6734,#3171);
#2794=LINE('',#6738,#3172);
#2795=LINE('',#6739,#3173);
#2796=LINE('',#6743,#3174);
#2797=LINE('',#6744,#3175);
#2798=VECTOR('',#4390,1.);
#2799=VECTOR('',#4391,1.);
#2800=VECTOR('',#4392,1.);
#2801=VECTOR('',#4393,1.);
#2802=VECTOR('',#4396,1.);
#2803=VECTOR('',#4397,1.);
#2804=VECTOR('',#4398,1.);
#2805=VECTOR('',#4399,1.);
#2806=VECTOR('',#4402,1.);
#2807=VECTOR('',#4403,1.);
#2808=VECTOR('',#4404,1.);
#2809=VECTOR('',#4405,1.);
#2810=VECTOR('',#4408,1.);
#2811=VECTOR('',#4409,1.);
#2812=VECTOR('',#4410,1.);
#2813=VECTOR('',#4411,1.);
#2814=VECTOR('',#4414,1.);
#2815=VECTOR('',#4415,1.);
#2816=VECTOR('',#4416,1.);
#2817=VECTOR('',#4417,1.);
#2818=VECTOR('',#4420,1.);
#2819=VECTOR('',#4421,1.);
#2820=VECTOR('',#4422,1.);
#2821=VECTOR('',#4423,1.);
#2822=VECTOR('',#4426,1.);
#2823=VECTOR('',#4427,1.);
#2824=VECTOR('',#4428,1.);
#2825=VECTOR('',#4429,1.);
#2826=VECTOR('',#4432,1.);
#2827=VECTOR('',#4433,1.);
#2828=VECTOR('',#4434,1.);
#2829=VECTOR('',#4435,1.);
#2830=VECTOR('',#4438,1.);
#2831=VECTOR('',#4439,1.);
#2832=VECTOR('',#4440,1.);
#2833=VECTOR('',#4441,1.);
#2834=VECTOR('',#4444,1.);
#2835=VECTOR('',#4445,1.);
#2836=VECTOR('',#4446,1.);
#2837=VECTOR('',#4447,1.);
#2838=VECTOR('',#4450,1.);
#2839=VECTOR('',#4451,1.);
#2840=VECTOR('',#4452,1.);
#2841=VECTOR('',#4453,1.);
#2842=VECTOR('',#4456,1.);
#2843=VECTOR('',#4457,1.);
#2844=VECTOR('',#4458,1.);
#2845=VECTOR('',#4459,1.);
#2846=VECTOR('',#4462,1.);
#2847=VECTOR('',#4463,1.);
#2848=VECTOR('',#4464,1.);
#2849=VECTOR('',#4465,1.);
#2850=VECTOR('',#4468,1.);
#2851=VECTOR('',#4469,1.);
#2852=VECTOR('',#4470,1.);
#2853=VECTOR('',#4471,1.);
#2854=VECTOR('',#4474,1.);
#2855=VECTOR('',#4475,1.);
#2856=VECTOR('',#4476,1.);
#2857=VECTOR('',#4477,1.);
#2858=VECTOR('',#4480,1.);
#2859=VECTOR('',#4481,1.);
#2860=VECTOR('',#4482,1.);
#2861=VECTOR('',#4483,1.);
#2862=VECTOR('',#4486,1.);
#2863=VECTOR('',#4487,1.);
#2864=VECTOR('',#4488,1.);
#2865=VECTOR('',#4489,1.);
#2866=VECTOR('',#4492,1.);
#2867=VECTOR('',#4493,1.);
#2868=VECTOR('',#4494,1.);
#2869=VECTOR('',#4495,1.);
#2870=VECTOR('',#4498,1.);
#2871=VECTOR('',#4499,1.);
#2872=VECTOR('',#4500,1.);
#2873=VECTOR('',#4501,1.);
#2874=VECTOR('',#4504,1.);
#2875=VECTOR('',#4505,1.);
#2876=VECTOR('',#4506,1.);
#2877=VECTOR('',#4507,1.);
#2878=VECTOR('',#4510,1.);
#2879=VECTOR('',#4511,1.);
#2880=VECTOR('',#4512,1.);
#2881=VECTOR('',#4513,1.);
#2882=VECTOR('',#4516,1.);
#2883=VECTOR('',#4517,1.);
#2884=VECTOR('',#4518,1.);
#2885=VECTOR('',#4519,1.);
#2886=VECTOR('',#4522,1.);
#2887=VECTOR('',#4523,1.);
#2888=VECTOR('',#4524,1.);
#2889=VECTOR('',#4525,1.);
#2890=VECTOR('',#4526,1.);
#2891=VECTOR('',#4527,1.);
#2892=VECTOR('',#4528,1.);
#2893=VECTOR('',#4529,1.);
#2894=VECTOR('',#4530,1.);
#2895=VECTOR('',#4531,1.);
#2896=VECTOR('',#4532,1.);
#2897=VECTOR('',#4533,1.);
#2898=VECTOR('',#4534,1.);
#2899=VECTOR('',#4535,1.);
#2900=VECTOR('',#4536,1.);
#2901=VECTOR('',#4537,1.);
#2902=VECTOR('',#4538,1.);
#2903=VECTOR('',#4539,1.);
#2904=VECTOR('',#4540,1.);
#2905=VECTOR('',#4541,1.);
#2906=VECTOR('',#4542,1.);
#2907=VECTOR('',#4543,1.);
#2908=VECTOR('',#4546,1.);
#2909=VECTOR('',#4549,1.);
#2910=VECTOR('',#4552,1.);
#2911=VECTOR('',#4555,1.);
#2912=VECTOR('',#4558,1.);
#2913=VECTOR('',#4559,1.);
#2914=VECTOR('',#4560,1.);
#2915=VECTOR('',#4561,1.);
#2916=VECTOR('',#4564,1.);
#2917=VECTOR('',#4565,1.);
#2918=VECTOR('',#4566,1.);
#2919=VECTOR('',#4567,1.);
#2920=VECTOR('',#4570,1.);
#2921=VECTOR('',#4571,1.);
#2922=VECTOR('',#4572,1.);
#2923=VECTOR('',#4573,1.);
#2924=VECTOR('',#4576,1.);
#2925=VECTOR('',#4577,1.);
#2926=VECTOR('',#4578,1.);
#2927=VECTOR('',#4579,1.);
#2928=VECTOR('',#4582,1.);
#2929=VECTOR('',#4583,1.);
#2930=VECTOR('',#4584,1.);
#2931=VECTOR('',#4585,1.);
#2932=VECTOR('',#4588,1.);
#2933=VECTOR('',#4589,1.);
#2934=VECTOR('',#4590,1.);
#2935=VECTOR('',#4591,1.);
#2936=VECTOR('',#4594,1.);
#2937=VECTOR('',#4595,1.);
#2938=VECTOR('',#4596,1.);
#2939=VECTOR('',#4597,1.);
#2940=VECTOR('',#4600,1.);
#2941=VECTOR('',#4601,1.);
#2942=VECTOR('',#4602,1.);
#2943=VECTOR('',#4603,1.);
#2944=VECTOR('',#4606,1.);
#2945=VECTOR('',#4607,1.);
#2946=VECTOR('',#4608,1.);
#2947=VECTOR('',#4609,1.);
#2948=VECTOR('',#4612,1.);
#2949=VECTOR('',#4613,1.);
#2950=VECTOR('',#4614,1.);
#2951=VECTOR('',#4615,1.);
#2952=VECTOR('',#4620,1.);
#2953=VECTOR('',#4623,1.);
#2954=VECTOR('',#4632,1.);
#2955=VECTOR('',#4635,1.);
#2956=VECTOR('',#4644,1.);
#2957=VECTOR('',#4647,1.);
#2958=VECTOR('',#4656,1.);
#2959=VECTOR('',#4659,1.);
#2960=VECTOR('',#4668,1.);
#2961=VECTOR('',#4671,1.);
#2962=VECTOR('',#4678,1.);
#2963=VECTOR('',#4679,1.);
#2964=VECTOR('',#4680,1.);
#2965=VECTOR('',#4681,1.);
#2966=VECTOR('',#4684,1.);
#2967=VECTOR('',#4685,1.);
#2968=VECTOR('',#4686,1.);
#2969=VECTOR('',#4687,1.);
#2970=VECTOR('',#4692,1.);
#2971=VECTOR('',#4695,1.);
#2972=VECTOR('',#4706,1.);
#2973=VECTOR('',#4707,1.);
#2974=VECTOR('',#4710,1.);
#2975=VECTOR('',#4713,1.);
#2976=VECTOR('',#4716,1.);
#2977=VECTOR('',#4719,1.);
#2978=VECTOR('',#4722,1.);
#2979=VECTOR('',#4725,1.);
#2980=VECTOR('',#4728,1.);
#2981=VECTOR('',#4731,1.);
#2982=VECTOR('',#4734,1.);
#2983=VECTOR('',#4737,1.);
#2984=VECTOR('',#4740,1.);
#2985=VECTOR('',#4743,1.);
#2986=VECTOR('',#4746,1.);
#2987=VECTOR('',#4749,1.);
#2988=VECTOR('',#4752,1.);
#2989=VECTOR('',#4755,1.);
#2990=VECTOR('',#4758,1.);
#2991=VECTOR('',#4761,1.);
#2992=VECTOR('',#4764,1.);
#2993=VECTOR('',#4767,1.);
#2994=VECTOR('',#4770,1.);
#2995=VECTOR('',#4773,1.);
#2996=VECTOR('',#4776,1.);
#2997=VECTOR('',#4777,1.);
#2998=VECTOR('',#4780,1.);
#2999=VECTOR('',#4781,1.);
#3000=VECTOR('',#4784,1.);
#3001=VECTOR('',#4785,1.);
#3002=VECTOR('',#4788,1.);
#3003=VECTOR('',#4789,1.);
#3004=VECTOR('',#4792,1.);
#3005=VECTOR('',#4793,1.);
#3006=VECTOR('',#4798,1.);
#3007=VECTOR('',#4801,1.);
#3008=VECTOR('',#4804,1.);
#3009=VECTOR('',#4807,1.);
#3010=VECTOR('',#4812,1.);
#3011=VECTOR('',#4815,1.);
#3012=VECTOR('',#4816,1.);
#3013=VECTOR('',#4819,1.);
#3014=VECTOR('',#4820,1.);
#3015=VECTOR('',#4823,1.);
#3016=VECTOR('',#4824,1.);
#3017=VECTOR('',#4827,1.);
#3018=VECTOR('',#4828,1.);
#3019=VECTOR('',#4831,1.);
#3020=VECTOR('',#4832,1.);
#3021=VECTOR('',#4835,1.);
#3022=VECTOR('',#4836,1.);
#3023=VECTOR('',#4839,1.);
#3024=VECTOR('',#4842,1.);
#3025=VECTOR('',#4845,1.);
#3026=VECTOR('',#4848,1.);
#3027=VECTOR('',#4851,1.);
#3028=VECTOR('',#4854,1.);
#3029=VECTOR('',#4857,1.);
#3030=VECTOR('',#4860,1.);
#3031=VECTOR('',#4863,1.);
#3032=VECTOR('',#4866,1.);
#3033=VECTOR('',#4869,1.);
#3034=VECTOR('',#4872,1.);
#3035=VECTOR('',#4875,1.);
#3036=VECTOR('',#4878,1.);
#3037=VECTOR('',#4881,1.);
#3038=VECTOR('',#4884,1.);
#3039=VECTOR('',#4887,1.);
#3040=VECTOR('',#4890,1.);
#3041=VECTOR('',#4893,1.);
#3042=VECTOR('',#4894,1.);
#3043=VECTOR('',#4897,1.);
#3044=VECTOR('',#4906,1.);
#3045=VECTOR('',#4907,1.);
#3046=VECTOR('',#4914,1.);
#3047=VECTOR('',#4915,1.);
#3048=VECTOR('',#4922,1.);
#3049=VECTOR('',#4923,1.);
#3050=VECTOR('',#4930,1.);
#3051=VECTOR('',#4931,1.);
#3052=VECTOR('',#4938,1.);
#3053=VECTOR('',#4939,1.);
#3054=VECTOR('',#4946,1.);
#3055=VECTOR('',#4947,1.);
#3056=VECTOR('',#4954,1.);
#3057=VECTOR('',#4955,1.);
#3058=VECTOR('',#4962,1.);
#3059=VECTOR('',#4963,1.);
#3060=VECTOR('',#4970,1.);
#3061=VECTOR('',#4971,1.);
#3062=VECTOR('',#4992,1.);
#3063=VECTOR('',#4993,1.);
#3064=VECTOR('',#4994,1.);
#3065=VECTOR('',#4995,1.);
#3066=VECTOR('',#4996,1.);
#3067=VECTOR('',#4997,1.);
#3068=VECTOR('',#4998,1.);
#3069=VECTOR('',#4999,1.);
#3070=VECTOR('',#5000,1.);
#3071=VECTOR('',#5001,1.);
#3072=VECTOR('',#5002,1.);
#3073=VECTOR('',#5003,1.);
#3074=VECTOR('',#5024,1.);
#3075=VECTOR('',#5025,1.);
#3076=VECTOR('',#5026,1.);
#3077=VECTOR('',#5027,1.);
#3078=VECTOR('',#5028,1.);
#3079=VECTOR('',#5029,1.);
#3080=VECTOR('',#5030,1.);
#3081=VECTOR('',#5031,1.);
#3082=VECTOR('',#5032,1.);
#3083=VECTOR('',#5033,1.);
#3084=VECTOR('',#5034,1.);
#3085=VECTOR('',#5035,1.);
#3086=VECTOR('',#5036,1.);
#3087=VECTOR('',#5037,1.);
#3088=VECTOR('',#5038,1.);
#3089=VECTOR('',#5039,1.);
#3090=VECTOR('',#5040,1.);
#3091=VECTOR('',#5041,1.);
#3092=VECTOR('',#5042,1.);
#3093=VECTOR('',#5043,1.);
#3094=VECTOR('',#5044,1.);
#3095=VECTOR('',#5045,1.);
#3096=VECTOR('',#5046,1.);
#3097=VECTOR('',#5047,1.);
#3098=VECTOR('',#5048,1.);
#3099=VECTOR('',#5049,1.);
#3100=VECTOR('',#5050,1.);
#3101=VECTOR('',#5051,1.);
#3102=VECTOR('',#5052,1.);
#3103=VECTOR('',#5053,1.);
#3104=VECTOR('',#5054,1.);
#3105=VECTOR('',#5055,1.);
#3106=VECTOR('',#5056,1.);
#3107=VECTOR('',#5057,1.);
#3108=VECTOR('',#5058,1.);
#3109=VECTOR('',#5059,1.);
#3110=VECTOR('',#5060,1.);
#3111=VECTOR('',#5061,1.);
#3112=VECTOR('',#5062,1.);
#3113=VECTOR('',#5063,1.);
#3114=VECTOR('',#5064,1.);
#3115=VECTOR('',#5065,1.);
#3116=VECTOR('',#5066,1.);
#3117=VECTOR('',#5067,1.);
#3118=VECTOR('',#5068,1.);
#3119=VECTOR('',#5069,1.);
#3120=VECTOR('',#5070,1.);
#3121=VECTOR('',#5071,1.);
#3122=VECTOR('',#5072,1.);
#3123=VECTOR('',#5073,1.);
#3124=VECTOR('',#5074,1.);
#3125=VECTOR('',#5075,1.);
#3126=VECTOR('',#5076,1.);
#3127=VECTOR('',#5077,1.);
#3128=VECTOR('',#5078,1.);
#3129=VECTOR('',#5079,1.);
#3130=VECTOR('',#5080,1.);
#3131=VECTOR('',#5081,1.);
#3132=VECTOR('',#5082,1.);
#3133=VECTOR('',#5083,1.);
#3134=VECTOR('',#5084,1.);
#3135=VECTOR('',#5085,1.);
#3136=VECTOR('',#5086,1.);
#3137=VECTOR('',#5087,1.);
#3138=VECTOR('',#5088,1.);
#3139=VECTOR('',#5089,1.);
#3140=VECTOR('',#5090,1.);
#3141=VECTOR('',#5091,1.);
#3142=VECTOR('',#5106,1.);
#3143=VECTOR('',#5109,1.);
#3144=VECTOR('',#5234,1.);
#3145=VECTOR('',#5237,1.);
#3146=VECTOR('',#5242,1.);
#3147=VECTOR('',#5245,1.);
#3148=VECTOR('',#5250,1.);
#3149=VECTOR('',#5253,1.);
#3150=VECTOR('',#5258,1.);
#3151=VECTOR('',#5261,1.);
#3152=VECTOR('',#5266,1.);
#3153=VECTOR('',#5269,1.);
#3154=VECTOR('',#5274,1.);
#3155=VECTOR('',#5277,1.);
#3156=VECTOR('',#5282,1.);
#3157=VECTOR('',#5285,1.);
#3158=VECTOR('',#5290,1.);
#3159=VECTOR('',#5293,1.);
#3160=VECTOR('',#5298,1.);
#3161=VECTOR('',#5301,1.);
#3162=VECTOR('',#5306,1.);
#3163=VECTOR('',#5309,1.);
#3164=VECTOR('',#5326,1.);
#3165=VECTOR('',#5329,1.);
#3166=VECTOR('',#5398,1.);
#3167=VECTOR('',#5399,1.);
#3168=VECTOR('',#5406,1.);
#3169=VECTOR('',#5407,1.);
#3170=VECTOR('',#5414,1.);
#3171=VECTOR('',#5415,1.);
#3172=VECTOR('',#5422,1.);
#3173=VECTOR('',#5423,1.);
#3174=VECTOR('',#5430,1.);
#3175=VECTOR('',#5431,1.);
#3176=EDGE_LOOP('',(#283,#284,#285,#286));
#3177=EDGE_LOOP('',(#287,#288,#289,#290));
#3178=EDGE_LOOP('',(#291,#292,#293,#294));
#3179=EDGE_LOOP('',(#295,#296,#297,#298));
#3180=EDGE_LOOP('',(#299,#300,#301,#302));
#3181=EDGE_LOOP('',(#303,#304,#305,#306));
#3182=EDGE_LOOP('',(#307,#308,#309,#310));
#3183=EDGE_LOOP('',(#311,#312,#313,#314));
#3184=EDGE_LOOP('',(#315,#316,#317,#318));
#3185=EDGE_LOOP('',(#319,#320,#321,#322));
#3186=EDGE_LOOP('',(#323,#324,#325,#326));
#3187=EDGE_LOOP('',(#327,#328,#329,#330));
#3188=EDGE_LOOP('',(#331,#332,#333,#334));
#3189=EDGE_LOOP('',(#335,#336,#337,#338));
#3190=EDGE_LOOP('',(#339,#340,#341,#342));
#3191=EDGE_LOOP('',(#343,#344,#345,#346));
#3192=EDGE_LOOP('',(#347,#348,#349,#350));
#3193=EDGE_LOOP('',(#351,#352,#353,#354));
#3194=EDGE_LOOP('',(#355,#356,#357,#358));
#3195=EDGE_LOOP('',(#359,#360,#361,#362));
#3196=EDGE_LOOP('',(#363,#364,#365,#366));
#3197=EDGE_LOOP('',(#367,#368,#369,#370));
#3198=EDGE_LOOP('',(#371,#372,#373,#374));
#3199=EDGE_LOOP('',(#375,#376,#377,#378));
#3200=EDGE_LOOP('',(#379,#380,#381,#382));
#3201=EDGE_LOOP('',(#383,#384,#385,#386));
#3202=EDGE_LOOP('',(#387,#388,#389,#390));
#3203=EDGE_LOOP('',(#391,#392,#393,#394));
#3204=EDGE_LOOP('',(#395,#396,#397,#398));
#3205=EDGE_LOOP('',(#399,#400,#401,#402));
#3206=EDGE_LOOP('',(#403,#404,#405,#406));
#3207=EDGE_LOOP('',(#407,#408,#409,#410));
#3208=EDGE_LOOP('',(#411,#412,#413,#414));
#3209=EDGE_LOOP('',(#415,#416,#417,#418,#419,#420,#421,#422));
#3210=EDGE_LOOP('',(#423,#424,#425,#426));
#3211=EDGE_LOOP('',(#427,#428,#429,#430));
#3212=EDGE_LOOP('',(#431,#432,#433,#434));
#3213=EDGE_LOOP('',(#435,#436,#437,#438));
#3214=EDGE_LOOP('',(#439,#440,#441,#442));
#3215=EDGE_LOOP('',(#443,#444,#445,#446));
#3216=EDGE_LOOP('',(#447,#448,#449,#450));
#3217=EDGE_LOOP('',(#451,#452,#453,#454));
#3218=EDGE_LOOP('',(#455,#456,#457,#458));
#3219=EDGE_LOOP('',(#459,#460,#461,#462));
#3220=EDGE_LOOP('',(#463,#464,#465,#466));
#3221=EDGE_LOOP('',(#467,#468,#469,#470));
#3222=EDGE_LOOP('',(#471,#472,#473,#474));
#3223=EDGE_LOOP('',(#475,#476,#477,#478));
#3224=EDGE_LOOP('',(#479,#480,#481,#482));
#3225=EDGE_LOOP('',(#483,#484,#485,#486));
#3226=EDGE_LOOP('',(#487,#488,#489,#490));
#3227=EDGE_LOOP('',(#491,#492,#493,#494));
#3228=EDGE_LOOP('',(#495,#496,#497,#498));
#3229=EDGE_LOOP('',(#499,#500,#501,#502));
#3230=EDGE_LOOP('',(#503,#504,#505,#506));
#3231=EDGE_LOOP('',(#507,#508,#509,#510));
#3232=EDGE_LOOP('',(#511,#512,#513,#514));
#3233=EDGE_LOOP('',(#515,#516,#517,#518));
#3234=EDGE_LOOP('',(#519));
#3235=EDGE_LOOP('',(#520,#521,#522,#523,#524,#525,#526,#527,#528,#529,#530,
#531,#532,#533,#534,#535,#536,#537,#538,#539,#540,#541,#542,#543,#544,#545,
#546,#547,#548,#549,#550,#551,#552,#553,#554,#555,#556,#557,#558,#559,#560,
#561,#562,#563,#564,#565,#566,#567,#568,#569,#570,#571,#572,#573,#574,#575,
#576,#577,#578,#579,#580,#581,#582,#583,#584,#585,#586,#587));
#3236=EDGE_LOOP('',(#588,#589,#590,#591));
#3237=EDGE_LOOP('',(#592,#593,#594,#595));
#3238=EDGE_LOOP('',(#596,#597,#598,#599,#600,#601,#602,#603,#604,#605,#606,
#607,#608,#609,#610,#611,#612,#613,#614,#615,#616,#617,#618,#619,#620,#621,
#622,#623,#624,#625,#626,#627,#628,#629,#630,#631,#632,#633,#634,#635,#636,
#637,#638,#639,#640,#641,#642,#643,#644,#645,#646,#647,#648,#649,#650,#651,
#652,#653,#654,#655,#656,#657,#658,#659,#660,#661,#662,#663));
#3239=EDGE_LOOP('',(#664));
#3240=EDGE_LOOP('',(#665,#666,#667,#668));
#3241=EDGE_LOOP('',(#669,#670,#671,#672));
#3242=EDGE_LOOP('',(#673,#674,#675,#676));
#3243=EDGE_LOOP('',(#677,#678,#679,#680));
#3244=EDGE_LOOP('',(#681,#682,#683,#684));
#3245=EDGE_LOOP('',(#685,#686,#687,#688));
#3246=EDGE_LOOP('',(#689,#690,#691,#692));
#3247=EDGE_LOOP('',(#693,#694,#695,#696));
#3248=EDGE_LOOP('',(#697,#698,#699,#700));
#3249=EDGE_LOOP('',(#701,#702,#703,#704));
#3250=EDGE_LOOP('',(#705,#706,#707,#708));
#3251=EDGE_LOOP('',(#709,#710,#711,#712));
#3252=EDGE_LOOP('',(#713,#714,#715,#716));
#3253=EDGE_LOOP('',(#717,#718,#719,#720));
#3254=EDGE_LOOP('',(#721,#722,#723,#724));
#3255=EDGE_LOOP('',(#725,#726,#727,#728));
#3256=EDGE_LOOP('',(#729,#730,#731,#732));
#3257=EDGE_LOOP('',(#733,#734,#735,#736));
#3258=EDGE_LOOP('',(#737,#738,#739,#740));
#3259=EDGE_LOOP('',(#741,#742,#743,#744));
#3260=EDGE_LOOP('',(#745));
#3261=EDGE_LOOP('',(#746));
#3262=EDGE_LOOP('',(#747,#748,#749,#750,#751,#752,#753,#754));
#3263=EDGE_LOOP('',(#755,#756,#757,#758));
#3264=EDGE_LOOP('',(#759,#760,#761,#762));
#3265=EDGE_LOOP('',(#763,#764,#765,#766));
#3266=EDGE_LOOP('',(#767,#768,#769,#770));
#3267=EDGE_LOOP('',(#771,#772,#773,#774));
#3268=EDGE_LOOP('',(#775,#776,#777,#778));
#3269=EDGE_LOOP('',(#779));
#3270=EDGE_LOOP('',(#780,#781));
#3271=EDGE_LOOP('',(#782));
#3272=EDGE_LOOP('',(#783));
#3273=EDGE_LOOP('',(#784));
#3274=EDGE_LOOP('',(#785));
#3275=EDGE_LOOP('',(#786));
#3276=EDGE_LOOP('',(#787));
#3277=EDGE_LOOP('',(#788));
#3278=EDGE_LOOP('',(#789));
#3279=EDGE_LOOP('',(#790,#791,#792,#793));
#3280=EDGE_LOOP('',(#794,#795,#796,#797));
#3281=EDGE_LOOP('',(#798,#799,#800,#801));
#3282=EDGE_LOOP('',(#802,#803,#804,#805));
#3283=EDGE_LOOP('',(#806,#807,#808,#809));
#3284=EDGE_LOOP('',(#810,#811,#812,#813));
#3285=EDGE_LOOP('',(#814,#815,#816,#817));
#3286=EDGE_LOOP('',(#818,#819,#820,#821));
#3287=EDGE_LOOP('',(#822,#823,#824,#825));
#3288=EDGE_LOOP('',(#826,#827,#828,#829));
#3289=EDGE_LOOP('',(#830,#831,#832,#833));
#3290=EDGE_LOOP('',(#834,#835,#836,#837));
#3291=EDGE_LOOP('',(#838,#839,#840,#841));
#3292=EDGE_LOOP('',(#842,#843,#844,#845));
#3293=EDGE_LOOP('',(#846,#847,#848,#849));
#3294=EDGE_LOOP('',(#850,#851,#852,#853));
#3295=EDGE_LOOP('',(#854,#855,#856,#857));
#3296=EDGE_LOOP('',(#858));
#3297=EDGE_LOOP('',(#859));
#3298=EDGE_LOOP('',(#860,#861,#862,#863,#864,#865));
#3299=EDGE_LOOP('',(#866,#867,#868,#869,#870,#871));
#3300=EDGE_LOOP('',(#872,#873,#874,#875,#876));
#3301=EDGE_LOOP('',(#877,#878,#879,#880,#881));
#3302=EDGE_LOOP('',(#882,#883,#884,#885));
#3303=EDGE_LOOP('',(#886,#887,#888,#889,#890,#891));
#3304=EDGE_LOOP('',(#892,#893,#894,#895,#896,#897));
#3305=EDGE_LOOP('',(#898,#899,#900,#901,#902,#903));
#3306=EDGE_LOOP('',(#904,#905,#906,#907,#908,#909));
#3307=EDGE_LOOP('',(#910,#911,#912,#913,#914,#915));
#3308=EDGE_LOOP('',(#916,#917,#918,#919,#920,#921));
#3309=EDGE_LOOP('',(#922,#923,#924,#925,#926,#927));
#3310=EDGE_LOOP('',(#928,#929,#930,#931,#932,#933));
#3311=EDGE_LOOP('',(#934,#935,#936,#937,#938,#939));
#3312=EDGE_LOOP('',(#940,#941,#942,#943,#944,#945));
#3313=EDGE_LOOP('',(#946,#947,#948,#949,#950,#951));
#3314=EDGE_LOOP('',(#952,#953,#954,#955,#956,#957));
#3315=EDGE_LOOP('',(#958,#959,#960,#961,#962,#963));
#3316=EDGE_LOOP('',(#964,#965,#966,#967,#968,#969));
#3317=EDGE_LOOP('',(#970,#971,#972,#973,#974,#975));
#3318=EDGE_LOOP('',(#976,#977,#978,#979,#980,#981));
#3319=EDGE_LOOP('',(#982,#983,#984,#985,#986,#987));
#3320=EDGE_LOOP('',(#988,#989,#990,#991,#992,#993));
#3321=EDGE_LOOP('',(#994,#995,#996,#997,#998,#999));
#3322=EDGE_LOOP('',(#1000,#1001,#1002,#1003,#1004,#1005));
#3323=EDGE_LOOP('',(#1006,#1007,#1008,#1009,#1010));
#3324=EDGE_LOOP('',(#1011,#1012,#1013,#1014,#1015));
#3325=EDGE_LOOP('',(#1016,#1017,#1018,#1019));
#3326=EDGE_LOOP('',(#1020,#1021,#1022,#1023,#1024));
#3327=EDGE_LOOP('',(#1025,#1026,#1027,#1028,#1029));
#3328=EDGE_LOOP('',(#1030,#1031,#1032,#1033));
#3329=EDGE_LOOP('',(#1034,#1035,#1036,#1037,#1038));
#3330=EDGE_LOOP('',(#1039,#1040,#1041,#1042,#1043));
#3331=EDGE_LOOP('',(#1044,#1045,#1046,#1047));
#3332=EDGE_LOOP('',(#1048,#1049,#1050,#1051,#1052));
#3333=EDGE_LOOP('',(#1053,#1054,#1055,#1056,#1057));
#3334=EDGE_LOOP('',(#1058,#1059,#1060,#1061));
#3335=EDGE_LOOP('',(#1062,#1063,#1064,#1065,#1066));
#3336=EDGE_LOOP('',(#1067,#1068,#1069,#1070,#1071));
#3337=EDGE_LOOP('',(#1072,#1073,#1074,#1075));
#3338=EDGE_LOOP('',(#1076,#1077,#1078,#1079,#1080));
#3339=EDGE_LOOP('',(#1081,#1082,#1083,#1084,#1085));
#3340=EDGE_LOOP('',(#1086,#1087,#1088,#1089));
#3341=EDGE_LOOP('',(#1090,#1091,#1092,#1093,#1094));
#3342=EDGE_LOOP('',(#1095,#1096,#1097,#1098,#1099));
#3343=EDGE_LOOP('',(#1100,#1101,#1102,#1103));
#3344=EDGE_LOOP('',(#1104,#1105,#1106,#1107,#1108));
#3345=EDGE_LOOP('',(#1109,#1110,#1111,#1112,#1113));
#3346=EDGE_LOOP('',(#1114,#1115,#1116,#1117));
#3347=EDGE_LOOP('',(#1118,#1119,#1120,#1121,#1122));
#3348=EDGE_LOOP('',(#1123,#1124,#1125,#1126,#1127));
#3349=EDGE_LOOP('',(#1128,#1129,#1130,#1131));
#3350=EDGE_LOOP('',(#1132,#1133,#1134,#1135,#1136));
#3351=EDGE_LOOP('',(#1137,#1138,#1139,#1140,#1141));
#3352=EDGE_LOOP('',(#1142,#1143,#1144,#1145));
#3353=EDGE_LOOP('',(#1146,#1147,#1148,#1149,#1150,#1151));
#3354=EDGE_LOOP('',(#1152,#1153,#1154,#1155,#1156,#1157));
#3355=EDGE_LOOP('',(#1158,#1159,#1160,#1161,#1162));
#3356=EDGE_LOOP('',(#1163,#1164,#1165,#1166));
#3357=EDGE_LOOP('',(#1167,#1168,#1169,#1170,#1171));
#3358=EDGE_LOOP('',(#1172,#1173,#1174,#1175));
#3359=EDGE_LOOP('',(#1176,#1177,#1178,#1179));
#3360=EDGE_LOOP('',(#1180,#1181,#1182,#1183,#1184,#1185));
#3361=EDGE_LOOP('',(#1186,#1187,#1188,#1189,#1190,#1191));
#3362=EDGE_LOOP('',(#1192,#1193,#1194,#1195,#1196,#1197));
#3363=EDGE_LOOP('',(#1198,#1199,#1200,#1201,#1202,#1203));
#3364=EDGE_LOOP('',(#1204,#1205,#1206,#1207,#1208,#1209));
#3365=EDGE_LOOP('',(#1210,#1211,#1212,#1213,#1214,#1215));
#3366=EDGE_LOOP('',(#1216,#1217,#1218,#1219,#1220,#1221));
#3367=EDGE_LOOP('',(#1222,#1223,#1224,#1225,#1226,#1227));
#3368=EDGE_LOOP('',(#1228,#1229,#1230,#1231,#1232,#1233));
#3369=EDGE_LOOP('',(#1234,#1235,#1236,#1237,#1238,#1239));
#3370=EDGE_LOOP('',(#1240,#1241,#1242,#1243));
#3371=EDGE_LOOP('',(#1244,#1245,#1246,#1247,#1248));
#3372=EDGE_LOOP('',(#1249,#1250,#1251,#1252,#1253));
#3373=EDGE_LOOP('',(#1254,#1255,#1256,#1257));
#3374=EDGE_LOOP('',(#1258,#1259,#1260,#1261,#1262));
#3375=EDGE_LOOP('',(#1263,#1264,#1265,#1266,#1267));
#3376=EDGE_LOOP('',(#1268,#1269,#1270,#1271));
#3377=EDGE_LOOP('',(#1272,#1273,#1274,#1275,#1276));
#3378=EDGE_LOOP('',(#1277,#1278,#1279,#1280,#1281));
#3379=EDGE_LOOP('',(#1282,#1283,#1284,#1285));
#3380=EDGE_LOOP('',(#1286,#1287,#1288,#1289,#1290));
#3381=EDGE_LOOP('',(#1291,#1292,#1293,#1294,#1295));
#3382=EDGE_LOOP('',(#1296,#1297,#1298,#1299));
#3383=EDGE_LOOP('',(#1300,#1301,#1302,#1303,#1304));
#3384=EDGE_LOOP('',(#1305,#1306,#1307,#1308,#1309));
#3385=EDGE_LOOP('',(#1310,#1311,#1312,#1313));
#3386=EDGE_LOOP('',(#1314,#1315,#1316,#1317));
#3387=EDGE_LOOP('',(#1318,#1319,#1320,#1321));
#3388=EDGE_LOOP('',(#1322,#1323,#1324,#1325));
#3389=EDGE_LOOP('',(#1326,#1327,#1328,#1329));
#3390=EDGE_LOOP('',(#1330,#1331,#1332,#1333));
#3391=EDGE_LOOP('',(#1334,#1335,#1336,#1337));
#3392=EDGE_LOOP('',(#1338,#1339,#1340,#1341));
#3393=EDGE_LOOP('',(#1342,#1343,#1344,#1345));
#3394=EDGE_LOOP('',(#1346,#1347,#1348,#1349));
#3395=EDGE_LOOP('',(#1350));
#3396=EDGE_LOOP('',(#1351,#1352));
#3397=EDGE_LOOP('',(#1353));
#3398=EDGE_LOOP('',(#1354,#1355));
#3399=EDGE_LOOP('',(#1356));
#3400=EDGE_LOOP('',(#1357,#1358));
#3401=EDGE_LOOP('',(#1359,#1360,#1361,#1362));
#3402=EDGE_LOOP('',(#1363,#1364,#1365,#1366));
#3403=EDGE_LOOP('',(#1367,#1368,#1369,#1370));
#3404=EDGE_LOOP('',(#1371,#1372,#1373,#1374));
#3405=EDGE_LOOP('',(#1375,#1376,#1377,#1378));
#3406=EDGE_LOOP('',(#1379,#1380,#1381,#1382));
#3407=EDGE_LOOP('',(#1383,#1384,#1385,#1386));
#3408=EDGE_LOOP('',(#1387,#1388,#1389,#1390));
#3409=EDGE_LOOP('',(#1391,#1392,#1393,#1394));
#3410=EDGE_LOOP('',(#1395,#1396,#1397,#1398));
#3411=EDGE_LOOP('',(#1399,#1400,#1401,#1402));
#3412=EDGE_LOOP('',(#1403,#1404,#1405,#1406));
#3413=EDGE_LOOP('',(#1407,#1408,#1409,#1410));
#3414=EDGE_LOOP('',(#1411,#1412,#1413,#1414));
#3415=EDGE_LOOP('',(#1415,#1416,#1417,#1418));
#3416=EDGE_LOOP('',(#1419,#1420,#1421,#1422));
#3417=EDGE_LOOP('',(#1423,#1424,#1425,#1426));
#3418=EDGE_LOOP('',(#1427,#1428,#1429,#1430));
#3419=EDGE_LOOP('',(#1431,#1432,#1433,#1434));
#3420=EDGE_LOOP('',(#1435,#1436,#1437,#1438));
#3421=EDGE_LOOP('',(#1439,#1440,#1441,#1442));
#3422=EDGE_LOOP('',(#1443,#1444,#1445,#1446));
#3423=FACE_BOUND('',#3176,.T.);
#3424=FACE_BOUND('',#3177,.T.);
#3425=FACE_BOUND('',#3178,.T.);
#3426=FACE_BOUND('',#3179,.T.);
#3427=FACE_BOUND('',#3180,.T.);
#3428=FACE_BOUND('',#3181,.T.);
#3429=FACE_BOUND('',#3182,.T.);
#3430=FACE_BOUND('',#3183,.T.);
#3431=FACE_BOUND('',#3184,.T.);
#3432=FACE_BOUND('',#3185,.T.);
#3433=FACE_BOUND('',#3186,.T.);
#3434=FACE_BOUND('',#3187,.T.);
#3435=FACE_BOUND('',#3188,.T.);
#3436=FACE_BOUND('',#3189,.T.);
#3437=FACE_BOUND('',#3190,.T.);
#3438=FACE_BOUND('',#3191,.T.);
#3439=FACE_BOUND('',#3192,.T.);
#3440=FACE_BOUND('',#3193,.T.);
#3441=FACE_BOUND('',#3194,.T.);
#3442=FACE_BOUND('',#3195,.T.);
#3443=FACE_BOUND('',#3196,.T.);
#3444=FACE_BOUND('',#3197,.T.);
#3445=FACE_BOUND('',#3198,.T.);
#3446=FACE_BOUND('',#3199,.T.);
#3447=FACE_BOUND('',#3200,.T.);
#3448=FACE_BOUND('',#3201,.T.);
#3449=FACE_BOUND('',#3202,.T.);
#3450=FACE_BOUND('',#3203,.T.);
#3451=FACE_BOUND('',#3204,.T.);
#3452=FACE_BOUND('',#3205,.T.);
#3453=FACE_BOUND('',#3206,.T.);
#3454=FACE_BOUND('',#3207,.T.);
#3455=FACE_BOUND('',#3208,.T.);
#3456=FACE_BOUND('',#3209,.T.);
#3457=FACE_BOUND('',#3210,.T.);
#3458=FACE_BOUND('',#3211,.T.);
#3459=FACE_BOUND('',#3212,.T.);
#3460=FACE_BOUND('',#3213,.T.);
#3461=FACE_BOUND('',#3214,.T.);
#3462=FACE_BOUND('',#3215,.T.);
#3463=FACE_BOUND('',#3216,.T.);
#3464=FACE_BOUND('',#3217,.T.);
#3465=FACE_BOUND('',#3218,.T.);
#3466=FACE_BOUND('',#3219,.T.);
#3467=FACE_BOUND('',#3220,.T.);
#3468=FACE_BOUND('',#3221,.T.);
#3469=FACE_BOUND('',#3222,.T.);
#3470=FACE_BOUND('',#3223,.T.);
#3471=FACE_BOUND('',#3224,.T.);
#3472=FACE_BOUND('',#3225,.T.);
#3473=FACE_BOUND('',#3226,.T.);
#3474=FACE_BOUND('',#3227,.T.);
#3475=FACE_BOUND('',#3228,.T.);
#3476=FACE_BOUND('',#3229,.T.);
#3477=FACE_BOUND('',#3230,.T.);
#3478=FACE_BOUND('',#3231,.T.);
#3479=FACE_BOUND('',#3232,.T.);
#3480=FACE_BOUND('',#3233,.T.);
#3481=FACE_BOUND('',#3234,.T.);
#3482=FACE_BOUND('',#3235,.T.);
#3483=FACE_BOUND('',#3236,.T.);
#3484=FACE_BOUND('',#3237,.T.);
#3485=FACE_BOUND('',#3238,.T.);
#3486=FACE_BOUND('',#3239,.T.);
#3487=FACE_BOUND('',#3240,.T.);
#3488=FACE_BOUND('',#3241,.T.);
#3489=FACE_BOUND('',#3242,.T.);
#3490=FACE_BOUND('',#3243,.T.);
#3491=FACE_BOUND('',#3244,.T.);
#3492=FACE_BOUND('',#3245,.T.);
#3493=FACE_BOUND('',#3246,.T.);
#3494=FACE_BOUND('',#3247,.T.);
#3495=FACE_BOUND('',#3248,.T.);
#3496=FACE_BOUND('',#3249,.T.);
#3497=FACE_BOUND('',#3250,.T.);
#3498=FACE_BOUND('',#3251,.T.);
#3499=FACE_BOUND('',#3252,.T.);
#3500=FACE_BOUND('',#3253,.T.);
#3501=FACE_BOUND('',#3254,.T.);
#3502=FACE_BOUND('',#3255,.T.);
#3503=FACE_BOUND('',#3256,.T.);
#3504=FACE_BOUND('',#3257,.T.);
#3505=FACE_BOUND('',#3258,.T.);
#3506=FACE_BOUND('',#3259,.T.);
#3507=FACE_BOUND('',#3260,.T.);
#3508=FACE_BOUND('',#3261,.T.);
#3509=FACE_BOUND('',#3262,.T.);
#3510=FACE_BOUND('',#3263,.T.);
#3511=FACE_BOUND('',#3264,.T.);
#3512=FACE_BOUND('',#3265,.T.);
#3513=FACE_BOUND('',#3266,.T.);
#3514=FACE_BOUND('',#3267,.T.);
#3515=FACE_BOUND('',#3268,.T.);
#3516=FACE_BOUND('',#3269,.T.);
#3517=FACE_BOUND('',#3270,.T.);
#3518=FACE_BOUND('',#3271,.T.);
#3519=FACE_BOUND('',#3272,.T.);
#3520=FACE_BOUND('',#3273,.T.);
#3521=FACE_BOUND('',#3274,.T.);
#3522=FACE_BOUND('',#3275,.T.);
#3523=FACE_BOUND('',#3276,.T.);
#3524=FACE_BOUND('',#3277,.T.);
#3525=FACE_BOUND('',#3278,.T.);
#3526=FACE_BOUND('',#3279,.T.);
#3527=FACE_BOUND('',#3280,.T.);
#3528=FACE_BOUND('',#3281,.T.);
#3529=FACE_BOUND('',#3282,.T.);
#3530=FACE_BOUND('',#3283,.T.);
#3531=FACE_BOUND('',#3284,.T.);
#3532=FACE_BOUND('',#3285,.T.);
#3533=FACE_BOUND('',#3286,.T.);
#3534=FACE_BOUND('',#3287,.T.);
#3535=FACE_BOUND('',#3288,.T.);
#3536=FACE_BOUND('',#3289,.T.);
#3537=FACE_BOUND('',#3290,.T.);
#3538=FACE_BOUND('',#3291,.T.);
#3539=FACE_BOUND('',#3292,.T.);
#3540=FACE_BOUND('',#3293,.T.);
#3541=FACE_BOUND('',#3294,.T.);
#3542=FACE_BOUND('',#3295,.T.);
#3543=FACE_BOUND('',#3296,.T.);
#3544=FACE_BOUND('',#3297,.T.);
#3545=FACE_BOUND('',#3298,.T.);
#3546=FACE_BOUND('',#3299,.T.);
#3547=FACE_BOUND('',#3300,.T.);
#3548=FACE_BOUND('',#3301,.T.);
#3549=FACE_BOUND('',#3302,.T.);
#3550=FACE_BOUND('',#3303,.T.);
#3551=FACE_BOUND('',#3304,.T.);
#3552=FACE_BOUND('',#3305,.T.);
#3553=FACE_BOUND('',#3306,.T.);
#3554=FACE_BOUND('',#3307,.T.);
#3555=FACE_BOUND('',#3308,.T.);
#3556=FACE_BOUND('',#3309,.T.);
#3557=FACE_BOUND('',#3310,.T.);
#3558=FACE_BOUND('',#3311,.T.);
#3559=FACE_BOUND('',#3312,.T.);
#3560=FACE_BOUND('',#3313,.T.);
#3561=FACE_BOUND('',#3314,.T.);
#3562=FACE_BOUND('',#3315,.T.);
#3563=FACE_BOUND('',#3316,.T.);
#3564=FACE_BOUND('',#3317,.T.);
#3565=FACE_BOUND('',#3318,.T.);
#3566=FACE_BOUND('',#3319,.T.);
#3567=FACE_BOUND('',#3320,.T.);
#3568=FACE_BOUND('',#3321,.T.);
#3569=FACE_BOUND('',#3322,.T.);
#3570=FACE_BOUND('',#3323,.T.);
#3571=FACE_BOUND('',#3324,.T.);
#3572=FACE_BOUND('',#3325,.T.);
#3573=FACE_BOUND('',#3326,.T.);
#3574=FACE_BOUND('',#3327,.T.);
#3575=FACE_BOUND('',#3328,.T.);
#3576=FACE_BOUND('',#3329,.T.);
#3577=FACE_BOUND('',#3330,.T.);
#3578=FACE_BOUND('',#3331,.T.);
#3579=FACE_BOUND('',#3332,.T.);
#3580=FACE_BOUND('',#3333,.T.);
#3581=FACE_BOUND('',#3334,.T.);
#3582=FACE_BOUND('',#3335,.T.);
#3583=FACE_BOUND('',#3336,.T.);
#3584=FACE_BOUND('',#3337,.T.);
#3585=FACE_BOUND('',#3338,.T.);
#3586=FACE_BOUND('',#3339,.T.);
#3587=FACE_BOUND('',#3340,.T.);
#3588=FACE_BOUND('',#3341,.T.);
#3589=FACE_BOUND('',#3342,.T.);
#3590=FACE_BOUND('',#3343,.T.);
#3591=FACE_BOUND('',#3344,.T.);
#3592=FACE_BOUND('',#3345,.T.);
#3593=FACE_BOUND('',#3346,.T.);
#3594=FACE_BOUND('',#3347,.T.);
#3595=FACE_BOUND('',#3348,.T.);
#3596=FACE_BOUND('',#3349,.T.);
#3597=FACE_BOUND('',#3350,.T.);
#3598=FACE_BOUND('',#3351,.T.);
#3599=FACE_BOUND('',#3352,.T.);
#3600=FACE_BOUND('',#3353,.T.);
#3601=FACE_BOUND('',#3354,.T.);
#3602=FACE_BOUND('',#3355,.T.);
#3603=FACE_BOUND('',#3356,.T.);
#3604=FACE_BOUND('',#3357,.T.);
#3605=FACE_BOUND('',#3358,.T.);
#3606=FACE_BOUND('',#3359,.T.);
#3607=FACE_BOUND('',#3360,.T.);
#3608=FACE_BOUND('',#3361,.T.);
#3609=FACE_BOUND('',#3362,.T.);
#3610=FACE_BOUND('',#3363,.T.);
#3611=FACE_BOUND('',#3364,.T.);
#3612=FACE_BOUND('',#3365,.T.);
#3613=FACE_BOUND('',#3366,.T.);
#3614=FACE_BOUND('',#3367,.T.);
#3615=FACE_BOUND('',#3368,.T.);
#3616=FACE_BOUND('',#3369,.T.);
#3617=FACE_BOUND('',#3370,.T.);
#3618=FACE_BOUND('',#3371,.T.);
#3619=FACE_BOUND('',#3372,.T.);
#3620=FACE_BOUND('',#3373,.T.);
#3621=FACE_BOUND('',#3374,.T.);
#3622=FACE_BOUND('',#3375,.T.);
#3623=FACE_BOUND('',#3376,.T.);
#3624=FACE_BOUND('',#3377,.T.);
#3625=FACE_BOUND('',#3378,.T.);
#3626=FACE_BOUND('',#3379,.T.);
#3627=FACE_BOUND('',#3380,.T.);
#3628=FACE_BOUND('',#3381,.T.);
#3629=FACE_BOUND('',#3382,.T.);
#3630=FACE_BOUND('',#3383,.T.);
#3631=FACE_BOUND('',#3384,.T.);
#3632=FACE_BOUND('',#3385,.T.);
#3633=FACE_BOUND('',#3386,.T.);
#3634=FACE_BOUND('',#3387,.T.);
#3635=FACE_BOUND('',#3388,.T.);
#3636=FACE_BOUND('',#3389,.T.);
#3637=FACE_BOUND('',#3390,.T.);
#3638=FACE_BOUND('',#3391,.T.);
#3639=FACE_BOUND('',#3392,.T.);
#3640=FACE_BOUND('',#3393,.T.);
#3641=FACE_BOUND('',#3394,.T.);
#3642=FACE_BOUND('',#3395,.T.);
#3643=FACE_BOUND('',#3396,.T.);
#3644=FACE_BOUND('',#3397,.T.);
#3645=FACE_BOUND('',#3398,.T.);
#3646=FACE_BOUND('',#3399,.T.);
#3647=FACE_BOUND('',#3400,.T.);
#3648=FACE_BOUND('',#3401,.T.);
#3649=FACE_BOUND('',#3402,.T.);
#3650=FACE_BOUND('',#3403,.T.);
#3651=FACE_BOUND('',#3404,.T.);
#3652=FACE_BOUND('',#3405,.T.);
#3653=FACE_BOUND('',#3406,.T.);
#3654=FACE_BOUND('',#3407,.T.);
#3655=FACE_BOUND('',#3408,.T.);
#3656=FACE_BOUND('',#3409,.T.);
#3657=FACE_BOUND('',#3410,.T.);
#3658=FACE_BOUND('',#3411,.T.);
#3659=FACE_BOUND('',#3412,.T.);
#3660=FACE_BOUND('',#3413,.T.);
#3661=FACE_BOUND('',#3414,.T.);
#3662=FACE_BOUND('',#3415,.T.);
#3663=FACE_BOUND('',#3416,.T.);
#3664=FACE_BOUND('',#3417,.T.);
#3665=FACE_BOUND('',#3418,.T.);
#3666=FACE_BOUND('',#3419,.T.);
#3667=FACE_BOUND('',#3420,.T.);
#3668=FACE_BOUND('',#3421,.T.);
#3669=FACE_BOUND('',#3422,.T.);
#3670=PLANE('',#4016);
#3671=PLANE('',#4017);
#3672=PLANE('',#4018);
#3673=PLANE('',#4019);
#3674=PLANE('',#4020);
#3675=PLANE('',#4021);
#3676=PLANE('',#4022);
#3677=PLANE('',#4023);
#3678=PLANE('',#4024);
#3679=PLANE('',#4025);
#3680=PLANE('',#4026);
#3681=PLANE('',#4027);
#3682=PLANE('',#4028);
#3683=PLANE('',#4029);
#3684=PLANE('',#4030);
#3685=PLANE('',#4031);
#3686=PLANE('',#4032);
#3687=PLANE('',#4033);
#3688=PLANE('',#4034);
#3689=PLANE('',#4035);
#3690=PLANE('',#4036);
#3691=PLANE('',#4037);
#3692=PLANE('',#4038);
#3693=PLANE('',#4043);
#3694=PLANE('',#4044);
#3695=PLANE('',#4045);
#3696=PLANE('',#4046);
#3697=PLANE('',#4047);
#3698=PLANE('',#4048);
#3699=PLANE('',#4049);
#3700=PLANE('',#4050);
#3701=PLANE('',#4051);
#3702=PLANE('',#4052);
#3703=PLANE('',#4053);
#3704=PLANE('',#4058);
#3705=PLANE('',#4063);
#3706=PLANE('',#4068);
#3707=PLANE('',#4073);
#3708=PLANE('',#4078);
#3709=PLANE('',#4079);
#3710=PLANE('',#4080);
#3711=PLANE('',#4115);
#3712=PLANE('',#4118);
#3713=PLANE('',#4151);
#3714=PLANE('',#4154);
#3715=PLANE('',#4157);
#3716=PLANE('',#4160);
#3717=PLANE('',#4163);
#3718=PLANE('',#4166);
#3719=PLANE('',#4169);
#3720=PLANE('',#4172);
#3721=PLANE('',#4175);
#3722=PLANE('',#4181);
#3723=PLANE('',#4188);
#3724=PLANE('',#4192);
#3725=PLANE('',#4193);
#3726=PLANE('',#4196);
#3727=PLANE('',#4199);
#3728=PLANE('',#4202);
#3729=PLANE('',#4203);
#3730=PLANE('',#4204);
#3731=PLANE('',#4205);
#3732=PLANE('',#4208);
#3733=PLANE('',#4211);
#3734=PLANE('',#4214);
#3735=PLANE('',#4217);
#3736=PLANE('',#4220);
#3737=PLANE('',#4223);
#3738=PLANE('',#4226);
#3739=PLANE('',#4229);
#3740=PLANE('',#4232);
#3741=PLANE('',#4235);
#3742=PLANE('',#4238);
#3743=PLANE('',#4241);
#3744=PLANE('',#4244);
#3745=PLANE('',#4247);
#3746=PLANE('',#4250);
#3747=PLANE('',#4253);
#3748=PLANE('',#4256);
#3749=PLANE('',#4259);
#3750=PLANE('',#4262);
#3751=PLANE('',#4265);
#3752=PLANE('',#4266);
#3753=PLANE('',#4267);
#3754=PLANE('',#4268);
#3755=PLANE('',#4269);
#3756=PLANE('',#4270);
#3757=PLANE('',#4271);
#3758=PLANE('',#4272);
#3759=PLANE('',#4273);
#3760=PLANE('',#4274);
#3761=PLANE('',#4275);
#3762=PLANE('',#4276);
#3763=PLANE('',#4277);
#3764=PLANE('',#4278);
#3765=PLANE('',#4279);
#3766=PLANE('',#4280);
#3767=PLANE('',#4281);
#3768=PLANE('',#4282);
#3769=PLANE('',#4283);
#3770=PLANE('',#4284);
#3771=PLANE('',#4285);
#3772=PLANE('',#4286);
#3773=PLANE('',#4287);
#3774=PLANE('',#4288);
#3775=PLANE('',#4289);
#3776=PLANE('',#4290);
#3777=PLANE('',#4291);
#3778=PLANE('',#4292);
#3779=PLANE('',#4293);
#3780=PLANE('',#4294);
#3781=PLANE('',#4295);
#3782=PLANE('',#4298);
#3783=PLANE('',#4301);
#3784=PLANE('',#4302);
#3785=PLANE('',#4303);
#3786=PLANE('',#4306);
#3787=PLANE('',#4309);
#3788=PLANE('',#4312);
#3789=PLANE('',#4315);
#3790=PLANE('',#4318);
#3791=PLANE('',#4321);
#3792=PLANE('',#4324);
#3793=PLANE('',#4327);
#3794=PLANE('',#4330);
#3795=PLANE('',#4333);
#3796=PLANE('',#4336);
#3797=PLANE('',#4337);
#3798=PLANE('',#4338);
#3799=PLANE('',#4339);
#3800=PLANE('',#4340);
#3801=PLANE('',#4341);
#3802=PLANE('',#4342);
#3803=PLANE('',#4343);
#3804=PLANE('',#4344);
#3805=PLANE('',#4345);
#3806=PLANE('',#4346);
#3807=PLANE('',#4347);
#3808=PLANE('',#4348);
#3809=PLANE('',#4349);
#3810=PLANE('',#4350);
#3811=ADVANCED_FACE('',(#3423),#3670,.F.);
#3812=ADVANCED_FACE('',(#3424),#3671,.F.);
#3813=ADVANCED_FACE('',(#3425),#3672,.F.);
#3814=ADVANCED_FACE('',(#3426),#3673,.F.);
#3815=ADVANCED_FACE('',(#3427),#3674,.F.);
#3816=ADVANCED_FACE('',(#3428),#3675,.F.);
#3817=ADVANCED_FACE('',(#3429),#3676,.F.);
#3818=ADVANCED_FACE('',(#3430),#3677,.F.);
#3819=ADVANCED_FACE('',(#3431),#3678,.F.);
#3820=ADVANCED_FACE('',(#3432),#3679,.F.);
#3821=ADVANCED_FACE('',(#3433),#3680,.F.);
#3822=ADVANCED_FACE('',(#3434),#3681,.F.);
#3823=ADVANCED_FACE('',(#3435),#3682,.F.);
#3824=ADVANCED_FACE('',(#3436),#3683,.F.);
#3825=ADVANCED_FACE('',(#3437),#3684,.F.);
#3826=ADVANCED_FACE('',(#3438),#3685,.F.);
#3827=ADVANCED_FACE('',(#3439),#3686,.F.);
#3828=ADVANCED_FACE('',(#3440),#3687,.F.);
#3829=ADVANCED_FACE('',(#3441),#3688,.F.);
#3830=ADVANCED_FACE('',(#3442),#3689,.F.);
#3831=ADVANCED_FACE('',(#3443),#3690,.F.);
#3832=ADVANCED_FACE('',(#3444),#3691,.F.);
#3833=ADVANCED_FACE('',(#3445,#3446,#3447,#3448,#3449,#3450,#3451,#3452,
#3453,#3454,#3455,#3456),#3692,.T.);
#3834=ADVANCED_FACE('',(#3457),#3693,.F.);
#3835=ADVANCED_FACE('',(#3458),#3694,.F.);
#3836=ADVANCED_FACE('',(#3459),#3695,.F.);
#3837=ADVANCED_FACE('',(#3460),#3696,.F.);
#3838=ADVANCED_FACE('',(#3461),#3697,.F.);
#3839=ADVANCED_FACE('',(#3462),#3698,.F.);
#3840=ADVANCED_FACE('',(#3463),#3699,.F.);
#3841=ADVANCED_FACE('',(#3464),#3700,.F.);
#3842=ADVANCED_FACE('',(#3465),#3701,.F.);
#3843=ADVANCED_FACE('',(#3466),#3702,.F.);
#3844=ADVANCED_FACE('',(#3467),#3703,.F.);
#3845=ADVANCED_FACE('',(#3468),#88,.T.);
#3846=ADVANCED_FACE('',(#3469),#3704,.F.);
#3847=ADVANCED_FACE('',(#3470),#89,.T.);
#3848=ADVANCED_FACE('',(#3471),#3705,.F.);
#3849=ADVANCED_FACE('',(#3472),#90,.T.);
#3850=ADVANCED_FACE('',(#3473),#3706,.F.);
#3851=ADVANCED_FACE('',(#3474),#91,.T.);
#3852=ADVANCED_FACE('',(#3475),#3707,.F.);
#3853=ADVANCED_FACE('',(#3476),#92,.T.);
#3854=ADVANCED_FACE('',(#3477),#3708,.F.);
#3855=ADVANCED_FACE('',(#3478),#3709,.F.);
#3856=ADVANCED_FACE('',(#3479),#3710,.F.);
#3857=ADVANCED_FACE('',(#3480),#93,.T.);
#3858=ADVANCED_FACE('',(#3481,#3482),#13,.T.);
#3859=ADVANCED_FACE('',(#3483),#3711,.F.);
#3860=ADVANCED_FACE('',(#3484),#3712,.F.);
#3861=ADVANCED_FACE('',(#3485,#3486),#14,.F.);
#3862=ADVANCED_FACE('',(#3487),#94,.T.);
#3863=ADVANCED_FACE('',(#3488),#95,.T.);
#3864=ADVANCED_FACE('',(#3489),#3713,.F.);
#3865=ADVANCED_FACE('',(#3490),#96,.T.);
#3866=ADVANCED_FACE('',(#3491),#3714,.F.);
#3867=ADVANCED_FACE('',(#3492),#97,.T.);
#3868=ADVANCED_FACE('',(#3493),#3715,.F.);
#3869=ADVANCED_FACE('',(#3494),#98,.T.);
#3870=ADVANCED_FACE('',(#3495),#3716,.F.);
#3871=ADVANCED_FACE('',(#3496),#99,.T.);
#3872=ADVANCED_FACE('',(#3497),#3717,.F.);
#3873=ADVANCED_FACE('',(#3498),#100,.T.);
#3874=ADVANCED_FACE('',(#3499),#3718,.F.);
#3875=ADVANCED_FACE('',(#3500),#101,.T.);
#3876=ADVANCED_FACE('',(#3501),#3719,.F.);
#3877=ADVANCED_FACE('',(#3502),#102,.T.);
#3878=ADVANCED_FACE('',(#3503),#3720,.F.);
#3879=ADVANCED_FACE('',(#3504),#103,.T.);
#3880=ADVANCED_FACE('',(#3505),#3721,.F.);
#3881=ADVANCED_FACE('',(#3506),#104,.T.);
#3882=ADVANCED_FACE('',(#3507,#3508),#15,.T.);
#3883=ADVANCED_FACE('',(#3509,#3510,#3511,#3512,#3513,#3514,#3515),#3722,
 .T.);
#3884=ADVANCED_FACE('',(#3516,#3517),#16,.F.);
#3885=ADVANCED_FACE('',(#3518,#3519),#3723,.F.);
#3886=ADVANCED_FACE('',(#3520,#3521),#17,.T.);
#3887=ADVANCED_FACE('',(#3522,#3523),#3724,.F.);
#3888=ADVANCED_FACE('',(#3524,#3525,#3526,#3527,#3528,#3529,#3530,#3531,
#3532,#3533,#3534,#3535,#3536,#3537,#3538,#3539,#3540,#3541,#3542,#3543,
#3544),#3725,.F.);
#3889=ADVANCED_FACE('',(#3545),#3726,.F.);
#3890=ADVANCED_FACE('',(#3546),#3727,.F.);
#3891=ADVANCED_FACE('',(#3547),#3728,.T.);
#3892=ADVANCED_FACE('',(#3548),#3729,.T.);
#3893=ADVANCED_FACE('',(#3549),#3730,.T.);
#3894=ADVANCED_FACE('',(#3550),#3731,.F.);
#3895=ADVANCED_FACE('',(#3551),#3732,.F.);
#3896=ADVANCED_FACE('',(#3552),#3733,.F.);
#3897=ADVANCED_FACE('',(#3553),#3734,.F.);
#3898=ADVANCED_FACE('',(#3554),#3735,.F.);
#3899=ADVANCED_FACE('',(#3555),#3736,.F.);
#3900=ADVANCED_FACE('',(#3556),#3737,.F.);
#3901=ADVANCED_FACE('',(#3557),#3738,.F.);
#3902=ADVANCED_FACE('',(#3558),#3739,.F.);
#3903=ADVANCED_FACE('',(#3559),#3740,.F.);
#3904=ADVANCED_FACE('',(#3560),#3741,.F.);
#3905=ADVANCED_FACE('',(#3561),#3742,.F.);
#3906=ADVANCED_FACE('',(#3562),#3743,.F.);
#3907=ADVANCED_FACE('',(#3563),#3744,.F.);
#3908=ADVANCED_FACE('',(#3564),#3745,.F.);
#3909=ADVANCED_FACE('',(#3565),#3746,.F.);
#3910=ADVANCED_FACE('',(#3566),#3747,.F.);
#3911=ADVANCED_FACE('',(#3567),#3748,.F.);
#3912=ADVANCED_FACE('',(#3568),#3749,.F.);
#3913=ADVANCED_FACE('',(#3569),#3750,.F.);
#3914=ADVANCED_FACE('',(#3570),#3751,.T.);
#3915=ADVANCED_FACE('',(#3571),#3752,.T.);
#3916=ADVANCED_FACE('',(#3572),#3753,.T.);
#3917=ADVANCED_FACE('',(#3573),#3754,.T.);
#3918=ADVANCED_FACE('',(#3574),#3755,.T.);
#3919=ADVANCED_FACE('',(#3575),#3756,.T.);
#3920=ADVANCED_FACE('',(#3576),#3757,.T.);
#3921=ADVANCED_FACE('',(#3577),#3758,.T.);
#3922=ADVANCED_FACE('',(#3578),#3759,.T.);
#3923=ADVANCED_FACE('',(#3579),#3760,.T.);
#3924=ADVANCED_FACE('',(#3580),#3761,.T.);
#3925=ADVANCED_FACE('',(#3581),#3762,.T.);
#3926=ADVANCED_FACE('',(#3582),#3763,.T.);
#3927=ADVANCED_FACE('',(#3583),#3764,.T.);
#3928=ADVANCED_FACE('',(#3584),#3765,.T.);
#3929=ADVANCED_FACE('',(#3585),#3766,.T.);
#3930=ADVANCED_FACE('',(#3586),#3767,.T.);
#3931=ADVANCED_FACE('',(#3587),#3768,.T.);
#3932=ADVANCED_FACE('',(#3588),#3769,.T.);
#3933=ADVANCED_FACE('',(#3589),#3770,.T.);
#3934=ADVANCED_FACE('',(#3590),#3771,.T.);
#3935=ADVANCED_FACE('',(#3591),#3772,.T.);
#3936=ADVANCED_FACE('',(#3592),#3773,.T.);
#3937=ADVANCED_FACE('',(#3593),#3774,.T.);
#3938=ADVANCED_FACE('',(#3594),#3775,.T.);
#3939=ADVANCED_FACE('',(#3595),#3776,.T.);
#3940=ADVANCED_FACE('',(#3596),#3777,.T.);
#3941=ADVANCED_FACE('',(#3597),#3778,.T.);
#3942=ADVANCED_FACE('',(#3598),#3779,.T.);
#3943=ADVANCED_FACE('',(#3599),#3780,.T.);
#3944=ADVANCED_FACE('',(#3600),#3781,.F.);
#3945=ADVANCED_FACE('',(#3601),#3782,.F.);
#3946=ADVANCED_FACE('',(#3602),#3783,.F.);
#3947=ADVANCED_FACE('',(#3603),#3784,.F.);
#3948=ADVANCED_FACE('',(#3604),#3785,.F.);
#3949=ADVANCED_FACE('',(#3605),#18,.F.);
#3950=ADVANCED_FACE('',(#3606),#19,.F.);
#3951=ADVANCED_FACE('',(#3607),#3786,.F.);
#3952=ADVANCED_FACE('',(#3608),#3787,.F.);
#3953=ADVANCED_FACE('',(#3609),#3788,.F.);
#3954=ADVANCED_FACE('',(#3610),#3789,.F.);
#3955=ADVANCED_FACE('',(#3611),#3790,.F.);
#3956=ADVANCED_FACE('',(#3612),#3791,.F.);
#3957=ADVANCED_FACE('',(#3613),#3792,.F.);
#3958=ADVANCED_FACE('',(#3614),#3793,.F.);
#3959=ADVANCED_FACE('',(#3615),#3794,.F.);
#3960=ADVANCED_FACE('',(#3616),#3795,.F.);
#3961=ADVANCED_FACE('',(#3617),#3796,.F.);
#3962=ADVANCED_FACE('',(#3618),#3797,.F.);
#3963=ADVANCED_FACE('',(#3619),#3798,.F.);
#3964=ADVANCED_FACE('',(#3620),#3799,.F.);
#3965=ADVANCED_FACE('',(#3621),#3800,.F.);
#3966=ADVANCED_FACE('',(#3622),#3801,.F.);
#3967=ADVANCED_FACE('',(#3623),#3802,.F.);
#3968=ADVANCED_FACE('',(#3624),#3803,.F.);
#3969=ADVANCED_FACE('',(#3625),#3804,.F.);
#3970=ADVANCED_FACE('',(#3626),#3805,.F.);
#3971=ADVANCED_FACE('',(#3627),#3806,.F.);
#3972=ADVANCED_FACE('',(#3628),#3807,.F.);
#3973=ADVANCED_FACE('',(#3629),#3808,.F.);
#3974=ADVANCED_FACE('',(#3630),#3809,.F.);
#3975=ADVANCED_FACE('',(#3631),#3810,.F.);
#3976=ADVANCED_FACE('',(#3632),#20,.F.);
#3977=ADVANCED_FACE('',(#3633),#21,.F.);
#3978=ADVANCED_FACE('',(#3634),#22,.F.);
#3979=ADVANCED_FACE('',(#3635),#23,.F.);
#3980=ADVANCED_FACE('',(#3636),#24,.F.);
#3981=ADVANCED_FACE('',(#3637),#25,.F.);
#3982=ADVANCED_FACE('',(#3638),#26,.F.);
#3983=ADVANCED_FACE('',(#3639),#27,.F.);
#3984=ADVANCED_FACE('',(#3640),#28,.F.);
#3985=ADVANCED_FACE('',(#3641),#29,.F.);
#3986=ADVANCED_FACE('',(#3642,#3643),#12,.T.);
#3987=ADVANCED_FACE('',(#3644,#3645),#30,.F.);
#3988=ADVANCED_FACE('',(#3646,#3647),#31,.F.);
#3989=ADVANCED_FACE('',(#3648),#32,.F.);
#3990=ADVANCED_FACE('',(#3649),#33,.F.);
#3991=ADVANCED_FACE('',(#3650),#34,.F.);
#3992=ADVANCED_FACE('',(#3651),#35,.F.);
#3993=ADVANCED_FACE('',(#3652),#36,.F.);
#3994=ADVANCED_FACE('',(#3653),#37,.F.);
#3995=ADVANCED_FACE('',(#3654),#38,.F.);
#3996=ADVANCED_FACE('',(#3655),#39,.F.);
#3997=ADVANCED_FACE('',(#3656),#40,.F.);
#3998=ADVANCED_FACE('',(#3657),#41,.F.);
#3999=ADVANCED_FACE('',(#3658),#42,.F.);
#4000=ADVANCED_FACE('',(#3659),#43,.F.);
#4001=ADVANCED_FACE('',(#3660),#44,.F.);
#4002=ADVANCED_FACE('',(#3661),#45,.F.);
#4003=ADVANCED_FACE('',(#3662),#46,.F.);
#4004=ADVANCED_FACE('',(#3663),#47,.F.);
#4005=ADVANCED_FACE('',(#3664),#48,.F.);
#4006=ADVANCED_FACE('',(#3665),#49,.F.);
#4007=ADVANCED_FACE('',(#3666),#50,.F.);
#4008=ADVANCED_FACE('',(#3667),#51,.F.);
#4009=ADVANCED_FACE('',(#3668),#52,.F.);
#4010=ADVANCED_FACE('',(#3669),#53,.F.);
#4011=CLOSED_SHELL('',(#3811,#3812,#3813,#3814,#3815,#3816,#3817,#3818,
#3819,#3820,#3821,#3822,#3823,#3824,#3825,#3826,#3827,#3828,#3829,#3830,
#3831,#3832,#3833,#3834,#3835,#3836,#3837,#3838,#3839,#3840,#3841,#3842,
#3843,#3844,#3845,#3846,#3847,#3848,#3849,#3850,#3851,#3852,#3853,#3854,
#3855,#3856,#3857,#3858,#3859,#3860,#3861,#3862,#3863,#3864,#3865,#3866,
#3867,#3868,#3869,#3870,#3871,#3872,#3873,#3874,#3875,#3876,#3877,#3878,
#3879,#3880,#3881,#3882,#3883,#3884,#3885,#3886,#3887,#3888,#3889,#3890,
#3891,#3892,#3893,#3894,#3895,#3896,#3897,#3898,#3899,#3900,#3901,#3902,
#3903,#3904,#3905,#3906,#3907,#3908,#3909,#3910,#3911,#3912,#3913,#3914,
#3915,#3916,#3917,#3918,#3919,#3920,#3921,#3922,#3923,#3924,#3925,#3926,
#3927,#3928,#3929,#3930,#3931,#3932,#3933,#3934,#3935,#3936,#3937,#3938,
#3939,#3940,#3941,#3942,#3943,#3944,#3945,#3946,#3947,#3948,#3949,#3950,
#3951,#3952,#3953,#3954,#3955,#3956,#3957,#3958,#3959,#3960,#3961,#3962,
#3963,#3964,#3965,#3966,#3967,#3968,#3969,#3970,#3971,#3972,#3973,#3974,
#3975,#3976,#3977,#3978,#3979,#3980,#3981,#3982,#3983,#3984,#3985,#3986,
#3987,#3988,#3989,#3990,#3991,#3992,#3993,#3994,#3995,#3996,#3997,#3998,
#3999,#4000,#4001,#4002,#4003,#4004,#4005,#4006,#4007,#4008,#4009,#4010));
#4012=MANIFOLD_SOLID_BREP('',#4011);
#4013=SHAPE_DEFINITION_REPRESENTATION(#6788,#4014);
#4014=SHAPE_REPRESENTATION('id2',(#4015),#6783);
#4015=AXIS2_PLACEMENT_3D('',#5506,#4386,#4387);
#4016=AXIS2_PLACEMENT_3D('',#5507,#4388,#4389);
#4017=AXIS2_PLACEMENT_3D('',#5516,#4394,#4395);
#4018=AXIS2_PLACEMENT_3D('',#5525,#4400,#4401);
#4019=AXIS2_PLACEMENT_3D('',#5534,#4406,#4407);
#4020=AXIS2_PLACEMENT_3D('',#5543,#4412,#4413);
#4021=AXIS2_PLACEMENT_3D('',#5552,#4418,#4419);
#4022=AXIS2_PLACEMENT_3D('',#5561,#4424,#4425);
#4023=AXIS2_PLACEMENT_3D('',#5570,#4430,#4431);
#4024=AXIS2_PLACEMENT_3D('',#5579,#4436,#4437);
#4025=AXIS2_PLACEMENT_3D('',#5588,#4442,#4443);
#4026=AXIS2_PLACEMENT_3D('',#5597,#4448,#4449);
#4027=AXIS2_PLACEMENT_3D('',#5606,#4454,#4455);
#4028=AXIS2_PLACEMENT_3D('',#5615,#4460,#4461);
#4029=AXIS2_PLACEMENT_3D('',#5624,#4466,#4467);
#4030=AXIS2_PLACEMENT_3D('',#5633,#4472,#4473);
#4031=AXIS2_PLACEMENT_3D('',#5642,#4478,#4479);
#4032=AXIS2_PLACEMENT_3D('',#5651,#4484,#4485);
#4033=AXIS2_PLACEMENT_3D('',#5660,#4490,#4491);
#4034=AXIS2_PLACEMENT_3D('',#5669,#4496,#4497);
#4035=AXIS2_PLACEMENT_3D('',#5678,#4502,#4503);
#4036=AXIS2_PLACEMENT_3D('',#5687,#4508,#4509);
#4037=AXIS2_PLACEMENT_3D('',#5696,#4514,#4515);
#4038=AXIS2_PLACEMENT_3D('',#5705,#4520,#4521);
#4039=AXIS2_PLACEMENT_3D('',#5728,#4544,#4545);
#4040=AXIS2_PLACEMENT_3D('',#5733,#4547,#4548);
#4041=AXIS2_PLACEMENT_3D('',#5737,#4550,#4551);
#4042=AXIS2_PLACEMENT_3D('',#5741,#4553,#4554);
#4043=AXIS2_PLACEMENT_3D('',#5744,#4556,#4557);
#4044=AXIS2_PLACEMENT_3D('',#5753,#4562,#4563);
#4045=AXIS2_PLACEMENT_3D('',#5762,#4568,#4569);
#4046=AXIS2_PLACEMENT_3D('',#5771,#4574,#4575);
#4047=AXIS2_PLACEMENT_3D('',#5780,#4580,#4581);
#4048=AXIS2_PLACEMENT_3D('',#5789,#4586,#4587);
#4049=AXIS2_PLACEMENT_3D('',#5798,#4592,#4593);
#4050=AXIS2_PLACEMENT_3D('',#5807,#4598,#4599);
#4051=AXIS2_PLACEMENT_3D('',#5816,#4604,#4605);
#4052=AXIS2_PLACEMENT_3D('',#5825,#4610,#4611);
#4053=AXIS2_PLACEMENT_3D('',#5834,#4616,#4617);
#4054=AXIS2_PLACEMENT_3D('',#5835,#4618,#4619);
#4055=AXIS2_PLACEMENT_3D('',#5840,#4621,#4622);
#4056=AXIS2_PLACEMENT_3D('',#5843,#4624,#4625);
#4057=AXIS2_PLACEMENT_3D('',#5854,#4626,#4627);
#4058=AXIS2_PLACEMENT_3D('',#5855,#4628,#4629);
#4059=AXIS2_PLACEMENT_3D('',#5856,#4630,#4631);
#4060=AXIS2_PLACEMENT_3D('',#5861,#4633,#4634);
#4061=AXIS2_PLACEMENT_3D('',#5864,#4636,#4637);
#4062=AXIS2_PLACEMENT_3D('',#5870,#4638,#4639);
#4063=AXIS2_PLACEMENT_3D('',#5876,#4640,#4641);
#4064=AXIS2_PLACEMENT_3D('',#5877,#4642,#4643);
#4065=AXIS2_PLACEMENT_3D('',#5882,#4645,#4646);
#4066=AXIS2_PLACEMENT_3D('',#5885,#4648,#4649);
#4067=AXIS2_PLACEMENT_3D('',#5891,#4650,#4651);
#4068=AXIS2_PLACEMENT_3D('',#5897,#4652,#4653);
#4069=AXIS2_PLACEMENT_3D('',#5898,#4654,#4655);
#4070=AXIS2_PLACEMENT_3D('',#5903,#4657,#4658);
#4071=AXIS2_PLACEMENT_3D('',#5906,#4660,#4661);
#4072=AXIS2_PLACEMENT_3D('',#5912,#4662,#4663);
#4073=AXIS2_PLACEMENT_3D('',#5918,#4664,#4665);
#4074=AXIS2_PLACEMENT_3D('',#5919,#4666,#4667);
#4075=AXIS2_PLACEMENT_3D('',#5924,#4669,#4670);
#4076=AXIS2_PLACEMENT_3D('',#5927,#4672,#4673);
#4077=AXIS2_PLACEMENT_3D('',#5933,#4674,#4675);
#4078=AXIS2_PLACEMENT_3D('',#5939,#4676,#4677);
#4079=AXIS2_PLACEMENT_3D('',#5948,#4682,#4683);
#4080=AXIS2_PLACEMENT_3D('',#5957,#4688,#4689);
#4081=AXIS2_PLACEMENT_3D('',#5958,#4690,#4691);
#4082=AXIS2_PLACEMENT_3D('',#5963,#4693,#4694);
#4083=AXIS2_PLACEMENT_3D('',#5966,#4696,#4697);
#4084=AXIS2_PLACEMENT_3D('',#5972,#4698,#4699);
#4085=AXIS2_PLACEMENT_3D('',#5978,#4700,#4701);
#4086=AXIS2_PLACEMENT_3D('',#5979,#4702,#4703);
#4087=AXIS2_PLACEMENT_3D('',#5981,#4704,#4705);
#4088=AXIS2_PLACEMENT_3D('',#5987,#4708,#4709);
#4089=AXIS2_PLACEMENT_3D('',#5991,#4711,#4712);
#4090=AXIS2_PLACEMENT_3D('',#5995,#4714,#4715);
#4091=AXIS2_PLACEMENT_3D('',#5999,#4717,#4718);
#4092=AXIS2_PLACEMENT_3D('',#6003,#4720,#4721);
#4093=AXIS2_PLACEMENT_3D('',#6007,#4723,#4724);
#4094=AXIS2_PLACEMENT_3D('',#6011,#4726,#4727);
#4095=AXIS2_PLACEMENT_3D('',#6015,#4729,#4730);
#4096=AXIS2_PLACEMENT_3D('',#6019,#4732,#4733);
#4097=AXIS2_PLACEMENT_3D('',#6023,#4735,#4736);
#4098=AXIS2_PLACEMENT_3D('',#6027,#4738,#4739);
#4099=AXIS2_PLACEMENT_3D('',#6031,#4741,#4742);
#4100=AXIS2_PLACEMENT_3D('',#6035,#4744,#4745);
#4101=AXIS2_PLACEMENT_3D('',#6039,#4747,#4748);
#4102=AXIS2_PLACEMENT_3D('',#6043,#4750,#4751);
#4103=AXIS2_PLACEMENT_3D('',#6047,#4753,#4754);
#4104=AXIS2_PLACEMENT_3D('',#6051,#4756,#4757);
#4105=AXIS2_PLACEMENT_3D('',#6055,#4759,#4760);
#4106=AXIS2_PLACEMENT_3D('',#6059,#4762,#4763);
#4107=AXIS2_PLACEMENT_3D('',#6063,#4765,#4766);
#4108=AXIS2_PLACEMENT_3D('',#6067,#4768,#4769);
#4109=AXIS2_PLACEMENT_3D('',#6071,#4771,#4772);
#4110=AXIS2_PLACEMENT_3D('',#6075,#4774,#4775);
#4111=AXIS2_PLACEMENT_3D('',#6080,#4778,#4779);
#4112=AXIS2_PLACEMENT_3D('',#6085,#4782,#4783);
#4113=AXIS2_PLACEMENT_3D('',#6090,#4786,#4787);
#4114=AXIS2_PLACEMENT_3D('',#6095,#4790,#4791);
#4115=AXIS2_PLACEMENT_3D('',#6099,#4794,#4795);
#4116=AXIS2_PLACEMENT_3D('',#6100,#4796,#4797);
#4117=AXIS2_PLACEMENT_3D('',#6105,#4799,#4800);
#4118=AXIS2_PLACEMENT_3D('',#6108,#4802,#4803);
#4119=AXIS2_PLACEMENT_3D('',#6112,#4805,#4806);
#4120=AXIS2_PLACEMENT_3D('',#6116,#4808,#4809);
#4121=AXIS2_PLACEMENT_3D('',#6117,#4810,#4811);
#4122=AXIS2_PLACEMENT_3D('',#6120,#4813,#4814);
#4123=AXIS2_PLACEMENT_3D('',#6125,#4817,#4818);
#4124=AXIS2_PLACEMENT_3D('',#6130,#4821,#4822);
#4125=AXIS2_PLACEMENT_3D('',#6135,#4825,#4826);
#4126=AXIS2_PLACEMENT_3D('',#6140,#4829,#4830);
#4127=AXIS2_PLACEMENT_3D('',#6145,#4833,#4834);
#4128=AXIS2_PLACEMENT_3D('',#6150,#4837,#4838);
#4129=AXIS2_PLACEMENT_3D('',#6154,#4840,#4841);
#4130=AXIS2_PLACEMENT_3D('',#6158,#4843,#4844);
#4131=AXIS2_PLACEMENT_3D('',#6162,#4846,#4847);
#4132=AXIS2_PLACEMENT_3D('',#6166,#4849,#4850);
#4133=AXIS2_PLACEMENT_3D('',#6170,#4852,#4853);
#4134=AXIS2_PLACEMENT_3D('',#6174,#4855,#4856);
#4135=AXIS2_PLACEMENT_3D('',#6178,#4858,#4859);
#4136=AXIS2_PLACEMENT_3D('',#6182,#4861,#4862);
#4137=AXIS2_PLACEMENT_3D('',#6186,#4864,#4865);
#4138=AXIS2_PLACEMENT_3D('',#6190,#4867,#4868);
#4139=AXIS2_PLACEMENT_3D('',#6194,#4870,#4871);
#4140=AXIS2_PLACEMENT_3D('',#6198,#4873,#4874);
#4141=AXIS2_PLACEMENT_3D('',#6202,#4876,#4877);
#4142=AXIS2_PLACEMENT_3D('',#6206,#4879,#4880);
#4143=AXIS2_PLACEMENT_3D('',#6210,#4882,#4883);
#4144=AXIS2_PLACEMENT_3D('',#6214,#4885,#4886);
#4145=AXIS2_PLACEMENT_3D('',#6218,#4888,#4889);
#4146=AXIS2_PLACEMENT_3D('',#6222,#4891,#4892);
#4147=AXIS2_PLACEMENT_3D('',#6227,#4895,#4896);
#4148=AXIS2_PLACEMENT_3D('',#6230,#4898,#4899);
#4149=AXIS2_PLACEMENT_3D('',#6232,#4900,#4901);
#4150=AXIS2_PLACEMENT_3D('',#6241,#4902,#4903);
#4151=AXIS2_PLACEMENT_3D('',#6250,#4904,#4905);
#4152=AXIS2_PLACEMENT_3D('',#6255,#4908,#4909);
#4153=AXIS2_PLACEMENT_3D('',#6256,#4910,#4911);
#4154=AXIS2_PLACEMENT_3D('',#6265,#4912,#4913);
#4155=AXIS2_PLACEMENT_3D('',#6270,#4916,#4917);
#4156=AXIS2_PLACEMENT_3D('',#6271,#4918,#4919);
#4157=AXIS2_PLACEMENT_3D('',#6280,#4920,#4921);
#4158=AXIS2_PLACEMENT_3D('',#6285,#4924,#4925);
#4159=AXIS2_PLACEMENT_3D('',#6286,#4926,#4927);
#4160=AXIS2_PLACEMENT_3D('',#6295,#4928,#4929);
#4161=AXIS2_PLACEMENT_3D('',#6300,#4932,#4933);
#4162=AXIS2_PLACEMENT_3D('',#6301,#4934,#4935);
#4163=AXIS2_PLACEMENT_3D('',#6310,#4936,#4937);
#4164=AXIS2_PLACEMENT_3D('',#6315,#4940,#4941);
#4165=AXIS2_PLACEMENT_3D('',#6316,#4942,#4943);
#4166=AXIS2_PLACEMENT_3D('',#6325,#4944,#4945);
#4167=AXIS2_PLACEMENT_3D('',#6330,#4948,#4949);
#4168=AXIS2_PLACEMENT_3D('',#6331,#4950,#4951);
#4169=AXIS2_PLACEMENT_3D('',#6340,#4952,#4953);
#4170=AXIS2_PLACEMENT_3D('',#6345,#4956,#4957);
#4171=AXIS2_PLACEMENT_3D('',#6346,#4958,#4959);
#4172=AXIS2_PLACEMENT_3D('',#6355,#4960,#4961);
#4173=AXIS2_PLACEMENT_3D('',#6360,#4964,#4965);
#4174=AXIS2_PLACEMENT_3D('',#6361,#4966,#4967);
#4175=AXIS2_PLACEMENT_3D('',#6370,#4968,#4969);
#4176=AXIS2_PLACEMENT_3D('',#6375,#4972,#4973);
#4177=AXIS2_PLACEMENT_3D('',#6376,#4974,#4975);
#4178=AXIS2_PLACEMENT_3D('',#6385,#4976,#4977);
#4179=AXIS2_PLACEMENT_3D('',#6386,#4978,#4979);
#4180=AXIS2_PLACEMENT_3D('',#6388,#4980,#4981);
#4181=AXIS2_PLACEMENT_3D('',#6390,#4982,#4983);
#4182=AXIS2_PLACEMENT_3D('',#6391,#4984,#4985);
#4183=AXIS2_PLACEMENT_3D('',#6392,#4986,#4987);
#4184=AXIS2_PLACEMENT_3D('',#6393,#4988,#4989);
#4185=AXIS2_PLACEMENT_3D('',#6394,#4990,#4991);
#4186=AXIS2_PLACEMENT_3D('',#6407,#5004,#5005);
#4187=AXIS2_PLACEMENT_3D('',#6408,#5006,#5007);
#4188=AXIS2_PLACEMENT_3D('',#6410,#5008,#5009);
#4189=AXIS2_PLACEMENT_3D('',#6411,#5010,#5011);
#4190=AXIS2_PLACEMENT_3D('',#6413,#5012,#5013);
#4191=AXIS2_PLACEMENT_3D('',#6414,#5014,#5015);
#4192=AXIS2_PLACEMENT_3D('',#6416,#5016,#5017);
#4193=AXIS2_PLACEMENT_3D('',#6417,#5018,#5019);
#4194=AXIS2_PLACEMENT_3D('',#6418,#5020,#5021);
#4195=AXIS2_PLACEMENT_3D('',#6420,#5022,#5023);
#4196=AXIS2_PLACEMENT_3D('',#6558,#5092,#5093);
#4197=AXIS2_PLACEMENT_3D('',#6559,#5094,#5095);
#4198=AXIS2_PLACEMENT_3D('',#6560,#5096,#5097);
#4199=AXIS2_PLACEMENT_3D('',#6561,#5098,#5099);
#4200=AXIS2_PLACEMENT_3D('',#6562,#5100,#5101);
#4201=AXIS2_PLACEMENT_3D('',#6563,#5102,#5103);
#4202=AXIS2_PLACEMENT_3D('',#6564,#5104,#5105);
#4203=AXIS2_PLACEMENT_3D('',#6566,#5107,#5108);
#4204=AXIS2_PLACEMENT_3D('',#6568,#5110,#5111);
#4205=AXIS2_PLACEMENT_3D('',#6569,#5112,#5113);
#4206=AXIS2_PLACEMENT_3D('',#6570,#5114,#5115);
#4207=AXIS2_PLACEMENT_3D('',#6571,#5116,#5117);
#4208=AXIS2_PLACEMENT_3D('',#6572,#5118,#5119);
#4209=AXIS2_PLACEMENT_3D('',#6573,#5120,#5121);
#4210=AXIS2_PLACEMENT_3D('',#6574,#5122,#5123);
#4211=AXIS2_PLACEMENT_3D('',#6575,#5124,#5125);
#4212=AXIS2_PLACEMENT_3D('',#6576,#5126,#5127);
#4213=AXIS2_PLACEMENT_3D('',#6577,#5128,#5129);
#4214=AXIS2_PLACEMENT_3D('',#6578,#5130,#5131);
#4215=AXIS2_PLACEMENT_3D('',#6579,#5132,#5133);
#4216=AXIS2_PLACEMENT_3D('',#6580,#5134,#5135);
#4217=AXIS2_PLACEMENT_3D('',#6581,#5136,#5137);
#4218=AXIS2_PLACEMENT_3D('',#6582,#5138,#5139);
#4219=AXIS2_PLACEMENT_3D('',#6583,#5140,#5141);
#4220=AXIS2_PLACEMENT_3D('',#6584,#5142,#5143);
#4221=AXIS2_PLACEMENT_3D('',#6585,#5144,#5145);
#4222=AXIS2_PLACEMENT_3D('',#6586,#5146,#5147);
#4223=AXIS2_PLACEMENT_3D('',#6587,#5148,#5149);
#4224=AXIS2_PLACEMENT_3D('',#6588,#5150,#5151);
#4225=AXIS2_PLACEMENT_3D('',#6589,#5152,#5153);
#4226=AXIS2_PLACEMENT_3D('',#6590,#5154,#5155);
#4227=AXIS2_PLACEMENT_3D('',#6591,#5156,#5157);
#4228=AXIS2_PLACEMENT_3D('',#6592,#5158,#5159);
#4229=AXIS2_PLACEMENT_3D('',#6593,#5160,#5161);
#4230=AXIS2_PLACEMENT_3D('',#6594,#5162,#5163);
#4231=AXIS2_PLACEMENT_3D('',#6595,#5164,#5165);
#4232=AXIS2_PLACEMENT_3D('',#6596,#5166,#5167);
#4233=AXIS2_PLACEMENT_3D('',#6597,#5168,#5169);
#4234=AXIS2_PLACEMENT_3D('',#6598,#5170,#5171);
#4235=AXIS2_PLACEMENT_3D('',#6599,#5172,#5173);
#4236=AXIS2_PLACEMENT_3D('',#6600,#5174,#5175);
#4237=AXIS2_PLACEMENT_3D('',#6601,#5176,#5177);
#4238=AXIS2_PLACEMENT_3D('',#6602,#5178,#5179);
#4239=AXIS2_PLACEMENT_3D('',#6603,#5180,#5181);
#4240=AXIS2_PLACEMENT_3D('',#6604,#5182,#5183);
#4241=AXIS2_PLACEMENT_3D('',#6605,#5184,#5185);
#4242=AXIS2_PLACEMENT_3D('',#6606,#5186,#5187);
#4243=AXIS2_PLACEMENT_3D('',#6607,#5188,#5189);
#4244=AXIS2_PLACEMENT_3D('',#6608,#5190,#5191);
#4245=AXIS2_PLACEMENT_3D('',#6609,#5192,#5193);
#4246=AXIS2_PLACEMENT_3D('',#6610,#5194,#5195);
#4247=AXIS2_PLACEMENT_3D('',#6611,#5196,#5197);
#4248=AXIS2_PLACEMENT_3D('',#6612,#5198,#5199);
#4249=AXIS2_PLACEMENT_3D('',#6613,#5200,#5201);
#4250=AXIS2_PLACEMENT_3D('',#6614,#5202,#5203);
#4251=AXIS2_PLACEMENT_3D('',#6615,#5204,#5205);
#4252=AXIS2_PLACEMENT_3D('',#6616,#5206,#5207);
#4253=AXIS2_PLACEMENT_3D('',#6617,#5208,#5209);
#4254=AXIS2_PLACEMENT_3D('',#6618,#5210,#5211);
#4255=AXIS2_PLACEMENT_3D('',#6619,#5212,#5213);
#4256=AXIS2_PLACEMENT_3D('',#6620,#5214,#5215);
#4257=AXIS2_PLACEMENT_3D('',#6621,#5216,#5217);
#4258=AXIS2_PLACEMENT_3D('',#6622,#5218,#5219);
#4259=AXIS2_PLACEMENT_3D('',#6623,#5220,#5221);
#4260=AXIS2_PLACEMENT_3D('',#6624,#5222,#5223);
#4261=AXIS2_PLACEMENT_3D('',#6625,#5224,#5225);
#4262=AXIS2_PLACEMENT_3D('',#6626,#5226,#5227);
#4263=AXIS2_PLACEMENT_3D('',#6627,#5228,#5229);
#4264=AXIS2_PLACEMENT_3D('',#6628,#5230,#5231);
#4265=AXIS2_PLACEMENT_3D('',#6629,#5232,#5233);
#4266=AXIS2_PLACEMENT_3D('',#6631,#5235,#5236);
#4267=AXIS2_PLACEMENT_3D('',#6633,#5238,#5239);
#4268=AXIS2_PLACEMENT_3D('',#6634,#5240,#5241);
#4269=AXIS2_PLACEMENT_3D('',#6636,#5243,#5244);
#4270=AXIS2_PLACEMENT_3D('',#6638,#5246,#5247);
#4271=AXIS2_PLACEMENT_3D('',#6639,#5248,#5249);
#4272=AXIS2_PLACEMENT_3D('',#6641,#5251,#5252);
#4273=AXIS2_PLACEMENT_3D('',#6643,#5254,#5255);
#4274=AXIS2_PLACEMENT_3D('',#6644,#5256,#5257);
#4275=AXIS2_PLACEMENT_3D('',#6646,#5259,#5260);
#4276=AXIS2_PLACEMENT_3D('',#6648,#5262,#5263);
#4277=AXIS2_PLACEMENT_3D('',#6649,#5264,#5265);
#4278=AXIS2_PLACEMENT_3D('',#6651,#5267,#5268);
#4279=AXIS2_PLACEMENT_3D('',#6653,#5270,#5271);
#4280=AXIS2_PLACEMENT_3D('',#6654,#5272,#5273);
#4281=AXIS2_PLACEMENT_3D('',#6656,#5275,#5276);
#4282=AXIS2_PLACEMENT_3D('',#6658,#5278,#5279);
#4283=AXIS2_PLACEMENT_3D('',#6659,#5280,#5281);
#4284=AXIS2_PLACEMENT_3D('',#6661,#5283,#5284);
#4285=AXIS2_PLACEMENT_3D('',#6663,#5286,#5287);
#4286=AXIS2_PLACEMENT_3D('',#6664,#5288,#5289);
#4287=AXIS2_PLACEMENT_3D('',#6666,#5291,#5292);
#4288=AXIS2_PLACEMENT_3D('',#6668,#5294,#5295);
#4289=AXIS2_PLACEMENT_3D('',#6669,#5296,#5297);
#4290=AXIS2_PLACEMENT_3D('',#6671,#5299,#5300);
#4291=AXIS2_PLACEMENT_3D('',#6673,#5302,#5303);
#4292=AXIS2_PLACEMENT_3D('',#6674,#5304,#5305);
#4293=AXIS2_PLACEMENT_3D('',#6676,#5307,#5308);
#4294=AXIS2_PLACEMENT_3D('',#6678,#5310,#5311);
#4295=AXIS2_PLACEMENT_3D('',#6679,#5312,#5313);
#4296=AXIS2_PLACEMENT_3D('',#6680,#5314,#5315);
#4297=AXIS2_PLACEMENT_3D('',#6681,#5316,#5317);
#4298=AXIS2_PLACEMENT_3D('',#6682,#5318,#5319);
#4299=AXIS2_PLACEMENT_3D('',#6683,#5320,#5321);
#4300=AXIS2_PLACEMENT_3D('',#6684,#5322,#5323);
#4301=AXIS2_PLACEMENT_3D('',#6685,#5324,#5325);
#4302=AXIS2_PLACEMENT_3D('',#6687,#5327,#5328);
#4303=AXIS2_PLACEMENT_3D('',#6689,#5330,#5331);
#4304=AXIS2_PLACEMENT_3D('',#6690,#5332,#5333);
#4305=AXIS2_PLACEMENT_3D('',#6691,#5334,#5335);
#4306=AXIS2_PLACEMENT_3D('',#6692,#5336,#5337);
#4307=AXIS2_PLACEMENT_3D('',#6693,#5338,#5339);
#4308=AXIS2_PLACEMENT_3D('',#6694,#5340,#5341);
#4309=AXIS2_PLACEMENT_3D('',#6695,#5342,#5343);
#4310=AXIS2_PLACEMENT_3D('',#6696,#5344,#5345);
#4311=AXIS2_PLACEMENT_3D('',#6697,#5346,#5347);
#4312=AXIS2_PLACEMENT_3D('',#6698,#5348,#5349);
#4313=AXIS2_PLACEMENT_3D('',#6699,#5350,#5351);
#4314=AXIS2_PLACEMENT_3D('',#6700,#5352,#5353);
#4315=AXIS2_PLACEMENT_3D('',#6701,#5354,#5355);
#4316=AXIS2_PLACEMENT_3D('',#6702,#5356,#5357);
#4317=AXIS2_PLACEMENT_3D('',#6703,#5358,#5359);
#4318=AXIS2_PLACEMENT_3D('',#6704,#5360,#5361);
#4319=AXIS2_PLACEMENT_3D('',#6705,#5362,#5363);
#4320=AXIS2_PLACEMENT_3D('',#6706,#5364,#5365);
#4321=AXIS2_PLACEMENT_3D('',#6707,#5366,#5367);
#4322=AXIS2_PLACEMENT_3D('',#6708,#5368,#5369);
#4323=AXIS2_PLACEMENT_3D('',#6709,#5370,#5371);
#4324=AXIS2_PLACEMENT_3D('',#6710,#5372,#5373);
#4325=AXIS2_PLACEMENT_3D('',#6711,#5374,#5375);
#4326=AXIS2_PLACEMENT_3D('',#6712,#5376,#5377);
#4327=AXIS2_PLACEMENT_3D('',#6713,#5378,#5379);
#4328=AXIS2_PLACEMENT_3D('',#6714,#5380,#5381);
#4329=AXIS2_PLACEMENT_3D('',#6715,#5382,#5383);
#4330=AXIS2_PLACEMENT_3D('',#6716,#5384,#5385);
#4331=AXIS2_PLACEMENT_3D('',#6717,#5386,#5387);
#4332=AXIS2_PLACEMENT_3D('',#6718,#5388,#5389);
#4333=AXIS2_PLACEMENT_3D('',#6719,#5390,#5391);
#4334=AXIS2_PLACEMENT_3D('',#6720,#5392,#5393);
#4335=AXIS2_PLACEMENT_3D('',#6721,#5394,#5395);
#4336=AXIS2_PLACEMENT_3D('',#6722,#5396,#5397);
#4337=AXIS2_PLACEMENT_3D('',#6725,#5400,#5401);
#4338=AXIS2_PLACEMENT_3D('',#6726,#5402,#5403);
#4339=AXIS2_PLACEMENT_3D('',#6727,#5404,#5405);
#4340=AXIS2_PLACEMENT_3D('',#6730,#5408,#5409);
#4341=AXIS2_PLACEMENT_3D('',#6731,#5410,#5411);
#4342=AXIS2_PLACEMENT_3D('',#6732,#5412,#5413);
#4343=AXIS2_PLACEMENT_3D('',#6735,#5416,#5417);
#4344=AXIS2_PLACEMENT_3D('',#6736,#5418,#5419);
#4345=AXIS2_PLACEMENT_3D('',#6737,#5420,#5421);
#4346=AXIS2_PLACEMENT_3D('',#6740,#5424,#5425);
#4347=AXIS2_PLACEMENT_3D('',#6741,#5426,#5427);
#4348=AXIS2_PLACEMENT_3D('',#6742,#5428,#5429);
#4349=AXIS2_PLACEMENT_3D('',#6745,#5432,#5433);
#4350=AXIS2_PLACEMENT_3D('',#6746,#5434,#5435);
#4351=AXIS2_PLACEMENT_3D('',#6747,#5436,#5437);
#4352=AXIS2_PLACEMENT_3D('',#6748,#5438,#5439);
#4353=AXIS2_PLACEMENT_3D('',#6749,#5440,#5441);
#4354=AXIS2_PLACEMENT_3D('',#6750,#5442,#5443);
#4355=AXIS2_PLACEMENT_3D('',#6751,#5444,#5445);
#4356=AXIS2_PLACEMENT_3D('',#6752,#5446,#5447);
#4357=AXIS2_PLACEMENT_3D('',#6753,#5448,#5449);
#4358=AXIS2_PLACEMENT_3D('',#6754,#5450,#5451);
#4359=AXIS2_PLACEMENT_3D('',#6755,#5452,#5453);
#4360=AXIS2_PLACEMENT_3D('',#6756,#5454,#5455);
#4361=AXIS2_PLACEMENT_3D('',#6757,#5456,#5457);
#4362=AXIS2_PLACEMENT_3D('',#6758,#5458,#5459);
#4363=AXIS2_PLACEMENT_3D('',#6759,#5460,#5461);
#4364=AXIS2_PLACEMENT_3D('',#6760,#5462,#5463);
#4365=AXIS2_PLACEMENT_3D('',#6761,#5464,#5465);
#4366=AXIS2_PLACEMENT_3D('',#6762,#5466,#5467);
#4367=AXIS2_PLACEMENT_3D('',#6763,#5468,#5469);
#4368=AXIS2_PLACEMENT_3D('',#6764,#5470,#5471);
#4369=AXIS2_PLACEMENT_3D('',#6765,#5472,#5473);
#4370=AXIS2_PLACEMENT_3D('',#6766,#5474,#5475);
#4371=AXIS2_PLACEMENT_3D('',#6767,#5476,#5477);
#4372=AXIS2_PLACEMENT_3D('',#6768,#5478,#5479);
#4373=AXIS2_PLACEMENT_3D('',#6769,#5480,#5481);
#4374=AXIS2_PLACEMENT_3D('',#6770,#5482,#5483);
#4375=AXIS2_PLACEMENT_3D('',#6771,#5484,#5485);
#4376=AXIS2_PLACEMENT_3D('',#6772,#5486,#5487);
#4377=AXIS2_PLACEMENT_3D('',#6773,#5488,#5489);
#4378=AXIS2_PLACEMENT_3D('',#6774,#5490,#5491);
#4379=AXIS2_PLACEMENT_3D('',#6775,#5492,#5493);
#4380=AXIS2_PLACEMENT_3D('',#6776,#5494,#5495);
#4381=AXIS2_PLACEMENT_3D('',#6777,#5496,#5497);
#4382=AXIS2_PLACEMENT_3D('',#6778,#5498,#5499);
#4383=AXIS2_PLACEMENT_3D('',#6779,#5500,#5501);
#4384=AXIS2_PLACEMENT_3D('',#6780,#5502,#5503);
#4385=AXIS2_PLACEMENT_3D('',#6781,#5504,#5505);
#4386=DIRECTION('',(0.,0.,1.));
#4387=DIRECTION('',(1.,0.,0.));
#4388=DIRECTION('',(-0.342020143325676,0.,0.939692620785906));
#4389=DIRECTION('',(0.939692620785906,0.,0.342020143325676));
#4390=DIRECTION('',(0.939692620785906,0.,0.342020143325676));
#4391=DIRECTION('',(0.,1.,0.));
#4392=DIRECTION('',(0.939692620785906,0.,0.342020143325676));
#4393=DIRECTION('',(0.,1.,0.));
#4394=DIRECTION('',(0.342020143325676,0.,-0.939692620785906));
#4395=DIRECTION('',(-0.939692620785906,0.,-0.342020143325676));
#4396=DIRECTION('',(0.939692620785906,0.,0.342020143325676));
#4397=DIRECTION('',(0.,1.,0.));
#4398=DIRECTION('',(-0.939692620785906,0.,-0.342020143325676));
#4399=DIRECTION('',(0.,1.,0.));
#4400=DIRECTION('',(0.,0.,1.));
#4401=DIRECTION('',(1.,0.,0.));
#4402=DIRECTION('',(1.,0.,0.));
#4403=DIRECTION('',(0.,1.,0.));
#4404=DIRECTION('',(1.,0.,0.));
#4405=DIRECTION('',(0.,1.,0.));
#4406=DIRECTION('',(0.,0.,-1.));
#4407=DIRECTION('',(-1.,0.,0.));
#4408=DIRECTION('',(1.,0.,0.));
#4409=DIRECTION('',(0.,1.,0.));
#4410=DIRECTION('',(-1.,0.,0.));
#4411=DIRECTION('',(0.,1.,0.));
#4412=DIRECTION('',(0.342020143325663,0.,0.93969262078591));
#4413=DIRECTION('',(0.939692620785911,0.,-0.342020143325663));
#4414=DIRECTION('',(0.939692620785911,0.,-0.342020143325663));
#4415=DIRECTION('',(0.,1.,0.));
#4416=DIRECTION('',(0.93969262078591,0.,-0.342020143325663));
#4417=DIRECTION('',(0.,1.,0.));
#4418=DIRECTION('',(-0.342020143325663,0.,-0.93969262078591));
#4419=DIRECTION('',(-0.939692620785911,0.,0.342020143325663));
#4420=DIRECTION('',(0.939692620785911,0.,-0.342020143325663));
#4421=DIRECTION('',(0.,1.,0.));
#4422=DIRECTION('',(-0.93969262078591,0.,0.342020143325663));
#4423=DIRECTION('',(0.,1.,0.));
#4424=DIRECTION('',(0.642787609686535,0.,0.766044443118981));
#4425=DIRECTION('',(0.766044443118981,0.,-0.642787609686535));
#4426=DIRECTION('',(0.766044443118981,0.,-0.642787609686535));
#4427=DIRECTION('',(0.,1.,0.));
#4428=DIRECTION('',(0.766044443118981,0.,-0.642787609686535));
#4429=DIRECTION('',(0.,1.,0.));
#4430=DIRECTION('',(-0.642787609686535,0.,-0.766044443118981));
#4431=DIRECTION('',(-0.766044443118981,0.,0.642787609686535));
#4432=DIRECTION('',(0.766044443118981,0.,-0.642787609686535));
#4433=DIRECTION('',(0.,1.,0.));
#4434=DIRECTION('',(-0.766044443118981,0.,0.642787609686535));
#4435=DIRECTION('',(0.,1.,0.));
#4436=DIRECTION('',(0.866025403784436,0.,0.5));
#4437=DIRECTION('',(0.5,0.,-0.866025403784436));
#4438=DIRECTION('',(0.5,0.,-0.866025403784436));
#4439=DIRECTION('',(0.,1.,0.));
#4440=DIRECTION('',(0.5,0.,-0.866025403784436));
#4441=DIRECTION('',(0.,1.,0.));
#4442=DIRECTION('',(-0.866025403784436,0.,-0.5));
#4443=DIRECTION('',(-0.5,0.,0.866025403784436));
#4444=DIRECTION('',(0.5,0.,-0.866025403784436));
#4445=DIRECTION('',(0.,1.,0.));
#4446=DIRECTION('',(-0.5,0.,0.866025403784436));
#4447=DIRECTION('',(0.,1.,0.));
#4448=DIRECTION('',(0.984807753012207,0.,0.173648177666934));
#4449=DIRECTION('',(0.173648177666934,0.,-0.984807753012207));
#4450=DIRECTION('',(0.173648177666934,0.,-0.984807753012207));
#4451=DIRECTION('',(0.,1.,0.));
#4452=DIRECTION('',(0.173648177666934,0.,-0.984807753012207));
#4453=DIRECTION('',(0.,1.,0.));
#4454=DIRECTION('',(-0.984807753012207,0.,-0.173648177666934));
#4455=DIRECTION('',(-0.173648177666934,0.,0.984807753012207));
#4456=DIRECTION('',(0.173648177666934,0.,-0.984807753012207));
#4457=DIRECTION('',(0.,1.,0.));
#4458=DIRECTION('',(-0.173648177666934,0.,0.984807753012207));
#4459=DIRECTION('',(0.,1.,0.));
#4460=DIRECTION('',(0.984807753012209,0.,-0.173648177666927));
#4461=DIRECTION('',(-0.173648177666927,0.,-0.984807753012209));
#4462=DIRECTION('',(-0.173648177666927,0.,-0.984807753012209));
#4463=DIRECTION('',(0.,1.,0.));
#4464=DIRECTION('',(-0.173648177666927,0.,-0.984807753012209));
#4465=DIRECTION('',(0.,1.,0.));
#4466=DIRECTION('',(-0.984807753012209,0.,0.173648177666927));
#4467=DIRECTION('',(0.173648177666927,0.,0.984807753012209));
#4468=DIRECTION('',(-0.173648177666927,0.,-0.984807753012209));
#4469=DIRECTION('',(0.,1.,0.));
#4470=DIRECTION('',(0.173648177666927,0.,0.984807753012209));
#4471=DIRECTION('',(0.,1.,0.));
#4472=DIRECTION('',(0.86602540378444,0.,-0.5));
#4473=DIRECTION('',(-0.5,0.,-0.86602540378444));
#4474=DIRECTION('',(-0.5,0.,-0.86602540378444));
#4475=DIRECTION('',(0.,1.,0.));
#4476=DIRECTION('',(-0.5,0.,-0.86602540378444));
#4477=DIRECTION('',(0.,1.,0.));
#4478=DIRECTION('',(-0.86602540378444,0.,0.5));
#4479=DIRECTION('',(0.5,0.,0.86602540378444));
#4480=DIRECTION('',(-0.5,0.,-0.86602540378444));
#4481=DIRECTION('',(0.,1.,0.));
#4482=DIRECTION('',(0.5,0.,0.86602540378444));
#4483=DIRECTION('',(0.,1.,0.));
#4484=DIRECTION('',(0.64278760968654,0.,-0.766044443118977));
#4485=DIRECTION('',(-0.766044443118977,0.,-0.64278760968654));
#4486=DIRECTION('',(-0.766044443118977,0.,-0.64278760968654));
#4487=DIRECTION('',(0.,1.,0.));
#4488=DIRECTION('',(-0.766044443118977,0.,-0.64278760968654));
#4489=DIRECTION('',(0.,1.,0.));
#4490=DIRECTION('',(-0.64278760968654,0.,0.766044443118977));
#4491=DIRECTION('',(0.766044443118977,0.,0.64278760968654));
#4492=DIRECTION('',(-0.766044443118977,0.,-0.64278760968654));
#4493=DIRECTION('',(0.,1.,0.));
#4494=DIRECTION('',(0.766044443118977,0.,0.64278760968654));
#4495=DIRECTION('',(0.,1.,0.));
#4496=DIRECTION('',(0.342020143325669,0.,-0.939692620785908));
#4497=DIRECTION('',(-0.939692620785908,0.,-0.342020143325669));
#4498=DIRECTION('',(-0.939692620785908,0.,-0.342020143325669));
#4499=DIRECTION('',(0.,1.,0.));
#4500=DIRECTION('',(-0.939692620785908,0.,-0.342020143325669));
#4501=DIRECTION('',(0.,1.,0.));
#4502=DIRECTION('',(-0.342020143325669,0.,0.939692620785908));
#4503=DIRECTION('',(0.939692620785908,0.,0.342020143325669));
#4504=DIRECTION('',(-0.939692620785908,0.,-0.342020143325669));
#4505=DIRECTION('',(0.,1.,0.));
#4506=DIRECTION('',(0.939692620785908,0.,0.342020143325669));
#4507=DIRECTION('',(0.,1.,0.));
#4508=DIRECTION('',(0.,0.,-1.));
#4509=DIRECTION('',(-1.,0.,0.));
#4510=DIRECTION('',(-1.,0.,0.));
#4511=DIRECTION('',(0.,1.,0.));
#4512=DIRECTION('',(-1.,0.,0.));
#4513=DIRECTION('',(0.,1.,0.));
#4514=DIRECTION('',(0.,0.,1.));
#4515=DIRECTION('',(1.,0.,0.));
#4516=DIRECTION('',(-1.,0.,0.));
#4517=DIRECTION('',(0.,1.,0.));
#4518=DIRECTION('',(1.,0.,0.));
#4519=DIRECTION('',(0.,1.,0.));
#4520=DIRECTION('',(0.,1.,0.));
#4521=DIRECTION('',(0.,0.,1.));
#4522=DIRECTION('',(0.,0.,1.));
#4523=DIRECTION('',(0.,0.,-1.));
#4524=DIRECTION('',(-0.342020143325669,0.,0.939692620785908));
#4525=DIRECTION('',(0.342020143325669,0.,-0.939692620785908));
#4526=DIRECTION('',(-0.64278760968654,0.,0.766044443118977));
#4527=DIRECTION('',(0.64278760968654,0.,-0.766044443118977));
#4528=DIRECTION('',(-0.86602540378444,0.,0.5));
#4529=DIRECTION('',(0.86602540378444,0.,-0.5));
#4530=DIRECTION('',(-0.984807753012209,0.,0.173648177666927));
#4531=DIRECTION('',(0.984807753012209,0.,-0.173648177666927));
#4532=DIRECTION('',(-0.984807753012207,0.,-0.173648177666934));
#4533=DIRECTION('',(0.984807753012207,0.,0.173648177666934));
#4534=DIRECTION('',(-0.866025403784436,0.,-0.5));
#4535=DIRECTION('',(0.866025403784436,0.,0.5));
#4536=DIRECTION('',(-0.642787609686535,0.,-0.766044443118981));
#4537=DIRECTION('',(0.642787609686535,0.,0.766044443118981));
#4538=DIRECTION('',(-0.342020143325663,0.,-0.93969262078591));
#4539=DIRECTION('',(0.342020143325663,0.,0.93969262078591));
#4540=DIRECTION('',(0.,0.,-1.));
#4541=DIRECTION('',(0.,0.,1.));
#4542=DIRECTION('',(0.342020143325676,0.,-0.939692620785906));
#4543=DIRECTION('',(-0.342020143325676,0.,0.939692620785906));
#4544=DIRECTION('',(0.,1.,0.));
#4545=DIRECTION('',(0.,0.,1.));
#4546=DIRECTION('',(-0.965925826289068,0.,0.258819045102522));
#4547=DIRECTION('',(0.,1.,0.));
#4548=DIRECTION('',(0.,0.,1.));
#4549=DIRECTION('',(-0.965925826289068,0.,0.258819045102522));
#4550=DIRECTION('',(0.,1.,0.));
#4551=DIRECTION('',(0.,0.,1.));
#4552=DIRECTION('',(-0.819152044288995,0.,-0.573576436351041));
#4553=DIRECTION('',(0.,1.,0.));
#4554=DIRECTION('',(0.,0.,1.));
#4555=DIRECTION('',(-0.819152044288995,0.,-0.573576436351041));
#4556=DIRECTION('',(-0.766044443118975,0.,0.642787609686543));
#4557=DIRECTION('',(0.642787609686543,0.,0.766044443118975));
#4558=DIRECTION('',(0.642787609686543,0.,0.766044443118975));
#4559=DIRECTION('',(0.,1.,0.));
#4560=DIRECTION('',(0.642787609686543,0.,0.766044443118975));
#4561=DIRECTION('',(0.,1.,0.));
#4562=DIRECTION('',(0.766044443118975,0.,-0.642787609686543));
#4563=DIRECTION('',(-0.642787609686543,0.,-0.766044443118975));
#4564=DIRECTION('',(0.642787609686543,0.,0.766044443118975));
#4565=DIRECTION('',(0.,1.,0.));
#4566=DIRECTION('',(-0.642787609686543,0.,-0.766044443118975));
#4567=DIRECTION('',(0.,1.,0.));
#4568=DIRECTION('',(-0.939692620785907,0.,0.342020143325673));
#4569=DIRECTION('',(0.342020143325673,0.,0.939692620785907));
#4570=DIRECTION('',(0.342020143325672,0.,0.939692620785907));
#4571=DIRECTION('',(0.,1.,0.));
#4572=DIRECTION('',(0.342020143325673,0.,0.939692620785907));
#4573=DIRECTION('',(0.,1.,0.));
#4574=DIRECTION('',(0.939692620785907,0.,-0.342020143325673));
#4575=DIRECTION('',(-0.342020143325673,0.,-0.939692620785907));
#4576=DIRECTION('',(0.342020143325672,0.,0.939692620785907));
#4577=DIRECTION('',(0.,1.,0.));
#4578=DIRECTION('',(-0.342020143325673,0.,-0.939692620785907));
#4579=DIRECTION('',(0.,1.,0.));
#4580=DIRECTION('',(-1.,0.,3.5527136788005E-15));
#4581=DIRECTION('',(3.5527136788005E-15,0.,1.));
#4582=DIRECTION('',(3.33066907387547E-15,0.,1.));
#4583=DIRECTION('',(0.,1.,0.));
#4584=DIRECTION('',(3.5527136788005E-15,0.,1.));
#4585=DIRECTION('',(0.,1.,0.));
#4586=DIRECTION('',(1.,0.,-3.5527136788005E-15));
#4587=DIRECTION('',(-3.5527136788005E-15,0.,-1.));
#4588=DIRECTION('',(3.33066907387547E-15,0.,1.));
#4589=DIRECTION('',(0.,1.,0.));
#4590=DIRECTION('',(-3.5527136788005E-15,0.,-1.));
#4591=DIRECTION('',(0.,1.,0.));
#4592=DIRECTION('',(-0.939692620785909,0.,-0.342020143325666));
#4593=DIRECTION('',(-0.342020143325666,0.,0.939692620785909));
#4594=DIRECTION('',(-0.342020143325666,0.,0.939692620785909));
#4595=DIRECTION('',(0.,1.,0.));
#4596=DIRECTION('',(-0.342020143325666,0.,0.939692620785909));
#4597=DIRECTION('',(0.,1.,0.));
#4598=DIRECTION('',(0.939692620785909,0.,0.342020143325666));
#4599=DIRECTION('',(0.342020143325666,0.,-0.939692620785909));
#4600=DIRECTION('',(-0.342020143325666,0.,0.939692620785909));
#4601=DIRECTION('',(0.,1.,0.));
#4602=DIRECTION('',(0.342020143325666,0.,-0.939692620785909));
#4603=DIRECTION('',(0.,1.,0.));
#4604=DIRECTION('',(-0.766044443118979,0.,-0.642787609686538));
#4605=DIRECTION('',(-0.642787609686538,0.,0.766044443118979));
#4606=DIRECTION('',(-0.642787609686538,0.,0.766044443118979));
#4607=DIRECTION('',(0.,1.,0.));
#4608=DIRECTION('',(-0.642787609686538,0.,0.766044443118979));
#4609=DIRECTION('',(0.,1.,0.));
#4610=DIRECTION('',(0.766044443118979,0.,0.642787609686538));
#4611=DIRECTION('',(0.642787609686538,0.,-0.766044443118979));
#4612=DIRECTION('',(-0.642787609686538,0.,0.766044443118979));
#4613=DIRECTION('',(0.,1.,0.));
#4614=DIRECTION('',(0.642787609686538,0.,-0.766044443118979));
#4615=DIRECTION('',(0.,1.,0.));
#4616=DIRECTION('',(0.,1.,0.));
#4617=DIRECTION('',(0.,0.,1.));
#4618=DIRECTION('',(0.,-1.,0.));
#4619=DIRECTION('',(0.,0.,-1.));
#4620=DIRECTION('',(0.642787609686543,0.,0.766044443118975));
#4621=DIRECTION('',(0.,1.,0.));
#4622=DIRECTION('',(0.,0.,1.));
#4623=DIRECTION('',(0.939692620785906,0.,0.342020143325676));
#4624=DIRECTION('',(0.,1.,0.));
#4625=DIRECTION('',(0.,0.,1.));
#4626=DIRECTION('',(0.,-1.,0.));
#4627=DIRECTION('',(0.,0.,-1.));
#4628=DIRECTION('',(0.,1.,0.));
#4629=DIRECTION('',(0.,0.,1.));
#4630=DIRECTION('',(0.,1.,0.));
#4631=DIRECTION('',(0.,0.,1.));
#4632=DIRECTION('',(0.642787609686543,0.,0.766044443118975));
#4633=DIRECTION('',(0.,-1.,0.));
#4634=DIRECTION('',(0.,0.,-1.));
#4635=DIRECTION('',(0.342020143325673,0.,0.939692620785907));
#4636=DIRECTION('',(0.,1.,0.));
#4637=DIRECTION('',(0.,0.,1.));
#4638=DIRECTION('',(0.,-1.,0.));
#4639=DIRECTION('',(0.,0.,-1.));
#4640=DIRECTION('',(0.,1.,0.));
#4641=DIRECTION('',(0.,0.,1.));
#4642=DIRECTION('',(0.,1.,0.));
#4643=DIRECTION('',(0.,0.,1.));
#4644=DIRECTION('',(0.342020143325673,0.,0.939692620785907));
#4645=DIRECTION('',(0.,-1.,0.));
#4646=DIRECTION('',(0.,0.,-1.));
#4647=DIRECTION('',(3.33066907387547E-15,0.,1.));
#4648=DIRECTION('',(0.,1.,0.));
#4649=DIRECTION('',(0.,0.,1.));
#4650=DIRECTION('',(0.,-1.,0.));
#4651=DIRECTION('',(0.,0.,-1.));
#4652=DIRECTION('',(0.,1.,0.));
#4653=DIRECTION('',(0.,0.,1.));
#4654=DIRECTION('',(0.,1.,0.));
#4655=DIRECTION('',(0.,0.,1.));
#4656=DIRECTION('',(3.33066907387547E-15,0.,1.));
#4657=DIRECTION('',(0.,-1.,0.));
#4658=DIRECTION('',(0.,0.,-1.));
#4659=DIRECTION('',(-0.342020143325666,0.,0.939692620785909));
#4660=DIRECTION('',(0.,1.,0.));
#4661=DIRECTION('',(0.,0.,1.));
#4662=DIRECTION('',(0.,-1.,0.));
#4663=DIRECTION('',(0.,0.,-1.));
#4664=DIRECTION('',(0.,1.,0.));
#4665=DIRECTION('',(0.,0.,1.));
#4666=DIRECTION('',(0.,1.,0.));
#4667=DIRECTION('',(0.,0.,1.));
#4668=DIRECTION('',(-0.342020143325666,0.,0.939692620785909));
#4669=DIRECTION('',(0.,-1.,0.));
#4670=DIRECTION('',(0.,0.,-1.));
#4671=DIRECTION('',(-0.642787609686538,0.,0.766044443118979));
#4672=DIRECTION('',(0.,1.,0.));
#4673=DIRECTION('',(0.,0.,1.));
#4674=DIRECTION('',(0.,-1.,0.));
#4675=DIRECTION('',(0.,0.,-1.));
#4676=DIRECTION('',(-0.5,0.,-0.866025403784438));
#4677=DIRECTION('',(-0.866025403784438,0.,0.5));
#4678=DIRECTION('',(-0.866025403784438,0.,0.5));
#4679=DIRECTION('',(0.,1.,0.));
#4680=DIRECTION('',(-0.866025403784438,0.,0.5));
#4681=DIRECTION('',(0.,1.,0.));
#4682=DIRECTION('',(0.5,0.,0.866025403784438));
#4683=DIRECTION('',(0.866025403784438,0.,-0.5));
#4684=DIRECTION('',(-0.866025403784438,0.,0.5));
#4685=DIRECTION('',(0.,1.,0.));
#4686=DIRECTION('',(0.866025403784438,0.,-0.5));
#4687=DIRECTION('',(0.,1.,0.));
#4688=DIRECTION('',(0.,1.,0.));
#4689=DIRECTION('',(0.,0.,1.));
#4690=DIRECTION('',(0.,1.,0.));
#4691=DIRECTION('',(0.,0.,1.));
#4692=DIRECTION('',(-0.642787609686538,0.,0.766044443118979));
#4693=DIRECTION('',(0.,-1.,0.));
#4694=DIRECTION('',(0.,0.,-1.));
#4695=DIRECTION('',(-0.866025403784438,0.,0.5));
#4696=DIRECTION('',(0.,1.,0.));
#4697=DIRECTION('',(0.,0.,1.));
#4698=DIRECTION('',(0.,-1.,0.));
#4699=DIRECTION('',(0.,0.,-1.));
#4700=DIRECTION('',(0.,-1.,0.));
#4701=DIRECTION('',(0.,0.,-1.));
#4702=DIRECTION('',(0.,-1.,0.));
#4703=DIRECTION('',(0.,0.,-1.));
#4704=DIRECTION('',(0.,1.,0.));
#4705=DIRECTION('',(0.,0.,1.));
#4706=DIRECTION('',(0.,-1.,0.));
#4707=DIRECTION('',(0.,-1.,0.));
#4708=DIRECTION('',(0.,-1.,0.));
#4709=DIRECTION('',(0.,0.,-1.));
#4710=DIRECTION('',(0.,-1.,0.));
#4711=DIRECTION('',(0.,-1.,0.));
#4712=DIRECTION('',(0.,0.,-1.));
#4713=DIRECTION('',(0.,-1.,0.));
#4714=DIRECTION('',(0.,-1.,0.));
#4715=DIRECTION('',(0.,0.,-1.));
#4716=DIRECTION('',(0.,-1.,0.));
#4717=DIRECTION('',(0.,-1.,0.));
#4718=DIRECTION('',(0.,0.,-1.));
#4719=DIRECTION('',(0.,-1.,0.));
#4720=DIRECTION('',(0.,-1.,0.));
#4721=DIRECTION('',(0.,0.,-1.));
#4722=DIRECTION('',(0.,-1.,0.));
#4723=DIRECTION('',(0.,-1.,0.));
#4724=DIRECTION('',(0.,0.,-1.));
#4725=DIRECTION('',(0.,-1.,0.));
#4726=DIRECTION('',(0.,-1.,0.));
#4727=DIRECTION('',(0.,0.,-1.));
#4728=DIRECTION('',(0.,-1.,0.));
#4729=DIRECTION('',(0.,-1.,0.));
#4730=DIRECTION('',(0.,0.,-1.));
#4731=DIRECTION('',(0.,-1.,0.));
#4732=DIRECTION('',(0.,-1.,0.));
#4733=DIRECTION('',(0.,0.,-1.));
#4734=DIRECTION('',(0.,-1.,0.));
#4735=DIRECTION('',(0.,-1.,0.));
#4736=DIRECTION('',(0.,0.,-1.));
#4737=DIRECTION('',(0.,-1.,0.));
#4738=DIRECTION('',(0.,-1.,0.));
#4739=DIRECTION('',(0.,0.,-1.));
#4740=DIRECTION('',(0.,-1.,0.));
#4741=DIRECTION('',(0.,-1.,0.));
#4742=DIRECTION('',(0.,0.,-1.));
#4743=DIRECTION('',(0.,-1.,0.));
#4744=DIRECTION('',(0.,-1.,0.));
#4745=DIRECTION('',(0.,0.,-1.));
#4746=DIRECTION('',(0.,-1.,0.));
#4747=DIRECTION('',(0.,-1.,0.));
#4748=DIRECTION('',(0.,0.,-1.));
#4749=DIRECTION('',(0.,-1.,0.));
#4750=DIRECTION('',(0.,-1.,0.));
#4751=DIRECTION('',(0.,0.,-1.));
#4752=DIRECTION('',(0.,-1.,0.));
#4753=DIRECTION('',(0.,-1.,0.));
#4754=DIRECTION('',(0.,0.,-1.));
#4755=DIRECTION('',(0.,-1.,0.));
#4756=DIRECTION('',(0.,-1.,0.));
#4757=DIRECTION('',(0.,0.,-1.));
#4758=DIRECTION('',(0.,-1.,0.));
#4759=DIRECTION('',(0.,-1.,0.));
#4760=DIRECTION('',(0.,0.,-1.));
#4761=DIRECTION('',(0.,-1.,0.));
#4762=DIRECTION('',(0.,-1.,0.));
#4763=DIRECTION('',(0.,0.,-1.));
#4764=DIRECTION('',(0.,-1.,0.));
#4765=DIRECTION('',(0.,-1.,0.));
#4766=DIRECTION('',(0.,0.,-1.));
#4767=DIRECTION('',(0.,-1.,0.));
#4768=DIRECTION('',(0.,-1.,0.));
#4769=DIRECTION('',(0.,0.,-1.));
#4770=DIRECTION('',(0.,-1.,0.));
#4771=DIRECTION('',(0.,-1.,0.));
#4772=DIRECTION('',(0.,0.,-1.));
#4773=DIRECTION('',(0.,-1.,0.));
#4774=DIRECTION('',(0.,1.,0.));
#4775=DIRECTION('',(0.,0.,1.));
#4776=DIRECTION('',(0.,-1.,0.));
#4777=DIRECTION('',(0.,-1.,0.));
#4778=DIRECTION('',(0.,1.,0.));
#4779=DIRECTION('',(0.,0.,1.));
#4780=DIRECTION('',(0.,-1.,0.));
#4781=DIRECTION('',(0.,-1.,0.));
#4782=DIRECTION('',(0.,1.,0.));
#4783=DIRECTION('',(0.,0.,1.));
#4784=DIRECTION('',(0.,-1.,0.));
#4785=DIRECTION('',(0.,-1.,0.));
#4786=DIRECTION('',(0.,1.,0.));
#4787=DIRECTION('',(0.,0.,1.));
#4788=DIRECTION('',(0.,-1.,0.));
#4789=DIRECTION('',(0.,-1.,0.));
#4790=DIRECTION('',(0.,1.,0.));
#4791=DIRECTION('',(0.,0.,1.));
#4792=DIRECTION('',(0.,-1.,0.));
#4793=DIRECTION('',(0.,-1.,0.));
#4794=DIRECTION('',(0.,1.,0.));
#4795=DIRECTION('',(0.,0.,1.));
#4796=DIRECTION('',(0.,1.,0.));
#4797=DIRECTION('',(0.,0.,1.));
#4798=DIRECTION('',(-0.866025403784438,0.,0.5));
#4799=DIRECTION('',(0.,-1.,0.));
#4800=DIRECTION('',(0.,0.,-1.));
#4801=DIRECTION('',(-1.,0.,0.));
#4802=DIRECTION('',(0.,1.,0.));
#4803=DIRECTION('',(0.,0.,1.));
#4804=DIRECTION('',(0.939692620785906,0.,0.342020143325676));
#4805=DIRECTION('',(0.,1.,0.));
#4806=DIRECTION('',(0.,0.,1.));
#4807=DIRECTION('',(1.,0.,0.));
#4808=DIRECTION('',(0.,-1.,0.));
#4809=DIRECTION('',(0.,0.,-1.));
#4810=DIRECTION('',(0.,-1.,0.));
#4811=DIRECTION('',(0.,0.,-1.));
#4812=DIRECTION('',(0.,-1.,0.));
#4813=DIRECTION('',(0.,1.,0.));
#4814=DIRECTION('',(0.,0.,1.));
#4815=DIRECTION('',(0.,-1.,0.));
#4816=DIRECTION('',(0.,-1.,0.));
#4817=DIRECTION('',(0.,1.,0.));
#4818=DIRECTION('',(0.,0.,1.));
#4819=DIRECTION('',(0.,-1.,0.));
#4820=DIRECTION('',(0.,-1.,0.));
#4821=DIRECTION('',(0.,1.,0.));
#4822=DIRECTION('',(0.,0.,1.));
#4823=DIRECTION('',(0.,-1.,0.));
#4824=DIRECTION('',(0.,-1.,0.));
#4825=DIRECTION('',(0.,1.,0.));
#4826=DIRECTION('',(0.,0.,1.));
#4827=DIRECTION('',(0.,-1.,0.));
#4828=DIRECTION('',(0.,-1.,0.));
#4829=DIRECTION('',(0.,1.,0.));
#4830=DIRECTION('',(0.,0.,1.));
#4831=DIRECTION('',(0.,-1.,0.));
#4832=DIRECTION('',(0.,-1.,0.));
#4833=DIRECTION('',(0.,1.,0.));
#4834=DIRECTION('',(0.,0.,1.));
#4835=DIRECTION('',(0.,-1.,0.));
#4836=DIRECTION('',(0.,-1.,0.));
#4837=DIRECTION('',(0.,-1.,0.));
#4838=DIRECTION('',(0.,0.,-1.));
#4839=DIRECTION('',(0.,-1.,0.));
#4840=DIRECTION('',(0.,1.,0.));
#4841=DIRECTION('',(0.,0.,1.));
#4842=DIRECTION('',(0.,-1.,0.));
#4843=DIRECTION('',(0.,-1.,0.));
#4844=DIRECTION('',(0.,0.,-1.));
#4845=DIRECTION('',(0.,-1.,0.));
#4846=DIRECTION('',(0.,1.,0.));
#4847=DIRECTION('',(0.,0.,1.));
#4848=DIRECTION('',(0.,-1.,0.));
#4849=DIRECTION('',(0.,-1.,0.));
#4850=DIRECTION('',(0.,0.,-1.));
#4851=DIRECTION('',(0.,-1.,0.));
#4852=DIRECTION('',(0.,1.,0.));
#4853=DIRECTION('',(0.,0.,1.));
#4854=DIRECTION('',(0.,-1.,0.));
#4855=DIRECTION('',(0.,-1.,0.));
#4856=DIRECTION('',(0.,0.,-1.));
#4857=DIRECTION('',(0.,-1.,0.));
#4858=DIRECTION('',(0.,1.,0.));
#4859=DIRECTION('',(0.,0.,1.));
#4860=DIRECTION('',(0.,-1.,0.));
#4861=DIRECTION('',(0.,-1.,0.));
#4862=DIRECTION('',(0.,0.,-1.));
#4863=DIRECTION('',(0.,-1.,0.));
#4864=DIRECTION('',(0.,1.,0.));
#4865=DIRECTION('',(0.,0.,1.));
#4866=DIRECTION('',(0.,-1.,0.));
#4867=DIRECTION('',(0.,-1.,0.));
#4868=DIRECTION('',(0.,0.,-1.));
#4869=DIRECTION('',(0.,-1.,0.));
#4870=DIRECTION('',(0.,1.,0.));
#4871=DIRECTION('',(0.,0.,1.));
#4872=DIRECTION('',(0.,-1.,0.));
#4873=DIRECTION('',(0.,-1.,0.));
#4874=DIRECTION('',(0.,0.,-1.));
#4875=DIRECTION('',(0.,-1.,0.));
#4876=DIRECTION('',(0.,1.,0.));
#4877=DIRECTION('',(0.,0.,1.));
#4878=DIRECTION('',(0.,-1.,0.));
#4879=DIRECTION('',(0.,-1.,0.));
#4880=DIRECTION('',(0.,0.,-1.));
#4881=DIRECTION('',(0.,-1.,0.));
#4882=DIRECTION('',(0.,1.,0.));
#4883=DIRECTION('',(0.,0.,1.));
#4884=DIRECTION('',(0.,-1.,0.));
#4885=DIRECTION('',(0.,-1.,0.));
#4886=DIRECTION('',(0.,0.,-1.));
#4887=DIRECTION('',(0.,-1.,0.));
#4888=DIRECTION('',(0.,1.,0.));
#4889=DIRECTION('',(0.,0.,1.));
#4890=DIRECTION('',(0.,-1.,0.));
#4891=DIRECTION('',(0.,-1.,0.));
#4892=DIRECTION('',(0.,0.,-1.));
#4893=DIRECTION('',(0.,-1.,0.));
#4894=DIRECTION('',(0.,-1.,0.));
#4895=DIRECTION('',(0.,-1.,0.));
#4896=DIRECTION('',(0.,0.,-1.));
#4897=DIRECTION('',(0.,-1.,0.));
#4898=DIRECTION('',(0.,1.,0.));
#4899=DIRECTION('',(0.,0.,1.));
#4900=DIRECTION('',(0.,1.,0.));
#4901=DIRECTION('',(0.,0.,1.));
#4902=DIRECTION('',(0.,1.,0.));
#4903=DIRECTION('',(0.,0.,1.));
#4904=DIRECTION('',(0.,1.,0.));
#4905=DIRECTION('',(0.,0.,1.));
#4906=DIRECTION('',(1.,0.,0.));
#4907=DIRECTION('',(0.939692620785911,0.,-0.342020143325663));
#4908=DIRECTION('',(0.,-1.,0.));
#4909=DIRECTION('',(0.,0.,-1.));
#4910=DIRECTION('',(0.,1.,0.));
#4911=DIRECTION('',(0.,0.,1.));
#4912=DIRECTION('',(0.,1.,0.));
#4913=DIRECTION('',(0.,0.,1.));
#4914=DIRECTION('',(0.939692620785911,0.,-0.342020143325663));
#4915=DIRECTION('',(0.766044443118981,0.,-0.642787609686535));
#4916=DIRECTION('',(0.,-1.,0.));
#4917=DIRECTION('',(0.,0.,-1.));
#4918=DIRECTION('',(0.,1.,0.));
#4919=DIRECTION('',(0.,0.,1.));
#4920=DIRECTION('',(0.,1.,0.));
#4921=DIRECTION('',(0.,0.,1.));
#4922=DIRECTION('',(0.766044443118981,0.,-0.642787609686535));
#4923=DIRECTION('',(0.5,0.,-0.866025403784436));
#4924=DIRECTION('',(0.,-1.,0.));
#4925=DIRECTION('',(0.,0.,-1.));
#4926=DIRECTION('',(0.,1.,0.));
#4927=DIRECTION('',(0.,0.,1.));
#4928=DIRECTION('',(0.,1.,0.));
#4929=DIRECTION('',(0.,0.,1.));
#4930=DIRECTION('',(0.5,0.,-0.866025403784436));
#4931=DIRECTION('',(0.173648177666934,0.,-0.984807753012208));
#4932=DIRECTION('',(0.,-1.,0.));
#4933=DIRECTION('',(0.,0.,-1.));
#4934=DIRECTION('',(0.,1.,0.));
#4935=DIRECTION('',(0.,0.,1.));
#4936=DIRECTION('',(0.,1.,0.));
#4937=DIRECTION('',(0.,0.,1.));
#4938=DIRECTION('',(0.173648177666934,0.,-0.984807753012208));
#4939=DIRECTION('',(-0.173648177666927,0.,-0.984807753012209));
#4940=DIRECTION('',(0.,-1.,0.));
#4941=DIRECTION('',(0.,0.,-1.));
#4942=DIRECTION('',(0.,1.,0.));
#4943=DIRECTION('',(0.,0.,1.));
#4944=DIRECTION('',(0.,1.,0.));
#4945=DIRECTION('',(0.,0.,1.));
#4946=DIRECTION('',(-0.173648177666927,0.,-0.984807753012209));
#4947=DIRECTION('',(-0.5,0.,-0.86602540378444));
#4948=DIRECTION('',(0.,-1.,0.));
#4949=DIRECTION('',(0.,0.,-1.));
#4950=DIRECTION('',(0.,1.,0.));
#4951=DIRECTION('',(0.,0.,1.));
#4952=DIRECTION('',(0.,1.,0.));
#4953=DIRECTION('',(0.,0.,1.));
#4954=DIRECTION('',(-0.5,0.,-0.86602540378444));
#4955=DIRECTION('',(-0.766044443118977,0.,-0.64278760968654));
#4956=DIRECTION('',(0.,-1.,0.));
#4957=DIRECTION('',(0.,0.,-1.));
#4958=DIRECTION('',(0.,1.,0.));
#4959=DIRECTION('',(0.,0.,1.));
#4960=DIRECTION('',(0.,1.,0.));
#4961=DIRECTION('',(0.,0.,1.));
#4962=DIRECTION('',(-0.766044443118977,0.,-0.64278760968654));
#4963=DIRECTION('',(-0.939692620785908,0.,-0.342020143325669));
#4964=DIRECTION('',(0.,-1.,0.));
#4965=DIRECTION('',(0.,0.,-1.));
#4966=DIRECTION('',(0.,1.,0.));
#4967=DIRECTION('',(0.,0.,1.));
#4968=DIRECTION('',(0.,1.,0.));
#4969=DIRECTION('',(0.,0.,1.));
#4970=DIRECTION('',(-0.939692620785908,0.,-0.342020143325669));
#4971=DIRECTION('',(-1.,0.,0.));
#4972=DIRECTION('',(0.,-1.,0.));
#4973=DIRECTION('',(0.,0.,-1.));
#4974=DIRECTION('',(0.,1.,0.));
#4975=DIRECTION('',(0.,0.,1.));
#4976=DIRECTION('',(0.,-1.,0.));
#4977=DIRECTION('',(0.,0.,-1.));
#4978=DIRECTION('',(0.,1.,0.));
#4979=DIRECTION('',(0.,0.,1.));
#4980=DIRECTION('',(0.,-1.,0.));
#4981=DIRECTION('',(0.,0.,-1.));
#4982=DIRECTION('',(0.,1.,0.));
#4983=DIRECTION('',(0.,0.,1.));
#4984=DIRECTION('',(0.,1.,0.));
#4985=DIRECTION('',(0.,0.,1.));
#4986=DIRECTION('',(0.,1.,0.));
#4987=DIRECTION('',(0.,0.,1.));
#4988=DIRECTION('',(0.,1.,0.));
#4989=DIRECTION('',(0.,0.,1.));
#4990=DIRECTION('',(0.,1.,0.));
#4991=DIRECTION('',(0.,0.,1.));
#4992=DIRECTION('',(0.766044443118975,0.,-0.642787609686543));
#4993=DIRECTION('',(-0.766044443118975,0.,0.642787609686543));
#4994=DIRECTION('',(0.939692620785907,0.,-0.342020143325672));
#4995=DIRECTION('',(-0.939692620785907,0.,0.342020143325672));
#4996=DIRECTION('',(1.,0.,-3.10862446895044E-15));
#4997=DIRECTION('',(-1.,0.,3.10862446895044E-15));
#4998=DIRECTION('',(0.939692620785909,0.,0.342020143325667));
#4999=DIRECTION('',(-0.939692620785909,0.,-0.342020143325667));
#5000=DIRECTION('',(0.766044443118979,0.,0.642787609686538));
#5001=DIRECTION('',(-0.766044443118979,0.,-0.642787609686538));
#5002=DIRECTION('',(0.5,0.,0.866025403784438));
#5003=DIRECTION('',(-0.5,0.,-0.866025403784438));
#5004=DIRECTION('',(0.,1.,0.));
#5005=DIRECTION('',(0.,0.,1.));
#5006=DIRECTION('',(0.,1.,0.));
#5007=DIRECTION('',(0.,0.,1.));
#5008=DIRECTION('',(0.,-1.,0.));
#5009=DIRECTION('',(0.,0.,-1.));
#5010=DIRECTION('',(0.,-1.,0.));
#5011=DIRECTION('',(0.,0.,-1.));
#5012=DIRECTION('',(0.,-1.,0.));
#5013=DIRECTION('',(0.,0.,-1.));
#5014=DIRECTION('',(0.,-1.,0.));
#5015=DIRECTION('',(0.,0.,-1.));
#5016=DIRECTION('',(0.,1.,0.));
#5017=DIRECTION('',(0.,0.,1.));
#5018=DIRECTION('',(0.,1.,0.));
#5019=DIRECTION('',(0.,0.,1.));
#5020=DIRECTION('',(0.,1.,0.));
#5021=DIRECTION('',(0.,0.,1.));
#5022=DIRECTION('',(0.,1.,0.));
#5023=DIRECTION('',(0.,0.,1.));
#5024=DIRECTION('',(-0.766044443118975,0.,0.642787609686543));
#5025=DIRECTION('',(0.642787609686543,0.,0.766044443118975));
#5026=DIRECTION('',(0.766044443118975,0.,-0.642787609686543));
#5027=DIRECTION('',(0.642787609686543,0.,0.766044443118975));
#5028=DIRECTION('',(-0.939692620785907,0.,0.342020143325672));
#5029=DIRECTION('',(0.342020143325672,0.,0.939692620785907));
#5030=DIRECTION('',(0.939692620785907,0.,-0.342020143325672));
#5031=DIRECTION('',(0.342020143325672,0.,0.939692620785907));
#5032=DIRECTION('',(-1.,0.,3.10862446895044E-15));
#5033=DIRECTION('',(3.33066907387547E-15,0.,1.));
#5034=DIRECTION('',(1.,0.,-3.10862446895044E-15));
#5035=DIRECTION('',(3.33066907387547E-15,0.,1.));
#5036=DIRECTION('',(-0.939692620785909,0.,-0.342020143325667));
#5037=DIRECTION('',(-0.342020143325666,0.,0.939692620785909));
#5038=DIRECTION('',(0.939692620785909,0.,0.342020143325667));
#5039=DIRECTION('',(-0.342020143325666,0.,0.939692620785909));
#5040=DIRECTION('',(-0.766044443118979,0.,-0.642787609686538));
#5041=DIRECTION('',(-0.642787609686538,0.,0.766044443118979));
#5042=DIRECTION('',(0.766044443118979,0.,0.642787609686538));
#5043=DIRECTION('',(-0.642787609686538,0.,0.766044443118979));
#5044=DIRECTION('',(-0.5,0.,-0.866025403784438));
#5045=DIRECTION('',(-0.866025403784438,0.,0.5));
#5046=DIRECTION('',(0.5,0.,0.866025403784438));
#5047=DIRECTION('',(-0.866025403784438,0.,0.5));
#5048=DIRECTION('',(0.939692620785906,0.,0.342020143325676));
#5049=DIRECTION('',(0.342020143325676,0.,-0.939692620785906));
#5050=DIRECTION('',(0.939692620785906,0.,0.342020143325676));
#5051=DIRECTION('',(-0.342020143325676,0.,0.939692620785906));
#5052=DIRECTION('',(1.,0.,0.));
#5053=DIRECTION('',(0.,0.,-1.));
#5054=DIRECTION('',(1.,0.,0.));
#5055=DIRECTION('',(0.,0.,1.));
#5056=DIRECTION('',(0.939692620785911,0.,-0.342020143325663));
#5057=DIRECTION('',(-0.342020143325663,0.,-0.93969262078591));
#5058=DIRECTION('',(0.939692620785911,0.,-0.342020143325663));
#5059=DIRECTION('',(0.342020143325663,0.,0.93969262078591));
#5060=DIRECTION('',(0.766044443118981,0.,-0.642787609686535));
#5061=DIRECTION('',(-0.642787609686535,0.,-0.766044443118981));
#5062=DIRECTION('',(0.766044443118981,0.,-0.642787609686535));
#5063=DIRECTION('',(0.642787609686535,0.,0.766044443118981));
#5064=DIRECTION('',(0.5,0.,-0.866025403784436));
#5065=DIRECTION('',(-0.866025403784436,0.,-0.5));
#5066=DIRECTION('',(0.5,0.,-0.866025403784436));
#5067=DIRECTION('',(0.866025403784436,0.,0.5));
#5068=DIRECTION('',(0.173648177666934,0.,-0.984807753012207));
#5069=DIRECTION('',(-0.984807753012207,0.,-0.173648177666934));
#5070=DIRECTION('',(0.173648177666934,0.,-0.984807753012207));
#5071=DIRECTION('',(0.984807753012207,0.,0.173648177666934));
#5072=DIRECTION('',(-0.173648177666927,0.,-0.984807753012209));
#5073=DIRECTION('',(-0.984807753012209,0.,0.173648177666927));
#5074=DIRECTION('',(-0.173648177666927,0.,-0.984807753012209));
#5075=DIRECTION('',(0.984807753012209,0.,-0.173648177666927));
#5076=DIRECTION('',(-0.5,0.,-0.86602540378444));
#5077=DIRECTION('',(-0.86602540378444,0.,0.5));
#5078=DIRECTION('',(-0.5,0.,-0.86602540378444));
#5079=DIRECTION('',(0.86602540378444,0.,-0.5));
#5080=DIRECTION('',(-0.766044443118977,0.,-0.64278760968654));
#5081=DIRECTION('',(-0.64278760968654,0.,0.766044443118977));
#5082=DIRECTION('',(-0.766044443118977,0.,-0.64278760968654));
#5083=DIRECTION('',(0.64278760968654,0.,-0.766044443118977));
#5084=DIRECTION('',(-0.939692620785908,0.,-0.342020143325669));
#5085=DIRECTION('',(-0.342020143325669,0.,0.939692620785908));
#5086=DIRECTION('',(-0.939692620785908,0.,-0.342020143325669));
#5087=DIRECTION('',(0.342020143325669,0.,-0.939692620785908));
#5088=DIRECTION('',(-1.,0.,0.));
#5089=DIRECTION('',(0.,0.,1.));
#5090=DIRECTION('',(-1.,0.,0.));
#5091=DIRECTION('',(0.,0.,-1.));
#5092=DIRECTION('',(-1.,0.,0.));
#5093=DIRECTION('',(0.,0.,1.));
#5094=DIRECTION('',(1.,0.,0.));
#5095=DIRECTION('',(0.,0.,-1.));
#5096=DIRECTION('',(1.,0.,0.));
#5097=DIRECTION('',(0.,0.,-1.));
#5098=DIRECTION('',(1.,0.,0.));
#5099=DIRECTION('',(0.,0.,-1.));
#5100=DIRECTION('',(1.,0.,0.));
#5101=DIRECTION('',(0.,0.,-1.));
#5102=DIRECTION('',(1.,0.,0.));
#5103=DIRECTION('',(0.,0.,-1.));
#5104=DIRECTION('',(0.,-2.16840434497101E-16,-1.));
#5105=DIRECTION('',(0.,1.,-2.16840434497101E-16));
#5106=DIRECTION('',(-1.,0.,0.));
#5107=DIRECTION('',(0.,-2.16840434497101E-16,1.));
#5108=DIRECTION('',(0.,-1.,-2.16840434497101E-16));
#5109=DIRECTION('',(-1.,0.,0.));
#5110=DIRECTION('',(0.,-1.,0.));
#5111=DIRECTION('',(0.,0.,-1.));
#5112=DIRECTION('',(-0.939692620785908,0.,-0.342020143325669));
#5113=DIRECTION('',(-0.342020143325669,0.,0.939692620785908));
#5114=DIRECTION('',(0.939692620785908,0.,0.342020143325669));
#5115=DIRECTION('',(0.342020143325669,0.,-0.939692620785908));
#5116=DIRECTION('',(0.939692620785908,0.,0.342020143325669));
#5117=DIRECTION('',(0.342020143325669,0.,-0.939692620785908));
#5118=DIRECTION('',(0.939692620785908,0.,0.342020143325669));
#5119=DIRECTION('',(0.342020143325669,0.,-0.939692620785908));
#5120=DIRECTION('',(0.939692620785908,0.,0.342020143325669));
#5121=DIRECTION('',(0.342020143325669,0.,-0.939692620785908));
#5122=DIRECTION('',(0.939692620785908,0.,0.342020143325669));
#5123=DIRECTION('',(0.342020143325669,0.,-0.939692620785908));
#5124=DIRECTION('',(-0.766044443118977,0.,-0.64278760968654));
#5125=DIRECTION('',(-0.64278760968654,0.,0.766044443118977));
#5126=DIRECTION('',(0.766044443118977,0.,0.64278760968654));
#5127=DIRECTION('',(0.64278760968654,0.,-0.766044443118977));
#5128=DIRECTION('',(0.766044443118977,0.,0.64278760968654));
#5129=DIRECTION('',(0.64278760968654,0.,-0.766044443118977));
#5130=DIRECTION('',(0.766044443118977,0.,0.64278760968654));
#5131=DIRECTION('',(0.64278760968654,0.,-0.766044443118977));
#5132=DIRECTION('',(0.766044443118977,0.,0.64278760968654));
#5133=DIRECTION('',(0.64278760968654,0.,-0.766044443118977));
#5134=DIRECTION('',(0.766044443118977,0.,0.64278760968654));
#5135=DIRECTION('',(0.64278760968654,0.,-0.766044443118977));
#5136=DIRECTION('',(-0.5,0.,-0.86602540378444));
#5137=DIRECTION('',(-0.86602540378444,0.,0.5));
#5138=DIRECTION('',(0.5,0.,0.86602540378444));
#5139=DIRECTION('',(0.86602540378444,0.,-0.5));
#5140=DIRECTION('',(0.5,0.,0.86602540378444));
#5141=DIRECTION('',(0.86602540378444,0.,-0.5));
#5142=DIRECTION('',(0.5,0.,0.86602540378444));
#5143=DIRECTION('',(0.86602540378444,0.,-0.5));
#5144=DIRECTION('',(0.5,0.,0.86602540378444));
#5145=DIRECTION('',(0.86602540378444,0.,-0.5));
#5146=DIRECTION('',(0.5,0.,0.86602540378444));
#5147=DIRECTION('',(0.86602540378444,0.,-0.5));
#5148=DIRECTION('',(-0.173648177666927,0.,-0.984807753012209));
#5149=DIRECTION('',(-0.984807753012209,0.,0.173648177666927));
#5150=DIRECTION('',(0.173648177666927,0.,0.984807753012209));
#5151=DIRECTION('',(0.984807753012209,0.,-0.173648177666927));
#5152=DIRECTION('',(0.173648177666927,0.,0.984807753012209));
#5153=DIRECTION('',(0.984807753012209,0.,-0.173648177666927));
#5154=DIRECTION('',(0.173648177666927,0.,0.984807753012209));
#5155=DIRECTION('',(0.984807753012209,0.,-0.173648177666927));
#5156=DIRECTION('',(0.173648177666927,0.,0.984807753012209));
#5157=DIRECTION('',(0.984807753012209,0.,-0.173648177666927));
#5158=DIRECTION('',(0.173648177666927,0.,0.984807753012209));
#5159=DIRECTION('',(0.984807753012209,0.,-0.173648177666927));
#5160=DIRECTION('',(0.173648177666934,0.,-0.984807753012207));
#5161=DIRECTION('',(-0.984807753012207,0.,-0.173648177666934));
#5162=DIRECTION('',(-0.173648177666934,0.,0.984807753012207));
#5163=DIRECTION('',(0.984807753012207,0.,0.173648177666934));
#5164=DIRECTION('',(-0.173648177666934,0.,0.984807753012207));
#5165=DIRECTION('',(0.984807753012207,0.,0.173648177666934));
#5166=DIRECTION('',(-0.173648177666934,0.,0.984807753012207));
#5167=DIRECTION('',(0.984807753012207,0.,0.173648177666934));
#5168=DIRECTION('',(-0.173648177666934,0.,0.984807753012207));
#5169=DIRECTION('',(0.984807753012207,0.,0.173648177666934));
#5170=DIRECTION('',(-0.173648177666934,0.,0.984807753012207));
#5171=DIRECTION('',(0.984807753012207,0.,0.173648177666934));
#5172=DIRECTION('',(0.5,0.,-0.866025403784436));
#5173=DIRECTION('',(-0.866025403784436,0.,-0.5));
#5174=DIRECTION('',(-0.5,0.,0.866025403784436));
#5175=DIRECTION('',(0.866025403784436,0.,0.5));
#5176=DIRECTION('',(-0.5,0.,0.866025403784436));
#5177=DIRECTION('',(0.866025403784436,0.,0.5));
#5178=DIRECTION('',(-0.5,0.,0.866025403784436));
#5179=DIRECTION('',(0.866025403784436,0.,0.5));
#5180=DIRECTION('',(-0.5,0.,0.866025403784436));
#5181=DIRECTION('',(0.866025403784436,0.,0.5));
#5182=DIRECTION('',(-0.5,0.,0.866025403784436));
#5183=DIRECTION('',(0.866025403784436,0.,0.5));
#5184=DIRECTION('',(0.766044443118981,0.,-0.642787609686535));
#5185=DIRECTION('',(-0.642787609686535,0.,-0.766044443118981));
#5186=DIRECTION('',(-0.766044443118981,0.,0.642787609686535));
#5187=DIRECTION('',(0.642787609686535,0.,0.766044443118981));
#5188=DIRECTION('',(-0.766044443118981,0.,0.642787609686535));
#5189=DIRECTION('',(0.642787609686535,0.,0.766044443118981));
#5190=DIRECTION('',(-0.766044443118981,0.,0.642787609686535));
#5191=DIRECTION('',(0.642787609686535,0.,0.766044443118981));
#5192=DIRECTION('',(-0.766044443118981,0.,0.642787609686535));
#5193=DIRECTION('',(0.642787609686535,0.,0.766044443118981));
#5194=DIRECTION('',(-0.766044443118981,0.,0.642787609686535));
#5195=DIRECTION('',(0.642787609686535,0.,0.766044443118981));
#5196=DIRECTION('',(0.93969262078591,0.,-0.342020143325663));
#5197=DIRECTION('',(-0.342020143325663,0.,-0.939692620785911));
#5198=DIRECTION('',(-0.93969262078591,0.,0.342020143325663));
#5199=DIRECTION('',(0.342020143325663,0.,0.93969262078591));
#5200=DIRECTION('',(-0.93969262078591,0.,0.342020143325663));
#5201=DIRECTION('',(0.342020143325663,0.,0.93969262078591));
#5202=DIRECTION('',(-0.93969262078591,0.,0.342020143325663));
#5203=DIRECTION('',(0.342020143325663,0.,0.939692620785911));
#5204=DIRECTION('',(-0.93969262078591,0.,0.342020143325663));
#5205=DIRECTION('',(0.342020143325663,0.,0.93969262078591));
#5206=DIRECTION('',(-0.93969262078591,0.,0.342020143325663));
#5207=DIRECTION('',(0.342020143325663,0.,0.93969262078591));
#5208=DIRECTION('',(1.,0.,0.));
#5209=DIRECTION('',(0.,0.,-1.));
#5210=DIRECTION('',(-1.,0.,0.));
#5211=DIRECTION('',(0.,0.,1.));
#5212=DIRECTION('',(-1.,0.,0.));
#5213=DIRECTION('',(0.,0.,1.));
#5214=DIRECTION('',(-1.,0.,0.));
#5215=DIRECTION('',(0.,0.,1.));
#5216=DIRECTION('',(-1.,0.,0.));
#5217=DIRECTION('',(0.,0.,1.));
#5218=DIRECTION('',(-1.,0.,0.));
#5219=DIRECTION('',(0.,0.,1.));
#5220=DIRECTION('',(0.939692620785906,0.,0.342020143325676));
#5221=DIRECTION('',(0.342020143325676,0.,-0.939692620785906));
#5222=DIRECTION('',(-0.939692620785906,0.,-0.342020143325676));
#5223=DIRECTION('',(-0.342020143325676,0.,0.939692620785906));
#5224=DIRECTION('',(-0.939692620785906,0.,-0.342020143325676));
#5225=DIRECTION('',(-0.342020143325676,0.,0.939692620785906));
#5226=DIRECTION('',(-0.939692620785906,0.,-0.342020143325676));
#5227=DIRECTION('',(-0.342020143325676,0.,0.939692620785906));
#5228=DIRECTION('',(-0.939692620785906,0.,-0.342020143325676));
#5229=DIRECTION('',(-0.342020143325676,0.,0.939692620785906));
#5230=DIRECTION('',(-0.939692620785906,0.,-0.342020143325676));
#5231=DIRECTION('',(-0.342020143325676,0.,0.939692620785906));
#5232=DIRECTION('',(0.342020143325669,-2.16840434497101E-16,-0.939692620785908));
#5233=DIRECTION('',(-0.939692620785908,0.,-0.342020143325669));
#5234=DIRECTION('',(-0.939692620785908,0.,-0.342020143325669));
#5235=DIRECTION('',(-0.342020143325669,-2.16840434497101E-16,0.939692620785908));
#5236=DIRECTION('',(0.939692620785908,0.,0.342020143325669));
#5237=DIRECTION('',(-0.939692620785908,0.,-0.342020143325669));
#5238=DIRECTION('',(0.,-1.,0.));
#5239=DIRECTION('',(0.,0.,-1.));
#5240=DIRECTION('',(0.64278760968654,-2.16840434497101E-16,-0.766044443118977));
#5241=DIRECTION('',(-0.766044443118977,0.,-0.64278760968654));
#5242=DIRECTION('',(-0.766044443118977,0.,-0.64278760968654));
#5243=DIRECTION('',(-0.64278760968654,-2.16840434497101E-16,0.766044443118977));
#5244=DIRECTION('',(0.766044443118977,0.,0.64278760968654));
#5245=DIRECTION('',(-0.766044443118977,0.,-0.64278760968654));
#5246=DIRECTION('',(0.,-1.,0.));
#5247=DIRECTION('',(0.,0.,-1.));
#5248=DIRECTION('',(0.86602540378444,-2.16840434497101E-16,-0.5));
#5249=DIRECTION('',(-0.5,0.,-0.86602540378444));
#5250=DIRECTION('',(-0.5,0.,-0.86602540378444));
#5251=DIRECTION('',(-0.86602540378444,-2.16840434497101E-16,0.5));
#5252=DIRECTION('',(0.5,0.,0.86602540378444));
#5253=DIRECTION('',(-0.5,0.,-0.86602540378444));
#5254=DIRECTION('',(0.,-1.,0.));
#5255=DIRECTION('',(0.,0.,-1.));
#5256=DIRECTION('',(0.984807753012208,-2.16840434497101E-16,-0.173648177666927));
#5257=DIRECTION('',(-0.173648177666927,0.,-0.984807753012209));
#5258=DIRECTION('',(-0.173648177666927,0.,-0.984807753012209));
#5259=DIRECTION('',(-0.984807753012208,-2.16840434497101E-16,0.173648177666927));
#5260=DIRECTION('',(0.173648177666927,0.,0.984807753012209));
#5261=DIRECTION('',(-0.173648177666927,0.,-0.984807753012209));
#5262=DIRECTION('',(0.,-1.,0.));
#5263=DIRECTION('',(0.,0.,-1.));
#5264=DIRECTION('',(0.984807753012208,-2.16840434497101E-16,0.173648177666934));
#5265=DIRECTION('',(0.173648177666934,0.,-0.984807753012208));
#5266=DIRECTION('',(0.173648177666934,0.,-0.984807753012208));
#5267=DIRECTION('',(-0.984807753012208,-2.16840434497101E-16,-0.173648177666934));
#5268=DIRECTION('',(-0.173648177666934,0.,0.984807753012208));
#5269=DIRECTION('',(0.173648177666934,0.,-0.984807753012208));
#5270=DIRECTION('',(0.,-1.,0.));
#5271=DIRECTION('',(0.,0.,-1.));
#5272=DIRECTION('',(0.866025403784436,-2.16840434497101E-16,0.5));
#5273=DIRECTION('',(0.5,0.,-0.866025403784436));
#5274=DIRECTION('',(0.5,0.,-0.866025403784436));
#5275=DIRECTION('',(-0.866025403784436,-2.16840434497101E-16,-0.5));
#5276=DIRECTION('',(-0.5,0.,0.866025403784436));
#5277=DIRECTION('',(0.5,0.,-0.866025403784436));
#5278=DIRECTION('',(0.,-1.,0.));
#5279=DIRECTION('',(0.,0.,-1.));
#5280=DIRECTION('',(0.642787609686535,-2.16840434497101E-16,0.766044443118981));
#5281=DIRECTION('',(0.766044443118981,0.,-0.642787609686535));
#5282=DIRECTION('',(0.766044443118981,0.,-0.642787609686535));
#5283=DIRECTION('',(-0.642787609686535,-2.16840434497101E-16,-0.766044443118981));
#5284=DIRECTION('',(-0.766044443118981,0.,0.642787609686535));
#5285=DIRECTION('',(0.766044443118981,0.,-0.642787609686535));
#5286=DIRECTION('',(0.,-1.,0.));
#5287=DIRECTION('',(0.,0.,-1.));
#5288=DIRECTION('',(0.342020143325663,-2.16840434497101E-16,0.93969262078591));
#5289=DIRECTION('',(0.939692620785911,0.,-0.342020143325663));
#5290=DIRECTION('',(0.939692620785911,0.,-0.342020143325663));
#5291=DIRECTION('',(-0.342020143325663,-2.16840434497101E-16,-0.93969262078591));
#5292=DIRECTION('',(-0.939692620785911,0.,0.342020143325663));
#5293=DIRECTION('',(0.939692620785911,0.,-0.342020143325663));
#5294=DIRECTION('',(0.,-1.,0.));
#5295=DIRECTION('',(0.,0.,-1.));
#5296=DIRECTION('',(0.,-2.16840434497101E-16,1.));
#5297=DIRECTION('',(0.,-1.,-2.16840434497101E-16));
#5298=DIRECTION('',(1.,0.,0.));
#5299=DIRECTION('',(0.,-2.16840434497101E-16,-1.));
#5300=DIRECTION('',(0.,1.,-2.16840434497101E-16));
#5301=DIRECTION('',(1.,0.,0.));
#5302=DIRECTION('',(0.,-1.,0.));
#5303=DIRECTION('',(0.,0.,-1.));
#5304=DIRECTION('',(-0.342020143325676,-2.16840434497101E-16,0.939692620785906));
#5305=DIRECTION('',(0.939692620785906,0.,0.342020143325676));
#5306=DIRECTION('',(0.939692620785906,0.,0.342020143325676));
#5307=DIRECTION('',(0.342020143325676,-2.16840434497101E-16,-0.939692620785906));
#5308=DIRECTION('',(-0.939692620785906,0.,-0.342020143325676));
#5309=DIRECTION('',(0.939692620785906,0.,0.342020143325676));
#5310=DIRECTION('',(0.,-1.,0.));
#5311=DIRECTION('',(0.,0.,-1.));
#5312=DIRECTION('',(-0.866025403784438,0.,0.5));
#5313=DIRECTION('',(0.5,0.,0.866025403784438));
#5314=DIRECTION('',(0.866025403784438,0.,-0.5));
#5315=DIRECTION('',(0.5,0.,0.866025403784438));
#5316=DIRECTION('',(0.866025403784438,0.,-0.5));
#5317=DIRECTION('',(0.5,0.,0.866025403784438));
#5318=DIRECTION('',(0.866025403784438,0.,-0.5));
#5319=DIRECTION('',(-0.5,0.,-0.866025403784438));
#5320=DIRECTION('',(0.866025403784438,0.,-0.5));
#5321=DIRECTION('',(-0.5,0.,-0.866025403784438));
#5322=DIRECTION('',(0.866025403784438,0.,-0.5));
#5323=DIRECTION('',(-0.5,0.,-0.866025403784438));
#5324=DIRECTION('',(-0.5,0.,-0.866025403784438));
#5325=DIRECTION('',(-0.866025403784438,0.,0.5));
#5326=DIRECTION('',(-0.866025403784438,0.,0.5));
#5327=DIRECTION('',(0.,1.,0.));
#5328=DIRECTION('',(0.,0.,1.));
#5329=DIRECTION('',(-0.866025403784438,0.,0.5));
#5330=DIRECTION('',(0.5,0.,0.866025403784438));
#5331=DIRECTION('',(0.866025403784438,0.,-0.5));
#5332=DIRECTION('',(-0.866025403784438,0.,0.5));
#5333=DIRECTION('',(0.5,0.,0.866025403784438));
#5334=DIRECTION('',(-0.866025403784438,0.,0.5));
#5335=DIRECTION('',(0.5,0.,0.866025403784438));
#5336=DIRECTION('',(-0.642787609686538,0.,0.766044443118979));
#5337=DIRECTION('',(0.766044443118979,0.,0.642787609686538));
#5338=DIRECTION('',(0.642787609686538,0.,-0.766044443118979));
#5339=DIRECTION('',(0.766044443118979,0.,0.642787609686538));
#5340=DIRECTION('',(0.642787609686538,0.,-0.766044443118979));
#5341=DIRECTION('',(0.766044443118979,0.,0.642787609686538));
#5342=DIRECTION('',(0.642787609686538,0.,-0.766044443118979));
#5343=DIRECTION('',(-0.766044443118979,0.,-0.642787609686538));
#5344=DIRECTION('',(0.642787609686538,0.,-0.766044443118979));
#5345=DIRECTION('',(-0.766044443118979,0.,-0.642787609686538));
#5346=DIRECTION('',(0.642787609686538,0.,-0.766044443118979));
#5347=DIRECTION('',(-0.766044443118979,0.,-0.642787609686538));
#5348=DIRECTION('',(-0.342020143325666,0.,0.939692620785909));
#5349=DIRECTION('',(0.939692620785909,0.,0.342020143325667));
#5350=DIRECTION('',(0.342020143325666,0.,-0.939692620785909));
#5351=DIRECTION('',(0.939692620785909,0.,0.342020143325666));
#5352=DIRECTION('',(0.342020143325666,0.,-0.939692620785909));
#5353=DIRECTION('',(0.939692620785909,0.,0.342020143325666));
#5354=DIRECTION('',(0.342020143325666,0.,-0.939692620785909));
#5355=DIRECTION('',(-0.939692620785909,0.,-0.342020143325667));
#5356=DIRECTION('',(0.342020143325667,0.,-0.939692620785909));
#5357=DIRECTION('',(-0.939692620785909,0.,-0.342020143325667));
#5358=DIRECTION('',(0.342020143325667,0.,-0.939692620785909));
#5359=DIRECTION('',(-0.939692620785909,0.,-0.342020143325667));
#5360=DIRECTION('',(3.10862446895044E-15,0.,1.));
#5361=DIRECTION('',(1.,0.,-3.10862446895044E-15));
#5362=DIRECTION('',(-3.33066907387547E-15,0.,-1.));
#5363=DIRECTION('',(1.,0.,-3.33066907387547E-15));
#5364=DIRECTION('',(-3.33066907387547E-15,0.,-1.));
#5365=DIRECTION('',(1.,0.,-3.33066907387547E-15));
#5366=DIRECTION('',(-3.10862446895044E-15,0.,-1.));
#5367=DIRECTION('',(-1.,0.,3.10862446895044E-15));
#5368=DIRECTION('',(-3.10862446895044E-15,0.,-1.));
#5369=DIRECTION('',(-1.,0.,3.10862446895044E-15));
#5370=DIRECTION('',(-3.10862446895044E-15,0.,-1.));
#5371=DIRECTION('',(-1.,0.,3.10862446895044E-15));
#5372=DIRECTION('',(0.342020143325672,0.,0.939692620785907));
#5373=DIRECTION('',(0.939692620785907,0.,-0.342020143325672));
#5374=DIRECTION('',(-0.342020143325673,0.,-0.939692620785907));
#5375=DIRECTION('',(0.939692620785907,0.,-0.342020143325673));
#5376=DIRECTION('',(-0.342020143325673,0.,-0.939692620785907));
#5377=DIRECTION('',(0.939692620785907,0.,-0.342020143325673));
#5378=DIRECTION('',(-0.342020143325672,0.,-0.939692620785907));
#5379=DIRECTION('',(-0.939692620785907,0.,0.342020143325672));
#5380=DIRECTION('',(-0.342020143325672,0.,-0.939692620785907));
#5381=DIRECTION('',(-0.939692620785907,0.,0.342020143325672));
#5382=DIRECTION('',(-0.342020143325672,0.,-0.939692620785907));
#5383=DIRECTION('',(-0.939692620785907,0.,0.342020143325672));
#5384=DIRECTION('',(0.642787609686543,0.,0.766044443118975));
#5385=DIRECTION('',(0.766044443118975,0.,-0.642787609686543));
#5386=DIRECTION('',(-0.642787609686543,0.,-0.766044443118975));
#5387=DIRECTION('',(0.766044443118975,0.,-0.642787609686543));
#5388=DIRECTION('',(-0.642787609686543,0.,-0.766044443118975));
#5389=DIRECTION('',(0.766044443118975,0.,-0.642787609686543));
#5390=DIRECTION('',(-0.642787609686543,0.,-0.766044443118975));
#5391=DIRECTION('',(-0.766044443118975,0.,0.642787609686543));
#5392=DIRECTION('',(-0.642787609686543,0.,-0.766044443118975));
#5393=DIRECTION('',(-0.766044443118975,0.,0.642787609686543));
#5394=DIRECTION('',(-0.642787609686543,0.,-0.766044443118975));
#5395=DIRECTION('',(-0.766044443118975,0.,0.642787609686543));
#5396=DIRECTION('',(0.,1.,0.));
#5397=DIRECTION('',(0.,0.,1.));
#5398=DIRECTION('',(-0.642787609686538,0.,0.766044443118979));
#5399=DIRECTION('',(-0.642787609686538,0.,0.766044443118979));
#5400=DIRECTION('',(-0.766044443118979,0.,-0.642787609686538));
#5401=DIRECTION('',(-0.642787609686538,0.,0.766044443118979));
#5402=DIRECTION('',(0.766044443118979,0.,0.642787609686538));
#5403=DIRECTION('',(0.642787609686538,0.,-0.766044443118979));
#5404=DIRECTION('',(0.,1.,0.));
#5405=DIRECTION('',(0.,0.,1.));
#5406=DIRECTION('',(-0.342020143325666,0.,0.939692620785909));
#5407=DIRECTION('',(-0.342020143325666,0.,0.939692620785909));
#5408=DIRECTION('',(-0.939692620785909,0.,-0.342020143325666));
#5409=DIRECTION('',(-0.342020143325666,0.,0.939692620785909));
#5410=DIRECTION('',(0.939692620785909,0.,0.342020143325666));
#5411=DIRECTION('',(0.342020143325666,0.,-0.939692620785909));
#5412=DIRECTION('',(0.,1.,0.));
#5413=DIRECTION('',(0.,0.,1.));
#5414=DIRECTION('',(3.33066907387547E-15,0.,1.));
#5415=DIRECTION('',(3.33066907387547E-15,0.,1.));
#5416=DIRECTION('',(-1.,0.,3.33066907387547E-15));
#5417=DIRECTION('',(3.33066907387547E-15,0.,1.));
#5418=DIRECTION('',(1.,0.,-3.33066907387547E-15));
#5419=DIRECTION('',(-3.33066907387547E-15,0.,-1.));
#5420=DIRECTION('',(0.,1.,0.));
#5421=DIRECTION('',(0.,0.,1.));
#5422=DIRECTION('',(0.342020143325673,0.,0.939692620785907));
#5423=DIRECTION('',(0.342020143325673,0.,0.939692620785907));
#5424=DIRECTION('',(-0.939692620785907,0.,0.342020143325673));
#5425=DIRECTION('',(0.342020143325673,0.,0.939692620785907));
#5426=DIRECTION('',(0.939692620785907,0.,-0.342020143325673));
#5427=DIRECTION('',(-0.342020143325673,0.,-0.939692620785907));
#5428=DIRECTION('',(0.,1.,0.));
#5429=DIRECTION('',(0.,0.,1.));
#5430=DIRECTION('',(0.642787609686543,0.,0.766044443118975));
#5431=DIRECTION('',(0.642787609686543,0.,0.766044443118975));
#5432=DIRECTION('',(-0.766044443118975,0.,0.642787609686543));
#5433=DIRECTION('',(0.642787609686543,0.,0.766044443118975));
#5434=DIRECTION('',(0.766044443118975,0.,-0.642787609686543));
#5435=DIRECTION('',(-0.642787609686543,0.,-0.766044443118975));
#5436=DIRECTION('',(-0.642787609686538,0.,0.766044443118979));
#5437=DIRECTION('',(0.766044443118979,0.,0.642787609686538));
#5438=DIRECTION('',(-0.642787609686538,0.,0.766044443118979));
#5439=DIRECTION('',(0.766044443118979,0.,0.642787609686538));
#5440=DIRECTION('',(-0.342020143325666,0.,0.939692620785909));
#5441=DIRECTION('',(0.939692620785909,0.,0.342020143325666));
#5442=DIRECTION('',(-0.342020143325666,0.,0.939692620785909));
#5443=DIRECTION('',(0.939692620785909,0.,0.342020143325666));
#5444=DIRECTION('',(3.33066907387547E-15,0.,1.));
#5445=DIRECTION('',(1.,0.,-3.33066907387547E-15));
#5446=DIRECTION('',(3.33066907387547E-15,0.,1.));
#5447=DIRECTION('',(1.,0.,-3.33066907387547E-15));
#5448=DIRECTION('',(0.342020143325672,0.,0.939692620785907));
#5449=DIRECTION('',(0.939692620785907,0.,-0.342020143325672));
#5450=DIRECTION('',(0.342020143325672,0.,0.939692620785907));
#5451=DIRECTION('',(0.939692620785907,0.,-0.342020143325672));
#5452=DIRECTION('',(0.642787609686543,0.,0.766044443118975));
#5453=DIRECTION('',(0.766044443118975,0.,-0.642787609686543));
#5454=DIRECTION('',(0.642787609686543,0.,0.766044443118975));
#5455=DIRECTION('',(0.766044443118975,0.,-0.642787609686543));
#5456=DIRECTION('',(0.,1.,0.));
#5457=DIRECTION('',(0.,0.,1.));
#5458=DIRECTION('',(0.,1.,0.));
#5459=DIRECTION('',(0.,0.,1.));
#5460=DIRECTION('',(0.,1.,0.));
#5461=DIRECTION('',(0.,0.,1.));
#5462=DIRECTION('',(-1.,0.,0.));
#5463=DIRECTION('',(0.,0.,1.));
#5464=DIRECTION('',(-1.,0.,0.));
#5465=DIRECTION('',(0.,0.,1.));
#5466=DIRECTION('',(-0.939692620785908,0.,-0.342020143325669));
#5467=DIRECTION('',(-0.342020143325669,0.,0.939692620785908));
#5468=DIRECTION('',(-0.939692620785908,0.,-0.342020143325669));
#5469=DIRECTION('',(-0.342020143325669,0.,0.939692620785908));
#5470=DIRECTION('',(-0.766044443118977,0.,-0.64278760968654));
#5471=DIRECTION('',(-0.64278760968654,0.,0.766044443118977));
#5472=DIRECTION('',(-0.766044443118977,0.,-0.64278760968654));
#5473=DIRECTION('',(-0.64278760968654,0.,0.766044443118977));
#5474=DIRECTION('',(-0.5,0.,-0.86602540378444));
#5475=DIRECTION('',(-0.86602540378444,0.,0.5));
#5476=DIRECTION('',(-0.5,0.,-0.86602540378444));
#5477=DIRECTION('',(-0.86602540378444,0.,0.5));
#5478=DIRECTION('',(-0.173648177666927,0.,-0.984807753012209));
#5479=DIRECTION('',(-0.984807753012209,0.,0.173648177666927));
#5480=DIRECTION('',(-0.173648177666927,0.,-0.984807753012209));
#5481=DIRECTION('',(-0.984807753012209,0.,0.173648177666927));
#5482=DIRECTION('',(0.173648177666934,0.,-0.984807753012207));
#5483=DIRECTION('',(-0.984807753012207,0.,-0.173648177666934));
#5484=DIRECTION('',(0.173648177666934,0.,-0.984807753012207));
#5485=DIRECTION('',(-0.984807753012207,0.,-0.173648177666934));
#5486=DIRECTION('',(0.5,0.,-0.866025403784436));
#5487=DIRECTION('',(-0.866025403784436,0.,-0.5));
#5488=DIRECTION('',(0.5,0.,-0.866025403784436));
#5489=DIRECTION('',(-0.866025403784436,0.,-0.5));
#5490=DIRECTION('',(0.766044443118981,0.,-0.642787609686535));
#5491=DIRECTION('',(-0.642787609686535,0.,-0.766044443118981));
#5492=DIRECTION('',(0.766044443118981,0.,-0.642787609686535));
#5493=DIRECTION('',(-0.642787609686535,0.,-0.766044443118981));
#5494=DIRECTION('',(0.93969262078591,0.,-0.342020143325663));
#5495=DIRECTION('',(-0.342020143325663,0.,-0.93969262078591));
#5496=DIRECTION('',(0.93969262078591,0.,-0.342020143325663));
#5497=DIRECTION('',(-0.342020143325663,0.,-0.93969262078591));
#5498=DIRECTION('',(1.,0.,0.));
#5499=DIRECTION('',(0.,0.,-1.));
#5500=DIRECTION('',(1.,0.,0.));
#5501=DIRECTION('',(0.,0.,-1.));
#5502=DIRECTION('',(0.939692620785906,0.,0.342020143325676));
#5503=DIRECTION('',(0.342020143325676,0.,-0.939692620785906));
#5504=DIRECTION('',(0.939692620785906,0.,0.342020143325676));
#5505=DIRECTION('',(0.342020143325676,0.,-0.939692620785906));
#5506=CARTESIAN_POINT('',(0.,0.,0.));
#5507=CARTESIAN_POINT('',(-0.0184632321898931,-1.00000000000013E-6,-0.00533663584124816));
#5508=CARTESIAN_POINT('',(-0.0226918489834297,0.00373315017762062,-0.0068757264862137));
#5509=CARTESIAN_POINT('',(-0.0226918489834297,0.00373315017762062,-0.0068757264862137));
#5510=CARTESIAN_POINT('',(-0.0184632321898931,0.00373315017762062,-0.00533663584124816));
#5511=CARTESIAN_POINT('',(-0.0226918489834297,-1.00000000000013E-6,-0.0068757264862137));
#5512=CARTESIAN_POINT('',(-0.0226918489834297,0.004,-0.0068757264862137));
#5513=CARTESIAN_POINT('',(-0.0184632321898931,0.004,-0.00533663584124816));
#5514=CARTESIAN_POINT('',(-0.0184632321898931,0.004,-0.00533663584124816));
#5515=CARTESIAN_POINT('',(-0.0184632321898931,-1.00000000000013E-6,-0.00533663584124816));
#5516=CARTESIAN_POINT('',(-0.0175739798172464,-1.00000000000013E-6,-0.00777983665529151));
#5517=CARTESIAN_POINT('',(-0.0218025966107829,0.00373315017762062,-0.00931892730025705));
#5518=CARTESIAN_POINT('',(-0.0175739798172464,0.00373315017762062,-0.00777983665529151));
#5519=CARTESIAN_POINT('',(-0.0218025966107829,0.00373315017762062,-0.00931892730025705));
#5520=CARTESIAN_POINT('',(-0.0175739798172464,-1.00000000000013E-6,-0.00777983665529151));
#5521=CARTESIAN_POINT('',(-0.0175739798172464,0.004,-0.00777983665529151));
#5522=CARTESIAN_POINT('',(-0.0175739798172464,0.004,-0.00777983665529151));
#5523=CARTESIAN_POINT('',(-0.0218025966107829,0.004,-0.00931892730025705));
#5524=CARTESIAN_POINT('',(-0.0218025966107829,-1.00000000000013E-6,-0.00931892730025705));
#5525=CARTESIAN_POINT('',(-0.019175,-1.00000000000013E-6,0.0013));
#5526=CARTESIAN_POINT('',(-0.023675,0.00373315017762062,0.0013));
#5527=CARTESIAN_POINT('',(-0.023675,0.00373315017762062,0.0013));
#5528=CARTESIAN_POINT('',(-0.019175,0.00373315017762062,0.0013));
#5529=CARTESIAN_POINT('',(-0.023675,-1.00000000000013E-6,0.0013));
#5530=CARTESIAN_POINT('',(-0.023675,0.004,0.0013));
#5531=CARTESIAN_POINT('',(-0.019175,0.004,0.0013));
#5532=CARTESIAN_POINT('',(-0.019175,0.004,0.0013));
#5533=CARTESIAN_POINT('',(-0.019175,-1.00000000000013E-6,0.0013));
#5534=CARTESIAN_POINT('',(-0.019175,-1.00000000000013E-6,-0.0013));
#5535=CARTESIAN_POINT('',(-0.023675,0.00373315017762062,-0.0013));
#5536=CARTESIAN_POINT('',(-0.019175,0.00373315017762062,-0.0013));
#5537=CARTESIAN_POINT('',(-0.023675,0.00373315017762062,-0.0013));
#5538=CARTESIAN_POINT('',(-0.019175,-1.00000000000013E-6,-0.0013));
#5539=CARTESIAN_POINT('',(-0.019175,0.004,-0.0013));
#5540=CARTESIAN_POINT('',(-0.019175,0.004,-0.0013));
#5541=CARTESIAN_POINT('',(-0.023675,0.004,-0.0013));
#5542=CARTESIAN_POINT('',(-0.023675,-1.00000000000013E-6,-0.0013));
#5543=CARTESIAN_POINT('',(-0.0175739798172465,-1.00000000000013E-6,0.00777983665529127));
#5544=CARTESIAN_POINT('',(-0.0218025966107831,0.00373315017762062,0.00931892730025676));
#5545=CARTESIAN_POINT('',(-0.0218025966107831,0.00373315017762062,0.00931892730025676));
#5546=CARTESIAN_POINT('',(-0.0175739798172465,0.00373315017762062,0.00777983665529127));
#5547=CARTESIAN_POINT('',(-0.0218025966107831,-1.00000000000013E-6,0.00931892730025676));
#5548=CARTESIAN_POINT('',(-0.0218025966107831,0.004,0.00931892730025676));
#5549=CARTESIAN_POINT('',(-0.0175739798172465,0.004,0.00777983665529127));
#5550=CARTESIAN_POINT('',(-0.0175739798172465,0.004,0.00777983665529127));
#5551=CARTESIAN_POINT('',(-0.0175739798172465,-1.00000000000013E-6,0.00777983665529127));
#5552=CARTESIAN_POINT('',(-0.0184632321898932,-1.00000000000013E-6,0.00533663584124791));
#5553=CARTESIAN_POINT('',(-0.0226918489834298,0.00373315017762062,0.00687572648621339));
#5554=CARTESIAN_POINT('',(-0.0184632321898932,0.00373315017762062,0.00533663584124791));
#5555=CARTESIAN_POINT('',(-0.0226918489834298,0.00373315017762062,0.00687572648621339));
#5556=CARTESIAN_POINT('',(-0.0184632321898932,-1.00000000000013E-6,0.00533663584124791));
#5557=CARTESIAN_POINT('',(-0.0184632321898932,0.004,0.0053366358412479));
#5558=CARTESIAN_POINT('',(-0.0184632321898932,0.004,0.00533663584124791));
#5559=CARTESIAN_POINT('',(-0.0226918489834298,0.004,0.00687572648621339));
#5560=CARTESIAN_POINT('',(-0.0226918489834298,-1.00000000000013E-6,0.00687572648621339));
#5561=CARTESIAN_POINT('',(-0.013853278304214,-1.00000000000013E-6,0.013321310191794));
#5562=CARTESIAN_POINT('',(-0.0173004782982494,0.00373315017762062,0.0162138544353834));
#5563=CARTESIAN_POINT('',(-0.0173004782982494,0.00373315017762062,0.0162138544353834));
#5564=CARTESIAN_POINT('',(-0.013853278304214,0.00373315017762062,0.013321310191794));
#5565=CARTESIAN_POINT('',(-0.0173004782982494,-1.00000000000013E-6,0.0162138544353834));
#5566=CARTESIAN_POINT('',(-0.0173004782982494,0.004,0.0162138544353834));
#5567=CARTESIAN_POINT('',(-0.013853278304214,0.004,0.013321310191794));
#5568=CARTESIAN_POINT('',(-0.013853278304214,0.004,0.013321310191794));
#5569=CARTESIAN_POINT('',(-0.013853278304214,-1.00000000000013E-6,0.013321310191794));
#5570=CARTESIAN_POINT('',(-0.015524526089399,-1.00000000000013E-6,0.0113295946396846));
#5571=CARTESIAN_POINT('',(-0.0189717260834344,0.00373315017762062,0.014222138883274));
#5572=CARTESIAN_POINT('',(-0.015524526089399,0.00373315017762062,0.0113295946396846));
#5573=CARTESIAN_POINT('',(-0.0189717260834344,0.00373315017762062,0.014222138883274));
#5574=CARTESIAN_POINT('',(-0.015524526089399,-1.00000000000013E-6,0.0113295946396846));
#5575=CARTESIAN_POINT('',(-0.015524526089399,0.004,0.0113295946396846));
#5576=CARTESIAN_POINT('',(-0.015524526089399,0.004,0.0113295946396846));
#5577=CARTESIAN_POINT('',(-0.0189717260834344,0.004,0.014222138883274));
#5578=CARTESIAN_POINT('',(-0.0189717260834344,-1.00000000000013E-6,0.014222138883274));
#5579=CARTESIAN_POINT('',(-0.00846166697508031,-1.00000000000013E-6,0.0172560371175666));
#5580=CARTESIAN_POINT('',(-0.0107116669750803,0.00373315017762062,0.0211531514345965));
#5581=CARTESIAN_POINT('',(-0.0107116669750803,0.00373315017762062,0.0211531514345965));
#5582=CARTESIAN_POINT('',(-0.00846166697508031,0.00373315017762062,0.0172560371175666));
#5583=CARTESIAN_POINT('',(-0.0107116669750803,-1.00000000000013E-6,0.0211531514345965));
#5584=CARTESIAN_POINT('',(-0.0107116669750803,0.004,0.0211531514345965));
#5585=CARTESIAN_POINT('',(-0.00846166697508031,0.004,0.0172560371175666));
#5586=CARTESIAN_POINT('',(-0.00846166697508031,0.004,0.0172560371175666));
#5587=CARTESIAN_POINT('',(-0.00846166697508031,-1.00000000000013E-6,0.0172560371175666));
#5588=CARTESIAN_POINT('',(-0.0107133330249198,-1.00000000000013E-6,0.0159560371175666));
#5589=CARTESIAN_POINT('',(-0.0129633330249199,0.00373315017762062,0.0198531514345965));
#5590=CARTESIAN_POINT('',(-0.0107133330249198,0.00373315017762062,0.0159560371175666));
#5591=CARTESIAN_POINT('',(-0.0129633330249199,0.00373315017762062,0.0198531514345965));
#5592=CARTESIAN_POINT('',(-0.0107133330249198,-1.00000000000013E-6,0.0159560371175666));
#5593=CARTESIAN_POINT('',(-0.0107133330249198,0.004,0.0159560371175666));
#5594=CARTESIAN_POINT('',(-0.0107133330249198,0.004,0.0159560371175666));
#5595=CARTESIAN_POINT('',(-0.0129633330249199,0.004,0.0198531514345965));
#5596=CARTESIAN_POINT('',(-0.0129633330249199,-1.00000000000013E-6,0.0198531514345965));
#5597=CARTESIAN_POINT('',(-0.00204945372784759,-1.00000000000013E-6,0.0191094312949761));
#5598=CARTESIAN_POINT('',(-0.00283087052734879,0.00373315017762062,0.023541066183531));
#5599=CARTESIAN_POINT('',(-0.00283087052734879,0.00373315017762062,0.023541066183531));
#5600=CARTESIAN_POINT('',(-0.00204945372784759,0.00373315017762062,0.0191094312949761));
#5601=CARTESIAN_POINT('',(-0.00283087052734879,-1.00000000000013E-6,0.023541066183531));
#5602=CARTESIAN_POINT('',(-0.00283087052734879,0.004,0.023541066183531));
#5603=CARTESIAN_POINT('',(-0.00204945372784759,0.004,0.0191094312949761));
#5604=CARTESIAN_POINT('',(-0.00204945372784759,0.004,0.0191094312949761));
#5605=CARTESIAN_POINT('',(-0.00204945372784759,-1.00000000000013E-6,0.0191094312949761));
#5606=CARTESIAN_POINT('',(-0.00460995388567933,-1.00000000000013E-6,0.0186579460330421));
#5607=CARTESIAN_POINT('',(-0.00539137068518053,0.00373315017762062,0.023089580921597));
#5608=CARTESIAN_POINT('',(-0.00460995388567933,0.00373315017762062,0.0186579460330421));
#5609=CARTESIAN_POINT('',(-0.00539137068518053,0.00373315017762062,0.023089580921597));
#5610=CARTESIAN_POINT('',(-0.00460995388567933,-1.00000000000013E-6,0.0186579460330421));
#5611=CARTESIAN_POINT('',(-0.00460995388567933,0.004,0.0186579460330421));
#5612=CARTESIAN_POINT('',(-0.00460995388567933,0.004,0.0186579460330421));
#5613=CARTESIAN_POINT('',(-0.00539137068518053,0.004,0.023089580921597));
#5614=CARTESIAN_POINT('',(-0.00539137068518053,-1.00000000000013E-6,0.023089580921597));
#5615=CARTESIAN_POINT('',(0.0046099538856792,-1.00000000000013E-6,0.0186579460330421));
#5616=CARTESIAN_POINT('',(0.00539137068518038,0.00373315017762062,0.023089580921597));
#5617=CARTESIAN_POINT('',(0.00539137068518038,0.00373315017762062,0.023089580921597));
#5618=CARTESIAN_POINT('',(0.0046099538856792,0.00373315017762062,0.0186579460330421));
#5619=CARTESIAN_POINT('',(0.00539137068518038,-1.00000000000013E-6,0.023089580921597));
#5620=CARTESIAN_POINT('',(0.00539137068518038,0.004,0.023089580921597));
#5621=CARTESIAN_POINT('',(0.0046099538856792,0.004,0.0186579460330421));
#5622=CARTESIAN_POINT('',(0.0046099538856792,0.004,0.0186579460330421));
#5623=CARTESIAN_POINT('',(0.0046099538856792,-1.00000000000013E-6,0.0186579460330421));
#5624=CARTESIAN_POINT('',(0.00204945372784746,-1.00000000000013E-6,0.0191094312949761));
#5625=CARTESIAN_POINT('',(0.00283087052734863,0.00373315017762062,0.023541066183531));
#5626=CARTESIAN_POINT('',(0.00204945372784746,0.00373315017762062,0.0191094312949761));
#5627=CARTESIAN_POINT('',(0.00283087052734863,0.00373315017762062,0.023541066183531));
#5628=CARTESIAN_POINT('',(0.00204945372784746,-1.00000000000013E-6,0.0191094312949761));
#5629=CARTESIAN_POINT('',(0.00204945372784746,0.004,0.0191094312949761));
#5630=CARTESIAN_POINT('',(0.00204945372784746,0.004,0.0191094312949761));
#5631=CARTESIAN_POINT('',(0.00283087052734863,0.004,0.023541066183531));
#5632=CARTESIAN_POINT('',(0.00283087052734863,-1.00000000000013E-6,0.023541066183531));
#5633=CARTESIAN_POINT('',(0.0107133330249197,-1.00000000000013E-6,0.0159560371175666));
#5634=CARTESIAN_POINT('',(0.0129633330249197,0.00373315017762062,0.0198531514345966));
#5635=CARTESIAN_POINT('',(0.0129633330249197,0.00373315017762062,0.0198531514345966));
#5636=CARTESIAN_POINT('',(0.0107133330249197,0.00373315017762062,0.0159560371175666));
#5637=CARTESIAN_POINT('',(0.0129633330249197,-1.00000000000013E-6,0.0198531514345966));
#5638=CARTESIAN_POINT('',(0.0129633330249197,0.004,0.0198531514345966));
#5639=CARTESIAN_POINT('',(0.0107133330249197,0.004,0.0159560371175666));
#5640=CARTESIAN_POINT('',(0.0107133330249197,0.004,0.0159560371175666));
#5641=CARTESIAN_POINT('',(0.0107133330249197,-1.00000000000013E-6,0.0159560371175666));
#5642=CARTESIAN_POINT('',(0.00846166697508019,-1.00000000000013E-6,0.0172560371175666));
#5643=CARTESIAN_POINT('',(0.0107116669750802,0.00373315017762062,0.0211531514345966));
#5644=CARTESIAN_POINT('',(0.00846166697508019,0.00373315017762062,0.0172560371175666));
#5645=CARTESIAN_POINT('',(0.0107116669750802,0.00373315017762062,0.0211531514345966));
#5646=CARTESIAN_POINT('',(0.00846166697508019,-1.00000000000013E-6,0.0172560371175666));
#5647=CARTESIAN_POINT('',(0.00846166697508019,0.004,0.0172560371175666));
#5648=CARTESIAN_POINT('',(0.00846166697508019,0.004,0.0172560371175666));
#5649=CARTESIAN_POINT('',(0.0107116669750802,0.004,0.0211531514345966));
#5650=CARTESIAN_POINT('',(0.0107116669750802,-1.00000000000013E-6,0.0211531514345966));
#5651=CARTESIAN_POINT('',(0.0155245260893989,-1.00000000000013E-6,0.0113295946396847));
#5652=CARTESIAN_POINT('',(0.0189717260834343,0.00373315017762062,0.0142221388832742));
#5653=CARTESIAN_POINT('',(0.0189717260834343,0.00373315017762062,0.0142221388832742));
#5654=CARTESIAN_POINT('',(0.0155245260893989,0.00373315017762062,0.0113295946396847));
#5655=CARTESIAN_POINT('',(0.0189717260834343,-1.00000000000013E-6,0.0142221388832742));
#5656=CARTESIAN_POINT('',(0.0189717260834343,0.004,0.0142221388832742));
#5657=CARTESIAN_POINT('',(0.0155245260893989,0.004,0.0113295946396847));
#5658=CARTESIAN_POINT('',(0.0155245260893989,0.004,0.0113295946396847));
#5659=CARTESIAN_POINT('',(0.0155245260893989,-1.00000000000013E-6,0.0113295946396847));
#5660=CARTESIAN_POINT('',(0.0138532783042139,-1.00000000000013E-6,0.0133213101917941));
#5661=CARTESIAN_POINT('',(0.0173004782982493,0.00373315017762062,0.0162138544353835));
#5662=CARTESIAN_POINT('',(0.0138532783042139,0.00373315017762062,0.0133213101917941));
#5663=CARTESIAN_POINT('',(0.0173004782982493,0.00373315017762062,0.0162138544353835));
#5664=CARTESIAN_POINT('',(0.0138532783042139,-1.00000000000013E-6,0.0133213101917941));
#5665=CARTESIAN_POINT('',(0.0138532783042139,0.004,0.0133213101917941));
#5666=CARTESIAN_POINT('',(0.0138532783042139,0.004,0.0133213101917941));
#5667=CARTESIAN_POINT('',(0.0173004782982493,0.004,0.0162138544353835));
#5668=CARTESIAN_POINT('',(0.0173004782982493,-1.00000000000013E-6,0.0162138544353835));
#5669=CARTESIAN_POINT('',(0.0184632321898932,-1.00000000000013E-6,0.00533663584124803));
#5670=CARTESIAN_POINT('',(0.0226918489834297,0.00373315017762062,0.00687572648621354));
#5671=CARTESIAN_POINT('',(0.0226918489834297,0.00373315017762062,0.00687572648621354));
#5672=CARTESIAN_POINT('',(0.0184632321898932,0.00373315017762062,0.00533663584124803));
#5673=CARTESIAN_POINT('',(0.0226918489834297,-1.00000000000013E-6,0.00687572648621354));
#5674=CARTESIAN_POINT('',(0.0226918489834297,0.004,0.00687572648621354));
#5675=CARTESIAN_POINT('',(0.0184632321898932,0.004,0.00533663584124803));
#5676=CARTESIAN_POINT('',(0.0184632321898932,0.004,0.00533663584124803));
#5677=CARTESIAN_POINT('',(0.0184632321898932,-1.00000000000013E-6,0.00533663584124803));
#5678=CARTESIAN_POINT('',(0.0175739798172464,-1.00000000000013E-6,0.00777983665529139));
#5679=CARTESIAN_POINT('',(0.021802596610783,0.00373315017762062,0.00931892730025691));
#5680=CARTESIAN_POINT('',(0.0175739798172464,0.00373315017762062,0.00777983665529139));
#5681=CARTESIAN_POINT('',(0.021802596610783,0.00373315017762062,0.00931892730025691));
#5682=CARTESIAN_POINT('',(0.0175739798172464,-1.00000000000013E-6,0.00777983665529139));
#5683=CARTESIAN_POINT('',(0.0175739798172464,0.004,0.00777983665529139));
#5684=CARTESIAN_POINT('',(0.0175739798172464,0.004,0.00777983665529139));
#5685=CARTESIAN_POINT('',(0.021802596610783,0.004,0.0093189273002569));
#5686=CARTESIAN_POINT('',(0.021802596610783,-1.00000000000013E-6,0.0093189273002569));
#5687=CARTESIAN_POINT('',(0.019175,-1.00000000000013E-6,-0.0013));
#5688=CARTESIAN_POINT('',(0.023675,0.00373315017762062,-0.0013));
#5689=CARTESIAN_POINT('',(0.023675,0.00373315017762062,-0.0013));
#5690=CARTESIAN_POINT('',(0.019175,0.00373315017762062,-0.0013));
#5691=CARTESIAN_POINT('',(0.023675,-1.00000000000013E-6,-0.0013));
#5692=CARTESIAN_POINT('',(0.023675,0.004,-0.0013));
#5693=CARTESIAN_POINT('',(0.019175,0.004,-0.0013));
#5694=CARTESIAN_POINT('',(0.019175,0.004,-0.0013));
#5695=CARTESIAN_POINT('',(0.019175,-1.00000000000013E-6,-0.0013));
#5696=CARTESIAN_POINT('',(0.019175,-1.00000000000013E-6,0.0013));
#5697=CARTESIAN_POINT('',(0.023675,0.00373315017762062,0.0013));
#5698=CARTESIAN_POINT('',(0.019175,0.00373315017762062,0.0013));
#5699=CARTESIAN_POINT('',(0.023675,0.00373315017762062,0.0013));
#5700=CARTESIAN_POINT('',(0.019175,-1.00000000000013E-6,0.0013));
#5701=CARTESIAN_POINT('',(0.019175,0.004,0.0013));
#5702=CARTESIAN_POINT('',(0.019175,0.004,0.0013));
#5703=CARTESIAN_POINT('',(0.023675,0.004,0.0013));
#5704=CARTESIAN_POINT('',(0.023675,-1.00000000000013E-6,0.0013));
#5705=CARTESIAN_POINT('',(0.,0.004,0.));
#5706=CARTESIAN_POINT('',(0.019175,0.004,-0.0013));
#5707=CARTESIAN_POINT('',(0.023675,0.004,-0.0013));
#5708=CARTESIAN_POINT('',(0.0184632321898932,0.004,0.00533663584124803));
#5709=CARTESIAN_POINT('',(0.0226918489834297,0.004,0.00687572648621354));
#5710=CARTESIAN_POINT('',(0.0155245260893989,0.004,0.0113295946396847));
#5711=CARTESIAN_POINT('',(0.0189717260834343,0.004,0.0142221388832742));
#5712=CARTESIAN_POINT('',(0.0107133330249197,0.004,0.0159560371175666));
#5713=CARTESIAN_POINT('',(0.0129633330249197,0.004,0.0198531514345966));
#5714=CARTESIAN_POINT('',(0.0046099538856792,0.004,0.0186579460330421));
#5715=CARTESIAN_POINT('',(0.00539137068518038,0.004,0.023089580921597));
#5716=CARTESIAN_POINT('',(-0.00204945372784759,0.004,0.0191094312949761));
#5717=CARTESIAN_POINT('',(-0.00283087052734879,0.004,0.023541066183531));
#5718=CARTESIAN_POINT('',(-0.00846166697508031,0.004,0.0172560371175666));
#5719=CARTESIAN_POINT('',(-0.0107116669750803,0.004,0.0211531514345965));
#5720=CARTESIAN_POINT('',(-0.013853278304214,0.004,0.013321310191794));
#5721=CARTESIAN_POINT('',(-0.0173004782982494,0.004,0.0162138544353834));
#5722=CARTESIAN_POINT('',(-0.0175739798172465,0.004,0.00777983665529127));
#5723=CARTESIAN_POINT('',(-0.0218025966107831,0.004,0.00931892730025676));
#5724=CARTESIAN_POINT('',(-0.019175,0.004,0.0013));
#5725=CARTESIAN_POINT('',(-0.023675,0.004,0.0013));
#5726=CARTESIAN_POINT('',(-0.0184632321898931,0.004,-0.00533663584124816));
#5727=CARTESIAN_POINT('',(-0.0226918489834297,0.004,-0.0068757264862137));
#5728=CARTESIAN_POINT('',(0.,0.004,0.));
#5729=CARTESIAN_POINT('',(-0.0196596490629359,0.004,-0.013765834472425));
#5730=CARTESIAN_POINT('',(0.0231822198309376,0.004,-0.00621165708246052));
#5731=CARTESIAN_POINT('',(0.0176764426210899,0.004,-0.00473638852537615));
#5732=CARTESIAN_POINT('',(0.0196082942736681,0.004,-0.00525402661558119));
#5733=CARTESIAN_POINT('',(0.0189321461952657,0.004,-0.00507285328400942));
#5734=CARTESIAN_POINT('',(0.0182559981168634,0.004,-0.00489167995243766));
#5735=CARTESIAN_POINT('',(0.0176764426210899,0.004,-0.00473638852537615));
#5736=CARTESIAN_POINT('',(0.0176764426210899,0.004,-0.00473638852537616));
#5737=CARTESIAN_POINT('',(0.,0.004,0.));
#5738=CARTESIAN_POINT('',(-0.0149904824104886,0.004,-0.0104964487852241));
#5739=CARTESIAN_POINT('',(-0.0149904824104886,0.004,-0.0104964487852241));
#5740=CARTESIAN_POINT('',(-0.015481973637062,0.004,-0.0108405946470347));
#5741=CARTESIAN_POINT('',(-0.0160553800680641,0.004,-0.0112420981524806));
#5742=CARTESIAN_POINT('',(-0.0166287864990666,0.004,-0.0116436016579261));
#5743=CARTESIAN_POINT('',(-0.0149904824104886,0.004,-0.0104964487852241));
#5744=CARTESIAN_POINT('',(-0.0133213101917941,-1.00000000000013E-6,-0.0138532783042138));
#5745=CARTESIAN_POINT('',(-0.12379154477338,0.0037331501776206,-0.145506577241542));
#5746=CARTESIAN_POINT('',(-0.0162138544353835,0.00373315017762062,-0.0173004782982492));
#5747=CARTESIAN_POINT('',(-0.0133213101917941,0.00373315017762062,-0.0138532783042138));
#5748=CARTESIAN_POINT('',(-0.0162138544353836,-1.00000000000013E-6,-0.0173004782982492));
#5749=CARTESIAN_POINT('',(-0.0162138544353836,0.004,-0.0173004782982492));
#5750=CARTESIAN_POINT('',(-0.0133213101917941,0.004,-0.0138532783042138));
#5751=CARTESIAN_POINT('',(-0.0133213101917941,0.004,-0.0138532783042138));
#5752=CARTESIAN_POINT('',(-0.0133213101917941,-1.00000000000013E-6,-0.0138532783042138));
#5753=CARTESIAN_POINT('',(-0.0113295946396848,-1.00000000000013E-6,-0.0155245260893988));
#5754=CARTESIAN_POINT('',(-0.121799829221271,0.00373315017762064,-0.147177825026727));
#5755=CARTESIAN_POINT('',(-0.0113295946396848,0.00373315017762062,-0.0155245260893989));
#5756=CARTESIAN_POINT('',(-0.0142221388832742,0.00373315017762062,-0.0189717260834342));
#5757=CARTESIAN_POINT('',(-0.0113295946396848,-1.00000000000013E-6,-0.0155245260893988));
#5758=CARTESIAN_POINT('',(-0.0113295946396848,0.004,-0.0155245260893988));
#5759=CARTESIAN_POINT('',(-0.0113295946396848,0.004,-0.0155245260893988));
#5760=CARTESIAN_POINT('',(-0.0142221388832742,0.004,-0.0189717260834342));
#5761=CARTESIAN_POINT('',(-0.0142221388832742,-1.00000000000013E-6,-0.0189717260834342));
#5762=CARTESIAN_POINT('',(-0.00777983665529146,-1.00000000000013E-6,-0.0175739798172464));
#5763=CARTESIAN_POINT('',(-0.0534433482397161,0.00373315017762061,-0.143033446788456));
#5764=CARTESIAN_POINT('',(-0.00931892730025699,0.00373315017762062,-0.021802596610783));
#5765=CARTESIAN_POINT('',(-0.00777983665529146,0.00373315017762062,-0.0175739798172464));
#5766=CARTESIAN_POINT('',(-0.00931892730025699,-1.00000000000013E-6,-0.021802596610783));
#5767=CARTESIAN_POINT('',(-0.00931892730025699,0.004,-0.021802596610783));
#5768=CARTESIAN_POINT('',(-0.00777983665529146,0.004,-0.0175739798172464));
#5769=CARTESIAN_POINT('',(-0.00777983665529146,0.004,-0.0175739798172464));
#5770=CARTESIAN_POINT('',(-0.00777983665529146,-1.00000000000013E-6,-0.0175739798172464));
#5771=CARTESIAN_POINT('',(-0.00533663584124809,-1.00000000000013E-6,-0.0184632321898931));
#5772=CARTESIAN_POINT('',(-0.0510001474256727,0.00373315017762063,-0.143922699161103));
#5773=CARTESIAN_POINT('',(-0.0053366358412481,0.00373315017762062,-0.0184632321898931));
#5774=CARTESIAN_POINT('',(-0.00687572648621362,0.00373315017762062,-0.0226918489834297));
#5775=CARTESIAN_POINT('',(-0.00533663584124809,-1.00000000000013E-6,-0.0184632321898931));
#5776=CARTESIAN_POINT('',(-0.00533663584124809,0.004,-0.0184632321898931));
#5777=CARTESIAN_POINT('',(-0.00533663584124809,0.004,-0.0184632321898931));
#5778=CARTESIAN_POINT('',(-0.00687572648621362,0.004,-0.0226918489834297));
#5779=CARTESIAN_POINT('',(-0.00687572648621362,-1.00000000000013E-6,-0.0226918489834297));
#5780=CARTESIAN_POINT('',(-0.00130000000000007,-1.00000000000013E-6,-0.019175));
#5781=CARTESIAN_POINT('',(-0.0013000000000002,0.00373315017762061,-0.0546060319734689));
#5782=CARTESIAN_POINT('',(-0.00130000000000009,0.00373315017762061,-0.023675));
#5783=CARTESIAN_POINT('',(-0.00130000000000007,0.00373315017762062,-0.019175));
#5784=CARTESIAN_POINT('',(-0.00130000000000009,-1.00000000000013E-6,-0.023675));
#5785=CARTESIAN_POINT('',(-0.00130000000000009,0.004,-0.023675));
#5786=CARTESIAN_POINT('',(-0.00130000000000007,0.004,-0.019175));
#5787=CARTESIAN_POINT('',(-0.00130000000000007,0.004,-0.019175));
#5788=CARTESIAN_POINT('',(-0.00130000000000007,-1.00000000000013E-6,-0.019175));
#5789=CARTESIAN_POINT('',(0.00129999999999993,-1.00000000000013E-6,-0.019175));
#5790=CARTESIAN_POINT('',(0.00129999999999981,0.00373315017762062,-0.0546060319734689));
#5791=CARTESIAN_POINT('',(0.00129999999999993,0.00373315017762062,-0.019175));
#5792=CARTESIAN_POINT('',(0.00129999999999992,0.00373315017762062,-0.023675));
#5793=CARTESIAN_POINT('',(0.00129999999999993,-1.00000000000013E-6,-0.019175));
#5794=CARTESIAN_POINT('',(0.00129999999999993,0.004,-0.019175));
#5795=CARTESIAN_POINT('',(0.00129999999999993,0.004,-0.019175));
#5796=CARTESIAN_POINT('',(0.00129999999999992,0.004,-0.023675));
#5797=CARTESIAN_POINT('',(0.00129999999999992,-1.00000000000013E-6,-0.023675));
#5798=CARTESIAN_POINT('',(0.00533663584124796,-1.00000000000013E-6,-0.0184632321898932));
#5799=CARTESIAN_POINT('',(0.0112558258898016,0.00373315017762061,-0.0347260731897548));
#5800=CARTESIAN_POINT('',(0.00687572648621346,0.00373315017762061,-0.0226918489834298));
#5801=CARTESIAN_POINT('',(0.00533663584124796,0.00373315017762062,-0.0184632321898932));
#5802=CARTESIAN_POINT('',(0.00687572648621346,-1.00000000000013E-6,-0.0226918489834298));
#5803=CARTESIAN_POINT('',(0.00687572648621346,0.004,-0.0226918489834298));
#5804=CARTESIAN_POINT('',(0.00533663584124796,0.004,-0.0184632321898932));
#5805=CARTESIAN_POINT('',(0.00533663584124796,0.004,-0.0184632321898932));
#5806=CARTESIAN_POINT('',(0.00533663584124796,-1.00000000000013E-6,-0.0184632321898932));
#5807=CARTESIAN_POINT('',(0.00777983665529133,-1.00000000000013E-6,-0.0175739798172464));
#5808=CARTESIAN_POINT('',(0.0136990267038449,0.00373315017762062,-0.0338368208171081));
#5809=CARTESIAN_POINT('',(0.00777983665529134,0.00373315017762062,-0.0175739798172464));
#5810=CARTESIAN_POINT('',(0.00931892730025683,0.00373315017762062,-0.021802596610783));
#5811=CARTESIAN_POINT('',(0.00777983665529133,-1.00000000000013E-6,-0.0175739798172464));
#5812=CARTESIAN_POINT('',(0.00777983665529133,0.004,-0.0175739798172464));
#5813=CARTESIAN_POINT('',(0.00777983665529133,0.004,-0.0175739798172464));
#5814=CARTESIAN_POINT('',(0.00931892730025683,0.004,-0.021802596610783));
#5815=CARTESIAN_POINT('',(0.00931892730025683,-1.00000000000013E-6,-0.021802596610783));
#5816=CARTESIAN_POINT('',(0.0113295946396847,-1.00000000000013E-6,-0.0155245260893989));
#5817=CARTESIAN_POINT('',(0.0184079645567883,0.00373315017762061,-0.023960198867818));
#5818=CARTESIAN_POINT('',(0.0142221388832741,0.00373315017762061,-0.0189717260834343));
#5819=CARTESIAN_POINT('',(0.0113295946396847,0.00373315017762061,-0.0155245260893989));
#5820=CARTESIAN_POINT('',(0.0142221388832741,-1.00000000000013E-6,-0.0189717260834343));
#5821=CARTESIAN_POINT('',(0.0142221388832741,0.004,-0.0189717260834343));
#5822=CARTESIAN_POINT('',(0.0113295946396847,0.004,-0.0155245260893989));
#5823=CARTESIAN_POINT('',(0.0113295946396847,0.004,-0.0155245260893989));
#5824=CARTESIAN_POINT('',(0.0113295946396847,-1.00000000000013E-6,-0.0155245260893989));
#5825=CARTESIAN_POINT('',(0.013321310191794,-1.00000000000013E-6,-0.0138532783042139));
#5826=CARTESIAN_POINT('',(0.0203996801088977,0.00373315017762062,-0.022288951082633));
#5827=CARTESIAN_POINT('',(0.013321310191794,0.00373315017762062,-0.0138532783042139));
#5828=CARTESIAN_POINT('',(0.0162138544353835,0.00373315017762062,-0.0173004782982493));
#5829=CARTESIAN_POINT('',(0.013321310191794,-1.00000000000013E-6,-0.0138532783042139));
#5830=CARTESIAN_POINT('',(0.013321310191794,0.004,-0.0138532783042139));
#5831=CARTESIAN_POINT('',(0.013321310191794,0.004,-0.0138532783042139));
#5832=CARTESIAN_POINT('',(0.0162138544353835,0.004,-0.0173004782982493));
#5833=CARTESIAN_POINT('',(0.0162138544353835,-1.00000000000013E-6,-0.0173004782982493));
#5834=CARTESIAN_POINT('',(0.,0.,0.));
#5835=CARTESIAN_POINT('',(0.,2.14313189850789E-20,0.));
#5836=CARTESIAN_POINT('',(-0.0228023344080108,2.14313189850789E-20,-0.00936354876877608));
#5837=CARTESIAN_POINT('',(-0.0165977153647755,2.14313189850789E-20,-0.0182246630879667));
#5838=CARTESIAN_POINT('',(-0.0234064447147228,0.,-0.0263389907517679));
#5839=CARTESIAN_POINT('',(-0.0161152149844307,0.,-0.0176496415262628));
#5840=CARTESIAN_POINT('',(0.,0.,0.));
#5841=CARTESIAN_POINT('',(-0.0220969660404446,0.,-0.00910681567878904));
#5842=CARTESIAN_POINT('',(-0.0297695849327697,0.,-0.011899420574464));
#5843=CARTESIAN_POINT('',(0.,2.14313189850789E-20,0.));
#5844=CARTESIAN_POINT('',(-0.01682287378667,0.000202072594216374,-0.0184929964461623));
#5845=CARTESIAN_POINT('',(-0.0167478211925895,0.000134714487809568,-0.0184035522475333));
#5846=CARTESIAN_POINT('',(-0.01667276838832,6.73569482364555E-5,-0.0183141077984108));
#5847=CARTESIAN_POINT('',(-0.0165977153647755,7.28784537488698E-18,-0.0182246630879667));
#5848=CARTESIAN_POINT('',(-0.01682287378667,0.000202072594216371,-0.0184929964461623));
#5849=CARTESIAN_POINT('',(-0.0231314940003452,0.000202072594216357,-0.00948335306270904));
#5850=CARTESIAN_POINT('',(-0.023021774447937,0.000134714487809558,-0.00944341841151545));
#5851=CARTESIAN_POINT('',(-0.0229120545882532,6.73569482364531E-5,-0.00940348364848267));
#5852=CARTESIAN_POINT('',(-0.0228023344080108,1.14122469501015E-17,-0.00936354876877611));
#5853=CARTESIAN_POINT('',(-0.0231314940003452,0.000202072594216371,-0.00948335306270902));
#5854=CARTESIAN_POINT('',(0.,0.000202072594216371,0.));
#5855=CARTESIAN_POINT('',(0.,0.,0.));
#5856=CARTESIAN_POINT('',(0.,0.,0.));
#5857=CARTESIAN_POINT('',(-0.00910681567878897,0.,-0.0220969660404446));
#5858=CARTESIAN_POINT('',(-0.0145831260981928,0.,-0.0189352167456359));
#5859=CARTESIAN_POINT('',(-0.0218743558284848,0.,-0.027624565971141));
#5860=CARTESIAN_POINT('',(-0.0150656264785375,0.,-0.0195102383073398));
#5861=CARTESIAN_POINT('',(0.,2.14313189850789E-20,0.));
#5862=CARTESIAN_POINT('',(-0.009363548768776,2.14313189850789E-20,-0.0228023344080108));
#5863=CARTESIAN_POINT('',(-0.0118994205744638,0.,-0.0297695849327697));
#5864=CARTESIAN_POINT('',(0.,2.14313189850789E-20,0.));
#5865=CARTESIAN_POINT('',(-0.0150656264785375,-4.04677349825272E-18,-0.0195102383073398));
#5866=CARTESIAN_POINT('',(-0.015140679502082,6.73569482364439E-5,-0.0195996830177839));
#5867=CARTESIAN_POINT('',(-0.0152157323063515,0.000134714487809557,-0.0196891274669064));
#5868=CARTESIAN_POINT('',(-0.015290784900432,0.000202072594216362,-0.0197785716655354));
#5869=CARTESIAN_POINT('',(-0.015290784900432,0.000202072594216371,-0.0197785716655354));
#5870=CARTESIAN_POINT('',(0.,0.000202072594216371,0.));
#5871=CARTESIAN_POINT('',(-0.00948335306270894,0.000202072594216371,-0.0231314940003453));
#5872=CARTESIAN_POINT('',(-0.00948335306270891,0.000202072594216385,-0.0231314940003453));
#5873=CARTESIAN_POINT('',(-0.00944341841151531,0.000134714487809572,-0.0230217744479371));
#5874=CARTESIAN_POINT('',(-0.00940348364848251,6.7356948236453E-5,-0.0229120545882532));
#5875=CARTESIAN_POINT('',(-0.00936354876877595,-1.9180818433715E-18,-0.0228023344080108));
#5876=CARTESIAN_POINT('',(0.,0.,0.));
#5877=CARTESIAN_POINT('',(0.,0.,0.));
#5878=CARTESIAN_POINT('',(-0.00100000000000008,0.,-0.0238790703336625));
#5879=CARTESIAN_POINT('',(-0.00722743043721715,0.,-0.022781006327096));
#5880=CARTESIAN_POINT('',(-0.010020035332892,0.,-0.0304536252194211));
#5881=CARTESIAN_POINT('',(-0.00748416352720418,0.,-0.0234863746946621));
#5882=CARTESIAN_POINT('',(0.,2.14313189850789E-20,0.));
#5883=CARTESIAN_POINT('',(-0.00100000000000008,2.14313189850789E-20,-0.024629707671834));
#5884=CARTESIAN_POINT('',(-0.00100000000000008,0.,-0.025001));
#5885=CARTESIAN_POINT('',(0.,2.14313189850789E-20,0.));
#5886=CARTESIAN_POINT('',(-0.00748416352720412,-2.00772591015837E-17,-0.0234863746946621));
#5887=CARTESIAN_POINT('',(-0.00752409840691068,6.73569482364349E-5,-0.0235960948749045));
#5888=CARTESIAN_POINT('',(-0.00756403316994348,0.000134714487809554,-0.0237058147345884));
#5889=CARTESIAN_POINT('',(-0.00760396782113707,0.000202072594216366,-0.0238155342869966));
#5890=CARTESIAN_POINT('',(-0.00760396782113712,0.000202072594216371,-0.0238155342869966));
#5891=CARTESIAN_POINT('',(0.,0.000202072594216371,0.));
#5892=CARTESIAN_POINT('',(-0.00100000000000008,0.000202072594216371,-0.0249799919935936));
#5893=CARTESIAN_POINT('',(-0.00100000000000008,0.000202072594216376,-0.0249799919935936));
#5894=CARTESIAN_POINT('',(-0.00100000000000008,0.000134714487812511,-0.0248632308847199));
#5895=CARTESIAN_POINT('',(-0.00100000000000008,6.73569482294152E-5,-0.0247464694488278));
#5896=CARTESIAN_POINT('',(-0.00100000000000008,-1.17740397252309E-17,-0.024629707671834));
#5897=CARTESIAN_POINT('',(0.,0.,0.));
#5898=CARTESIAN_POINT('',(0.,0.,0.));
#5899=CARTESIAN_POINT('',(0.00722743043721701,0.,-0.022781006327096));
#5900=CARTESIAN_POINT('',(0.000999999999999922,0.,-0.0238790703336625));
#5901=CARTESIAN_POINT('',(0.000999999999999918,0.,-0.025001));
#5902=CARTESIAN_POINT('',(0.00099999999999992,0.,-0.024629707671834));
#5903=CARTESIAN_POINT('',(0.,2.14313189850789E-20,0.));
#5904=CARTESIAN_POINT('',(0.00748416352720403,2.14313189850789E-20,-0.0234863746946622));
#5905=CARTESIAN_POINT('',(0.0100200353328918,0.,-0.030453625219421));
#5906=CARTESIAN_POINT('',(0.,2.14313189850789E-20,0.));
#5907=CARTESIAN_POINT('',(0.000999999999999919,-1.357101888206E-17,-0.024629707671834));
#5908=CARTESIAN_POINT('',(0.000999999999999919,6.73569482294134E-5,-0.0247464694488278));
#5909=CARTESIAN_POINT('',(0.000999999999999918,0.000134714487812509,-0.0248632308847199));
#5910=CARTESIAN_POINT('',(0.000999999999999918,0.000202072594216374,-0.0249799919935936));
#5911=CARTESIAN_POINT('',(0.000999999999999918,0.000202072594216371,-0.0249799919935936));
#5912=CARTESIAN_POINT('',(0.,0.000202072594216371,0.));
#5913=CARTESIAN_POINT('',(0.00760396782113697,0.000202072594216371,-0.0238155342869967));
#5914=CARTESIAN_POINT('',(0.00760396782113699,0.000202072594216388,-0.0238155342869967));
#5915=CARTESIAN_POINT('',(0.00756403316994339,0.000134714487809575,-0.0237058147345885));
#5916=CARTESIAN_POINT('',(0.0075240984069106,6.73569482364562E-5,-0.0235960948749046));
#5917=CARTESIAN_POINT('',(0.00748416352720404,1.21720611222027E-18,-0.0234863746946622));
#5918=CARTESIAN_POINT('',(0.,0.,0.));
#5919=CARTESIAN_POINT('',(0.,0.,0.));
#5920=CARTESIAN_POINT('',(0.0145831260981927,0.,-0.018935216745636));
#5921=CARTESIAN_POINT('',(0.00910681567878882,0.,-0.0220969660404447));
#5922=CARTESIAN_POINT('',(0.0118994205744636,0.,-0.0297695849327697));
#5923=CARTESIAN_POINT('',(0.00936354876877585,0.,-0.0228023344080109));
#5924=CARTESIAN_POINT('',(0.,2.14313189850789E-20,0.));
#5925=CARTESIAN_POINT('',(0.0150656264785374,2.14313189850789E-20,-0.0195102383073399));
#5926=CARTESIAN_POINT('',(0.0218743558284846,0.,-0.0276245659711412));
#5927=CARTESIAN_POINT('',(0.,2.14313189850789E-20,0.));
#5928=CARTESIAN_POINT('',(0.00936354876877584,1.37658582124627E-17,-0.0228023344080109));
#5929=CARTESIAN_POINT('',(0.00940348364848239,6.73569482364552E-5,-0.0229120545882533));
#5930=CARTESIAN_POINT('',(0.00944341841151518,0.000134714487809559,-0.0230217744479371));
#5931=CARTESIAN_POINT('',(0.00948335306270876,0.000202072594216358,-0.0231314940003453));
#5932=CARTESIAN_POINT('',(0.00948335306270879,0.000202072594216371,-0.0231314940003453));
#5933=CARTESIAN_POINT('',(0.,0.000202072594216371,0.));
#5934=CARTESIAN_POINT('',(0.0152907849004319,0.000202072594216371,-0.0197785716655355));
#5935=CARTESIAN_POINT('',(0.0152907849004319,0.000202072594216371,-0.0197785716655355));
#5936=CARTESIAN_POINT('',(0.0152157323063513,0.000134714487809565,-0.0196891274669065));
#5937=CARTESIAN_POINT('',(0.0151406795020818,6.73569482364532E-5,-0.0195996830177841));
#5938=CARTESIAN_POINT('',(0.0150656264785374,5.12712238283352E-18,-0.0195102383073399));
#5939=CARTESIAN_POINT('',(0.0159560371175666,-1.00000000000013E-6,-0.0107133330249198));
#5940=CARTESIAN_POINT('',(0.0240424234477272,0.00373315017762062,-0.0153820103494094));
#5941=CARTESIAN_POINT('',(0.0198531514345966,0.00373315017762061,-0.0129633330249198));
#5942=CARTESIAN_POINT('',(0.0159560371175666,0.00373315017762061,-0.0107133330249198));
#5943=CARTESIAN_POINT('',(0.0198531514345966,-1.00000000000013E-6,-0.0129633330249198));
#5944=CARTESIAN_POINT('',(0.0198531514345966,0.004,-0.0129633330249198));
#5945=CARTESIAN_POINT('',(0.0159560371175666,0.004,-0.0107133330249198));
#5946=CARTESIAN_POINT('',(0.0159560371175666,0.004,-0.0107133330249198));
#5947=CARTESIAN_POINT('',(0.0159560371175666,-1.00000000000013E-6,-0.0107133330249198));
#5948=CARTESIAN_POINT('',(0.0172560371175666,-1.00000000000013E-6,-0.00846166697508025));
#5949=CARTESIAN_POINT('',(0.0253424234477272,0.00373315017762062,-0.0131303442995698));
#5950=CARTESIAN_POINT('',(0.0172560371175666,0.00373315017762062,-0.00846166697508025));
#5951=CARTESIAN_POINT('',(0.0211531514345966,0.00373315017762062,-0.0107116669750803));
#5952=CARTESIAN_POINT('',(0.0172560371175666,-1.00000000000013E-6,-0.00846166697508025));
#5953=CARTESIAN_POINT('',(0.0172560371175666,0.004,-0.00846166697508025));
#5954=CARTESIAN_POINT('',(0.0172560371175666,0.004,-0.00846166697508025));
#5955=CARTESIAN_POINT('',(0.0211531514345966,0.004,-0.0107116669750803));
#5956=CARTESIAN_POINT('',(0.0211531514345966,-1.00000000000013E-6,-0.0107116669750803));
#5957=CARTESIAN_POINT('',(0.,0.,0.));
#5958=CARTESIAN_POINT('',(0.,0.,0.));
#5959=CARTESIAN_POINT('',(0.020179881527707,0.,-0.0128055605706157));
#5960=CARTESIAN_POINT('',(0.0161152149844306,0.,-0.0176496415262629));
#5961=CARTESIAN_POINT('',(0.0234064447147226,0.,-0.0263389907517681));
#5962=CARTESIAN_POINT('',(0.0165977153647754,0.,-0.0182246630879668));
#5963=CARTESIAN_POINT('',(0.,2.14313189850789E-20,0.));
#5964=CARTESIAN_POINT('',(0.0208299525315927,2.14313189850789E-20,-0.0131808792397015));
#5965=CARTESIAN_POINT('',(0.0290765005600074,0.,-0.0179420259637918));
#5966=CARTESIAN_POINT('',(0.,2.14313189850789E-20,0.));
#5967=CARTESIAN_POINT('',(0.0165977153647754,7.49538057850372E-18,-0.0182246630879668));
#5968=CARTESIAN_POINT('',(0.0166727683883198,6.73569482364562E-5,-0.018314107798411));
#5969=CARTESIAN_POINT('',(0.0167478211925893,0.000134714487809568,-0.0184035522475334));
#5970=CARTESIAN_POINT('',(0.0168228737866699,0.000202072594216374,-0.0184929964461624));
#5971=CARTESIAN_POINT('',(0.0168228737866699,0.000202072594216371,-0.0184929964461624));
#5972=CARTESIAN_POINT('',(0.,0.000202072594216371,0.));
#5973=CARTESIAN_POINT('',(0.0211333076527839,0.000202072594216371,-0.0133560214005813));
#5974=CARTESIAN_POINT('',(0.0211333076527839,0.000202072594216371,-0.0133560214005812));
#5975=CARTESIAN_POINT('',(0.0210321895663209,0.000134714487809561,-0.0132976408461418));
#5976=CARTESIAN_POINT('',(0.020931071196671,6.73569482364459E-5,-0.0132392601282044));
#5977=CARTESIAN_POINT('',(0.0208299525315928,-6.16870099770956E-18,-0.0131808792397014));
#5978=CARTESIAN_POINT('',(0.,0.004,0.));
#5979=CARTESIAN_POINT('',(0.,0.0017,0.));
#5980=CARTESIAN_POINT('',(0.,0.0017,-0.025));
#5981=CARTESIAN_POINT('',(0.,0.001,0.));
#5982=CARTESIAN_POINT('',(-0.01682287378667,0.001,-0.0184929964461623));
#5983=CARTESIAN_POINT('',(-0.015290784900432,0.001,-0.0197785716655354));
#5984=CARTESIAN_POINT('',(-0.01682287378667,0.004,-0.0184929964461623));
#5985=CARTESIAN_POINT('',(-0.0231314940003452,0.004,-0.00948335306270902));
#5986=CARTESIAN_POINT('',(-0.0231314940003452,0.001,-0.00948335306270902));
#5987=CARTESIAN_POINT('',(0.,0.001,0.));
#5988=CARTESIAN_POINT('',(-0.0238155342869966,0.001,-0.00760396782113721));
#5989=CARTESIAN_POINT('',(-0.0238155342869966,0.004,-0.00760396782113721));
#5990=CARTESIAN_POINT('',(-0.0238155342869966,0.000202072594216371,-0.00760396782113721));
#5991=CARTESIAN_POINT('',(0.,0.000202072594216371,0.));
#5992=CARTESIAN_POINT('',(-0.0249799919935936,0.000202072594216371,-0.001));
#5993=CARTESIAN_POINT('',(-0.0249799919935936,0.004,-0.001));
#5994=CARTESIAN_POINT('',(-0.0249799919935936,0.001,-0.001));
#5995=CARTESIAN_POINT('',(0.,0.001,0.));
#5996=CARTESIAN_POINT('',(-0.0249799919935936,0.001,0.001));
#5997=CARTESIAN_POINT('',(-0.0249799919935936,0.004,0.001));
#5998=CARTESIAN_POINT('',(-0.0249799919935936,0.000202072594216371,0.001));
#5999=CARTESIAN_POINT('',(0.,0.000202072594216371,0.));
#6000=CARTESIAN_POINT('',(-0.0238155342869967,0.000202072594216371,0.00760396782113689));
#6001=CARTESIAN_POINT('',(-0.0238155342869967,0.004,0.00760396782113689));
#6002=CARTESIAN_POINT('',(-0.0238155342869967,0.001,0.00760396782113689));
#6003=CARTESIAN_POINT('',(0.,0.001,0.));
#6004=CARTESIAN_POINT('',(-0.0231314940003454,0.001,0.00948335306270871));
#6005=CARTESIAN_POINT('',(-0.0231314940003454,0.004,0.00948335306270871));
#6006=CARTESIAN_POINT('',(-0.0231314940003454,0.000202072594216371,0.00948335306270871));
#6007=CARTESIAN_POINT('',(0.,0.000202072594216371,0.));
#6008=CARTESIAN_POINT('',(-0.0197785716655356,0.000202072594216371,0.0152907849004318));
#6009=CARTESIAN_POINT('',(-0.0197785716655356,0.004,0.0152907849004318));
#6010=CARTESIAN_POINT('',(-0.0197785716655356,0.001,0.0152907849004318));
#6011=CARTESIAN_POINT('',(0.,0.001,0.));
#6012=CARTESIAN_POINT('',(-0.0184929964461625,0.001,0.0168228737866698));
#6013=CARTESIAN_POINT('',(-0.0184929964461625,0.004,0.0168228737866698));
#6014=CARTESIAN_POINT('',(-0.0184929964461625,0.000202072594216371,0.0168228737866698));
#6015=CARTESIAN_POINT('',(0.,0.000202072594216371,0.));
#6016=CARTESIAN_POINT('',(-0.0133560214005813,0.000202072594216371,0.0211333076527839));
#6017=CARTESIAN_POINT('',(-0.0133560214005813,0.004,0.0211333076527839));
#6018=CARTESIAN_POINT('',(-0.0133560214005813,0.001,0.0211333076527839));
#6019=CARTESIAN_POINT('',(0.,0.001,0.));
#6020=CARTESIAN_POINT('',(-0.0116239705930125,0.001,0.0221333076527839));
#6021=CARTESIAN_POINT('',(-0.0116239705930125,0.004,0.0221333076527839));
#6022=CARTESIAN_POINT('',(-0.0116239705930125,0.000202072594216371,0.0221333076527839));
#6023=CARTESIAN_POINT('',(0.,0.000202072594216371,0.));
#6024=CARTESIAN_POINT('',(-0.00532253784083434,0.000202072594216371,0.0244268416078069));
#6025=CARTESIAN_POINT('',(-0.00532253784083434,0.004,0.0244268416078069));
#6026=CARTESIAN_POINT('',(-0.00532253784083434,0.001,0.0244268416078069));
#6027=CARTESIAN_POINT('',(0.,0.001,0.));
#6028=CARTESIAN_POINT('',(-0.00335292233480992,0.001,0.0247741379631408));
#6029=CARTESIAN_POINT('',(-0.00335292233480992,0.004,0.0247741379631408));
#6030=CARTESIAN_POINT('',(-0.00335292233480992,0.000202072594216371,0.0247741379631408));
#6031=CARTESIAN_POINT('',(0.,0.000202072594216371,0.));
#6032=CARTESIAN_POINT('',(0.00335292233480976,0.000202072594216371,0.0247741379631408));
#6033=CARTESIAN_POINT('',(0.00335292233480976,0.004,0.0247741379631408));
#6034=CARTESIAN_POINT('',(0.00335292233480976,0.001,0.0247741379631408));
#6035=CARTESIAN_POINT('',(0.,0.001,0.));
#6036=CARTESIAN_POINT('',(0.00532253784083417,0.001,0.0244268416078069));
#6037=CARTESIAN_POINT('',(0.00532253784083417,0.004,0.0244268416078069));
#6038=CARTESIAN_POINT('',(0.00532253784083417,0.000202072594216371,0.0244268416078069));
#6039=CARTESIAN_POINT('',(0.,0.000202072594216371,0.));
#6040=CARTESIAN_POINT('',(0.0116239705930123,0.000202072594216371,0.022133307652784));
#6041=CARTESIAN_POINT('',(0.0116239705930123,0.004,0.022133307652784));
#6042=CARTESIAN_POINT('',(0.0116239705930123,0.001,0.022133307652784));
#6043=CARTESIAN_POINT('',(0.,0.001,0.));
#6044=CARTESIAN_POINT('',(0.0133560214005812,0.001,0.021133307652784));
#6045=CARTESIAN_POINT('',(0.0133560214005812,0.004,0.021133307652784));
#6046=CARTESIAN_POINT('',(0.0133560214005812,0.000202072594216371,0.021133307652784));
#6047=CARTESIAN_POINT('',(0.,0.000202072594216371,0.));
#6048=CARTESIAN_POINT('',(0.0184929964461624,0.000202072594216371,0.0168228737866699));
#6049=CARTESIAN_POINT('',(0.0184929964461624,0.004,0.0168228737866699));
#6050=CARTESIAN_POINT('',(0.0184929964461624,0.001,0.0168228737866699));
#6051=CARTESIAN_POINT('',(0.,0.001,0.));
#6052=CARTESIAN_POINT('',(0.0197785716655355,0.001,0.015290784900432));
#6053=CARTESIAN_POINT('',(0.0197785716655355,0.004,0.015290784900432));
#6054=CARTESIAN_POINT('',(0.0197785716655355,0.000202072594216371,0.015290784900432));
#6055=CARTESIAN_POINT('',(0.,0.000202072594216371,0.));
#6056=CARTESIAN_POINT('',(0.0231314940003453,0.000202072594216371,0.00948335306270886));
#6057=CARTESIAN_POINT('',(0.0231314940003453,0.004,0.00948335306270886));
#6058=CARTESIAN_POINT('',(0.0231314940003453,0.001,0.00948335306270886));
#6059=CARTESIAN_POINT('',(0.,0.001,0.));
#6060=CARTESIAN_POINT('',(0.0238155342869966,0.001,0.00760396782113705));
#6061=CARTESIAN_POINT('',(0.0238155342869966,0.004,0.00760396782113705));
#6062=CARTESIAN_POINT('',(0.0238155342869966,0.000202072594216371,0.00760396782113705));
#6063=CARTESIAN_POINT('',(0.,0.000202072594216371,0.));
#6064=CARTESIAN_POINT('',(0.0249799919935936,0.000202072594216371,0.001));
#6065=CARTESIAN_POINT('',(0.0249799919935936,0.004,0.001));
#6066=CARTESIAN_POINT('',(0.0249799919935936,0.001,0.001));
#6067=CARTESIAN_POINT('',(0.,0.001,0.));
#6068=CARTESIAN_POINT('',(0.0249799919935936,0.001,-0.001));
#6069=CARTESIAN_POINT('',(0.0249799919935936,0.004,-0.001));
#6070=CARTESIAN_POINT('',(0.0249799919935936,0.000202072594216371,-0.001));
#6071=CARTESIAN_POINT('',(0.,0.000202072594216371,0.));
#6072=CARTESIAN_POINT('',(0.0221333076527839,0.000202072594216371,-0.0116239705930124));
#6073=CARTESIAN_POINT('',(0.0221333076527839,0.004,-0.0116239705930124));
#6074=CARTESIAN_POINT('',(0.0221333076527839,0.001,-0.0116239705930124));
#6075=CARTESIAN_POINT('',(0.,0.001,0.));
#6076=CARTESIAN_POINT('',(0.0211333076527839,0.001,-0.0133560214005813));
#6077=CARTESIAN_POINT('',(0.0211333076527839,0.004,-0.0133560214005813));
#6078=CARTESIAN_POINT('',(0.0168228737866699,0.004,-0.0184929964461624));
#6079=CARTESIAN_POINT('',(0.0168228737866699,0.001,-0.0184929964461624));
#6080=CARTESIAN_POINT('',(0.,0.001,0.));
#6081=CARTESIAN_POINT('',(0.0152907849004319,0.001,-0.0197785716655355));
#6082=CARTESIAN_POINT('',(0.0152907849004319,0.004,-0.0197785716655355));
#6083=CARTESIAN_POINT('',(0.00948335306270879,0.004,-0.0231314940003453));
#6084=CARTESIAN_POINT('',(0.00948335306270879,0.001,-0.0231314940003453));
#6085=CARTESIAN_POINT('',(0.,0.001,0.));
#6086=CARTESIAN_POINT('',(0.00760396782113697,0.001,-0.0238155342869967));
#6087=CARTESIAN_POINT('',(0.00760396782113697,0.004,-0.0238155342869967));
#6088=CARTESIAN_POINT('',(0.000999999999999918,0.004,-0.0249799919935936));
#6089=CARTESIAN_POINT('',(0.000999999999999918,0.001,-0.0249799919935936));
#6090=CARTESIAN_POINT('',(0.,0.001,0.));
#6091=CARTESIAN_POINT('',(-0.00100000000000008,0.001,-0.0249799919935936));
#6092=CARTESIAN_POINT('',(-0.00100000000000008,0.004,-0.0249799919935936));
#6093=CARTESIAN_POINT('',(-0.00760396782113713,0.004,-0.0238155342869966));
#6094=CARTESIAN_POINT('',(-0.00760396782113713,0.001,-0.0238155342869966));
#6095=CARTESIAN_POINT('',(0.,0.001,0.));
#6096=CARTESIAN_POINT('',(-0.00948335306270894,0.001,-0.0231314940003453));
#6097=CARTESIAN_POINT('',(-0.00948335306270894,0.004,-0.0231314940003453));
#6098=CARTESIAN_POINT('',(-0.015290784900432,0.004,-0.0197785716655354));
#6099=CARTESIAN_POINT('',(0.,0.,0.));
#6100=CARTESIAN_POINT('',(0.,0.,0.));
#6101=CARTESIAN_POINT('',(0.0238790703336625,0.,-0.001));
#6102=CARTESIAN_POINT('',(0.0211798815277071,0.,-0.0110735097630468));
#6103=CARTESIAN_POINT('',(0.0300765005600074,0.,-0.016209975156223));
#6104=CARTESIAN_POINT('',(0.0218299525315927,0.,-0.0114488284321326));
#6105=CARTESIAN_POINT('',(0.,2.14313189850789E-20,0.));
#6106=CARTESIAN_POINT('',(0.024629707671834,2.14313189850789E-20,-0.001));
#6107=CARTESIAN_POINT('',(0.025001,0.,-0.001));
#6108=CARTESIAN_POINT('',(0.,0.,0.));
#6109=CARTESIAN_POINT('',(-0.0304536252194211,0.,-0.0100200353328922));
#6110=CARTESIAN_POINT('',(-0.0234863746946621,2.14313189850789E-20,-0.00748416352720426));
#6111=CARTESIAN_POINT('',(-0.0227810063270959,0.,-0.00722743043721723));
#6112=CARTESIAN_POINT('',(0.,0.,0.));
#6113=CARTESIAN_POINT('',(-0.0238790703336625,0.,-0.001));
#6114=CARTESIAN_POINT('',(-0.025001,0.,-0.001));
#6115=CARTESIAN_POINT('',(-0.024629707671834,2.14313189850789E-20,-0.001));
#6116=CARTESIAN_POINT('',(0.,2.14313189850789E-20,0.));
#6117=CARTESIAN_POINT('',(0.,0.0715994082814339,0.));
#6118=CARTESIAN_POINT('',(-0.0161152149844307,0.0715994082814339,-0.0176496415262628));
#6119=CARTESIAN_POINT('',(-0.0161152149844307,0.001,-0.0176496415262628));
#6120=CARTESIAN_POINT('',(0.,0.001,0.));
#6121=CARTESIAN_POINT('',(-0.0145831260981928,0.001,-0.0189352167456359));
#6122=CARTESIAN_POINT('',(-0.0145831260981928,0.0715994082814339,-0.0189352167456359));
#6123=CARTESIAN_POINT('',(-0.00910681567878897,0.0715994082814339,-0.0220969660404446));
#6124=CARTESIAN_POINT('',(-0.00910681567878897,0.001,-0.0220969660404446));
#6125=CARTESIAN_POINT('',(0.,0.001,0.));
#6126=CARTESIAN_POINT('',(-0.00722743043721715,0.001,-0.022781006327096));
#6127=CARTESIAN_POINT('',(-0.00722743043721715,0.0715994082814339,-0.022781006327096));
#6128=CARTESIAN_POINT('',(-0.00100000000000008,0.0715994082814339,-0.0238790703336625));
#6129=CARTESIAN_POINT('',(-0.00100000000000008,0.001,-0.0238790703336625));
#6130=CARTESIAN_POINT('',(0.,0.001,0.));
#6131=CARTESIAN_POINT('',(0.000999999999999922,0.001,-0.0238790703336625));
#6132=CARTESIAN_POINT('',(0.000999999999999922,0.0715994082814339,-0.0238790703336625));
#6133=CARTESIAN_POINT('',(0.007227430437217,0.0715994082814339,-0.022781006327096));
#6134=CARTESIAN_POINT('',(0.00722743043721701,0.001,-0.022781006327096));
#6135=CARTESIAN_POINT('',(0.,0.001,0.));
#6136=CARTESIAN_POINT('',(0.00910681567878882,0.001,-0.0220969660404447));
#6137=CARTESIAN_POINT('',(0.00910681567878882,0.0715994082814339,-0.0220969660404447));
#6138=CARTESIAN_POINT('',(0.0145831260981926,0.0715994082814339,-0.018935216745636));
#6139=CARTESIAN_POINT('',(0.0145831260981927,0.001,-0.018935216745636));
#6140=CARTESIAN_POINT('',(0.,0.001,0.));
#6141=CARTESIAN_POINT('',(0.0161152149844306,0.001,-0.0176496415262629));
#6142=CARTESIAN_POINT('',(0.0161152149844306,0.0715994082814339,-0.0176496415262629));
#6143=CARTESIAN_POINT('',(0.020179881527707,0.0715994082814339,-0.0128055605706157));
#6144=CARTESIAN_POINT('',(0.020179881527707,0.001,-0.0128055605706157));
#6145=CARTESIAN_POINT('',(0.,0.001,0.));
#6146=CARTESIAN_POINT('',(0.021179881527707,0.001,-0.0110735097630468));
#6147=CARTESIAN_POINT('',(0.021179881527707,0.0715994082814339,-0.0110735097630468));
#6148=CARTESIAN_POINT('',(0.0238790703336625,0.0715994082814339,-0.000999999999999985));
#6149=CARTESIAN_POINT('',(0.0238790703336625,0.001,-0.001));
#6150=CARTESIAN_POINT('',(0.,0.001,0.));
#6151=CARTESIAN_POINT('',(0.0238790703336625,0.001,0.001));
#6152=CARTESIAN_POINT('',(0.0238790703336625,0.0715994082814339,0.000999999999999985));
#6153=CARTESIAN_POINT('',(0.0238790703336625,0.,0.001));
#6154=CARTESIAN_POINT('',(0.,0.,0.));
#6155=CARTESIAN_POINT('',(0.022781006327096,0.,0.00722743043721708));
#6156=CARTESIAN_POINT('',(0.022781006327096,0.0715994082814339,0.00722743043721709));
#6157=CARTESIAN_POINT('',(0.022781006327096,0.001,0.00722743043721708));
#6158=CARTESIAN_POINT('',(0.,0.001,0.));
#6159=CARTESIAN_POINT('',(0.0220969660404447,0.001,0.00910681567878889));
#6160=CARTESIAN_POINT('',(0.0220969660404447,0.0715994082814339,0.00910681567878888));
#6161=CARTESIAN_POINT('',(0.0220969660404447,0.,0.00910681567878889));
#6162=CARTESIAN_POINT('',(0.,0.,0.));
#6163=CARTESIAN_POINT('',(0.0189352167456359,0.,0.0145831260981927));
#6164=CARTESIAN_POINT('',(0.0189352167456359,0.0715994082814339,0.0145831260981927));
#6165=CARTESIAN_POINT('',(0.0189352167456359,0.001,0.0145831260981927));
#6166=CARTESIAN_POINT('',(0.,0.001,0.));
#6167=CARTESIAN_POINT('',(0.0176496415262628,0.001,0.0161152149844307));
#6168=CARTESIAN_POINT('',(0.0176496415262628,0.0715994082814339,0.0161152149844307));
#6169=CARTESIAN_POINT('',(0.0176496415262628,0.,0.0161152149844307));
#6170=CARTESIAN_POINT('',(0.,0.,0.));
#6171=CARTESIAN_POINT('',(0.0128055605706156,0.,0.0201798815277071));
#6172=CARTESIAN_POINT('',(0.0128055605706156,0.0715994082814339,0.0201798815277071));
#6173=CARTESIAN_POINT('',(0.0128055605706156,0.001,0.0201798815277071));
#6174=CARTESIAN_POINT('',(0.,0.001,0.));
#6175=CARTESIAN_POINT('',(0.0110735097630468,0.001,0.0211798815277071));
#6176=CARTESIAN_POINT('',(0.0110735097630468,0.0715994082814339,0.0211798815277071));
#6177=CARTESIAN_POINT('',(0.0110735097630468,0.,0.0211798815277071));
#6178=CARTESIAN_POINT('',(0.,0.,0.));
#6179=CARTESIAN_POINT('',(0.00513136480083309,0.,0.0233426454216477));
#6180=CARTESIAN_POINT('',(0.00513136480083307,0.0715994082814339,0.0233426454216477));
#6181=CARTESIAN_POINT('',(0.00513136480083309,0.001,0.0233426454216477));
#6182=CARTESIAN_POINT('',(0.,0.001,0.));
#6183=CARTESIAN_POINT('',(0.00316174929480867,0.001,0.0236899417769816));
#6184=CARTESIAN_POINT('',(0.00316174929480868,0.0715994082814339,0.0236899417769816));
#6185=CARTESIAN_POINT('',(0.00316174929480867,1.38777878078145E-17,0.0236899417769816));
#6186=CARTESIAN_POINT('',(0.,0.,0.));
#6187=CARTESIAN_POINT('',(-0.00316174929480883,0.,0.0236899417769816));
#6188=CARTESIAN_POINT('',(-0.00316174929480885,0.0715994082814339,0.0236899417769816));
#6189=CARTESIAN_POINT('',(-0.00316174929480883,0.001,0.0236899417769816));
#6190=CARTESIAN_POINT('',(0.,0.001,0.));
#6191=CARTESIAN_POINT('',(-0.00513136480083324,0.001,0.0233426454216477));
#6192=CARTESIAN_POINT('',(-0.00513136480083323,0.0715994082814339,0.0233426454216477));
#6193=CARTESIAN_POINT('',(-0.00513136480083324,1.38777878078145E-17,0.0233426454216477));
#6194=CARTESIAN_POINT('',(0.,0.,0.));
#6195=CARTESIAN_POINT('',(-0.0110735097630469,0.,0.021179881527707));
#6196=CARTESIAN_POINT('',(-0.0110735097630469,0.0715994082814339,0.021179881527707));
#6197=CARTESIAN_POINT('',(-0.0110735097630469,0.001,0.021179881527707));
#6198=CARTESIAN_POINT('',(0.,0.001,0.));
#6199=CARTESIAN_POINT('',(-0.0128055605706158,0.001,0.020179881527707));
#6200=CARTESIAN_POINT('',(-0.0128055605706158,0.0715994082814339,0.020179881527707));
#6201=CARTESIAN_POINT('',(-0.0128055605706158,0.,0.020179881527707));
#6202=CARTESIAN_POINT('',(0.,0.,0.));
#6203=CARTESIAN_POINT('',(-0.0176496415262629,0.,0.0161152149844305));
#6204=CARTESIAN_POINT('',(-0.0176496415262629,0.0715994082814339,0.0161152149844305));
#6205=CARTESIAN_POINT('',(-0.0176496415262629,0.001,0.0161152149844305));
#6206=CARTESIAN_POINT('',(0.,0.001,0.));
#6207=CARTESIAN_POINT('',(-0.018935216745636,0.001,0.0145831260981926));
#6208=CARTESIAN_POINT('',(-0.018935216745636,0.0715994082814339,0.0145831260981926));
#6209=CARTESIAN_POINT('',(-0.018935216745636,0.,0.0145831260981926));
#6210=CARTESIAN_POINT('',(0.,0.,0.));
#6211=CARTESIAN_POINT('',(-0.0220969660404447,0.,0.00910681567878874));
#6212=CARTESIAN_POINT('',(-0.0220969660404447,0.0715994082814339,0.00910681567878873));
#6213=CARTESIAN_POINT('',(-0.0220969660404447,0.001,0.00910681567878874));
#6214=CARTESIAN_POINT('',(0.,0.001,0.));
#6215=CARTESIAN_POINT('',(-0.022781006327096,0.001,0.00722743043721692));
#6216=CARTESIAN_POINT('',(-0.022781006327096,0.0715994082814339,0.00722743043721693));
#6217=CARTESIAN_POINT('',(-0.022781006327096,0.,0.00722743043721692));
#6218=CARTESIAN_POINT('',(0.,0.,0.));
#6219=CARTESIAN_POINT('',(-0.0238790703336625,0.,0.001));
#6220=CARTESIAN_POINT('',(-0.0238790703336625,0.0715994082814339,0.000999999999999985));
#6221=CARTESIAN_POINT('',(-0.0238790703336625,0.001,0.001));
#6222=CARTESIAN_POINT('',(0.,0.001,0.));
#6223=CARTESIAN_POINT('',(-0.0238790703336625,0.001,-0.001));
#6224=CARTESIAN_POINT('',(-0.0238790703336625,0.0715994082814339,-0.000999999999999985));
#6225=CARTESIAN_POINT('',(-0.0227810063270959,0.0715994082814339,-0.00722743043721724));
#6226=CARTESIAN_POINT('',(-0.0227810063270959,0.001,-0.00722743043721723));
#6227=CARTESIAN_POINT('',(0.,0.001,0.));
#6228=CARTESIAN_POINT('',(-0.0220969660404446,0.001,-0.00910681567878904));
#6229=CARTESIAN_POINT('',(-0.0220969660404446,0.0715994082814339,-0.00910681567878902));
#6230=CARTESIAN_POINT('',(0.,0.003,0.));
#6231=CARTESIAN_POINT('',(0.,0.003,0.0239));
#6232=CARTESIAN_POINT('',(0.,2.14313189850789E-20,0.));
#6233=CARTESIAN_POINT('',(0.0218299525315927,-1.44607874326026E-17,-0.0114488284321326));
#6234=CARTESIAN_POINT('',(0.0219310711966709,6.73569482364377E-5,-0.0115072093206356));
#6235=CARTESIAN_POINT('',(0.0220321895663208,0.000134714487809554,-0.011565590038573));
#6236=CARTESIAN_POINT('',(0.0221333076527839,0.000202072594216364,-0.0116239705930124));
#6237=CARTESIAN_POINT('',(0.024629707671834,-1.1658064628341E-17,-0.001));
#6238=CARTESIAN_POINT('',(0.0247464694488529,6.73569482438665E-5,-0.001));
#6239=CARTESIAN_POINT('',(0.0248632308847275,0.000134714487816882,-0.001));
#6240=CARTESIAN_POINT('',(0.0249799919935936,0.000202072594216376,-0.001));
#6241=CARTESIAN_POINT('',(0.,2.14313189850789E-20,0.));
#6242=CARTESIAN_POINT('',(-0.0234863746946621,-1.06998969485247E-17,-0.00748416352720428));
#6243=CARTESIAN_POINT('',(-0.0235960948749045,6.73569482364448E-5,-0.00752409840691085));
#6244=CARTESIAN_POINT('',(-0.0237058147345884,0.000134714487809563,-0.00756403316994364));
#6245=CARTESIAN_POINT('',(-0.0238155342869966,0.000202072594216376,-0.00760396782113724));
#6246=CARTESIAN_POINT('',(-0.0249799919935936,0.000202072594216375,-0.001));
#6247=CARTESIAN_POINT('',(-0.0248632308847199,0.000134714487812511,-0.001));
#6248=CARTESIAN_POINT('',(-0.0247464694488278,6.73569482294162E-5,-0.001));
#6249=CARTESIAN_POINT('',(-0.024629707671834,-1.07966186082126E-17,-0.001));
#6250=CARTESIAN_POINT('',(0.,0.,0.));
#6251=CARTESIAN_POINT('',(-0.025001,0.,0.001));
#6252=CARTESIAN_POINT('',(-0.024629707671834,2.14313189850789E-20,0.001));
#6253=CARTESIAN_POINT('',(-0.030453625219421,0.,0.0100200353328917));
#6254=CARTESIAN_POINT('',(-0.0234863746946622,2.14313189850789E-20,0.00748416352720394));
#6255=CARTESIAN_POINT('',(0.,2.14313189850789E-20,0.));
#6256=CARTESIAN_POINT('',(0.,2.14313189850789E-20,0.));
#6257=CARTESIAN_POINT('',(-0.024629707671834,-1.22758570122448E-17,0.001));
#6258=CARTESIAN_POINT('',(-0.0247464694488278,6.73569482294149E-5,0.001));
#6259=CARTESIAN_POINT('',(-0.0248632308847199,0.00013471448781251,0.001));
#6260=CARTESIAN_POINT('',(-0.0249799919935936,0.000202072594216374,0.001));
#6261=CARTESIAN_POINT('',(-0.0238155342869967,0.000202072594216376,0.00760396782113692));
#6262=CARTESIAN_POINT('',(-0.0237058147345885,0.000134714487809563,0.00756403316994332));
#6263=CARTESIAN_POINT('',(-0.0235960948749046,6.73569482364445E-5,0.00752409840691052));
#6264=CARTESIAN_POINT('',(-0.0234863746946622,-1.10721165471799E-17,0.00748416352720396));
#6265=CARTESIAN_POINT('',(0.,0.,0.));
#6266=CARTESIAN_POINT('',(-0.0297695849327697,0.,0.0118994205744635));
#6267=CARTESIAN_POINT('',(-0.0228023344080109,2.14313189850789E-20,0.00936354876877577));
#6268=CARTESIAN_POINT('',(-0.0276245659711412,0.,0.0218743558284845));
#6269=CARTESIAN_POINT('',(-0.0195102383073399,2.14313189850789E-20,0.0150656264785373));
#6270=CARTESIAN_POINT('',(0.,2.14313189850789E-20,0.));
#6271=CARTESIAN_POINT('',(0.,2.14313189850789E-20,0.));
#6272=CARTESIAN_POINT('',(-0.0228023344080109,1.58420758353401E-18,0.00936354876877577));
#6273=CARTESIAN_POINT('',(-0.0229120545882533,6.73569482364565E-5,0.00940348364848233));
#6274=CARTESIAN_POINT('',(-0.0230217744479372,0.000134714487809575,0.00944341841151512));
#6275=CARTESIAN_POINT('',(-0.0231314940003454,0.000202072594216387,0.00948335306270872));
#6276=CARTESIAN_POINT('',(-0.0197785716655356,0.000202072594216377,0.0152907849004318));
#6277=CARTESIAN_POINT('',(-0.0196891274669065,0.00013471448780956,0.0152157323063513));
#6278=CARTESIAN_POINT('',(-0.0195996830177841,6.73569482364375E-5,0.0151406795020818));
#6279=CARTESIAN_POINT('',(-0.0195102383073399,-2.17832848530381E-17,0.0150656264785373));
#6280=CARTESIAN_POINT('',(0.,0.,0.));
#6281=CARTESIAN_POINT('',(-0.0263389907517681,0.,0.0234064447147225));
#6282=CARTESIAN_POINT('',(-0.0182246630879669,2.14313189850789E-20,0.0165977153647753));
#6283=CARTESIAN_POINT('',(-0.017942025963792,0.,0.0290765005600073));
#6284=CARTESIAN_POINT('',(-0.0131808792397015,2.14313189850789E-20,0.0208299525315927));
#6285=CARTESIAN_POINT('',(0.,2.14313189850789E-20,0.));
#6286=CARTESIAN_POINT('',(0.,2.14313189850789E-20,0.));
#6287=CARTESIAN_POINT('',(-0.0182246630879669,1.41477540028663E-17,0.0165977153647754));
#6288=CARTESIAN_POINT('',(-0.018314107798411,6.73569482364621E-5,0.0166727683883198));
#6289=CARTESIAN_POINT('',(-0.0184035522475335,0.000134714487809573,0.0167478211925893));
#6290=CARTESIAN_POINT('',(-0.0184929964461625,0.000202072594216379,0.0168228737866698));
#6291=CARTESIAN_POINT('',(-0.0133560214005814,0.000202072594216374,0.0211333076527838));
#6292=CARTESIAN_POINT('',(-0.013297640846142,0.000134714487809564,0.0210321895663208));
#6293=CARTESIAN_POINT('',(-0.0132392601282046,6.73569482364491E-5,0.0209310711966709));
#6294=CARTESIAN_POINT('',(-0.0131808792397016,-3.40079678413187E-18,0.0208299525315926));
#6295=CARTESIAN_POINT('',(0.,0.,0.));
#6296=CARTESIAN_POINT('',(-0.0162099751562231,0.,0.0300765005600073));
#6297=CARTESIAN_POINT('',(-0.0114488284321327,2.14313189850789E-20,0.0218299525315927));
#6298=CARTESIAN_POINT('',(-0.0060141029485206,0.,0.0283489022301099));
#6299=CARTESIAN_POINT('',(-0.00526171160669549,2.14313189850789E-20,0.0240818788919795));
#6300=CARTESIAN_POINT('',(0.,2.14313189850789E-20,0.));
#6301=CARTESIAN_POINT('',(0.,2.14313189850789E-20,0.));
#6302=CARTESIAN_POINT('',(-0.0114488284321327,5.94478302846579E-18,0.0218299525315927));
#6303=CARTESIAN_POINT('',(-0.0115072093206357,6.73569482364581E-5,0.0219310711966709));
#6304=CARTESIAN_POINT('',(-0.0115655900385731,0.000134714487809574,0.0220321895663208));
#6305=CARTESIAN_POINT('',(-0.0116239705930125,0.000202072594216384,0.0221333076527839));
#6306=CARTESIAN_POINT('',(-0.00532253784083433,0.000202072594216369,0.0244268416078069));
#6307=CARTESIAN_POINT('',(-0.00530226248705516,0.000134714487809568,0.0243118543625328));
#6308=CARTESIAN_POINT('',(-0.00528198707649374,6.7356948236461E-5,0.0241968667952305));
#6309=CARTESIAN_POINT('',(-0.00526171160669549,1.7383898398512E-17,0.0240818788919795));
#6310=CARTESIAN_POINT('',(0.,0.,0.));
#6311=CARTESIAN_POINT('',(-0.00404448744249619,0.,0.0286961985854438));
#6312=CARTESIAN_POINT('',(-0.00329209610067107,2.14313189850789E-20,0.0244291752473133));
#6313=CARTESIAN_POINT('',(0.00404448744249597,0.,0.0286961985854437));
#6314=CARTESIAN_POINT('',(0.00329209610067091,2.14313189850789E-20,0.0244291752473134));
#6315=CARTESIAN_POINT('',(0.,2.14313189850789E-20,0.));
#6316=CARTESIAN_POINT('',(0.,2.14313189850789E-20,0.));
#6317=CARTESIAN_POINT('',(-0.00329209610067107,-1.30915759820617E-17,0.0244291752473133));
#6318=CARTESIAN_POINT('',(-0.00331237157046932,6.73569482364452E-5,0.0245441631505643));
#6319=CARTESIAN_POINT('',(-0.00333264698103075,0.000134714487809567,0.0246591507178666));
#6320=CARTESIAN_POINT('',(-0.00335292233480992,0.000202072594216383,0.0247741379631408));
#6321=CARTESIAN_POINT('',(0.00335292233480975,0.000202072594216374,0.0247741379631408));
#6322=CARTESIAN_POINT('',(0.00333264698103058,0.000134714487809572,0.0246591507178667));
#6323=CARTESIAN_POINT('',(0.00331237157046916,6.73569482364653E-5,0.0245441631505644));
#6324=CARTESIAN_POINT('',(0.00329209610067091,2.13330455737109E-17,0.0244291752473134));
#6325=CARTESIAN_POINT('',(0.,0.,0.));
#6326=CARTESIAN_POINT('',(0.00601410294852039,0.,0.0283489022301098));
#6327=CARTESIAN_POINT('',(0.00526171160669533,2.14313189850789E-20,0.0240818788919795));
#6328=CARTESIAN_POINT('',(0.0162099751562229,0.,0.0300765005600074));
#6329=CARTESIAN_POINT('',(0.0114488284321325,2.14313189850789E-20,0.0218299525315928));
#6330=CARTESIAN_POINT('',(0.,2.14313189850789E-20,0.));
#6331=CARTESIAN_POINT('',(0.,2.14313189850789E-20,0.));
#6332=CARTESIAN_POINT('',(0.00526171160669533,2.00352048999562E-18,0.0240818788919795));
#6333=CARTESIAN_POINT('',(0.00528198707649358,6.73569482364452E-5,0.0241968667952305));
#6334=CARTESIAN_POINT('',(0.005302262487055,0.000134714487809551,0.0243118543625328));
#6335=CARTESIAN_POINT('',(0.00532253784083417,0.000202072594216352,0.0244268416078069));
#6336=CARTESIAN_POINT('',(0.0116239705930123,0.000202072594216381,0.022133307652784));
#6337=CARTESIAN_POINT('',(0.0115655900385729,0.000134714487809571,0.0220321895663209));
#6338=CARTESIAN_POINT('',(0.0115072093206356,6.73569482364559E-5,0.021931071196671));
#6339=CARTESIAN_POINT('',(0.0114488284321325,3.69069121904879E-18,0.0218299525315928));
#6340=CARTESIAN_POINT('',(0.,0.,0.));
#6341=CARTESIAN_POINT('',(0.0179420259637917,0.,0.0290765005600074));
#6342=CARTESIAN_POINT('',(0.0131808792397014,2.14313189850789E-20,0.0208299525315928));
#6343=CARTESIAN_POINT('',(0.026338990751768,0.,0.0234064447147227));
#6344=CARTESIAN_POINT('',(0.0182246630879668,2.14313189850789E-20,0.0165977153647754));
#6345=CARTESIAN_POINT('',(0.,2.14313189850789E-20,0.));
#6346=CARTESIAN_POINT('',(0.,2.14313189850789E-20,0.));
#6347=CARTESIAN_POINT('',(0.0131808792397014,5.65874420713662E-18,0.0208299525315928));
#6348=CARTESIAN_POINT('',(0.0132392601282044,6.73569482364578E-5,0.020931071196671));
#6349=CARTESIAN_POINT('',(0.0132976408461418,0.000134714487809573,0.0210321895663209));
#6350=CARTESIAN_POINT('',(0.0133560214005812,0.000202072594216383,0.021133307652784));
#6351=CARTESIAN_POINT('',(0.0184929964461624,0.000202072594216374,0.01682287378667));
#6352=CARTESIAN_POINT('',(0.0184035522475333,0.000134714487809569,0.0167478211925894));
#6353=CARTESIAN_POINT('',(0.0183141077984109,6.73569482364582E-5,0.0166727683883199));
#6354=CARTESIAN_POINT('',(0.0182246630879667,1.06608774768739E-17,0.0165977153647755));
#6355=CARTESIAN_POINT('',(0.,0.,0.));
#6356=CARTESIAN_POINT('',(0.0276245659711411,0.,0.0218743558284847));
#6357=CARTESIAN_POINT('',(0.0195102383073398,2.14313189850789E-20,0.0150656264785375));
#6358=CARTESIAN_POINT('',(0.0297695849327697,0.,0.0118994205744637));
#6359=CARTESIAN_POINT('',(0.0228023344080108,2.14313189850789E-20,0.00936354876877592));
#6360=CARTESIAN_POINT('',(0.,2.14313189850789E-20,0.));
#6361=CARTESIAN_POINT('',(0.,2.14313189850789E-20,0.));
#6362=CARTESIAN_POINT('',(0.0195102383073398,-2.463019913862E-18,0.0150656264785374));
#6363=CARTESIAN_POINT('',(0.019599683017784,6.73569482364569E-5,0.0151406795020819));
#6364=CARTESIAN_POINT('',(0.0196891274669065,0.000134714487809581,0.0152157323063514));
#6365=CARTESIAN_POINT('',(0.0197785716655355,0.000202072594216398,0.015290784900432));
#6366=CARTESIAN_POINT('',(0.0231314940003453,0.000202072594216371,0.00948335306270884));
#6367=CARTESIAN_POINT('',(0.0230217744479371,0.000134714487809558,0.00944341841151524));
#6368=CARTESIAN_POINT('',(0.0229120545882532,6.73569482364382E-5,0.00940348364848245));
#6369=CARTESIAN_POINT('',(0.0228023344080108,-1.71002935542954E-17,0.00936354876877589));
#6370=CARTESIAN_POINT('',(0.,0.,0.));
#6371=CARTESIAN_POINT('',(0.030453625219421,0.,0.0100200353328919));
#6372=CARTESIAN_POINT('',(0.0234863746946622,2.14313189850789E-20,0.00748416352720411));
#6373=CARTESIAN_POINT('',(0.025001,0.,0.001));
#6374=CARTESIAN_POINT('',(0.024629707671834,2.14313189850789E-20,0.001));
#6375=CARTESIAN_POINT('',(0.,2.14313189850789E-20,0.));
#6376=CARTESIAN_POINT('',(0.,2.14313189850789E-20,0.));
#6377=CARTESIAN_POINT('',(0.0234863746946622,1.2050469053119E-17,0.00748416352720411));
#6378=CARTESIAN_POINT('',(0.0235960948749046,6.73569482364532E-5,0.00752409840691066));
#6379=CARTESIAN_POINT('',(0.0237058147345884,0.000134714487809558,0.00756403316994345));
#6380=CARTESIAN_POINT('',(0.0238155342869966,0.000202072594216357,0.00760396782113704));
#6381=CARTESIAN_POINT('',(0.0249799919935936,0.000202072594216376,0.001));
#6382=CARTESIAN_POINT('',(0.0248632308847275,0.000134714487816882,0.001));
#6383=CARTESIAN_POINT('',(0.0247464694488529,6.73569482438668E-5,0.001));
#6384=CARTESIAN_POINT('',(0.024629707671834,-1.14338679021731E-17,0.001));
#6385=CARTESIAN_POINT('',(0.,0.004,0.));
#6386=CARTESIAN_POINT('',(0.,0.003,0.));
#6387=CARTESIAN_POINT('',(0.,0.003,0.025));
#6388=CARTESIAN_POINT('',(0.,0.0022,0.));
#6389=CARTESIAN_POINT('',(0.,0.0022,-0.025));
#6390=CARTESIAN_POINT('',(0.,0.004,0.));
#6391=CARTESIAN_POINT('',(0.,0.004,0.));
#6392=CARTESIAN_POINT('',(-0.0160553800680641,0.004,-0.0112420981524806));
#6393=CARTESIAN_POINT('',(0.,0.004,0.));
#6394=CARTESIAN_POINT('',(0.0189321461952657,0.004,-0.00507285328400942));
#6395=CARTESIAN_POINT('',(-0.0133213101917941,0.004,-0.0138532783042138));
#6396=CARTESIAN_POINT('',(-0.0162138544353836,0.004,-0.0173004782982492));
#6397=CARTESIAN_POINT('',(-0.00777983665529146,0.004,-0.0175739798172464));
#6398=CARTESIAN_POINT('',(-0.00931892730025699,0.004,-0.021802596610783));
#6399=CARTESIAN_POINT('',(-0.00130000000000007,0.004,-0.019175));
#6400=CARTESIAN_POINT('',(-0.00130000000000009,0.004,-0.023675));
#6401=CARTESIAN_POINT('',(0.00533663584124796,0.004,-0.0184632321898932));
#6402=CARTESIAN_POINT('',(0.00687572648621346,0.004,-0.0226918489834298));
#6403=CARTESIAN_POINT('',(0.0113295946396847,0.004,-0.0155245260893989));
#6404=CARTESIAN_POINT('',(0.0142221388832741,0.004,-0.0189717260834343));
#6405=CARTESIAN_POINT('',(0.0159560371175666,0.004,-0.0107133330249198));
#6406=CARTESIAN_POINT('',(0.0198531514345966,0.004,-0.0129633330249198));
#6407=CARTESIAN_POINT('',(0.,0.,0.));
#6408=CARTESIAN_POINT('',(0.,0.003,0.));
#6409=CARTESIAN_POINT('',(0.,0.003,0.0183));
#6410=CARTESIAN_POINT('',(0.025,0.0017,0.));
#6411=CARTESIAN_POINT('',(0.,0.0017,0.));
#6412=CARTESIAN_POINT('',(0.,0.0017,-0.0245));
#6413=CARTESIAN_POINT('',(0.,0.,0.));
#6414=CARTESIAN_POINT('',(0.,0.0022,0.));
#6415=CARTESIAN_POINT('',(0.,0.0022,-0.0245));
#6416=CARTESIAN_POINT('',(0.025,0.0022,0.));
#6417=CARTESIAN_POINT('',(0.,0.003,0.));
#6418=CARTESIAN_POINT('',(0.0189321461952657,0.003,-0.00507285328400942));
#6419=CARTESIAN_POINT('',(0.0189321461952657,0.003,-0.00437285328400943));
#6420=CARTESIAN_POINT('',(-0.0160553800680641,0.003,-0.0112420981524806));
#6421=CARTESIAN_POINT('',(-0.0160553800680641,0.003,-0.0105420981524806));
#6422=CARTESIAN_POINT('',(-0.0133213101917941,0.003,-0.0138532783042138));
#6423=CARTESIAN_POINT('',(-0.0105126603985827,0.003,-0.0162100153098037));
#6424=CARTESIAN_POINT('',(-0.0141382444328963,0.003,-0.013167789083809));
#6425=CARTESIAN_POINT('',(-0.120982894980168,0.003,-0.147863314247132));
#6426=CARTESIAN_POINT('',(-0.0134052046421721,0.003,-0.0196572153038391));
#6427=CARTESIAN_POINT('',(-0.0162138544353836,0.003,-0.0173004782982492));
#6428=CARTESIAN_POINT('',(-0.0170307886764857,0.003,-0.0166149890778443));
#6429=CARTESIAN_POINT('',(-0.124608479014482,0.003,-0.144821088021138));
#6430=CARTESIAN_POINT('',(-0.00777983665529146,0.003,-0.0175739798172464));
#6431=CARTESIAN_POINT('',(-0.00433451764180601,0.003,-0.0188279733857065));
#6432=CARTESIAN_POINT('',(-0.00878195485473353,0.003,-0.017209238621433));
#6433=CARTESIAN_POINT('',(-0.0499980292262306,0.003,-0.144287440356916));
#6434=CARTESIAN_POINT('',(-0.00587360828677152,0.003,-0.0230565901792431));
#6435=CARTESIAN_POINT('',(-0.00931892730025699,0.003,-0.021802596610783));
#6436=CARTESIAN_POINT('',(-0.010321045499699,0.003,-0.0214378554149696));
#6437=CARTESIAN_POINT('',(-0.0544454664391581,0.003,-0.142668705592643));
#6438=CARTESIAN_POINT('',(-0.00130000000000007,0.003,-0.019175));
#6439=CARTESIAN_POINT('',(0.00236643191323978,0.003,-0.019175));
#6440=CARTESIAN_POINT('',(-0.00236643191323991,0.003,-0.019175));
#6441=CARTESIAN_POINT('',(0.00236643191323967,0.003,-0.0546060319734689));
#6442=CARTESIAN_POINT('',(0.00236643191323977,0.003,-0.023675));
#6443=CARTESIAN_POINT('',(-0.00130000000000009,0.003,-0.023675));
#6444=CARTESIAN_POINT('',(-0.00236643191324003,0.003,-0.023675));
#6445=CARTESIAN_POINT('',(-0.00236643191324003,0.003,-0.0546060319734689));
#6446=CARTESIAN_POINT('',(0.00533663584124796,0.003,-0.0184632321898932));
#6447=CARTESIAN_POINT('',(0.00878195485473342,0.003,-0.0172092386214331));
#6448=CARTESIAN_POINT('',(0.00433451764180589,0.003,-0.0188279733857065));
#6449=CARTESIAN_POINT('',(0.014701144903287,0.003,-0.0334720796212947));
#6450=CARTESIAN_POINT('',(0.0103210454996989,0.003,-0.0214378554149697));
#6451=CARTESIAN_POINT('',(0.00687572648621346,0.003,-0.0226918489834298));
#6452=CARTESIAN_POINT('',(0.00587360828677139,0.003,-0.0230565901792431));
#6453=CARTESIAN_POINT('',(0.0102537076903595,0.003,-0.0350908143855682));
#6454=CARTESIAN_POINT('',(0.0113295946396847,0.003,-0.0155245260893989));
#6455=CARTESIAN_POINT('',(0.0141382444328962,0.003,-0.013167789083809));
#6456=CARTESIAN_POINT('',(0.0105126603985826,0.003,-0.0162100153098038));
#6457=CARTESIAN_POINT('',(0.0212166143499998,0.003,-0.0216034618622281));
#6458=CARTESIAN_POINT('',(0.0170307886764856,0.003,-0.0166149890778444));
#6459=CARTESIAN_POINT('',(0.0142221388832741,0.003,-0.0189717260834343));
#6460=CARTESIAN_POINT('',(0.013405204642172,0.003,-0.0196572153038392));
#6461=CARTESIAN_POINT('',(0.0175910303156862,0.003,-0.0246456880882229));
#6462=CARTESIAN_POINT('',(0.0159560371175666,0.003,-0.0107133330249198));
#6463=CARTESIAN_POINT('',(0.0177892530741865,0.003,-0.0075381098468081));
#6464=CARTESIAN_POINT('',(0.0154228211609467,0.003,-0.0116368901531919));
#6465=CARTESIAN_POINT('',(0.0258756394043472,0.003,-0.0122067871712977));
#6466=CARTESIAN_POINT('',(0.0216863673912165,0.003,-0.0097881098468081));
#6467=CARTESIAN_POINT('',(0.0198531514345966,0.003,-0.0129633330249198));
#6468=CARTESIAN_POINT('',(0.0193199354779766,0.003,-0.0138868901531919));
#6469=CARTESIAN_POINT('',(0.0235092074911073,0.003,-0.0163055674776815));
#6470=CARTESIAN_POINT('',(-0.0214378554149696,0.003,-0.0103210454996991));
#6471=CARTESIAN_POINT('',(-0.0214378554149696,0.003,-0.0103210454996991));
#6472=CARTESIAN_POINT('',(-0.017209238621433,0.003,-0.00878195485473359));
#6473=CARTESIAN_POINT('',(-0.0226918489834297,0.003,-0.0068757264862137));
#6474=CARTESIAN_POINT('',(-0.0230565901792431,0.003,-0.00587360828677162));
#6475=CARTESIAN_POINT('',(-0.0230565901792431,0.003,-0.00587360828677162));
#6476=CARTESIAN_POINT('',(-0.0188279733857065,0.003,-0.00433451764180608));
#6477=CARTESIAN_POINT('',(-0.0184632321898931,0.003,-0.00533663584124816));
#6478=CARTESIAN_POINT('',(-0.023675,0.003,-0.00236643191323985));
#6479=CARTESIAN_POINT('',(-0.023675,0.003,-0.00236643191323985));
#6480=CARTESIAN_POINT('',(-0.019175,0.003,-0.00236643191323985));
#6481=CARTESIAN_POINT('',(-0.023675,0.003,0.0013));
#6482=CARTESIAN_POINT('',(-0.023675,0.003,0.00236643191323985));
#6483=CARTESIAN_POINT('',(-0.023675,0.003,0.00236643191323985));
#6484=CARTESIAN_POINT('',(-0.019175,0.003,0.00236643191323985));
#6485=CARTESIAN_POINT('',(-0.019175,0.003,0.0013));
#6486=CARTESIAN_POINT('',(-0.0230565901792432,0.003,0.00587360828677131));
#6487=CARTESIAN_POINT('',(-0.0230565901792432,0.003,0.00587360828677131));
#6488=CARTESIAN_POINT('',(-0.0188279733857066,0.003,0.00433451764180582));
#6489=CARTESIAN_POINT('',(-0.0218025966107831,0.003,0.00931892730025676));
#6490=CARTESIAN_POINT('',(-0.0214378554149697,0.003,0.0103210454996988));
#6491=CARTESIAN_POINT('',(-0.0214378554149697,0.003,0.0103210454996988));
#6492=CARTESIAN_POINT('',(-0.0172092386214331,0.003,0.00878195485473336));
#6493=CARTESIAN_POINT('',(-0.0175739798172465,0.003,0.00777983665529127));
#6494=CARTESIAN_POINT('',(-0.0196572153038393,0.003,0.0134052046421719));
#6495=CARTESIAN_POINT('',(-0.0196572153038393,0.003,0.0134052046421719));
#6496=CARTESIAN_POINT('',(-0.0162100153098038,0.003,0.0105126603985825));
#6497=CARTESIAN_POINT('',(-0.0173004782982494,0.003,0.0162138544353834));
#6498=CARTESIAN_POINT('',(-0.0166149890778445,0.003,0.0170307886764855));
#6499=CARTESIAN_POINT('',(-0.0166149890778445,0.003,0.0170307886764855));
#6500=CARTESIAN_POINT('',(-0.0131677890838091,0.003,0.0141382444328961));
#6501=CARTESIAN_POINT('',(-0.013853278304214,0.003,0.013321310191794));
#6502=CARTESIAN_POINT('',(-0.013886890153192,0.003,0.0193199354779766));
#6503=CARTESIAN_POINT('',(-0.013886890153192,0.003,0.0193199354779766));
#6504=CARTESIAN_POINT('',(-0.011636890153192,0.003,0.0154228211609466));
#6505=CARTESIAN_POINT('',(-0.0107116669750803,0.003,0.0211531514345965));
#6506=CARTESIAN_POINT('',(-0.00978810984680818,0.003,0.0216863673912165));
#6507=CARTESIAN_POINT('',(-0.00978810984680818,0.003,0.0216863673912165));
#6508=CARTESIAN_POINT('',(-0.00753810984680816,0.003,0.0177892530741865));
#6509=CARTESIAN_POINT('',(-0.00846166697508031,0.003,0.0172560371175666));
#6510=CARTESIAN_POINT('',(-0.00644160110139878,0.003,0.022904396963257));
#6511=CARTESIAN_POINT('',(-0.00644160110139878,0.003,0.022904396963257));
#6512=CARTESIAN_POINT('',(-0.00566018430189757,0.003,0.0184727620747021));
#6513=CARTESIAN_POINT('',(-0.00283087052734879,0.003,0.023541066183531));
#6514=CARTESIAN_POINT('',(-0.00178064011113055,0.003,0.023726250141871));
#6515=CARTESIAN_POINT('',(-0.00178064011113055,0.003,0.023726250141871));
#6516=CARTESIAN_POINT('',(-0.000999223311629347,0.003,0.0192946152533161));
#6517=CARTESIAN_POINT('',(-0.00204945372784759,0.003,0.0191094312949761));
#6518=CARTESIAN_POINT('',(0.00178064011113039,0.003,0.023726250141871));
#6519=CARTESIAN_POINT('',(0.00178064011113039,0.003,0.023726250141871));
#6520=CARTESIAN_POINT('',(0.000999223311629217,0.003,0.0192946152533161));
#6521=CARTESIAN_POINT('',(0.00539137068518038,0.003,0.023089580921597));
#6522=CARTESIAN_POINT('',(0.00644160110139862,0.003,0.0229043969632571));
#6523=CARTESIAN_POINT('',(0.00644160110139862,0.003,0.0229043969632571));
#6524=CARTESIAN_POINT('',(0.00566018430189745,0.003,0.0184727620747021));
#6525=CARTESIAN_POINT('',(0.0046099538856792,0.003,0.0186579460330421));
#6526=CARTESIAN_POINT('',(0.00978810984680803,0.003,0.0216863673912165));
#6527=CARTESIAN_POINT('',(0.00978810984680803,0.003,0.0216863673912165));
#6528=CARTESIAN_POINT('',(0.00753810984680804,0.003,0.0177892530741866));
#6529=CARTESIAN_POINT('',(0.0129633330249197,0.003,0.0198531514345966));
#6530=CARTESIAN_POINT('',(0.0138868901531919,0.003,0.0193199354779767));
#6531=CARTESIAN_POINT('',(0.0138868901531919,0.003,0.0193199354779767));
#6532=CARTESIAN_POINT('',(0.0116368901531919,0.003,0.0154228211609467));
#6533=CARTESIAN_POINT('',(0.0107133330249197,0.003,0.0159560371175666));
#6534=CARTESIAN_POINT('',(0.0166149890778444,0.003,0.0170307886764856));
#6535=CARTESIAN_POINT('',(0.0166149890778444,0.003,0.0170307886764856));
#6536=CARTESIAN_POINT('',(0.013167789083809,0.003,0.0141382444328962));
#6537=CARTESIAN_POINT('',(0.0189717260834343,0.003,0.0142221388832742));
#6538=CARTESIAN_POINT('',(0.0196572153038392,0.003,0.0134052046421721));
#6539=CARTESIAN_POINT('',(0.0196572153038392,0.003,0.0134052046421721));
#6540=CARTESIAN_POINT('',(0.0162100153098038,0.003,0.0105126603985826));
#6541=CARTESIAN_POINT('',(0.0155245260893989,0.003,0.0113295946396847));
#6542=CARTESIAN_POINT('',(0.0214378554149696,0.003,0.010321045499699));
#6543=CARTESIAN_POINT('',(0.0214378554149696,0.003,0.010321045499699));
#6544=CARTESIAN_POINT('',(0.0172092386214331,0.003,0.00878195485473347));
#6545=CARTESIAN_POINT('',(0.0226918489834297,0.003,0.00687572648621354));
#6546=CARTESIAN_POINT('',(0.0230565901792431,0.003,0.00587360828677146));
#6547=CARTESIAN_POINT('',(0.0230565901792431,0.003,0.00587360828677146));
#6548=CARTESIAN_POINT('',(0.0188279733857065,0.003,0.00433451764180595));
#6549=CARTESIAN_POINT('',(0.0184632321898932,0.003,0.00533663584124803));
#6550=CARTESIAN_POINT('',(0.023675,0.003,0.00236643191323985));
#6551=CARTESIAN_POINT('',(0.023675,0.003,0.00236643191323985));
#6552=CARTESIAN_POINT('',(0.019175,0.003,0.00236643191323985));
#6553=CARTESIAN_POINT('',(0.023675,0.003,-0.0013));
#6554=CARTESIAN_POINT('',(0.023675,0.003,-0.00236643191323985));
#6555=CARTESIAN_POINT('',(0.023675,0.003,-0.00236643191323985));
#6556=CARTESIAN_POINT('',(0.019175,0.003,-0.00236643191323985));
#6557=CARTESIAN_POINT('',(0.019175,0.003,-0.0013));
#6558=CARTESIAN_POINT('',(0.019175,-1.00000000000013E-6,-0.0013));
#6559=CARTESIAN_POINT('',(0.019175,0.0007,0.));
#6560=CARTESIAN_POINT('',(0.019175,0.0007,0.));
#6561=CARTESIAN_POINT('',(0.023675,-1.00000000000013E-6,-0.0013));
#6562=CARTESIAN_POINT('',(0.023675,0.0007,0.));
#6563=CARTESIAN_POINT('',(0.023675,0.0007,0.));
#6564=CARTESIAN_POINT('',(0.025001,0.001,0.001));
#6565=CARTESIAN_POINT('',(0.025001,0.001,0.001));
#6566=CARTESIAN_POINT('',(0.025001,0.001,-0.001));
#6567=CARTESIAN_POINT('',(0.025001,0.001,-0.001));
#6568=CARTESIAN_POINT('',(0.025001,0.001,0.001));
#6569=CARTESIAN_POINT('',(0.0184632321898932,-1.00000000000013E-6,0.00533663584124803));
#6570=CARTESIAN_POINT('',(0.0180186060035698,0.0007,0.00655823624826971));
#6571=CARTESIAN_POINT('',(0.0180186060035698,0.0007,0.00655823624826971));
#6572=CARTESIAN_POINT('',(0.0226918489834297,-1.00000000000013E-6,0.00687572648621354));
#6573=CARTESIAN_POINT('',(0.0222472227971064,0.0007,0.00809732689323522));
#6574=CARTESIAN_POINT('',(0.0222472227971064,0.0007,0.00809732689323522));
#6575=CARTESIAN_POINT('',(0.0155245260893989,-1.00000000000013E-6,0.0113295946396847));
#6576=CARTESIAN_POINT('',(0.0146889021968064,0.0007,0.0123254524157394));
#6577=CARTESIAN_POINT('',(0.0146889021968064,0.0007,0.0123254524157394));
#6578=CARTESIAN_POINT('',(0.0189717260834343,-1.00000000000013E-6,0.0142221388832742));
#6579=CARTESIAN_POINT('',(0.0181361021908418,0.0007,0.0152179966593288));
#6580=CARTESIAN_POINT('',(0.0181361021908418,0.0007,0.0152179966593288));
#6581=CARTESIAN_POINT('',(0.0107133330249197,-1.00000000000013E-6,0.0159560371175666));
#6582=CARTESIAN_POINT('',(0.0095875,0.0007,0.0166060371175666));
#6583=CARTESIAN_POINT('',(0.0095875,0.0007,0.0166060371175666));
#6584=CARTESIAN_POINT('',(0.0129633330249197,-1.00000000000013E-6,0.0198531514345966));
#6585=CARTESIAN_POINT('',(0.0118375,0.0007,0.0205031514345966));
#6586=CARTESIAN_POINT('',(0.0118375,0.0007,0.0205031514345966));
#6587=CARTESIAN_POINT('',(0.0046099538856792,-1.00000000000013E-6,0.0186579460330421));
#6588=CARTESIAN_POINT('',(0.00332970380676333,0.0007,0.0188836886640091));
#6589=CARTESIAN_POINT('',(0.00332970380676333,0.0007,0.0188836886640091));
#6590=CARTESIAN_POINT('',(0.00539137068518038,-1.00000000000013E-6,0.023089580921597));
#6591=CARTESIAN_POINT('',(0.0041111206062645,0.0007,0.023315323552564));
#6592=CARTESIAN_POINT('',(0.0041111206062645,0.0007,0.023315323552564));
#6593=CARTESIAN_POINT('',(-0.00204945372784759,-1.00000000000013E-6,0.0191094312949761));
#6594=CARTESIAN_POINT('',(-0.00332970380676346,0.0007,0.0188836886640091));
#6595=CARTESIAN_POINT('',(-0.00332970380676346,0.0007,0.0188836886640091));
#6596=CARTESIAN_POINT('',(-0.00283087052734879,-1.00000000000013E-6,0.023541066183531));
#6597=CARTESIAN_POINT('',(-0.00411112060626466,0.0007,0.023315323552564));
#6598=CARTESIAN_POINT('',(-0.00411112060626466,0.0007,0.023315323552564));
#6599=CARTESIAN_POINT('',(-0.00846166697508031,-1.00000000000013E-6,0.0172560371175666));
#6600=CARTESIAN_POINT('',(-0.0095875,0.0007,0.0166060371175666));
#6601=CARTESIAN_POINT('',(-0.0095875,0.0007,0.0166060371175666));
#6602=CARTESIAN_POINT('',(-0.0107116669750803,-1.00000000000013E-6,0.0211531514345965));
#6603=CARTESIAN_POINT('',(-0.0118375,0.0007,0.0205031514345965));
#6604=CARTESIAN_POINT('',(-0.0118375,0.0007,0.0205031514345965));
#6605=CARTESIAN_POINT('',(-0.013853278304214,-1.00000000000013E-6,0.013321310191794));
#6606=CARTESIAN_POINT('',(-0.0146889021968065,0.0007,0.0123254524157393));
#6607=CARTESIAN_POINT('',(-0.0146889021968065,0.0007,0.0123254524157393));
#6608=CARTESIAN_POINT('',(-0.0173004782982494,-1.00000000000013E-6,0.0162138544353834));
#6609=CARTESIAN_POINT('',(-0.0181361021908419,0.0007,0.0152179966593287));
#6610=CARTESIAN_POINT('',(-0.0181361021908419,0.0007,0.0152179966593287));
#6611=CARTESIAN_POINT('',(-0.0175739798172465,-1.00000000000013E-6,0.00777983665529127));
#6612=CARTESIAN_POINT('',(-0.0180186060035698,0.0007,0.00655823624826959));
#6613=CARTESIAN_POINT('',(-0.0180186060035698,0.0007,0.00655823624826959));
#6614=CARTESIAN_POINT('',(-0.0218025966107831,-1.00000000000013E-6,0.00931892730025676));
#6615=CARTESIAN_POINT('',(-0.0222472227971064,0.0007,0.00809732689323507));
#6616=CARTESIAN_POINT('',(-0.0222472227971064,0.0007,0.00809732689323507));
#6617=CARTESIAN_POINT('',(-0.019175,-1.00000000000013E-6,0.0013));
#6618=CARTESIAN_POINT('',(-0.019175,0.0007,0.));
#6619=CARTESIAN_POINT('',(-0.019175,0.0007,0.));
#6620=CARTESIAN_POINT('',(-0.023675,-1.00000000000013E-6,0.0013));
#6621=CARTESIAN_POINT('',(-0.023675,0.0007,0.));
#6622=CARTESIAN_POINT('',(-0.023675,0.0007,0.));
#6623=CARTESIAN_POINT('',(-0.0184632321898931,-1.00000000000013E-6,-0.00533663584124816));
#6624=CARTESIAN_POINT('',(-0.0180186060035697,0.0007,-0.00655823624826983));
#6625=CARTESIAN_POINT('',(-0.0180186060035697,0.0007,-0.00655823624826983));
#6626=CARTESIAN_POINT('',(-0.0226918489834297,-1.00000000000013E-6,-0.0068757264862137));
#6627=CARTESIAN_POINT('',(-0.0222472227971063,0.0007,-0.00809732689323537));
#6628=CARTESIAN_POINT('',(-0.0222472227971063,0.0007,-0.00809732689323537));
#6629=CARTESIAN_POINT('',(0.0297695849327697,0.001,0.0118994205744637));
#6630=CARTESIAN_POINT('',(0.0297695849327697,0.001,0.0118994205744637));
#6631=CARTESIAN_POINT('',(0.030453625219421,0.001,0.0100200353328919));
#6632=CARTESIAN_POINT('',(0.030453625219421,0.001,0.0100200353328919));
#6633=CARTESIAN_POINT('',(0.0297695849327697,0.001,0.0118994205744637));
#6634=CARTESIAN_POINT('',(0.026338990751768,0.001,0.0234064447147227));
#6635=CARTESIAN_POINT('',(0.026338990751768,0.001,0.0234064447147227));
#6636=CARTESIAN_POINT('',(0.0276245659711411,0.001,0.0218743558284847));
#6637=CARTESIAN_POINT('',(0.0276245659711411,0.001,0.0218743558284847));
#6638=CARTESIAN_POINT('',(0.026338990751768,0.001,0.0234064447147227));
#6639=CARTESIAN_POINT('',(0.0162099751562229,0.001,0.0300765005600074));
#6640=CARTESIAN_POINT('',(0.0162099751562229,0.001,0.0300765005600074));
#6641=CARTESIAN_POINT('',(0.0179420259637917,0.001,0.0290765005600074));
#6642=CARTESIAN_POINT('',(0.0179420259637917,0.001,0.0290765005600074));
#6643=CARTESIAN_POINT('',(0.0162099751562229,0.001,0.0300765005600074));
#6644=CARTESIAN_POINT('',(0.00404448744249597,0.001,0.0286961985854437));
#6645=CARTESIAN_POINT('',(0.00404448744249597,0.001,0.0286961985854437));
#6646=CARTESIAN_POINT('',(0.00601410294852039,0.001,0.0283489022301098));
#6647=CARTESIAN_POINT('',(0.00601410294852039,0.001,0.0283489022301098));
#6648=CARTESIAN_POINT('',(0.00404448744249597,0.001,0.0286961985854437));
#6649=CARTESIAN_POINT('',(-0.0060141029485206,0.001,0.0283489022301099));
#6650=CARTESIAN_POINT('',(-0.0060141029485206,0.001,0.0283489022301099));
#6651=CARTESIAN_POINT('',(-0.00404448744249619,0.001,0.0286961985854438));
#6652=CARTESIAN_POINT('',(-0.00404448744249619,0.001,0.0286961985854438));
#6653=CARTESIAN_POINT('',(-0.0060141029485206,0.001,0.0283489022301099));
#6654=CARTESIAN_POINT('',(-0.017942025963792,0.001,0.0290765005600073));
#6655=CARTESIAN_POINT('',(-0.017942025963792,0.001,0.0290765005600073));
#6656=CARTESIAN_POINT('',(-0.0162099751562231,0.001,0.0300765005600073));
#6657=CARTESIAN_POINT('',(-0.0162099751562231,0.001,0.0300765005600073));
#6658=CARTESIAN_POINT('',(-0.017942025963792,0.001,0.0290765005600073));
#6659=CARTESIAN_POINT('',(-0.0276245659711412,0.001,0.0218743558284845));
#6660=CARTESIAN_POINT('',(-0.0276245659711412,0.001,0.0218743558284845));
#6661=CARTESIAN_POINT('',(-0.0263389907517681,0.001,0.0234064447147225));
#6662=CARTESIAN_POINT('',(-0.0263389907517681,0.001,0.0234064447147225));
#6663=CARTESIAN_POINT('',(-0.0276245659711412,0.001,0.0218743558284845));
#6664=CARTESIAN_POINT('',(-0.030453625219421,0.001,0.0100200353328917));
#6665=CARTESIAN_POINT('',(-0.030453625219421,0.001,0.0100200353328917));
#6666=CARTESIAN_POINT('',(-0.0297695849327697,0.001,0.0118994205744635));
#6667=CARTESIAN_POINT('',(-0.0297695849327697,0.001,0.0118994205744635));
#6668=CARTESIAN_POINT('',(-0.030453625219421,0.001,0.0100200353328917));
#6669=CARTESIAN_POINT('',(-0.025001,0.001,-0.001));
#6670=CARTESIAN_POINT('',(-0.025001,0.001,-0.001));
#6671=CARTESIAN_POINT('',(-0.025001,0.001,0.001));
#6672=CARTESIAN_POINT('',(-0.025001,0.001,0.001));
#6673=CARTESIAN_POINT('',(-0.025001,0.001,-0.001));
#6674=CARTESIAN_POINT('',(-0.0297695849327697,0.001,-0.011899420574464));
#6675=CARTESIAN_POINT('',(-0.0297695849327697,0.001,-0.011899420574464));
#6676=CARTESIAN_POINT('',(-0.0304536252194211,0.001,-0.0100200353328922));
#6677=CARTESIAN_POINT('',(-0.0304536252194211,0.001,-0.0100200353328922));
#6678=CARTESIAN_POINT('',(-0.0297695849327697,0.001,-0.011899420574464));
#6679=CARTESIAN_POINT('',(0.0159560371175666,-1.00000000000013E-6,-0.0107133330249198));
#6680=CARTESIAN_POINT('',(0.0166060371175666,0.0007,-0.0095875));
#6681=CARTESIAN_POINT('',(0.0166060371175666,0.0007,-0.0095875));
#6682=CARTESIAN_POINT('',(0.0198531514345966,-1.00000000000013E-6,-0.0129633330249198));
#6683=CARTESIAN_POINT('',(0.0205031514345966,0.0007,-0.0118375));
#6684=CARTESIAN_POINT('',(0.0205031514345966,0.0007,-0.0118375));
#6685=CARTESIAN_POINT('',(0.0290765005600074,0.001,-0.0179420259637918));
#6686=CARTESIAN_POINT('',(0.0290765005600074,0.001,-0.0179420259637918));
#6687=CARTESIAN_POINT('',(0.0290765005600074,0.001,-0.0179420259637918));
#6688=CARTESIAN_POINT('',(0.0300765005600074,0.001,-0.016209975156223));
#6689=CARTESIAN_POINT('',(0.0300765005600074,0.001,-0.016209975156223));
#6690=CARTESIAN_POINT('',(0.0246924234477272,0.0007,-0.0142561773244896));
#6691=CARTESIAN_POINT('',(0.0246924234477272,0.0007,-0.0142561773244896));
#6692=CARTESIAN_POINT('',(0.0113295946396847,-1.00000000000013E-6,-0.0155245260893989));
#6693=CARTESIAN_POINT('',(0.0123254524157394,0.0007,-0.0146889021968064));
#6694=CARTESIAN_POINT('',(0.0123254524157394,0.0007,-0.0146889021968064));
#6695=CARTESIAN_POINT('',(0.0142221388832741,-1.00000000000013E-6,-0.0189717260834343));
#6696=CARTESIAN_POINT('',(0.0152179966593288,0.0007,-0.0181361021908418));
#6697=CARTESIAN_POINT('',(0.0152179966593288,0.0007,-0.0181361021908418));
#6698=CARTESIAN_POINT('',(0.00533663584124796,-1.00000000000013E-6,-0.0184632321898932));
#6699=CARTESIAN_POINT('',(0.00655823624826965,0.0007,-0.0180186060035698));
#6700=CARTESIAN_POINT('',(0.00655823624826965,0.0007,-0.0180186060035698));
#6701=CARTESIAN_POINT('',(0.00687572648621346,-1.00000000000013E-6,-0.0226918489834298));
#6702=CARTESIAN_POINT('',(0.00809732689323515,0.0007,-0.0222472227971064));
#6703=CARTESIAN_POINT('',(0.00809732689323515,0.0007,-0.0222472227971064));
#6704=CARTESIAN_POINT('',(-0.00130000000000007,-1.00000000000013E-6,-0.019175));
#6705=CARTESIAN_POINT('',(-6.41847686111419E-17,0.0007,-0.019175));
#6706=CARTESIAN_POINT('',(-6.41847686111419E-17,0.0007,-0.019175));
#6707=CARTESIAN_POINT('',(-0.00130000000000009,-1.00000000000013E-6,-0.023675));
#6708=CARTESIAN_POINT('',(-7.91727794435814E-17,0.0007,-0.023675));
#6709=CARTESIAN_POINT('',(-7.91727794435814E-17,0.0007,-0.023675));
#6710=CARTESIAN_POINT('',(-0.00777983665529146,-1.00000000000013E-6,-0.0175739798172464));
#6711=CARTESIAN_POINT('',(-0.00655823624826977,0.0007,-0.0180186060035698));
#6712=CARTESIAN_POINT('',(-0.00655823624826977,0.0007,-0.0180186060035698));
#6713=CARTESIAN_POINT('',(-0.00931892730025699,-1.00000000000013E-6,-0.021802596610783));
#6714=CARTESIAN_POINT('',(-0.0080973268932353,0.0007,-0.0222472227971064));
#6715=CARTESIAN_POINT('',(-0.0080973268932353,0.0007,-0.0222472227971064));
#6716=CARTESIAN_POINT('',(-0.0133213101917941,-1.00000000000013E-6,-0.0138532783042138));
#6717=CARTESIAN_POINT('',(-0.0123254524157395,0.0007,-0.0146889021968063));
#6718=CARTESIAN_POINT('',(-0.0123254524157395,0.0007,-0.0146889021968063));
#6719=CARTESIAN_POINT('',(-0.0162138544353836,-1.00000000000013E-6,-0.0173004782982492));
#6720=CARTESIAN_POINT('',(-0.0152179966593289,0.0007,-0.0181361021908417));
#6721=CARTESIAN_POINT('',(-0.0152179966593289,0.0007,-0.0181361021908417));
#6722=CARTESIAN_POINT('',(0.0218743558284846,0.001,-0.0276245659711412));
#6723=CARTESIAN_POINT('',(0.0234064447147226,0.001,-0.0263389907517681));
#6724=CARTESIAN_POINT('',(0.0218743558284846,0.001,-0.0276245659711412));
#6725=CARTESIAN_POINT('',(0.0218743558284846,0.001,-0.0276245659711412));
#6726=CARTESIAN_POINT('',(0.0234064447147226,0.001,-0.0263389907517681));
#6727=CARTESIAN_POINT('',(0.0100200353328918,0.001,-0.030453625219421));
#6728=CARTESIAN_POINT('',(0.0118994205744636,0.001,-0.0297695849327697));
#6729=CARTESIAN_POINT('',(0.0100200353328918,0.001,-0.030453625219421));
#6730=CARTESIAN_POINT('',(0.0100200353328918,0.001,-0.030453625219421));
#6731=CARTESIAN_POINT('',(0.0118994205744636,0.001,-0.0297695849327697));
#6732=CARTESIAN_POINT('',(-0.00100000000000008,0.001,-0.025001));
#6733=CARTESIAN_POINT('',(0.000999999999999918,0.001,-0.025001));
#6734=CARTESIAN_POINT('',(-0.00100000000000008,0.001,-0.025001));
#6735=CARTESIAN_POINT('',(-0.00100000000000008,0.001,-0.025001));
#6736=CARTESIAN_POINT('',(0.000999999999999918,0.001,-0.025001));
#6737=CARTESIAN_POINT('',(-0.0118994205744638,0.001,-0.0297695849327697));
#6738=CARTESIAN_POINT('',(-0.010020035332892,0.001,-0.0304536252194211));
#6739=CARTESIAN_POINT('',(-0.0118994205744638,0.001,-0.0297695849327697));
#6740=CARTESIAN_POINT('',(-0.0118994205744638,0.001,-0.0297695849327697));
#6741=CARTESIAN_POINT('',(-0.010020035332892,0.001,-0.0304536252194211));
#6742=CARTESIAN_POINT('',(-0.0234064447147228,0.001,-0.0263389907517679));
#6743=CARTESIAN_POINT('',(-0.0218743558284848,0.001,-0.027624565971141));
#6744=CARTESIAN_POINT('',(-0.0234064447147228,0.001,-0.0263389907517679));
#6745=CARTESIAN_POINT('',(-0.0234064447147228,0.001,-0.0263389907517679));
#6746=CARTESIAN_POINT('',(-0.0218743558284848,0.001,-0.027624565971141));
#6747=CARTESIAN_POINT('',(0.019403822332843,0.0007,-0.0231245749752255));
#6748=CARTESIAN_POINT('',(0.019403822332843,0.0007,-0.0231245749752255));
#6749=CARTESIAN_POINT('',(0.0124774262968232,0.0007,-0.0342814470034314));
#6750=CARTESIAN_POINT('',(0.0124774262968232,0.0007,-0.0342814470034314));
#6751=CARTESIAN_POINT('',(-1.82193811060668E-16,0.0007,-0.0546060319734689));
#6752=CARTESIAN_POINT('',(-1.82193811060668E-16,0.0007,-0.0546060319734689));
#6753=CARTESIAN_POINT('',(-0.0522217478326943,0.0007,-0.143478072974779));
#6754=CARTESIAN_POINT('',(-0.0522217478326943,0.0007,-0.143478072974779));
#6755=CARTESIAN_POINT('',(-0.122795686997325,0.0007,-0.146342201134135));
#6756=CARTESIAN_POINT('',(-0.122795686997325,0.0007,-0.146342201134135));
#6757=CARTESIAN_POINT('',(0.,0.003,0.));
#6758=CARTESIAN_POINT('',(-0.0160553800680641,0.004,-0.0112420981524806));
#6759=CARTESIAN_POINT('',(0.0189321461952657,0.004,-0.00507285328400942));
#6760=CARTESIAN_POINT('',(0.023675,0.0007,0.));
#6761=CARTESIAN_POINT('',(0.023675,0.0007,0.));
#6762=CARTESIAN_POINT('',(0.0222472227971064,0.0007,0.00809732689323522));
#6763=CARTESIAN_POINT('',(0.0222472227971064,0.0007,0.00809732689323522));
#6764=CARTESIAN_POINT('',(0.0181361021908418,0.0007,0.0152179966593288));
#6765=CARTESIAN_POINT('',(0.0181361021908418,0.0007,0.0152179966593288));
#6766=CARTESIAN_POINT('',(0.0118375,0.0007,0.0205031514345966));
#6767=CARTESIAN_POINT('',(0.0118375,0.0007,0.0205031514345966));
#6768=CARTESIAN_POINT('',(0.0041111206062645,0.0007,0.023315323552564));
#6769=CARTESIAN_POINT('',(0.0041111206062645,0.0007,0.023315323552564));
#6770=CARTESIAN_POINT('',(-0.00411112060626466,0.0007,0.023315323552564));
#6771=CARTESIAN_POINT('',(-0.00411112060626466,0.0007,0.023315323552564));
#6772=CARTESIAN_POINT('',(-0.0118375,0.0007,0.0205031514345965));
#6773=CARTESIAN_POINT('',(-0.0118375,0.0007,0.0205031514345965));
#6774=CARTESIAN_POINT('',(-0.0181361021908419,0.0007,0.0152179966593287));
#6775=CARTESIAN_POINT('',(-0.0181361021908419,0.0007,0.0152179966593287));
#6776=CARTESIAN_POINT('',(-0.0222472227971064,0.0007,0.00809732689323507));
#6777=CARTESIAN_POINT('',(-0.0222472227971064,0.0007,0.00809732689323507));
#6778=CARTESIAN_POINT('',(-0.023675,0.0007,0.));
#6779=CARTESIAN_POINT('',(-0.023675,0.0007,0.));
#6780=CARTESIAN_POINT('',(-0.0222472227971063,0.0007,-0.00809732689323537));
#6781=CARTESIAN_POINT('',(-0.0222472227971063,0.0007,-0.00809732689323537));
#6782=MECHANICAL_DESIGN_GEOMETRIC_PRESENTATION_REPRESENTATION('',(#275),
#6783);
#6783=(
GEOMETRIC_REPRESENTATION_CONTEXT(3)
GLOBAL_UNCERTAINTY_ASSIGNED_CONTEXT((#6784))
GLOBAL_UNIT_ASSIGNED_CONTEXT((#6787,#6786,#6785))
REPRESENTATION_CONTEXT('id2','TOP_LEVEL_ASSEMBLY_PART')
);
#6784=UNCERTAINTY_MEASURE_WITH_UNIT(LENGTH_MEASURE(2.E-5),#6787,
'DISTANCE_ACCURACY_VALUE','Maximum Tolerance applied to model');
#6785=(
NAMED_UNIT(*)
SI_UNIT($,.STERADIAN.)
SOLID_ANGLE_UNIT()
);
#6786=(
NAMED_UNIT(*)
PLANE_ANGLE_UNIT()
SI_UNIT($,.RADIAN.)
);
#6787=(
LENGTH_UNIT()
NAMED_UNIT(*)
SI_UNIT($,.METRE.)
);
#6788=PRODUCT_DEFINITION_SHAPE('','',#6789);
#6789=PRODUCT_DEFINITION('','',#6791,#6790);
#6790=PRODUCT_DEFINITION_CONTEXT('',#6797,'design');
#6791=PRODUCT_DEFINITION_FORMATION_WITH_SPECIFIED_SOURCE('','',#6793,
 .NOT_KNOWN.);
#6792=PRODUCT_RELATED_PRODUCT_CATEGORY('','',(#6793));
#6793=PRODUCT('id2','id2','id2',(#6795));
#6794=PRODUCT_CATEGORY('','');
#6795=PRODUCT_CONTEXT('',#6797,'mechanical');
#6796=APPLICATION_PROTOCOL_DEFINITION('international standard',
'ap242_managed_model_based_3d_engineering',2020,#6797);
#6797=APPLICATION_CONTEXT('managed model based 3d engineering');
ENDSEC;
END-ISO-10303-21;
