ISO-10303-21;
HEADER;
/* Generated by software containing ST-Developer
 * from STEP Tools, Inc. (www.steptools.com) 
 */
/* OPTION: using custom renumber hook */

FILE_DESCRIPTION(
/* description */ ('STEP AP203'),
/* implementation_level */ '2;1');

FILE_NAME(
/* name */ '6a545ac0a2bab5b0943c4235',
/* time_stamp */ '2026-07-13T03:25:53Z',
/* author */ (''),
/* organization */ (''),
/* preprocessor_version */ 'ST-DEVELOPER v20',
/* originating_system */ 'ONSHAPE BY PTC INC, 1.217',
/* authorisation */ '  ');

FILE_SCHEMA (('CONFIG_CONTROL_DESIGN'));
ENDSEC;

DATA;
#10=PROPERTY_DEFINITION_REPRESENTATION(#14,#12);
#11=PROPERTY_DEFINITION_REPRESENTATION(#15,#13);
#12=REPRESENTATION('',(#16),#10377);
#13=REPRESENTATION('',(#17),#10377);
#14=PROPERTY_DEFINITION('pmi validation property','',#10382);
#15=PROPERTY_DEFINITION('pmi validation property','',#10382);
#16=VALUE_REPRESENTATION_ITEM('number of annotations',COUNT_MEASURE(0.));
#17=VALUE_REPRESENTATION_ITEM('number of views',COUNT_MEASURE(0.));
#18=SHAPE_REPRESENTATION_RELATIONSHIP('','',#4125,#19);
#19=ADVANCED_BREP_SHAPE_REPRESENTATION('',(#4123),#10377);
#20=STYLED_ITEM('',(#31),#3998);
#21=STYLED_ITEM('',(#32),#4009);
#22=STYLED_ITEM('',(#33),#4011);
#23=STYLED_ITEM('',(#34),#4020);
#24=STYLED_ITEM('',(#35),#4038);
#25=STYLED_ITEM('',(#36),#4046);
#26=STYLED_ITEM('',(#37),#4067);
#27=STYLED_ITEM('',(#38),#4079);
#28=STYLED_ITEM('',(#39),#4100);
#29=STYLED_ITEM('',(#40),#4114);
#30=STYLED_ITEM('',(#41),#4121);
#31=PRESENTATION_STYLE_ASSIGNMENT((#42));
#32=PRESENTATION_STYLE_ASSIGNMENT((#43));
#33=PRESENTATION_STYLE_ASSIGNMENT((#44));
#34=PRESENTATION_STYLE_ASSIGNMENT((#45));
#35=PRESENTATION_STYLE_ASSIGNMENT((#46));
#36=PRESENTATION_STYLE_ASSIGNMENT((#47));
#37=PRESENTATION_STYLE_ASSIGNMENT((#48));
#38=PRESENTATION_STYLE_ASSIGNMENT((#49));
#39=PRESENTATION_STYLE_ASSIGNMENT((#50));
#40=PRESENTATION_STYLE_ASSIGNMENT((#51));
#41=PRESENTATION_STYLE_ASSIGNMENT((#52));
#42=SURFACE_STYLE_USAGE(.BOTH.,#53);
#43=SURFACE_STYLE_USAGE(.BOTH.,#54);
#44=SURFACE_STYLE_USAGE(.BOTH.,#55);
#45=SURFACE_STYLE_USAGE(.BOTH.,#56);
#46=SURFACE_STYLE_USAGE(.BOTH.,#57);
#47=SURFACE_STYLE_USAGE(.BOTH.,#58);
#48=SURFACE_STYLE_USAGE(.BOTH.,#59);
#49=SURFACE_STYLE_USAGE(.BOTH.,#60);
#50=SURFACE_STYLE_USAGE(.BOTH.,#61);
#51=SURFACE_STYLE_USAGE(.BOTH.,#62);
#52=SURFACE_STYLE_USAGE(.BOTH.,#63);
#53=SURFACE_SIDE_STYLE('',(#64));
#54=SURFACE_SIDE_STYLE('',(#65));
#55=SURFACE_SIDE_STYLE('',(#66));
#56=SURFACE_SIDE_STYLE('',(#67));
#57=SURFACE_SIDE_STYLE('',(#68));
#58=SURFACE_SIDE_STYLE('',(#69));
#59=SURFACE_SIDE_STYLE('',(#70));
#60=SURFACE_SIDE_STYLE('',(#71));
#61=SURFACE_SIDE_STYLE('',(#72));
#62=SURFACE_SIDE_STYLE('',(#73));
#63=SURFACE_SIDE_STYLE('',(#74));
#64=SURFACE_STYLE_FILL_AREA(#75);
#65=SURFACE_STYLE_FILL_AREA(#76);
#66=SURFACE_STYLE_FILL_AREA(#77);
#67=SURFACE_STYLE_FILL_AREA(#78);
#68=SURFACE_STYLE_FILL_AREA(#79);
#69=SURFACE_STYLE_FILL_AREA(#80);
#70=SURFACE_STYLE_FILL_AREA(#81);
#71=SURFACE_STYLE_FILL_AREA(#82);
#72=SURFACE_STYLE_FILL_AREA(#83);
#73=SURFACE_STYLE_FILL_AREA(#84);
#74=SURFACE_STYLE_FILL_AREA(#85);
#75=FILL_AREA_STYLE('',(#86));
#76=FILL_AREA_STYLE('',(#87));
#77=FILL_AREA_STYLE('',(#88));
#78=FILL_AREA_STYLE('',(#89));
#79=FILL_AREA_STYLE('',(#90));
#80=FILL_AREA_STYLE('',(#91));
#81=FILL_AREA_STYLE('',(#92));
#82=FILL_AREA_STYLE('',(#93));
#83=FILL_AREA_STYLE('',(#94));
#84=FILL_AREA_STYLE('',(#95));
#85=FILL_AREA_STYLE('',(#96));
#86=FILL_AREA_STYLE_COLOUR('',#97);
#87=FILL_AREA_STYLE_COLOUR('',#97);
#88=FILL_AREA_STYLE_COLOUR('',#97);
#89=FILL_AREA_STYLE_COLOUR('',#97);
#90=FILL_AREA_STYLE_COLOUR('',#97);
#91=FILL_AREA_STYLE_COLOUR('',#97);
#92=FILL_AREA_STYLE_COLOUR('',#97);
#93=FILL_AREA_STYLE_COLOUR('',#97);
#94=FILL_AREA_STYLE_COLOUR('',#97);
#95=FILL_AREA_STYLE_COLOUR('',#97);
#96=FILL_AREA_STYLE_COLOUR('',#97);
#97=DRAUGHTING_PRE_DEFINED_COLOUR('white');
#98=B_SPLINE_SURFACE_WITH_KNOTS('',1,3,((#6482,#6483,#6484,#6485,#6486,
#6487,#6488,#6489,#6490,#6491),(#6492,#6493,#6494,#6495,#6496,#6497,#6498,
#6499,#6500,#6501)),.SURF_OF_LINEAR_EXTRUSION.,.F.,.F.,.F.,(2,2),(4,2,2,
2,4),(0.,1.),(0.,0.25,0.5,0.75,1.),.UNSPECIFIED.);
#99=B_SPLINE_SURFACE_WITH_KNOTS('',1,3,((#6543,#6544,#6545,#6546,#6547,
#6548,#6549,#6550,#6551,#6552),(#6553,#6554,#6555,#6556,#6557,#6558,#6559,
#6560,#6561,#6562)),.SURF_OF_LINEAR_EXTRUSION.,.F.,.F.,.F.,(2,2),(4,2,2,
2,4),(0.,1.),(0.,0.25,0.5,0.75,1.),.UNSPECIFIED.);
#100=B_SPLINE_SURFACE_WITH_KNOTS('',1,3,((#6647,#6648,#6649,#6650,#6651,
#6652,#6653,#6654,#6655,#6656,#6657,#6658,#6659,#6660,#6661,#6662,#6663,
#6664,#6665,#6666,#6667,#6668,#6669,#6670,#6671,#6672,#6673,#6674),(#6675,
#6676,#6677,#6678,#6679,#6680,#6681,#6682,#6683,#6684,#6685,#6686,#6687,
#6688,#6689,#6690,#6691,#6692,#6693,#6694,#6695,#6696,#6697,#6698,#6699,
#6700,#6701,#6702)),.RULED_SURF.,.F.,.F.,.F.,(2,2),(4,2,2,2,2,2,2,2,2,2,
2,2,2,4),(0.,1.),(0.,0.0625,0.078125,0.09375,0.125,0.25,0.375,0.5,0.625,
0.6875,0.71875,0.734375,0.75,1.),.UNSPECIFIED.);
#101=B_SPLINE_SURFACE_WITH_KNOTS('',1,3,((#6721,#6722,#6723,#6724,#6725,
#6726,#6727,#6728,#6729,#6730,#6731,#6732,#6733,#6734,#6735,#6736,#6737,
#6738,#6739,#6740,#6741,#6742,#6743,#6744,#6745,#6746,#6747,#6748,#6749,
#6750,#6751,#6752,#6753,#6754,#6755,#6756,#6757,#6758,#6759,#6760,#6761,
#6762,#6763,#6764),(#6765,#6766,#6767,#6768,#6769,#6770,#6771,#6772,#6773,
#6774,#6775,#6776,#6777,#6778,#6779,#6780,#6781,#6782,#6783,#6784,#6785,
#6786,#6787,#6788,#6789,#6790,#6791,#6792,#6793,#6794,#6795,#6796,#6797,
#6798,#6799,#6800,#6801,#6802,#6803,#6804,#6805,#6806,#6807,#6808)),
 .RULED_SURF.,.F.,.F.,.F.,(2,2),(4,2,2,2,2,2,2,2,2,2,2,2,2,2,2,2,2,2,2,
2,2,4),(0.,1.),(0.,0.0625,0.09375,0.109375,0.1171875,0.125,0.1875,0.21875,
0.234375,0.25,0.3125,0.375,0.4375,0.5,0.625,0.75,0.8125,0.84375,0.859375,
0.8671875,0.875,1.),.UNSPECIFIED.);
#102=B_SPLINE_SURFACE_WITH_KNOTS('',1,3,((#6822,#6823,#6824,#6825,#6826,
#6827,#6828,#6829,#6830,#6831,#6832,#6833,#6834,#6835,#6836,#6837,#6838,
#6839,#6840,#6841,#6842,#6843,#6844,#6845,#6846,#6847,#6848,#6849,#6850,
#6851),(#6852,#6853,#6854,#6855,#6856,#6857,#6858,#6859,#6860,#6861,#6862,
#6863,#6864,#6865,#6866,#6867,#6868,#6869,#6870,#6871,#6872,#6873,#6874,
#6875,#6876,#6877,#6878,#6879,#6880,#6881)),.SURF_OF_LINEAR_EXTRUSION.,
 .F.,.F.,.F.,(2,2),(4,2,2,2,2,2,2,2,2,2,2,2,2,2,4),(0.,1.),(0.,0.0625,0.09375,
0.109375,0.125,0.25,0.375,0.5,0.625,0.75,0.8125,0.84375,0.859375,0.875,
1.),.UNSPECIFIED.);
#103=B_SPLINE_SURFACE_WITH_KNOTS('',1,3,((#6894,#6895,#6896,#6897,#6898,
#6899,#6900,#6901,#6902,#6903,#6904,#6905,#6906,#6907,#6908,#6909,#6910,
#6911,#6912,#6913,#6914,#6915),(#6916,#6917,#6918,#6919,#6920,#6921,#6922,
#6923,#6924,#6925,#6926,#6927,#6928,#6929,#6930,#6931,#6932,#6933,#6934,
#6935,#6936,#6937)),.SURF_OF_LINEAR_EXTRUSION.,.F.,.F.,.F.,(2,2),(4,2,2,
2,2,2,2,2,2,2,4),(0.,1.),(0.,0.125,0.1875,0.21875,0.25,0.5,0.625,0.6875,
0.71875,0.75,1.),.UNSPECIFIED.);
#104=B_SPLINE_SURFACE_WITH_KNOTS('',1,3,((#6947,#6948,#6949,#6950,#6951,
#6952,#6953,#6954,#6955,#6956,#6957,#6958,#6959,#6960,#6961,#6962,#6963,
#6964,#6965,#6966,#6967,#6968,#6969,#6970,#6971,#6972,#6973,#6974,#6975,
#6976),(#6977,#6978,#6979,#6980,#6981,#6982,#6983,#6984,#6985,#6986,#6987,
#6988,#6989,#6990,#6991,#6992,#6993,#6994,#6995,#6996,#6997,#6998,#6999,
#7000,#7001,#7002,#7003,#7004,#7005,#7006)),.RULED_SURF.,.F.,.F.,.F.,(2,
2),(4,2,2,2,2,2,2,2,2,2,2,2,2,2,4),(0.,1.),(0.,0.0625,0.125,0.25,0.375,
0.5,0.625,0.6875,0.75,0.8125,0.84375,0.859375,0.8671875,0.875,1.),
 .UNSPECIFIED.);
#105=B_SPLINE_SURFACE_WITH_KNOTS('',1,3,((#7020,#7021,#7022,#7023,#7024,
#7025,#7026,#7027,#7028,#7029,#7030,#7031,#7032,#7033,#7034,#7035,#7036,
#7037,#7038,#7039,#7040,#7041,#7042,#7043,#7044,#7045,#7046,#7047,#7048,
#7049,#7050,#7051,#7052,#7053),(#7054,#7055,#7056,#7057,#7058,#7059,#7060,
#7061,#7062,#7063,#7064,#7065,#7066,#7067,#7068,#7069,#7070,#7071,#7072,
#7073,#7074,#7075,#7076,#7077,#7078,#7079,#7080,#7081,#7082,#7083,#7084,
#7085,#7086,#7087)),.RULED_SURF.,.F.,.F.,.F.,(2,2),(4,2,2,2,2,2,2,2,2,2,
2,2,2,2,2,2,4),(0.,1.),(0.,0.0625,0.09375,0.109375,0.1171875,0.125,0.1875,
0.25,0.375,0.5,0.625,0.75,0.8125,0.84375,0.859375,0.875,1.),
 .UNSPECIFIED.);
#106=B_SPLINE_SURFACE_WITH_KNOTS('',1,3,((#7100,#7101,#7102,#7103,#7104,
#7105,#7106,#7107,#7108,#7109,#7110,#7111,#7112,#7113,#7114,#7115,#7116,
#7117,#7118,#7119,#7120,#7121,#7122,#7123),(#7124,#7125,#7126,#7127,#7128,
#7129,#7130,#7131,#7132,#7133,#7134,#7135,#7136,#7137,#7138,#7139,#7140,
#7141,#7142,#7143,#7144,#7145,#7146,#7147)),.SURF_OF_LINEAR_EXTRUSION.,
 .F.,.F.,.F.,(2,2),(4,2,2,2,2,2,2,2,2,2,2,4),(0.,1.),(0.,0.125,0.1875,0.21875,
0.25,0.375,0.4375,0.5,0.625,0.6875,0.75,1.),.UNSPECIFIED.);
#107=B_SPLINE_SURFACE_WITH_KNOTS('',1,3,((#7157,#7158,#7159,#7160,#7161,
#7162,#7163,#7164,#7165,#7166,#7167,#7168,#7169,#7170,#7171,#7172,#7173,
#7174,#7175,#7176,#7177,#7178,#7179,#7180,#7181,#7182,#7183,#7184),(#7185,
#7186,#7187,#7188,#7189,#7190,#7191,#7192,#7193,#7194,#7195,#7196,#7197,
#7198,#7199,#7200,#7201,#7202,#7203,#7204,#7205,#7206,#7207,#7208,#7209,
#7210,#7211,#7212)),.SURF_OF_LINEAR_EXTRUSION.,.F.,.F.,.F.,(2,2),(4,2,2,
2,2,2,2,2,2,2,2,2,2,4),(0.,1.),(0.,0.0625,0.09375,0.109375,0.125,0.25,0.5,
0.625,0.75,0.8125,0.84375,0.859375,0.875,1.),.UNSPECIFIED.);
#108=B_SPLINE_SURFACE_WITH_KNOTS('',1,3,((#7272,#7273,#7274,#7275,#7276,
#7277,#7278,#7279,#7280,#7281,#7282,#7283,#7284,#7285,#7286,#7287,#7288,
#7289,#7290,#7291,#7292,#7293),(#7294,#7295,#7296,#7297,#7298,#7299,#7300,
#7301,#7302,#7303,#7304,#7305,#7306,#7307,#7308,#7309,#7310,#7311,#7312,
#7313,#7314,#7315)),.SURF_OF_LINEAR_EXTRUSION.,.F.,.F.,.F.,(2,2),(4,2,2,
2,2,2,2,2,2,2,4),(0.,1.),(0.,0.0625,0.09375,0.125,0.25,0.5,0.75,0.8125,
0.84375,0.875,1.),.UNSPECIFIED.);
#109=B_SPLINE_SURFACE_WITH_KNOTS('',1,3,((#7332,#7333,#7334,#7335,#7336,
#7337,#7338,#7339,#7340,#7341,#7342,#7343,#7344,#7345,#7346,#7347,#7348,
#7349,#7350,#7351,#7352,#7353,#7354,#7355),(#7356,#7357,#7358,#7359,#7360,
#7361,#7362,#7363,#7364,#7365,#7366,#7367,#7368,#7369,#7370,#7371,#7372,
#7373,#7374,#7375,#7376,#7377,#7378,#7379)),.SURF_OF_LINEAR_EXTRUSION.,
 .F.,.F.,.F.,(2,2),(4,2,2,2,2,2,2,2,2,2,2,4),(0.,1.),(0.,0.0625,0.09375,
0.125,0.25,0.5,0.75,0.8125,0.84375,0.859375,0.875,1.),.UNSPECIFIED.);
#110=B_SPLINE_SURFACE_WITH_KNOTS('',1,3,((#7392,#7393,#7394,#7395,#7396,
#7397,#7398,#7399,#7400,#7401,#7402,#7403,#7404,#7405,#7406,#7407,#7408,
#7409,#7410,#7411,#7412,#7413,#7414,#7415,#7416,#7417),(#7418,#7419,#7420,
#7421,#7422,#7423,#7424,#7425,#7426,#7427,#7428,#7429,#7430,#7431,#7432,
#7433,#7434,#7435,#7436,#7437,#7438,#7439,#7440,#7441,#7442,#7443)),
 .SURF_OF_LINEAR_EXTRUSION.,.F.,.F.,.F.,(2,2),(4,2,2,2,2,2,2,2,2,2,2,2,
4),(0.,1.),(0.,0.0625,0.09375,0.109375,0.125,0.25,0.5,0.75,0.8125,0.84375,
0.859375,0.875,1.),.UNSPECIFIED.);
#111=B_SPLINE_SURFACE_WITH_KNOTS('',1,3,((#7455,#7456,#7457,#7458,#7459,
#7460,#7461,#7462,#7463,#7464,#7465,#7466,#7467,#7468,#7469,#7470,#7471,
#7472,#7473,#7474,#7475,#7476),(#7477,#7478,#7479,#7480,#7481,#7482,#7483,
#7484,#7485,#7486,#7487,#7488,#7489,#7490,#7491,#7492,#7493,#7494,#7495,
#7496,#7497,#7498)),.SURF_OF_LINEAR_EXTRUSION.,.F.,.F.,.F.,(2,2),(4,2,2,
2,2,2,2,2,2,2,4),(0.,1.),(0.,0.0625,0.09375,0.125,0.25,0.5,0.75,0.8125,
0.84375,0.875,1.),.UNSPECIFIED.);
#112=B_SPLINE_SURFACE_WITH_KNOTS('',1,3,((#7505,#7506,#7507,#7508,#7509,
#7510,#7511,#7512,#7513,#7514,#7515,#7516,#7517,#7518,#7519,#7520,#7521,
#7522,#7523,#7524,#7525,#7526),(#7527,#7528,#7529,#7530,#7531,#7532,#7533,
#7534,#7535,#7536,#7537,#7538,#7539,#7540,#7541,#7542,#7543,#7544,#7545,
#7546,#7547,#7548)),.SURF_OF_LINEAR_EXTRUSION.,.F.,.F.,.F.,(2,2),(4,2,2,
2,2,2,2,2,2,2,4),(0.,1.),(0.,0.25,0.5,0.5625,0.59375,0.625,0.6875,0.71875,
0.734375,0.75,1.),.UNSPECIFIED.);
#113=B_SPLINE_SURFACE_WITH_KNOTS('',1,3,((#7563,#7564,#7565,#7566,#7567,
#7568,#7569,#7570,#7571,#7572,#7573,#7574,#7575,#7576,#7577,#7578,#7579,
#7580,#7581,#7582,#7583,#7584,#7585,#7586,#7587,#7588),(#7589,#7590,#7591,
#7592,#7593,#7594,#7595,#7596,#7597,#7598,#7599,#7600,#7601,#7602,#7603,
#7604,#7605,#7606,#7607,#7608,#7609,#7610,#7611,#7612,#7613,#7614)),
 .SURF_OF_LINEAR_EXTRUSION.,.F.,.F.,.F.,(2,2),(4,2,2,2,2,2,2,2,2,2,2,2,
4),(0.,1.),(0.,0.125,0.1875,0.21875,0.25,0.375,0.4375,0.5,0.75,0.8125,0.84375,
0.875,1.),.UNSPECIFIED.);
#114=B_SPLINE_SURFACE_WITH_KNOTS('',1,3,((#7624,#7625,#7626,#7627,#7628,
#7629,#7630,#7631,#7632,#7633,#7634,#7635,#7636,#7637,#7638,#7639,#7640,
#7641,#7642,#7643),(#7644,#7645,#7646,#7647,#7648,#7649,#7650,#7651,#7652,
#7653,#7654,#7655,#7656,#7657,#7658,#7659,#7660,#7661,#7662,#7663)),
 .SURF_OF_LINEAR_EXTRUSION.,.F.,.F.,.F.,(2,2),(4,2,2,2,2,2,2,2,2,4),(0.,
1.),(0.,0.0625,0.09375,0.109375,0.125,0.25,0.5,0.625,0.75,1.),
 .UNSPECIFIED.);
#115=B_SPLINE_SURFACE_WITH_KNOTS('',1,3,((#7675,#7676,#7677,#7678,#7679,
#7680,#7681,#7682,#7683,#7684,#7685,#7686,#7687,#7688,#7689,#7690,#7691,
#7692,#7693,#7694,#7695,#7696,#7697,#7698),(#7699,#7700,#7701,#7702,#7703,
#7704,#7705,#7706,#7707,#7708,#7709,#7710,#7711,#7712,#7713,#7714,#7715,
#7716,#7717,#7718,#7719,#7720,#7721,#7722)),.SURF_OF_LINEAR_EXTRUSION.,
 .F.,.F.,.F.,(2,2),(4,2,2,2,2,2,2,2,2,2,2,4),(0.,1.),(0.,0.125,0.1875,0.25,
0.5,0.625,0.6875,0.75,0.8125,0.84375,0.875,1.),.UNSPECIFIED.);
#116=B_SPLINE_SURFACE_WITH_KNOTS('',1,3,((#7773,#7774,#7775,#7776,#7777,
#7778,#7779,#7780,#7781,#7782,#7783,#7784,#7785,#7786,#7787,#7788,#7789,
#7790,#7791,#7792,#7793,#7794,#7795,#7796,#7797,#7798,#7799,#7800,#7801,
#7802,#7803,#7804),(#7805,#7806,#7807,#7808,#7809,#7810,#7811,#7812,#7813,
#7814,#7815,#7816,#7817,#7818,#7819,#7820,#7821,#7822,#7823,#7824,#7825,
#7826,#7827,#7828,#7829,#7830,#7831,#7832,#7833,#7834,#7835,#7836)),
 .RULED_SURF.,.F.,.F.,.F.,(2,2),(4,2,2,2,2,2,2,2,2,2,2,2,2,2,2,4),(0.,1.),
(0.,0.0625,0.09375,0.109375,0.125,0.25,0.375,0.4375,0.5,0.625,0.75,0.8125,
0.84375,0.859375,0.875,1.),.UNSPECIFIED.);
#117=B_SPLINE_SURFACE_WITH_KNOTS('',1,3,((#7849,#7850,#7851,#7852,#7853,
#7854,#7855,#7856,#7857,#7858,#7859,#7860,#7861,#7862,#7863,#7864,#7865,
#7866,#7867,#7868,#7869,#7870,#7871,#7872,#7873,#7874,#7875,#7876),(#7877,
#7878,#7879,#7880,#7881,#7882,#7883,#7884,#7885,#7886,#7887,#7888,#7889,
#7890,#7891,#7892,#7893,#7894,#7895,#7896,#7897,#7898,#7899,#7900,#7901,
#7902,#7903,#7904)),.RULED_SURF.,.F.,.F.,.F.,(2,2),(4,2,2,2,2,2,2,2,2,2,
2,2,2,4),(0.,1.),(0.,0.0625,0.09375,0.109375,0.125,0.25,0.375,0.5,0.75,
0.8125,0.84375,0.859375,0.875,1.),.UNSPECIFIED.);
#118=B_SPLINE_SURFACE_WITH_KNOTS('',1,3,((#7917,#7918,#7919,#7920,#7921,
#7922,#7923,#7924,#7925,#7926,#7927,#7928,#7929,#7930,#7931,#7932,#7933,
#7934,#7935,#7936,#7937,#7938,#7939,#7940,#7941,#7942,#7943,#7944,#7945,
#7946,#7947,#7948,#7949,#7950),(#7951,#7952,#7953,#7954,#7955,#7956,#7957,
#7958,#7959,#7960,#7961,#7962,#7963,#7964,#7965,#7966,#7967,#7968,#7969,
#7970,#7971,#7972,#7973,#7974,#7975,#7976,#7977,#7978,#7979,#7980,#7981,
#7982,#7983,#7984)),.RULED_SURF.,.F.,.F.,.F.,(2,2),(4,2,2,2,2,2,2,2,2,2,
2,2,2,2,2,2,4),(0.,1.),(0.,0.03125,0.046875,0.0546875,0.0625,0.125,0.25,
0.5,0.625,0.75,0.8125,0.875,0.90625,0.921875,0.9296875,0.9375,1.),
 .UNSPECIFIED.);
#119=B_SPLINE_SURFACE_WITH_KNOTS('',1,3,((#7999,#8000,#8001,#8002,#8003,
#8004,#8005,#8006,#8007,#8008,#8009,#8010,#8011,#8012,#8013,#8014),(#8015,
#8016,#8017,#8018,#8019,#8020,#8021,#8022,#8023,#8024,#8025,#8026,#8027,
#8028,#8029,#8030)),.SURF_OF_LINEAR_EXTRUSION.,.F.,.F.,.F.,(2,2),(4,2,2,
2,2,2,2,4),(0.,1.),(0.,0.125,0.25,0.375,0.4375,0.46875,0.5,1.),
 .UNSPECIFIED.);
#120=B_SPLINE_SURFACE_WITH_KNOTS('',1,3,((#8079,#8080,#8081,#8082,#8083,
#8084,#8085,#8086,#8087,#8088,#8089,#8090,#8091,#8092,#8093,#8094,#8095,
#8096,#8097,#8098,#8099,#8100,#8101,#8102,#8103,#8104,#8105,#8106,#8107,
#8108),(#8109,#8110,#8111,#8112,#8113,#8114,#8115,#8116,#8117,#8118,#8119,
#8120,#8121,#8122,#8123,#8124,#8125,#8126,#8127,#8128,#8129,#8130,#8131,
#8132,#8133,#8134,#8135,#8136,#8137,#8138)),.SURF_OF_LINEAR_EXTRUSION.,
 .F.,.F.,.F.,(2,2),(4,2,2,2,2,2,2,2,2,2,2,2,2,2,4),(0.,1.),(0.,0.0625,0.09375,
0.109375,0.125,0.25,0.375,0.5,0.625,0.6875,0.75,0.8125,0.84375,0.875,1.),
 .UNSPECIFIED.);
#121=B_SPLINE_SURFACE_WITH_KNOTS('',1,3,((#8156,#8157,#8158,#8159,#8160,
#8161,#8162,#8163,#8164,#8165,#8166,#8167,#8168,#8169,#8170,#8171,#8172,
#8173,#8174,#8175,#8176,#8177,#8178,#8179,#8180,#8181,#8182,#8183,#8184,
#8185,#8186,#8187),(#8188,#8189,#8190,#8191,#8192,#8193,#8194,#8195,#8196,
#8197,#8198,#8199,#8200,#8201,#8202,#8203,#8204,#8205,#8206,#8207,#8208,
#8209,#8210,#8211,#8212,#8213,#8214,#8215,#8216,#8217,#8218,#8219)),
 .SURF_OF_LINEAR_EXTRUSION.,.F.,.F.,.F.,(2,2),(4,2,2,2,2,2,2,2,2,2,2,2,
2,2,2,4),(0.,1.),(0.,0.0625,0.09375,0.109375,0.125,0.1875,0.25,0.375,0.4375,
0.5,0.75,0.8125,0.84375,0.859375,0.875,1.),.UNSPECIFIED.);
#122=B_SPLINE_SURFACE_WITH_KNOTS('',1,3,((#8232,#8233,#8234,#8235,#8236,
#8237,#8238,#8239,#8240,#8241,#8242,#8243,#8244,#8245,#8246,#8247,#8248,
#8249,#8250,#8251,#8252,#8253,#8254,#8255,#8256,#8257,#8258,#8259),(#8260,
#8261,#8262,#8263,#8264,#8265,#8266,#8267,#8268,#8269,#8270,#8271,#8272,
#8273,#8274,#8275,#8276,#8277,#8278,#8279,#8280,#8281,#8282,#8283,#8284,
#8285,#8286,#8287)),.SURF_OF_LINEAR_EXTRUSION.,.F.,.F.,.F.,(2,2),(4,2,2,
2,2,2,2,2,2,2,2,2,2,4),(0.,1.),(0.,0.0625,0.09375,0.109375,0.125,0.25,0.5,
0.625,0.75,0.8125,0.84375,0.859375,0.875,1.),.UNSPECIFIED.);
#123=B_SPLINE_SURFACE_WITH_KNOTS('',1,3,((#8300,#8301,#8302,#8303,#8304,
#8305,#8306,#8307,#8308,#8309,#8310,#8311,#8312,#8313,#8314,#8315,#8316,
#8317,#8318,#8319,#8320,#8321,#8322,#8323,#8324,#8325),(#8326,#8327,#8328,
#8329,#8330,#8331,#8332,#8333,#8334,#8335,#8336,#8337,#8338,#8339,#8340,
#8341,#8342,#8343,#8344,#8345,#8346,#8347,#8348,#8349,#8350,#8351)),
 .SURF_OF_LINEAR_EXTRUSION.,.F.,.F.,.F.,(2,2),(4,2,2,2,2,2,2,2,2,2,2,2,
4),(0.,1.),(0.,0.0625,0.09375,0.125,0.1875,0.25,0.5,0.75,0.8125,0.84375,
0.859375,0.875,1.),.UNSPECIFIED.);
#124=B_SPLINE_SURFACE_WITH_KNOTS('',1,3,((#8384,#8385,#8386,#8387,#8388,
#8389,#8390,#8391,#8392,#8393,#8394,#8395,#8396,#8397,#8398,#8399,#8400,
#8401,#8402,#8403,#8404,#8405,#8406,#8407,#8408,#8409,#8410,#8411,#8412,
#8413,#8414,#8415,#8416,#8417,#8418,#8419),(#8420,#8421,#8422,#8423,#8424,
#8425,#8426,#8427,#8428,#8429,#8430,#8431,#8432,#8433,#8434,#8435,#8436,
#8437,#8438,#8439,#8440,#8441,#8442,#8443,#8444,#8445,#8446,#8447,#8448,
#8449,#8450,#8451,#8452,#8453,#8454,#8455)),.RULED_SURF.,.F.,.F.,.F.,(2,
2),(4,2,2,2,2,2,2,2,2,2,2,2,2,2,2,2,2,4),(0.,1.),(0.,0.03125,0.046875,0.0546875,
0.0625,0.125,0.25,0.375,0.4375,0.5,0.625,0.75,0.8125,0.84375,0.859375,0.8671875,
0.875,1.),.UNSPECIFIED.);
#125=B_SPLINE_SURFACE_WITH_KNOTS('',1,3,((#8469,#8470,#8471,#8472,#8473,
#8474,#8475,#8476,#8477,#8478,#8479,#8480,#8481,#8482,#8483,#8484,#8485,
#8486,#8487,#8488,#8489,#8490,#8491,#8492,#8493,#8494,#8495,#8496,#8497,
#8498,#8499,#8500,#8501,#8502,#8503,#8504),(#8505,#8506,#8507,#8508,#8509,
#8510,#8511,#8512,#8513,#8514,#8515,#8516,#8517,#8518,#8519,#8520,#8521,
#8522,#8523,#8524,#8525,#8526,#8527,#8528,#8529,#8530,#8531,#8532,#8533,
#8534,#8535,#8536,#8537,#8538,#8539,#8540)),.RULED_SURF.,.F.,.F.,.F.,(2,
2),(4,2,2,2,2,2,2,2,2,2,2,2,2,2,2,2,2,4),(0.,1.),(0.,0.0625,0.09375,0.109375,
0.1171875,0.125,0.25,0.375,0.5,0.625,0.6875,0.75,0.875,0.90625,0.921875,
0.9296875,0.9375,1.),.UNSPECIFIED.);
#126=B_SPLINE_SURFACE_WITH_KNOTS('',1,3,((#8554,#8555,#8556,#8557,#8558,
#8559,#8560,#8561,#8562,#8563,#8564,#8565,#8566,#8567,#8568,#8569,#8570,
#8571,#8572,#8573,#8574,#8575,#8576,#8577,#8578,#8579),(#8580,#8581,#8582,
#8583,#8584,#8585,#8586,#8587,#8588,#8589,#8590,#8591,#8592,#8593,#8594,
#8595,#8596,#8597,#8598,#8599,#8600,#8601,#8602,#8603,#8604,#8605)),
 .RULED_SURF.,.F.,.F.,.F.,(2,2),(4,2,2,2,2,2,2,2,2,2,2,2,4),(0.,1.),(0.,
0.0625,0.09375,0.109375,0.125,0.25,0.5,0.75,0.8125,0.84375,0.859375,0.875,
1.),.UNSPECIFIED.);
#127=B_SPLINE_SURFACE_WITH_KNOTS('',1,3,((#8625,#8626,#8627,#8628,#8629,
#8630,#8631,#8632,#8633,#8634,#8635,#8636,#8637,#8638,#8639,#8640,#8641,
#8642,#8643,#8644,#8645,#8646),(#8647,#8648,#8649,#8650,#8651,#8652,#8653,
#8654,#8655,#8656,#8657,#8658,#8659,#8660,#8661,#8662,#8663,#8664,#8665,
#8666,#8667,#8668)),.RULED_SURF.,.F.,.F.,.F.,(2,2),(4,2,2,2,2,2,2,2,2,2,
4),(0.,1.),(0.,0.125,0.1875,0.21875,0.25,0.5,0.75,0.8125,0.84375,0.875,
1.),.UNSPECIFIED.);
#128=B_SPLINE_SURFACE_WITH_KNOTS('',1,3,((#8679,#8680,#8681,#8682,#8683,
#8684,#8685,#8686,#8687,#8688,#8689,#8690,#8691,#8692,#8693,#8694,#8695,
#8696,#8697,#8698,#8699,#8700,#8701,#8702),(#8703,#8704,#8705,#8706,#8707,
#8708,#8709,#8710,#8711,#8712,#8713,#8714,#8715,#8716,#8717,#8718,#8719,
#8720,#8721,#8722,#8723,#8724,#8725,#8726)),.SURF_OF_LINEAR_EXTRUSION.,
 .F.,.F.,.F.,(2,2),(4,2,2,2,2,2,2,2,2,2,2,4),(0.,1.),(0.,0.0625,0.09375,
0.125,0.1875,0.25,0.5,0.75,0.8125,0.84375,0.875,1.),.UNSPECIFIED.);
#129=B_SPLINE_SURFACE_WITH_KNOTS('',1,3,((#8738,#8739,#8740,#8741,#8742,
#8743,#8744,#8745,#8746,#8747,#8748,#8749,#8750,#8751,#8752,#8753,#8754,
#8755,#8756,#8757,#8758,#8759),(#8760,#8761,#8762,#8763,#8764,#8765,#8766,
#8767,#8768,#8769,#8770,#8771,#8772,#8773,#8774,#8775,#8776,#8777,#8778,
#8779,#8780,#8781)),.SURF_OF_LINEAR_EXTRUSION.,.F.,.F.,.F.,(2,2),(4,2,2,
2,2,2,2,2,2,2,4),(0.,1.),(0.,0.0625,0.09375,0.125,0.25,0.375,0.4375,0.5,
0.625,0.75,1.),.UNSPECIFIED.);
#130=B_SPLINE_SURFACE_WITH_KNOTS('',1,3,((#8792,#8793,#8794,#8795,#8796,
#8797,#8798,#8799,#8800,#8801,#8802,#8803,#8804,#8805,#8806,#8807,#8808,
#8809,#8810,#8811),(#8812,#8813,#8814,#8815,#8816,#8817,#8818,#8819,#8820,
#8821,#8822,#8823,#8824,#8825,#8826,#8827,#8828,#8829,#8830,#8831)),
 .SURF_OF_LINEAR_EXTRUSION.,.F.,.F.,.F.,(2,2),(4,2,2,2,2,2,2,2,2,4),(0.,
1.),(0.,0.125,0.1875,0.25,0.5,0.625,0.6875,0.71875,0.75,1.),
 .UNSPECIFIED.);
#131=B_SPLINE_SURFACE_WITH_KNOTS('',1,3,((#8922,#8923,#8924,#8925,#8926,
#8927,#8928,#8929,#8930,#8931,#8932,#8933,#8934,#8935,#8936,#8937,#8938,
#8939),(#8940,#8941,#8942,#8943,#8944,#8945,#8946,#8947,#8948,#8949,#8950,
#8951,#8952,#8953,#8954,#8955,#8956,#8957)),.SURF_OF_LINEAR_EXTRUSION.,
 .F.,.F.,.F.,(2,2),(4,2,2,2,2,2,2,2,4),(0.,1.),(0.,0.25,0.3125,0.375,0.5,
0.625,0.6875,0.75,1.),.UNSPECIFIED.);
#132=B_SPLINE_SURFACE_WITH_KNOTS('',1,3,((#8972,#8973,#8974,#8975,#8976,
#8977,#8978,#8979,#8980,#8981,#8982,#8983,#8984,#8985,#8986,#8987,#8988,
#8989,#8990,#8991,#8992,#8993,#8994,#8995,#8996,#8997),(#8998,#8999,#9000,
#9001,#9002,#9003,#9004,#9005,#9006,#9007,#9008,#9009,#9010,#9011,#9012,
#9013,#9014,#9015,#9016,#9017,#9018,#9019,#9020,#9021,#9022,#9023)),
 .RULED_SURF.,.F.,.F.,.F.,(2,2),(4,2,2,2,2,2,2,2,2,2,2,2,4),(0.,1.),(0.,
0.0625,0.09375,0.109375,0.125,0.25,0.5,0.75,0.8125,0.84375,0.859375,0.875,
1.),.UNSPECIFIED.);
#133=B_SPLINE_SURFACE_WITH_KNOTS('',1,3,((#9036,#9037,#9038,#9039,#9040,
#9041,#9042,#9043,#9044,#9045,#9046,#9047,#9048,#9049,#9050,#9051,#9052,
#9053,#9054,#9055,#9056,#9057,#9058,#9059,#9060,#9061,#9062,#9063),(#9064,
#9065,#9066,#9067,#9068,#9069,#9070,#9071,#9072,#9073,#9074,#9075,#9076,
#9077,#9078,#9079,#9080,#9081,#9082,#9083,#9084,#9085,#9086,#9087,#9088,
#9089,#9090,#9091)),.RULED_SURF.,.F.,.F.,.F.,(2,2),(4,2,2,2,2,2,2,2,2,2,
2,2,2,4),(0.,1.),(0.,0.0625,0.09375,0.109375,0.125,0.25,0.375,0.5,0.75,
0.875,0.90625,0.921875,0.9375,1.),.UNSPECIFIED.);
#134=B_SPLINE_SURFACE_WITH_KNOTS('',1,3,((#9105,#9106,#9107,#9108,#9109,
#9110,#9111,#9112,#9113,#9114,#9115,#9116,#9117,#9118,#9119,#9120,#9121,
#9122,#9123,#9124,#9125,#9126,#9127,#9128,#9129,#9130,#9131,#9132),(#9133,
#9134,#9135,#9136,#9137,#9138,#9139,#9140,#9141,#9142,#9143,#9144,#9145,
#9146,#9147,#9148,#9149,#9150,#9151,#9152,#9153,#9154,#9155,#9156,#9157,
#9158,#9159,#9160)),.SURF_OF_LINEAR_EXTRUSION.,.F.,.F.,.F.,(2,2),(4,2,2,
2,2,2,2,2,2,2,2,2,2,4),(0.,1.),(0.,0.0625,0.09375,0.109375,0.125,0.25,0.375,
0.5,0.75,0.8125,0.84375,0.859375,0.875,1.),.UNSPECIFIED.);
#135=B_SPLINE_SURFACE_WITH_KNOTS('',1,3,((#9173,#9174,#9175,#9176,#9177,
#9178,#9179,#9180,#9181,#9182,#9183,#9184,#9185,#9186,#9187,#9188,#9189,
#9190,#9191,#9192),(#9193,#9194,#9195,#9196,#9197,#9198,#9199,#9200,#9201,
#9202,#9203,#9204,#9205,#9206,#9207,#9208,#9209,#9210,#9211,#9212)),
 .SURF_OF_LINEAR_EXTRUSION.,.F.,.F.,.F.,(2,2),(4,2,2,2,2,2,2,2,2,4),(0.,
1.),(0.,0.25,0.375,0.5,0.75,0.8125,0.84375,0.859375,0.875,1.),
 .UNSPECIFIED.);
#136=B_SPLINE_SURFACE_WITH_KNOTS('',1,3,((#9224,#9225,#9226,#9227,#9228,
#9229,#9230,#9231,#9232,#9233,#9234,#9235,#9236,#9237,#9238,#9239,#9240,
#9241,#9242,#9243,#9244,#9245,#9246,#9247,#9248,#9249,#9250,#9251,#9252,
#9253,#9254,#9255,#9256,#9257,#9258,#9259,#9260,#9261),(#9262,#9263,#9264,
#9265,#9266,#9267,#9268,#9269,#9270,#9271,#9272,#9273,#9274,#9275,#9276,
#9277,#9278,#9279,#9280,#9281,#9282,#9283,#9284,#9285,#9286,#9287,#9288,
#9289,#9290,#9291,#9292,#9293,#9294,#9295,#9296,#9297,#9298,#9299)),
 .RULED_SURF.,.F.,.F.,.F.,(2,2),(4,2,2,2,2,2,2,2,2,2,2,2,2,2,2,2,2,2,4),
(0.,1.),(0.,0.0625,0.09375,0.109375,0.1171875,0.125,0.25,0.375,0.4375,0.5,
0.625,0.6875,0.75,0.8125,0.84375,0.859375,0.8671875,0.875,1.),
 .UNSPECIFIED.);
#137=B_SPLINE_SURFACE_WITH_KNOTS('',1,3,((#9312,#9313,#9314,#9315,#9316,
#9317,#9318,#9319,#9320,#9321,#9322,#9323,#9324,#9325,#9326,#9327,#9328,
#9329,#9330,#9331,#9332,#9333,#9334,#9335,#9336,#9337,#9338,#9339,#9340,
#9341,#9342,#9343,#9344,#9345,#9346,#9347),(#9348,#9349,#9350,#9351,#9352,
#9353,#9354,#9355,#9356,#9357,#9358,#9359,#9360,#9361,#9362,#9363,#9364,
#9365,#9366,#9367,#9368,#9369,#9370,#9371,#9372,#9373,#9374,#9375,#9376,
#9377,#9378,#9379,#9380,#9381,#9382,#9383)),.RULED_SURF.,.F.,.F.,.F.,(2,
2),(4,2,2,2,2,2,2,2,2,2,2,2,2,2,2,2,2,4),(0.,1.),(0.,0.0625,0.09375,0.109375,
0.1171875,0.125,0.1875,0.25,0.5,0.625,0.6875,0.75,0.8125,0.84375,0.859375,
0.8671875,0.875,1.),.UNSPECIFIED.);
#138=B_SPLINE_SURFACE_WITH_KNOTS('',1,3,((#9403,#9404,#9405,#9406,#9407,
#9408,#9409,#9410,#9411,#9412,#9413,#9414,#9415,#9416,#9417,#9418,#9419,
#9420,#9421,#9422,#9423,#9424,#9425,#9426,#9427,#9428,#9429,#9430,#9431,
#9432,#9433,#9434,#9435,#9436,#9437,#9438,#9439,#9440),(#9441,#9442,#9443,
#9444,#9445,#9446,#9447,#9448,#9449,#9450,#9451,#9452,#9453,#9454,#9455,
#9456,#9457,#9458,#9459,#9460,#9461,#9462,#9463,#9464,#9465,#9466,#9467,
#9468,#9469,#9470,#9471,#9472,#9473,#9474,#9475,#9476,#9477,#9478)),
 .RULED_SURF.,.F.,.F.,.F.,(2,2),(4,2,2,2,2,2,2,2,2,2,2,2,2,2,2,2,2,2,4),
(0.,1.),(0.,0.0625,0.09375,0.109375,0.125,0.1875,0.21875,0.25,0.3125,0.34375,
0.375,0.5,0.625,0.75,0.8125,0.84375,0.859375,0.875,1.),.UNSPECIFIED.);
#139=B_SPLINE_SURFACE_WITH_KNOTS('',1,3,((#9491,#9492,#9493,#9494,#9495,
#9496,#9497,#9498,#9499,#9500,#9501,#9502,#9503,#9504),(#9505,#9506,#9507,
#9508,#9509,#9510,#9511,#9512,#9513,#9514,#9515,#9516,#9517,#9518)),
 .SURF_OF_LINEAR_EXTRUSION.,.F.,.F.,.F.,(2,2),(4,2,2,2,2,2,4),(0.,1.),(0.,
0.0625,0.09375,0.125,0.25,0.5,1.),.UNSPECIFIED.);
#140=B_SPLINE_SURFACE_WITH_KNOTS('',1,3,((#9529,#9530,#9531,#9532,#9533,
#9534,#9535,#9536,#9537,#9538,#9539,#9540,#9541,#9542,#9543,#9544,#9545,
#9546,#9547,#9548,#9549,#9550,#9551,#9552,#9553,#9554,#9555,#9556,#9557,
#9558),(#9559,#9560,#9561,#9562,#9563,#9564,#9565,#9566,#9567,#9568,#9569,
#9570,#9571,#9572,#9573,#9574,#9575,#9576,#9577,#9578,#9579,#9580,#9581,
#9582,#9583,#9584,#9585,#9586,#9587,#9588)),.RULED_SURF.,.F.,.F.,.F.,(2,
2),(4,2,2,2,2,2,2,2,2,2,2,2,2,2,4),(0.,1.),(0.,0.0625,0.125,0.25,0.3125,
0.375,0.4375,0.46875,0.5,0.625,0.6875,0.71875,0.734375,0.75,1.),
 .UNSPECIFIED.);
#141=B_SPLINE_SURFACE_WITH_KNOTS('',1,3,((#9607,#9608,#9609,#9610,#9611,
#9612,#9613,#9614,#9615,#9616,#9617,#9618,#9619,#9620,#9621,#9622,#9623,
#9624,#9625,#9626,#9627,#9628,#9629,#9630,#9631,#9632,#9633,#9634,#9635,
#9636,#9637,#9638,#9639,#9640,#9641,#9642,#9643,#9644,#9645,#9646,#9647,
#9648),(#9649,#9650,#9651,#9652,#9653,#9654,#9655,#9656,#9657,#9658,#9659,
#9660,#9661,#9662,#9663,#9664,#9665,#9666,#9667,#9668,#9669,#9670,#9671,
#9672,#9673,#9674,#9675,#9676,#9677,#9678,#9679,#9680,#9681,#9682,#9683,
#9684,#9685,#9686,#9687,#9688,#9689,#9690)),.RULED_SURF.,.F.,.F.,.F.,(2,
2),(4,2,2,2,2,2,2,2,2,2,2,2,2,2,2,2,2,2,2,2,4),(0.,1.),(0.,0.125,0.1875,
0.21875,0.234375,0.2421875,0.25,0.375,0.4375,0.46875,0.484375,0.5,0.625,
0.6875,0.75,0.8125,0.875,0.90625,0.921875,0.9375,1.),.UNSPECIFIED.);
#142=B_SPLINE_SURFACE_WITH_KNOTS('',1,3,((#9703,#9704,#9705,#9706,#9707,
#9708,#9709,#9710,#9711,#9712,#9713,#9714,#9715,#9716,#9717,#9718,#9719,
#9720,#9721,#9722,#9723,#9724),(#9725,#9726,#9727,#9728,#9729,#9730,#9731,
#9732,#9733,#9734,#9735,#9736,#9737,#9738,#9739,#9740,#9741,#9742,#9743,
#9744,#9745,#9746)),.SURF_OF_LINEAR_EXTRUSION.,.F.,.F.,.F.,(2,2),(4,2,2,
2,2,2,2,2,2,2,4),(0.,1.),(0.,0.0625,0.09375,0.125,0.25,0.5,0.75,0.8125,
0.84375,0.875,1.),.UNSPECIFIED.);
#143=B_SPLINE_SURFACE_WITH_KNOTS('',1,3,((#9757,#9758,#9759,#9760,#9761,
#9762,#9763,#9764,#9765,#9766,#9767,#9768,#9769,#9770,#9771,#9772,#9773,
#9774,#9775,#9776,#9777,#9778,#9779,#9780,#9781,#9782),(#9783,#9784,#9785,
#9786,#9787,#9788,#9789,#9790,#9791,#9792,#9793,#9794,#9795,#9796,#9797,
#9798,#9799,#9800,#9801,#9802,#9803,#9804,#9805,#9806,#9807,#9808)),
 .SURF_OF_LINEAR_EXTRUSION.,.F.,.F.,.F.,(2,2),(4,2,2,2,2,2,2,2,2,2,2,2,
4),(0.,1.),(0.,0.0625,0.09375,0.125,0.25,0.375,0.5,0.625,0.75,0.8125,0.84375,
0.875,1.),.UNSPECIFIED.);
#144=B_SPLINE_SURFACE_WITH_KNOTS('',1,3,((#9822,#9823,#9824,#9825,#9826,
#9827,#9828,#9829,#9830,#9831,#9832,#9833,#9834,#9835,#9836,#9837,#9838,
#9839,#9840,#9841,#9842,#9843,#9844,#9845,#9846,#9847,#9848,#9849,#9850,
#9851,#9852,#9853,#9854,#9855,#9856,#9857,#9858,#9859,#9860,#9861,#9862,
#9863,#9864,#9865,#9866,#9867),(#9868,#9869,#9870,#9871,#9872,#9873,#9874,
#9875,#9876,#9877,#9878,#9879,#9880,#9881,#9882,#9883,#9884,#9885,#9886,
#9887,#9888,#9889,#9890,#9891,#9892,#9893,#9894,#9895,#9896,#9897,#9898,
#9899,#9900,#9901,#9902,#9903,#9904,#9905,#9906,#9907,#9908,#9909,#9910,
#9911,#9912,#9913)),.RULED_SURF.,.F.,.F.,.F.,(2,2),(4,2,2,2,2,2,2,2,2,2,
2,2,2,2,2,2,2,2,2,2,2,2,4),(0.,1.),(0.,0.0625,0.09375,0.109375,0.1171875,
0.125,0.1875,0.21875,0.234375,0.25,0.375,0.4375,0.46875,0.5,0.625,0.75,
0.8125,0.875,0.90625,0.921875,0.9296875,0.9375,1.),.UNSPECIFIED.);
#145=B_SPLINE_SURFACE_WITH_KNOTS('',1,3,((#9932,#9933,#9934,#9935,#9936,
#9937,#9938,#9939,#9940,#9941,#9942,#9943,#9944,#9945,#9946,#9947,#9948,
#9949,#9950,#9951,#9952,#9953,#9954,#9955,#9956,#9957,#9958,#9959,#9960,
#9961,#9962,#9963,#9964,#9965,#9966,#9967,#9968,#9969),(#9970,#9971,#9972,
#9973,#9974,#9975,#9976,#9977,#9978,#9979,#9980,#9981,#9982,#9983,#9984,
#9985,#9986,#9987,#9988,#9989,#9990,#9991,#9992,#9993,#9994,#9995,#9996,
#9997,#9998,#9999,#10000,#10001,#10002,#10003,#10004,#10005,#10006,#10007)),
 .RULED_SURF.,.F.,.F.,.F.,(2,2),(4,2,2,2,2,2,2,2,2,2,2,2,2,2,2,2,2,2,4),
(0.,1.),(0.,0.0625,0.09375,0.109375,0.1171875,0.125,0.25,0.375,0.4375,0.46875,
0.5,0.625,0.75,0.875,0.90625,0.921875,0.9296875,0.9375,1.),
 .UNSPECIFIED.);
#146=B_SPLINE_SURFACE_WITH_KNOTS('',1,3,((#10021,#10022,#10023,#10024,#10025,
#10026,#10027,#10028,#10029,#10030,#10031,#10032,#10033,#10034,#10035,#10036,
#10037,#10038,#10039,#10040,#10041,#10042,#10043,#10044,#10045,#10046,#10047,
#10048,#10049,#10050,#10051,#10052),(#10053,#10054,#10055,#10056,#10057,
#10058,#10059,#10060,#10061,#10062,#10063,#10064,#10065,#10066,#10067,#10068,
#10069,#10070,#10071,#10072,#10073,#10074,#10075,#10076,#10077,#10078,#10079,
#10080,#10081,#10082,#10083,#10084)),.RULED_SURF.,.F.,.F.,.F.,(2,2),(4,
2,2,2,2,2,2,2,2,2,2,2,2,2,2,4),(0.,1.),(0.,0.125,0.25,0.3125,0.375,0.4375,
0.46875,0.484375,0.5,0.625,0.6875,0.71875,0.734375,0.7421875,0.75,1.),
 .UNSPECIFIED.);
#147=B_SPLINE_SURFACE_WITH_KNOTS('',1,3,((#10126,#10127,#10128,#10129,#10130,
#10131,#10132,#10133,#10134,#10135,#10136,#10137,#10138,#10139,#10140,#10141,
#10142,#10143,#10144,#10145,#10146,#10147,#10148,#10149,#10150,#10151,#10152,
#10153,#10154,#10155,#10156,#10157,#10158,#10159,#10160,#10161,#10162,#10163,
#10164,#10165),(#10166,#10167,#10168,#10169,#10170,#10171,#10172,#10173,
#10174,#10175,#10176,#10177,#10178,#10179,#10180,#10181,#10182,#10183,#10184,
#10185,#10186,#10187,#10188,#10189,#10190,#10191,#10192,#10193,#10194,#10195,
#10196,#10197,#10198,#10199,#10200,#10201,#10202,#10203,#10204,#10205)),
 .SURF_OF_LINEAR_EXTRUSION.,.F.,.F.,.F.,(2,2),(4,2,2,2,2,2,2,2,2,2,2,2,
2,2,2,2,2,2,2,4),(0.,1.),(0.,0.125,0.1875,0.21875,0.234375,0.2421875,0.25,
0.375,0.4375,0.46875,0.484375,0.5,0.625,0.6875,0.75,0.875,0.90625,0.921875,
0.9375,1.),.UNSPECIFIED.);
#148=B_SPLINE_SURFACE_WITH_KNOTS('',1,3,((#10218,#10219,#10220,#10221,#10222,
#10223,#10224,#10225,#10226,#10227,#10228,#10229,#10230,#10231,#10232,#10233,
#10234,#10235,#10236,#10237,#10238,#10239,#10240,#10241,#10242,#10243),
(#10244,#10245,#10246,#10247,#10248,#10249,#10250,#10251,#10252,#10253,
#10254,#10255,#10256,#10257,#10258,#10259,#10260,#10261,#10262,#10263,#10264,
#10265,#10266,#10267,#10268,#10269)),.SURF_OF_LINEAR_EXTRUSION.,.F.,.F.,
 .F.,(2,2),(4,2,2,2,2,2,2,2,2,2,2,2,4),(0.,1.),(0.,0.0625,0.09375,0.125,
0.25,0.375,0.5,0.75,0.8125,0.84375,0.859375,0.875,1.),.UNSPECIFIED.);
#149=B_SPLINE_SURFACE_WITH_KNOTS('',1,3,((#10282,#10283,#10284,#10285,#10286,
#10287,#10288,#10289,#10290,#10291,#10292,#10293,#10294,#10295,#10296,#10297,
#10298,#10299,#10300,#10301,#10302,#10303,#10304,#10305,#10306,#10307,#10308,
#10309),(#10310,#10311,#10312,#10313,#10314,#10315,#10316,#10317,#10318,
#10319,#10320,#10321,#10322,#10323,#10324,#10325,#10326,#10327,#10328,#10329,
#10330,#10331,#10332,#10333,#10334,#10335,#10336,#10337)),
 .SURF_OF_LINEAR_EXTRUSION.,.F.,.F.,.F.,(2,2),(4,2,2,2,2,2,2,2,2,2,2,2,
2,4),(0.,1.),(0.,0.0625,0.09375,0.125,0.25,0.375,0.4375,0.46875,0.5,0.625,
0.6875,0.71875,0.75,1.),.UNSPECIFIED.);
#150=CONICAL_SURFACE('',#4188,0.0217,0.785398163397448);
#151=CONICAL_SURFACE('',#4213,0.0217,0.785398163397448);
#152=CONICAL_SURFACE('',#4220,0.0217,0.785398163397448);
#153=CONICAL_SURFACE('',#4226,0.0217,0.785398163397448);
#154=CONICAL_SURFACE('',#4232,0.0217,0.785398163397448);
#155=CONICAL_SURFACE('',#4238,0.0217,0.785398163397448);
#156=CONICAL_SURFACE('',#4244,0.0217,0.785398163397448);
#157=CONICAL_SURFACE('',#4254,0.0217,0.785398163397448);
#158=CONICAL_SURFACE('',#4292,0.0217,0.785398163397448);
#159=CONICAL_SURFACE('',#4383,0.000149643044333087,0.00347621258884141);
#160=PLANE('',#4185);
#161=PLANE('',#4191);
#162=PLANE('',#4192);
#163=PLANE('',#4195);
#164=PLANE('',#4198);
#165=PLANE('',#4201);
#166=PLANE('',#4204);
#167=PLANE('',#4207);
#168=PLANE('',#4210);
#169=PLANE('',#4216);
#170=PLANE('',#4222);
#171=PLANE('',#4228);
#172=PLANE('',#4234);
#173=PLANE('',#4240);
#174=PLANE('',#4246);
#175=PLANE('',#4250);
#176=PLANE('',#4256);
#177=PLANE('',#4259);
#178=PLANE('',#4263);
#179=PLANE('',#4267);
#180=PLANE('',#4290);
#181=PLANE('',#4296);
#182=PLANE('',#4297);
#183=PLANE('',#4298);
#184=PLANE('',#4299);
#185=PLANE('',#4303);
#186=PLANE('',#4304);
#187=PLANE('',#4305);
#188=PLANE('',#4309);
#189=PLANE('',#4310);
#190=PLANE('',#4311);
#191=PLANE('',#4315);
#192=PLANE('',#4316);
#193=PLANE('',#4317);
#194=PLANE('',#4321);
#195=PLANE('',#4322);
#196=PLANE('',#4323);
#197=PLANE('',#4327);
#198=PLANE('',#4328);
#199=PLANE('',#4329);
#200=PLANE('',#4333);
#201=PLANE('',#4334);
#202=PLANE('',#4335);
#203=PLANE('',#4339);
#204=PLANE('',#4340);
#205=PLANE('',#4341);
#206=PLANE('',#4342);
#207=PLANE('',#4343);
#208=PLANE('',#4344);
#209=PLANE('',#4345);
#210=PLANE('',#4346);
#211=PLANE('',#4347);
#212=PLANE('',#4348);
#213=PLANE('',#4349);
#214=PLANE('',#4350);
#215=PLANE('',#4351);
#216=PLANE('',#4352);
#217=PLANE('',#4353);
#218=PLANE('',#4354);
#219=PLANE('',#4355);
#220=PLANE('',#4356);
#221=PLANE('',#4357);
#222=PLANE('',#4358);
#223=PLANE('',#4364);
#224=PLANE('',#4366);
#225=PLANE('',#4367);
#226=PLANE('',#4372);
#227=PLANE('',#4374);
#228=PLANE('',#4375);
#229=PLANE('',#4377);
#230=PLANE('',#4378);
#231=PLANE('',#4388);
#232=PLANE('',#4391);
#233=PLANE('',#4393);
#234=PLANE('',#4395);
#235=PLANE('',#4397);
#236=PLANE('',#4398);
#237=PLANE('',#4401);
#238=PLANE('',#4403);
#239=PLANE('',#4405);
#240=PLANE('',#4409);
#241=PLANE('',#4410);
#242=PLANE('',#4412);
#243=PLANE('',#4416);
#244=PLANE('',#4418);
#245=PLANE('',#4420);
#246=PLANE('',#4422);
#247=PLANE('',#4425);
#248=PLANE('',#4426);
#249=PLANE('',#4428);
#250=PLANE('',#4429);
#251=PLANE('',#4431);
#252=PLANE('',#4432);
#253=PLANE('',#4434);
#254=PLANE('',#4435);
#255=PLANE('',#4437);
#256=PLANE('',#4438);
#257=PLANE('',#4440);
#258=PLANE('',#4445);
#259=PLANE('',#4446);
#260=PLANE('',#4448);
#261=PLANE('',#4451);
#262=PLANE('',#4453);
#263=PLANE('',#4454);
#264=PLANE('',#4457);
#265=PLANE('',#4459);
#266=PLANE('',#4461);
#267=PLANE('',#4462);
#268=PLANE('',#4464);
#269=PLANE('',#4465);
#270=PLANE('',#4467);
#271=PLANE('',#4470);
#272=PLANE('',#4471);
#273=PLANE('',#4473);
#274=PLANE('',#4474);
#275=PLANE('',#4476);
#276=PLANE('',#4478);
#277=B_SPLINE_CURVE_WITH_KNOTS('',3,(#5417,#5418,#5419,#5420,#5421,#5422,
#5423,#5424),.UNSPECIFIED.,.F.,.F.,(4,1,1,1,1,4),(0.,0.125,0.25,0.5,0.75,
1.),.UNSPECIFIED.);
#278=B_SPLINE_CURVE_WITH_KNOTS('',3,(#5427,#5428,#5429,#5430,#5431,#5432,
#5433,#5434),.UNSPECIFIED.,.F.,.F.,(4,1,1,1,1,4),(0.,0.125,0.25,0.5,0.75,
1.),.UNSPECIFIED.);
#279=B_SPLINE_CURVE_WITH_KNOTS('',3,(#5436,#5437,#5438,#5439,#5440,#5441),
 .UNSPECIFIED.,.F.,.F.,(4,1,1,4),(0.,0.25,0.5,1.),.UNSPECIFIED.);
#280=B_SPLINE_CURVE_WITH_KNOTS('',3,(#5455,#5456,#5457,#5458,#5459,#5460,
#5461),.UNSPECIFIED.,.F.,.F.,(4,1,1,1,4),(0.,0.25,0.5,0.75,1.),
 .UNSPECIFIED.);
#281=B_SPLINE_CURVE_WITH_KNOTS('',3,(#5463,#5464,#5465,#5466,#5467,#5468,
#5469),.UNSPECIFIED.,.F.,.F.,(4,1,1,1,4),(0.,0.25,0.5,0.75,1.),
 .UNSPECIFIED.);
#282=B_SPLINE_CURVE_WITH_KNOTS('',3,(#5471,#5472,#5473,#5474,#5475),
 .UNSPECIFIED.,.F.,.F.,(4,1,4),(0.,0.5,1.),.UNSPECIFIED.);
#283=B_SPLINE_CURVE_WITH_KNOTS('',3,(#5478,#5479,#5480,#5481),
 .UNSPECIFIED.,.F.,.F.,(4,4),(0.,1.),.UNSPECIFIED.);
#284=B_SPLINE_CURVE_WITH_KNOTS('',3,(#5484,#5485,#5486,#5487,#5488,#5489,
#5490),.UNSPECIFIED.,.F.,.F.,(4,1,1,1,4),(0.,0.25,0.5,0.75,1.),
 .UNSPECIFIED.);
#285=B_SPLINE_CURVE_WITH_KNOTS('',3,(#5492,#5493,#5494,#5495,#5496,#5497,
#5498,#5499),.UNSPECIFIED.,.F.,.F.,(4,1,1,1,1,4),(0.,0.125,0.25,0.5,0.75,
1.),.UNSPECIFIED.);
#286=B_SPLINE_CURVE_WITH_KNOTS('',3,(#5501,#5502,#5503,#5504,#5505,#5506,
#5507),.UNSPECIFIED.,.F.,.F.,(4,1,1,1,4),(0.,0.25,0.5,0.75,1.),
 .UNSPECIFIED.);
#287=B_SPLINE_CURVE_WITH_KNOTS('',3,(#5509,#5510,#5511,#5512,#5513,#5514),
 .UNSPECIFIED.,.F.,.F.,(4,1,1,4),(0.,0.25,0.5,1.),.UNSPECIFIED.);
#288=B_SPLINE_CURVE_WITH_KNOTS('',3,(#5516,#5517,#5518,#5519,#5520,#5521,
#5522),.UNSPECIFIED.,.F.,.F.,(4,1,1,1,4),(0.,0.25,0.5,0.75,1.),
 .UNSPECIFIED.);
#289=B_SPLINE_CURVE_WITH_KNOTS('',3,(#5524,#5525,#5526,#5527,#5528,#5529,
#5530),.UNSPECIFIED.,.F.,.F.,(4,1,1,1,4),(0.,0.25,0.5,0.75,1.),
 .UNSPECIFIED.);
#290=B_SPLINE_CURVE_WITH_KNOTS('',3,(#5534,#5535,#5536,#5537,#5538,#5539,
#5540),.UNSPECIFIED.,.F.,.F.,(4,1,1,1,4),(0.,0.25,0.5,0.75,1.),
 .UNSPECIFIED.);
#291=B_SPLINE_CURVE_WITH_KNOTS('',3,(#5542,#5543,#5544,#5545,#5546),
 .UNSPECIFIED.,.F.,.F.,(4,1,4),(0.,0.5,1.),.UNSPECIFIED.);
#292=B_SPLINE_CURVE_WITH_KNOTS('',3,(#5548,#5549,#5550,#5551,#5552,#5553),
 .UNSPECIFIED.,.F.,.F.,(4,1,1,4),(0.,0.5,0.75,1.),.UNSPECIFIED.);
#293=B_SPLINE_CURVE_WITH_KNOTS('',3,(#5557,#5558,#5559,#5560,#5561,#5562,
#5563),.UNSPECIFIED.,.F.,.F.,(4,1,1,1,4),(0.,0.25,0.5,0.75,1.),
 .UNSPECIFIED.);
#294=B_SPLINE_CURVE_WITH_KNOTS('',3,(#5565,#5566,#5567,#5568,#5569),
 .UNSPECIFIED.,.F.,.F.,(4,1,4),(0.,0.5,1.),.UNSPECIFIED.);
#295=B_SPLINE_CURVE_WITH_KNOTS('',3,(#5571,#5572,#5573,#5574,#5575),
 .UNSPECIFIED.,.F.,.F.,(4,1,4),(0.,0.5,1.),.UNSPECIFIED.);
#296=B_SPLINE_CURVE_WITH_KNOTS('',3,(#5607,#5608,#5609,#5610),
 .UNSPECIFIED.,.F.,.F.,(4,4),(9.70351168879476E-12,0.000108355687315715),
 .UNSPECIFIED.);
#297=B_SPLINE_CURVE_WITH_KNOTS('',3,(#5612,#5613,#5614,#5615,#5616,#5617,
#5618,#5619),.UNSPECIFIED.,.F.,.F.,(4,1,1,1,1,4),(0.,0.25,0.5,0.75,0.875,
1.),.UNSPECIFIED.);
#298=B_SPLINE_CURVE_WITH_KNOTS('',3,(#5621,#5622,#5623,#5624,#5625,#5626,
#5627,#5628),.UNSPECIFIED.,.F.,.F.,(4,1,1,1,1,4),(0.,0.125,0.25,0.5,0.75,
1.),.UNSPECIFIED.);
#299=B_SPLINE_CURVE_WITH_KNOTS('',3,(#5630,#5631,#5632,#5633,#5634,#5635,
#5636),.UNSPECIFIED.,.F.,.F.,(4,1,1,1,4),(0.,0.25,0.5,0.75,1.),
 .UNSPECIFIED.);
#300=B_SPLINE_CURVE_WITH_KNOTS('',3,(#5640,#5641,#5642,#5643,#5644),
 .UNSPECIFIED.,.F.,.F.,(4,1,4),(0.,0.5,1.),.UNSPECIFIED.);
#301=B_SPLINE_CURVE_WITH_KNOTS('',3,(#5646,#5647,#5648,#5649,#5650,#5651,
#5652),.UNSPECIFIED.,.F.,.F.,(4,1,1,1,4),(0.,0.25,0.5,0.75,1.),
 .UNSPECIFIED.);
#302=B_SPLINE_CURVE_WITH_KNOTS('',3,(#5654,#5655,#5656,#5657,#5658,#5659),
 .UNSPECIFIED.,.F.,.F.,(4,1,1,4),(0.,0.5,0.75,1.),.UNSPECIFIED.);
#303=B_SPLINE_CURVE_WITH_KNOTS('',3,(#5661,#5662,#5663,#5664),
 .UNSPECIFIED.,.F.,.F.,(4,4),(0.,1.),.UNSPECIFIED.);
#304=B_SPLINE_CURVE_WITH_KNOTS('',3,(#5674,#5675,#5676,#5677,#5678,#5679,
#5680),.UNSPECIFIED.,.F.,.F.,(4,1,1,1,4),(0.,0.25,0.5,0.75,1.),
 .UNSPECIFIED.);
#305=B_SPLINE_CURVE_WITH_KNOTS('',3,(#5682,#5683,#5684,#5685,#5686,#5687,
#5688),.UNSPECIFIED.,.F.,.F.,(4,1,1,1,4),(0.,0.25,0.5,0.75,1.),
 .UNSPECIFIED.);
#306=B_SPLINE_CURVE_WITH_KNOTS('',3,(#5690,#5691,#5692,#5693,#5694,#5695,
#5696,#5697,#5698),.UNSPECIFIED.,.F.,.F.,(4,1,1,1,1,1,4),(0.,0.125,0.25,
0.5,0.75,0.875,1.),.UNSPECIFIED.);
#307=B_SPLINE_CURVE_WITH_KNOTS('',3,(#5700,#5701,#5702,#5703,#5704,#5705),
 .UNSPECIFIED.,.F.,.F.,(4,1,1,4),(0.,0.5,0.75,1.),.UNSPECIFIED.);
#308=B_SPLINE_CURVE_WITH_KNOTS('',3,(#5713,#5714,#5715,#5716),
 .UNSPECIFIED.,.F.,.F.,(4,4),(1.21997146749057E-11,0.00178458256425775),
 .UNSPECIFIED.);
#309=B_SPLINE_CURVE_WITH_KNOTS('',3,(#5727,#5728,#5729,#5730,#5731,#5732,
#5733,#5734),.UNSPECIFIED.,.F.,.F.,(4,1,1,1,1,4),(0.,0.25,0.5,0.75,0.875,
1.),.UNSPECIFIED.);
#310=B_SPLINE_CURVE_WITH_KNOTS('',3,(#5737,#5738,#5739,#5740,#5741,#5742,
#5743,#5744),.UNSPECIFIED.,.F.,.F.,(4,1,1,1,1,4),(0.,0.125,0.25,0.5,0.75,
1.),.UNSPECIFIED.);
#311=B_SPLINE_CURVE_WITH_KNOTS('',3,(#5746,#5747,#5748,#5749,#5750,#5751,
#5752),.UNSPECIFIED.,.F.,.F.,(4,1,1,1,4),(0.,0.25,0.5,0.75,1.),
 .UNSPECIFIED.);
#312=B_SPLINE_CURVE_WITH_KNOTS('',3,(#5754,#5755,#5756,#5757),
 .UNSPECIFIED.,.F.,.F.,(4,4),(0.,1.),.UNSPECIFIED.);
#313=B_SPLINE_CURVE_WITH_KNOTS('',3,(#5759,#5760,#5761,#5762,#5763,#5764,
#5765,#5766),.UNSPECIFIED.,.F.,.F.,(4,1,1,1,1,4),(0.,0.25,0.5,0.75,0.875,
1.),.UNSPECIFIED.);
#314=B_SPLINE_CURVE_WITH_KNOTS('',3,(#5768,#5769,#5770,#5771,#5772,#5773,
#5774),.UNSPECIFIED.,.F.,.F.,(4,1,1,1,4),(0.,0.25,0.5,0.75,1.),
 .UNSPECIFIED.);
#315=B_SPLINE_CURVE_WITH_KNOTS('',3,(#5776,#5777,#5778,#5779),
 .UNSPECIFIED.,.F.,.F.,(4,4),(0.,1.),.UNSPECIFIED.);
#316=B_SPLINE_CURVE_WITH_KNOTS('',3,(#5781,#5782,#5783,#5784,#5785,#5786,
#5787),.UNSPECIFIED.,.F.,.F.,(4,1,1,1,4),(0.,0.25,0.5,0.75,1.),
 .UNSPECIFIED.);
#317=B_SPLINE_CURVE_WITH_KNOTS('',3,(#5879,#5880,#5881,#5882),
 .UNSPECIFIED.,.F.,.F.,(4,4),(1.61248813800528E-11,0.000272971403731319),
 .UNSPECIFIED.);
#318=B_SPLINE_CURVE_WITH_KNOTS('',3,(#5884,#5885,#5886,#5887),
 .UNSPECIFIED.,.F.,.F.,(4,4),(7.80625564189563E-18,0.00191525817920568),
 .UNSPECIFIED.);
#319=B_SPLINE_CURVE_WITH_KNOTS('',3,(#5889,#5890,#5891,#5892,#5893),
 .UNSPECIFIED.,.F.,.F.,(4,1,4),(0.,0.5,1.),.UNSPECIFIED.);
#320=B_SPLINE_CURVE_WITH_KNOTS('',3,(#5895,#5896,#5897,#5898),
 .UNSPECIFIED.,.F.,.F.,(4,4),(3.00992719631193E-15,0.00191526130305897),
 .UNSPECIFIED.);
#321=B_SPLINE_CURVE_WITH_KNOTS('',3,(#5900,#5901,#5902,#5903),
 .UNSPECIFIED.,.F.,.F.,(4,4),(1.88248818182845E-11,0.000272867221210822),
 .UNSPECIFIED.);
#322=B_SPLINE_CURVE_WITH_KNOTS('',3,(#5906,#5907,#5908,#5909,#5910),
 .UNSPECIFIED.,.F.,.F.,(4,1,4),(0.,0.5,1.),.UNSPECIFIED.);
#323=B_SPLINE_CURVE_WITH_KNOTS('',3,(#5913,#5914,#5915,#5916),
 .UNSPECIFIED.,.F.,.F.,(4,4),(3.00957875275231E-15,0.00191526130305929),
 .UNSPECIFIED.);
#324=B_SPLINE_CURVE_WITH_KNOTS('',3,(#5918,#5919,#5920,#5921),
 .UNSPECIFIED.,.F.,.F.,(4,4),(1.88248828376183E-11,0.000272867221192206),
 .UNSPECIFIED.);
#325=B_SPLINE_CURVE_WITH_KNOTS('',3,(#5933,#5934,#5935,#5936),
 .UNSPECIFIED.,.F.,.F.,(4,4),(1.61248777301666E-11,0.000272971403735998),
 .UNSPECIFIED.);
#326=B_SPLINE_CURVE_WITH_KNOTS('',3,(#5938,#5939,#5940,#5941),
 .UNSPECIFIED.,.F.,.F.,(4,4),(0.,0.00191525817920568),.UNSPECIFIED.);
#327=B_SPLINE_CURVE_WITH_KNOTS('',3,(#5942,#5943,#5944,#5945,#5946,#5947,
#5948),.UNSPECIFIED.,.T.,.F.,(1,1,1,1,1,1,1,1,1,1,1),(-0.000703336038271684,
-0.000468890692181087,-0.000234445346090491,1.05476322908861E-16,0.000234445346090702,
0.000468890692181298,0.000703336038271895,0.000937781384362491,0.00117222673045309,
0.00140667207654368,0.00164111742263428),.UNSPECIFIED.);
#328=B_SPLINE_CURVE_WITH_KNOTS('',3,(#5961,#5962,#5963,#5964),
 .UNSPECIFIED.,.F.,.F.,(4,4),(2.62336326071199E-7,3.57341011996089E-5),
 .UNSPECIFIED.);
#329=B_SPLINE_CURVE_WITH_KNOTS('',3,(#5966,#5967,#5968,#5969),
 .UNSPECIFIED.,.F.,.F.,(4,4),(2.83529777935865E-7,5.23658718881436E-6),
 .UNSPECIFIED.);
#330=B_SPLINE_CURVE_WITH_KNOTS('',3,(#5973,#5974,#5975,#5976),
 .UNSPECIFIED.,.F.,.F.,(4,4),(2.83102064990325E-7,0.000283382766737787),
 .UNSPECIFIED.);
#331=B_SPLINE_CURVE_WITH_KNOTS('',3,(#5980,#5981,#5982,#5983),
 .UNSPECIFIED.,.F.,.F.,(4,4),(3.41070878278042E-7,0.000334279648897643),
 .UNSPECIFIED.);
#332=B_SPLINE_CURVE_WITH_KNOTS('',3,(#6037,#6038,#6039,#6040),
 .UNSPECIFIED.,.F.,.F.,(4,4),(2.83097286602238E-7,0.000283382761959399),
 .UNSPECIFIED.);
#333=B_SPLINE_CURVE_WITH_KNOTS('',3,(#6045,#6046,#6047,#6048),
 .UNSPECIFIED.,.F.,.F.,(4,4),(2.65400484865501E-7,0.000334203978496032),
 .UNSPECIFIED.);
#334=B_SPLINE_CURVE_WITH_KNOTS('',3,(#6062,#6063,#6064,#6065),
 .UNSPECIFIED.,.F.,.F.,(4,4),(3.4107093501464E-7,0.000334279648942663),
 .UNSPECIFIED.);
#335=B_SPLINE_CURVE_WITH_KNOTS('',3,(#6067,#6068,#6069,#6070),
 .UNSPECIFIED.,.F.,.F.,(4,4),(2.526095103011E-7,0.000334191187517102),
 .UNSPECIFIED.);
#336=B_SPLINE_CURVE_WITH_KNOTS('',3,(#6084,#6085,#6086,#6087),
 .UNSPECIFIED.,.F.,.F.,(4,4),(3.41070894078744E-7,0.000334279648910893),
 .UNSPECIFIED.);
#337=B_SPLINE_CURVE_WITH_KNOTS('',3,(#6089,#6090,#6091,#6092),
 .UNSPECIFIED.,.F.,.F.,(4,4),(2.72331886173513E-7,0.000334210909899397),
 .UNSPECIFIED.);
#338=B_SPLINE_CURVE_WITH_KNOTS('',3,(#6106,#6107,#6108,#6109),
 .UNSPECIFIED.,.F.,.F.,(4,4),(3.4107083933118E-7,0.000334279648862733),
 .UNSPECIFIED.);
#339=B_SPLINE_CURVE_WITH_KNOTS('',3,(#6111,#6112,#6113,#6114),
 .UNSPECIFIED.,.F.,.F.,(4,4),(3.39856069844553E-7,0.000334278434093965),
 .UNSPECIFIED.);
#340=B_SPLINE_CURVE_WITH_KNOTS('',3,(#6128,#6129,#6130,#6131),
 .UNSPECIFIED.,.F.,.F.,(4,4),(3.41070911885022E-7,0.000334279648925179),
 .UNSPECIFIED.);
#341=B_SPLINE_CURVE_WITH_KNOTS('',3,(#6133,#6134,#6135,#6136),
 .UNSPECIFIED.,.F.,.F.,(4,4),(2.85844359091369E-7,0.00033422442237587),
 .UNSPECIFIED.);
#342=B_SPLINE_CURVE_WITH_KNOTS('',3,(#6150,#6151,#6152,#6153),
 .UNSPECIFIED.,.F.,.F.,(4,4),(3.41070938096505E-7,0.000334279648944896),
 .UNSPECIFIED.);
#343=B_SPLINE_CURVE_WITH_KNOTS('',3,(#6155,#6156,#6157,#6158),
 .UNSPECIFIED.,.F.,.F.,(4,4),(2.54914522631769E-7,0.000334193492530279),
 .UNSPECIFIED.);
#344=B_SPLINE_CURVE_WITH_KNOTS('',3,(#6182,#6183,#6184,#6185),
 .UNSPECIFIED.,.F.,.F.,(4,4),(3.4107092121056E-7,0.000334279648932357),
 .UNSPECIFIED.);
#345=B_SPLINE_CURVE_WITH_KNOTS('',3,(#6187,#6188,#6189,#6190),
 .UNSPECIFIED.,.F.,.F.,(4,4),(2.58118364268353E-7,0.000334196696373026),
 .UNSPECIFIED.);
#346=B_SPLINE_CURVE_WITH_KNOTS('',3,(#6318,#6319,#6320,#6321),
 .UNSPECIFIED.,.F.,.F.,(4,4),(3.41070839156609E-7,0.000334279648862542),
 .UNSPECIFIED.);
#347=B_SPLINE_CURVE_WITH_KNOTS('',3,(#6322,#6323,#6324,#6325),
 .UNSPECIFIED.,.F.,.F.,(4,4),(2.97776700151897E-7,0.000334236354719516),
 .UNSPECIFIED.);
#348=B_SPLINE_CURVE_WITH_KNOTS('',3,(#6456,#6457,#6458,#6459),
 .UNSPECIFIED.,.F.,.F.,(4,4),(0.,0.999992908487169),.UNSPECIFIED.);
#349=B_SPLINE_CURVE_WITH_KNOTS('',3,(#6463,#6464,#6465,#6466),
 .UNSPECIFIED.,.F.,.F.,(4,4),(1.21531710477618E-6,0.999972322813318),
 .UNSPECIFIED.);
#350=B_SPLINE_CURVE_WITH_KNOTS('',3,(#6468,#6469,#6470,#6471),
 .UNSPECIFIED.,.F.,.F.,(4,4),(1.04200564437303E-11,0.000272389220990279),
 .UNSPECIFIED.);
#351=B_SPLINE_CURVE_WITH_KNOTS('',3,(#6473,#6474,#6475,#6476),
 .UNSPECIFIED.,.F.,.F.,(4,4),(0.,1.),.UNSPECIFIED.);
#352=B_SPLINE_CURVE_WITH_KNOTS('',3,(#6478,#6479,#6480,#6481),
 .UNSPECIFIED.,.F.,.F.,(4,4),(2.83907479645944E-14,0.00191469773481537),
 .UNSPECIFIED.);
#353=B_SPLINE_CURVE_WITH_KNOTS('',3,(#6502,#6503,#6504,#6505),
 .UNSPECIFIED.,.F.,.F.,(4,4),(0.,1.),.UNSPECIFIED.);
#354=B_SPLINE_CURVE_WITH_KNOTS('',3,(#6507,#6508,#6509,#6510,#6511),
 .UNSPECIFIED.,.F.,.F.,(4,1,4),(0.,0.5,1.),.UNSPECIFIED.);
#355=B_SPLINE_CURVE_WITH_KNOTS('',3,(#6513,#6514,#6515,#6516),
 .UNSPECIFIED.,.F.,.F.,(4,4),(0.,0.999995520373823),.UNSPECIFIED.);
#356=B_SPLINE_CURVE_WITH_KNOTS('',3,(#6518,#6519,#6520,#6521),
 .UNSPECIFIED.,.F.,.F.,(4,4),(2.53356363666412E-14,0.00191469413674695),
 .UNSPECIFIED.);
#357=B_SPLINE_CURVE_WITH_KNOTS('',3,(#6523,#6524,#6525,#6526),
 .UNSPECIFIED.,.F.,.F.,(4,4),(2.71652362049057E-6,1.),.UNSPECIFIED.);
#358=B_SPLINE_CURVE_WITH_KNOTS('',3,(#6528,#6529,#6530,#6531),
 .UNSPECIFIED.,.F.,.F.,(4,4),(2.14370935092129E-11,0.000272473463686172),
 .UNSPECIFIED.);
#359=B_SPLINE_CURVE_WITH_KNOTS('',3,(#6563,#6564,#6565,#6566),
 .UNSPECIFIED.,.F.,.F.,(4,4),(0.,1.),.UNSPECIFIED.);
#360=B_SPLINE_CURVE_WITH_KNOTS('',3,(#6568,#6569,#6570,#6571),
 .UNSPECIFIED.,.F.,.F.,(4,4),(0.,1.),.UNSPECIFIED.);
#361=B_SPLINE_CURVE_WITH_KNOTS('',3,(#6573,#6574,#6575,#6576,#6577),
 .UNSPECIFIED.,.F.,.F.,(4,1,4),(0.,0.5,1.),.UNSPECIFIED.);
#362=B_SPLINE_CURVE_WITH_KNOTS('',3,(#6579,#6580,#6581,#6582),
 .UNSPECIFIED.,.F.,.F.,(4,4),(0.,0.999995520373683),.UNSPECIFIED.);
#363=B_SPLINE_CURVE_WITH_KNOTS('',3,(#6584,#6585,#6586,#6587),
 .UNSPECIFIED.,.F.,.F.,(4,4),(2.53321669196893E-14,0.00191469413674695),
 .UNSPECIFIED.);
#364=B_SPLINE_CURVE_WITH_KNOTS('',3,(#6589,#6590,#6591,#6592),
 .UNSPECIFIED.,.F.,.F.,(4,4),(2.71652358321393E-6,1.),.UNSPECIFIED.);
#365=B_SPLINE_CURVE_WITH_KNOTS('',3,(#6594,#6595,#6596,#6597),
 .UNSPECIFIED.,.F.,.F.,(4,4),(2.14370968047226E-11,0.000272473463690857),
 .UNSPECIFIED.);
#366=B_SPLINE_CURVE_WITH_KNOTS('',3,(#6615,#6616,#6617,#6618),
 .UNSPECIFIED.,.F.,.F.,(4,4),(0.,0.999992908487226),.UNSPECIFIED.);
#367=B_SPLINE_CURVE_WITH_KNOTS('',3,(#6622,#6623,#6624,#6625),
 .UNSPECIFIED.,.F.,.F.,(4,4),(1.21531705856656E-6,0.999985772312386),
 .UNSPECIFIED.);
#368=B_SPLINE_CURVE_WITH_KNOTS('',3,(#6627,#6628,#6629,#6630),
 .UNSPECIFIED.,.F.,.F.,(4,4),(1.04200539080969E-11,0.000272388913910789),
 .UNSPECIFIED.);
#369=B_SPLINE_CURVE_WITH_KNOTS('',3,(#6632,#6633,#6634,#6635),
 .UNSPECIFIED.,.F.,.F.,(4,4),(-3.91078065526025E-9,0.00191469413674697),
 .UNSPECIFIED.);
#370=B_SPLINE_CURVE_WITH_KNOTS('',3,(#6638,#6639,#6640,#6641,#6642,#6643,
#6644),.UNSPECIFIED.,.T.,.F.,(1,1,1,1,1,1,1,1,1,1,1),(-0.000701705985594791,
-0.000467803990396492,-0.000233901995198194,1.05476322908861E-16,0.000233901995198404,
0.000467803990396703,0.000701705985595002,0.000935607980793301,0.0011695099759916,
0.0014034119711899,0.0016373139663882),.UNSPECIFIED.);
#371=B_SPLINE_CURVE_WITH_KNOTS('',3,(#6703,#6704,#6705,#6706),
 .UNSPECIFIED.,.F.,.F.,(4,4),(0.,1.),.UNSPECIFIED.);
#372=B_SPLINE_CURVE_WITH_KNOTS('',3,(#6708,#6709,#6710,#6711,#6712,#6713,
#6714,#6715),.UNSPECIFIED.,.F.,.F.,(4,1,1,1,1,4),(0.,0.125,0.25,0.5,0.75,
1.),.UNSPECIFIED.);
#373=B_SPLINE_CURVE_WITH_KNOTS('',3,(#6717,#6718,#6719,#6720),
 .UNSPECIFIED.,.F.,.F.,(4,4),(0.,1.),.UNSPECIFIED.);
#374=B_SPLINE_CURVE_WITH_KNOTS('',3,(#6809,#6810,#6811,#6812,#6813,#6814,
#6815,#6816),.UNSPECIFIED.,.F.,.F.,(4,1,1,1,1,4),(0.,0.25,0.5,0.75,0.875,
1.),.UNSPECIFIED.);
#375=B_SPLINE_CURVE_WITH_KNOTS('',3,(#6818,#6819,#6820,#6821),
 .UNSPECIFIED.,.F.,.F.,(4,4),(0.,1.),.UNSPECIFIED.);
#376=B_SPLINE_CURVE_WITH_KNOTS('',3,(#6882,#6883,#6884,#6885,#6886,#6887,
#6888),.UNSPECIFIED.,.F.,.F.,(4,1,1,1,4),(0.,0.25,0.5,0.75,1.),
 .UNSPECIFIED.);
#377=B_SPLINE_CURVE_WITH_KNOTS('',3,(#6890,#6891,#6892,#6893),
 .UNSPECIFIED.,.F.,.F.,(4,4),(0.,1.),.UNSPECIFIED.);
#378=B_SPLINE_CURVE_WITH_KNOTS('',3,(#6938,#6939,#6940,#6941),
 .UNSPECIFIED.,.F.,.F.,(4,4),(0.,1.),.UNSPECIFIED.);
#379=B_SPLINE_CURVE_WITH_KNOTS('',3,(#6943,#6944,#6945,#6946),
 .UNSPECIFIED.,.F.,.F.,(4,4),(0.,1.),.UNSPECIFIED.);
#380=B_SPLINE_CURVE_WITH_KNOTS('',3,(#7007,#7008,#7009,#7010,#7011,#7012,
#7013,#7014),.UNSPECIFIED.,.F.,.F.,(4,1,1,1,1,4),(0.,0.125,0.25,0.5,0.75,
1.),.UNSPECIFIED.);
#381=B_SPLINE_CURVE_WITH_KNOTS('',3,(#7016,#7017,#7018,#7019),
 .UNSPECIFIED.,.F.,.F.,(4,4),(0.,1.),.UNSPECIFIED.);
#382=B_SPLINE_CURVE_WITH_KNOTS('',3,(#7088,#7089,#7090,#7091,#7092,#7093,
#7094),.UNSPECIFIED.,.F.,.F.,(4,1,1,1,4),(0.,0.25,0.5,0.75,1.),
 .UNSPECIFIED.);
#383=B_SPLINE_CURVE_WITH_KNOTS('',3,(#7096,#7097,#7098,#7099),
 .UNSPECIFIED.,.F.,.F.,(4,4),(0.,1.),.UNSPECIFIED.);
#384=B_SPLINE_CURVE_WITH_KNOTS('',3,(#7148,#7149,#7150,#7151),
 .UNSPECIFIED.,.F.,.F.,(4,4),(0.,1.),.UNSPECIFIED.);
#385=B_SPLINE_CURVE_WITH_KNOTS('',3,(#7153,#7154,#7155,#7156),
 .UNSPECIFIED.,.F.,.F.,(4,4),(0.,1.),.UNSPECIFIED.);
#386=B_SPLINE_CURVE_WITH_KNOTS('',3,(#7213,#7214,#7215,#7216,#7217,#7218,
#7219),.UNSPECIFIED.,.F.,.F.,(4,1,1,1,4),(0.,0.25,0.5,0.75,1.),
 .UNSPECIFIED.);
#387=B_SPLINE_CURVE_WITH_KNOTS('',3,(#7221,#7222,#7223,#7224),
 .UNSPECIFIED.,.F.,.F.,(4,4),(0.,1.),.UNSPECIFIED.);
#388=B_SPLINE_CURVE_WITH_KNOTS('',3,(#7227,#7228,#7229,#7230,#7231,#7232),
 .UNSPECIFIED.,.F.,.F.,(4,1,1,4),(0.,0.25,0.5,1.),.UNSPECIFIED.);
#389=B_SPLINE_CURVE_WITH_KNOTS('',3,(#7234,#7235,#7236,#7237),
 .UNSPECIFIED.,.F.,.F.,(4,4),(0.,1.),.UNSPECIFIED.);
#390=B_SPLINE_CURVE_WITH_KNOTS('',3,(#7239,#7240,#7241,#7242),
 .UNSPECIFIED.,.F.,.F.,(4,4),(0.,1.),.UNSPECIFIED.);
#391=B_SPLINE_CURVE_WITH_KNOTS('',3,(#7243,#7244,#7245,#7246,#7247,#7248),
 .UNSPECIFIED.,.F.,.F.,(4,1,1,4),(0.,0.5,0.75,1.),.UNSPECIFIED.);
#392=B_SPLINE_CURVE_WITH_KNOTS('',3,(#7251,#7252,#7253,#7254,#7255,#7256),
 .UNSPECIFIED.,.F.,.F.,(4,1,1,4),(0.,0.25,0.5,1.),.UNSPECIFIED.);
#393=B_SPLINE_CURVE_WITH_KNOTS('',3,(#7258,#7259,#7260,#7261,#7262,#7263,
#7264),.UNSPECIFIED.,.F.,.F.,(4,1,1,1,4),(0.,0.25,0.5,0.75,1.),
 .UNSPECIFIED.);
#394=B_SPLINE_CURVE_WITH_KNOTS('',3,(#7266,#7267,#7268,#7269,#7270,#7271),
 .UNSPECIFIED.,.F.,.F.,(4,1,1,4),(0.,0.25,0.5,1.),.UNSPECIFIED.);
#395=B_SPLINE_CURVE_WITH_KNOTS('',3,(#7316,#7317,#7318,#7319),
 .UNSPECIFIED.,.F.,.F.,(4,4),(0.,1.),.UNSPECIFIED.);
#396=B_SPLINE_CURVE_WITH_KNOTS('',3,(#7321,#7322,#7323,#7324),
 .UNSPECIFIED.,.F.,.F.,(4,4),(0.,1.),.UNSPECIFIED.);
#397=B_SPLINE_CURVE_WITH_KNOTS('',3,(#7326,#7327,#7328,#7329,#7330,#7331),
 .UNSPECIFIED.,.F.,.F.,(4,1,1,4),(0.,0.25,0.5,1.),.UNSPECIFIED.);
#398=B_SPLINE_CURVE_WITH_KNOTS('',3,(#7380,#7381,#7382,#7383),
 .UNSPECIFIED.,.F.,.F.,(4,4),(0.,1.),.UNSPECIFIED.);
#399=B_SPLINE_CURVE_WITH_KNOTS('',3,(#7385,#7386,#7387,#7388,#7389,#7390,
#7391),.UNSPECIFIED.,.F.,.F.,(4,1,1,1,4),(0.,0.25,0.5,0.75,1.),
 .UNSPECIFIED.);
#400=B_SPLINE_CURVE_WITH_KNOTS('',3,(#7444,#7445,#7446,#7447),
 .UNSPECIFIED.,.F.,.F.,(4,4),(0.,1.),.UNSPECIFIED.);
#401=B_SPLINE_CURVE_WITH_KNOTS('',3,(#7449,#7450,#7451,#7452,#7453,#7454),
 .UNSPECIFIED.,.F.,.F.,(4,1,1,4),(0.,0.25,0.5,1.),.UNSPECIFIED.);
#402=B_SPLINE_CURVE_WITH_KNOTS('',3,(#7499,#7500,#7501,#7502,#7503,#7504),
 .UNSPECIFIED.,.F.,.F.,(4,1,1,4),(0.,0.5,0.75,1.),.UNSPECIFIED.);
#403=B_SPLINE_CURVE_WITH_KNOTS('',3,(#7549,#7550,#7551,#7552),
 .UNSPECIFIED.,.F.,.F.,(4,4),(0.,1.),.UNSPECIFIED.);
#404=B_SPLINE_CURVE_WITH_KNOTS('',3,(#7554,#7555,#7556,#7557),
 .UNSPECIFIED.,.F.,.F.,(4,4),(0.,1.),.UNSPECIFIED.);
#405=B_SPLINE_CURVE_WITH_KNOTS('',3,(#7559,#7560,#7561,#7562),
 .UNSPECIFIED.,.F.,.F.,(4,4),(0.,1.),.UNSPECIFIED.);
#406=B_SPLINE_CURVE_WITH_KNOTS('',3,(#7615,#7616,#7617,#7618),
 .UNSPECIFIED.,.F.,.F.,(4,4),(0.,1.),.UNSPECIFIED.);
#407=B_SPLINE_CURVE_WITH_KNOTS('',3,(#7620,#7621,#7622,#7623),
 .UNSPECIFIED.,.F.,.F.,(4,4),(0.,1.),.UNSPECIFIED.);
#408=B_SPLINE_CURVE_WITH_KNOTS('',3,(#7664,#7665,#7666,#7667),
 .UNSPECIFIED.,.F.,.F.,(4,4),(0.,1.),.UNSPECIFIED.);
#409=B_SPLINE_CURVE_WITH_KNOTS('',3,(#7669,#7670,#7671,#7672,#7673,#7674),
 .UNSPECIFIED.,.F.,.F.,(4,1,1,4),(0.,0.25,0.5,1.),.UNSPECIFIED.);
#410=B_SPLINE_CURVE_WITH_KNOTS('',3,(#7723,#7724,#7725,#7726),
 .UNSPECIFIED.,.F.,.F.,(4,4),(0.,1.),.UNSPECIFIED.);
#411=B_SPLINE_CURVE_WITH_KNOTS('',3,(#7734,#7735,#7736,#7737),
 .UNSPECIFIED.,.F.,.F.,(4,4),(0.,0.999940490182357),.UNSPECIFIED.);
#412=B_SPLINE_CURVE_WITH_KNOTS('',3,(#7739,#7740,#7741,#7742),
 .UNSPECIFIED.,.F.,.F.,(4,4),(2.84874819322376E-14,0.00178300036741559),
 .UNSPECIFIED.);
#413=B_SPLINE_CURVE_WITH_KNOTS('',3,(#7769,#7770,#7771,#7772),
 .UNSPECIFIED.,.F.,.F.,(4,4),(0.,1.),.UNSPECIFIED.);
#414=B_SPLINE_CURVE_WITH_KNOTS('',3,(#7837,#7838,#7839,#7840,#7841,#7842,
#7843),.UNSPECIFIED.,.F.,.F.,(4,1,1,1,4),(0.,0.25,0.5,0.75,1.),
 .UNSPECIFIED.);
#415=B_SPLINE_CURVE_WITH_KNOTS('',3,(#7845,#7846,#7847,#7848),
 .UNSPECIFIED.,.F.,.F.,(4,4),(0.,1.),.UNSPECIFIED.);
#416=B_SPLINE_CURVE_WITH_KNOTS('',3,(#7905,#7906,#7907,#7908,#7909,#7910,
#7911),.UNSPECIFIED.,.F.,.F.,(4,1,1,1,4),(0.,0.25,0.5,0.75,1.),
 .UNSPECIFIED.);
#417=B_SPLINE_CURVE_WITH_KNOTS('',3,(#7913,#7914,#7915,#7916),
 .UNSPECIFIED.,.F.,.F.,(4,4),(0.,1.),.UNSPECIFIED.);
#418=B_SPLINE_CURVE_WITH_KNOTS('',3,(#7985,#7986,#7987,#7988,#7989,#7990,
#7991,#7992,#7993),.UNSPECIFIED.,.F.,.F.,(4,1,1,1,1,1,4),(0.,0.125,0.25,
0.5,0.75,0.875,1.),.UNSPECIFIED.);
#419=B_SPLINE_CURVE_WITH_KNOTS('',3,(#7995,#7996,#7997,#7998),
 .UNSPECIFIED.,.F.,.F.,(4,4),(0.,1.),.UNSPECIFIED.);
#420=B_SPLINE_CURVE_WITH_KNOTS('',3,(#8031,#8032,#8033,#8034),
 .UNSPECIFIED.,.F.,.F.,(4,4),(0.,1.),.UNSPECIFIED.);
#421=B_SPLINE_CURVE_WITH_KNOTS('',3,(#8036,#8037,#8038,#8039),
 .UNSPECIFIED.,.F.,.F.,(4,4),(0.,1.),.UNSPECIFIED.);
#422=B_SPLINE_CURVE_WITH_KNOTS('',3,(#8047,#8048,#8049,#8050,#8051,#8052,
#8053),.UNSPECIFIED.,.F.,.F.,(4,1,1,1,4),(0.,0.25,0.5,0.75,1.),
 .UNSPECIFIED.);
#423=B_SPLINE_CURVE_WITH_KNOTS('',3,(#8056,#8057,#8058,#8059,#8060,#8061,
#8062),.UNSPECIFIED.,.F.,.F.,(4,1,1,1,4),(0.,0.25,0.5,0.75,1.),
 .UNSPECIFIED.);
#424=B_SPLINE_CURVE_WITH_KNOTS('',3,(#8064,#8065,#8066,#8067,#8068,#8069,
#8070),.UNSPECIFIED.,.F.,.F.,(4,1,1,1,4),(0.,0.25,0.5,0.75,1.),
 .UNSPECIFIED.);
#425=B_SPLINE_CURVE_WITH_KNOTS('',3,(#8072,#8073,#8074,#8075,#8076,#8077,
#8078),.UNSPECIFIED.,.F.,.F.,(4,1,1,1,4),(0.,0.25,0.5,0.75,1.),
 .UNSPECIFIED.);
#426=B_SPLINE_CURVE_WITH_KNOTS('',3,(#8139,#8140,#8141,#8142),
 .UNSPECIFIED.,.F.,.F.,(4,4),(0.,1.),.UNSPECIFIED.);
#427=B_SPLINE_CURVE_WITH_KNOTS('',3,(#8144,#8145,#8146,#8147),
 .UNSPECIFIED.,.F.,.F.,(4,4),(0.,1.),.UNSPECIFIED.);
#428=B_SPLINE_CURVE_WITH_KNOTS('',3,(#8149,#8150,#8151,#8152,#8153,#8154,
#8155),.UNSPECIFIED.,.F.,.F.,(4,1,1,1,4),(0.,0.25,0.5,0.75,1.),
 .UNSPECIFIED.);
#429=B_SPLINE_CURVE_WITH_KNOTS('',3,(#8220,#8221,#8222,#8223),
 .UNSPECIFIED.,.F.,.F.,(4,4),(0.,1.),.UNSPECIFIED.);
#430=B_SPLINE_CURVE_WITH_KNOTS('',3,(#8225,#8226,#8227,#8228,#8229,#8230,
#8231),.UNSPECIFIED.,.F.,.F.,(4,1,1,1,4),(0.,0.25,0.5,0.75,1.),
 .UNSPECIFIED.);
#431=B_SPLINE_CURVE_WITH_KNOTS('',3,(#8288,#8289,#8290,#8291),
 .UNSPECIFIED.,.F.,.F.,(4,4),(0.,1.),.UNSPECIFIED.);
#432=B_SPLINE_CURVE_WITH_KNOTS('',3,(#8293,#8294,#8295,#8296,#8297,#8298,
#8299),.UNSPECIFIED.,.F.,.F.,(4,1,1,1,4),(0.,0.25,0.5,0.75,1.),
 .UNSPECIFIED.);
#433=B_SPLINE_CURVE_WITH_KNOTS('',3,(#8352,#8353,#8354,#8355,#8356,#8357,
#8358),.UNSPECIFIED.,.F.,.F.,(4,1,1,1,4),(0.,0.25,0.5,0.75,1.),
 .UNSPECIFIED.);
#434=B_SPLINE_CURVE_WITH_KNOTS('',3,(#8375,#8376,#8377,#8378),
 .UNSPECIFIED.,.F.,.F.,(4,4),(8.9567334049088E-12,0.000107899300672588),
 .UNSPECIFIED.);
#435=B_SPLINE_CURVE_WITH_KNOTS('',3,(#8380,#8381,#8382,#8383),
 .UNSPECIFIED.,.F.,.F.,(4,4),(0.,1.),.UNSPECIFIED.);
#436=B_SPLINE_CURVE_WITH_KNOTS('',3,(#8456,#8457,#8458,#8459,#8460,#8461,
#8462,#8463),.UNSPECIFIED.,.F.,.F.,(4,1,1,1,1,4),(0.,0.125,0.25,0.5,0.75,
1.),.UNSPECIFIED.);
#437=B_SPLINE_CURVE_WITH_KNOTS('',3,(#8465,#8466,#8467,#8468),
 .UNSPECIFIED.,.F.,.F.,(4,4),(0.,1.),.UNSPECIFIED.);
#438=B_SPLINE_CURVE_WITH_KNOTS('',3,(#8541,#8542,#8543,#8544,#8545,#8546,
#8547,#8548),.UNSPECIFIED.,.F.,.F.,(4,1,1,1,1,4),(0.,0.25,0.5,0.75,0.875,
1.),.UNSPECIFIED.);
#439=B_SPLINE_CURVE_WITH_KNOTS('',3,(#8550,#8551,#8552,#8553),
 .UNSPECIFIED.,.F.,.F.,(4,4),(0.,1.),.UNSPECIFIED.);
#440=B_SPLINE_CURVE_WITH_KNOTS('',3,(#8606,#8607,#8608,#8609,#8610,#8611,
#8612),.UNSPECIFIED.,.F.,.F.,(4,1,1,1,4),(0.,0.25,0.5,0.75,1.),
 .UNSPECIFIED.);
#441=B_SPLINE_CURVE_WITH_KNOTS('',3,(#8614,#8615,#8616,#8617),
 .UNSPECIFIED.,.F.,.F.,(4,4),(0.,1.),.UNSPECIFIED.);
#442=B_SPLINE_CURVE_WITH_KNOTS('',3,(#8621,#8622,#8623,#8624),
 .UNSPECIFIED.,.F.,.F.,(4,4),(0.,1.),.UNSPECIFIED.);
#443=B_SPLINE_CURVE_WITH_KNOTS('',3,(#8669,#8670,#8671,#8672,#8673),
 .UNSPECIFIED.,.F.,.F.,(4,1,4),(0.,0.5,1.),.UNSPECIFIED.);
#444=B_SPLINE_CURVE_WITH_KNOTS('',3,(#8675,#8676,#8677,#8678),
 .UNSPECIFIED.,.F.,.F.,(4,4),(0.,1.),.UNSPECIFIED.);
#445=B_SPLINE_CURVE_WITH_KNOTS('',3,(#8727,#8728,#8729,#8730,#8731,#8732),
 .UNSPECIFIED.,.F.,.F.,(4,1,1,4),(0.,0.25,0.5,1.),.UNSPECIFIED.);
#446=B_SPLINE_CURVE_WITH_KNOTS('',3,(#8734,#8735,#8736,#8737),
 .UNSPECIFIED.,.F.,.F.,(4,4),(0.,1.),.UNSPECIFIED.);
#447=B_SPLINE_CURVE_WITH_KNOTS('',3,(#8782,#8783,#8784,#8785,#8786),
 .UNSPECIFIED.,.F.,.F.,(4,1,4),(0.,0.5,1.),.UNSPECIFIED.);
#448=B_SPLINE_CURVE_WITH_KNOTS('',3,(#8788,#8789,#8790,#8791),
 .UNSPECIFIED.,.F.,.F.,(4,4),(0.,1.),.UNSPECIFIED.);
#449=B_SPLINE_CURVE_WITH_KNOTS('',3,(#8832,#8833,#8834,#8835),
 .UNSPECIFIED.,.F.,.F.,(4,4),(0.,1.),.UNSPECIFIED.);
#450=B_SPLINE_CURVE_WITH_KNOTS('',3,(#8837,#8838,#8839,#8840),
 .UNSPECIFIED.,.F.,.F.,(4,4),(0.,1.),.UNSPECIFIED.);
#451=B_SPLINE_CURVE_WITH_KNOTS('',3,(#8889,#8890,#8891,#8892),
 .UNSPECIFIED.,.F.,.F.,(4,4),(4.32542114774509E-5,0.999952579282618),
 .UNSPECIFIED.);
#452=B_SPLINE_CURVE_WITH_KNOTS('',3,(#8907,#8908,#8909,#8910),
 .UNSPECIFIED.,.F.,.F.,(4,4),(1.50826729387529E-5,0.999993771041675),
 .UNSPECIFIED.);
#453=B_SPLINE_CURVE_WITH_KNOTS('',3,(#8958,#8959,#8960,#8961),
 .UNSPECIFIED.,.F.,.F.,(4,4),(0.,1.),.UNSPECIFIED.);
#454=B_SPLINE_CURVE_WITH_KNOTS('',3,(#8963,#8964,#8965,#8966),
 .UNSPECIFIED.,.F.,.F.,(4,4),(0.,1.),.UNSPECIFIED.);
#455=B_SPLINE_CURVE_WITH_KNOTS('',3,(#8968,#8969,#8970,#8971),
 .UNSPECIFIED.,.F.,.F.,(4,4),(0.,1.),.UNSPECIFIED.);
#456=B_SPLINE_CURVE_WITH_KNOTS('',3,(#9024,#9025,#9026,#9027,#9028,#9029,
#9030),.UNSPECIFIED.,.F.,.F.,(4,1,1,1,4),(0.,0.25,0.5,0.75,1.),
 .UNSPECIFIED.);
#457=B_SPLINE_CURVE_WITH_KNOTS('',3,(#9032,#9033,#9034,#9035),
 .UNSPECIFIED.,.F.,.F.,(4,4),(0.,1.),.UNSPECIFIED.);
#458=B_SPLINE_CURVE_WITH_KNOTS('',3,(#9092,#9093,#9094,#9095,#9096,#9097,
#9098,#9099),.UNSPECIFIED.,.F.,.F.,(4,1,1,1,1,4),(0.,0.25,0.5,0.75,0.875,
1.),.UNSPECIFIED.);
#459=B_SPLINE_CURVE_WITH_KNOTS('',3,(#9101,#9102,#9103,#9104),
 .UNSPECIFIED.,.F.,.F.,(4,4),(0.,1.),.UNSPECIFIED.);
#460=B_SPLINE_CURVE_WITH_KNOTS('',3,(#9161,#9162,#9163,#9164,#9165,#9166,
#9167),.UNSPECIFIED.,.F.,.F.,(4,1,1,1,4),(0.,0.25,0.5,0.75,1.),
 .UNSPECIFIED.);
#461=B_SPLINE_CURVE_WITH_KNOTS('',3,(#9169,#9170,#9171,#9172),
 .UNSPECIFIED.,.F.,.F.,(4,4),(0.,1.),.UNSPECIFIED.);
#462=B_SPLINE_CURVE_WITH_KNOTS('',3,(#9213,#9214,#9215,#9216,#9217,#9218),
 .UNSPECIFIED.,.F.,.F.,(4,1,1,4),(0.,0.5,0.75,1.),.UNSPECIFIED.);
#463=B_SPLINE_CURVE_WITH_KNOTS('',3,(#9220,#9221,#9222,#9223),
 .UNSPECIFIED.,.F.,.F.,(4,4),(0.,1.),.UNSPECIFIED.);
#464=B_SPLINE_CURVE_WITH_KNOTS('',3,(#9300,#9301,#9302,#9303,#9304,#9305,
#9306),.UNSPECIFIED.,.F.,.F.,(4,1,1,1,4),(0.,0.25,0.5,0.75,1.),
 .UNSPECIFIED.);
#465=B_SPLINE_CURVE_WITH_KNOTS('',3,(#9308,#9309,#9310,#9311),
 .UNSPECIFIED.,.F.,.F.,(4,4),(0.,1.),.UNSPECIFIED.);
#466=B_SPLINE_CURVE_WITH_KNOTS('',3,(#9384,#9385,#9386,#9387,#9388,#9389,
#9390),.UNSPECIFIED.,.F.,.F.,(4,1,1,1,4),(0.,0.25,0.5,0.75,1.),
 .UNSPECIFIED.);
#467=B_SPLINE_CURVE_WITH_KNOTS('',3,(#9392,#9393,#9394,#9395),
 .UNSPECIFIED.,.F.,.F.,(4,4),(0.,1.),.UNSPECIFIED.);
#468=B_SPLINE_CURVE_WITH_KNOTS('',3,(#9399,#9400,#9401,#9402),
 .UNSPECIFIED.,.F.,.F.,(4,4),(0.,1.),.UNSPECIFIED.);
#469=B_SPLINE_CURVE_WITH_KNOTS('',3,(#9479,#9480,#9481,#9482,#9483,#9484,
#9485),.UNSPECIFIED.,.F.,.F.,(4,1,1,1,4),(0.,0.25,0.5,0.75,1.),
 .UNSPECIFIED.);
#470=B_SPLINE_CURVE_WITH_KNOTS('',3,(#9487,#9488,#9489,#9490),
 .UNSPECIFIED.,.F.,.F.,(4,4),(0.,1.),.UNSPECIFIED.);
#471=B_SPLINE_CURVE_WITH_KNOTS('',3,(#9519,#9520,#9521,#9522,#9523),
 .UNSPECIFIED.,.F.,.F.,(4,1,4),(0.,0.5,1.),.UNSPECIFIED.);
#472=B_SPLINE_CURVE_WITH_KNOTS('',3,(#9525,#9526,#9527,#9528),
 .UNSPECIFIED.,.F.,.F.,(4,4),(0.,1.),.UNSPECIFIED.);
#473=B_SPLINE_CURVE_WITH_KNOTS('',3,(#9589,#9590,#9591,#9592,#9593,#9594),
 .UNSPECIFIED.,.F.,.F.,(4,1,1,4),(0.,0.25,0.5,1.),.UNSPECIFIED.);
#474=B_SPLINE_CURVE_WITH_KNOTS('',3,(#9596,#9597,#9598,#9599),
 .UNSPECIFIED.,.F.,.F.,(4,4),(0.,1.),.UNSPECIFIED.);
#475=B_SPLINE_CURVE_WITH_KNOTS('',3,(#9603,#9604,#9605,#9606),
 .UNSPECIFIED.,.F.,.F.,(4,4),(0.,1.),.UNSPECIFIED.);
#476=B_SPLINE_CURVE_WITH_KNOTS('',3,(#9691,#9692,#9693,#9694,#9695,#9696,
#9697),.UNSPECIFIED.,.F.,.F.,(4,1,1,1,4),(0.,0.25,0.5,0.75,1.),
 .UNSPECIFIED.);
#477=B_SPLINE_CURVE_WITH_KNOTS('',3,(#9699,#9700,#9701,#9702),
 .UNSPECIFIED.,.F.,.F.,(4,4),(0.,1.),.UNSPECIFIED.);
#478=B_SPLINE_CURVE_WITH_KNOTS('',3,(#9747,#9748,#9749,#9750,#9751),
 .UNSPECIFIED.,.F.,.F.,(4,1,4),(0.,0.5,1.),.UNSPECIFIED.);
#479=B_SPLINE_CURVE_WITH_KNOTS('',3,(#9753,#9754,#9755,#9756),
 .UNSPECIFIED.,.F.,.F.,(4,4),(0.,1.),.UNSPECIFIED.);
#480=B_SPLINE_CURVE_WITH_KNOTS('',3,(#9809,#9810,#9811,#9812,#9813),
 .UNSPECIFIED.,.F.,.F.,(4,1,4),(0.,0.5,1.),.UNSPECIFIED.);
#481=B_SPLINE_CURVE_WITH_KNOTS('',3,(#9815,#9816,#9817,#9818),
 .UNSPECIFIED.,.F.,.F.,(4,4),(0.,1.),.UNSPECIFIED.);
#482=B_SPLINE_CURVE_WITH_KNOTS('',3,(#9914,#9915,#9916,#9917),
 .UNSPECIFIED.,.F.,.F.,(4,4),(0.,1.),.UNSPECIFIED.);
#483=B_SPLINE_CURVE_WITH_KNOTS('',3,(#9919,#9920,#9921,#9922,#9923,#9924,
#9925,#9926),.UNSPECIFIED.,.F.,.F.,(4,1,1,1,1,4),(0.,0.25,0.5,0.75,0.875,
1.),.UNSPECIFIED.);
#484=B_SPLINE_CURVE_WITH_KNOTS('',3,(#9928,#9929,#9930,#9931),
 .UNSPECIFIED.,.F.,.F.,(4,4),(0.,1.),.UNSPECIFIED.);
#485=B_SPLINE_CURVE_WITH_KNOTS('',3,(#10008,#10009,#10010,#10011,#10012,
#10013,#10014,#10015),.UNSPECIFIED.,.F.,.F.,(4,1,1,1,1,4),(0.,0.25,0.5,
0.75,0.875,1.),.UNSPECIFIED.);
#486=B_SPLINE_CURVE_WITH_KNOTS('',3,(#10017,#10018,#10019,#10020),
 .UNSPECIFIED.,.F.,.F.,(4,4),(0.,1.),.UNSPECIFIED.);
#487=B_SPLINE_CURVE_WITH_KNOTS('',3,(#10085,#10086,#10087,#10088,#10089,
#10090),.UNSPECIFIED.,.F.,.F.,(4,1,1,4),(0.,0.5,0.75,1.),.UNSPECIFIED.);
#488=B_SPLINE_CURVE_WITH_KNOTS('',3,(#10092,#10093,#10094,#10095),
 .UNSPECIFIED.,.F.,.F.,(4,4),(0.,1.),.UNSPECIFIED.);
#489=B_SPLINE_CURVE_WITH_KNOTS('',3,(#10115,#10116,#10117,#10118),
 .UNSPECIFIED.,.F.,.F.,(4,4),(1.67720994631785E-5,0.999980403422973),
 .UNSPECIFIED.);
#490=B_SPLINE_CURVE_WITH_KNOTS('',3,(#10122,#10123,#10124,#10125),
 .UNSPECIFIED.,.F.,.F.,(4,4),(0.,1.),.UNSPECIFIED.);
#491=B_SPLINE_CURVE_WITH_KNOTS('',3,(#10206,#10207,#10208,#10209,#10210,
#10211,#10212),.UNSPECIFIED.,.F.,.F.,(4,1,1,1,4),(0.,0.25,0.5,0.75,1.),
 .UNSPECIFIED.);
#492=B_SPLINE_CURVE_WITH_KNOTS('',3,(#10214,#10215,#10216,#10217),
 .UNSPECIFIED.,.F.,.F.,(4,4),(0.,1.),.UNSPECIFIED.);
#493=B_SPLINE_CURVE_WITH_KNOTS('',3,(#10270,#10271,#10272,#10273,#10274,
#10275,#10276),.UNSPECIFIED.,.F.,.F.,(4,1,1,1,4),(0.,0.25,0.5,0.75,1.),
 .UNSPECIFIED.);
#494=B_SPLINE_CURVE_WITH_KNOTS('',3,(#10278,#10279,#10280,#10281),
 .UNSPECIFIED.,.F.,.F.,(4,4),(0.,1.),.UNSPECIFIED.);
#495=B_SPLINE_CURVE_WITH_KNOTS('',3,(#10338,#10339,#10340,#10341,#10342),
 .UNSPECIFIED.,.F.,.F.,(4,1,4),(0.,0.5,1.),.UNSPECIFIED.);
#496=B_SPLINE_CURVE_WITH_KNOTS('',3,(#10344,#10345,#10346,#10347),
 .UNSPECIFIED.,.F.,.F.,(4,4),(0.,1.),.UNSPECIFIED.);
#497=ELLIPSE('',#4130,0.0420357808008526,0.0227);
#498=ELLIPSE('',#4132,0.0345668835847822,0.0227);
#499=ELLIPSE('',#4135,0.0331893084687555,0.0227);
#500=ELLIPSE('',#4143,0.0417006446630112,0.0227);
#501=ELLIPSE('',#4146,0.112448916430491,0.0227);
#502=ELLIPSE('',#4148,0.0232924207503938,0.0227);
#503=ELLIPSE('',#4149,0.109729394063962,0.0227);
#504=ELLIPSE('',#4151,0.0501476508308002,0.0227);
#505=ELLIPSE('',#4152,0.0501432375570427,0.0227);
#506=ELLIPSE('',#4153,0.025461666558544,0.0227);
#507=ELLIPSE('',#4154,0.0254292118247277,0.0227);
#508=ELLIPSE('',#4155,0.0531620591014391,0.0227);
#509=ELLIPSE('',#4390,0.00657679797387611,0.00655899123031224);
#510=ELLIPSE('',#4392,0.0253171888651474,0.0226);
#511=ELLIPSE('',#4394,0.0529278650084812,0.0226);
#512=ELLIPSE('',#4402,0.049926736069431,0.0226);
#513=ELLIPSE('',#4404,0.0499223422374081,0.0226);
#514=ELLIPSE('',#4406,0.025349500626568,0.0226);
#515=ELLIPSE('',#4413,0.111953546754586,0.0226);
#516=ELLIPSE('',#4414,0.12903610281156,0.000371896348989804);
#517=ELLIPSE('',#4419,0.0231898109673524,0.0226);
#518=ELLIPSE('',#4421,0.1092460046628,0.0226);
#519=ELLIPSE('',#4439,0.0415169413825574,0.0226);
#520=ELLIPSE('',#4444,0.0415159548020352,0.0226);
#521=ELLIPSE('',#4449,0.0416996537170885,0.0227);
#522=ELLIPSE('',#4458,0.0344146065645849,0.0226);
#523=ELLIPSE('',#4466,0.0330431000614042,0.0226);
#524=ELLIPSE('',#4477,0.0418506011497475,0.0226);
#525=CIRCLE('',#4128,0.0227);
#526=CIRCLE('',#4129,0.0227);
#527=CIRCLE('',#4131,0.0227);
#528=CIRCLE('',#4133,0.0227);
#529=CIRCLE('',#4134,0.0227);
#530=CIRCLE('',#4136,0.0227);
#531=CIRCLE('',#4137,0.0227);
#532=CIRCLE('',#4138,0.0227);
#533=CIRCLE('',#4139,0.0227);
#534=CIRCLE('',#4140,0.0227);
#535=CIRCLE('',#4141,0.0227);
#536=CIRCLE('',#4142,0.0227);
#537=CIRCLE('',#4144,0.0227);
#538=CIRCLE('',#4145,0.0227);
#539=CIRCLE('',#4147,0.0227);
#540=CIRCLE('',#4150,0.0227);
#541=CIRCLE('',#4156,0.0227);
#542=CIRCLE('',#4157,0.0227);
#543=CIRCLE('',#4158,0.0227);
#544=CIRCLE('',#4159,0.0227);
#545=CIRCLE('',#4160,0.0227);
#546=CIRCLE('',#4161,0.0227);
#547=CIRCLE('',#4162,0.0227);
#548=CIRCLE('',#4163,0.0227);
#549=CIRCLE('',#4164,0.0227);
#550=CIRCLE('',#4165,0.0227);
#551=CIRCLE('',#4166,0.0227);
#552=CIRCLE('',#4167,0.0227);
#553=CIRCLE('',#4168,0.0227);
#554=CIRCLE('',#4169,0.0227);
#555=CIRCLE('',#4170,0.0227);
#556=CIRCLE('',#4171,0.0227);
#557=CIRCLE('',#4172,0.0227);
#558=CIRCLE('',#4173,0.0227);
#559=CIRCLE('',#4174,0.0227);
#560=CIRCLE('',#4175,0.0227);
#561=CIRCLE('',#4176,0.0227);
#562=CIRCLE('',#4177,0.0227);
#563=CIRCLE('',#4178,0.0227);
#564=CIRCLE('',#4179,0.0227);
#565=CIRCLE('',#4180,0.0227);
#566=CIRCLE('',#4181,0.0227);
#567=CIRCLE('',#4182,0.0227);
#568=CIRCLE('',#4183,0.0227);
#569=CIRCLE('',#4184,0.0227);
#570=CIRCLE('',#4186,0.0217);
#571=CIRCLE('',#4187,0.0033);
#572=CIRCLE('',#4189,0.0217);
#573=CIRCLE('',#4190,0.0215);
#574=CIRCLE('',#4193,0.0215);
#575=CIRCLE('',#4194,0.0033);
#576=CIRCLE('',#4196,0.0215);
#577=CIRCLE('',#4197,0.0033);
#578=CIRCLE('',#4199,0.0215);
#579=CIRCLE('',#4200,0.0033);
#580=CIRCLE('',#4202,0.0215);
#581=CIRCLE('',#4203,0.0033);
#582=CIRCLE('',#4205,0.0215);
#583=CIRCLE('',#4206,0.0033);
#584=CIRCLE('',#4208,0.0215);
#585=CIRCLE('',#4209,0.0033);
#586=CIRCLE('',#4211,0.0215);
#587=CIRCLE('',#4212,0.0033);
#588=CIRCLE('',#4214,0.0217);
#589=CIRCLE('',#4215,0.0215);
#590=CIRCLE('',#4217,0.0033);
#591=CIRCLE('',#4218,0.0033);
#592=CIRCLE('',#4219,0.0217);
#593=CIRCLE('',#4221,0.0215);
#594=CIRCLE('',#4223,0.0033);
#595=CIRCLE('',#4224,0.0033);
#596=CIRCLE('',#4225,0.0217);
#597=CIRCLE('',#4227,0.0215);
#598=CIRCLE('',#4229,0.0033);
#599=CIRCLE('',#4230,0.0033);
#600=CIRCLE('',#4231,0.0217);
#601=CIRCLE('',#4233,0.0215);
#602=CIRCLE('',#4235,0.0033);
#603=CIRCLE('',#4236,0.0033);
#604=CIRCLE('',#4237,0.0217);
#605=CIRCLE('',#4239,0.0215);
#606=CIRCLE('',#4241,0.0033);
#607=CIRCLE('',#4242,0.0033);
#608=CIRCLE('',#4243,0.0217);
#609=CIRCLE('',#4245,0.0215);
#610=CIRCLE('',#4247,0.0033);
#611=CIRCLE('',#4248,0.0033);
#612=CIRCLE('',#4249,0.0217);
#613=CIRCLE('',#4251,0.0033);
#614=CIRCLE('',#4252,0.0033);
#615=CIRCLE('',#4253,0.0217);
#616=CIRCLE('',#4255,0.0215);
#617=CIRCLE('',#4257,0.0215);
#618=CIRCLE('',#4258,0.0033);
#619=CIRCLE('',#4260,0.021);
#620=CIRCLE('',#4262,0.021);
#621=CIRCLE('',#4264,0.0214);
#622=CIRCLE('',#4266,0.0214);
#623=CIRCLE('',#4268,0.0215);
#624=CIRCLE('',#4270,0.0215);
#625=CIRCLE('',#4271,0.0215);
#626=CIRCLE('',#4272,0.0215);
#627=CIRCLE('',#4273,0.0215);
#628=CIRCLE('',#4274,0.0215);
#629=CIRCLE('',#4275,0.0215);
#630=CIRCLE('',#4276,0.0215);
#631=CIRCLE('',#4277,0.0215);
#632=CIRCLE('',#4278,0.0215);
#633=CIRCLE('',#4279,0.0215);
#634=CIRCLE('',#4280,0.0215);
#635=CIRCLE('',#4281,0.0215);
#636=CIRCLE('',#4282,0.0215);
#637=CIRCLE('',#4283,0.0215);
#638=CIRCLE('',#4284,0.0215);
#639=CIRCLE('',#4285,0.0215);
#640=CIRCLE('',#4286,0.0215);
#641=CIRCLE('',#4287,0.0215);
#642=CIRCLE('',#4288,0.0215);
#643=CIRCLE('',#4289,0.0215);
#644=CIRCLE('',#4291,0.0033);
#645=CIRCLE('',#4295,0.0033);
#646=CIRCLE('',#4302,0.0033);
#647=CIRCLE('',#4308,0.0033);
#648=CIRCLE('',#4314,0.0033);
#649=CIRCLE('',#4320,0.0033);
#650=CIRCLE('',#4326,0.0033);
#651=CIRCLE('',#4332,0.0033);
#652=CIRCLE('',#4338,0.0033);
#653=CIRCLE('',#4359,0.0226);
#654=CIRCLE('',#4365,0.0226);
#655=CIRCLE('',#4368,0.0226);
#656=CIRCLE('',#4373,0.0226);
#657=CIRCLE('',#4376,0.0226);
#658=CIRCLE('',#4379,0.0226);
#659=CIRCLE('',#4396,0.0226);
#660=CIRCLE('',#4399,0.0226);
#661=CIRCLE('',#4411,0.0226);
#662=CIRCLE('',#4417,0.0226);
#663=CIRCLE('',#4423,0.0226);
#664=CIRCLE('',#4427,0.0226);
#665=CIRCLE('',#4430,0.0226);
#666=CIRCLE('',#4433,0.0226);
#667=CIRCLE('',#4436,0.0226);
#668=CIRCLE('',#4441,0.0226);
#669=CIRCLE('',#4443,0.0226);
#670=CIRCLE('',#4447,0.0227);
#671=CIRCLE('',#4452,0.0226);
#672=CIRCLE('',#4455,0.0226);
#673=CIRCLE('',#4460,0.0226);
#674=CIRCLE('',#4463,0.0226);
#675=CIRCLE('',#4468,0.0226);
#676=CIRCLE('',#4472,0.0226);
#677=CIRCLE('',#4475,0.0226);
#678=CIRCLE('',#4479,0.0226);
#679=ORIENTED_EDGE('',*,*,#1907,.T.);
#680=ORIENTED_EDGE('',*,*,#1908,.T.);
#681=ORIENTED_EDGE('',*,*,#1909,.T.);
#682=ORIENTED_EDGE('',*,*,#1910,.T.);
#683=ORIENTED_EDGE('',*,*,#1911,.T.);
#684=ORIENTED_EDGE('',*,*,#1912,.F.);
#685=ORIENTED_EDGE('',*,*,#1913,.T.);
#686=ORIENTED_EDGE('',*,*,#1914,.T.);
#687=ORIENTED_EDGE('',*,*,#1915,.T.);
#688=ORIENTED_EDGE('',*,*,#1916,.T.);
#689=ORIENTED_EDGE('',*,*,#1917,.F.);
#690=ORIENTED_EDGE('',*,*,#1918,.T.);
#691=ORIENTED_EDGE('',*,*,#1919,.T.);
#692=ORIENTED_EDGE('',*,*,#1920,.T.);
#693=ORIENTED_EDGE('',*,*,#1921,.T.);
#694=ORIENTED_EDGE('',*,*,#1922,.T.);
#695=ORIENTED_EDGE('',*,*,#1923,.T.);
#696=ORIENTED_EDGE('',*,*,#1924,.T.);
#697=ORIENTED_EDGE('',*,*,#1925,.T.);
#698=ORIENTED_EDGE('',*,*,#1926,.T.);
#699=ORIENTED_EDGE('',*,*,#1927,.T.);
#700=ORIENTED_EDGE('',*,*,#1928,.T.);
#701=ORIENTED_EDGE('',*,*,#1929,.T.);
#702=ORIENTED_EDGE('',*,*,#1930,.T.);
#703=ORIENTED_EDGE('',*,*,#1931,.T.);
#704=ORIENTED_EDGE('',*,*,#1932,.T.);
#705=ORIENTED_EDGE('',*,*,#1933,.F.);
#706=ORIENTED_EDGE('',*,*,#1934,.T.);
#707=ORIENTED_EDGE('',*,*,#1935,.T.);
#708=ORIENTED_EDGE('',*,*,#1936,.T.);
#709=ORIENTED_EDGE('',*,*,#1937,.T.);
#710=ORIENTED_EDGE('',*,*,#1938,.T.);
#711=ORIENTED_EDGE('',*,*,#1939,.T.);
#712=ORIENTED_EDGE('',*,*,#1940,.T.);
#713=ORIENTED_EDGE('',*,*,#1941,.T.);
#714=ORIENTED_EDGE('',*,*,#1942,.T.);
#715=ORIENTED_EDGE('',*,*,#1943,.F.);
#716=ORIENTED_EDGE('',*,*,#1944,.T.);
#717=ORIENTED_EDGE('',*,*,#1945,.T.);
#718=ORIENTED_EDGE('',*,*,#1946,.T.);
#719=ORIENTED_EDGE('',*,*,#1947,.T.);
#720=ORIENTED_EDGE('',*,*,#1948,.T.);
#721=ORIENTED_EDGE('',*,*,#1949,.T.);
#722=ORIENTED_EDGE('',*,*,#1950,.T.);
#723=ORIENTED_EDGE('',*,*,#1951,.T.);
#724=ORIENTED_EDGE('',*,*,#1952,.F.);
#725=ORIENTED_EDGE('',*,*,#1953,.T.);
#726=ORIENTED_EDGE('',*,*,#1954,.T.);
#727=ORIENTED_EDGE('',*,*,#1955,.T.);
#728=ORIENTED_EDGE('',*,*,#1956,.T.);
#729=ORIENTED_EDGE('',*,*,#1957,.T.);
#730=ORIENTED_EDGE('',*,*,#1958,.T.);
#731=ORIENTED_EDGE('',*,*,#1959,.T.);
#732=ORIENTED_EDGE('',*,*,#1960,.F.);
#733=ORIENTED_EDGE('',*,*,#1961,.T.);
#734=ORIENTED_EDGE('',*,*,#1962,.T.);
#735=ORIENTED_EDGE('',*,*,#1963,.T.);
#736=ORIENTED_EDGE('',*,*,#1964,.T.);
#737=ORIENTED_EDGE('',*,*,#1965,.T.);
#738=ORIENTED_EDGE('',*,*,#1966,.T.);
#739=ORIENTED_EDGE('',*,*,#1967,.F.);
#740=ORIENTED_EDGE('',*,*,#1968,.T.);
#741=ORIENTED_EDGE('',*,*,#1969,.T.);
#742=ORIENTED_EDGE('',*,*,#1970,.T.);
#743=ORIENTED_EDGE('',*,*,#1971,.T.);
#744=ORIENTED_EDGE('',*,*,#1972,.T.);
#745=ORIENTED_EDGE('',*,*,#1973,.T.);
#746=ORIENTED_EDGE('',*,*,#1974,.T.);
#747=ORIENTED_EDGE('',*,*,#1975,.T.);
#748=ORIENTED_EDGE('',*,*,#1976,.T.);
#749=ORIENTED_EDGE('',*,*,#1977,.T.);
#750=ORIENTED_EDGE('',*,*,#1978,.T.);
#751=ORIENTED_EDGE('',*,*,#1979,.T.);
#752=ORIENTED_EDGE('',*,*,#1980,.T.);
#753=ORIENTED_EDGE('',*,*,#1981,.F.);
#754=ORIENTED_EDGE('',*,*,#1982,.T.);
#755=ORIENTED_EDGE('',*,*,#1983,.T.);
#756=ORIENTED_EDGE('',*,*,#1984,.T.);
#757=ORIENTED_EDGE('',*,*,#1985,.T.);
#758=ORIENTED_EDGE('',*,*,#1986,.T.);
#759=ORIENTED_EDGE('',*,*,#1987,.T.);
#760=ORIENTED_EDGE('',*,*,#1988,.T.);
#761=ORIENTED_EDGE('',*,*,#1989,.T.);
#762=ORIENTED_EDGE('',*,*,#1990,.F.);
#763=ORIENTED_EDGE('',*,*,#1991,.F.);
#764=ORIENTED_EDGE('',*,*,#1992,.T.);
#765=ORIENTED_EDGE('',*,*,#1993,.F.);
#766=ORIENTED_EDGE('',*,*,#1994,.F.);
#767=ORIENTED_EDGE('',*,*,#1995,.F.);
#768=ORIENTED_EDGE('',*,*,#1996,.T.);
#769=ORIENTED_EDGE('',*,*,#1997,.F.);
#770=ORIENTED_EDGE('',*,*,#1998,.F.);
#771=ORIENTED_EDGE('',*,*,#1999,.F.);
#772=ORIENTED_EDGE('',*,*,#2000,.T.);
#773=ORIENTED_EDGE('',*,*,#2001,.F.);
#774=ORIENTED_EDGE('',*,*,#2002,.F.);
#775=ORIENTED_EDGE('',*,*,#2003,.F.);
#776=ORIENTED_EDGE('',*,*,#2004,.T.);
#777=ORIENTED_EDGE('',*,*,#2005,.F.);
#778=ORIENTED_EDGE('',*,*,#2006,.F.);
#779=ORIENTED_EDGE('',*,*,#2007,.F.);
#780=ORIENTED_EDGE('',*,*,#2008,.T.);
#781=ORIENTED_EDGE('',*,*,#2009,.F.);
#782=ORIENTED_EDGE('',*,*,#2010,.F.);
#783=ORIENTED_EDGE('',*,*,#2011,.F.);
#784=ORIENTED_EDGE('',*,*,#2012,.T.);
#785=ORIENTED_EDGE('',*,*,#2013,.F.);
#786=ORIENTED_EDGE('',*,*,#2014,.F.);
#787=ORIENTED_EDGE('',*,*,#2015,.F.);
#788=ORIENTED_EDGE('',*,*,#2016,.T.);
#789=ORIENTED_EDGE('',*,*,#2017,.F.);
#790=ORIENTED_EDGE('',*,*,#2018,.F.);
#791=ORIENTED_EDGE('',*,*,#2019,.F.);
#792=ORIENTED_EDGE('',*,*,#2020,.T.);
#793=ORIENTED_EDGE('',*,*,#2021,.F.);
#794=ORIENTED_EDGE('',*,*,#2022,.F.);
#795=ORIENTED_EDGE('',*,*,#2023,.F.);
#796=ORIENTED_EDGE('',*,*,#2024,.T.);
#797=ORIENTED_EDGE('',*,*,#2025,.F.);
#798=ORIENTED_EDGE('',*,*,#2026,.F.);
#799=ORIENTED_EDGE('',*,*,#2027,.F.);
#800=ORIENTED_EDGE('',*,*,#2028,.T.);
#801=ORIENTED_EDGE('',*,*,#2029,.F.);
#802=ORIENTED_EDGE('',*,*,#2030,.T.);
#803=ORIENTED_EDGE('',*,*,#2031,.F.);
#804=ORIENTED_EDGE('',*,*,#2032,.T.);
#805=ORIENTED_EDGE('',*,*,#2033,.F.);
#806=ORIENTED_EDGE('',*,*,#2034,.T.);
#807=ORIENTED_EDGE('',*,*,#2035,.F.);
#808=ORIENTED_EDGE('',*,*,#2036,.F.);
#809=ORIENTED_EDGE('',*,*,#2037,.F.);
#810=ORIENTED_EDGE('',*,*,#2038,.F.);
#811=ORIENTED_EDGE('',*,*,#2039,.F.);
#812=ORIENTED_EDGE('',*,*,#2040,.T.);
#813=ORIENTED_EDGE('',*,*,#2041,.F.);
#814=ORIENTED_EDGE('',*,*,#2042,.F.);
#815=ORIENTED_EDGE('',*,*,#2043,.F.);
#816=ORIENTED_EDGE('',*,*,#2044,.F.);
#817=ORIENTED_EDGE('',*,*,#2045,.F.);
#818=ORIENTED_EDGE('',*,*,#2046,.F.);
#819=ORIENTED_EDGE('',*,*,#2047,.F.);
#820=ORIENTED_EDGE('',*,*,#2048,.F.);
#821=ORIENTED_EDGE('',*,*,#2049,.F.);
#822=ORIENTED_EDGE('',*,*,#2050,.F.);
#823=ORIENTED_EDGE('',*,*,#2051,.F.);
#824=ORIENTED_EDGE('',*,*,#2052,.F.);
#825=ORIENTED_EDGE('',*,*,#2053,.F.);
#826=ORIENTED_EDGE('',*,*,#2054,.T.);
#827=ORIENTED_EDGE('',*,*,#2055,.F.);
#828=ORIENTED_EDGE('',*,*,#2056,.F.);
#829=ORIENTED_EDGE('',*,*,#1992,.F.);
#830=ORIENTED_EDGE('',*,*,#2057,.F.);
#831=ORIENTED_EDGE('',*,*,#2058,.F.);
#832=ORIENTED_EDGE('',*,*,#2059,.F.);
#833=ORIENTED_EDGE('',*,*,#2060,.F.);
#834=ORIENTED_EDGE('',*,*,#2061,.F.);
#835=ORIENTED_EDGE('',*,*,#2062,.F.);
#836=ORIENTED_EDGE('',*,*,#2054,.F.);
#837=ORIENTED_EDGE('',*,*,#2063,.F.);
#838=ORIENTED_EDGE('',*,*,#2028,.F.);
#839=ORIENTED_EDGE('',*,*,#2064,.F.);
#840=ORIENTED_EDGE('',*,*,#2059,.T.);
#841=ORIENTED_EDGE('',*,*,#2065,.F.);
#842=ORIENTED_EDGE('',*,*,#2066,.T.);
#843=ORIENTED_EDGE('',*,*,#2067,.T.);
#844=ORIENTED_EDGE('',*,*,#2068,.F.);
#845=ORIENTED_EDGE('',*,*,#2069,.T.);
#846=ORIENTED_EDGE('',*,*,#2070,.T.);
#847=ORIENTED_EDGE('',*,*,#2071,.F.);
#848=ORIENTED_EDGE('',*,*,#2072,.T.);
#849=ORIENTED_EDGE('',*,*,#2073,.T.);
#850=ORIENTED_EDGE('',*,*,#2074,.F.);
#851=ORIENTED_EDGE('',*,*,#2075,.T.);
#852=ORIENTED_EDGE('',*,*,#2076,.T.);
#853=ORIENTED_EDGE('',*,*,#2077,.F.);
#854=ORIENTED_EDGE('',*,*,#2078,.T.);
#855=ORIENTED_EDGE('',*,*,#2079,.T.);
#856=ORIENTED_EDGE('',*,*,#2080,.F.);
#857=ORIENTED_EDGE('',*,*,#2081,.T.);
#858=ORIENTED_EDGE('',*,*,#2082,.T.);
#859=ORIENTED_EDGE('',*,*,#2083,.F.);
#860=ORIENTED_EDGE('',*,*,#2084,.T.);
#861=ORIENTED_EDGE('',*,*,#2085,.T.);
#862=ORIENTED_EDGE('',*,*,#2086,.F.);
#863=ORIENTED_EDGE('',*,*,#2087,.F.);
#864=ORIENTED_EDGE('',*,*,#2088,.F.);
#865=ORIENTED_EDGE('',*,*,#2089,.F.);
#866=ORIENTED_EDGE('',*,*,#2090,.F.);
#867=ORIENTED_EDGE('',*,*,#2091,.F.);
#868=ORIENTED_EDGE('',*,*,#2020,.F.);
#869=ORIENTED_EDGE('',*,*,#2092,.F.);
#870=ORIENTED_EDGE('',*,*,#2093,.F.);
#871=ORIENTED_EDGE('',*,*,#2094,.T.);
#872=ORIENTED_EDGE('',*,*,#2095,.F.);
#873=ORIENTED_EDGE('',*,*,#2094,.F.);
#874=ORIENTED_EDGE('',*,*,#2096,.F.);
#875=ORIENTED_EDGE('',*,*,#2097,.F.);
#876=ORIENTED_EDGE('',*,*,#2098,.F.);
#877=ORIENTED_EDGE('',*,*,#2099,.F.);
#878=ORIENTED_EDGE('',*,*,#2016,.F.);
#879=ORIENTED_EDGE('',*,*,#2100,.F.);
#880=ORIENTED_EDGE('',*,*,#2101,.F.);
#881=ORIENTED_EDGE('',*,*,#2102,.T.);
#882=ORIENTED_EDGE('',*,*,#2103,.F.);
#883=ORIENTED_EDGE('',*,*,#2102,.F.);
#884=ORIENTED_EDGE('',*,*,#2104,.F.);
#885=ORIENTED_EDGE('',*,*,#2105,.F.);
#886=ORIENTED_EDGE('',*,*,#2106,.F.);
#887=ORIENTED_EDGE('',*,*,#2107,.F.);
#888=ORIENTED_EDGE('',*,*,#2012,.F.);
#889=ORIENTED_EDGE('',*,*,#2108,.F.);
#890=ORIENTED_EDGE('',*,*,#2109,.F.);
#891=ORIENTED_EDGE('',*,*,#2110,.T.);
#892=ORIENTED_EDGE('',*,*,#2111,.F.);
#893=ORIENTED_EDGE('',*,*,#2110,.F.);
#894=ORIENTED_EDGE('',*,*,#2112,.F.);
#895=ORIENTED_EDGE('',*,*,#2113,.F.);
#896=ORIENTED_EDGE('',*,*,#2114,.F.);
#897=ORIENTED_EDGE('',*,*,#2115,.F.);
#898=ORIENTED_EDGE('',*,*,#2008,.F.);
#899=ORIENTED_EDGE('',*,*,#2116,.F.);
#900=ORIENTED_EDGE('',*,*,#2117,.F.);
#901=ORIENTED_EDGE('',*,*,#2118,.T.);
#902=ORIENTED_EDGE('',*,*,#2119,.F.);
#903=ORIENTED_EDGE('',*,*,#2118,.F.);
#904=ORIENTED_EDGE('',*,*,#2120,.F.);
#905=ORIENTED_EDGE('',*,*,#2121,.F.);
#906=ORIENTED_EDGE('',*,*,#2122,.F.);
#907=ORIENTED_EDGE('',*,*,#2123,.F.);
#908=ORIENTED_EDGE('',*,*,#2004,.F.);
#909=ORIENTED_EDGE('',*,*,#2124,.F.);
#910=ORIENTED_EDGE('',*,*,#2125,.F.);
#911=ORIENTED_EDGE('',*,*,#2126,.T.);
#912=ORIENTED_EDGE('',*,*,#2127,.F.);
#913=ORIENTED_EDGE('',*,*,#2126,.F.);
#914=ORIENTED_EDGE('',*,*,#2128,.F.);
#915=ORIENTED_EDGE('',*,*,#2129,.F.);
#916=ORIENTED_EDGE('',*,*,#2130,.F.);
#917=ORIENTED_EDGE('',*,*,#2131,.F.);
#918=ORIENTED_EDGE('',*,*,#2000,.F.);
#919=ORIENTED_EDGE('',*,*,#2132,.F.);
#920=ORIENTED_EDGE('',*,*,#2133,.F.);
#921=ORIENTED_EDGE('',*,*,#2134,.T.);
#922=ORIENTED_EDGE('',*,*,#2135,.F.);
#923=ORIENTED_EDGE('',*,*,#2136,.F.);
#924=ORIENTED_EDGE('',*,*,#1996,.F.);
#925=ORIENTED_EDGE('',*,*,#2137,.F.);
#926=ORIENTED_EDGE('',*,*,#2138,.F.);
#927=ORIENTED_EDGE('',*,*,#2139,.T.);
#928=ORIENTED_EDGE('',*,*,#2140,.F.);
#929=ORIENTED_EDGE('',*,*,#2134,.F.);
#930=ORIENTED_EDGE('',*,*,#2141,.F.);
#931=ORIENTED_EDGE('',*,*,#2142,.F.);
#932=ORIENTED_EDGE('',*,*,#2143,.F.);
#933=ORIENTED_EDGE('',*,*,#2144,.T.);
#934=ORIENTED_EDGE('',*,*,#2145,.T.);
#935=ORIENTED_EDGE('',*,*,#1990,.T.);
#936=ORIENTED_EDGE('',*,*,#2146,.F.);
#937=ORIENTED_EDGE('',*,*,#2146,.T.);
#938=ORIENTED_EDGE('',*,*,#2147,.F.);
#939=ORIENTED_EDGE('',*,*,#2147,.T.);
#940=ORIENTED_EDGE('',*,*,#2148,.F.);
#941=ORIENTED_EDGE('',*,*,#2148,.T.);
#942=ORIENTED_EDGE('',*,*,#2149,.F.);
#943=ORIENTED_EDGE('',*,*,#2149,.T.);
#944=ORIENTED_EDGE('',*,*,#2150,.F.);
#945=ORIENTED_EDGE('',*,*,#2151,.F.);
#946=ORIENTED_EDGE('',*,*,#2152,.F.);
#947=ORIENTED_EDGE('',*,*,#2153,.F.);
#948=ORIENTED_EDGE('',*,*,#2154,.F.);
#949=ORIENTED_EDGE('',*,*,#2155,.F.);
#950=ORIENTED_EDGE('',*,*,#2156,.F.);
#951=ORIENTED_EDGE('',*,*,#2157,.F.);
#952=ORIENTED_EDGE('',*,*,#2089,.T.);
#953=ORIENTED_EDGE('',*,*,#2158,.F.);
#954=ORIENTED_EDGE('',*,*,#2066,.F.);
#955=ORIENTED_EDGE('',*,*,#2159,.F.);
#956=ORIENTED_EDGE('',*,*,#2160,.F.);
#957=ORIENTED_EDGE('',*,*,#2161,.F.);
#958=ORIENTED_EDGE('',*,*,#2162,.F.);
#959=ORIENTED_EDGE('',*,*,#2163,.T.);
#960=ORIENTED_EDGE('',*,*,#2097,.T.);
#961=ORIENTED_EDGE('',*,*,#2164,.F.);
#962=ORIENTED_EDGE('',*,*,#2069,.F.);
#963=ORIENTED_EDGE('',*,*,#2165,.F.);
#964=ORIENTED_EDGE('',*,*,#2166,.F.);
#965=ORIENTED_EDGE('',*,*,#2167,.F.);
#966=ORIENTED_EDGE('',*,*,#2168,.F.);
#967=ORIENTED_EDGE('',*,*,#2169,.T.);
#968=ORIENTED_EDGE('',*,*,#2105,.T.);
#969=ORIENTED_EDGE('',*,*,#2170,.F.);
#970=ORIENTED_EDGE('',*,*,#2072,.F.);
#971=ORIENTED_EDGE('',*,*,#2171,.F.);
#972=ORIENTED_EDGE('',*,*,#2172,.F.);
#973=ORIENTED_EDGE('',*,*,#2173,.F.);
#974=ORIENTED_EDGE('',*,*,#2174,.F.);
#975=ORIENTED_EDGE('',*,*,#2175,.T.);
#976=ORIENTED_EDGE('',*,*,#2113,.T.);
#977=ORIENTED_EDGE('',*,*,#2176,.F.);
#978=ORIENTED_EDGE('',*,*,#2075,.F.);
#979=ORIENTED_EDGE('',*,*,#2177,.F.);
#980=ORIENTED_EDGE('',*,*,#2178,.F.);
#981=ORIENTED_EDGE('',*,*,#2179,.F.);
#982=ORIENTED_EDGE('',*,*,#2180,.F.);
#983=ORIENTED_EDGE('',*,*,#2181,.T.);
#984=ORIENTED_EDGE('',*,*,#2121,.T.);
#985=ORIENTED_EDGE('',*,*,#2182,.F.);
#986=ORIENTED_EDGE('',*,*,#2078,.F.);
#987=ORIENTED_EDGE('',*,*,#2183,.F.);
#988=ORIENTED_EDGE('',*,*,#2184,.F.);
#989=ORIENTED_EDGE('',*,*,#2185,.F.);
#990=ORIENTED_EDGE('',*,*,#2186,.F.);
#991=ORIENTED_EDGE('',*,*,#2187,.T.);
#992=ORIENTED_EDGE('',*,*,#2129,.T.);
#993=ORIENTED_EDGE('',*,*,#2188,.F.);
#994=ORIENTED_EDGE('',*,*,#2081,.F.);
#995=ORIENTED_EDGE('',*,*,#2189,.F.);
#996=ORIENTED_EDGE('',*,*,#2190,.F.);
#997=ORIENTED_EDGE('',*,*,#2191,.F.);
#998=ORIENTED_EDGE('',*,*,#2192,.F.);
#999=ORIENTED_EDGE('',*,*,#2193,.T.);
#1000=ORIENTED_EDGE('',*,*,#2142,.T.);
#1001=ORIENTED_EDGE('',*,*,#2194,.F.);
#1002=ORIENTED_EDGE('',*,*,#2084,.F.);
#1003=ORIENTED_EDGE('',*,*,#2195,.F.);
#1004=ORIENTED_EDGE('',*,*,#2196,.F.);
#1005=ORIENTED_EDGE('',*,*,#2197,.F.);
#1006=ORIENTED_EDGE('',*,*,#2198,.F.);
#1007=ORIENTED_EDGE('',*,*,#2199,.T.);
#1008=ORIENTED_EDGE('',*,*,#2200,.T.);
#1009=ORIENTED_EDGE('',*,*,#2201,.F.);
#1010=ORIENTED_EDGE('',*,*,#2144,.F.);
#1011=ORIENTED_EDGE('',*,*,#2202,.F.);
#1012=ORIENTED_EDGE('',*,*,#2203,.F.);
#1013=ORIENTED_EDGE('',*,*,#2204,.F.);
#1014=ORIENTED_EDGE('',*,*,#2205,.F.);
#1015=ORIENTED_EDGE('',*,*,#2206,.T.);
#1016=ORIENTED_EDGE('',*,*,#2061,.T.);
#1017=ORIENTED_EDGE('',*,*,#2150,.T.);
#1018=ORIENTED_EDGE('',*,*,#2207,.F.);
#1019=ORIENTED_EDGE('',*,*,#2024,.F.);
#1020=ORIENTED_EDGE('',*,*,#2208,.F.);
#1021=ORIENTED_EDGE('',*,*,#2209,.F.);
#1022=ORIENTED_EDGE('',*,*,#2087,.T.);
#1023=ORIENTED_EDGE('',*,*,#2210,.F.);
#1024=ORIENTED_EDGE('',*,*,#2139,.F.);
#1025=ORIENTED_EDGE('',*,*,#2211,.F.);
#1026=ORIENTED_EDGE('',*,*,#2200,.F.);
#1027=ORIENTED_EDGE('',*,*,#2211,.T.);
#1028=ORIENTED_EDGE('',*,*,#2138,.T.);
#1029=ORIENTED_EDGE('',*,*,#2212,.F.);
#1030=ORIENTED_EDGE('',*,*,#2145,.F.);
#1031=ORIENTED_EDGE('',*,*,#2201,.T.);
#1032=ORIENTED_EDGE('',*,*,#2062,.T.);
#1033=ORIENTED_EDGE('',*,*,#2206,.F.);
#1034=ORIENTED_EDGE('',*,*,#2213,.F.);
#1035=ORIENTED_EDGE('',*,*,#2214,.T.);
#1036=ORIENTED_EDGE('',*,*,#2055,.T.);
#1037=ORIENTED_EDGE('',*,*,#1993,.T.);
#1038=ORIENTED_EDGE('',*,*,#2056,.T.);
#1039=ORIENTED_EDGE('',*,*,#2214,.F.);
#1040=ORIENTED_EDGE('',*,*,#2215,.T.);
#1041=ORIENTED_EDGE('',*,*,#2204,.T.);
#1042=ORIENTED_EDGE('',*,*,#2216,.F.);
#1043=ORIENTED_EDGE('',*,*,#1995,.T.);
#1044=ORIENTED_EDGE('',*,*,#2217,.F.);
#1045=ORIENTED_EDGE('',*,*,#2202,.T.);
#1046=ORIENTED_EDGE('',*,*,#2143,.T.);
#1047=ORIENTED_EDGE('',*,*,#2212,.T.);
#1048=ORIENTED_EDGE('',*,*,#2137,.T.);
#1049=ORIENTED_EDGE('',*,*,#2215,.F.);
#1050=ORIENTED_EDGE('',*,*,#2213,.T.);
#1051=ORIENTED_EDGE('',*,*,#2205,.T.);
#1052=ORIENTED_EDGE('',*,*,#2203,.T.);
#1053=ORIENTED_EDGE('',*,*,#2217,.T.);
#1054=ORIENTED_EDGE('',*,*,#1994,.T.);
#1055=ORIENTED_EDGE('',*,*,#2216,.T.);
#1056=ORIENTED_EDGE('',*,*,#2141,.T.);
#1057=ORIENTED_EDGE('',*,*,#2133,.T.);
#1058=ORIENTED_EDGE('',*,*,#2218,.F.);
#1059=ORIENTED_EDGE('',*,*,#2085,.F.);
#1060=ORIENTED_EDGE('',*,*,#2194,.T.);
#1061=ORIENTED_EDGE('',*,*,#2210,.T.);
#1062=ORIENTED_EDGE('',*,*,#2199,.F.);
#1063=ORIENTED_EDGE('',*,*,#2219,.F.);
#1064=ORIENTED_EDGE('',*,*,#2220,.T.);
#1065=ORIENTED_EDGE('',*,*,#2135,.T.);
#1066=ORIENTED_EDGE('',*,*,#1997,.T.);
#1067=ORIENTED_EDGE('',*,*,#2136,.T.);
#1068=ORIENTED_EDGE('',*,*,#2220,.F.);
#1069=ORIENTED_EDGE('',*,*,#2221,.T.);
#1070=ORIENTED_EDGE('',*,*,#2197,.T.);
#1071=ORIENTED_EDGE('',*,*,#2222,.F.);
#1072=ORIENTED_EDGE('',*,*,#1999,.T.);
#1073=ORIENTED_EDGE('',*,*,#2223,.F.);
#1074=ORIENTED_EDGE('',*,*,#2195,.T.);
#1075=ORIENTED_EDGE('',*,*,#2083,.T.);
#1076=ORIENTED_EDGE('',*,*,#2218,.T.);
#1077=ORIENTED_EDGE('',*,*,#2132,.T.);
#1078=ORIENTED_EDGE('',*,*,#2221,.F.);
#1079=ORIENTED_EDGE('',*,*,#2219,.T.);
#1080=ORIENTED_EDGE('',*,*,#2198,.T.);
#1081=ORIENTED_EDGE('',*,*,#2128,.T.);
#1082=ORIENTED_EDGE('',*,*,#2125,.T.);
#1083=ORIENTED_EDGE('',*,*,#2224,.F.);
#1084=ORIENTED_EDGE('',*,*,#2082,.F.);
#1085=ORIENTED_EDGE('',*,*,#2188,.T.);
#1086=ORIENTED_EDGE('',*,*,#2140,.T.);
#1087=ORIENTED_EDGE('',*,*,#2193,.F.);
#1088=ORIENTED_EDGE('',*,*,#2225,.F.);
#1089=ORIENTED_EDGE('',*,*,#2226,.T.);
#1090=ORIENTED_EDGE('',*,*,#2130,.T.);
#1091=ORIENTED_EDGE('',*,*,#2001,.T.);
#1092=ORIENTED_EDGE('',*,*,#2131,.T.);
#1093=ORIENTED_EDGE('',*,*,#2226,.F.);
#1094=ORIENTED_EDGE('',*,*,#2227,.T.);
#1095=ORIENTED_EDGE('',*,*,#2191,.T.);
#1096=ORIENTED_EDGE('',*,*,#2228,.F.);
#1097=ORIENTED_EDGE('',*,*,#2003,.T.);
#1098=ORIENTED_EDGE('',*,*,#2229,.F.);
#1099=ORIENTED_EDGE('',*,*,#2189,.T.);
#1100=ORIENTED_EDGE('',*,*,#2080,.T.);
#1101=ORIENTED_EDGE('',*,*,#2224,.T.);
#1102=ORIENTED_EDGE('',*,*,#2124,.T.);
#1103=ORIENTED_EDGE('',*,*,#2227,.F.);
#1104=ORIENTED_EDGE('',*,*,#2225,.T.);
#1105=ORIENTED_EDGE('',*,*,#2192,.T.);
#1106=ORIENTED_EDGE('',*,*,#2120,.T.);
#1107=ORIENTED_EDGE('',*,*,#2117,.T.);
#1108=ORIENTED_EDGE('',*,*,#2230,.F.);
#1109=ORIENTED_EDGE('',*,*,#2079,.F.);
#1110=ORIENTED_EDGE('',*,*,#2182,.T.);
#1111=ORIENTED_EDGE('',*,*,#2127,.T.);
#1112=ORIENTED_EDGE('',*,*,#2187,.F.);
#1113=ORIENTED_EDGE('',*,*,#2231,.F.);
#1114=ORIENTED_EDGE('',*,*,#2232,.T.);
#1115=ORIENTED_EDGE('',*,*,#2122,.T.);
#1116=ORIENTED_EDGE('',*,*,#2005,.T.);
#1117=ORIENTED_EDGE('',*,*,#2123,.T.);
#1118=ORIENTED_EDGE('',*,*,#2232,.F.);
#1119=ORIENTED_EDGE('',*,*,#2233,.T.);
#1120=ORIENTED_EDGE('',*,*,#2185,.T.);
#1121=ORIENTED_EDGE('',*,*,#2234,.F.);
#1122=ORIENTED_EDGE('',*,*,#2007,.T.);
#1123=ORIENTED_EDGE('',*,*,#2235,.F.);
#1124=ORIENTED_EDGE('',*,*,#2183,.T.);
#1125=ORIENTED_EDGE('',*,*,#2077,.T.);
#1126=ORIENTED_EDGE('',*,*,#2230,.T.);
#1127=ORIENTED_EDGE('',*,*,#2116,.T.);
#1128=ORIENTED_EDGE('',*,*,#2233,.F.);
#1129=ORIENTED_EDGE('',*,*,#2231,.T.);
#1130=ORIENTED_EDGE('',*,*,#2186,.T.);
#1131=ORIENTED_EDGE('',*,*,#2112,.T.);
#1132=ORIENTED_EDGE('',*,*,#2109,.T.);
#1133=ORIENTED_EDGE('',*,*,#2236,.F.);
#1134=ORIENTED_EDGE('',*,*,#2076,.F.);
#1135=ORIENTED_EDGE('',*,*,#2176,.T.);
#1136=ORIENTED_EDGE('',*,*,#2119,.T.);
#1137=ORIENTED_EDGE('',*,*,#2181,.F.);
#1138=ORIENTED_EDGE('',*,*,#2237,.F.);
#1139=ORIENTED_EDGE('',*,*,#2238,.T.);
#1140=ORIENTED_EDGE('',*,*,#2114,.T.);
#1141=ORIENTED_EDGE('',*,*,#2009,.T.);
#1142=ORIENTED_EDGE('',*,*,#2115,.T.);
#1143=ORIENTED_EDGE('',*,*,#2238,.F.);
#1144=ORIENTED_EDGE('',*,*,#2239,.T.);
#1145=ORIENTED_EDGE('',*,*,#2179,.T.);
#1146=ORIENTED_EDGE('',*,*,#2240,.F.);
#1147=ORIENTED_EDGE('',*,*,#2011,.T.);
#1148=ORIENTED_EDGE('',*,*,#2241,.F.);
#1149=ORIENTED_EDGE('',*,*,#2177,.T.);
#1150=ORIENTED_EDGE('',*,*,#2074,.T.);
#1151=ORIENTED_EDGE('',*,*,#2236,.T.);
#1152=ORIENTED_EDGE('',*,*,#2108,.T.);
#1153=ORIENTED_EDGE('',*,*,#2239,.F.);
#1154=ORIENTED_EDGE('',*,*,#2237,.T.);
#1155=ORIENTED_EDGE('',*,*,#2180,.T.);
#1156=ORIENTED_EDGE('',*,*,#2104,.T.);
#1157=ORIENTED_EDGE('',*,*,#2101,.T.);
#1158=ORIENTED_EDGE('',*,*,#2242,.F.);
#1159=ORIENTED_EDGE('',*,*,#2073,.F.);
#1160=ORIENTED_EDGE('',*,*,#2170,.T.);
#1161=ORIENTED_EDGE('',*,*,#2111,.T.);
#1162=ORIENTED_EDGE('',*,*,#2175,.F.);
#1163=ORIENTED_EDGE('',*,*,#2243,.F.);
#1164=ORIENTED_EDGE('',*,*,#2244,.T.);
#1165=ORIENTED_EDGE('',*,*,#2106,.T.);
#1166=ORIENTED_EDGE('',*,*,#2013,.T.);
#1167=ORIENTED_EDGE('',*,*,#2107,.T.);
#1168=ORIENTED_EDGE('',*,*,#2244,.F.);
#1169=ORIENTED_EDGE('',*,*,#2245,.T.);
#1170=ORIENTED_EDGE('',*,*,#2173,.T.);
#1171=ORIENTED_EDGE('',*,*,#2246,.F.);
#1172=ORIENTED_EDGE('',*,*,#2015,.T.);
#1173=ORIENTED_EDGE('',*,*,#2247,.F.);
#1174=ORIENTED_EDGE('',*,*,#2171,.T.);
#1175=ORIENTED_EDGE('',*,*,#2071,.T.);
#1176=ORIENTED_EDGE('',*,*,#2242,.T.);
#1177=ORIENTED_EDGE('',*,*,#2100,.T.);
#1178=ORIENTED_EDGE('',*,*,#2245,.F.);
#1179=ORIENTED_EDGE('',*,*,#2243,.T.);
#1180=ORIENTED_EDGE('',*,*,#2174,.T.);
#1181=ORIENTED_EDGE('',*,*,#2096,.T.);
#1182=ORIENTED_EDGE('',*,*,#2093,.T.);
#1183=ORIENTED_EDGE('',*,*,#2248,.F.);
#1184=ORIENTED_EDGE('',*,*,#2070,.F.);
#1185=ORIENTED_EDGE('',*,*,#2164,.T.);
#1186=ORIENTED_EDGE('',*,*,#2103,.T.);
#1187=ORIENTED_EDGE('',*,*,#2169,.F.);
#1188=ORIENTED_EDGE('',*,*,#2249,.F.);
#1189=ORIENTED_EDGE('',*,*,#2250,.T.);
#1190=ORIENTED_EDGE('',*,*,#2098,.T.);
#1191=ORIENTED_EDGE('',*,*,#2017,.T.);
#1192=ORIENTED_EDGE('',*,*,#2099,.T.);
#1193=ORIENTED_EDGE('',*,*,#2250,.F.);
#1194=ORIENTED_EDGE('',*,*,#2251,.T.);
#1195=ORIENTED_EDGE('',*,*,#2167,.T.);
#1196=ORIENTED_EDGE('',*,*,#2252,.F.);
#1197=ORIENTED_EDGE('',*,*,#2019,.T.);
#1198=ORIENTED_EDGE('',*,*,#2253,.F.);
#1199=ORIENTED_EDGE('',*,*,#2165,.T.);
#1200=ORIENTED_EDGE('',*,*,#2068,.T.);
#1201=ORIENTED_EDGE('',*,*,#2248,.T.);
#1202=ORIENTED_EDGE('',*,*,#2092,.T.);
#1203=ORIENTED_EDGE('',*,*,#2251,.F.);
#1204=ORIENTED_EDGE('',*,*,#2249,.T.);
#1205=ORIENTED_EDGE('',*,*,#2168,.T.);
#1206=ORIENTED_EDGE('',*,*,#2088,.T.);
#1207=ORIENTED_EDGE('',*,*,#2209,.T.);
#1208=ORIENTED_EDGE('',*,*,#2254,.F.);
#1209=ORIENTED_EDGE('',*,*,#2067,.F.);
#1210=ORIENTED_EDGE('',*,*,#2158,.T.);
#1211=ORIENTED_EDGE('',*,*,#2095,.T.);
#1212=ORIENTED_EDGE('',*,*,#2163,.F.);
#1213=ORIENTED_EDGE('',*,*,#2255,.F.);
#1214=ORIENTED_EDGE('',*,*,#2256,.T.);
#1215=ORIENTED_EDGE('',*,*,#2090,.T.);
#1216=ORIENTED_EDGE('',*,*,#2021,.T.);
#1217=ORIENTED_EDGE('',*,*,#2091,.T.);
#1218=ORIENTED_EDGE('',*,*,#2256,.F.);
#1219=ORIENTED_EDGE('',*,*,#2257,.T.);
#1220=ORIENTED_EDGE('',*,*,#2161,.T.);
#1221=ORIENTED_EDGE('',*,*,#2258,.F.);
#1222=ORIENTED_EDGE('',*,*,#2023,.T.);
#1223=ORIENTED_EDGE('',*,*,#2259,.F.);
#1224=ORIENTED_EDGE('',*,*,#2159,.T.);
#1225=ORIENTED_EDGE('',*,*,#2065,.T.);
#1226=ORIENTED_EDGE('',*,*,#2254,.T.);
#1227=ORIENTED_EDGE('',*,*,#2208,.T.);
#1228=ORIENTED_EDGE('',*,*,#2257,.F.);
#1229=ORIENTED_EDGE('',*,*,#2255,.T.);
#1230=ORIENTED_EDGE('',*,*,#2162,.T.);
#1231=ORIENTED_EDGE('',*,*,#2196,.T.);
#1232=ORIENTED_EDGE('',*,*,#2223,.T.);
#1233=ORIENTED_EDGE('',*,*,#1998,.T.);
#1234=ORIENTED_EDGE('',*,*,#2222,.T.);
#1235=ORIENTED_EDGE('',*,*,#2190,.T.);
#1236=ORIENTED_EDGE('',*,*,#2229,.T.);
#1237=ORIENTED_EDGE('',*,*,#2002,.T.);
#1238=ORIENTED_EDGE('',*,*,#2228,.T.);
#1239=ORIENTED_EDGE('',*,*,#2184,.T.);
#1240=ORIENTED_EDGE('',*,*,#2235,.T.);
#1241=ORIENTED_EDGE('',*,*,#2006,.T.);
#1242=ORIENTED_EDGE('',*,*,#2234,.T.);
#1243=ORIENTED_EDGE('',*,*,#2178,.T.);
#1244=ORIENTED_EDGE('',*,*,#2241,.T.);
#1245=ORIENTED_EDGE('',*,*,#2010,.T.);
#1246=ORIENTED_EDGE('',*,*,#2240,.T.);
#1247=ORIENTED_EDGE('',*,*,#2172,.T.);
#1248=ORIENTED_EDGE('',*,*,#2247,.T.);
#1249=ORIENTED_EDGE('',*,*,#2014,.T.);
#1250=ORIENTED_EDGE('',*,*,#2246,.T.);
#1251=ORIENTED_EDGE('',*,*,#2166,.T.);
#1252=ORIENTED_EDGE('',*,*,#2253,.T.);
#1253=ORIENTED_EDGE('',*,*,#2018,.T.);
#1254=ORIENTED_EDGE('',*,*,#2252,.T.);
#1255=ORIENTED_EDGE('',*,*,#2160,.T.);
#1256=ORIENTED_EDGE('',*,*,#2259,.T.);
#1257=ORIENTED_EDGE('',*,*,#2022,.T.);
#1258=ORIENTED_EDGE('',*,*,#2258,.T.);
#1259=ORIENTED_EDGE('',*,*,#2060,.T.);
#1260=ORIENTED_EDGE('',*,*,#2064,.T.);
#1261=ORIENTED_EDGE('',*,*,#2027,.T.);
#1262=ORIENTED_EDGE('',*,*,#2260,.F.);
#1263=ORIENTED_EDGE('',*,*,#2155,.T.);
#1264=ORIENTED_EDGE('',*,*,#2086,.T.);
#1265=ORIENTED_EDGE('',*,*,#2157,.T.);
#1266=ORIENTED_EDGE('',*,*,#2261,.F.);
#1267=ORIENTED_EDGE('',*,*,#2025,.T.);
#1268=ORIENTED_EDGE('',*,*,#2207,.T.);
#1269=ORIENTED_EDGE('',*,*,#2156,.T.);
#1270=ORIENTED_EDGE('',*,*,#2260,.T.);
#1271=ORIENTED_EDGE('',*,*,#2026,.T.);
#1272=ORIENTED_EDGE('',*,*,#2261,.T.);
#1273=ORIENTED_EDGE('',*,*,#1991,.T.);
#1274=ORIENTED_EDGE('',*,*,#2262,.F.);
#1275=ORIENTED_EDGE('',*,*,#2154,.T.);
#1276=ORIENTED_EDGE('',*,*,#2263,.T.);
#1277=ORIENTED_EDGE('',*,*,#2264,.T.);
#1278=ORIENTED_EDGE('',*,*,#2052,.T.);
#1279=ORIENTED_EDGE('',*,*,#2264,.F.);
#1280=ORIENTED_EDGE('',*,*,#2265,.F.);
#1281=ORIENTED_EDGE('',*,*,#2266,.T.);
#1282=ORIENTED_EDGE('',*,*,#2057,.T.);
#1283=ORIENTED_EDGE('',*,*,#2053,.T.);
#1284=ORIENTED_EDGE('',*,*,#2058,.T.);
#1285=ORIENTED_EDGE('',*,*,#2266,.F.);
#1286=ORIENTED_EDGE('',*,*,#2267,.F.);
#1287=ORIENTED_EDGE('',*,*,#2152,.T.);
#1288=ORIENTED_EDGE('',*,*,#2268,.F.);
#1289=ORIENTED_EDGE('',*,*,#2029,.T.);
#1290=ORIENTED_EDGE('',*,*,#2063,.T.);
#1291=ORIENTED_EDGE('',*,*,#2268,.T.);
#1292=ORIENTED_EDGE('',*,*,#2151,.T.);
#1293=ORIENTED_EDGE('',*,*,#2262,.T.);
#1294=ORIENTED_EDGE('',*,*,#2030,.F.);
#1295=ORIENTED_EDGE('',*,*,#2153,.T.);
#1296=ORIENTED_EDGE('',*,*,#2267,.T.);
#1297=ORIENTED_EDGE('',*,*,#2265,.T.);
#1298=ORIENTED_EDGE('',*,*,#2263,.F.);
#1299=ORIENTED_EDGE('',*,*,#2269,.T.);
#1300=ORIENTED_EDGE('',*,*,#2031,.T.);
#1301=ORIENTED_EDGE('',*,*,#2270,.F.);
#1302=ORIENTED_EDGE('',*,*,#2271,.F.);
#1303=ORIENTED_EDGE('',*,*,#2270,.T.);
#1304=ORIENTED_EDGE('',*,*,#2040,.F.);
#1305=ORIENTED_EDGE('',*,*,#2272,.F.);
#1306=ORIENTED_EDGE('',*,*,#2273,.T.);
#1307=ORIENTED_EDGE('',*,*,#2272,.T.);
#1308=ORIENTED_EDGE('',*,*,#2039,.T.);
#1309=ORIENTED_EDGE('',*,*,#2274,.F.);
#1310=ORIENTED_EDGE('',*,*,#2275,.F.);
#1311=ORIENTED_EDGE('',*,*,#2274,.T.);
#1312=ORIENTED_EDGE('',*,*,#2038,.T.);
#1313=ORIENTED_EDGE('',*,*,#2276,.F.);
#1314=ORIENTED_EDGE('',*,*,#2277,.F.);
#1315=ORIENTED_EDGE('',*,*,#2276,.T.);
#1316=ORIENTED_EDGE('',*,*,#2037,.T.);
#1317=ORIENTED_EDGE('',*,*,#2278,.F.);
#1318=ORIENTED_EDGE('',*,*,#2279,.F.);
#1319=ORIENTED_EDGE('',*,*,#2278,.T.);
#1320=ORIENTED_EDGE('',*,*,#2036,.T.);
#1321=ORIENTED_EDGE('',*,*,#2280,.F.);
#1322=ORIENTED_EDGE('',*,*,#2281,.F.);
#1323=ORIENTED_EDGE('',*,*,#2280,.T.);
#1324=ORIENTED_EDGE('',*,*,#2035,.T.);
#1325=ORIENTED_EDGE('',*,*,#2282,.F.);
#1326=ORIENTED_EDGE('',*,*,#2283,.F.);
#1327=ORIENTED_EDGE('',*,*,#2282,.T.);
#1328=ORIENTED_EDGE('',*,*,#2034,.F.);
#1329=ORIENTED_EDGE('',*,*,#2284,.F.);
#1330=ORIENTED_EDGE('',*,*,#2285,.T.);
#1331=ORIENTED_EDGE('',*,*,#2284,.T.);
#1332=ORIENTED_EDGE('',*,*,#2033,.T.);
#1333=ORIENTED_EDGE('',*,*,#2286,.F.);
#1334=ORIENTED_EDGE('',*,*,#2287,.F.);
#1335=ORIENTED_EDGE('',*,*,#2288,.T.);
#1336=ORIENTED_EDGE('',*,*,#2286,.T.);
#1337=ORIENTED_EDGE('',*,*,#2032,.F.);
#1338=ORIENTED_EDGE('',*,*,#2269,.F.);
#1339=ORIENTED_EDGE('',*,*,#2287,.T.);
#1340=ORIENTED_EDGE('',*,*,#2288,.F.);
#1341=ORIENTED_EDGE('',*,*,#2271,.T.);
#1342=ORIENTED_EDGE('',*,*,#2273,.F.);
#1343=ORIENTED_EDGE('',*,*,#2275,.T.);
#1344=ORIENTED_EDGE('',*,*,#2277,.T.);
#1345=ORIENTED_EDGE('',*,*,#2279,.T.);
#1346=ORIENTED_EDGE('',*,*,#2281,.T.);
#1347=ORIENTED_EDGE('',*,*,#2283,.T.);
#1348=ORIENTED_EDGE('',*,*,#2285,.F.);
#1349=ORIENTED_EDGE('',*,*,#2289,.T.);
#1350=ORIENTED_EDGE('',*,*,#2041,.T.);
#1351=ORIENTED_EDGE('',*,*,#2290,.F.);
#1352=ORIENTED_EDGE('',*,*,#2291,.F.);
#1353=ORIENTED_EDGE('',*,*,#2290,.T.);
#1354=ORIENTED_EDGE('',*,*,#2050,.T.);
#1355=ORIENTED_EDGE('',*,*,#2292,.F.);
#1356=ORIENTED_EDGE('',*,*,#2293,.F.);
#1357=ORIENTED_EDGE('',*,*,#2292,.T.);
#1358=ORIENTED_EDGE('',*,*,#2049,.T.);
#1359=ORIENTED_EDGE('',*,*,#2294,.F.);
#1360=ORIENTED_EDGE('',*,*,#2295,.F.);
#1361=ORIENTED_EDGE('',*,*,#2294,.T.);
#1362=ORIENTED_EDGE('',*,*,#2048,.T.);
#1363=ORIENTED_EDGE('',*,*,#2296,.F.);
#1364=ORIENTED_EDGE('',*,*,#2297,.F.);
#1365=ORIENTED_EDGE('',*,*,#2296,.T.);
#1366=ORIENTED_EDGE('',*,*,#2047,.T.);
#1367=ORIENTED_EDGE('',*,*,#2298,.F.);
#1368=ORIENTED_EDGE('',*,*,#2299,.F.);
#1369=ORIENTED_EDGE('',*,*,#2298,.T.);
#1370=ORIENTED_EDGE('',*,*,#2046,.T.);
#1371=ORIENTED_EDGE('',*,*,#2300,.F.);
#1372=ORIENTED_EDGE('',*,*,#2301,.F.);
#1373=ORIENTED_EDGE('',*,*,#2300,.T.);
#1374=ORIENTED_EDGE('',*,*,#2045,.T.);
#1375=ORIENTED_EDGE('',*,*,#2302,.F.);
#1376=ORIENTED_EDGE('',*,*,#2303,.F.);
#1377=ORIENTED_EDGE('',*,*,#2302,.T.);
#1378=ORIENTED_EDGE('',*,*,#2044,.T.);
#1379=ORIENTED_EDGE('',*,*,#2304,.F.);
#1380=ORIENTED_EDGE('',*,*,#2305,.F.);
#1381=ORIENTED_EDGE('',*,*,#2304,.T.);
#1382=ORIENTED_EDGE('',*,*,#2043,.T.);
#1383=ORIENTED_EDGE('',*,*,#2306,.F.);
#1384=ORIENTED_EDGE('',*,*,#2307,.F.);
#1385=ORIENTED_EDGE('',*,*,#2308,.F.);
#1386=ORIENTED_EDGE('',*,*,#2306,.T.);
#1387=ORIENTED_EDGE('',*,*,#2042,.T.);
#1388=ORIENTED_EDGE('',*,*,#2289,.F.);
#1389=ORIENTED_EDGE('',*,*,#2307,.T.);
#1390=ORIENTED_EDGE('',*,*,#2308,.T.);
#1391=ORIENTED_EDGE('',*,*,#2291,.T.);
#1392=ORIENTED_EDGE('',*,*,#2293,.T.);
#1393=ORIENTED_EDGE('',*,*,#2295,.T.);
#1394=ORIENTED_EDGE('',*,*,#2297,.T.);
#1395=ORIENTED_EDGE('',*,*,#2299,.T.);
#1396=ORIENTED_EDGE('',*,*,#2301,.T.);
#1397=ORIENTED_EDGE('',*,*,#2303,.T.);
#1398=ORIENTED_EDGE('',*,*,#2305,.T.);
#1399=ORIENTED_EDGE('',*,*,#2051,.T.);
#1400=ORIENTED_EDGE('',*,*,#2309,.F.);
#1401=ORIENTED_EDGE('',*,*,#2309,.T.);
#1402=ORIENTED_EDGE('',*,*,#2310,.T.);
#1403=ORIENTED_EDGE('',*,*,#2311,.T.);
#1404=ORIENTED_EDGE('',*,*,#2312,.F.);
#1405=ORIENTED_EDGE('',*,*,#1982,.F.);
#1406=ORIENTED_EDGE('',*,*,#2312,.T.);
#1407=ORIENTED_EDGE('',*,*,#2313,.T.);
#1408=ORIENTED_EDGE('',*,*,#2314,.F.);
#1409=ORIENTED_EDGE('',*,*,#1983,.F.);
#1410=ORIENTED_EDGE('',*,*,#2314,.T.);
#1411=ORIENTED_EDGE('',*,*,#2315,.T.);
#1412=ORIENTED_EDGE('',*,*,#2316,.F.);
#1413=ORIENTED_EDGE('',*,*,#1984,.F.);
#1414=ORIENTED_EDGE('',*,*,#2316,.T.);
#1415=ORIENTED_EDGE('',*,*,#2317,.T.);
#1416=ORIENTED_EDGE('',*,*,#2318,.F.);
#1417=ORIENTED_EDGE('',*,*,#1985,.F.);
#1418=ORIENTED_EDGE('',*,*,#2318,.T.);
#1419=ORIENTED_EDGE('',*,*,#2319,.T.);
#1420=ORIENTED_EDGE('',*,*,#2320,.F.);
#1421=ORIENTED_EDGE('',*,*,#1986,.F.);
#1422=ORIENTED_EDGE('',*,*,#2320,.T.);
#1423=ORIENTED_EDGE('',*,*,#2321,.T.);
#1424=ORIENTED_EDGE('',*,*,#2322,.F.);
#1425=ORIENTED_EDGE('',*,*,#1987,.F.);
#1426=ORIENTED_EDGE('',*,*,#2322,.T.);
#1427=ORIENTED_EDGE('',*,*,#2323,.T.);
#1428=ORIENTED_EDGE('',*,*,#2324,.F.);
#1429=ORIENTED_EDGE('',*,*,#1988,.F.);
#1430=ORIENTED_EDGE('',*,*,#1989,.F.);
#1431=ORIENTED_EDGE('',*,*,#2324,.T.);
#1432=ORIENTED_EDGE('',*,*,#2325,.T.);
#1433=ORIENTED_EDGE('',*,*,#2310,.F.);
#1434=ORIENTED_EDGE('',*,*,#2326,.F.);
#1435=ORIENTED_EDGE('',*,*,#2327,.F.);
#1436=ORIENTED_EDGE('',*,*,#2328,.F.);
#1437=ORIENTED_EDGE('',*,*,#2329,.F.);
#1438=ORIENTED_EDGE('',*,*,#2330,.F.);
#1439=ORIENTED_EDGE('',*,*,#2331,.F.);
#1440=ORIENTED_EDGE('',*,*,#2332,.F.);
#1441=ORIENTED_EDGE('',*,*,#2333,.F.);
#1442=ORIENTED_EDGE('',*,*,#2323,.F.);
#1443=ORIENTED_EDGE('',*,*,#2321,.F.);
#1444=ORIENTED_EDGE('',*,*,#2319,.F.);
#1445=ORIENTED_EDGE('',*,*,#2317,.F.);
#1446=ORIENTED_EDGE('',*,*,#2315,.F.);
#1447=ORIENTED_EDGE('',*,*,#2313,.F.);
#1448=ORIENTED_EDGE('',*,*,#2311,.F.);
#1449=ORIENTED_EDGE('',*,*,#2325,.F.);
#1450=ORIENTED_EDGE('',*,*,#2334,.F.);
#1451=ORIENTED_EDGE('',*,*,#2333,.T.);
#1452=ORIENTED_EDGE('',*,*,#2335,.T.);
#1453=ORIENTED_EDGE('',*,*,#2336,.F.);
#1454=ORIENTED_EDGE('',*,*,#2335,.F.);
#1455=ORIENTED_EDGE('',*,*,#2332,.T.);
#1456=ORIENTED_EDGE('',*,*,#2337,.T.);
#1457=ORIENTED_EDGE('',*,*,#2338,.F.);
#1458=ORIENTED_EDGE('',*,*,#2337,.F.);
#1459=ORIENTED_EDGE('',*,*,#2331,.T.);
#1460=ORIENTED_EDGE('',*,*,#2339,.T.);
#1461=ORIENTED_EDGE('',*,*,#2340,.F.);
#1462=ORIENTED_EDGE('',*,*,#2330,.T.);
#1463=ORIENTED_EDGE('',*,*,#2334,.T.);
#1464=ORIENTED_EDGE('',*,*,#2341,.F.);
#1465=ORIENTED_EDGE('',*,*,#2339,.F.);
#1466=ORIENTED_EDGE('',*,*,#2342,.F.);
#1467=ORIENTED_EDGE('',*,*,#2329,.T.);
#1468=ORIENTED_EDGE('',*,*,#2343,.T.);
#1469=ORIENTED_EDGE('',*,*,#2344,.F.);
#1470=ORIENTED_EDGE('',*,*,#2343,.F.);
#1471=ORIENTED_EDGE('',*,*,#2328,.T.);
#1472=ORIENTED_EDGE('',*,*,#2345,.T.);
#1473=ORIENTED_EDGE('',*,*,#2346,.F.);
#1474=ORIENTED_EDGE('',*,*,#2345,.F.);
#1475=ORIENTED_EDGE('',*,*,#2327,.T.);
#1476=ORIENTED_EDGE('',*,*,#2347,.T.);
#1477=ORIENTED_EDGE('',*,*,#2348,.F.);
#1478=ORIENTED_EDGE('',*,*,#2326,.T.);
#1479=ORIENTED_EDGE('',*,*,#2342,.T.);
#1480=ORIENTED_EDGE('',*,*,#2349,.F.);
#1481=ORIENTED_EDGE('',*,*,#2347,.F.);
#1482=ORIENTED_EDGE('',*,*,#2341,.T.);
#1483=ORIENTED_EDGE('',*,*,#2336,.T.);
#1484=ORIENTED_EDGE('',*,*,#2338,.T.);
#1485=ORIENTED_EDGE('',*,*,#2340,.T.);
#1486=ORIENTED_EDGE('',*,*,#2349,.T.);
#1487=ORIENTED_EDGE('',*,*,#2344,.T.);
#1488=ORIENTED_EDGE('',*,*,#2346,.T.);
#1489=ORIENTED_EDGE('',*,*,#2348,.T.);
#1490=ORIENTED_EDGE('',*,*,#2350,.T.);
#1491=ORIENTED_EDGE('',*,*,#2351,.T.);
#1492=ORIENTED_EDGE('',*,*,#2352,.F.);
#1493=ORIENTED_EDGE('',*,*,#1975,.F.);
#1494=ORIENTED_EDGE('',*,*,#2352,.T.);
#1495=ORIENTED_EDGE('',*,*,#2353,.T.);
#1496=ORIENTED_EDGE('',*,*,#2354,.F.);
#1497=ORIENTED_EDGE('',*,*,#1976,.F.);
#1498=ORIENTED_EDGE('',*,*,#2354,.T.);
#1499=ORIENTED_EDGE('',*,*,#2355,.T.);
#1500=ORIENTED_EDGE('',*,*,#2356,.F.);
#1501=ORIENTED_EDGE('',*,*,#1977,.F.);
#1502=ORIENTED_EDGE('',*,*,#2356,.T.);
#1503=ORIENTED_EDGE('',*,*,#2357,.T.);
#1504=ORIENTED_EDGE('',*,*,#2358,.F.);
#1505=ORIENTED_EDGE('',*,*,#1978,.F.);
#1506=ORIENTED_EDGE('',*,*,#2358,.T.);
#1507=ORIENTED_EDGE('',*,*,#2359,.T.);
#1508=ORIENTED_EDGE('',*,*,#2360,.F.);
#1509=ORIENTED_EDGE('',*,*,#1979,.F.);
#1510=ORIENTED_EDGE('',*,*,#2360,.T.);
#1511=ORIENTED_EDGE('',*,*,#2361,.T.);
#1512=ORIENTED_EDGE('',*,*,#2362,.F.);
#1513=ORIENTED_EDGE('',*,*,#1980,.F.);
#1514=ORIENTED_EDGE('',*,*,#1981,.T.);
#1515=ORIENTED_EDGE('',*,*,#2362,.T.);
#1516=ORIENTED_EDGE('',*,*,#2363,.F.);
#1517=ORIENTED_EDGE('',*,*,#2350,.F.);
#1518=ORIENTED_EDGE('',*,*,#2361,.F.);
#1519=ORIENTED_EDGE('',*,*,#2359,.F.);
#1520=ORIENTED_EDGE('',*,*,#2357,.F.);
#1521=ORIENTED_EDGE('',*,*,#2355,.F.);
#1522=ORIENTED_EDGE('',*,*,#2353,.F.);
#1523=ORIENTED_EDGE('',*,*,#2351,.F.);
#1524=ORIENTED_EDGE('',*,*,#2363,.T.);
#1525=ORIENTED_EDGE('',*,*,#2364,.T.);
#1526=ORIENTED_EDGE('',*,*,#2365,.T.);
#1527=ORIENTED_EDGE('',*,*,#2366,.F.);
#1528=ORIENTED_EDGE('',*,*,#1968,.F.);
#1529=ORIENTED_EDGE('',*,*,#2366,.T.);
#1530=ORIENTED_EDGE('',*,*,#2367,.T.);
#1531=ORIENTED_EDGE('',*,*,#2368,.F.);
#1532=ORIENTED_EDGE('',*,*,#1969,.F.);
#1533=ORIENTED_EDGE('',*,*,#2368,.T.);
#1534=ORIENTED_EDGE('',*,*,#2369,.T.);
#1535=ORIENTED_EDGE('',*,*,#2370,.F.);
#1536=ORIENTED_EDGE('',*,*,#1970,.F.);
#1537=ORIENTED_EDGE('',*,*,#2370,.T.);
#1538=ORIENTED_EDGE('',*,*,#2371,.T.);
#1539=ORIENTED_EDGE('',*,*,#2372,.F.);
#1540=ORIENTED_EDGE('',*,*,#1971,.F.);
#1541=ORIENTED_EDGE('',*,*,#2372,.T.);
#1542=ORIENTED_EDGE('',*,*,#2373,.T.);
#1543=ORIENTED_EDGE('',*,*,#2374,.F.);
#1544=ORIENTED_EDGE('',*,*,#1972,.F.);
#1545=ORIENTED_EDGE('',*,*,#2374,.T.);
#1546=ORIENTED_EDGE('',*,*,#2375,.T.);
#1547=ORIENTED_EDGE('',*,*,#2376,.F.);
#1548=ORIENTED_EDGE('',*,*,#1973,.F.);
#1549=ORIENTED_EDGE('',*,*,#1974,.F.);
#1550=ORIENTED_EDGE('',*,*,#2376,.T.);
#1551=ORIENTED_EDGE('',*,*,#2377,.T.);
#1552=ORIENTED_EDGE('',*,*,#2364,.F.);
#1553=ORIENTED_EDGE('',*,*,#2378,.F.);
#1554=ORIENTED_EDGE('',*,*,#2379,.F.);
#1555=ORIENTED_EDGE('',*,*,#2380,.F.);
#1556=ORIENTED_EDGE('',*,*,#2381,.F.);
#1557=ORIENTED_EDGE('',*,*,#2375,.F.);
#1558=ORIENTED_EDGE('',*,*,#2373,.F.);
#1559=ORIENTED_EDGE('',*,*,#2371,.F.);
#1560=ORIENTED_EDGE('',*,*,#2369,.F.);
#1561=ORIENTED_EDGE('',*,*,#2367,.F.);
#1562=ORIENTED_EDGE('',*,*,#2365,.F.);
#1563=ORIENTED_EDGE('',*,*,#2377,.F.);
#1564=ORIENTED_EDGE('',*,*,#2382,.F.);
#1565=ORIENTED_EDGE('',*,*,#2381,.T.);
#1566=ORIENTED_EDGE('',*,*,#2383,.T.);
#1567=ORIENTED_EDGE('',*,*,#2384,.F.);
#1568=ORIENTED_EDGE('',*,*,#2383,.F.);
#1569=ORIENTED_EDGE('',*,*,#2380,.T.);
#1570=ORIENTED_EDGE('',*,*,#2385,.T.);
#1571=ORIENTED_EDGE('',*,*,#2386,.F.);
#1572=ORIENTED_EDGE('',*,*,#2385,.F.);
#1573=ORIENTED_EDGE('',*,*,#2379,.T.);
#1574=ORIENTED_EDGE('',*,*,#2387,.T.);
#1575=ORIENTED_EDGE('',*,*,#2388,.F.);
#1576=ORIENTED_EDGE('',*,*,#2378,.T.);
#1577=ORIENTED_EDGE('',*,*,#2382,.T.);
#1578=ORIENTED_EDGE('',*,*,#2389,.F.);
#1579=ORIENTED_EDGE('',*,*,#2387,.F.);
#1580=ORIENTED_EDGE('',*,*,#2389,.T.);
#1581=ORIENTED_EDGE('',*,*,#2384,.T.);
#1582=ORIENTED_EDGE('',*,*,#2386,.T.);
#1583=ORIENTED_EDGE('',*,*,#2388,.T.);
#1584=ORIENTED_EDGE('',*,*,#2390,.T.);
#1585=ORIENTED_EDGE('',*,*,#2391,.T.);
#1586=ORIENTED_EDGE('',*,*,#2392,.F.);
#1587=ORIENTED_EDGE('',*,*,#1953,.F.);
#1588=ORIENTED_EDGE('',*,*,#2392,.T.);
#1589=ORIENTED_EDGE('',*,*,#2393,.T.);
#1590=ORIENTED_EDGE('',*,*,#2394,.F.);
#1591=ORIENTED_EDGE('',*,*,#1954,.F.);
#1592=ORIENTED_EDGE('',*,*,#2394,.T.);
#1593=ORIENTED_EDGE('',*,*,#2395,.T.);
#1594=ORIENTED_EDGE('',*,*,#2396,.F.);
#1595=ORIENTED_EDGE('',*,*,#1955,.F.);
#1596=ORIENTED_EDGE('',*,*,#2396,.T.);
#1597=ORIENTED_EDGE('',*,*,#2397,.T.);
#1598=ORIENTED_EDGE('',*,*,#2398,.F.);
#1599=ORIENTED_EDGE('',*,*,#1956,.F.);
#1600=ORIENTED_EDGE('',*,*,#2398,.T.);
#1601=ORIENTED_EDGE('',*,*,#2399,.T.);
#1602=ORIENTED_EDGE('',*,*,#2400,.F.);
#1603=ORIENTED_EDGE('',*,*,#1957,.F.);
#1604=ORIENTED_EDGE('',*,*,#2400,.T.);
#1605=ORIENTED_EDGE('',*,*,#2401,.T.);
#1606=ORIENTED_EDGE('',*,*,#2402,.F.);
#1607=ORIENTED_EDGE('',*,*,#1958,.F.);
#1608=ORIENTED_EDGE('',*,*,#2402,.T.);
#1609=ORIENTED_EDGE('',*,*,#2403,.T.);
#1610=ORIENTED_EDGE('',*,*,#2404,.F.);
#1611=ORIENTED_EDGE('',*,*,#1959,.F.);
#1612=ORIENTED_EDGE('',*,*,#2404,.T.);
#1613=ORIENTED_EDGE('',*,*,#2405,.F.);
#1614=ORIENTED_EDGE('',*,*,#2406,.F.);
#1615=ORIENTED_EDGE('',*,*,#1960,.T.);
#1616=ORIENTED_EDGE('',*,*,#2406,.T.);
#1617=ORIENTED_EDGE('',*,*,#2407,.T.);
#1618=ORIENTED_EDGE('',*,*,#2408,.F.);
#1619=ORIENTED_EDGE('',*,*,#1961,.F.);
#1620=ORIENTED_EDGE('',*,*,#2408,.T.);
#1621=ORIENTED_EDGE('',*,*,#2409,.T.);
#1622=ORIENTED_EDGE('',*,*,#2410,.F.);
#1623=ORIENTED_EDGE('',*,*,#1962,.F.);
#1624=ORIENTED_EDGE('',*,*,#2410,.T.);
#1625=ORIENTED_EDGE('',*,*,#2411,.T.);
#1626=ORIENTED_EDGE('',*,*,#2412,.F.);
#1627=ORIENTED_EDGE('',*,*,#1963,.F.);
#1628=ORIENTED_EDGE('',*,*,#2412,.T.);
#1629=ORIENTED_EDGE('',*,*,#2413,.T.);
#1630=ORIENTED_EDGE('',*,*,#2414,.F.);
#1631=ORIENTED_EDGE('',*,*,#1964,.F.);
#1632=ORIENTED_EDGE('',*,*,#2414,.T.);
#1633=ORIENTED_EDGE('',*,*,#2415,.T.);
#1634=ORIENTED_EDGE('',*,*,#2416,.F.);
#1635=ORIENTED_EDGE('',*,*,#1965,.F.);
#1636=ORIENTED_EDGE('',*,*,#2416,.T.);
#1637=ORIENTED_EDGE('',*,*,#2417,.T.);
#1638=ORIENTED_EDGE('',*,*,#2418,.F.);
#1639=ORIENTED_EDGE('',*,*,#1966,.F.);
#1640=ORIENTED_EDGE('',*,*,#1967,.T.);
#1641=ORIENTED_EDGE('',*,*,#2418,.T.);
#1642=ORIENTED_EDGE('',*,*,#2419,.F.);
#1643=ORIENTED_EDGE('',*,*,#2390,.F.);
#1644=ORIENTED_EDGE('',*,*,#2417,.F.);
#1645=ORIENTED_EDGE('',*,*,#2415,.F.);
#1646=ORIENTED_EDGE('',*,*,#2413,.F.);
#1647=ORIENTED_EDGE('',*,*,#2411,.F.);
#1648=ORIENTED_EDGE('',*,*,#2409,.F.);
#1649=ORIENTED_EDGE('',*,*,#2407,.F.);
#1650=ORIENTED_EDGE('',*,*,#2405,.T.);
#1651=ORIENTED_EDGE('',*,*,#2403,.F.);
#1652=ORIENTED_EDGE('',*,*,#2401,.F.);
#1653=ORIENTED_EDGE('',*,*,#2399,.F.);
#1654=ORIENTED_EDGE('',*,*,#2397,.F.);
#1655=ORIENTED_EDGE('',*,*,#2395,.F.);
#1656=ORIENTED_EDGE('',*,*,#2393,.F.);
#1657=ORIENTED_EDGE('',*,*,#2391,.F.);
#1658=ORIENTED_EDGE('',*,*,#2419,.T.);
#1659=ORIENTED_EDGE('',*,*,#2420,.T.);
#1660=ORIENTED_EDGE('',*,*,#2421,.T.);
#1661=ORIENTED_EDGE('',*,*,#2422,.F.);
#1662=ORIENTED_EDGE('',*,*,#1942,.F.);
#1663=ORIENTED_EDGE('',*,*,#2422,.T.);
#1664=ORIENTED_EDGE('',*,*,#2423,.F.);
#1665=ORIENTED_EDGE('',*,*,#2424,.F.);
#1666=ORIENTED_EDGE('',*,*,#1943,.T.);
#1667=ORIENTED_EDGE('',*,*,#2424,.T.);
#1668=ORIENTED_EDGE('',*,*,#2425,.T.);
#1669=ORIENTED_EDGE('',*,*,#2426,.F.);
#1670=ORIENTED_EDGE('',*,*,#1944,.F.);
#1671=ORIENTED_EDGE('',*,*,#2426,.T.);
#1672=ORIENTED_EDGE('',*,*,#2427,.T.);
#1673=ORIENTED_EDGE('',*,*,#2428,.F.);
#1674=ORIENTED_EDGE('',*,*,#1945,.F.);
#1675=ORIENTED_EDGE('',*,*,#2428,.T.);
#1676=ORIENTED_EDGE('',*,*,#2429,.T.);
#1677=ORIENTED_EDGE('',*,*,#2430,.F.);
#1678=ORIENTED_EDGE('',*,*,#1946,.F.);
#1679=ORIENTED_EDGE('',*,*,#2430,.T.);
#1680=ORIENTED_EDGE('',*,*,#2431,.T.);
#1681=ORIENTED_EDGE('',*,*,#2432,.F.);
#1682=ORIENTED_EDGE('',*,*,#1947,.F.);
#1683=ORIENTED_EDGE('',*,*,#2432,.T.);
#1684=ORIENTED_EDGE('',*,*,#2433,.T.);
#1685=ORIENTED_EDGE('',*,*,#2434,.F.);
#1686=ORIENTED_EDGE('',*,*,#1948,.F.);
#1687=ORIENTED_EDGE('',*,*,#2434,.T.);
#1688=ORIENTED_EDGE('',*,*,#2435,.T.);
#1689=ORIENTED_EDGE('',*,*,#2436,.F.);
#1690=ORIENTED_EDGE('',*,*,#1949,.F.);
#1691=ORIENTED_EDGE('',*,*,#2436,.T.);
#1692=ORIENTED_EDGE('',*,*,#2437,.T.);
#1693=ORIENTED_EDGE('',*,*,#2438,.F.);
#1694=ORIENTED_EDGE('',*,*,#1950,.F.);
#1695=ORIENTED_EDGE('',*,*,#2438,.T.);
#1696=ORIENTED_EDGE('',*,*,#2439,.T.);
#1697=ORIENTED_EDGE('',*,*,#2440,.F.);
#1698=ORIENTED_EDGE('',*,*,#1951,.F.);
#1699=ORIENTED_EDGE('',*,*,#1952,.T.);
#1700=ORIENTED_EDGE('',*,*,#2440,.T.);
#1701=ORIENTED_EDGE('',*,*,#2441,.F.);
#1702=ORIENTED_EDGE('',*,*,#2420,.F.);
#1703=ORIENTED_EDGE('',*,*,#2442,.T.);
#1704=ORIENTED_EDGE('',*,*,#2443,.F.);
#1705=ORIENTED_EDGE('',*,*,#2444,.F.);
#1706=ORIENTED_EDGE('',*,*,#2439,.F.);
#1707=ORIENTED_EDGE('',*,*,#2437,.F.);
#1708=ORIENTED_EDGE('',*,*,#2435,.F.);
#1709=ORIENTED_EDGE('',*,*,#2433,.F.);
#1710=ORIENTED_EDGE('',*,*,#2431,.F.);
#1711=ORIENTED_EDGE('',*,*,#2429,.F.);
#1712=ORIENTED_EDGE('',*,*,#2427,.F.);
#1713=ORIENTED_EDGE('',*,*,#2425,.F.);
#1714=ORIENTED_EDGE('',*,*,#2423,.T.);
#1715=ORIENTED_EDGE('',*,*,#2421,.F.);
#1716=ORIENTED_EDGE('',*,*,#2441,.T.);
#1717=ORIENTED_EDGE('',*,*,#2445,.F.);
#1718=ORIENTED_EDGE('',*,*,#2446,.F.);
#1719=ORIENTED_EDGE('',*,*,#2447,.T.);
#1720=ORIENTED_EDGE('',*,*,#2444,.T.);
#1721=ORIENTED_EDGE('',*,*,#2447,.F.);
#1722=ORIENTED_EDGE('',*,*,#2448,.T.);
#1723=ORIENTED_EDGE('',*,*,#2449,.T.);
#1724=ORIENTED_EDGE('',*,*,#2442,.F.);
#1725=ORIENTED_EDGE('',*,*,#2450,.F.);
#1726=ORIENTED_EDGE('',*,*,#2445,.T.);
#1727=ORIENTED_EDGE('',*,*,#2443,.T.);
#1728=ORIENTED_EDGE('',*,*,#2449,.F.);
#1729=ORIENTED_EDGE('',*,*,#2448,.F.);
#1730=ORIENTED_EDGE('',*,*,#2446,.T.);
#1731=ORIENTED_EDGE('',*,*,#2450,.T.);
#1732=ORIENTED_EDGE('',*,*,#2451,.T.);
#1733=ORIENTED_EDGE('',*,*,#2452,.T.);
#1734=ORIENTED_EDGE('',*,*,#2453,.F.);
#1735=ORIENTED_EDGE('',*,*,#1926,.F.);
#1736=ORIENTED_EDGE('',*,*,#2453,.T.);
#1737=ORIENTED_EDGE('',*,*,#2454,.T.);
#1738=ORIENTED_EDGE('',*,*,#2455,.F.);
#1739=ORIENTED_EDGE('',*,*,#1927,.F.);
#1740=ORIENTED_EDGE('',*,*,#2455,.T.);
#1741=ORIENTED_EDGE('',*,*,#2456,.T.);
#1742=ORIENTED_EDGE('',*,*,#2457,.F.);
#1743=ORIENTED_EDGE('',*,*,#1928,.F.);
#1744=ORIENTED_EDGE('',*,*,#2457,.T.);
#1745=ORIENTED_EDGE('',*,*,#2458,.T.);
#1746=ORIENTED_EDGE('',*,*,#2459,.F.);
#1747=ORIENTED_EDGE('',*,*,#1929,.F.);
#1748=ORIENTED_EDGE('',*,*,#2459,.T.);
#1749=ORIENTED_EDGE('',*,*,#2460,.T.);
#1750=ORIENTED_EDGE('',*,*,#2461,.F.);
#1751=ORIENTED_EDGE('',*,*,#1930,.F.);
#1752=ORIENTED_EDGE('',*,*,#2461,.T.);
#1753=ORIENTED_EDGE('',*,*,#2462,.T.);
#1754=ORIENTED_EDGE('',*,*,#2463,.F.);
#1755=ORIENTED_EDGE('',*,*,#1931,.F.);
#1756=ORIENTED_EDGE('',*,*,#2463,.T.);
#1757=ORIENTED_EDGE('',*,*,#2464,.T.);
#1758=ORIENTED_EDGE('',*,*,#2465,.F.);
#1759=ORIENTED_EDGE('',*,*,#1932,.F.);
#1760=ORIENTED_EDGE('',*,*,#2465,.T.);
#1761=ORIENTED_EDGE('',*,*,#2466,.F.);
#1762=ORIENTED_EDGE('',*,*,#2467,.F.);
#1763=ORIENTED_EDGE('',*,*,#1933,.T.);
#1764=ORIENTED_EDGE('',*,*,#2467,.T.);
#1765=ORIENTED_EDGE('',*,*,#2468,.T.);
#1766=ORIENTED_EDGE('',*,*,#2469,.F.);
#1767=ORIENTED_EDGE('',*,*,#1934,.F.);
#1768=ORIENTED_EDGE('',*,*,#2469,.T.);
#1769=ORIENTED_EDGE('',*,*,#2470,.T.);
#1770=ORIENTED_EDGE('',*,*,#2471,.F.);
#1771=ORIENTED_EDGE('',*,*,#1935,.F.);
#1772=ORIENTED_EDGE('',*,*,#2471,.T.);
#1773=ORIENTED_EDGE('',*,*,#2472,.T.);
#1774=ORIENTED_EDGE('',*,*,#2473,.F.);
#1775=ORIENTED_EDGE('',*,*,#1936,.F.);
#1776=ORIENTED_EDGE('',*,*,#2473,.T.);
#1777=ORIENTED_EDGE('',*,*,#2474,.T.);
#1778=ORIENTED_EDGE('',*,*,#2475,.F.);
#1779=ORIENTED_EDGE('',*,*,#1937,.F.);
#1780=ORIENTED_EDGE('',*,*,#2475,.T.);
#1781=ORIENTED_EDGE('',*,*,#2476,.T.);
#1782=ORIENTED_EDGE('',*,*,#2477,.F.);
#1783=ORIENTED_EDGE('',*,*,#1938,.F.);
#1784=ORIENTED_EDGE('',*,*,#2477,.T.);
#1785=ORIENTED_EDGE('',*,*,#2478,.T.);
#1786=ORIENTED_EDGE('',*,*,#2479,.F.);
#1787=ORIENTED_EDGE('',*,*,#1939,.F.);
#1788=ORIENTED_EDGE('',*,*,#2479,.T.);
#1789=ORIENTED_EDGE('',*,*,#2480,.T.);
#1790=ORIENTED_EDGE('',*,*,#2481,.F.);
#1791=ORIENTED_EDGE('',*,*,#1940,.F.);
#1792=ORIENTED_EDGE('',*,*,#1941,.F.);
#1793=ORIENTED_EDGE('',*,*,#2481,.T.);
#1794=ORIENTED_EDGE('',*,*,#2482,.T.);
#1795=ORIENTED_EDGE('',*,*,#2451,.F.);
#1796=ORIENTED_EDGE('',*,*,#2480,.F.);
#1797=ORIENTED_EDGE('',*,*,#2478,.F.);
#1798=ORIENTED_EDGE('',*,*,#2476,.F.);
#1799=ORIENTED_EDGE('',*,*,#2474,.F.);
#1800=ORIENTED_EDGE('',*,*,#2472,.F.);
#1801=ORIENTED_EDGE('',*,*,#2470,.F.);
#1802=ORIENTED_EDGE('',*,*,#2468,.F.);
#1803=ORIENTED_EDGE('',*,*,#2466,.T.);
#1804=ORIENTED_EDGE('',*,*,#2464,.F.);
#1805=ORIENTED_EDGE('',*,*,#2462,.F.);
#1806=ORIENTED_EDGE('',*,*,#2460,.F.);
#1807=ORIENTED_EDGE('',*,*,#2458,.F.);
#1808=ORIENTED_EDGE('',*,*,#2456,.F.);
#1809=ORIENTED_EDGE('',*,*,#2454,.F.);
#1810=ORIENTED_EDGE('',*,*,#2452,.F.);
#1811=ORIENTED_EDGE('',*,*,#2482,.F.);
#1812=ORIENTED_EDGE('',*,*,#2483,.T.);
#1813=ORIENTED_EDGE('',*,*,#2484,.T.);
#1814=ORIENTED_EDGE('',*,*,#2485,.F.);
#1815=ORIENTED_EDGE('',*,*,#1913,.F.);
#1816=ORIENTED_EDGE('',*,*,#2485,.T.);
#1817=ORIENTED_EDGE('',*,*,#2486,.T.);
#1818=ORIENTED_EDGE('',*,*,#2487,.F.);
#1819=ORIENTED_EDGE('',*,*,#1914,.F.);
#1820=ORIENTED_EDGE('',*,*,#2487,.T.);
#1821=ORIENTED_EDGE('',*,*,#2488,.T.);
#1822=ORIENTED_EDGE('',*,*,#2489,.F.);
#1823=ORIENTED_EDGE('',*,*,#1915,.F.);
#1824=ORIENTED_EDGE('',*,*,#2489,.T.);
#1825=ORIENTED_EDGE('',*,*,#2490,.T.);
#1826=ORIENTED_EDGE('',*,*,#2491,.F.);
#1827=ORIENTED_EDGE('',*,*,#1916,.F.);
#1828=ORIENTED_EDGE('',*,*,#2491,.T.);
#1829=ORIENTED_EDGE('',*,*,#2492,.F.);
#1830=ORIENTED_EDGE('',*,*,#2493,.F.);
#1831=ORIENTED_EDGE('',*,*,#1917,.T.);
#1832=ORIENTED_EDGE('',*,*,#2493,.T.);
#1833=ORIENTED_EDGE('',*,*,#2494,.T.);
#1834=ORIENTED_EDGE('',*,*,#2495,.F.);
#1835=ORIENTED_EDGE('',*,*,#1918,.F.);
#1836=ORIENTED_EDGE('',*,*,#2495,.T.);
#1837=ORIENTED_EDGE('',*,*,#2496,.T.);
#1838=ORIENTED_EDGE('',*,*,#2497,.F.);
#1839=ORIENTED_EDGE('',*,*,#1919,.F.);
#1840=ORIENTED_EDGE('',*,*,#2497,.T.);
#1841=ORIENTED_EDGE('',*,*,#2498,.T.);
#1842=ORIENTED_EDGE('',*,*,#2499,.F.);
#1843=ORIENTED_EDGE('',*,*,#1920,.F.);
#1844=ORIENTED_EDGE('',*,*,#2499,.T.);
#1845=ORIENTED_EDGE('',*,*,#2500,.T.);
#1846=ORIENTED_EDGE('',*,*,#2501,.F.);
#1847=ORIENTED_EDGE('',*,*,#1921,.F.);
#1848=ORIENTED_EDGE('',*,*,#2501,.T.);
#1849=ORIENTED_EDGE('',*,*,#2502,.T.);
#1850=ORIENTED_EDGE('',*,*,#2503,.F.);
#1851=ORIENTED_EDGE('',*,*,#1922,.F.);
#1852=ORIENTED_EDGE('',*,*,#2503,.T.);
#1853=ORIENTED_EDGE('',*,*,#2504,.T.);
#1854=ORIENTED_EDGE('',*,*,#2505,.F.);
#1855=ORIENTED_EDGE('',*,*,#1923,.F.);
#1856=ORIENTED_EDGE('',*,*,#2505,.T.);
#1857=ORIENTED_EDGE('',*,*,#2506,.T.);
#1858=ORIENTED_EDGE('',*,*,#2507,.F.);
#1859=ORIENTED_EDGE('',*,*,#1924,.F.);
#1860=ORIENTED_EDGE('',*,*,#1925,.F.);
#1861=ORIENTED_EDGE('',*,*,#2507,.T.);
#1862=ORIENTED_EDGE('',*,*,#2508,.T.);
#1863=ORIENTED_EDGE('',*,*,#2483,.F.);
#1864=ORIENTED_EDGE('',*,*,#2506,.F.);
#1865=ORIENTED_EDGE('',*,*,#2504,.F.);
#1866=ORIENTED_EDGE('',*,*,#2502,.F.);
#1867=ORIENTED_EDGE('',*,*,#2500,.F.);
#1868=ORIENTED_EDGE('',*,*,#2498,.F.);
#1869=ORIENTED_EDGE('',*,*,#2496,.F.);
#1870=ORIENTED_EDGE('',*,*,#2494,.F.);
#1871=ORIENTED_EDGE('',*,*,#2492,.T.);
#1872=ORIENTED_EDGE('',*,*,#2490,.F.);
#1873=ORIENTED_EDGE('',*,*,#2488,.F.);
#1874=ORIENTED_EDGE('',*,*,#2486,.F.);
#1875=ORIENTED_EDGE('',*,*,#2484,.F.);
#1876=ORIENTED_EDGE('',*,*,#2508,.F.);
#1877=ORIENTED_EDGE('',*,*,#2509,.T.);
#1878=ORIENTED_EDGE('',*,*,#2510,.T.);
#1879=ORIENTED_EDGE('',*,*,#2511,.F.);
#1880=ORIENTED_EDGE('',*,*,#1907,.F.);
#1881=ORIENTED_EDGE('',*,*,#2511,.T.);
#1882=ORIENTED_EDGE('',*,*,#2512,.T.);
#1883=ORIENTED_EDGE('',*,*,#2513,.F.);
#1884=ORIENTED_EDGE('',*,*,#1908,.F.);
#1885=ORIENTED_EDGE('',*,*,#2513,.T.);
#1886=ORIENTED_EDGE('',*,*,#2514,.T.);
#1887=ORIENTED_EDGE('',*,*,#2515,.F.);
#1888=ORIENTED_EDGE('',*,*,#1909,.F.);
#1889=ORIENTED_EDGE('',*,*,#2515,.T.);
#1890=ORIENTED_EDGE('',*,*,#2516,.T.);
#1891=ORIENTED_EDGE('',*,*,#2517,.F.);
#1892=ORIENTED_EDGE('',*,*,#1910,.F.);
#1893=ORIENTED_EDGE('',*,*,#2517,.T.);
#1894=ORIENTED_EDGE('',*,*,#2518,.T.);
#1895=ORIENTED_EDGE('',*,*,#2519,.F.);
#1896=ORIENTED_EDGE('',*,*,#1911,.F.);
#1897=ORIENTED_EDGE('',*,*,#1912,.T.);
#1898=ORIENTED_EDGE('',*,*,#2519,.T.);
#1899=ORIENTED_EDGE('',*,*,#2520,.F.);
#1900=ORIENTED_EDGE('',*,*,#2509,.F.);
#1901=ORIENTED_EDGE('',*,*,#2518,.F.);
#1902=ORIENTED_EDGE('',*,*,#2516,.F.);
#1903=ORIENTED_EDGE('',*,*,#2514,.F.);
#1904=ORIENTED_EDGE('',*,*,#2512,.F.);
#1905=ORIENTED_EDGE('',*,*,#2510,.F.);
#1906=ORIENTED_EDGE('',*,*,#2520,.T.);
#1907=EDGE_CURVE('',#2521,#2522,#2933,.T.);
#1908=EDGE_CURVE('',#2522,#2523,#525,.T.);
#1909=EDGE_CURVE('',#2523,#2524,#2934,.T.);
#1910=EDGE_CURVE('',#2524,#2525,#526,.T.);
#1911=EDGE_CURVE('',#2525,#2526,#497,.F.);
#1912=EDGE_CURVE('',#2521,#2526,#527,.T.);
#1913=EDGE_CURVE('',#2527,#2528,#277,.F.);
#1914=EDGE_CURVE('',#2528,#2529,#278,.F.);
#1915=EDGE_CURVE('',#2529,#2530,#279,.F.);
#1916=EDGE_CURVE('',#2530,#2531,#498,.F.);
#1917=EDGE_CURVE('',#2532,#2531,#528,.T.);
#1918=EDGE_CURVE('',#2532,#2533,#2935,.T.);
#1919=EDGE_CURVE('',#2533,#2534,#529,.T.);
#1920=EDGE_CURVE('',#2534,#2535,#2936,.T.);
#1921=EDGE_CURVE('',#2535,#2536,#499,.F.);
#1922=EDGE_CURVE('',#2536,#2537,#280,.F.);
#1923=EDGE_CURVE('',#2537,#2538,#281,.F.);
#1924=EDGE_CURVE('',#2538,#2539,#282,.F.);
#1925=EDGE_CURVE('',#2539,#2527,#530,.T.);
#1926=EDGE_CURVE('',#2540,#2541,#283,.F.);
#1927=EDGE_CURVE('',#2541,#2542,#284,.F.);
#1928=EDGE_CURVE('',#2542,#2543,#285,.F.);
#1929=EDGE_CURVE('',#2543,#2544,#286,.F.);
#1930=EDGE_CURVE('',#2544,#2545,#287,.F.);
#1931=EDGE_CURVE('',#2545,#2546,#288,.F.);
#1932=EDGE_CURVE('',#2546,#2547,#289,.F.);
#1933=EDGE_CURVE('',#2548,#2547,#531,.T.);
#1934=EDGE_CURVE('',#2548,#2549,#290,.F.);
#1935=EDGE_CURVE('',#2549,#2550,#291,.F.);
#1936=EDGE_CURVE('',#2550,#2551,#292,.F.);
#1937=EDGE_CURVE('',#2551,#2552,#2937,.T.);
#1938=EDGE_CURVE('',#2552,#2553,#293,.F.);
#1939=EDGE_CURVE('',#2553,#2554,#294,.F.);
#1940=EDGE_CURVE('',#2554,#2555,#295,.F.);
#1941=EDGE_CURVE('',#2555,#2540,#532,.T.);
#1942=EDGE_CURVE('',#2556,#2557,#2938,.T.);
#1943=EDGE_CURVE('',#2558,#2557,#533,.T.);
#1944=EDGE_CURVE('',#2558,#2559,#2939,.T.);
#1945=EDGE_CURVE('',#2559,#2560,#534,.T.);
#1946=EDGE_CURVE('',#2560,#2561,#2940,.T.);
#1947=EDGE_CURVE('',#2561,#2562,#535,.T.);
#1948=EDGE_CURVE('',#2562,#2563,#2941,.T.);
#1949=EDGE_CURVE('',#2563,#2564,#536,.T.);
#1950=EDGE_CURVE('',#2564,#2565,#2942,.T.);
#1951=EDGE_CURVE('',#2565,#2566,#500,.F.);
#1952=EDGE_CURVE('',#2556,#2566,#537,.T.);
#1953=EDGE_CURVE('',#2567,#2568,#2943,.T.);
#1954=EDGE_CURVE('',#2568,#2569,#538,.T.);
#1955=EDGE_CURVE('',#2569,#2570,#501,.F.);
#1956=EDGE_CURVE('',#2570,#2571,#296,.T.);
#1957=EDGE_CURVE('',#2571,#2572,#297,.F.);
#1958=EDGE_CURVE('',#2572,#2573,#298,.F.);
#1959=EDGE_CURVE('',#2573,#2574,#299,.F.);
#1960=EDGE_CURVE('',#2575,#2574,#539,.T.);
#1961=EDGE_CURVE('',#2575,#2576,#300,.F.);
#1962=EDGE_CURVE('',#2576,#2577,#301,.F.);
#1963=EDGE_CURVE('',#2577,#2578,#302,.F.);
#1964=EDGE_CURVE('',#2578,#2579,#303,.F.);
#1965=EDGE_CURVE('',#2579,#2580,#502,.F.);
#1966=EDGE_CURVE('',#2580,#2581,#503,.F.);
#1967=EDGE_CURVE('',#2567,#2581,#540,.T.);
#1968=EDGE_CURVE('',#2582,#2583,#504,.F.);
#1969=EDGE_CURVE('',#2583,#2584,#304,.F.);
#1970=EDGE_CURVE('',#2584,#2585,#305,.F.);
#1971=EDGE_CURVE('',#2585,#2586,#306,.F.);
#1972=EDGE_CURVE('',#2586,#2587,#307,.F.);
#1973=EDGE_CURVE('',#2587,#2588,#505,.F.);
#1974=EDGE_CURVE('',#2588,#2582,#506,.F.);
#1975=EDGE_CURVE('',#2589,#2590,#2944,.T.);
#1976=EDGE_CURVE('',#2590,#2591,#308,.T.);
#1977=EDGE_CURVE('',#2591,#2592,#507,.F.);
#1978=EDGE_CURVE('',#2592,#2593,#508,.F.);
#1979=EDGE_CURVE('',#2593,#2594,#541,.T.);
#1980=EDGE_CURVE('',#2594,#2595,#2945,.T.);
#1981=EDGE_CURVE('',#2589,#2595,#542,.T.);
#1982=EDGE_CURVE('',#2596,#2597,#309,.F.);
#1983=EDGE_CURVE('',#2597,#2598,#310,.F.);
#1984=EDGE_CURVE('',#2598,#2599,#311,.F.);
#1985=EDGE_CURVE('',#2599,#2600,#312,.F.);
#1986=EDGE_CURVE('',#2600,#2601,#313,.F.);
#1987=EDGE_CURVE('',#2601,#2602,#314,.F.);
#1988=EDGE_CURVE('',#2602,#2603,#315,.F.);
#1989=EDGE_CURVE('',#2603,#2596,#316,.F.);
#1990=EDGE_CURVE('',#2604,#2604,#543,.T.);
#1991=EDGE_CURVE('',#2605,#2606,#2946,.T.);
#1992=EDGE_CURVE('',#2605,#2607,#544,.T.);
#1993=EDGE_CURVE('',#2608,#2607,#2947,.F.);
#1994=EDGE_CURVE('',#2609,#2608,#545,.F.);
#1995=EDGE_CURVE('',#2610,#2609,#2948,.T.);
#1996=EDGE_CURVE('',#2610,#2611,#546,.T.);
#1997=EDGE_CURVE('',#2612,#2611,#2949,.F.);
#1998=EDGE_CURVE('',#2613,#2612,#547,.F.);
#1999=EDGE_CURVE('',#2614,#2613,#2950,.T.);
#2000=EDGE_CURVE('',#2614,#2615,#548,.T.);
#2001=EDGE_CURVE('',#2616,#2615,#2951,.F.);
#2002=EDGE_CURVE('',#2617,#2616,#549,.F.);
#2003=EDGE_CURVE('',#2618,#2617,#2952,.T.);
#2004=EDGE_CURVE('',#2618,#2619,#550,.T.);
#2005=EDGE_CURVE('',#2620,#2619,#2953,.F.);
#2006=EDGE_CURVE('',#2621,#2620,#551,.F.);
#2007=EDGE_CURVE('',#2622,#2621,#2954,.T.);
#2008=EDGE_CURVE('',#2622,#2623,#552,.T.);
#2009=EDGE_CURVE('',#2624,#2623,#2955,.F.);
#2010=EDGE_CURVE('',#2625,#2624,#553,.F.);
#2011=EDGE_CURVE('',#2626,#2625,#2956,.T.);
#2012=EDGE_CURVE('',#2626,#2627,#554,.T.);
#2013=EDGE_CURVE('',#2628,#2627,#2957,.F.);
#2014=EDGE_CURVE('',#2629,#2628,#555,.F.);
#2015=EDGE_CURVE('',#2630,#2629,#2958,.T.);
#2016=EDGE_CURVE('',#2630,#2631,#556,.T.);
#2017=EDGE_CURVE('',#2632,#2631,#2959,.F.);
#2018=EDGE_CURVE('',#2633,#2632,#557,.F.);
#2019=EDGE_CURVE('',#2634,#2633,#2960,.T.);
#2020=EDGE_CURVE('',#2634,#2635,#558,.T.);
#2021=EDGE_CURVE('',#2636,#2635,#2961,.F.);
#2022=EDGE_CURVE('',#2637,#2636,#559,.F.);
#2023=EDGE_CURVE('',#2638,#2637,#2962,.T.);
#2024=EDGE_CURVE('',#2638,#2639,#560,.T.);
#2025=EDGE_CURVE('',#2640,#2639,#2963,.F.);
#2026=EDGE_CURVE('',#2641,#2640,#561,.F.);
#2027=EDGE_CURVE('',#2642,#2641,#2964,.T.);
#2028=EDGE_CURVE('',#2642,#2643,#562,.T.);
#2029=EDGE_CURVE('',#2644,#2643,#2965,.F.);
#2030=EDGE_CURVE('',#2644,#2606,#563,.F.);
#2031=EDGE_CURVE('',#2645,#2646,#2966,.T.);
#2032=EDGE_CURVE('',#2645,#2647,#564,.T.);
#2033=EDGE_CURVE('',#2648,#2647,#2967,.T.);
#2034=EDGE_CURVE('',#2648,#2649,#565,.T.);
#2035=EDGE_CURVE('',#2650,#2649,#317,.T.);
#2036=EDGE_CURVE('',#2651,#2650,#318,.T.);
#2037=EDGE_CURVE('',#2652,#2651,#319,.T.);
#2038=EDGE_CURVE('',#2653,#2652,#320,.T.);
#2039=EDGE_CURVE('',#2654,#2653,#321,.T.);
#2040=EDGE_CURVE('',#2654,#2646,#566,.T.);
#2041=EDGE_CURVE('',#2655,#2656,#322,.T.);
#2042=EDGE_CURVE('',#2657,#2655,#323,.T.);
#2043=EDGE_CURVE('',#2658,#2657,#324,.T.);
#2044=EDGE_CURVE('',#2659,#2658,#567,.T.);
#2045=EDGE_CURVE('',#2660,#2659,#2968,.T.);
#2046=EDGE_CURVE('',#2661,#2660,#568,.T.);
#2047=EDGE_CURVE('',#2662,#2661,#2969,.T.);
#2048=EDGE_CURVE('',#2663,#2662,#569,.T.);
#2049=EDGE_CURVE('',#2664,#2663,#325,.T.);
#2050=EDGE_CURVE('',#2656,#2664,#326,.T.);
#2051=EDGE_CURVE('',#2665,#2665,#327,.F.);
#2052=EDGE_CURVE('',#2666,#2605,#2970,.T.);
#2053=EDGE_CURVE('',#2667,#2666,#2971,.T.);
#2054=EDGE_CURVE('',#2667,#2668,#570,.F.);
#2055=EDGE_CURVE('',#2669,#2668,#571,.T.);
#2056=EDGE_CURVE('',#2607,#2669,#2972,.T.);
#2057=EDGE_CURVE('',#2670,#2667,#328,.T.);
#2058=EDGE_CURVE('',#2671,#2670,#329,.T.);
#2059=EDGE_CURVE('',#2672,#2671,#572,.F.);
#2060=EDGE_CURVE('',#2673,#2672,#330,.T.);
#2061=EDGE_CURVE('',#2674,#2673,#573,.T.);
#2062=EDGE_CURVE('',#2668,#2674,#331,.T.);
#2063=EDGE_CURVE('',#2643,#2671,#2973,.T.);
#2064=EDGE_CURVE('',#2672,#2642,#2974,.T.);
#2065=EDGE_CURVE('',#2675,#2676,#2975,.T.);
#2066=EDGE_CURVE('',#2675,#2677,#574,.T.);
#2067=EDGE_CURVE('',#2677,#2676,#575,.T.);
#2068=EDGE_CURVE('',#2678,#2679,#2976,.T.);
#2069=EDGE_CURVE('',#2678,#2680,#576,.T.);
#2070=EDGE_CURVE('',#2680,#2679,#577,.T.);
#2071=EDGE_CURVE('',#2681,#2682,#2977,.T.);
#2072=EDGE_CURVE('',#2681,#2683,#578,.T.);
#2073=EDGE_CURVE('',#2683,#2682,#579,.T.);
#2074=EDGE_CURVE('',#2684,#2685,#2978,.T.);
#2075=EDGE_CURVE('',#2684,#2686,#580,.T.);
#2076=EDGE_CURVE('',#2686,#2685,#581,.T.);
#2077=EDGE_CURVE('',#2687,#2688,#2979,.T.);
#2078=EDGE_CURVE('',#2687,#2689,#582,.T.);
#2079=EDGE_CURVE('',#2689,#2688,#583,.T.);
#2080=EDGE_CURVE('',#2690,#2691,#2980,.T.);
#2081=EDGE_CURVE('',#2690,#2692,#584,.T.);
#2082=EDGE_CURVE('',#2692,#2691,#585,.T.);
#2083=EDGE_CURVE('',#2693,#2694,#2981,.T.);
#2084=EDGE_CURVE('',#2693,#2695,#586,.T.);
#2085=EDGE_CURVE('',#2695,#2694,#587,.T.);
#2086=EDGE_CURVE('',#2696,#2697,#332,.T.);
#2087=EDGE_CURVE('',#2698,#2696,#588,.F.);
#2088=EDGE_CURVE('',#2699,#2698,#333,.T.);
#2089=EDGE_CURVE('',#2697,#2699,#589,.T.);
#2090=EDGE_CURVE('',#2700,#2701,#590,.T.);
#2091=EDGE_CURVE('',#2635,#2700,#2982,.T.);
#2092=EDGE_CURVE('',#2702,#2634,#2983,.T.);
#2093=EDGE_CURVE('',#2703,#2702,#591,.T.);
#2094=EDGE_CURVE('',#2703,#2701,#592,.F.);
#2095=EDGE_CURVE('',#2701,#2704,#334,.T.);
#2096=EDGE_CURVE('',#2705,#2703,#335,.T.);
#2097=EDGE_CURVE('',#2704,#2705,#593,.T.);
#2098=EDGE_CURVE('',#2706,#2707,#594,.T.);
#2099=EDGE_CURVE('',#2631,#2706,#2984,.T.);
#2100=EDGE_CURVE('',#2708,#2630,#2985,.T.);
#2101=EDGE_CURVE('',#2709,#2708,#595,.T.);
#2102=EDGE_CURVE('',#2709,#2707,#596,.F.);
#2103=EDGE_CURVE('',#2707,#2710,#336,.T.);
#2104=EDGE_CURVE('',#2711,#2709,#337,.T.);
#2105=EDGE_CURVE('',#2710,#2711,#597,.T.);
#2106=EDGE_CURVE('',#2712,#2713,#598,.T.);
#2107=EDGE_CURVE('',#2627,#2712,#2986,.T.);
#2108=EDGE_CURVE('',#2714,#2626,#2987,.T.);
#2109=EDGE_CURVE('',#2715,#2714,#599,.T.);
#2110=EDGE_CURVE('',#2715,#2713,#600,.F.);
#2111=EDGE_CURVE('',#2713,#2716,#338,.T.);
#2112=EDGE_CURVE('',#2717,#2715,#339,.T.);
#2113=EDGE_CURVE('',#2716,#2717,#601,.T.);
#2114=EDGE_CURVE('',#2718,#2719,#602,.T.);
#2115=EDGE_CURVE('',#2623,#2718,#2988,.T.);
#2116=EDGE_CURVE('',#2720,#2622,#2989,.T.);
#2117=EDGE_CURVE('',#2721,#2720,#603,.T.);
#2118=EDGE_CURVE('',#2721,#2719,#604,.F.);
#2119=EDGE_CURVE('',#2719,#2722,#340,.T.);
#2120=EDGE_CURVE('',#2723,#2721,#341,.T.);
#2121=EDGE_CURVE('',#2722,#2723,#605,.T.);
#2122=EDGE_CURVE('',#2724,#2725,#606,.T.);
#2123=EDGE_CURVE('',#2619,#2724,#2990,.T.);
#2124=EDGE_CURVE('',#2726,#2618,#2991,.T.);
#2125=EDGE_CURVE('',#2727,#2726,#607,.T.);
#2126=EDGE_CURVE('',#2727,#2725,#608,.F.);
#2127=EDGE_CURVE('',#2725,#2728,#342,.T.);
#2128=EDGE_CURVE('',#2729,#2727,#343,.T.);
#2129=EDGE_CURVE('',#2728,#2729,#609,.T.);
#2130=EDGE_CURVE('',#2730,#2731,#610,.T.);
#2131=EDGE_CURVE('',#2615,#2730,#2992,.T.);
#2132=EDGE_CURVE('',#2732,#2614,#2993,.T.);
#2133=EDGE_CURVE('',#2733,#2732,#611,.T.);
#2134=EDGE_CURVE('',#2733,#2731,#612,.F.);
#2135=EDGE_CURVE('',#2734,#2735,#613,.T.);
#2136=EDGE_CURVE('',#2611,#2734,#2994,.T.);
#2137=EDGE_CURVE('',#2736,#2610,#2995,.T.);
#2138=EDGE_CURVE('',#2737,#2736,#614,.T.);
#2139=EDGE_CURVE('',#2737,#2735,#615,.F.);
#2140=EDGE_CURVE('',#2731,#2738,#344,.T.);
#2141=EDGE_CURVE('',#2739,#2733,#345,.T.);
#2142=EDGE_CURVE('',#2738,#2739,#616,.T.);
#2143=EDGE_CURVE('',#2740,#2741,#2996,.T.);
#2144=EDGE_CURVE('',#2740,#2742,#617,.T.);
#2145=EDGE_CURVE('',#2742,#2741,#618,.T.);
#2146=EDGE_CURVE('',#2743,#2743,#619,.T.);
#2147=EDGE_CURVE('',#2744,#2744,#620,.T.);
#2148=EDGE_CURVE('',#2745,#2745,#621,.T.);
#2149=EDGE_CURVE('',#2746,#2746,#622,.T.);
#2150=EDGE_CURVE('',#2747,#2747,#623,.T.);
#2151=EDGE_CURVE('',#2748,#2749,#624,.T.);
#2152=EDGE_CURVE('',#2750,#2748,#2997,.T.);
#2153=EDGE_CURVE('',#2751,#2750,#625,.T.);
#2154=EDGE_CURVE('',#2749,#2751,#2998,.F.);
#2155=EDGE_CURVE('',#2752,#2673,#2999,.F.);
#2156=EDGE_CURVE('',#2753,#2752,#626,.T.);
#2157=EDGE_CURVE('',#2697,#2753,#3000,.T.);
#2158=EDGE_CURVE('',#2677,#2699,#3001,.T.);
#2159=EDGE_CURVE('',#2754,#2675,#3002,.F.);
#2160=EDGE_CURVE('',#2755,#2754,#627,.T.);
#2161=EDGE_CURVE('',#2756,#2755,#3003,.T.);
#2162=EDGE_CURVE('',#2757,#2756,#628,.T.);
#2163=EDGE_CURVE('',#2757,#2704,#3004,.T.);
#2164=EDGE_CURVE('',#2680,#2705,#3005,.T.);
#2165=EDGE_CURVE('',#2758,#2678,#3006,.F.);
#2166=EDGE_CURVE('',#2759,#2758,#629,.T.);
#2167=EDGE_CURVE('',#2760,#2759,#3007,.T.);
#2168=EDGE_CURVE('',#2761,#2760,#630,.T.);
#2169=EDGE_CURVE('',#2761,#2710,#3008,.T.);
#2170=EDGE_CURVE('',#2683,#2711,#3009,.T.);
#2171=EDGE_CURVE('',#2762,#2681,#3010,.F.);
#2172=EDGE_CURVE('',#2763,#2762,#631,.T.);
#2173=EDGE_CURVE('',#2764,#2763,#3011,.T.);
#2174=EDGE_CURVE('',#2765,#2764,#632,.T.);
#2175=EDGE_CURVE('',#2765,#2716,#3012,.T.);
#2176=EDGE_CURVE('',#2686,#2717,#3013,.T.);
#2177=EDGE_CURVE('',#2766,#2684,#3014,.F.);
#2178=EDGE_CURVE('',#2767,#2766,#633,.T.);
#2179=EDGE_CURVE('',#2768,#2767,#3015,.T.);
#2180=EDGE_CURVE('',#2769,#2768,#634,.T.);
#2181=EDGE_CURVE('',#2769,#2722,#3016,.T.);
#2182=EDGE_CURVE('',#2689,#2723,#3017,.T.);
#2183=EDGE_CURVE('',#2770,#2687,#3018,.F.);
#2184=EDGE_CURVE('',#2771,#2770,#635,.T.);
#2185=EDGE_CURVE('',#2772,#2771,#3019,.T.);
#2186=EDGE_CURVE('',#2773,#2772,#636,.T.);
#2187=EDGE_CURVE('',#2773,#2728,#3020,.T.);
#2188=EDGE_CURVE('',#2692,#2729,#3021,.T.);
#2189=EDGE_CURVE('',#2774,#2690,#3022,.F.);
#2190=EDGE_CURVE('',#2775,#2774,#637,.T.);
#2191=EDGE_CURVE('',#2776,#2775,#3023,.T.);
#2192=EDGE_CURVE('',#2777,#2776,#638,.T.);
#2193=EDGE_CURVE('',#2777,#2738,#3024,.T.);
#2194=EDGE_CURVE('',#2695,#2739,#3025,.T.);
#2195=EDGE_CURVE('',#2778,#2693,#3026,.F.);
#2196=EDGE_CURVE('',#2779,#2778,#639,.T.);
#2197=EDGE_CURVE('',#2780,#2779,#3027,.T.);
#2198=EDGE_CURVE('',#2781,#2780,#640,.T.);
#2199=EDGE_CURVE('',#2781,#2782,#3028,.T.);
#2200=EDGE_CURVE('',#2782,#2783,#641,.T.);
#2201=EDGE_CURVE('',#2742,#2783,#3029,.T.);
#2202=EDGE_CURVE('',#2784,#2740,#3030,.F.);
#2203=EDGE_CURVE('',#2785,#2784,#642,.T.);
#2204=EDGE_CURVE('',#2786,#2785,#3031,.T.);
#2205=EDGE_CURVE('',#2787,#2786,#643,.T.);
#2206=EDGE_CURVE('',#2787,#2674,#3032,.T.);
#2207=EDGE_CURVE('',#2639,#2696,#3033,.T.);
#2208=EDGE_CURVE('',#2788,#2638,#3034,.T.);
#2209=EDGE_CURVE('',#2698,#2788,#644,.T.);
#2210=EDGE_CURVE('',#2735,#2782,#346,.T.);
#2211=EDGE_CURVE('',#2783,#2737,#347,.T.);
#2212=EDGE_CURVE('',#2741,#2736,#3035,.T.);
#2213=EDGE_CURVE('',#2789,#2787,#645,.T.);
#2214=EDGE_CURVE('',#2789,#2669,#3036,.T.);
#2215=EDGE_CURVE('',#2789,#2786,#3037,.T.);
#2216=EDGE_CURVE('',#2608,#2785,#3038,.T.);
#2217=EDGE_CURVE('',#2784,#2609,#3039,.T.);
#2218=EDGE_CURVE('',#2694,#2732,#3040,.T.);
#2219=EDGE_CURVE('',#2790,#2781,#646,.T.);
#2220=EDGE_CURVE('',#2790,#2734,#3041,.T.);
#2221=EDGE_CURVE('',#2790,#2780,#3042,.T.);
#2222=EDGE_CURVE('',#2612,#2779,#3043,.T.);
#2223=EDGE_CURVE('',#2778,#2613,#3044,.T.);
#2224=EDGE_CURVE('',#2691,#2726,#3045,.T.);
#2225=EDGE_CURVE('',#2791,#2777,#647,.T.);
#2226=EDGE_CURVE('',#2791,#2730,#3046,.T.);
#2227=EDGE_CURVE('',#2791,#2776,#3047,.T.);
#2228=EDGE_CURVE('',#2616,#2775,#3048,.T.);
#2229=EDGE_CURVE('',#2774,#2617,#3049,.T.);
#2230=EDGE_CURVE('',#2688,#2720,#3050,.T.);
#2231=EDGE_CURVE('',#2792,#2773,#648,.T.);
#2232=EDGE_CURVE('',#2792,#2724,#3051,.T.);
#2233=EDGE_CURVE('',#2792,#2772,#3052,.T.);
#2234=EDGE_CURVE('',#2620,#2771,#3053,.T.);
#2235=EDGE_CURVE('',#2770,#2621,#3054,.T.);
#2236=EDGE_CURVE('',#2685,#2714,#3055,.T.);
#2237=EDGE_CURVE('',#2793,#2769,#649,.T.);
#2238=EDGE_CURVE('',#2793,#2718,#3056,.T.);
#2239=EDGE_CURVE('',#2793,#2768,#3057,.T.);
#2240=EDGE_CURVE('',#2624,#2767,#3058,.T.);
#2241=EDGE_CURVE('',#2766,#2625,#3059,.T.);
#2242=EDGE_CURVE('',#2682,#2708,#3060,.T.);
#2243=EDGE_CURVE('',#2794,#2765,#650,.T.);
#2244=EDGE_CURVE('',#2794,#2712,#3061,.T.);
#2245=EDGE_CURVE('',#2794,#2764,#3062,.T.);
#2246=EDGE_CURVE('',#2628,#2763,#3063,.T.);
#2247=EDGE_CURVE('',#2762,#2629,#3064,.T.);
#2248=EDGE_CURVE('',#2679,#2702,#3065,.T.);
#2249=EDGE_CURVE('',#2795,#2761,#651,.T.);
#2250=EDGE_CURVE('',#2795,#2706,#3066,.T.);
#2251=EDGE_CURVE('',#2795,#2760,#3067,.T.);
#2252=EDGE_CURVE('',#2632,#2759,#3068,.T.);
#2253=EDGE_CURVE('',#2758,#2633,#3069,.T.);
#2254=EDGE_CURVE('',#2676,#2788,#3070,.T.);
#2255=EDGE_CURVE('',#2796,#2757,#652,.T.);
#2256=EDGE_CURVE('',#2796,#2700,#3071,.T.);
#2257=EDGE_CURVE('',#2796,#2756,#3072,.T.);
#2258=EDGE_CURVE('',#2636,#2755,#3073,.T.);
#2259=EDGE_CURVE('',#2754,#2637,#3074,.T.);
#2260=EDGE_CURVE('',#2752,#2641,#3075,.T.);
#2261=EDGE_CURVE('',#2640,#2753,#3076,.T.);
#2262=EDGE_CURVE('',#2749,#2606,#3077,.T.);
#2263=EDGE_CURVE('',#2751,#2797,#3078,.T.);
#2264=EDGE_CURVE('',#2797,#2666,#3079,.T.);
#2265=EDGE_CURVE('',#2798,#2797,#3080,.T.);
#2266=EDGE_CURVE('',#2798,#2670,#3081,.T.);
#2267=EDGE_CURVE('',#2750,#2798,#3082,.T.);
#2268=EDGE_CURVE('',#2644,#2748,#3083,.T.);
#2269=EDGE_CURVE('',#2799,#2645,#3084,.T.);
#2270=EDGE_CURVE('',#2800,#2646,#3085,.T.);
#2271=EDGE_CURVE('',#2799,#2800,#3086,.F.);
#2272=EDGE_CURVE('',#2801,#2654,#348,.T.);
#2273=EDGE_CURVE('',#2801,#2800,#653,.T.);
#2274=EDGE_CURVE('',#2802,#2653,#349,.F.);
#2275=EDGE_CURVE('',#2801,#2802,#350,.T.);
#2276=EDGE_CURVE('',#2803,#2652,#351,.F.);
#2277=EDGE_CURVE('',#2802,#2803,#352,.T.);
#2278=EDGE_CURVE('',#2804,#2651,#353,.T.);
#2279=EDGE_CURVE('',#2803,#2804,#354,.T.);
#2280=EDGE_CURVE('',#2805,#2650,#355,.F.);
#2281=EDGE_CURVE('',#2804,#2805,#356,.T.);
#2282=EDGE_CURVE('',#2806,#2649,#357,.F.);
#2283=EDGE_CURVE('',#2805,#2806,#358,.T.);
#2284=EDGE_CURVE('',#2807,#2648,#3087,.T.);
#2285=EDGE_CURVE('',#2807,#2806,#654,.T.);
#2286=EDGE_CURVE('',#2808,#2647,#3088,.T.);
#2287=EDGE_CURVE('',#2807,#2808,#3089,.T.);
#2288=EDGE_CURVE('',#2799,#2808,#655,.T.);
#2289=EDGE_CURVE('',#2809,#2655,#359,.F.);
#2290=EDGE_CURVE('',#2810,#2656,#360,.T.);
#2291=EDGE_CURVE('',#2809,#2810,#361,.T.);
#2292=EDGE_CURVE('',#2811,#2664,#362,.F.);
#2293=EDGE_CURVE('',#2810,#2811,#363,.T.);
#2294=EDGE_CURVE('',#2812,#2663,#364,.F.);
#2295=EDGE_CURVE('',#2811,#2812,#365,.T.);
#2296=EDGE_CURVE('',#2813,#2662,#3090,.T.);
#2297=EDGE_CURVE('',#2812,#2813,#656,.T.);
#2298=EDGE_CURVE('',#2814,#2661,#3091,.T.);
#2299=EDGE_CURVE('',#2813,#2814,#3092,.F.);
#2300=EDGE_CURVE('',#2815,#2660,#3093,.T.);
#2301=EDGE_CURVE('',#2814,#2815,#657,.T.);
#2302=EDGE_CURVE('',#2816,#2659,#3094,.T.);
#2303=EDGE_CURVE('',#2815,#2816,#3095,.T.);
#2304=EDGE_CURVE('',#2817,#2658,#366,.T.);
#2305=EDGE_CURVE('',#2816,#2817,#658,.T.);
#2306=EDGE_CURVE('',#2818,#2657,#367,.F.);
#2307=EDGE_CURVE('',#2817,#2818,#368,.T.);
#2308=EDGE_CURVE('',#2818,#2809,#369,.T.);
#2309=EDGE_CURVE('',#2819,#2819,#370,.F.);
#2310=EDGE_CURVE('',#2596,#2820,#371,.F.);
#2311=EDGE_CURVE('',#2820,#2821,#372,.T.);
#2312=EDGE_CURVE('',#2597,#2821,#373,.T.);
#2313=EDGE_CURVE('',#2821,#2822,#374,.T.);
#2314=EDGE_CURVE('',#2598,#2822,#375,.T.);
#2315=EDGE_CURVE('',#2822,#2823,#376,.T.);
#2316=EDGE_CURVE('',#2599,#2823,#377,.T.);
#2317=EDGE_CURVE('',#2823,#2824,#378,.T.);
#2318=EDGE_CURVE('',#2600,#2824,#379,.T.);
#2319=EDGE_CURVE('',#2824,#2825,#380,.T.);
#2320=EDGE_CURVE('',#2601,#2825,#381,.T.);
#2321=EDGE_CURVE('',#2825,#2826,#382,.T.);
#2322=EDGE_CURVE('',#2602,#2826,#383,.T.);
#2323=EDGE_CURVE('',#2826,#2827,#384,.T.);
#2324=EDGE_CURVE('',#2603,#2827,#385,.T.);
#2325=EDGE_CURVE('',#2827,#2820,#386,.T.);
#2326=EDGE_CURVE('',#2828,#2829,#387,.T.);
#2327=EDGE_CURVE('',#2830,#2828,#388,.T.);
#2328=EDGE_CURVE('',#2831,#2830,#389,.T.);
#2329=EDGE_CURVE('',#2829,#2831,#390,.T.);
#2330=EDGE_CURVE('',#2832,#2833,#391,.T.);
#2331=EDGE_CURVE('',#2834,#2832,#392,.T.);
#2332=EDGE_CURVE('',#2835,#2834,#393,.T.);
#2333=EDGE_CURVE('',#2833,#2835,#394,.T.);
#2334=EDGE_CURVE('',#2833,#2836,#395,.F.);
#2335=EDGE_CURVE('',#2835,#2837,#396,.T.);
#2336=EDGE_CURVE('',#2836,#2837,#397,.T.);
#2337=EDGE_CURVE('',#2834,#2838,#398,.T.);
#2338=EDGE_CURVE('',#2837,#2838,#399,.T.);
#2339=EDGE_CURVE('',#2832,#2839,#400,.T.);
#2340=EDGE_CURVE('',#2838,#2839,#401,.T.);
#2341=EDGE_CURVE('',#2839,#2836,#402,.T.);
#2342=EDGE_CURVE('',#2829,#2840,#403,.F.);
#2343=EDGE_CURVE('',#2831,#2841,#404,.T.);
#2344=EDGE_CURVE('',#2840,#2841,#405,.T.);
#2345=EDGE_CURVE('',#2830,#2842,#406,.T.);
#2346=EDGE_CURVE('',#2841,#2842,#407,.T.);
#2347=EDGE_CURVE('',#2828,#2843,#408,.T.);
#2348=EDGE_CURVE('',#2842,#2843,#409,.T.);
#2349=EDGE_CURVE('',#2843,#2840,#410,.T.);
#2350=EDGE_CURVE('',#2589,#2844,#3096,.T.);
#2351=EDGE_CURVE('',#2844,#2845,#3097,.T.);
#2352=EDGE_CURVE('',#2590,#2845,#411,.T.);
#2353=EDGE_CURVE('',#2845,#2846,#412,.T.);
#2354=EDGE_CURVE('',#2591,#2846,#509,.F.);
#2355=EDGE_CURVE('',#2846,#2847,#510,.F.);
#2356=EDGE_CURVE('',#2592,#2847,#3098,.T.);
#2357=EDGE_CURVE('',#2847,#2848,#511,.F.);
#2358=EDGE_CURVE('',#2593,#2848,#3099,.T.);
#2359=EDGE_CURVE('',#2848,#2849,#659,.T.);
#2360=EDGE_CURVE('',#2594,#2849,#3100,.T.);
#2361=EDGE_CURVE('',#2849,#2850,#3101,.F.);
#2362=EDGE_CURVE('',#2595,#2850,#3102,.T.);
#2363=EDGE_CURVE('',#2844,#2850,#660,.T.);
#2364=EDGE_CURVE('',#2582,#2851,#3103,.T.);
#2365=EDGE_CURVE('',#2851,#2852,#512,.F.);
#2366=EDGE_CURVE('',#2583,#2852,#413,.F.);
#2367=EDGE_CURVE('',#2852,#2853,#414,.T.);
#2368=EDGE_CURVE('',#2584,#2853,#415,.T.);
#2369=EDGE_CURVE('',#2853,#2854,#416,.T.);
#2370=EDGE_CURVE('',#2585,#2854,#417,.T.);
#2371=EDGE_CURVE('',#2854,#2855,#418,.T.);
#2372=EDGE_CURVE('',#2586,#2855,#419,.T.);
#2373=EDGE_CURVE('',#2855,#2856,#420,.T.);
#2374=EDGE_CURVE('',#2587,#2856,#421,.T.);
#2375=EDGE_CURVE('',#2856,#2857,#513,.F.);
#2376=EDGE_CURVE('',#2588,#2857,#3104,.T.);
#2377=EDGE_CURVE('',#2857,#2851,#514,.F.);
#2378=EDGE_CURVE('',#2858,#2859,#422,.T.);
#2379=EDGE_CURVE('',#2860,#2858,#423,.T.);
#2380=EDGE_CURVE('',#2861,#2860,#424,.T.);
#2381=EDGE_CURVE('',#2859,#2861,#425,.T.);
#2382=EDGE_CURVE('',#2859,#2862,#426,.F.);
#2383=EDGE_CURVE('',#2861,#2863,#427,.T.);
#2384=EDGE_CURVE('',#2862,#2863,#428,.T.);
#2385=EDGE_CURVE('',#2860,#2864,#429,.T.);
#2386=EDGE_CURVE('',#2863,#2864,#430,.T.);
#2387=EDGE_CURVE('',#2858,#2865,#431,.T.);
#2388=EDGE_CURVE('',#2864,#2865,#432,.T.);
#2389=EDGE_CURVE('',#2865,#2862,#433,.T.);
#2390=EDGE_CURVE('',#2567,#2866,#3105,.T.);
#2391=EDGE_CURVE('',#2866,#2867,#3106,.T.);
#2392=EDGE_CURVE('',#2568,#2867,#3107,.T.);
#2393=EDGE_CURVE('',#2867,#2868,#661,.T.);
#2394=EDGE_CURVE('',#2569,#2868,#3108,.T.);
#2395=EDGE_CURVE('',#2868,#2869,#515,.F.);
#2396=EDGE_CURVE('',#2570,#2869,#516,.T.);
#2397=EDGE_CURVE('',#2869,#2870,#434,.T.);
#2398=EDGE_CURVE('',#2571,#2870,#435,.F.);
#2399=EDGE_CURVE('',#2870,#2871,#436,.T.);
#2400=EDGE_CURVE('',#2572,#2871,#437,.T.);
#2401=EDGE_CURVE('',#2871,#2872,#438,.T.);
#2402=EDGE_CURVE('',#2573,#2872,#439,.T.);
#2403=EDGE_CURVE('',#2872,#2873,#440,.T.);
#2404=EDGE_CURVE('',#2574,#2873,#441,.F.);
#2405=EDGE_CURVE('',#2874,#2873,#662,.T.);
#2406=EDGE_CURVE('',#2575,#2874,#442,.T.);
#2407=EDGE_CURVE('',#2874,#2875,#443,.T.);
#2408=EDGE_CURVE('',#2576,#2875,#444,.T.);
#2409=EDGE_CURVE('',#2875,#2876,#445,.T.);
#2410=EDGE_CURVE('',#2577,#2876,#446,.T.);
#2411=EDGE_CURVE('',#2876,#2877,#447,.T.);
#2412=EDGE_CURVE('',#2578,#2877,#448,.T.);
#2413=EDGE_CURVE('',#2877,#2878,#449,.T.);
#2414=EDGE_CURVE('',#2579,#2878,#450,.T.);
#2415=EDGE_CURVE('',#2878,#2879,#517,.F.);
#2416=EDGE_CURVE('',#2580,#2879,#3109,.T.);
#2417=EDGE_CURVE('',#2879,#2880,#518,.F.);
#2418=EDGE_CURVE('',#2581,#2880,#3110,.F.);
#2419=EDGE_CURVE('',#2866,#2880,#663,.T.);
#2420=EDGE_CURVE('',#2556,#2881,#3111,.T.);
#2421=EDGE_CURVE('',#2881,#2882,#3112,.T.);
#2422=EDGE_CURVE('',#2557,#2882,#3113,.T.);
#2423=EDGE_CURVE('',#2883,#2882,#664,.T.);
#2424=EDGE_CURVE('',#2558,#2883,#3114,.T.);
#2425=EDGE_CURVE('',#2883,#2884,#3115,.T.);
#2426=EDGE_CURVE('',#2559,#2884,#3116,.T.);
#2427=EDGE_CURVE('',#2884,#2885,#665,.T.);
#2428=EDGE_CURVE('',#2560,#2885,#3117,.T.);
#2429=EDGE_CURVE('',#2885,#2886,#3118,.T.);
#2430=EDGE_CURVE('',#2561,#2886,#3119,.T.);
#2431=EDGE_CURVE('',#2886,#2887,#666,.T.);
#2432=EDGE_CURVE('',#2562,#2887,#3120,.T.);
#2433=EDGE_CURVE('',#2887,#2888,#3121,.F.);
#2434=EDGE_CURVE('',#2563,#2888,#3122,.T.);
#2435=EDGE_CURVE('',#2888,#2889,#667,.T.);
#2436=EDGE_CURVE('',#2564,#2889,#3123,.T.);
#2437=EDGE_CURVE('',#2889,#2890,#3124,.F.);
#2438=EDGE_CURVE('',#2565,#2890,#451,.T.);
#2439=EDGE_CURVE('',#2890,#2891,#519,.F.);
#2440=EDGE_CURVE('',#2566,#2891,#3125,.F.);
#2441=EDGE_CURVE('',#2881,#2891,#668,.T.);
#2442=EDGE_CURVE('',#2892,#2893,#669,.T.);
#2443=EDGE_CURVE('',#2894,#2893,#520,.F.);
#2444=EDGE_CURVE('',#2892,#2894,#3126,.F.);
#2445=EDGE_CURVE('',#2895,#2894,#452,.F.);
#2446=EDGE_CURVE('',#2896,#2895,#3127,.T.);
#2447=EDGE_CURVE('',#2896,#2892,#3128,.T.);
#2448=EDGE_CURVE('',#2896,#2897,#670,.T.);
#2449=EDGE_CURVE('',#2897,#2893,#3129,.F.);
#2450=EDGE_CURVE('',#2895,#2897,#521,.F.);
#2451=EDGE_CURVE('',#2540,#2898,#453,.T.);
#2452=EDGE_CURVE('',#2898,#2899,#454,.T.);
#2453=EDGE_CURVE('',#2541,#2899,#455,.T.);
#2454=EDGE_CURVE('',#2899,#2900,#456,.T.);
#2455=EDGE_CURVE('',#2542,#2900,#457,.T.);
#2456=EDGE_CURVE('',#2900,#2901,#458,.T.);
#2457=EDGE_CURVE('',#2543,#2901,#459,.T.);
#2458=EDGE_CURVE('',#2901,#2902,#460,.T.);
#2459=EDGE_CURVE('',#2544,#2902,#461,.T.);
#2460=EDGE_CURVE('',#2902,#2903,#462,.T.);
#2461=EDGE_CURVE('',#2545,#2903,#463,.T.);
#2462=EDGE_CURVE('',#2903,#2904,#464,.T.);
#2463=EDGE_CURVE('',#2546,#2904,#465,.T.);
#2464=EDGE_CURVE('',#2904,#2905,#466,.T.);
#2465=EDGE_CURVE('',#2547,#2905,#467,.F.);
#2466=EDGE_CURVE('',#2906,#2905,#671,.T.);
#2467=EDGE_CURVE('',#2548,#2906,#468,.T.);
#2468=EDGE_CURVE('',#2906,#2907,#469,.T.);
#2469=EDGE_CURVE('',#2549,#2907,#470,.T.);
#2470=EDGE_CURVE('',#2907,#2908,#471,.T.);
#2471=EDGE_CURVE('',#2550,#2908,#472,.T.);
#2472=EDGE_CURVE('',#2908,#2909,#473,.T.);
#2473=EDGE_CURVE('',#2551,#2909,#474,.F.);
#2474=EDGE_CURVE('',#2909,#2910,#3130,.F.);
#2475=EDGE_CURVE('',#2552,#2910,#475,.T.);
#2476=EDGE_CURVE('',#2910,#2911,#476,.T.);
#2477=EDGE_CURVE('',#2553,#2911,#477,.T.);
#2478=EDGE_CURVE('',#2911,#2912,#478,.T.);
#2479=EDGE_CURVE('',#2554,#2912,#479,.T.);
#2480=EDGE_CURVE('',#2912,#2913,#480,.T.);
#2481=EDGE_CURVE('',#2555,#2913,#481,.F.);
#2482=EDGE_CURVE('',#2913,#2898,#672,.T.);
#2483=EDGE_CURVE('',#2527,#2914,#482,.T.);
#2484=EDGE_CURVE('',#2914,#2915,#483,.T.);
#2485=EDGE_CURVE('',#2528,#2915,#484,.T.);
#2486=EDGE_CURVE('',#2915,#2916,#485,.T.);
#2487=EDGE_CURVE('',#2529,#2916,#486,.T.);
#2488=EDGE_CURVE('',#2916,#2917,#487,.T.);
#2489=EDGE_CURVE('',#2530,#2917,#488,.T.);
#2490=EDGE_CURVE('',#2917,#2918,#522,.F.);
#2491=EDGE_CURVE('',#2531,#2918,#3131,.F.);
#2492=EDGE_CURVE('',#2919,#2918,#673,.T.);
#2493=EDGE_CURVE('',#2532,#2919,#3132,.T.);
#2494=EDGE_CURVE('',#2919,#2920,#3133,.T.);
#2495=EDGE_CURVE('',#2533,#2920,#3134,.T.);
#2496=EDGE_CURVE('',#2920,#2921,#674,.T.);
#2497=EDGE_CURVE('',#2534,#2921,#3135,.T.);
#2498=EDGE_CURVE('',#2921,#2922,#3136,.F.);
#2499=EDGE_CURVE('',#2535,#2922,#489,.T.);
#2500=EDGE_CURVE('',#2922,#2923,#523,.F.);
#2501=EDGE_CURVE('',#2536,#2923,#490,.F.);
#2502=EDGE_CURVE('',#2923,#2924,#491,.T.);
#2503=EDGE_CURVE('',#2537,#2924,#492,.T.);
#2504=EDGE_CURVE('',#2924,#2925,#493,.T.);
#2505=EDGE_CURVE('',#2538,#2925,#494,.T.);
#2506=EDGE_CURVE('',#2925,#2926,#495,.T.);
#2507=EDGE_CURVE('',#2539,#2926,#496,.F.);
#2508=EDGE_CURVE('',#2926,#2914,#675,.T.);
#2509=EDGE_CURVE('',#2521,#2927,#3137,.T.);
#2510=EDGE_CURVE('',#2927,#2928,#3138,.T.);
#2511=EDGE_CURVE('',#2522,#2928,#3139,.T.);
#2512=EDGE_CURVE('',#2928,#2929,#676,.T.);
#2513=EDGE_CURVE('',#2523,#2929,#3140,.T.);
#2514=EDGE_CURVE('',#2929,#2930,#3141,.F.);
#2515=EDGE_CURVE('',#2524,#2930,#3142,.T.);
#2516=EDGE_CURVE('',#2930,#2931,#677,.T.);
#2517=EDGE_CURVE('',#2525,#2931,#3143,.T.);
#2518=EDGE_CURVE('',#2931,#2932,#524,.F.);
#2519=EDGE_CURVE('',#2526,#2932,#3144,.F.);
#2520=EDGE_CURVE('',#2927,#2932,#678,.T.);
#2521=VERTEX_POINT('',#5406);
#2522=VERTEX_POINT('',#5407);
#2523=VERTEX_POINT('',#5409);
#2524=VERTEX_POINT('',#5411);
#2525=VERTEX_POINT('',#5413);
#2526=VERTEX_POINT('',#5415);
#2527=VERTEX_POINT('',#5425);
#2528=VERTEX_POINT('',#5426);
#2529=VERTEX_POINT('',#5435);
#2530=VERTEX_POINT('',#5442);
#2531=VERTEX_POINT('',#5444);
#2532=VERTEX_POINT('',#5446);
#2533=VERTEX_POINT('',#5448);
#2534=VERTEX_POINT('',#5450);
#2535=VERTEX_POINT('',#5452);
#2536=VERTEX_POINT('',#5454);
#2537=VERTEX_POINT('',#5462);
#2538=VERTEX_POINT('',#5470);
#2539=VERTEX_POINT('',#5476);
#2540=VERTEX_POINT('',#5482);
#2541=VERTEX_POINT('',#5483);
#2542=VERTEX_POINT('',#5491);
#2543=VERTEX_POINT('',#5500);
#2544=VERTEX_POINT('',#5508);
#2545=VERTEX_POINT('',#5515);
#2546=VERTEX_POINT('',#5523);
#2547=VERTEX_POINT('',#5531);
#2548=VERTEX_POINT('',#5533);
#2549=VERTEX_POINT('',#5541);
#2550=VERTEX_POINT('',#5547);
#2551=VERTEX_POINT('',#5554);
#2552=VERTEX_POINT('',#5556);
#2553=VERTEX_POINT('',#5564);
#2554=VERTEX_POINT('',#5570);
#2555=VERTEX_POINT('',#5576);
#2556=VERTEX_POINT('',#5579);
#2557=VERTEX_POINT('',#5580);
#2558=VERTEX_POINT('',#5582);
#2559=VERTEX_POINT('',#5584);
#2560=VERTEX_POINT('',#5586);
#2561=VERTEX_POINT('',#5588);
#2562=VERTEX_POINT('',#5590);
#2563=VERTEX_POINT('',#5592);
#2564=VERTEX_POINT('',#5594);
#2565=VERTEX_POINT('',#5596);
#2566=VERTEX_POINT('',#5598);
#2567=VERTEX_POINT('',#5601);
#2568=VERTEX_POINT('',#5602);
#2569=VERTEX_POINT('',#5604);
#2570=VERTEX_POINT('',#5606);
#2571=VERTEX_POINT('',#5611);
#2572=VERTEX_POINT('',#5620);
#2573=VERTEX_POINT('',#5629);
#2574=VERTEX_POINT('',#5637);
#2575=VERTEX_POINT('',#5639);
#2576=VERTEX_POINT('',#5645);
#2577=VERTEX_POINT('',#5653);
#2578=VERTEX_POINT('',#5660);
#2579=VERTEX_POINT('',#5665);
#2580=VERTEX_POINT('',#5667);
#2581=VERTEX_POINT('',#5669);
#2582=VERTEX_POINT('',#5672);
#2583=VERTEX_POINT('',#5673);
#2584=VERTEX_POINT('',#5681);
#2585=VERTEX_POINT('',#5689);
#2586=VERTEX_POINT('',#5699);
#2587=VERTEX_POINT('',#5706);
#2588=VERTEX_POINT('',#5708);
#2589=VERTEX_POINT('',#5711);
#2590=VERTEX_POINT('',#5712);
#2591=VERTEX_POINT('',#5717);
#2592=VERTEX_POINT('',#5719);
#2593=VERTEX_POINT('',#5721);
#2594=VERTEX_POINT('',#5723);
#2595=VERTEX_POINT('',#5725);
#2596=VERTEX_POINT('',#5735);
#2597=VERTEX_POINT('',#5736);
#2598=VERTEX_POINT('',#5745);
#2599=VERTEX_POINT('',#5753);
#2600=VERTEX_POINT('',#5758);
#2601=VERTEX_POINT('',#5767);
#2602=VERTEX_POINT('',#5775);
#2603=VERTEX_POINT('',#5780);
#2604=VERTEX_POINT('',#5789);
#2605=VERTEX_POINT('',#5791);
#2606=VERTEX_POINT('',#5792);
#2607=VERTEX_POINT('',#5794);
#2608=VERTEX_POINT('',#5796);
#2609=VERTEX_POINT('',#5798);
#2610=VERTEX_POINT('',#5800);
#2611=VERTEX_POINT('',#5802);
#2612=VERTEX_POINT('',#5804);
#2613=VERTEX_POINT('',#5806);
#2614=VERTEX_POINT('',#5808);
#2615=VERTEX_POINT('',#5810);
#2616=VERTEX_POINT('',#5812);
#2617=VERTEX_POINT('',#5814);
#2618=VERTEX_POINT('',#5816);
#2619=VERTEX_POINT('',#5818);
#2620=VERTEX_POINT('',#5820);
#2621=VERTEX_POINT('',#5822);
#2622=VERTEX_POINT('',#5824);
#2623=VERTEX_POINT('',#5826);
#2624=VERTEX_POINT('',#5828);
#2625=VERTEX_POINT('',#5830);
#2626=VERTEX_POINT('',#5832);
#2627=VERTEX_POINT('',#5834);
#2628=VERTEX_POINT('',#5836);
#2629=VERTEX_POINT('',#5838);
#2630=VERTEX_POINT('',#5840);
#2631=VERTEX_POINT('',#5842);
#2632=VERTEX_POINT('',#5844);
#2633=VERTEX_POINT('',#5846);
#2634=VERTEX_POINT('',#5848);
#2635=VERTEX_POINT('',#5850);
#2636=VERTEX_POINT('',#5852);
#2637=VERTEX_POINT('',#5854);
#2638=VERTEX_POINT('',#5856);
#2639=VERTEX_POINT('',#5858);
#2640=VERTEX_POINT('',#5860);
#2641=VERTEX_POINT('',#5862);
#2642=VERTEX_POINT('',#5864);
#2643=VERTEX_POINT('',#5866);
#2644=VERTEX_POINT('',#5868);
#2645=VERTEX_POINT('',#5871);
#2646=VERTEX_POINT('',#5872);
#2647=VERTEX_POINT('',#5874);
#2648=VERTEX_POINT('',#5876);
#2649=VERTEX_POINT('',#5878);
#2650=VERTEX_POINT('',#5883);
#2651=VERTEX_POINT('',#5888);
#2652=VERTEX_POINT('',#5894);
#2653=VERTEX_POINT('',#5899);
#2654=VERTEX_POINT('',#5904);
#2655=VERTEX_POINT('',#5911);
#2656=VERTEX_POINT('',#5912);
#2657=VERTEX_POINT('',#5917);
#2658=VERTEX_POINT('',#5922);
#2659=VERTEX_POINT('',#5924);
#2660=VERTEX_POINT('',#5926);
#2661=VERTEX_POINT('',#5928);
#2662=VERTEX_POINT('',#5930);
#2663=VERTEX_POINT('',#5932);
#2664=VERTEX_POINT('',#5937);
#2665=VERTEX_POINT('',#5949);
#2666=VERTEX_POINT('',#5952);
#2667=VERTEX_POINT('',#5954);
#2668=VERTEX_POINT('',#5956);
#2669=VERTEX_POINT('',#5958);
#2670=VERTEX_POINT('',#5965);
#2671=VERTEX_POINT('',#5970);
#2672=VERTEX_POINT('',#5972);
#2673=VERTEX_POINT('',#5977);
#2674=VERTEX_POINT('',#5979);
#2675=VERTEX_POINT('',#5989);
#2676=VERTEX_POINT('',#5990);
#2677=VERTEX_POINT('',#5992);
#2678=VERTEX_POINT('',#5996);
#2679=VERTEX_POINT('',#5997);
#2680=VERTEX_POINT('',#5999);
#2681=VERTEX_POINT('',#6003);
#2682=VERTEX_POINT('',#6004);
#2683=VERTEX_POINT('',#6006);
#2684=VERTEX_POINT('',#6010);
#2685=VERTEX_POINT('',#6011);
#2686=VERTEX_POINT('',#6013);
#2687=VERTEX_POINT('',#6017);
#2688=VERTEX_POINT('',#6018);
#2689=VERTEX_POINT('',#6020);
#2690=VERTEX_POINT('',#6024);
#2691=VERTEX_POINT('',#6025);
#2692=VERTEX_POINT('',#6027);
#2693=VERTEX_POINT('',#6031);
#2694=VERTEX_POINT('',#6032);
#2695=VERTEX_POINT('',#6034);
#2696=VERTEX_POINT('',#6041);
#2697=VERTEX_POINT('',#6042);
#2698=VERTEX_POINT('',#6044);
#2699=VERTEX_POINT('',#6049);
#2700=VERTEX_POINT('',#6053);
#2701=VERTEX_POINT('',#6054);
#2702=VERTEX_POINT('',#6057);
#2703=VERTEX_POINT('',#6059);
#2704=VERTEX_POINT('',#6066);
#2705=VERTEX_POINT('',#6071);
#2706=VERTEX_POINT('',#6075);
#2707=VERTEX_POINT('',#6076);
#2708=VERTEX_POINT('',#6079);
#2709=VERTEX_POINT('',#6081);
#2710=VERTEX_POINT('',#6088);
#2711=VERTEX_POINT('',#6093);
#2712=VERTEX_POINT('',#6097);
#2713=VERTEX_POINT('',#6098);
#2714=VERTEX_POINT('',#6101);
#2715=VERTEX_POINT('',#6103);
#2716=VERTEX_POINT('',#6110);
#2717=VERTEX_POINT('',#6115);
#2718=VERTEX_POINT('',#6119);
#2719=VERTEX_POINT('',#6120);
#2720=VERTEX_POINT('',#6123);
#2721=VERTEX_POINT('',#6125);
#2722=VERTEX_POINT('',#6132);
#2723=VERTEX_POINT('',#6137);
#2724=VERTEX_POINT('',#6141);
#2725=VERTEX_POINT('',#6142);
#2726=VERTEX_POINT('',#6145);
#2727=VERTEX_POINT('',#6147);
#2728=VERTEX_POINT('',#6154);
#2729=VERTEX_POINT('',#6159);
#2730=VERTEX_POINT('',#6163);
#2731=VERTEX_POINT('',#6164);
#2732=VERTEX_POINT('',#6167);
#2733=VERTEX_POINT('',#6169);
#2734=VERTEX_POINT('',#6173);
#2735=VERTEX_POINT('',#6174);
#2736=VERTEX_POINT('',#6177);
#2737=VERTEX_POINT('',#6179);
#2738=VERTEX_POINT('',#6186);
#2739=VERTEX_POINT('',#6191);
#2740=VERTEX_POINT('',#6195);
#2741=VERTEX_POINT('',#6196);
#2742=VERTEX_POINT('',#6198);
#2743=VERTEX_POINT('',#6202);
#2744=VERTEX_POINT('',#6205);
#2745=VERTEX_POINT('',#6208);
#2746=VERTEX_POINT('',#6211);
#2747=VERTEX_POINT('',#6214);
#2748=VERTEX_POINT('',#6217);
#2749=VERTEX_POINT('',#6218);
#2750=VERTEX_POINT('',#6220);
#2751=VERTEX_POINT('',#6222);
#2752=VERTEX_POINT('',#6225);
#2753=VERTEX_POINT('',#6227);
#2754=VERTEX_POINT('',#6231);
#2755=VERTEX_POINT('',#6233);
#2756=VERTEX_POINT('',#6235);
#2757=VERTEX_POINT('',#6237);
#2758=VERTEX_POINT('',#6241);
#2759=VERTEX_POINT('',#6243);
#2760=VERTEX_POINT('',#6245);
#2761=VERTEX_POINT('',#6247);
#2762=VERTEX_POINT('',#6251);
#2763=VERTEX_POINT('',#6253);
#2764=VERTEX_POINT('',#6255);
#2765=VERTEX_POINT('',#6257);
#2766=VERTEX_POINT('',#6261);
#2767=VERTEX_POINT('',#6263);
#2768=VERTEX_POINT('',#6265);
#2769=VERTEX_POINT('',#6267);
#2770=VERTEX_POINT('',#6271);
#2771=VERTEX_POINT('',#6273);
#2772=VERTEX_POINT('',#6275);
#2773=VERTEX_POINT('',#6277);
#2774=VERTEX_POINT('',#6281);
#2775=VERTEX_POINT('',#6283);
#2776=VERTEX_POINT('',#6285);
#2777=VERTEX_POINT('',#6287);
#2778=VERTEX_POINT('',#6291);
#2779=VERTEX_POINT('',#6293);
#2780=VERTEX_POINT('',#6295);
#2781=VERTEX_POINT('',#6297);
#2782=VERTEX_POINT('',#6299);
#2783=VERTEX_POINT('',#6301);
#2784=VERTEX_POINT('',#6304);
#2785=VERTEX_POINT('',#6306);
#2786=VERTEX_POINT('',#6308);
#2787=VERTEX_POINT('',#6310);
#2788=VERTEX_POINT('',#6315);
#2789=VERTEX_POINT('',#6330);
#2790=VERTEX_POINT('',#6343);
#2791=VERTEX_POINT('',#6355);
#2792=VERTEX_POINT('',#6367);
#2793=VERTEX_POINT('',#6379);
#2794=VERTEX_POINT('',#6391);
#2795=VERTEX_POINT('',#6403);
#2796=VERTEX_POINT('',#6415);
#2797=VERTEX_POINT('',#6438);
#2798=VERTEX_POINT('',#6442);
#2799=VERTEX_POINT('',#6451);
#2800=VERTEX_POINT('',#6453);
#2801=VERTEX_POINT('',#6460);
#2802=VERTEX_POINT('',#6467);
#2803=VERTEX_POINT('',#6477);
#2804=VERTEX_POINT('',#6506);
#2805=VERTEX_POINT('',#6517);
#2806=VERTEX_POINT('',#6527);
#2807=VERTEX_POINT('',#6534);
#2808=VERTEX_POINT('',#6538);
#2809=VERTEX_POINT('',#6567);
#2810=VERTEX_POINT('',#6572);
#2811=VERTEX_POINT('',#6583);
#2812=VERTEX_POINT('',#6593);
#2813=VERTEX_POINT('',#6600);
#2814=VERTEX_POINT('',#6604);
#2815=VERTEX_POINT('',#6608);
#2816=VERTEX_POINT('',#6612);
#2817=VERTEX_POINT('',#6619);
#2818=VERTEX_POINT('',#6626);
#2819=VERTEX_POINT('',#6645);
#2820=VERTEX_POINT('',#6707);
#2821=VERTEX_POINT('',#6716);
#2822=VERTEX_POINT('',#6817);
#2823=VERTEX_POINT('',#6889);
#2824=VERTEX_POINT('',#6942);
#2825=VERTEX_POINT('',#7015);
#2826=VERTEX_POINT('',#7095);
#2827=VERTEX_POINT('',#7152);
#2828=VERTEX_POINT('',#7225);
#2829=VERTEX_POINT('',#7226);
#2830=VERTEX_POINT('',#7233);
#2831=VERTEX_POINT('',#7238);
#2832=VERTEX_POINT('',#7249);
#2833=VERTEX_POINT('',#7250);
#2834=VERTEX_POINT('',#7257);
#2835=VERTEX_POINT('',#7265);
#2836=VERTEX_POINT('',#7320);
#2837=VERTEX_POINT('',#7325);
#2838=VERTEX_POINT('',#7384);
#2839=VERTEX_POINT('',#7448);
#2840=VERTEX_POINT('',#7553);
#2841=VERTEX_POINT('',#7558);
#2842=VERTEX_POINT('',#7619);
#2843=VERTEX_POINT('',#7668);
#2844=VERTEX_POINT('',#7731);
#2845=VERTEX_POINT('',#7733);
#2846=VERTEX_POINT('',#7743);
#2847=VERTEX_POINT('',#7747);
#2848=VERTEX_POINT('',#7751);
#2849=VERTEX_POINT('',#7755);
#2850=VERTEX_POINT('',#7759);
#2851=VERTEX_POINT('',#7766);
#2852=VERTEX_POINT('',#7768);
#2853=VERTEX_POINT('',#7844);
#2854=VERTEX_POINT('',#7912);
#2855=VERTEX_POINT('',#7994);
#2856=VERTEX_POINT('',#8035);
#2857=VERTEX_POINT('',#8042);
#2858=VERTEX_POINT('',#8054);
#2859=VERTEX_POINT('',#8055);
#2860=VERTEX_POINT('',#8063);
#2861=VERTEX_POINT('',#8071);
#2862=VERTEX_POINT('',#8143);
#2863=VERTEX_POINT('',#8148);
#2864=VERTEX_POINT('',#8224);
#2865=VERTEX_POINT('',#8292);
#2866=VERTEX_POINT('',#8362);
#2867=VERTEX_POINT('',#8364);
#2868=VERTEX_POINT('',#8368);
#2869=VERTEX_POINT('',#8372);
#2870=VERTEX_POINT('',#8379);
#2871=VERTEX_POINT('',#8464);
#2872=VERTEX_POINT('',#8549);
#2873=VERTEX_POINT('',#8613);
#2874=VERTEX_POINT('',#8620);
#2875=VERTEX_POINT('',#8674);
#2876=VERTEX_POINT('',#8733);
#2877=VERTEX_POINT('',#8787);
#2878=VERTEX_POINT('',#8836);
#2879=VERTEX_POINT('',#8843);
#2880=VERTEX_POINT('',#8847);
#2881=VERTEX_POINT('',#8854);
#2882=VERTEX_POINT('',#8856);
#2883=VERTEX_POINT('',#8860);
#2884=VERTEX_POINT('',#8864);
#2885=VERTEX_POINT('',#8868);
#2886=VERTEX_POINT('',#8872);
#2887=VERTEX_POINT('',#8876);
#2888=VERTEX_POINT('',#8880);
#2889=VERTEX_POINT('',#8884);
#2890=VERTEX_POINT('',#8888);
#2891=VERTEX_POINT('',#8895);
#2892=VERTEX_POINT('',#8901);
#2893=VERTEX_POINT('',#8902);
#2894=VERTEX_POINT('',#8904);
#2895=VERTEX_POINT('',#8911);
#2896=VERTEX_POINT('',#8913);
#2897=VERTEX_POINT('',#8917);
#2898=VERTEX_POINT('',#8962);
#2899=VERTEX_POINT('',#8967);
#2900=VERTEX_POINT('',#9031);
#2901=VERTEX_POINT('',#9100);
#2902=VERTEX_POINT('',#9168);
#2903=VERTEX_POINT('',#9219);
#2904=VERTEX_POINT('',#9307);
#2905=VERTEX_POINT('',#9391);
#2906=VERTEX_POINT('',#9398);
#2907=VERTEX_POINT('',#9486);
#2908=VERTEX_POINT('',#9524);
#2909=VERTEX_POINT('',#9595);
#2910=VERTEX_POINT('',#9602);
#2911=VERTEX_POINT('',#9698);
#2912=VERTEX_POINT('',#9752);
#2913=VERTEX_POINT('',#9814);
#2914=VERTEX_POINT('',#9918);
#2915=VERTEX_POINT('',#9927);
#2916=VERTEX_POINT('',#10016);
#2917=VERTEX_POINT('',#10091);
#2918=VERTEX_POINT('',#10098);
#2919=VERTEX_POINT('',#10102);
#2920=VERTEX_POINT('',#10106);
#2921=VERTEX_POINT('',#10110);
#2922=VERTEX_POINT('',#10114);
#2923=VERTEX_POINT('',#10121);
#2924=VERTEX_POINT('',#10213);
#2925=VERTEX_POINT('',#10277);
#2926=VERTEX_POINT('',#10343);
#2927=VERTEX_POINT('',#10353);
#2928=VERTEX_POINT('',#10355);
#2929=VERTEX_POINT('',#10359);
#2930=VERTEX_POINT('',#10363);
#2931=VERTEX_POINT('',#10367);
#2932=VERTEX_POINT('',#10371);
#2933=LINE('',#5405,#3145);
#2934=LINE('',#5410,#3146);
#2935=LINE('',#5447,#3147);
#2936=LINE('',#5451,#3148);
#2937=LINE('',#5555,#3149);
#2938=LINE('',#5578,#3150);
#2939=LINE('',#5583,#3151);
#2940=LINE('',#5587,#3152);
#2941=LINE('',#5591,#3153);
#2942=LINE('',#5595,#3154);
#2943=LINE('',#5600,#3155);
#2944=LINE('',#5710,#3156);
#2945=LINE('',#5724,#3157);
#2946=LINE('',#5790,#3158);
#2947=LINE('',#5795,#3159);
#2948=LINE('',#5799,#3160);
#2949=LINE('',#5803,#3161);
#2950=LINE('',#5807,#3162);
#2951=LINE('',#5811,#3163);
#2952=LINE('',#5815,#3164);
#2953=LINE('',#5819,#3165);
#2954=LINE('',#5823,#3166);
#2955=LINE('',#5827,#3167);
#2956=LINE('',#5831,#3168);
#2957=LINE('',#5835,#3169);
#2958=LINE('',#5839,#3170);
#2959=LINE('',#5843,#3171);
#2960=LINE('',#5847,#3172);
#2961=LINE('',#5851,#3173);
#2962=LINE('',#5855,#3174);
#2963=LINE('',#5859,#3175);
#2964=LINE('',#5863,#3176);
#2965=LINE('',#5867,#3177);
#2966=LINE('',#5870,#3178);
#2967=LINE('',#5875,#3179);
#2968=LINE('',#5925,#3180);
#2969=LINE('',#5929,#3181);
#2970=LINE('',#5951,#3182);
#2971=LINE('',#5953,#3183);
#2972=LINE('',#5959,#3184);
#2973=LINE('',#5985,#3185);
#2974=LINE('',#5986,#3186);
#2975=LINE('',#5988,#3187);
#2976=LINE('',#5995,#3188);
#2977=LINE('',#6002,#3189);
#2978=LINE('',#6009,#3190);
#2979=LINE('',#6016,#3191);
#2980=LINE('',#6023,#3192);
#2981=LINE('',#6030,#3193);
#2982=LINE('',#6055,#3194);
#2983=LINE('',#6056,#3195);
#2984=LINE('',#6077,#3196);
#2985=LINE('',#6078,#3197);
#2986=LINE('',#6099,#3198);
#2987=LINE('',#6100,#3199);
#2988=LINE('',#6121,#3200);
#2989=LINE('',#6122,#3201);
#2990=LINE('',#6143,#3202);
#2991=LINE('',#6144,#3203);
#2992=LINE('',#6165,#3204);
#2993=LINE('',#6166,#3205);
#2994=LINE('',#6175,#3206);
#2995=LINE('',#6176,#3207);
#2996=LINE('',#6194,#3208);
#2997=LINE('',#6219,#3209);
#2998=LINE('',#6223,#3210);
#2999=LINE('',#6224,#3211);
#3000=LINE('',#6228,#3212);
#3001=LINE('',#6229,#3213);
#3002=LINE('',#6230,#3214);
#3003=LINE('',#6234,#3215);
#3004=LINE('',#6238,#3216);
#3005=LINE('',#6239,#3217);
#3006=LINE('',#6240,#3218);
#3007=LINE('',#6244,#3219);
#3008=LINE('',#6248,#3220);
#3009=LINE('',#6249,#3221);
#3010=LINE('',#6250,#3222);
#3011=LINE('',#6254,#3223);
#3012=LINE('',#6258,#3224);
#3013=LINE('',#6259,#3225);
#3014=LINE('',#6260,#3226);
#3015=LINE('',#6264,#3227);
#3016=LINE('',#6268,#3228);
#3017=LINE('',#6269,#3229);
#3018=LINE('',#6270,#3230);
#3019=LINE('',#6274,#3231);
#3020=LINE('',#6278,#3232);
#3021=LINE('',#6279,#3233);
#3022=LINE('',#6280,#3234);
#3023=LINE('',#6284,#3235);
#3024=LINE('',#6288,#3236);
#3025=LINE('',#6289,#3237);
#3026=LINE('',#6290,#3238);
#3027=LINE('',#6294,#3239);
#3028=LINE('',#6298,#3240);
#3029=LINE('',#6302,#3241);
#3030=LINE('',#6303,#3242);
#3031=LINE('',#6307,#3243);
#3032=LINE('',#6311,#3244);
#3033=LINE('',#6313,#3245);
#3034=LINE('',#6314,#3246);
#3035=LINE('',#6327,#3247);
#3036=LINE('',#6331,#3248);
#3037=LINE('',#6333,#3249);
#3038=LINE('',#6334,#3250);
#3039=LINE('',#6336,#3251);
#3040=LINE('',#6340,#3252);
#3041=LINE('',#6344,#3253);
#3042=LINE('',#6346,#3254);
#3043=LINE('',#6347,#3255);
#3044=LINE('',#6349,#3256);
#3045=LINE('',#6352,#3257);
#3046=LINE('',#6356,#3258);
#3047=LINE('',#6358,#3259);
#3048=LINE('',#6359,#3260);
#3049=LINE('',#6361,#3261);
#3050=LINE('',#6364,#3262);
#3051=LINE('',#6368,#3263);
#3052=LINE('',#6370,#3264);
#3053=LINE('',#6371,#3265);
#3054=LINE('',#6373,#3266);
#3055=LINE('',#6376,#3267);
#3056=LINE('',#6380,#3268);
#3057=LINE('',#6382,#3269);
#3058=LINE('',#6383,#3270);
#3059=LINE('',#6385,#3271);
#3060=LINE('',#6388,#3272);
#3061=LINE('',#6392,#3273);
#3062=LINE('',#6394,#3274);
#3063=LINE('',#6395,#3275);
#3064=LINE('',#6397,#3276);
#3065=LINE('',#6400,#3277);
#3066=LINE('',#6404,#3278);
#3067=LINE('',#6406,#3279);
#3068=LINE('',#6407,#3280);
#3069=LINE('',#6409,#3281);
#3070=LINE('',#6412,#3282);
#3071=LINE('',#6416,#3283);
#3072=LINE('',#6418,#3284);
#3073=LINE('',#6419,#3285);
#3074=LINE('',#6421,#3286);
#3075=LINE('',#6431,#3287);
#3076=LINE('',#6433,#3288);
#3077=LINE('',#6436,#3289);
#3078=LINE('',#6437,#3290);
#3079=LINE('',#6439,#3291);
#3080=LINE('',#6441,#3292);
#3081=LINE('',#6443,#3293);
#3082=LINE('',#6445,#3294);
#3083=LINE('',#6446,#3295);
#3084=LINE('',#6450,#3296);
#3085=LINE('',#6452,#3297);
#3086=LINE('',#6454,#3298);
#3087=LINE('',#6533,#3299);
#3088=LINE('',#6537,#3300);
#3089=LINE('',#6539,#3301);
#3090=LINE('',#6599,#3302);
#3091=LINE('',#6603,#3303);
#3092=LINE('',#6605,#3304);
#3093=LINE('',#6607,#3305);
#3094=LINE('',#6611,#3306);
#3095=LINE('',#6613,#3307);
#3096=LINE('',#7730,#3308);
#3097=LINE('',#7732,#3309);
#3098=LINE('',#7748,#3310);
#3099=LINE('',#7752,#3311);
#3100=LINE('',#7756,#3312);
#3101=LINE('',#7758,#3313);
#3102=LINE('',#7760,#3314);
#3103=LINE('',#7765,#3315);
#3104=LINE('',#8043,#3316);
#3105=LINE('',#8361,#3317);
#3106=LINE('',#8363,#3318);
#3107=LINE('',#8365,#3319);
#3108=LINE('',#8369,#3320);
#3109=LINE('',#8844,#3321);
#3110=LINE('',#8848,#3322);
#3111=LINE('',#8853,#3323);
#3112=LINE('',#8855,#3324);
#3113=LINE('',#8857,#3325);
#3114=LINE('',#8861,#3326);
#3115=LINE('',#8863,#3327);
#3116=LINE('',#8865,#3328);
#3117=LINE('',#8869,#3329);
#3118=LINE('',#8871,#3330);
#3119=LINE('',#8873,#3331);
#3120=LINE('',#8877,#3332);
#3121=LINE('',#8879,#3333);
#3122=LINE('',#8881,#3334);
#3123=LINE('',#8885,#3335);
#3124=LINE('',#8887,#3336);
#3125=LINE('',#8896,#3337);
#3126=LINE('',#8905,#3338);
#3127=LINE('',#8912,#3339);
#3128=LINE('',#8914,#3340);
#3129=LINE('',#8918,#3341);
#3130=LINE('',#9601,#3342);
#3131=LINE('',#10099,#3343);
#3132=LINE('',#10103,#3344);
#3133=LINE('',#10105,#3345);
#3134=LINE('',#10107,#3346);
#3135=LINE('',#10111,#3347);
#3136=LINE('',#10113,#3348);
#3137=LINE('',#10352,#3349);
#3138=LINE('',#10354,#3350);
#3139=LINE('',#10356,#3351);
#3140=LINE('',#10360,#3352);
#3141=LINE('',#10362,#3353);
#3142=LINE('',#10364,#3354);
#3143=LINE('',#10368,#3355);
#3144=LINE('',#10372,#3356);
#3145=VECTOR('',#4485,1.);
#3146=VECTOR('',#4488,1.);
#3147=VECTOR('',#4499,1.);
#3148=VECTOR('',#4502,1.);
#3149=VECTOR('',#4509,1.);
#3150=VECTOR('',#4512,1.);
#3151=VECTOR('',#4515,1.);
#3152=VECTOR('',#4518,1.);
#3153=VECTOR('',#4521,1.);
#3154=VECTOR('',#4524,1.);
#3155=VECTOR('',#4529,1.);
#3156=VECTOR('',#4548,1.);
#3157=VECTOR('',#4555,1.);
#3158=VECTOR('',#4560,1.);
#3159=VECTOR('',#4563,1.);
#3160=VECTOR('',#4566,1.);
#3161=VECTOR('',#4569,1.);
#3162=VECTOR('',#4572,1.);
#3163=VECTOR('',#4575,1.);
#3164=VECTOR('',#4578,1.);
#3165=VECTOR('',#4581,1.);
#3166=VECTOR('',#4584,1.);
#3167=VECTOR('',#4587,1.);
#3168=VECTOR('',#4590,1.);
#3169=VECTOR('',#4593,1.);
#3170=VECTOR('',#4596,1.);
#3171=VECTOR('',#4599,1.);
#3172=VECTOR('',#4602,1.);
#3173=VECTOR('',#4605,1.);
#3174=VECTOR('',#4608,1.);
#3175=VECTOR('',#4611,1.);
#3176=VECTOR('',#4614,1.);
#3177=VECTOR('',#4617,1.);
#3178=VECTOR('',#4620,1.);
#3179=VECTOR('',#4623,1.);
#3180=VECTOR('',#4630,1.);
#3181=VECTOR('',#4633,1.);
#3182=VECTOR('',#4638,1.);
#3183=VECTOR('',#4639,1.);
#3184=VECTOR('',#4644,1.);
#3185=VECTOR('',#4653,1.);
#3186=VECTOR('',#4654,1.);
#3187=VECTOR('',#4657,1.);
#3188=VECTOR('',#4664,1.);
#3189=VECTOR('',#4671,1.);
#3190=VECTOR('',#4678,1.);
#3191=VECTOR('',#4685,1.);
#3192=VECTOR('',#4692,1.);
#3193=VECTOR('',#4699,1.);
#3194=VECTOR('',#4714,1.);
#3195=VECTOR('',#4715,1.);
#3196=VECTOR('',#4728,1.);
#3197=VECTOR('',#4729,1.);
#3198=VECTOR('',#4742,1.);
#3199=VECTOR('',#4743,1.);
#3200=VECTOR('',#4756,1.);
#3201=VECTOR('',#4757,1.);
#3202=VECTOR('',#4770,1.);
#3203=VECTOR('',#4771,1.);
#3204=VECTOR('',#4784,1.);
#3205=VECTOR('',#4785,1.);
#3206=VECTOR('',#4794,1.);
#3207=VECTOR('',#4795,1.);
#3208=VECTOR('',#4806,1.);
#3209=VECTOR('',#4835,1.);
#3210=VECTOR('',#4838,1.);
#3211=VECTOR('',#4839,1.);
#3212=VECTOR('',#4842,1.);
#3213=VECTOR('',#4843,1.);
#3214=VECTOR('',#4844,1.);
#3215=VECTOR('',#4847,1.);
#3216=VECTOR('',#4850,1.);
#3217=VECTOR('',#4851,1.);
#3218=VECTOR('',#4852,1.);
#3219=VECTOR('',#4855,1.);
#3220=VECTOR('',#4858,1.);
#3221=VECTOR('',#4859,1.);
#3222=VECTOR('',#4860,1.);
#3223=VECTOR('',#4863,1.);
#3224=VECTOR('',#4866,1.);
#3225=VECTOR('',#4867,1.);
#3226=VECTOR('',#4868,1.);
#3227=VECTOR('',#4871,1.);
#3228=VECTOR('',#4874,1.);
#3229=VECTOR('',#4875,1.);
#3230=VECTOR('',#4876,1.);
#3231=VECTOR('',#4879,1.);
#3232=VECTOR('',#4882,1.);
#3233=VECTOR('',#4883,1.);
#3234=VECTOR('',#4884,1.);
#3235=VECTOR('',#4887,1.);
#3236=VECTOR('',#4890,1.);
#3237=VECTOR('',#4891,1.);
#3238=VECTOR('',#4892,1.);
#3239=VECTOR('',#4895,1.);
#3240=VECTOR('',#4898,1.);
#3241=VECTOR('',#4901,1.);
#3242=VECTOR('',#4902,1.);
#3243=VECTOR('',#4905,1.);
#3244=VECTOR('',#4908,1.);
#3245=VECTOR('',#4911,1.);
#3246=VECTOR('',#4912,1.);
#3247=VECTOR('',#4919,1.);
#3248=VECTOR('',#4924,1.);
#3249=VECTOR('',#4927,1.);
#3250=VECTOR('',#4928,1.);
#3251=VECTOR('',#4931,1.);
#3252=VECTOR('',#4938,1.);
#3253=VECTOR('',#4943,1.);
#3254=VECTOR('',#4946,1.);
#3255=VECTOR('',#4947,1.);
#3256=VECTOR('',#4950,1.);
#3257=VECTOR('',#4955,1.);
#3258=VECTOR('',#4960,1.);
#3259=VECTOR('',#4963,1.);
#3260=VECTOR('',#4964,1.);
#3261=VECTOR('',#4967,1.);
#3262=VECTOR('',#4972,1.);
#3263=VECTOR('',#4977,1.);
#3264=VECTOR('',#4980,1.);
#3265=VECTOR('',#4981,1.);
#3266=VECTOR('',#4984,1.);
#3267=VECTOR('',#4989,1.);
#3268=VECTOR('',#4994,1.);
#3269=VECTOR('',#4997,1.);
#3270=VECTOR('',#4998,1.);
#3271=VECTOR('',#5001,1.);
#3272=VECTOR('',#5006,1.);
#3273=VECTOR('',#5011,1.);
#3274=VECTOR('',#5014,1.);
#3275=VECTOR('',#5015,1.);
#3276=VECTOR('',#5018,1.);
#3277=VECTOR('',#5023,1.);
#3278=VECTOR('',#5028,1.);
#3279=VECTOR('',#5031,1.);
#3280=VECTOR('',#5032,1.);
#3281=VECTOR('',#5035,1.);
#3282=VECTOR('',#5040,1.);
#3283=VECTOR('',#5045,1.);
#3284=VECTOR('',#5048,1.);
#3285=VECTOR('',#5049,1.);
#3286=VECTOR('',#5052,1.);
#3287=VECTOR('',#5071,1.);
#3288=VECTOR('',#5074,1.);
#3289=VECTOR('',#5079,1.);
#3290=VECTOR('',#5080,1.);
#3291=VECTOR('',#5081,1.);
#3292=VECTOR('',#5084,1.);
#3293=VECTOR('',#5085,1.);
#3294=VECTOR('',#5088,1.);
#3295=VECTOR('',#5089,1.);
#3296=VECTOR('',#5096,1.);
#3297=VECTOR('',#5097,1.);
#3298=VECTOR('',#5098,1.);
#3299=VECTOR('',#5113,1.);
#3300=VECTOR('',#5118,1.);
#3301=VECTOR('',#5119,1.);
#3302=VECTOR('',#5132,1.);
#3303=VECTOR('',#5137,1.);
#3304=VECTOR('',#5138,1.);
#3305=VECTOR('',#5141,1.);
#3306=VECTOR('',#5146,1.);
#3307=VECTOR('',#5147,1.);
#3308=VECTOR('',#5170,1.);
#3309=VECTOR('',#5171,1.);
#3310=VECTOR('',#5180,1.);
#3311=VECTOR('',#5185,1.);
#3312=VECTOR('',#5190,1.);
#3313=VECTOR('',#5193,1.);
#3314=VECTOR('',#5194,1.);
#3315=VECTOR('',#5203,1.);
#3316=VECTOR('',#5210,1.);
#3317=VECTOR('',#5221,1.);
#3318=VECTOR('',#5222,1.);
#3319=VECTOR('',#5223,1.);
#3320=VECTOR('',#5228,1.);
#3321=VECTOR('',#5245,1.);
#3322=VECTOR('',#5250,1.);
#3323=VECTOR('',#5259,1.);
#3324=VECTOR('',#5260,1.);
#3325=VECTOR('',#5261,1.);
#3326=VECTOR('',#5266,1.);
#3327=VECTOR('',#5269,1.);
#3328=VECTOR('',#5270,1.);
#3329=VECTOR('',#5275,1.);
#3330=VECTOR('',#5278,1.);
#3331=VECTOR('',#5279,1.);
#3332=VECTOR('',#5284,1.);
#3333=VECTOR('',#5287,1.);
#3334=VECTOR('',#5288,1.);
#3335=VECTOR('',#5293,1.);
#3336=VECTOR('',#5296,1.);
#3337=VECTOR('',#5301,1.);
#3338=VECTOR('',#5312,1.);
#3339=VECTOR('',#5315,1.);
#3340=VECTOR('',#5316,1.);
#3341=VECTOR('',#5321,1.);
#3342=VECTOR('',#5334,1.);
#3343=VECTOR('',#5345,1.);
#3344=VECTOR('',#5350,1.);
#3345=VECTOR('',#5353,1.);
#3346=VECTOR('',#5354,1.);
#3347=VECTOR('',#5359,1.);
#3348=VECTOR('',#5362,1.);
#3349=VECTOR('',#5375,1.);
#3350=VECTOR('',#5376,1.);
#3351=VECTOR('',#5377,1.);
#3352=VECTOR('',#5382,1.);
#3353=VECTOR('',#5385,1.);
#3354=VECTOR('',#5386,1.);
#3355=VECTOR('',#5391,1.);
#3356=VECTOR('',#5396,1.);
#3357=EDGE_LOOP('',(#679,#680,#681,#682,#683,#684));
#3358=EDGE_LOOP('',(#685,#686,#687,#688,#689,#690,#691,#692,#693,#694,#695,
#696,#697));
#3359=EDGE_LOOP('',(#698,#699,#700,#701,#702,#703,#704,#705,#706,#707,#708,
#709,#710,#711,#712,#713));
#3360=EDGE_LOOP('',(#714,#715,#716,#717,#718,#719,#720,#721,#722,#723,#724));
#3361=EDGE_LOOP('',(#725,#726,#727,#728,#729,#730,#731,#732,#733,#734,#735,
#736,#737,#738,#739));
#3362=EDGE_LOOP('',(#740,#741,#742,#743,#744,#745,#746));
#3363=EDGE_LOOP('',(#747,#748,#749,#750,#751,#752,#753));
#3364=EDGE_LOOP('',(#754,#755,#756,#757,#758,#759,#760,#761));
#3365=EDGE_LOOP('',(#762));
#3366=EDGE_LOOP('',(#763,#764,#765,#766,#767,#768,#769,#770,#771,#772,#773,
#774,#775,#776,#777,#778,#779,#780,#781,#782,#783,#784,#785,#786,#787,#788,
#789,#790,#791,#792,#793,#794,#795,#796,#797,#798,#799,#800,#801,#802));
#3367=EDGE_LOOP('',(#803,#804,#805,#806,#807,#808,#809,#810,#811,#812));
#3368=EDGE_LOOP('',(#813,#814,#815,#816,#817,#818,#819,#820,#821,#822));
#3369=EDGE_LOOP('',(#823));
#3370=EDGE_LOOP('',(#824,#825,#826,#827,#828,#829));
#3371=EDGE_LOOP('',(#830,#831,#832,#833,#834,#835,#836));
#3372=EDGE_LOOP('',(#837,#838,#839,#840));
#3373=EDGE_LOOP('',(#841,#842,#843));
#3374=EDGE_LOOP('',(#844,#845,#846));
#3375=EDGE_LOOP('',(#847,#848,#849));
#3376=EDGE_LOOP('',(#850,#851,#852));
#3377=EDGE_LOOP('',(#853,#854,#855));
#3378=EDGE_LOOP('',(#856,#857,#858));
#3379=EDGE_LOOP('',(#859,#860,#861));
#3380=EDGE_LOOP('',(#862,#863,#864,#865));
#3381=EDGE_LOOP('',(#866,#867,#868,#869,#870,#871));
#3382=EDGE_LOOP('',(#872,#873,#874,#875));
#3383=EDGE_LOOP('',(#876,#877,#878,#879,#880,#881));
#3384=EDGE_LOOP('',(#882,#883,#884,#885));
#3385=EDGE_LOOP('',(#886,#887,#888,#889,#890,#891));
#3386=EDGE_LOOP('',(#892,#893,#894,#895));
#3387=EDGE_LOOP('',(#896,#897,#898,#899,#900,#901));
#3388=EDGE_LOOP('',(#902,#903,#904,#905));
#3389=EDGE_LOOP('',(#906,#907,#908,#909,#910,#911));
#3390=EDGE_LOOP('',(#912,#913,#914,#915));
#3391=EDGE_LOOP('',(#916,#917,#918,#919,#920,#921));
#3392=EDGE_LOOP('',(#922,#923,#924,#925,#926,#927));
#3393=EDGE_LOOP('',(#928,#929,#930,#931));
#3394=EDGE_LOOP('',(#932,#933,#934));
#3395=EDGE_LOOP('',(#935));
#3396=EDGE_LOOP('',(#936));
#3397=EDGE_LOOP('',(#937));
#3398=EDGE_LOOP('',(#938));
#3399=EDGE_LOOP('',(#939));
#3400=EDGE_LOOP('',(#940));
#3401=EDGE_LOOP('',(#941));
#3402=EDGE_LOOP('',(#942));
#3403=EDGE_LOOP('',(#943));
#3404=EDGE_LOOP('',(#944));
#3405=EDGE_LOOP('',(#945,#946,#947,#948));
#3406=EDGE_LOOP('',(#949,#950,#951,#952,#953,#954,#955,#956,#957,#958,#959,
#960,#961,#962,#963,#964,#965,#966,#967,#968,#969,#970,#971,#972,#973,#974,
#975,#976,#977,#978,#979,#980,#981,#982,#983,#984,#985,#986,#987,#988,#989,
#990,#991,#992,#993,#994,#995,#996,#997,#998,#999,#1000,#1001,#1002,#1003,
#1004,#1005,#1006,#1007,#1008,#1009,#1010,#1011,#1012,#1013,#1014,#1015,
#1016));
#3407=EDGE_LOOP('',(#1017));
#3408=EDGE_LOOP('',(#1018,#1019,#1020,#1021,#1022));
#3409=EDGE_LOOP('',(#1023,#1024,#1025,#1026));
#3410=EDGE_LOOP('',(#1027,#1028,#1029,#1030,#1031));
#3411=EDGE_LOOP('',(#1032,#1033,#1034,#1035,#1036));
#3412=EDGE_LOOP('',(#1037,#1038,#1039,#1040,#1041,#1042));
#3413=EDGE_LOOP('',(#1043,#1044,#1045,#1046,#1047,#1048));
#3414=EDGE_LOOP('',(#1049,#1050,#1051));
#3415=EDGE_LOOP('',(#1052,#1053,#1054,#1055));
#3416=EDGE_LOOP('',(#1056,#1057,#1058,#1059,#1060));
#3417=EDGE_LOOP('',(#1061,#1062,#1063,#1064,#1065));
#3418=EDGE_LOOP('',(#1066,#1067,#1068,#1069,#1070,#1071));
#3419=EDGE_LOOP('',(#1072,#1073,#1074,#1075,#1076,#1077));
#3420=EDGE_LOOP('',(#1078,#1079,#1080));
#3421=EDGE_LOOP('',(#1081,#1082,#1083,#1084,#1085));
#3422=EDGE_LOOP('',(#1086,#1087,#1088,#1089,#1090));
#3423=EDGE_LOOP('',(#1091,#1092,#1093,#1094,#1095,#1096));
#3424=EDGE_LOOP('',(#1097,#1098,#1099,#1100,#1101,#1102));
#3425=EDGE_LOOP('',(#1103,#1104,#1105));
#3426=EDGE_LOOP('',(#1106,#1107,#1108,#1109,#1110));
#3427=EDGE_LOOP('',(#1111,#1112,#1113,#1114,#1115));
#3428=EDGE_LOOP('',(#1116,#1117,#1118,#1119,#1120,#1121));
#3429=EDGE_LOOP('',(#1122,#1123,#1124,#1125,#1126,#1127));
#3430=EDGE_LOOP('',(#1128,#1129,#1130));
#3431=EDGE_LOOP('',(#1131,#1132,#1133,#1134,#1135));
#3432=EDGE_LOOP('',(#1136,#1137,#1138,#1139,#1140));
#3433=EDGE_LOOP('',(#1141,#1142,#1143,#1144,#1145,#1146));
#3434=EDGE_LOOP('',(#1147,#1148,#1149,#1150,#1151,#1152));
#3435=EDGE_LOOP('',(#1153,#1154,#1155));
#3436=EDGE_LOOP('',(#1156,#1157,#1158,#1159,#1160));
#3437=EDGE_LOOP('',(#1161,#1162,#1163,#1164,#1165));
#3438=EDGE_LOOP('',(#1166,#1167,#1168,#1169,#1170,#1171));
#3439=EDGE_LOOP('',(#1172,#1173,#1174,#1175,#1176,#1177));
#3440=EDGE_LOOP('',(#1178,#1179,#1180));
#3441=EDGE_LOOP('',(#1181,#1182,#1183,#1184,#1185));
#3442=EDGE_LOOP('',(#1186,#1187,#1188,#1189,#1190));
#3443=EDGE_LOOP('',(#1191,#1192,#1193,#1194,#1195,#1196));
#3444=EDGE_LOOP('',(#1197,#1198,#1199,#1200,#1201,#1202));
#3445=EDGE_LOOP('',(#1203,#1204,#1205));
#3446=EDGE_LOOP('',(#1206,#1207,#1208,#1209,#1210));
#3447=EDGE_LOOP('',(#1211,#1212,#1213,#1214,#1215));
#3448=EDGE_LOOP('',(#1216,#1217,#1218,#1219,#1220,#1221));
#3449=EDGE_LOOP('',(#1222,#1223,#1224,#1225,#1226,#1227));
#3450=EDGE_LOOP('',(#1228,#1229,#1230));
#3451=EDGE_LOOP('',(#1231,#1232,#1233,#1234));
#3452=EDGE_LOOP('',(#1235,#1236,#1237,#1238));
#3453=EDGE_LOOP('',(#1239,#1240,#1241,#1242));
#3454=EDGE_LOOP('',(#1243,#1244,#1245,#1246));
#3455=EDGE_LOOP('',(#1247,#1248,#1249,#1250));
#3456=EDGE_LOOP('',(#1251,#1252,#1253,#1254));
#3457=EDGE_LOOP('',(#1255,#1256,#1257,#1258));
#3458=EDGE_LOOP('',(#1259,#1260,#1261,#1262,#1263));
#3459=EDGE_LOOP('',(#1264,#1265,#1266,#1267,#1268));
#3460=EDGE_LOOP('',(#1269,#1270,#1271,#1272));
#3461=EDGE_LOOP('',(#1273,#1274,#1275,#1276,#1277,#1278));
#3462=EDGE_LOOP('',(#1279,#1280,#1281,#1282,#1283));
#3463=EDGE_LOOP('',(#1284,#1285,#1286,#1287,#1288,#1289,#1290));
#3464=EDGE_LOOP('',(#1291,#1292,#1293,#1294));
#3465=EDGE_LOOP('',(#1295,#1296,#1297,#1298));
#3466=EDGE_LOOP('',(#1299,#1300,#1301,#1302));
#3467=EDGE_LOOP('',(#1303,#1304,#1305,#1306));
#3468=EDGE_LOOP('',(#1307,#1308,#1309,#1310));
#3469=EDGE_LOOP('',(#1311,#1312,#1313,#1314));
#3470=EDGE_LOOP('',(#1315,#1316,#1317,#1318));
#3471=EDGE_LOOP('',(#1319,#1320,#1321,#1322));
#3472=EDGE_LOOP('',(#1323,#1324,#1325,#1326));
#3473=EDGE_LOOP('',(#1327,#1328,#1329,#1330));
#3474=EDGE_LOOP('',(#1331,#1332,#1333,#1334));
#3475=EDGE_LOOP('',(#1335,#1336,#1337,#1338));
#3476=EDGE_LOOP('',(#1339,#1340,#1341,#1342,#1343,#1344,#1345,#1346,#1347,
#1348));
#3477=EDGE_LOOP('',(#1349,#1350,#1351,#1352));
#3478=EDGE_LOOP('',(#1353,#1354,#1355,#1356));
#3479=EDGE_LOOP('',(#1357,#1358,#1359,#1360));
#3480=EDGE_LOOP('',(#1361,#1362,#1363,#1364));
#3481=EDGE_LOOP('',(#1365,#1366,#1367,#1368));
#3482=EDGE_LOOP('',(#1369,#1370,#1371,#1372));
#3483=EDGE_LOOP('',(#1373,#1374,#1375,#1376));
#3484=EDGE_LOOP('',(#1377,#1378,#1379,#1380));
#3485=EDGE_LOOP('',(#1381,#1382,#1383,#1384));
#3486=EDGE_LOOP('',(#1385,#1386,#1387,#1388));
#3487=EDGE_LOOP('',(#1389,#1390,#1391,#1392,#1393,#1394,#1395,#1396,#1397,
#1398));
#3488=EDGE_LOOP('',(#1399));
#3489=EDGE_LOOP('',(#1400));
#3490=EDGE_LOOP('',(#1401));
#3491=EDGE_LOOP('',(#1402,#1403,#1404,#1405));
#3492=EDGE_LOOP('',(#1406,#1407,#1408,#1409));
#3493=EDGE_LOOP('',(#1410,#1411,#1412,#1413));
#3494=EDGE_LOOP('',(#1414,#1415,#1416,#1417));
#3495=EDGE_LOOP('',(#1418,#1419,#1420,#1421));
#3496=EDGE_LOOP('',(#1422,#1423,#1424,#1425));
#3497=EDGE_LOOP('',(#1426,#1427,#1428,#1429));
#3498=EDGE_LOOP('',(#1430,#1431,#1432,#1433));
#3499=EDGE_LOOP('',(#1434,#1435,#1436,#1437));
#3500=EDGE_LOOP('',(#1438,#1439,#1440,#1441));
#3501=EDGE_LOOP('',(#1442,#1443,#1444,#1445,#1446,#1447,#1448,#1449));
#3502=EDGE_LOOP('',(#1450,#1451,#1452,#1453));
#3503=EDGE_LOOP('',(#1454,#1455,#1456,#1457));
#3504=EDGE_LOOP('',(#1458,#1459,#1460,#1461));
#3505=EDGE_LOOP('',(#1462,#1463,#1464,#1465));
#3506=EDGE_LOOP('',(#1466,#1467,#1468,#1469));
#3507=EDGE_LOOP('',(#1470,#1471,#1472,#1473));
#3508=EDGE_LOOP('',(#1474,#1475,#1476,#1477));
#3509=EDGE_LOOP('',(#1478,#1479,#1480,#1481));
#3510=EDGE_LOOP('',(#1482,#1483,#1484,#1485));
#3511=EDGE_LOOP('',(#1486,#1487,#1488,#1489));
#3512=EDGE_LOOP('',(#1490,#1491,#1492,#1493));
#3513=EDGE_LOOP('',(#1494,#1495,#1496,#1497));
#3514=EDGE_LOOP('',(#1498,#1499,#1500,#1501));
#3515=EDGE_LOOP('',(#1502,#1503,#1504,#1505));
#3516=EDGE_LOOP('',(#1506,#1507,#1508,#1509));
#3517=EDGE_LOOP('',(#1510,#1511,#1512,#1513));
#3518=EDGE_LOOP('',(#1514,#1515,#1516,#1517));
#3519=EDGE_LOOP('',(#1518,#1519,#1520,#1521,#1522,#1523,#1524));
#3520=EDGE_LOOP('',(#1525,#1526,#1527,#1528));
#3521=EDGE_LOOP('',(#1529,#1530,#1531,#1532));
#3522=EDGE_LOOP('',(#1533,#1534,#1535,#1536));
#3523=EDGE_LOOP('',(#1537,#1538,#1539,#1540));
#3524=EDGE_LOOP('',(#1541,#1542,#1543,#1544));
#3525=EDGE_LOOP('',(#1545,#1546,#1547,#1548));
#3526=EDGE_LOOP('',(#1549,#1550,#1551,#1552));
#3527=EDGE_LOOP('',(#1553,#1554,#1555,#1556));
#3528=EDGE_LOOP('',(#1557,#1558,#1559,#1560,#1561,#1562,#1563));
#3529=EDGE_LOOP('',(#1564,#1565,#1566,#1567));
#3530=EDGE_LOOP('',(#1568,#1569,#1570,#1571));
#3531=EDGE_LOOP('',(#1572,#1573,#1574,#1575));
#3532=EDGE_LOOP('',(#1576,#1577,#1578,#1579));
#3533=EDGE_LOOP('',(#1580,#1581,#1582,#1583));
#3534=EDGE_LOOP('',(#1584,#1585,#1586,#1587));
#3535=EDGE_LOOP('',(#1588,#1589,#1590,#1591));
#3536=EDGE_LOOP('',(#1592,#1593,#1594,#1595));
#3537=EDGE_LOOP('',(#1596,#1597,#1598,#1599));
#3538=EDGE_LOOP('',(#1600,#1601,#1602,#1603));
#3539=EDGE_LOOP('',(#1604,#1605,#1606,#1607));
#3540=EDGE_LOOP('',(#1608,#1609,#1610,#1611));
#3541=EDGE_LOOP('',(#1612,#1613,#1614,#1615));
#3542=EDGE_LOOP('',(#1616,#1617,#1618,#1619));
#3543=EDGE_LOOP('',(#1620,#1621,#1622,#1623));
#3544=EDGE_LOOP('',(#1624,#1625,#1626,#1627));
#3545=EDGE_LOOP('',(#1628,#1629,#1630,#1631));
#3546=EDGE_LOOP('',(#1632,#1633,#1634,#1635));
#3547=EDGE_LOOP('',(#1636,#1637,#1638,#1639));
#3548=EDGE_LOOP('',(#1640,#1641,#1642,#1643));
#3549=EDGE_LOOP('',(#1644,#1645,#1646,#1647,#1648,#1649,#1650,#1651,#1652,
#1653,#1654,#1655,#1656,#1657,#1658));
#3550=EDGE_LOOP('',(#1659,#1660,#1661,#1662));
#3551=EDGE_LOOP('',(#1663,#1664,#1665,#1666));
#3552=EDGE_LOOP('',(#1667,#1668,#1669,#1670));
#3553=EDGE_LOOP('',(#1671,#1672,#1673,#1674));
#3554=EDGE_LOOP('',(#1675,#1676,#1677,#1678));
#3555=EDGE_LOOP('',(#1679,#1680,#1681,#1682));
#3556=EDGE_LOOP('',(#1683,#1684,#1685,#1686));
#3557=EDGE_LOOP('',(#1687,#1688,#1689,#1690));
#3558=EDGE_LOOP('',(#1691,#1692,#1693,#1694));
#3559=EDGE_LOOP('',(#1695,#1696,#1697,#1698));
#3560=EDGE_LOOP('',(#1699,#1700,#1701,#1702));
#3561=EDGE_LOOP('',(#1703,#1704,#1705));
#3562=EDGE_LOOP('',(#1706,#1707,#1708,#1709,#1710,#1711,#1712,#1713,#1714,
#1715,#1716));
#3563=EDGE_LOOP('',(#1717,#1718,#1719,#1720));
#3564=EDGE_LOOP('',(#1721,#1722,#1723,#1724));
#3565=EDGE_LOOP('',(#1725,#1726,#1727,#1728));
#3566=EDGE_LOOP('',(#1729,#1730,#1731));
#3567=EDGE_LOOP('',(#1732,#1733,#1734,#1735));
#3568=EDGE_LOOP('',(#1736,#1737,#1738,#1739));
#3569=EDGE_LOOP('',(#1740,#1741,#1742,#1743));
#3570=EDGE_LOOP('',(#1744,#1745,#1746,#1747));
#3571=EDGE_LOOP('',(#1748,#1749,#1750,#1751));
#3572=EDGE_LOOP('',(#1752,#1753,#1754,#1755));
#3573=EDGE_LOOP('',(#1756,#1757,#1758,#1759));
#3574=EDGE_LOOP('',(#1760,#1761,#1762,#1763));
#3575=EDGE_LOOP('',(#1764,#1765,#1766,#1767));
#3576=EDGE_LOOP('',(#1768,#1769,#1770,#1771));
#3577=EDGE_LOOP('',(#1772,#1773,#1774,#1775));
#3578=EDGE_LOOP('',(#1776,#1777,#1778,#1779));
#3579=EDGE_LOOP('',(#1780,#1781,#1782,#1783));
#3580=EDGE_LOOP('',(#1784,#1785,#1786,#1787));
#3581=EDGE_LOOP('',(#1788,#1789,#1790,#1791));
#3582=EDGE_LOOP('',(#1792,#1793,#1794,#1795));
#3583=EDGE_LOOP('',(#1796,#1797,#1798,#1799,#1800,#1801,#1802,#1803,#1804,
#1805,#1806,#1807,#1808,#1809,#1810,#1811));
#3584=EDGE_LOOP('',(#1812,#1813,#1814,#1815));
#3585=EDGE_LOOP('',(#1816,#1817,#1818,#1819));
#3586=EDGE_LOOP('',(#1820,#1821,#1822,#1823));
#3587=EDGE_LOOP('',(#1824,#1825,#1826,#1827));
#3588=EDGE_LOOP('',(#1828,#1829,#1830,#1831));
#3589=EDGE_LOOP('',(#1832,#1833,#1834,#1835));
#3590=EDGE_LOOP('',(#1836,#1837,#1838,#1839));
#3591=EDGE_LOOP('',(#1840,#1841,#1842,#1843));
#3592=EDGE_LOOP('',(#1844,#1845,#1846,#1847));
#3593=EDGE_LOOP('',(#1848,#1849,#1850,#1851));
#3594=EDGE_LOOP('',(#1852,#1853,#1854,#1855));
#3595=EDGE_LOOP('',(#1856,#1857,#1858,#1859));
#3596=EDGE_LOOP('',(#1860,#1861,#1862,#1863));
#3597=EDGE_LOOP('',(#1864,#1865,#1866,#1867,#1868,#1869,#1870,#1871,#1872,
#1873,#1874,#1875,#1876));
#3598=EDGE_LOOP('',(#1877,#1878,#1879,#1880));
#3599=EDGE_LOOP('',(#1881,#1882,#1883,#1884));
#3600=EDGE_LOOP('',(#1885,#1886,#1887,#1888));
#3601=EDGE_LOOP('',(#1889,#1890,#1891,#1892));
#3602=EDGE_LOOP('',(#1893,#1894,#1895,#1896));
#3603=EDGE_LOOP('',(#1897,#1898,#1899,#1900));
#3604=EDGE_LOOP('',(#1901,#1902,#1903,#1904,#1905,#1906));
#3605=FACE_BOUND('',#3357,.T.);
#3606=FACE_BOUND('',#3358,.T.);
#3607=FACE_BOUND('',#3359,.T.);
#3608=FACE_BOUND('',#3360,.T.);
#3609=FACE_BOUND('',#3361,.T.);
#3610=FACE_BOUND('',#3362,.T.);
#3611=FACE_BOUND('',#3363,.T.);
#3612=FACE_BOUND('',#3364,.T.);
#3613=FACE_BOUND('',#3365,.T.);
#3614=FACE_BOUND('',#3366,.T.);
#3615=FACE_BOUND('',#3367,.T.);
#3616=FACE_BOUND('',#3368,.T.);
#3617=FACE_BOUND('',#3369,.T.);
#3618=FACE_BOUND('',#3370,.T.);
#3619=FACE_BOUND('',#3371,.T.);
#3620=FACE_BOUND('',#3372,.T.);
#3621=FACE_BOUND('',#3373,.T.);
#3622=FACE_BOUND('',#3374,.T.);
#3623=FACE_BOUND('',#3375,.T.);
#3624=FACE_BOUND('',#3376,.T.);
#3625=FACE_BOUND('',#3377,.T.);
#3626=FACE_BOUND('',#3378,.T.);
#3627=FACE_BOUND('',#3379,.T.);
#3628=FACE_BOUND('',#3380,.T.);
#3629=FACE_BOUND('',#3381,.T.);
#3630=FACE_BOUND('',#3382,.T.);
#3631=FACE_BOUND('',#3383,.T.);
#3632=FACE_BOUND('',#3384,.T.);
#3633=FACE_BOUND('',#3385,.T.);
#3634=FACE_BOUND('',#3386,.T.);
#3635=FACE_BOUND('',#3387,.T.);
#3636=FACE_BOUND('',#3388,.T.);
#3637=FACE_BOUND('',#3389,.T.);
#3638=FACE_BOUND('',#3390,.T.);
#3639=FACE_BOUND('',#3391,.T.);
#3640=FACE_BOUND('',#3392,.T.);
#3641=FACE_BOUND('',#3393,.T.);
#3642=FACE_BOUND('',#3394,.T.);
#3643=FACE_BOUND('',#3395,.T.);
#3644=FACE_BOUND('',#3396,.T.);
#3645=FACE_BOUND('',#3397,.T.);
#3646=FACE_BOUND('',#3398,.T.);
#3647=FACE_BOUND('',#3399,.T.);
#3648=FACE_BOUND('',#3400,.T.);
#3649=FACE_BOUND('',#3401,.T.);
#3650=FACE_BOUND('',#3402,.T.);
#3651=FACE_BOUND('',#3403,.T.);
#3652=FACE_BOUND('',#3404,.T.);
#3653=FACE_BOUND('',#3405,.T.);
#3654=FACE_BOUND('',#3406,.T.);
#3655=FACE_BOUND('',#3407,.T.);
#3656=FACE_BOUND('',#3408,.T.);
#3657=FACE_BOUND('',#3409,.T.);
#3658=FACE_BOUND('',#3410,.T.);
#3659=FACE_BOUND('',#3411,.T.);
#3660=FACE_BOUND('',#3412,.T.);
#3661=FACE_BOUND('',#3413,.T.);
#3662=FACE_BOUND('',#3414,.T.);
#3663=FACE_BOUND('',#3415,.T.);
#3664=FACE_BOUND('',#3416,.T.);
#3665=FACE_BOUND('',#3417,.T.);
#3666=FACE_BOUND('',#3418,.T.);
#3667=FACE_BOUND('',#3419,.T.);
#3668=FACE_BOUND('',#3420,.T.);
#3669=FACE_BOUND('',#3421,.T.);
#3670=FACE_BOUND('',#3422,.T.);
#3671=FACE_BOUND('',#3423,.T.);
#3672=FACE_BOUND('',#3424,.T.);
#3673=FACE_BOUND('',#3425,.T.);
#3674=FACE_BOUND('',#3426,.T.);
#3675=FACE_BOUND('',#3427,.T.);
#3676=FACE_BOUND('',#3428,.T.);
#3677=FACE_BOUND('',#3429,.T.);
#3678=FACE_BOUND('',#3430,.T.);
#3679=FACE_BOUND('',#3431,.T.);
#3680=FACE_BOUND('',#3432,.T.);
#3681=FACE_BOUND('',#3433,.T.);
#3682=FACE_BOUND('',#3434,.T.);
#3683=FACE_BOUND('',#3435,.T.);
#3684=FACE_BOUND('',#3436,.T.);
#3685=FACE_BOUND('',#3437,.T.);
#3686=FACE_BOUND('',#3438,.T.);
#3687=FACE_BOUND('',#3439,.T.);
#3688=FACE_BOUND('',#3440,.T.);
#3689=FACE_BOUND('',#3441,.T.);
#3690=FACE_BOUND('',#3442,.T.);
#3691=FACE_BOUND('',#3443,.T.);
#3692=FACE_BOUND('',#3444,.T.);
#3693=FACE_BOUND('',#3445,.T.);
#3694=FACE_BOUND('',#3446,.T.);
#3695=FACE_BOUND('',#3447,.T.);
#3696=FACE_BOUND('',#3448,.T.);
#3697=FACE_BOUND('',#3449,.T.);
#3698=FACE_BOUND('',#3450,.T.);
#3699=FACE_BOUND('',#3451,.T.);
#3700=FACE_BOUND('',#3452,.T.);
#3701=FACE_BOUND('',#3453,.T.);
#3702=FACE_BOUND('',#3454,.T.);
#3703=FACE_BOUND('',#3455,.T.);
#3704=FACE_BOUND('',#3456,.T.);
#3705=FACE_BOUND('',#3457,.T.);
#3706=FACE_BOUND('',#3458,.T.);
#3707=FACE_BOUND('',#3459,.T.);
#3708=FACE_BOUND('',#3460,.T.);
#3709=FACE_BOUND('',#3461,.T.);
#3710=FACE_BOUND('',#3462,.T.);
#3711=FACE_BOUND('',#3463,.T.);
#3712=FACE_BOUND('',#3464,.T.);
#3713=FACE_BOUND('',#3465,.T.);
#3714=FACE_BOUND('',#3466,.T.);
#3715=FACE_BOUND('',#3467,.T.);
#3716=FACE_BOUND('',#3468,.T.);
#3717=FACE_BOUND('',#3469,.T.);
#3718=FACE_BOUND('',#3470,.T.);
#3719=FACE_BOUND('',#3471,.T.);
#3720=FACE_BOUND('',#3472,.T.);
#3721=FACE_BOUND('',#3473,.T.);
#3722=FACE_BOUND('',#3474,.T.);
#3723=FACE_BOUND('',#3475,.T.);
#3724=FACE_BOUND('',#3476,.T.);
#3725=FACE_BOUND('',#3477,.T.);
#3726=FACE_BOUND('',#3478,.T.);
#3727=FACE_BOUND('',#3479,.T.);
#3728=FACE_BOUND('',#3480,.T.);
#3729=FACE_BOUND('',#3481,.T.);
#3730=FACE_BOUND('',#3482,.T.);
#3731=FACE_BOUND('',#3483,.T.);
#3732=FACE_BOUND('',#3484,.T.);
#3733=FACE_BOUND('',#3485,.T.);
#3734=FACE_BOUND('',#3486,.T.);
#3735=FACE_BOUND('',#3487,.T.);
#3736=FACE_BOUND('',#3488,.T.);
#3737=FACE_BOUND('',#3489,.T.);
#3738=FACE_BOUND('',#3490,.T.);
#3739=FACE_BOUND('',#3491,.T.);
#3740=FACE_BOUND('',#3492,.T.);
#3741=FACE_BOUND('',#3493,.T.);
#3742=FACE_BOUND('',#3494,.T.);
#3743=FACE_BOUND('',#3495,.T.);
#3744=FACE_BOUND('',#3496,.T.);
#3745=FACE_BOUND('',#3497,.T.);
#3746=FACE_BOUND('',#3498,.T.);
#3747=FACE_BOUND('',#3499,.T.);
#3748=FACE_BOUND('',#3500,.T.);
#3749=FACE_BOUND('',#3501,.T.);
#3750=FACE_BOUND('',#3502,.T.);
#3751=FACE_BOUND('',#3503,.T.);
#3752=FACE_BOUND('',#3504,.T.);
#3753=FACE_BOUND('',#3505,.T.);
#3754=FACE_BOUND('',#3506,.T.);
#3755=FACE_BOUND('',#3507,.T.);
#3756=FACE_BOUND('',#3508,.T.);
#3757=FACE_BOUND('',#3509,.T.);
#3758=FACE_BOUND('',#3510,.T.);
#3759=FACE_BOUND('',#3511,.T.);
#3760=FACE_BOUND('',#3512,.T.);
#3761=FACE_BOUND('',#3513,.T.);
#3762=FACE_BOUND('',#3514,.T.);
#3763=FACE_BOUND('',#3515,.T.);
#3764=FACE_BOUND('',#3516,.T.);
#3765=FACE_BOUND('',#3517,.T.);
#3766=FACE_BOUND('',#3518,.T.);
#3767=FACE_BOUND('',#3519,.T.);
#3768=FACE_BOUND('',#3520,.T.);
#3769=FACE_BOUND('',#3521,.T.);
#3770=FACE_BOUND('',#3522,.T.);
#3771=FACE_BOUND('',#3523,.T.);
#3772=FACE_BOUND('',#3524,.T.);
#3773=FACE_BOUND('',#3525,.T.);
#3774=FACE_BOUND('',#3526,.T.);
#3775=FACE_BOUND('',#3527,.T.);
#3776=FACE_BOUND('',#3528,.T.);
#3777=FACE_BOUND('',#3529,.T.);
#3778=FACE_BOUND('',#3530,.T.);
#3779=FACE_BOUND('',#3531,.T.);
#3780=FACE_BOUND('',#3532,.T.);
#3781=FACE_BOUND('',#3533,.T.);
#3782=FACE_BOUND('',#3534,.T.);
#3783=FACE_BOUND('',#3535,.T.);
#3784=FACE_BOUND('',#3536,.T.);
#3785=FACE_BOUND('',#3537,.T.);
#3786=FACE_BOUND('',#3538,.T.);
#3787=FACE_BOUND('',#3539,.T.);
#3788=FACE_BOUND('',#3540,.T.);
#3789=FACE_BOUND('',#3541,.T.);
#3790=FACE_BOUND('',#3542,.T.);
#3791=FACE_BOUND('',#3543,.T.);
#3792=FACE_BOUND('',#3544,.T.);
#3793=FACE_BOUND('',#3545,.T.);
#3794=FACE_BOUND('',#3546,.T.);
#3795=FACE_BOUND('',#3547,.T.);
#3796=FACE_BOUND('',#3548,.T.);
#3797=FACE_BOUND('',#3549,.T.);
#3798=FACE_BOUND('',#3550,.T.);
#3799=FACE_BOUND('',#3551,.T.);
#3800=FACE_BOUND('',#3552,.T.);
#3801=FACE_BOUND('',#3553,.T.);
#3802=FACE_BOUND('',#3554,.T.);
#3803=FACE_BOUND('',#3555,.T.);
#3804=FACE_BOUND('',#3556,.T.);
#3805=FACE_BOUND('',#3557,.T.);
#3806=FACE_BOUND('',#3558,.T.);
#3807=FACE_BOUND('',#3559,.T.);
#3808=FACE_BOUND('',#3560,.T.);
#3809=FACE_BOUND('',#3561,.T.);
#3810=FACE_BOUND('',#3562,.T.);
#3811=FACE_BOUND('',#3563,.T.);
#3812=FACE_BOUND('',#3564,.T.);
#3813=FACE_BOUND('',#3565,.T.);
#3814=FACE_BOUND('',#3566,.T.);
#3815=FACE_BOUND('',#3567,.T.);
#3816=FACE_BOUND('',#3568,.T.);
#3817=FACE_BOUND('',#3569,.T.);
#3818=FACE_BOUND('',#3570,.T.);
#3819=FACE_BOUND('',#3571,.T.);
#3820=FACE_BOUND('',#3572,.T.);
#3821=FACE_BOUND('',#3573,.T.);
#3822=FACE_BOUND('',#3574,.T.);
#3823=FACE_BOUND('',#3575,.T.);
#3824=FACE_BOUND('',#3576,.T.);
#3825=FACE_BOUND('',#3577,.T.);
#3826=FACE_BOUND('',#3578,.T.);
#3827=FACE_BOUND('',#3579,.T.);
#3828=FACE_BOUND('',#3580,.T.);
#3829=FACE_BOUND('',#3581,.T.);
#3830=FACE_BOUND('',#3582,.T.);
#3831=FACE_BOUND('',#3583,.T.);
#3832=FACE_BOUND('',#3584,.T.);
#3833=FACE_BOUND('',#3585,.T.);
#3834=FACE_BOUND('',#3586,.T.);
#3835=FACE_BOUND('',#3587,.T.);
#3836=FACE_BOUND('',#3588,.T.);
#3837=FACE_BOUND('',#3589,.T.);
#3838=FACE_BOUND('',#3590,.T.);
#3839=FACE_BOUND('',#3591,.T.);
#3840=FACE_BOUND('',#3592,.T.);
#3841=FACE_BOUND('',#3593,.T.);
#3842=FACE_BOUND('',#3594,.T.);
#3843=FACE_BOUND('',#3595,.T.);
#3844=FACE_BOUND('',#3596,.T.);
#3845=FACE_BOUND('',#3597,.T.);
#3846=FACE_BOUND('',#3598,.T.);
#3847=FACE_BOUND('',#3599,.T.);
#3848=FACE_BOUND('',#3600,.T.);
#3849=FACE_BOUND('',#3601,.T.);
#3850=FACE_BOUND('',#3602,.T.);
#3851=FACE_BOUND('',#3603,.T.);
#3852=FACE_BOUND('',#3604,.T.);
#3853=CYLINDRICAL_SURFACE('',#4127,0.0227);
#3854=CYLINDRICAL_SURFACE('',#4261,0.021);
#3855=CYLINDRICAL_SURFACE('',#4265,0.0214);
#3856=CYLINDRICAL_SURFACE('',#4269,0.0215);
#3857=CYLINDRICAL_SURFACE('',#4293,0.0033);
#3858=CYLINDRICAL_SURFACE('',#4294,0.0033);
#3859=CYLINDRICAL_SURFACE('',#4300,0.0033);
#3860=CYLINDRICAL_SURFACE('',#4301,0.0033);
#3861=CYLINDRICAL_SURFACE('',#4306,0.0033);
#3862=CYLINDRICAL_SURFACE('',#4307,0.0033);
#3863=CYLINDRICAL_SURFACE('',#4312,0.0033);
#3864=CYLINDRICAL_SURFACE('',#4313,0.0033);
#3865=CYLINDRICAL_SURFACE('',#4318,0.0033);
#3866=CYLINDRICAL_SURFACE('',#4319,0.0033);
#3867=CYLINDRICAL_SURFACE('',#4324,0.0033);
#3868=CYLINDRICAL_SURFACE('',#4325,0.0033);
#3869=CYLINDRICAL_SURFACE('',#4330,0.0033);
#3870=CYLINDRICAL_SURFACE('',#4331,0.0033);
#3871=CYLINDRICAL_SURFACE('',#4336,0.0033);
#3872=CYLINDRICAL_SURFACE('',#4337,0.0033);
#3873=CYLINDRICAL_SURFACE('',#4360,0.000148419715819074);
#3874=CYLINDRICAL_SURFACE('',#4361,0.00945502272318884);
#3875=CYLINDRICAL_SURFACE('',#4362,0.00945502272284392);
#3876=CYLINDRICAL_SURFACE('',#4363,0.000148705495103255);
#3877=CYLINDRICAL_SURFACE('',#4369,0.0226);
#3878=CYLINDRICAL_SURFACE('',#4370,0.00945502272290073);
#3879=CYLINDRICAL_SURFACE('',#4371,0.00014870549512526);
#3880=CYLINDRICAL_SURFACE('',#4380,0.000148419715756463);
#3881=CYLINDRICAL_SURFACE('',#4381,0.00945502272317896);
#3882=CYLINDRICAL_SURFACE('',#4382,0.0226);
#3883=CYLINDRICAL_SURFACE('',#4384,0.0226);
#3884=CYLINDRICAL_SURFACE('',#4385,0.0226);
#3885=CYLINDRICAL_SURFACE('',#4386,0.0227);
#3886=CYLINDRICAL_SURFACE('',#4387,0.0227);
#3887=CYLINDRICAL_SURFACE('',#4389,0.00655899123031224);
#3888=CYLINDRICAL_SURFACE('',#4400,0.0226);
#3889=CYLINDRICAL_SURFACE('',#4407,0.0226);
#3890=CYLINDRICAL_SURFACE('',#4408,0.0227);
#3891=CYLINDRICAL_SURFACE('',#4415,0.000371896348989804);
#3892=CYLINDRICAL_SURFACE('',#4424,0.0226);
#3893=CYLINDRICAL_SURFACE('',#4442,0.0226);
#3894=CYLINDRICAL_SURFACE('',#4450,0.0227);
#3895=CYLINDRICAL_SURFACE('',#4456,0.0226);
#3896=CYLINDRICAL_SURFACE('',#4469,0.0226);
#3897=CYLINDRICAL_SURFACE('',#4480,0.0226);
#3898=ADVANCED_FACE('',(#3605,#3606,#3607,#3608,#3609,#3610,#3611,#3612,
#3613,#3614,#3615,#3616,#3617),#3853,.T.);
#3899=ADVANCED_FACE('',(#3618),#160,.T.);
#3900=ADVANCED_FACE('',(#3619),#150,.F.);
#3901=ADVANCED_FACE('',(#3620),#161,.T.);
#3902=ADVANCED_FACE('',(#3621),#162,.T.);
#3903=ADVANCED_FACE('',(#3622),#163,.T.);
#3904=ADVANCED_FACE('',(#3623),#164,.T.);
#3905=ADVANCED_FACE('',(#3624),#165,.T.);
#3906=ADVANCED_FACE('',(#3625),#166,.T.);
#3907=ADVANCED_FACE('',(#3626),#167,.T.);
#3908=ADVANCED_FACE('',(#3627),#168,.T.);
#3909=ADVANCED_FACE('',(#3628),#151,.F.);
#3910=ADVANCED_FACE('',(#3629),#169,.T.);
#3911=ADVANCED_FACE('',(#3630),#152,.F.);
#3912=ADVANCED_FACE('',(#3631),#170,.T.);
#3913=ADVANCED_FACE('',(#3632),#153,.F.);
#3914=ADVANCED_FACE('',(#3633),#171,.T.);
#3915=ADVANCED_FACE('',(#3634),#154,.F.);
#3916=ADVANCED_FACE('',(#3635),#172,.T.);
#3917=ADVANCED_FACE('',(#3636),#155,.F.);
#3918=ADVANCED_FACE('',(#3637),#173,.T.);
#3919=ADVANCED_FACE('',(#3638),#156,.F.);
#3920=ADVANCED_FACE('',(#3639),#174,.T.);
#3921=ADVANCED_FACE('',(#3640),#175,.T.);
#3922=ADVANCED_FACE('',(#3641),#157,.F.);
#3923=ADVANCED_FACE('',(#3642),#176,.T.);
#3924=ADVANCED_FACE('',(#3643,#3644),#177,.T.);
#3925=ADVANCED_FACE('',(#3645,#3646),#3854,.F.);
#3926=ADVANCED_FACE('',(#3647,#3648),#178,.T.);
#3927=ADVANCED_FACE('',(#3649,#3650),#3855,.F.);
#3928=ADVANCED_FACE('',(#3651,#3652),#179,.T.);
#3929=ADVANCED_FACE('',(#3653,#3654,#3655),#3856,.F.);
#3930=ADVANCED_FACE('',(#3656),#180,.T.);
#3931=ADVANCED_FACE('',(#3657),#158,.F.);
#3932=ADVANCED_FACE('',(#3658),#3857,.F.);
#3933=ADVANCED_FACE('',(#3659),#3858,.F.);
#3934=ADVANCED_FACE('',(#3660),#181,.F.);
#3935=ADVANCED_FACE('',(#3661),#182,.F.);
#3936=ADVANCED_FACE('',(#3662),#183,.T.);
#3937=ADVANCED_FACE('',(#3663),#184,.F.);
#3938=ADVANCED_FACE('',(#3664),#3859,.F.);
#3939=ADVANCED_FACE('',(#3665),#3860,.F.);
#3940=ADVANCED_FACE('',(#3666),#185,.F.);
#3941=ADVANCED_FACE('',(#3667),#186,.F.);
#3942=ADVANCED_FACE('',(#3668),#187,.T.);
#3943=ADVANCED_FACE('',(#3669),#3861,.F.);
#3944=ADVANCED_FACE('',(#3670),#3862,.F.);
#3945=ADVANCED_FACE('',(#3671),#188,.F.);
#3946=ADVANCED_FACE('',(#3672),#189,.F.);
#3947=ADVANCED_FACE('',(#3673),#190,.T.);
#3948=ADVANCED_FACE('',(#3674),#3863,.F.);
#3949=ADVANCED_FACE('',(#3675),#3864,.F.);
#3950=ADVANCED_FACE('',(#3676),#191,.F.);
#3951=ADVANCED_FACE('',(#3677),#192,.F.);
#3952=ADVANCED_FACE('',(#3678),#193,.T.);
#3953=ADVANCED_FACE('',(#3679),#3865,.F.);
#3954=ADVANCED_FACE('',(#3680),#3866,.F.);
#3955=ADVANCED_FACE('',(#3681),#194,.F.);
#3956=ADVANCED_FACE('',(#3682),#195,.F.);
#3957=ADVANCED_FACE('',(#3683),#196,.T.);
#3958=ADVANCED_FACE('',(#3684),#3867,.F.);
#3959=ADVANCED_FACE('',(#3685),#3868,.F.);
#3960=ADVANCED_FACE('',(#3686),#197,.F.);
#3961=ADVANCED_FACE('',(#3687),#198,.F.);
#3962=ADVANCED_FACE('',(#3688),#199,.T.);
#3963=ADVANCED_FACE('',(#3689),#3869,.F.);
#3964=ADVANCED_FACE('',(#3690),#3870,.F.);
#3965=ADVANCED_FACE('',(#3691),#200,.F.);
#3966=ADVANCED_FACE('',(#3692),#201,.F.);
#3967=ADVANCED_FACE('',(#3693),#202,.T.);
#3968=ADVANCED_FACE('',(#3694),#3871,.F.);
#3969=ADVANCED_FACE('',(#3695),#3872,.F.);
#3970=ADVANCED_FACE('',(#3696),#203,.F.);
#3971=ADVANCED_FACE('',(#3697),#204,.F.);
#3972=ADVANCED_FACE('',(#3698),#205,.T.);
#3973=ADVANCED_FACE('',(#3699),#206,.F.);
#3974=ADVANCED_FACE('',(#3700),#207,.F.);
#3975=ADVANCED_FACE('',(#3701),#208,.F.);
#3976=ADVANCED_FACE('',(#3702),#209,.F.);
#3977=ADVANCED_FACE('',(#3703),#210,.F.);
#3978=ADVANCED_FACE('',(#3704),#211,.F.);
#3979=ADVANCED_FACE('',(#3705),#212,.F.);
#3980=ADVANCED_FACE('',(#3706),#213,.F.);
#3981=ADVANCED_FACE('',(#3707),#214,.F.);
#3982=ADVANCED_FACE('',(#3708),#215,.F.);
#3983=ADVANCED_FACE('',(#3709),#216,.F.);
#3984=ADVANCED_FACE('',(#3710),#217,.F.);
#3985=ADVANCED_FACE('',(#3711),#218,.F.);
#3986=ADVANCED_FACE('',(#3712),#219,.T.);
#3987=ADVANCED_FACE('',(#3713),#220,.F.);
#3988=ADVANCED_FACE('',(#3714),#221,.F.);
#3989=ADVANCED_FACE('',(#3715),#222,.T.);
#3990=ADVANCED_FACE('',(#3716),#3873,.F.);
#3991=ADVANCED_FACE('',(#3717),#3874,.T.);
#3992=ADVANCED_FACE('',(#3718),#98,.F.);
#3993=ADVANCED_FACE('',(#3719),#3875,.F.);
#3994=ADVANCED_FACE('',(#3720),#3876,.F.);
#3995=ADVANCED_FACE('',(#3721),#223,.T.);
#3996=ADVANCED_FACE('',(#3722),#224,.F.);
#3997=ADVANCED_FACE('',(#3723),#225,.T.);
#3998=ADVANCED_FACE('',(#3724),#3877,.T.);
#3999=ADVANCED_FACE('',(#3725),#99,.F.);
#4000=ADVANCED_FACE('',(#3726),#3878,.F.);
#4001=ADVANCED_FACE('',(#3727),#3879,.F.);
#4002=ADVANCED_FACE('',(#3728),#226,.F.);
#4003=ADVANCED_FACE('',(#3729),#227,.F.);
#4004=ADVANCED_FACE('',(#3730),#228,.F.);
#4005=ADVANCED_FACE('',(#3731),#229,.F.);
#4006=ADVANCED_FACE('',(#3732),#230,.F.);
#4007=ADVANCED_FACE('',(#3733),#3880,.F.);
#4008=ADVANCED_FACE('',(#3734),#3881,.T.);
#4009=ADVANCED_FACE('',(#3735),#3882,.T.);
#4010=ADVANCED_FACE('',(#3736,#3737),#159,.F.);
#4011=ADVANCED_FACE('',(#3738),#3883,.T.);
#4012=ADVANCED_FACE('',(#3739),#100,.T.);
#4013=ADVANCED_FACE('',(#3740),#101,.T.);
#4014=ADVANCED_FACE('',(#3741),#102,.T.);
#4015=ADVANCED_FACE('',(#3742),#103,.T.);
#4016=ADVANCED_FACE('',(#3743),#104,.T.);
#4017=ADVANCED_FACE('',(#3744),#105,.T.);
#4018=ADVANCED_FACE('',(#3745),#106,.T.);
#4019=ADVANCED_FACE('',(#3746),#107,.T.);
#4020=ADVANCED_FACE('',(#3747,#3748,#3749),#3884,.T.);
#4021=ADVANCED_FACE('',(#3750),#108,.T.);
#4022=ADVANCED_FACE('',(#3751),#109,.T.);
#4023=ADVANCED_FACE('',(#3752),#110,.T.);
#4024=ADVANCED_FACE('',(#3753),#111,.T.);
#4025=ADVANCED_FACE('',(#3754),#112,.T.);
#4026=ADVANCED_FACE('',(#3755),#113,.T.);
#4027=ADVANCED_FACE('',(#3756),#114,.T.);
#4028=ADVANCED_FACE('',(#3757),#115,.T.);
#4029=ADVANCED_FACE('',(#3758),#3885,.T.);
#4030=ADVANCED_FACE('',(#3759),#3886,.T.);
#4031=ADVANCED_FACE('',(#3760),#231,.T.);
#4032=ADVANCED_FACE('',(#3761),#3887,.T.);
#4033=ADVANCED_FACE('',(#3762),#232,.T.);
#4034=ADVANCED_FACE('',(#3763),#233,.T.);
#4035=ADVANCED_FACE('',(#3764),#234,.T.);
#4036=ADVANCED_FACE('',(#3765),#235,.T.);
#4037=ADVANCED_FACE('',(#3766),#236,.F.);
#4038=ADVANCED_FACE('',(#3767),#3888,.T.);
#4039=ADVANCED_FACE('',(#3768),#237,.T.);
#4040=ADVANCED_FACE('',(#3769),#116,.T.);
#4041=ADVANCED_FACE('',(#3770),#117,.T.);
#4042=ADVANCED_FACE('',(#3771),#118,.T.);
#4043=ADVANCED_FACE('',(#3772),#119,.T.);
#4044=ADVANCED_FACE('',(#3773),#238,.T.);
#4045=ADVANCED_FACE('',(#3774),#239,.T.);
#4046=ADVANCED_FACE('',(#3775,#3776),#3889,.T.);
#4047=ADVANCED_FACE('',(#3777),#120,.T.);
#4048=ADVANCED_FACE('',(#3778),#121,.T.);
#4049=ADVANCED_FACE('',(#3779),#122,.T.);
#4050=ADVANCED_FACE('',(#3780),#123,.T.);
#4051=ADVANCED_FACE('',(#3781),#3890,.T.);
#4052=ADVANCED_FACE('',(#3782),#240,.T.);
#4053=ADVANCED_FACE('',(#3783),#241,.T.);
#4054=ADVANCED_FACE('',(#3784),#242,.T.);
#4055=ADVANCED_FACE('',(#3785),#3891,.F.);
#4056=ADVANCED_FACE('',(#3786),#124,.T.);
#4057=ADVANCED_FACE('',(#3787),#125,.T.);
#4058=ADVANCED_FACE('',(#3788),#126,.T.);
#4059=ADVANCED_FACE('',(#3789),#243,.F.);
#4060=ADVANCED_FACE('',(#3790),#127,.T.);
#4061=ADVANCED_FACE('',(#3791),#128,.T.);
#4062=ADVANCED_FACE('',(#3792),#129,.T.);
#4063=ADVANCED_FACE('',(#3793),#130,.T.);
#4064=ADVANCED_FACE('',(#3794),#244,.T.);
#4065=ADVANCED_FACE('',(#3795),#245,.T.);
#4066=ADVANCED_FACE('',(#3796),#246,.F.);
#4067=ADVANCED_FACE('',(#3797),#3892,.T.);
#4068=ADVANCED_FACE('',(#3798),#247,.T.);
#4069=ADVANCED_FACE('',(#3799),#248,.F.);
#4070=ADVANCED_FACE('',(#3800),#249,.T.);
#4071=ADVANCED_FACE('',(#3801),#250,.T.);
#4072=ADVANCED_FACE('',(#3802),#251,.T.);
#4073=ADVANCED_FACE('',(#3803),#252,.T.);
#4074=ADVANCED_FACE('',(#3804),#253,.T.);
#4075=ADVANCED_FACE('',(#3805),#254,.T.);
#4076=ADVANCED_FACE('',(#3806),#255,.T.);
#4077=ADVANCED_FACE('',(#3807),#256,.T.);
#4078=ADVANCED_FACE('',(#3808),#257,.F.);
#4079=ADVANCED_FACE('',(#3809,#3810),#3893,.T.);
#4080=ADVANCED_FACE('',(#3811),#258,.T.);
#4081=ADVANCED_FACE('',(#3812),#259,.F.);
#4082=ADVANCED_FACE('',(#3813),#260,.T.);
#4083=ADVANCED_FACE('',(#3814),#3894,.T.);
#4084=ADVANCED_FACE('',(#3815),#131,.T.);
#4085=ADVANCED_FACE('',(#3816),#132,.T.);
#4086=ADVANCED_FACE('',(#3817),#133,.T.);
#4087=ADVANCED_FACE('',(#3818),#134,.T.);
#4088=ADVANCED_FACE('',(#3819),#135,.T.);
#4089=ADVANCED_FACE('',(#3820),#136,.T.);
#4090=ADVANCED_FACE('',(#3821),#137,.T.);
#4091=ADVANCED_FACE('',(#3822),#261,.F.);
#4092=ADVANCED_FACE('',(#3823),#138,.T.);
#4093=ADVANCED_FACE('',(#3824),#139,.T.);
#4094=ADVANCED_FACE('',(#3825),#140,.T.);
#4095=ADVANCED_FACE('',(#3826),#262,.T.);
#4096=ADVANCED_FACE('',(#3827),#141,.T.);
#4097=ADVANCED_FACE('',(#3828),#142,.T.);
#4098=ADVANCED_FACE('',(#3829),#143,.T.);
#4099=ADVANCED_FACE('',(#3830),#263,.T.);
#4100=ADVANCED_FACE('',(#3831),#3895,.T.);
#4101=ADVANCED_FACE('',(#3832),#144,.T.);
#4102=ADVANCED_FACE('',(#3833),#145,.T.);
#4103=ADVANCED_FACE('',(#3834),#146,.T.);
#4104=ADVANCED_FACE('',(#3835),#264,.T.);
#4105=ADVANCED_FACE('',(#3836),#265,.F.);
#4106=ADVANCED_FACE('',(#3837),#266,.T.);
#4107=ADVANCED_FACE('',(#3838),#267,.T.);
#4108=ADVANCED_FACE('',(#3839),#268,.T.);
#4109=ADVANCED_FACE('',(#3840),#269,.T.);
#4110=ADVANCED_FACE('',(#3841),#147,.T.);
#4111=ADVANCED_FACE('',(#3842),#148,.T.);
#4112=ADVANCED_FACE('',(#3843),#149,.T.);
#4113=ADVANCED_FACE('',(#3844),#270,.T.);
#4114=ADVANCED_FACE('',(#3845),#3896,.T.);
#4115=ADVANCED_FACE('',(#3846),#271,.T.);
#4116=ADVANCED_FACE('',(#3847),#272,.T.);
#4117=ADVANCED_FACE('',(#3848),#273,.T.);
#4118=ADVANCED_FACE('',(#3849),#274,.T.);
#4119=ADVANCED_FACE('',(#3850),#275,.T.);
#4120=ADVANCED_FACE('',(#3851),#276,.F.);
#4121=ADVANCED_FACE('',(#3852),#3897,.T.);
#4122=CLOSED_SHELL('',(#3898,#3899,#3900,#3901,#3902,#3903,#3904,#3905,
#3906,#3907,#3908,#3909,#3910,#3911,#3912,#3913,#3914,#3915,#3916,#3917,
#3918,#3919,#3920,#3921,#3922,#3923,#3924,#3925,#3926,#3927,#3928,#3929,
#3930,#3931,#3932,#3933,#3934,#3935,#3936,#3937,#3938,#3939,#3940,#3941,
#3942,#3943,#3944,#3945,#3946,#3947,#3948,#3949,#3950,#3951,#3952,#3953,
#3954,#3955,#3956,#3957,#3958,#3959,#3960,#3961,#3962,#3963,#3964,#3965,
#3966,#3967,#3968,#3969,#3970,#3971,#3972,#3973,#3974,#3975,#3976,#3977,
#3978,#3979,#3980,#3981,#3982,#3983,#3984,#3985,#3986,#3987,#3988,#3989,
#3990,#3991,#3992,#3993,#3994,#3995,#3996,#3997,#3998,#3999,#4000,#4001,
#4002,#4003,#4004,#4005,#4006,#4007,#4008,#4009,#4010,#4011,#4012,#4013,
#4014,#4015,#4016,#4017,#4018,#4019,#4020,#4021,#4022,#4023,#4024,#4025,
#4026,#4027,#4028,#4029,#4030,#4031,#4032,#4033,#4034,#4035,#4036,#4037,
#4038,#4039,#4040,#4041,#4042,#4043,#4044,#4045,#4046,#4047,#4048,#4049,
#4050,#4051,#4052,#4053,#4054,#4055,#4056,#4057,#4058,#4059,#4060,#4061,
#4062,#4063,#4064,#4065,#4066,#4067,#4068,#4069,#4070,#4071,#4072,#4073,
#4074,#4075,#4076,#4077,#4078,#4079,#4080,#4081,#4082,#4083,#4084,#4085,
#4086,#4087,#4088,#4089,#4090,#4091,#4092,#4093,#4094,#4095,#4096,#4097,
#4098,#4099,#4100,#4101,#4102,#4103,#4104,#4105,#4106,#4107,#4108,#4109,
#4110,#4111,#4112,#4113,#4114,#4115,#4116,#4117,#4118,#4119,#4120,#4121));
#4123=MANIFOLD_SOLID_BREP('',#4122);
#4124=SHAPE_DEFINITION_REPRESENTATION(#10382,#4125);
#4125=SHAPE_REPRESENTATION('id2',(#4126),#10377);
#4126=AXIS2_PLACEMENT_3D('',#5403,#4481,#4482);
#4127=AXIS2_PLACEMENT_3D('',#5404,#4483,#4484);
#4128=AXIS2_PLACEMENT_3D('',#5408,#4486,#4487);
#4129=AXIS2_PLACEMENT_3D('',#5412,#4489,#4490);
#4130=AXIS2_PLACEMENT_3D('',#5414,#4491,#4492);
#4131=AXIS2_PLACEMENT_3D('',#5416,#4493,#4494);
#4132=AXIS2_PLACEMENT_3D('',#5443,#4495,#4496);
#4133=AXIS2_PLACEMENT_3D('',#5445,#4497,#4498);
#4134=AXIS2_PLACEMENT_3D('',#5449,#4500,#4501);
#4135=AXIS2_PLACEMENT_3D('',#5453,#4503,#4504);
#4136=AXIS2_PLACEMENT_3D('',#5477,#4505,#4506);
#4137=AXIS2_PLACEMENT_3D('',#5532,#4507,#4508);
#4138=AXIS2_PLACEMENT_3D('',#5577,#4510,#4511);
#4139=AXIS2_PLACEMENT_3D('',#5581,#4513,#4514);
#4140=AXIS2_PLACEMENT_3D('',#5585,#4516,#4517);
#4141=AXIS2_PLACEMENT_3D('',#5589,#4519,#4520);
#4142=AXIS2_PLACEMENT_3D('',#5593,#4522,#4523);
#4143=AXIS2_PLACEMENT_3D('',#5597,#4525,#4526);
#4144=AXIS2_PLACEMENT_3D('',#5599,#4527,#4528);
#4145=AXIS2_PLACEMENT_3D('',#5603,#4530,#4531);
#4146=AXIS2_PLACEMENT_3D('',#5605,#4532,#4533);
#4147=AXIS2_PLACEMENT_3D('',#5638,#4534,#4535);
#4148=AXIS2_PLACEMENT_3D('',#5666,#4536,#4537);
#4149=AXIS2_PLACEMENT_3D('',#5668,#4538,#4539);
#4150=AXIS2_PLACEMENT_3D('',#5670,#4540,#4541);
#4151=AXIS2_PLACEMENT_3D('',#5671,#4542,#4543);
#4152=AXIS2_PLACEMENT_3D('',#5707,#4544,#4545);
#4153=AXIS2_PLACEMENT_3D('',#5709,#4546,#4547);
#4154=AXIS2_PLACEMENT_3D('',#5718,#4549,#4550);
#4155=AXIS2_PLACEMENT_3D('',#5720,#4551,#4552);
#4156=AXIS2_PLACEMENT_3D('',#5722,#4553,#4554);
#4157=AXIS2_PLACEMENT_3D('',#5726,#4556,#4557);
#4158=AXIS2_PLACEMENT_3D('',#5788,#4558,#4559);
#4159=AXIS2_PLACEMENT_3D('',#5793,#4561,#4562);
#4160=AXIS2_PLACEMENT_3D('',#5797,#4564,#4565);
#4161=AXIS2_PLACEMENT_3D('',#5801,#4567,#4568);
#4162=AXIS2_PLACEMENT_3D('',#5805,#4570,#4571);
#4163=AXIS2_PLACEMENT_3D('',#5809,#4573,#4574);
#4164=AXIS2_PLACEMENT_3D('',#5813,#4576,#4577);
#4165=AXIS2_PLACEMENT_3D('',#5817,#4579,#4580);
#4166=AXIS2_PLACEMENT_3D('',#5821,#4582,#4583);
#4167=AXIS2_PLACEMENT_3D('',#5825,#4585,#4586);
#4168=AXIS2_PLACEMENT_3D('',#5829,#4588,#4589);
#4169=AXIS2_PLACEMENT_3D('',#5833,#4591,#4592);
#4170=AXIS2_PLACEMENT_3D('',#5837,#4594,#4595);
#4171=AXIS2_PLACEMENT_3D('',#5841,#4597,#4598);
#4172=AXIS2_PLACEMENT_3D('',#5845,#4600,#4601);
#4173=AXIS2_PLACEMENT_3D('',#5849,#4603,#4604);
#4174=AXIS2_PLACEMENT_3D('',#5853,#4606,#4607);
#4175=AXIS2_PLACEMENT_3D('',#5857,#4609,#4610);
#4176=AXIS2_PLACEMENT_3D('',#5861,#4612,#4613);
#4177=AXIS2_PLACEMENT_3D('',#5865,#4615,#4616);
#4178=AXIS2_PLACEMENT_3D('',#5869,#4618,#4619);
#4179=AXIS2_PLACEMENT_3D('',#5873,#4621,#4622);
#4180=AXIS2_PLACEMENT_3D('',#5877,#4624,#4625);
#4181=AXIS2_PLACEMENT_3D('',#5905,#4626,#4627);
#4182=AXIS2_PLACEMENT_3D('',#5923,#4628,#4629);
#4183=AXIS2_PLACEMENT_3D('',#5927,#4631,#4632);
#4184=AXIS2_PLACEMENT_3D('',#5931,#4634,#4635);
#4185=AXIS2_PLACEMENT_3D('',#5950,#4636,#4637);
#4186=AXIS2_PLACEMENT_3D('',#5955,#4640,#4641);
#4187=AXIS2_PLACEMENT_3D('',#5957,#4642,#4643);
#4188=AXIS2_PLACEMENT_3D('',#5960,#4645,#4646);
#4189=AXIS2_PLACEMENT_3D('',#5971,#4647,#4648);
#4190=AXIS2_PLACEMENT_3D('',#5978,#4649,#4650);
#4191=AXIS2_PLACEMENT_3D('',#5984,#4651,#4652);
#4192=AXIS2_PLACEMENT_3D('',#5987,#4655,#4656);
#4193=AXIS2_PLACEMENT_3D('',#5991,#4658,#4659);
#4194=AXIS2_PLACEMENT_3D('',#5993,#4660,#4661);
#4195=AXIS2_PLACEMENT_3D('',#5994,#4662,#4663);
#4196=AXIS2_PLACEMENT_3D('',#5998,#4665,#4666);
#4197=AXIS2_PLACEMENT_3D('',#6000,#4667,#4668);
#4198=AXIS2_PLACEMENT_3D('',#6001,#4669,#4670);
#4199=AXIS2_PLACEMENT_3D('',#6005,#4672,#4673);
#4200=AXIS2_PLACEMENT_3D('',#6007,#4674,#4675);
#4201=AXIS2_PLACEMENT_3D('',#6008,#4676,#4677);
#4202=AXIS2_PLACEMENT_3D('',#6012,#4679,#4680);
#4203=AXIS2_PLACEMENT_3D('',#6014,#4681,#4682);
#4204=AXIS2_PLACEMENT_3D('',#6015,#4683,#4684);
#4205=AXIS2_PLACEMENT_3D('',#6019,#4686,#4687);
#4206=AXIS2_PLACEMENT_3D('',#6021,#4688,#4689);
#4207=AXIS2_PLACEMENT_3D('',#6022,#4690,#4691);
#4208=AXIS2_PLACEMENT_3D('',#6026,#4693,#4694);
#4209=AXIS2_PLACEMENT_3D('',#6028,#4695,#4696);
#4210=AXIS2_PLACEMENT_3D('',#6029,#4697,#4698);
#4211=AXIS2_PLACEMENT_3D('',#6033,#4700,#4701);
#4212=AXIS2_PLACEMENT_3D('',#6035,#4702,#4703);
#4213=AXIS2_PLACEMENT_3D('',#6036,#4704,#4705);
#4214=AXIS2_PLACEMENT_3D('',#6043,#4706,#4707);
#4215=AXIS2_PLACEMENT_3D('',#6050,#4708,#4709);
#4216=AXIS2_PLACEMENT_3D('',#6051,#4710,#4711);
#4217=AXIS2_PLACEMENT_3D('',#6052,#4712,#4713);
#4218=AXIS2_PLACEMENT_3D('',#6058,#4716,#4717);
#4219=AXIS2_PLACEMENT_3D('',#6060,#4718,#4719);
#4220=AXIS2_PLACEMENT_3D('',#6061,#4720,#4721);
#4221=AXIS2_PLACEMENT_3D('',#6072,#4722,#4723);
#4222=AXIS2_PLACEMENT_3D('',#6073,#4724,#4725);
#4223=AXIS2_PLACEMENT_3D('',#6074,#4726,#4727);
#4224=AXIS2_PLACEMENT_3D('',#6080,#4730,#4731);
#4225=AXIS2_PLACEMENT_3D('',#6082,#4732,#4733);
#4226=AXIS2_PLACEMENT_3D('',#6083,#4734,#4735);
#4227=AXIS2_PLACEMENT_3D('',#6094,#4736,#4737);
#4228=AXIS2_PLACEMENT_3D('',#6095,#4738,#4739);
#4229=AXIS2_PLACEMENT_3D('',#6096,#4740,#4741);
#4230=AXIS2_PLACEMENT_3D('',#6102,#4744,#4745);
#4231=AXIS2_PLACEMENT_3D('',#6104,#4746,#4747);
#4232=AXIS2_PLACEMENT_3D('',#6105,#4748,#4749);
#4233=AXIS2_PLACEMENT_3D('',#6116,#4750,#4751);
#4234=AXIS2_PLACEMENT_3D('',#6117,#4752,#4753);
#4235=AXIS2_PLACEMENT_3D('',#6118,#4754,#4755);
#4236=AXIS2_PLACEMENT_3D('',#6124,#4758,#4759);
#4237=AXIS2_PLACEMENT_3D('',#6126,#4760,#4761);
#4238=AXIS2_PLACEMENT_3D('',#6127,#4762,#4763);
#4239=AXIS2_PLACEMENT_3D('',#6138,#4764,#4765);
#4240=AXIS2_PLACEMENT_3D('',#6139,#4766,#4767);
#4241=AXIS2_PLACEMENT_3D('',#6140,#4768,#4769);
#4242=AXIS2_PLACEMENT_3D('',#6146,#4772,#4773);
#4243=AXIS2_PLACEMENT_3D('',#6148,#4774,#4775);
#4244=AXIS2_PLACEMENT_3D('',#6149,#4776,#4777);
#4245=AXIS2_PLACEMENT_3D('',#6160,#4778,#4779);
#4246=AXIS2_PLACEMENT_3D('',#6161,#4780,#4781);
#4247=AXIS2_PLACEMENT_3D('',#6162,#4782,#4783);
#4248=AXIS2_PLACEMENT_3D('',#6168,#4786,#4787);
#4249=AXIS2_PLACEMENT_3D('',#6170,#4788,#4789);
#4250=AXIS2_PLACEMENT_3D('',#6171,#4790,#4791);
#4251=AXIS2_PLACEMENT_3D('',#6172,#4792,#4793);
#4252=AXIS2_PLACEMENT_3D('',#6178,#4796,#4797);
#4253=AXIS2_PLACEMENT_3D('',#6180,#4798,#4799);
#4254=AXIS2_PLACEMENT_3D('',#6181,#4800,#4801);
#4255=AXIS2_PLACEMENT_3D('',#6192,#4802,#4803);
#4256=AXIS2_PLACEMENT_3D('',#6193,#4804,#4805);
#4257=AXIS2_PLACEMENT_3D('',#6197,#4807,#4808);
#4258=AXIS2_PLACEMENT_3D('',#6199,#4809,#4810);
#4259=AXIS2_PLACEMENT_3D('',#6200,#4811,#4812);
#4260=AXIS2_PLACEMENT_3D('',#6201,#4813,#4814);
#4261=AXIS2_PLACEMENT_3D('',#6203,#4815,#4816);
#4262=AXIS2_PLACEMENT_3D('',#6204,#4817,#4818);
#4263=AXIS2_PLACEMENT_3D('',#6206,#4819,#4820);
#4264=AXIS2_PLACEMENT_3D('',#6207,#4821,#4822);
#4265=AXIS2_PLACEMENT_3D('',#6209,#4823,#4824);
#4266=AXIS2_PLACEMENT_3D('',#6210,#4825,#4826);
#4267=AXIS2_PLACEMENT_3D('',#6212,#4827,#4828);
#4268=AXIS2_PLACEMENT_3D('',#6213,#4829,#4830);
#4269=AXIS2_PLACEMENT_3D('',#6215,#4831,#4832);
#4270=AXIS2_PLACEMENT_3D('',#6216,#4833,#4834);
#4271=AXIS2_PLACEMENT_3D('',#6221,#4836,#4837);
#4272=AXIS2_PLACEMENT_3D('',#6226,#4840,#4841);
#4273=AXIS2_PLACEMENT_3D('',#6232,#4845,#4846);
#4274=AXIS2_PLACEMENT_3D('',#6236,#4848,#4849);
#4275=AXIS2_PLACEMENT_3D('',#6242,#4853,#4854);
#4276=AXIS2_PLACEMENT_3D('',#6246,#4856,#4857);
#4277=AXIS2_PLACEMENT_3D('',#6252,#4861,#4862);
#4278=AXIS2_PLACEMENT_3D('',#6256,#4864,#4865);
#4279=AXIS2_PLACEMENT_3D('',#6262,#4869,#4870);
#4280=AXIS2_PLACEMENT_3D('',#6266,#4872,#4873);
#4281=AXIS2_PLACEMENT_3D('',#6272,#4877,#4878);
#4282=AXIS2_PLACEMENT_3D('',#6276,#4880,#4881);
#4283=AXIS2_PLACEMENT_3D('',#6282,#4885,#4886);
#4284=AXIS2_PLACEMENT_3D('',#6286,#4888,#4889);
#4285=AXIS2_PLACEMENT_3D('',#6292,#4893,#4894);
#4286=AXIS2_PLACEMENT_3D('',#6296,#4896,#4897);
#4287=AXIS2_PLACEMENT_3D('',#6300,#4899,#4900);
#4288=AXIS2_PLACEMENT_3D('',#6305,#4903,#4904);
#4289=AXIS2_PLACEMENT_3D('',#6309,#4906,#4907);
#4290=AXIS2_PLACEMENT_3D('',#6312,#4909,#4910);
#4291=AXIS2_PLACEMENT_3D('',#6316,#4913,#4914);
#4292=AXIS2_PLACEMENT_3D('',#6317,#4915,#4916);
#4293=AXIS2_PLACEMENT_3D('',#6326,#4917,#4918);
#4294=AXIS2_PLACEMENT_3D('',#6328,#4920,#4921);
#4295=AXIS2_PLACEMENT_3D('',#6329,#4922,#4923);
#4296=AXIS2_PLACEMENT_3D('',#6332,#4925,#4926);
#4297=AXIS2_PLACEMENT_3D('',#6335,#4929,#4930);
#4298=AXIS2_PLACEMENT_3D('',#6337,#4932,#4933);
#4299=AXIS2_PLACEMENT_3D('',#6338,#4934,#4935);
#4300=AXIS2_PLACEMENT_3D('',#6339,#4936,#4937);
#4301=AXIS2_PLACEMENT_3D('',#6341,#4939,#4940);
#4302=AXIS2_PLACEMENT_3D('',#6342,#4941,#4942);
#4303=AXIS2_PLACEMENT_3D('',#6345,#4944,#4945);
#4304=AXIS2_PLACEMENT_3D('',#6348,#4948,#4949);
#4305=AXIS2_PLACEMENT_3D('',#6350,#4951,#4952);
#4306=AXIS2_PLACEMENT_3D('',#6351,#4953,#4954);
#4307=AXIS2_PLACEMENT_3D('',#6353,#4956,#4957);
#4308=AXIS2_PLACEMENT_3D('',#6354,#4958,#4959);
#4309=AXIS2_PLACEMENT_3D('',#6357,#4961,#4962);
#4310=AXIS2_PLACEMENT_3D('',#6360,#4965,#4966);
#4311=AXIS2_PLACEMENT_3D('',#6362,#4968,#4969);
#4312=AXIS2_PLACEMENT_3D('',#6363,#4970,#4971);
#4313=AXIS2_PLACEMENT_3D('',#6365,#4973,#4974);
#4314=AXIS2_PLACEMENT_3D('',#6366,#4975,#4976);
#4315=AXIS2_PLACEMENT_3D('',#6369,#4978,#4979);
#4316=AXIS2_PLACEMENT_3D('',#6372,#4982,#4983);
#4317=AXIS2_PLACEMENT_3D('',#6374,#4985,#4986);
#4318=AXIS2_PLACEMENT_3D('',#6375,#4987,#4988);
#4319=AXIS2_PLACEMENT_3D('',#6377,#4990,#4991);
#4320=AXIS2_PLACEMENT_3D('',#6378,#4992,#4993);
#4321=AXIS2_PLACEMENT_3D('',#6381,#4995,#4996);
#4322=AXIS2_PLACEMENT_3D('',#6384,#4999,#5000);
#4323=AXIS2_PLACEMENT_3D('',#6386,#5002,#5003);
#4324=AXIS2_PLACEMENT_3D('',#6387,#5004,#5005);
#4325=AXIS2_PLACEMENT_3D('',#6389,#5007,#5008);
#4326=AXIS2_PLACEMENT_3D('',#6390,#5009,#5010);
#4327=AXIS2_PLACEMENT_3D('',#6393,#5012,#5013);
#4328=AXIS2_PLACEMENT_3D('',#6396,#5016,#5017);
#4329=AXIS2_PLACEMENT_3D('',#6398,#5019,#5020);
#4330=AXIS2_PLACEMENT_3D('',#6399,#5021,#5022);
#4331=AXIS2_PLACEMENT_3D('',#6401,#5024,#5025);
#4332=AXIS2_PLACEMENT_3D('',#6402,#5026,#5027);
#4333=AXIS2_PLACEMENT_3D('',#6405,#5029,#5030);
#4334=AXIS2_PLACEMENT_3D('',#6408,#5033,#5034);
#4335=AXIS2_PLACEMENT_3D('',#6410,#5036,#5037);
#4336=AXIS2_PLACEMENT_3D('',#6411,#5038,#5039);
#4337=AXIS2_PLACEMENT_3D('',#6413,#5041,#5042);
#4338=AXIS2_PLACEMENT_3D('',#6414,#5043,#5044);
#4339=AXIS2_PLACEMENT_3D('',#6417,#5046,#5047);
#4340=AXIS2_PLACEMENT_3D('',#6420,#5050,#5051);
#4341=AXIS2_PLACEMENT_3D('',#6422,#5053,#5054);
#4342=AXIS2_PLACEMENT_3D('',#6423,#5055,#5056);
#4343=AXIS2_PLACEMENT_3D('',#6424,#5057,#5058);
#4344=AXIS2_PLACEMENT_3D('',#6425,#5059,#5060);
#4345=AXIS2_PLACEMENT_3D('',#6426,#5061,#5062);
#4346=AXIS2_PLACEMENT_3D('',#6427,#5063,#5064);
#4347=AXIS2_PLACEMENT_3D('',#6428,#5065,#5066);
#4348=AXIS2_PLACEMENT_3D('',#6429,#5067,#5068);
#4349=AXIS2_PLACEMENT_3D('',#6430,#5069,#5070);
#4350=AXIS2_PLACEMENT_3D('',#6432,#5072,#5073);
#4351=AXIS2_PLACEMENT_3D('',#6434,#5075,#5076);
#4352=AXIS2_PLACEMENT_3D('',#6435,#5077,#5078);
#4353=AXIS2_PLACEMENT_3D('',#6440,#5082,#5083);
#4354=AXIS2_PLACEMENT_3D('',#6444,#5086,#5087);
#4355=AXIS2_PLACEMENT_3D('',#6447,#5090,#5091);
#4356=AXIS2_PLACEMENT_3D('',#6448,#5092,#5093);
#4357=AXIS2_PLACEMENT_3D('',#6449,#5094,#5095);
#4358=AXIS2_PLACEMENT_3D('',#6455,#5099,#5100);
#4359=AXIS2_PLACEMENT_3D('',#6461,#5101,#5102);
#4360=AXIS2_PLACEMENT_3D('',#6462,#5103,#5104);
#4361=AXIS2_PLACEMENT_3D('',#6472,#5105,#5106);
#4362=AXIS2_PLACEMENT_3D('',#6512,#5107,#5108);
#4363=AXIS2_PLACEMENT_3D('',#6522,#5109,#5110);
#4364=AXIS2_PLACEMENT_3D('',#6532,#5111,#5112);
#4365=AXIS2_PLACEMENT_3D('',#6535,#5114,#5115);
#4366=AXIS2_PLACEMENT_3D('',#6536,#5116,#5117);
#4367=AXIS2_PLACEMENT_3D('',#6540,#5120,#5121);
#4368=AXIS2_PLACEMENT_3D('',#6541,#5122,#5123);
#4369=AXIS2_PLACEMENT_3D('',#6542,#5124,#5125);
#4370=AXIS2_PLACEMENT_3D('',#6578,#5126,#5127);
#4371=AXIS2_PLACEMENT_3D('',#6588,#5128,#5129);
#4372=AXIS2_PLACEMENT_3D('',#6598,#5130,#5131);
#4373=AXIS2_PLACEMENT_3D('',#6601,#5133,#5134);
#4374=AXIS2_PLACEMENT_3D('',#6602,#5135,#5136);
#4375=AXIS2_PLACEMENT_3D('',#6606,#5139,#5140);
#4376=AXIS2_PLACEMENT_3D('',#6609,#5142,#5143);
#4377=AXIS2_PLACEMENT_3D('',#6610,#5144,#5145);
#4378=AXIS2_PLACEMENT_3D('',#6614,#5148,#5149);
#4379=AXIS2_PLACEMENT_3D('',#6620,#5150,#5151);
#4380=AXIS2_PLACEMENT_3D('',#6621,#5152,#5153);
#4381=AXIS2_PLACEMENT_3D('',#6631,#5154,#5155);
#4382=AXIS2_PLACEMENT_3D('',#6636,#5156,#5157);
#4383=AXIS2_PLACEMENT_3D('',#6637,#5158,#5159);
#4384=AXIS2_PLACEMENT_3D('',#6646,#5160,#5161);
#4385=AXIS2_PLACEMENT_3D('',#7220,#5162,#5163);
#4386=AXIS2_PLACEMENT_3D('',#7727,#5164,#5165);
#4387=AXIS2_PLACEMENT_3D('',#7728,#5166,#5167);
#4388=AXIS2_PLACEMENT_3D('',#7729,#5168,#5169);
#4389=AXIS2_PLACEMENT_3D('',#7738,#5172,#5173);
#4390=AXIS2_PLACEMENT_3D('',#7744,#5174,#5175);
#4391=AXIS2_PLACEMENT_3D('',#7745,#5176,#5177);
#4392=AXIS2_PLACEMENT_3D('',#7746,#5178,#5179);
#4393=AXIS2_PLACEMENT_3D('',#7749,#5181,#5182);
#4394=AXIS2_PLACEMENT_3D('',#7750,#5183,#5184);
#4395=AXIS2_PLACEMENT_3D('',#7753,#5186,#5187);
#4396=AXIS2_PLACEMENT_3D('',#7754,#5188,#5189);
#4397=AXIS2_PLACEMENT_3D('',#7757,#5191,#5192);
#4398=AXIS2_PLACEMENT_3D('',#7761,#5195,#5196);
#4399=AXIS2_PLACEMENT_3D('',#7762,#5197,#5198);
#4400=AXIS2_PLACEMENT_3D('',#7763,#5199,#5200);
#4401=AXIS2_PLACEMENT_3D('',#7764,#5201,#5202);
#4402=AXIS2_PLACEMENT_3D('',#7767,#5204,#5205);
#4403=AXIS2_PLACEMENT_3D('',#8040,#5206,#5207);
#4404=AXIS2_PLACEMENT_3D('',#8041,#5208,#5209);
#4405=AXIS2_PLACEMENT_3D('',#8044,#5211,#5212);
#4406=AXIS2_PLACEMENT_3D('',#8045,#5213,#5214);
#4407=AXIS2_PLACEMENT_3D('',#8046,#5215,#5216);
#4408=AXIS2_PLACEMENT_3D('',#8359,#5217,#5218);
#4409=AXIS2_PLACEMENT_3D('',#8360,#5219,#5220);
#4410=AXIS2_PLACEMENT_3D('',#8366,#5224,#5225);
#4411=AXIS2_PLACEMENT_3D('',#8367,#5226,#5227);
#4412=AXIS2_PLACEMENT_3D('',#8370,#5229,#5230);
#4413=AXIS2_PLACEMENT_3D('',#8371,#5231,#5232);
#4414=AXIS2_PLACEMENT_3D('',#8373,#5233,#5234);
#4415=AXIS2_PLACEMENT_3D('',#8374,#5235,#5236);
#4416=AXIS2_PLACEMENT_3D('',#8618,#5237,#5238);
#4417=AXIS2_PLACEMENT_3D('',#8619,#5239,#5240);
#4418=AXIS2_PLACEMENT_3D('',#8841,#5241,#5242);
#4419=AXIS2_PLACEMENT_3D('',#8842,#5243,#5244);
#4420=AXIS2_PLACEMENT_3D('',#8845,#5246,#5247);
#4421=AXIS2_PLACEMENT_3D('',#8846,#5248,#5249);
#4422=AXIS2_PLACEMENT_3D('',#8849,#5251,#5252);
#4423=AXIS2_PLACEMENT_3D('',#8850,#5253,#5254);
#4424=AXIS2_PLACEMENT_3D('',#8851,#5255,#5256);
#4425=AXIS2_PLACEMENT_3D('',#8852,#5257,#5258);
#4426=AXIS2_PLACEMENT_3D('',#8858,#5262,#5263);
#4427=AXIS2_PLACEMENT_3D('',#8859,#5264,#5265);
#4428=AXIS2_PLACEMENT_3D('',#8862,#5267,#5268);
#4429=AXIS2_PLACEMENT_3D('',#8866,#5271,#5272);
#4430=AXIS2_PLACEMENT_3D('',#8867,#5273,#5274);
#4431=AXIS2_PLACEMENT_3D('',#8870,#5276,#5277);
#4432=AXIS2_PLACEMENT_3D('',#8874,#5280,#5281);
#4433=AXIS2_PLACEMENT_3D('',#8875,#5282,#5283);
#4434=AXIS2_PLACEMENT_3D('',#8878,#5285,#5286);
#4435=AXIS2_PLACEMENT_3D('',#8882,#5289,#5290);
#4436=AXIS2_PLACEMENT_3D('',#8883,#5291,#5292);
#4437=AXIS2_PLACEMENT_3D('',#8886,#5294,#5295);
#4438=AXIS2_PLACEMENT_3D('',#8893,#5297,#5298);
#4439=AXIS2_PLACEMENT_3D('',#8894,#5299,#5300);
#4440=AXIS2_PLACEMENT_3D('',#8897,#5302,#5303);
#4441=AXIS2_PLACEMENT_3D('',#8898,#5304,#5305);
#4442=AXIS2_PLACEMENT_3D('',#8899,#5306,#5307);
#4443=AXIS2_PLACEMENT_3D('',#8900,#5308,#5309);
#4444=AXIS2_PLACEMENT_3D('',#8903,#5310,#5311);
#4445=AXIS2_PLACEMENT_3D('',#8906,#5313,#5314);
#4446=AXIS2_PLACEMENT_3D('',#8915,#5317,#5318);
#4447=AXIS2_PLACEMENT_3D('',#8916,#5319,#5320);
#4448=AXIS2_PLACEMENT_3D('',#8919,#5322,#5323);
#4449=AXIS2_PLACEMENT_3D('',#8920,#5324,#5325);
#4450=AXIS2_PLACEMENT_3D('',#8921,#5326,#5327);
#4451=AXIS2_PLACEMENT_3D('',#9396,#5328,#5329);
#4452=AXIS2_PLACEMENT_3D('',#9397,#5330,#5331);
#4453=AXIS2_PLACEMENT_3D('',#9600,#5332,#5333);
#4454=AXIS2_PLACEMENT_3D('',#9819,#5335,#5336);
#4455=AXIS2_PLACEMENT_3D('',#9820,#5337,#5338);
#4456=AXIS2_PLACEMENT_3D('',#9821,#5339,#5340);
#4457=AXIS2_PLACEMENT_3D('',#10096,#5341,#5342);
#4458=AXIS2_PLACEMENT_3D('',#10097,#5343,#5344);
#4459=AXIS2_PLACEMENT_3D('',#10100,#5346,#5347);
#4460=AXIS2_PLACEMENT_3D('',#10101,#5348,#5349);
#4461=AXIS2_PLACEMENT_3D('',#10104,#5351,#5352);
#4462=AXIS2_PLACEMENT_3D('',#10108,#5355,#5356);
#4463=AXIS2_PLACEMENT_3D('',#10109,#5357,#5358);
#4464=AXIS2_PLACEMENT_3D('',#10112,#5360,#5361);
#4465=AXIS2_PLACEMENT_3D('',#10119,#5363,#5364);
#4466=AXIS2_PLACEMENT_3D('',#10120,#5365,#5366);
#4467=AXIS2_PLACEMENT_3D('',#10348,#5367,#5368);
#4468=AXIS2_PLACEMENT_3D('',#10349,#5369,#5370);
#4469=AXIS2_PLACEMENT_3D('',#10350,#5371,#5372);
#4470=AXIS2_PLACEMENT_3D('',#10351,#5373,#5374);
#4471=AXIS2_PLACEMENT_3D('',#10357,#5378,#5379);
#4472=AXIS2_PLACEMENT_3D('',#10358,#5380,#5381);
#4473=AXIS2_PLACEMENT_3D('',#10361,#5383,#5384);
#4474=AXIS2_PLACEMENT_3D('',#10365,#5387,#5388);
#4475=AXIS2_PLACEMENT_3D('',#10366,#5389,#5390);
#4476=AXIS2_PLACEMENT_3D('',#10369,#5392,#5393);
#4477=AXIS2_PLACEMENT_3D('',#10370,#5394,#5395);
#4478=AXIS2_PLACEMENT_3D('',#10373,#5397,#5398);
#4479=AXIS2_PLACEMENT_3D('',#10374,#5399,#5400);
#4480=AXIS2_PLACEMENT_3D('',#10375,#5401,#5402);
#4481=DIRECTION('',(0.,0.,1.));
#4482=DIRECTION('',(1.,0.,0.));
#4483=DIRECTION('',(0.,-1.,0.));
#4484=DIRECTION('',(0.,0.,-1.));
#4485=DIRECTION('',(0.,-1.,0.));
#4486=DIRECTION('',(0.,-1.,0.));
#4487=DIRECTION('',(0.999997583997066,0.,-0.00219818107312252));
#4488=DIRECTION('',(0.,1.,0.));
#4489=DIRECTION('',(0.,-1.,0.));
#4490=DIRECTION('',(0.999909752606503,0.,0.0134345317150117));
#4491=DIRECTION('',(0.00787027290697811,-0.540016137859858,-0.841617864386975));
#4492=DIRECTION('',(-0.00504966534216828,-0.841654662466099,0.53999252775294));
#4493=DIRECTION('',(0.,-1.,0.));
#4494=DIRECTION('',(0.999986128112862,0.,0.00526721765703414));
#4495=DIRECTION('',(-0.253549297503989,0.656697904059638,0.710253909907515));
#4496=DIRECTION('',(-0.220784282468433,-0.754153739501223,0.618471048482644));
#4497=DIRECTION('',(0.,-1.,0.));
#4498=DIRECTION('',(0.940444763638254,0.,0.339946534833625));
#4499=DIRECTION('',(0.,-1.,0.));
#4500=DIRECTION('',(0.,-1.,0.));
#4501=DIRECTION('',(0.931595127489631,0.,0.363497618200695));
#4502=DIRECTION('',(0.,1.,0.));
#4503=DIRECTION('',(0.257495972832137,-0.683955196637188,-0.682569493142066));
#4504=DIRECTION('',(-0.241411804166291,-0.729524015364118,0.639933630790093));
#4505=DIRECTION('',(0.,-1.,0.));
#4506=DIRECTION('',(0.932303673491746,0.,0.36167645816917));
#4507=DIRECTION('',(0.,-1.,0.));
#4508=DIRECTION('',(0.749964645185479,0.,0.661477914198062));
#4509=DIRECTION('',(0.,1.,0.));
#4510=DIRECTION('',(0.,-1.,0.));
#4511=DIRECTION('',(0.752544151577884,0.,0.658541798161607));
#4512=DIRECTION('',(0.,-1.,0.));
#4513=DIRECTION('',(0.,-1.,0.));
#4514=DIRECTION('',(0.515172306316008,0.,0.857086632030301));
#4515=DIRECTION('',(0.,-1.,0.));
#4516=DIRECTION('',(0.,-1.,0.));
#4517=DIRECTION('',(0.515172306316008,0.,0.857086632030301));
#4518=DIRECTION('',(0.,-1.,0.));
#4519=DIRECTION('',(0.,-1.,0.));
#4520=DIRECTION('',(0.503400404657727,0.,0.864053257959506));
#4521=DIRECTION('',(0.,1.,0.));
#4522=DIRECTION('',(0.,-1.,0.));
#4523=DIRECTION('',(0.475283644351631,0.,0.879832630340471));
#4524=DIRECTION('',(0.,1.,0.));
#4525=DIRECTION('',(0.731647156405015,-0.544356092895971,-0.410327774652764));
#4526=DIRECTION('',(-0.474786400471108,-0.838854244864406,0.266273223964888));
#4527=DIRECTION('',(0.,-1.,0.));
#4528=DIRECTION('',(0.502899052208723,0.,0.864345152868672));
#4529=DIRECTION('',(0.,-1.,0.));
#4530=DIRECTION('',(0.,-1.,0.));
#4531=DIRECTION('',(0.168699297055615,0.,0.985667564228904));
#4532=DIRECTION('',(-0.9656199449639,0.201869441881476,0.163789042131568));
#4533=DIRECTION('',(-0.199026632005427,-0.979412440412343,0.0337590183227414));
#4534=DIRECTION('',(0.,-1.,0.));
#4535=DIRECTION('',(0.143048802054688,0.,0.989715636044374));
#4536=DIRECTION('',(0.221398197800567,0.974565943285059,-0.0346995705962592));
#4537=DIRECTION('',(0.962812396379776,-0.224100919652071,-0.150900852179601));
#4538=DIRECTION('',(0.966760828769274,-0.206872554010167,-0.150257267227432));
#4539=DIRECTION('',(-0.204418278549248,-0.978367899308491,0.0317713864609595));
#4540=DIRECTION('',(0.,-1.,0.));
#4541=DIRECTION('',(0.158005581105972,0.,0.98743821899872));
#4542=DIRECTION('',(-0.878107645146324,0.452663277819146,-0.154993291627748));
#4543=DIRECTION('',(-0.445772476006645,-0.891681533348105,-0.0786825439400519));
#4544=DIRECTION('',(0.875639864494673,-0.452703118225595,0.168269766911868));
#4545=DIRECTION('',(-0.444568911873456,-0.891661307195071,-0.0854318198730936));
#4546=DIRECTION('',(-0.4461002967812,-0.891536300179171,-0.0784700622821299));
#4547=DIRECTION('',(0.878055556527008,-0.452949252635255,0.154451980204888));
#4548=DIRECTION('',(0.,-1.,0.));
#4549=DIRECTION('',(0.384971563225345,0.892674148001953,0.234370990092248));
#4550=DIRECTION('',(0.762485362348246,-0.450702635325096,0.464201687540748));
#4551=DIRECTION('',(0.776105708311021,-0.426996252283718,0.464041086610558));
#4552=DIRECTION('',(-0.366483809769194,-0.904253393986254,-0.219124203686853));
#4553=DIRECTION('',(0.,-1.,0.));
#4554=DIRECTION('',(-0.527827629749997,0.,0.849351513375058));
#4555=DIRECTION('',(0.,1.,0.));
#4556=DIRECTION('',(0.,-1.,0.));
#4557=DIRECTION('',(-0.527827629749997,0.,0.849351513375058));
#4558=DIRECTION('',(0.,-1.,0.));
#4559=DIRECTION('',(0.,0.,-1.));
#4560=DIRECTION('',(0.,-1.,0.));
#4561=DIRECTION('',(0.,-1.,0.));
#4562=DIRECTION('',(0.,0.,-1.));
#4563=DIRECTION('',(0.,-1.,0.));
#4564=DIRECTION('',(0.,-1.,0.));
#4565=DIRECTION('',(0.,0.,-1.));
#4566=DIRECTION('',(0.,-1.,0.));
#4567=DIRECTION('',(0.,-1.,0.));
#4568=DIRECTION('',(0.,0.,-1.));
#4569=DIRECTION('',(0.,-1.,0.));
#4570=DIRECTION('',(0.,-1.,0.));
#4571=DIRECTION('',(0.,0.,-1.));
#4572=DIRECTION('',(0.,-1.,0.));
#4573=DIRECTION('',(0.,-1.,0.));
#4574=DIRECTION('',(0.,0.,-1.));
#4575=DIRECTION('',(0.,-1.,0.));
#4576=DIRECTION('',(0.,-1.,0.));
#4577=DIRECTION('',(0.,0.,-1.));
#4578=DIRECTION('',(0.,-1.,0.));
#4579=DIRECTION('',(0.,-1.,0.));
#4580=DIRECTION('',(0.,0.,-1.));
#4581=DIRECTION('',(0.,-1.,0.));
#4582=DIRECTION('',(0.,-1.,0.));
#4583=DIRECTION('',(0.,0.,-1.));
#4584=DIRECTION('',(0.,-1.,0.));
#4585=DIRECTION('',(0.,-1.,0.));
#4586=DIRECTION('',(0.,0.,-1.));
#4587=DIRECTION('',(0.,-1.,0.));
#4588=DIRECTION('',(0.,-1.,0.));
#4589=DIRECTION('',(0.,0.,-1.));
#4590=DIRECTION('',(0.,-1.,0.));
#4591=DIRECTION('',(0.,-1.,0.));
#4592=DIRECTION('',(0.,0.,-1.));
#4593=DIRECTION('',(0.,-1.,0.));
#4594=DIRECTION('',(0.,-1.,0.));
#4595=DIRECTION('',(0.,0.,-1.));
#4596=DIRECTION('',(0.,-1.,0.));
#4597=DIRECTION('',(0.,-1.,0.));
#4598=DIRECTION('',(0.,0.,-1.));
#4599=DIRECTION('',(0.,-1.,0.));
#4600=DIRECTION('',(0.,-1.,0.));
#4601=DIRECTION('',(0.,0.,-1.));
#4602=DIRECTION('',(0.,-1.,0.));
#4603=DIRECTION('',(0.,-1.,0.));
#4604=DIRECTION('',(0.,0.,-1.));
#4605=DIRECTION('',(0.,-1.,0.));
#4606=DIRECTION('',(0.,-1.,0.));
#4607=DIRECTION('',(0.,0.,-1.));
#4608=DIRECTION('',(0.,-1.,0.));
#4609=DIRECTION('',(0.,-1.,0.));
#4610=DIRECTION('',(0.,0.,-1.));
#4611=DIRECTION('',(0.,-1.,0.));
#4612=DIRECTION('',(0.,-1.,0.));
#4613=DIRECTION('',(0.,0.,-1.));
#4614=DIRECTION('',(0.,-1.,0.));
#4615=DIRECTION('',(0.,-1.,0.));
#4616=DIRECTION('',(0.,0.,-1.));
#4617=DIRECTION('',(0.,-1.,0.));
#4618=DIRECTION('',(0.,1.,0.));
#4619=DIRECTION('',(0.,0.,1.));
#4620=DIRECTION('',(0.,1.,0.));
#4621=DIRECTION('',(0.,-1.,0.));
#4622=DIRECTION('',(0.458036430118975,0.,-0.888933421963572));
#4623=DIRECTION('',(0.,-1.,0.));
#4624=DIRECTION('',(0.,-1.,0.));
#4625=DIRECTION('',(0.474431698847203,0.,-0.880292316863527));
#4626=DIRECTION('',(0.,-1.,0.));
#4627=DIRECTION('',(0.452152463487782,0.,-0.891940664933453));
#4628=DIRECTION('',(0.,-1.,0.));
#4629=DIRECTION('',(0.474431698847203,0.,-0.880292316863527));
#4630=DIRECTION('',(0.,-1.,0.));
#4631=DIRECTION('',(0.,-1.,0.));
#4632=DIRECTION('',(0.458036430118975,0.,-0.888933421963572));
#4633=DIRECTION('',(0.,1.,0.));
#4634=DIRECTION('',(0.,-1.,0.));
#4635=DIRECTION('',(0.452152463487782,-3.05678145546574E-16,-0.891940664933453));
#4636=DIRECTION('',(0.,1.,0.));
#4637=DIRECTION('',(0.,0.,1.));
#4638=DIRECTION('',(0.642787609686538,0.,-0.766044443118979));
#4639=DIRECTION('',(0.76604444311898,0.,0.642787609686537));
#4640=DIRECTION('',(0.,1.,0.));
#4641=DIRECTION('',(0.,0.,1.));
#4642=DIRECTION('',(0.,1.,0.));
#4643=DIRECTION('',(0.,0.,1.));
#4644=DIRECTION('',(-1.,0.,0.));
#4645=DIRECTION('',(0.,1.,0.));
#4646=DIRECTION('',(0.,0.,1.));
#4647=DIRECTION('',(0.,1.,0.));
#4648=DIRECTION('',(0.,0.,1.));
#4649=DIRECTION('',(0.,1.,0.));
#4650=DIRECTION('',(0.,0.,1.));
#4651=DIRECTION('',(0.,1.,0.));
#4652=DIRECTION('',(0.,0.,1.));
#4653=DIRECTION('',(-0.642787609686538,0.,0.766044443118979));
#4654=DIRECTION('',(0.309016994374944,0.,-0.951056516295155));
#4655=DIRECTION('',(0.,1.,0.));
#4656=DIRECTION('',(-0.642787609686535,0.,-0.766044443118981));
#4657=DIRECTION('',(-0.766044443118981,0.,0.642787609686535));
#4658=DIRECTION('',(0.,-1.,0.));
#4659=DIRECTION('',(-0.642787609686535,0.,-0.766044443118981));
#4660=DIRECTION('',(0.,1.,0.));
#4661=DIRECTION('',(-0.642787609686535,0.,-0.766044443118981));
#4662=DIRECTION('',(0.,1.,0.));
#4663=DIRECTION('',(-0.866025403784436,0.,-0.5));
#4664=DIRECTION('',(-0.5,0.,0.866025403784436));
#4665=DIRECTION('',(0.,-1.,0.));
#4666=DIRECTION('',(-0.866025403784436,0.,-0.5));
#4667=DIRECTION('',(0.,1.,0.));
#4668=DIRECTION('',(-0.866025403784436,0.,-0.5));
#4669=DIRECTION('',(0.,1.,0.));
#4670=DIRECTION('',(-0.984807753012207,0.,-0.173648177666934));
#4671=DIRECTION('',(-0.173648177666934,0.,0.984807753012207));
#4672=DIRECTION('',(0.,-1.,0.));
#4673=DIRECTION('',(-0.984807753012207,0.,-0.173648177666934));
#4674=DIRECTION('',(0.,1.,0.));
#4675=DIRECTION('',(-0.984807753012207,0.,-0.173648177666934));
#4676=DIRECTION('',(0.,1.,0.));
#4677=DIRECTION('',(-0.984807753012209,0.,0.173648177666927));
#4678=DIRECTION('',(0.173648177666927,0.,0.984807753012209));
#4679=DIRECTION('',(0.,-1.,0.));
#4680=DIRECTION('',(-0.984807753012209,0.,0.173648177666927));
#4681=DIRECTION('',(0.,1.,0.));
#4682=DIRECTION('',(-0.984807753012209,0.,0.173648177666927));
#4683=DIRECTION('',(0.,1.,0.));
#4684=DIRECTION('',(-0.86602540378444,0.,0.5));
#4685=DIRECTION('',(0.5,0.,0.86602540378444));
#4686=DIRECTION('',(0.,-1.,0.));
#4687=DIRECTION('',(-0.86602540378444,0.,0.5));
#4688=DIRECTION('',(0.,1.,0.));
#4689=DIRECTION('',(-0.86602540378444,0.,0.5));
#4690=DIRECTION('',(0.,1.,0.));
#4691=DIRECTION('',(-0.642787609686541,0.,0.766044443118977));
#4692=DIRECTION('',(0.766044443118977,0.,0.64278760968654));
#4693=DIRECTION('',(0.,-1.,0.));
#4694=DIRECTION('',(-0.64278760968654,0.,0.766044443118977));
#4695=DIRECTION('',(0.,1.,0.));
#4696=DIRECTION('',(-0.64278760968654,0.,0.766044443118977));
#4697=DIRECTION('',(0.,1.,0.));
#4698=DIRECTION('',(-0.342020143325669,0.,0.939692620785908));
#4699=DIRECTION('',(0.939692620785908,0.,0.342020143325669));
#4700=DIRECTION('',(0.,-1.,0.));
#4701=DIRECTION('',(-0.342020143325669,0.,0.939692620785908));
#4702=DIRECTION('',(0.,1.,0.));
#4703=DIRECTION('',(-0.342020143325669,0.,0.939692620785908));
#4704=DIRECTION('',(0.,1.,0.));
#4705=DIRECTION('',(0.,0.,1.));
#4706=DIRECTION('',(0.,1.,0.));
#4707=DIRECTION('',(0.,0.,1.));
#4708=DIRECTION('',(0.,1.,0.));
#4709=DIRECTION('',(0.,0.,1.));
#4710=DIRECTION('',(0.,1.,0.));
#4711=DIRECTION('',(0.,0.,1.));
#4712=DIRECTION('',(0.,1.,0.));
#4713=DIRECTION('',(-0.642787609686535,0.,-0.766044443118981));
#4714=DIRECTION('',(0.766044443118981,0.,-0.642787609686535));
#4715=DIRECTION('',(-0.5,0.,0.866025403784436));
#4716=DIRECTION('',(0.,1.,0.));
#4717=DIRECTION('',(-0.866025403784436,0.,-0.5));
#4718=DIRECTION('',(0.,1.,0.));
#4719=DIRECTION('',(0.,0.,1.));
#4720=DIRECTION('',(0.,1.,0.));
#4721=DIRECTION('',(0.,0.,1.));
#4722=DIRECTION('',(0.,1.,0.));
#4723=DIRECTION('',(0.,0.,1.));
#4724=DIRECTION('',(0.,1.,0.));
#4725=DIRECTION('',(0.,0.,1.));
#4726=DIRECTION('',(0.,1.,0.));
#4727=DIRECTION('',(-0.866025403784436,0.,-0.5));
#4728=DIRECTION('',(0.5,0.,-0.866025403784436));
#4729=DIRECTION('',(-0.173648177666934,0.,0.984807753012207));
#4730=DIRECTION('',(0.,1.,0.));
#4731=DIRECTION('',(-0.984807753012207,0.,-0.173648177666934));
#4732=DIRECTION('',(0.,1.,0.));
#4733=DIRECTION('',(0.,0.,1.));
#4734=DIRECTION('',(0.,1.,0.));
#4735=DIRECTION('',(0.,0.,1.));
#4736=DIRECTION('',(0.,1.,0.));
#4737=DIRECTION('',(0.,0.,1.));
#4738=DIRECTION('',(0.,1.,0.));
#4739=DIRECTION('',(0.,0.,1.));
#4740=DIRECTION('',(0.,1.,0.));
#4741=DIRECTION('',(-0.984807753012207,0.,-0.173648177666934));
#4742=DIRECTION('',(0.173648177666934,0.,-0.984807753012207));
#4743=DIRECTION('',(0.173648177666927,0.,0.984807753012209));
#4744=DIRECTION('',(0.,1.,0.));
#4745=DIRECTION('',(-0.984807753012209,0.,0.173648177666927));
#4746=DIRECTION('',(0.,1.,0.));
#4747=DIRECTION('',(0.,0.,1.));
#4748=DIRECTION('',(0.,1.,0.));
#4749=DIRECTION('',(0.,0.,1.));
#4750=DIRECTION('',(0.,1.,0.));
#4751=DIRECTION('',(0.,0.,1.));
#4752=DIRECTION('',(0.,1.,0.));
#4753=DIRECTION('',(0.,0.,1.));
#4754=DIRECTION('',(0.,1.,0.));
#4755=DIRECTION('',(-0.984807753012209,0.,0.173648177666927));
#4756=DIRECTION('',(-0.173648177666927,0.,-0.984807753012209));
#4757=DIRECTION('',(0.5,0.,0.86602540378444));
#4758=DIRECTION('',(0.,1.,0.));
#4759=DIRECTION('',(-0.86602540378444,0.,0.5));
#4760=DIRECTION('',(0.,1.,0.));
#4761=DIRECTION('',(0.,0.,1.));
#4762=DIRECTION('',(0.,1.,0.));
#4763=DIRECTION('',(0.,0.,1.));
#4764=DIRECTION('',(0.,1.,0.));
#4765=DIRECTION('',(0.,0.,1.));
#4766=DIRECTION('',(0.,1.,0.));
#4767=DIRECTION('',(0.,0.,1.));
#4768=DIRECTION('',(0.,1.,0.));
#4769=DIRECTION('',(-0.86602540378444,0.,0.5));
#4770=DIRECTION('',(-0.5,0.,-0.86602540378444));
#4771=DIRECTION('',(0.766044443118977,0.,0.64278760968654));
#4772=DIRECTION('',(0.,1.,0.));
#4773=DIRECTION('',(-0.64278760968654,0.,0.766044443118977));
#4774=DIRECTION('',(0.,1.,0.));
#4775=DIRECTION('',(0.,0.,1.));
#4776=DIRECTION('',(0.,1.,0.));
#4777=DIRECTION('',(0.,0.,1.));
#4778=DIRECTION('',(0.,1.,0.));
#4779=DIRECTION('',(0.,0.,1.));
#4780=DIRECTION('',(0.,1.,0.));
#4781=DIRECTION('',(0.,0.,1.));
#4782=DIRECTION('',(0.,1.,0.));
#4783=DIRECTION('',(-0.64278760968654,0.,0.766044443118977));
#4784=DIRECTION('',(-0.766044443118977,0.,-0.64278760968654));
#4785=DIRECTION('',(0.939692620785908,0.,0.342020143325669));
#4786=DIRECTION('',(0.,1.,0.));
#4787=DIRECTION('',(-0.342020143325669,0.,0.939692620785908));
#4788=DIRECTION('',(0.,1.,0.));
#4789=DIRECTION('',(0.,0.,1.));
#4790=DIRECTION('',(0.,1.,0.));
#4791=DIRECTION('',(0.,0.,1.));
#4792=DIRECTION('',(0.,1.,0.));
#4793=DIRECTION('',(-0.342020143325669,0.,0.939692620785908));
#4794=DIRECTION('',(-0.939692620785908,0.,-0.342020143325669));
#4795=DIRECTION('',(1.,0.,0.));
#4796=DIRECTION('',(0.,1.,0.));
#4797=DIRECTION('',(0.,0.,1.));
#4798=DIRECTION('',(0.,1.,0.));
#4799=DIRECTION('',(0.,0.,1.));
#4800=DIRECTION('',(0.,1.,0.));
#4801=DIRECTION('',(0.,0.,1.));
#4802=DIRECTION('',(0.,1.,0.));
#4803=DIRECTION('',(0.,0.,1.));
#4804=DIRECTION('',(0.,1.,0.));
#4805=DIRECTION('',(0.,0.,1.));
#4806=DIRECTION('',(1.,0.,0.));
#4807=DIRECTION('',(0.,-1.,0.));
#4808=DIRECTION('',(0.,0.,1.));
#4809=DIRECTION('',(0.,1.,0.));
#4810=DIRECTION('',(0.,0.,1.));
#4811=DIRECTION('',(0.,-1.,0.));
#4812=DIRECTION('',(0.,0.,-1.));
#4813=DIRECTION('',(0.,-1.,0.));
#4814=DIRECTION('',(0.,0.,-1.));
#4815=DIRECTION('',(0.,-1.,0.));
#4816=DIRECTION('',(0.,0.,-1.));
#4817=DIRECTION('',(0.,-1.,0.));
#4818=DIRECTION('',(0.,0.,-1.));
#4819=DIRECTION('',(0.,1.,0.));
#4820=DIRECTION('',(0.,0.,1.));
#4821=DIRECTION('',(0.,-1.,0.));
#4822=DIRECTION('',(0.,0.,-1.));
#4823=DIRECTION('',(0.,-1.,0.));
#4824=DIRECTION('',(0.,0.,-1.));
#4825=DIRECTION('',(0.,-1.,0.));
#4826=DIRECTION('',(0.,0.,-1.));
#4827=DIRECTION('',(0.,1.,0.));
#4828=DIRECTION('',(0.,0.,1.));
#4829=DIRECTION('',(0.,-1.,0.));
#4830=DIRECTION('',(0.,0.,-1.));
#4831=DIRECTION('',(0.,-1.,0.));
#4832=DIRECTION('',(0.,0.,-1.));
#4833=DIRECTION('',(0.,-1.,0.));
#4834=DIRECTION('',(0.,0.,-1.));
#4835=DIRECTION('',(0.,-1.,0.));
#4836=DIRECTION('',(0.,1.,0.));
#4837=DIRECTION('',(0.,0.,1.));
#4838=DIRECTION('',(0.,-1.,0.));
#4839=DIRECTION('',(0.,-1.,0.));
#4840=DIRECTION('',(0.,-1.,0.));
#4841=DIRECTION('',(0.,0.,-1.));
#4842=DIRECTION('',(0.,-1.,0.));
#4843=DIRECTION('',(0.,1.,0.));
#4844=DIRECTION('',(0.,-1.,0.));
#4845=DIRECTION('',(0.,-1.,0.));
#4846=DIRECTION('',(0.,0.,-1.));
#4847=DIRECTION('',(0.,-1.,0.));
#4848=DIRECTION('',(0.,-1.,0.));
#4849=DIRECTION('',(-0.642787609686535,0.,-0.766044443118981));
#4850=DIRECTION('',(0.,1.,0.));
#4851=DIRECTION('',(0.,1.,0.));
#4852=DIRECTION('',(0.,-1.,0.));
#4853=DIRECTION('',(0.,-1.,0.));
#4854=DIRECTION('',(0.,0.,-1.));
#4855=DIRECTION('',(0.,-1.,0.));
#4856=DIRECTION('',(0.,-1.,0.));
#4857=DIRECTION('',(-0.866025403784436,0.,-0.5));
#4858=DIRECTION('',(0.,1.,0.));
#4859=DIRECTION('',(0.,1.,0.));
#4860=DIRECTION('',(0.,-1.,0.));
#4861=DIRECTION('',(0.,-1.,0.));
#4862=DIRECTION('',(0.,0.,-1.));
#4863=DIRECTION('',(0.,-1.,0.));
#4864=DIRECTION('',(0.,-1.,0.));
#4865=DIRECTION('',(-0.984807753012207,0.,-0.173648177666934));
#4866=DIRECTION('',(0.,1.,0.));
#4867=DIRECTION('',(0.,1.,0.));
#4868=DIRECTION('',(0.,-1.,0.));
#4869=DIRECTION('',(0.,-1.,0.));
#4870=DIRECTION('',(0.,0.,-1.));
#4871=DIRECTION('',(0.,-1.,0.));
#4872=DIRECTION('',(0.,-1.,0.));
#4873=DIRECTION('',(-0.984807753012209,0.,0.173648177666927));
#4874=DIRECTION('',(0.,1.,0.));
#4875=DIRECTION('',(0.,1.,0.));
#4876=DIRECTION('',(0.,-1.,0.));
#4877=DIRECTION('',(0.,-1.,0.));
#4878=DIRECTION('',(0.,0.,-1.));
#4879=DIRECTION('',(0.,-1.,0.));
#4880=DIRECTION('',(0.,-1.,0.));
#4881=DIRECTION('',(-0.86602540378444,0.,0.5));
#4882=DIRECTION('',(0.,1.,0.));
#4883=DIRECTION('',(0.,1.,0.));
#4884=DIRECTION('',(0.,-1.,0.));
#4885=DIRECTION('',(0.,-1.,0.));
#4886=DIRECTION('',(0.,0.,-1.));
#4887=DIRECTION('',(0.,-1.,0.));
#4888=DIRECTION('',(0.,-1.,0.));
#4889=DIRECTION('',(-0.64278760968654,0.,0.766044443118977));
#4890=DIRECTION('',(0.,1.,0.));
#4891=DIRECTION('',(0.,1.,0.));
#4892=DIRECTION('',(0.,-1.,0.));
#4893=DIRECTION('',(0.,-1.,0.));
#4894=DIRECTION('',(0.,0.,-1.));
#4895=DIRECTION('',(0.,-1.,0.));
#4896=DIRECTION('',(0.,-1.,0.));
#4897=DIRECTION('',(-0.342020143325669,0.,0.939692620785908));
#4898=DIRECTION('',(0.,1.,0.));
#4899=DIRECTION('',(0.,1.,0.));
#4900=DIRECTION('',(0.,0.,1.));
#4901=DIRECTION('',(0.,1.,0.));
#4902=DIRECTION('',(0.,-1.,0.));
#4903=DIRECTION('',(0.,-1.,0.));
#4904=DIRECTION('',(0.,0.,-1.));
#4905=DIRECTION('',(0.,-1.,0.));
#4906=DIRECTION('',(0.,-1.,0.));
#4907=DIRECTION('',(0.,0.,1.));
#4908=DIRECTION('',(0.,1.,0.));
#4909=DIRECTION('',(0.,1.,0.));
#4910=DIRECTION('',(0.,0.,1.));
#4911=DIRECTION('',(-0.309016994374944,0.,0.951056516295155));
#4912=DIRECTION('',(-0.766044443118981,0.,0.642787609686535));
#4913=DIRECTION('',(0.,1.,0.));
#4914=DIRECTION('',(-0.642787609686535,0.,-0.766044443118981));
#4915=DIRECTION('',(0.,1.,0.));
#4916=DIRECTION('',(0.,0.,1.));
#4917=DIRECTION('',(0.,1.,0.));
#4918=DIRECTION('',(0.,0.,1.));
#4919=DIRECTION('',(0.,1.,0.));
#4920=DIRECTION('',(0.,1.,0.));
#4921=DIRECTION('',(0.,0.,1.));
#4922=DIRECTION('',(0.,1.,0.));
#4923=DIRECTION('',(0.,0.,1.));
#4924=DIRECTION('',(0.,1.,0.));
#4925=DIRECTION('',(0.,0.,-1.));
#4926=DIRECTION('',(-1.,0.,0.));
#4927=DIRECTION('',(-1.,0.,0.));
#4928=DIRECTION('',(-1.,0.,0.));
#4929=DIRECTION('',(0.,0.,1.));
#4930=DIRECTION('',(1.,0.,0.));
#4931=DIRECTION('',(1.,0.,0.));
#4932=DIRECTION('',(0.,1.,0.));
#4933=DIRECTION('',(0.,0.,1.));
#4934=DIRECTION('',(0.,-1.,0.));
#4935=DIRECTION('',(0.,0.,-1.));
#4936=DIRECTION('',(0.,1.,0.));
#4937=DIRECTION('',(0.,0.,1.));
#4938=DIRECTION('',(0.,1.,0.));
#4939=DIRECTION('',(0.,1.,0.));
#4940=DIRECTION('',(0.,0.,1.));
#4941=DIRECTION('',(0.,1.,0.));
#4942=DIRECTION('',(-0.342020143325669,0.,0.939692620785908));
#4943=DIRECTION('',(0.,1.,0.));
#4944=DIRECTION('',(0.342020143325669,0.,-0.939692620785908));
#4945=DIRECTION('',(-0.939692620785908,0.,-0.342020143325669));
#4946=DIRECTION('',(-0.939692620785908,0.,-0.342020143325669));
#4947=DIRECTION('',(-0.939692620785908,0.,-0.342020143325669));
#4948=DIRECTION('',(-0.342020143325669,0.,0.939692620785908));
#4949=DIRECTION('',(0.939692620785908,0.,0.342020143325669));
#4950=DIRECTION('',(0.939692620785908,0.,0.342020143325669));
#4951=DIRECTION('',(0.,1.,0.));
#4952=DIRECTION('',(-0.342020143325669,0.,0.939692620785908));
#4953=DIRECTION('',(0.,1.,0.));
#4954=DIRECTION('',(0.,0.,1.));
#4955=DIRECTION('',(0.,1.,0.));
#4956=DIRECTION('',(0.,1.,0.));
#4957=DIRECTION('',(0.,0.,1.));
#4958=DIRECTION('',(0.,1.,0.));
#4959=DIRECTION('',(-0.64278760968654,0.,0.766044443118977));
#4960=DIRECTION('',(0.,1.,0.));
#4961=DIRECTION('',(0.642787609686541,0.,-0.766044443118977));
#4962=DIRECTION('',(-0.766044443118977,0.,-0.642787609686541));
#4963=DIRECTION('',(-0.766044443118977,0.,-0.64278760968654));
#4964=DIRECTION('',(-0.766044443118977,0.,-0.64278760968654));
#4965=DIRECTION('',(-0.642787609686541,0.,0.766044443118977));
#4966=DIRECTION('',(0.766044443118977,0.,0.642787609686541));
#4967=DIRECTION('',(0.766044443118977,0.,0.64278760968654));
#4968=DIRECTION('',(0.,1.,0.));
#4969=DIRECTION('',(-0.642787609686541,0.,0.766044443118977));
#4970=DIRECTION('',(0.,1.,0.));
#4971=DIRECTION('',(0.,0.,1.));
#4972=DIRECTION('',(0.,1.,0.));
#4973=DIRECTION('',(0.,1.,0.));
#4974=DIRECTION('',(0.,0.,1.));
#4975=DIRECTION('',(0.,1.,0.));
#4976=DIRECTION('',(-0.86602540378444,0.,0.5));
#4977=DIRECTION('',(0.,1.,0.));
#4978=DIRECTION('',(0.86602540378444,0.,-0.5));
#4979=DIRECTION('',(-0.5,0.,-0.86602540378444));
#4980=DIRECTION('',(-0.5,0.,-0.86602540378444));
#4981=DIRECTION('',(-0.5,0.,-0.86602540378444));
#4982=DIRECTION('',(-0.86602540378444,0.,0.5));
#4983=DIRECTION('',(0.5,0.,0.86602540378444));
#4984=DIRECTION('',(0.5,0.,0.86602540378444));
#4985=DIRECTION('',(0.,1.,0.));
#4986=DIRECTION('',(-0.86602540378444,0.,0.5));
#4987=DIRECTION('',(0.,1.,0.));
#4988=DIRECTION('',(0.,0.,1.));
#4989=DIRECTION('',(0.,1.,0.));
#4990=DIRECTION('',(0.,1.,0.));
#4991=DIRECTION('',(0.,0.,1.));
#4992=DIRECTION('',(0.,1.,0.));
#4993=DIRECTION('',(-0.984807753012209,0.,0.173648177666927));
#4994=DIRECTION('',(0.,1.,0.));
#4995=DIRECTION('',(0.984807753012209,0.,-0.173648177666927));
#4996=DIRECTION('',(-0.173648177666927,0.,-0.984807753012209));
#4997=DIRECTION('',(-0.173648177666927,0.,-0.984807753012209));
#4998=DIRECTION('',(-0.173648177666927,0.,-0.984807753012209));
#4999=DIRECTION('',(-0.984807753012209,0.,0.173648177666927));
#5000=DIRECTION('',(0.173648177666927,0.,0.984807753012209));
#5001=DIRECTION('',(0.173648177666927,0.,0.984807753012209));
#5002=DIRECTION('',(0.,1.,0.));
#5003=DIRECTION('',(-0.984807753012209,0.,0.173648177666927));
#5004=DIRECTION('',(0.,1.,0.));
#5005=DIRECTION('',(0.,0.,1.));
#5006=DIRECTION('',(0.,1.,0.));
#5007=DIRECTION('',(0.,1.,0.));
#5008=DIRECTION('',(0.,0.,1.));
#5009=DIRECTION('',(0.,1.,0.));
#5010=DIRECTION('',(-0.984807753012207,0.,-0.173648177666934));
#5011=DIRECTION('',(0.,1.,0.));
#5012=DIRECTION('',(0.984807753012207,0.,0.173648177666934));
#5013=DIRECTION('',(0.173648177666934,0.,-0.984807753012208));
#5014=DIRECTION('',(0.173648177666934,0.,-0.984807753012207));
#5015=DIRECTION('',(0.173648177666934,0.,-0.984807753012207));
#5016=DIRECTION('',(-0.984807753012207,0.,-0.173648177666934));
#5017=DIRECTION('',(-0.173648177666934,0.,0.984807753012208));
#5018=DIRECTION('',(-0.173648177666934,0.,0.984807753012207));
#5019=DIRECTION('',(0.,1.,0.));
#5020=DIRECTION('',(-0.984807753012207,0.,-0.173648177666934));
#5021=DIRECTION('',(0.,1.,0.));
#5022=DIRECTION('',(0.,0.,1.));
#5023=DIRECTION('',(0.,1.,0.));
#5024=DIRECTION('',(0.,1.,0.));
#5025=DIRECTION('',(0.,0.,1.));
#5026=DIRECTION('',(0.,1.,0.));
#5027=DIRECTION('',(-0.866025403784436,0.,-0.5));
#5028=DIRECTION('',(0.,1.,0.));
#5029=DIRECTION('',(0.866025403784436,0.,0.5));
#5030=DIRECTION('',(0.5,0.,-0.866025403784436));
#5031=DIRECTION('',(0.5,0.,-0.866025403784436));
#5032=DIRECTION('',(0.5,0.,-0.866025403784436));
#5033=DIRECTION('',(-0.866025403784436,0.,-0.5));
#5034=DIRECTION('',(-0.5,0.,0.866025403784436));
#5035=DIRECTION('',(-0.5,0.,0.866025403784436));
#5036=DIRECTION('',(0.,1.,0.));
#5037=DIRECTION('',(-0.866025403784436,0.,-0.5));
#5038=DIRECTION('',(0.,1.,0.));
#5039=DIRECTION('',(0.,0.,1.));
#5040=DIRECTION('',(0.,1.,0.));
#5041=DIRECTION('',(0.,1.,0.));
#5042=DIRECTION('',(0.,0.,1.));
#5043=DIRECTION('',(0.,1.,0.));
#5044=DIRECTION('',(-0.642787609686535,0.,-0.766044443118981));
#5045=DIRECTION('',(0.,1.,0.));
#5046=DIRECTION('',(0.642787609686535,0.,0.766044443118981));
#5047=DIRECTION('',(0.766044443118981,0.,-0.642787609686535));
#5048=DIRECTION('',(0.766044443118981,0.,-0.642787609686535));
#5049=DIRECTION('',(0.766044443118981,0.,-0.642787609686535));
#5050=DIRECTION('',(-0.642787609686535,0.,-0.766044443118981));
#5051=DIRECTION('',(-0.766044443118981,0.,0.642787609686535));
#5052=DIRECTION('',(-0.766044443118981,0.,0.642787609686535));
#5053=DIRECTION('',(0.,1.,0.));
#5054=DIRECTION('',(-0.642787609686535,0.,-0.766044443118981));
#5055=DIRECTION('',(0.,-1.,0.));
#5056=DIRECTION('',(0.342020143325669,0.,-0.939692620785908));
#5057=DIRECTION('',(0.,-1.,0.));
#5058=DIRECTION('',(0.642787609686541,0.,-0.766044443118977));
#5059=DIRECTION('',(0.,-1.,0.));
#5060=DIRECTION('',(0.86602540378444,0.,-0.5));
#5061=DIRECTION('',(0.,-1.,0.));
#5062=DIRECTION('',(0.984807753012209,0.,-0.173648177666927));
#5063=DIRECTION('',(0.,-1.,0.));
#5064=DIRECTION('',(0.984807753012207,0.,0.173648177666934));
#5065=DIRECTION('',(0.,-1.,0.));
#5066=DIRECTION('',(0.866025403784436,0.,0.5));
#5067=DIRECTION('',(0.,-1.,0.));
#5068=DIRECTION('',(0.642787609686535,0.,0.766044443118981));
#5069=DIRECTION('',(0.951056516295155,0.,0.309016994374944));
#5070=DIRECTION('',(0.309016994374944,0.,-0.951056516295155));
#5071=DIRECTION('',(0.309016994374944,0.,-0.951056516295155));
#5072=DIRECTION('',(-0.951056516295155,0.,-0.309016994374944));
#5073=DIRECTION('',(-0.309016994374944,0.,0.951056516295155));
#5074=DIRECTION('',(-0.309016994374944,0.,0.951056516295155));
#5075=DIRECTION('',(0.,-1.,0.));
#5076=DIRECTION('',(0.,0.,-1.));
#5077=DIRECTION('',(0.766044443118979,0.,0.642787609686538));
#5078=DIRECTION('',(0.642787609686538,0.,-0.766044443118979));
#5079=DIRECTION('',(0.642787609686538,0.,-0.766044443118979));
#5080=DIRECTION('',(0.642787609686537,0.,-0.76604444311898));
#5081=DIRECTION('',(0.,1.,0.));
#5082=DIRECTION('',(-0.642787609686537,0.,0.76604444311898));
#5083=DIRECTION('',(0.76604444311898,0.,0.642787609686537));
#5084=DIRECTION('',(0.76604444311898,0.,0.642787609686537));
#5085=DIRECTION('',(0.,1.,0.));
#5086=DIRECTION('',(-0.766044443118979,0.,-0.642787609686538));
#5087=DIRECTION('',(-0.642787609686538,0.,0.766044443118979));
#5088=DIRECTION('',(0.642787609686537,0.,-0.76604444311898));
#5089=DIRECTION('',(-0.642787609686538,0.,0.766044443118979));
#5090=DIRECTION('',(0.,1.,0.));
#5091=DIRECTION('',(0.,0.,1.));
#5092=DIRECTION('',(0.,1.,0.));
#5093=DIRECTION('',(0.,0.,1.));
#5094=DIRECTION('',(-0.891940664933453,0.,-0.452152463487782));
#5095=DIRECTION('',(0.,1.,0.));
#5096=DIRECTION('',(0.452152463487782,0.,-0.891940664933453));
#5097=DIRECTION('',(0.452152463487782,0.,-0.891940664933453));
#5098=DIRECTION('',(0.,-1.,0.));
#5099=DIRECTION('',(0.,1.,0.));
#5100=DIRECTION('',(0.,0.,1.));
#5101=DIRECTION('',(0.,-1.,0.));
#5102=DIRECTION('',(0.,0.,-1.));
#5103=DIRECTION('',(0.429880275793689,0.00149446413185901,-0.902884663210368));
#5104=DIRECTION('',(-0.902885671473763,0.,-0.42988075584675));
#5105=DIRECTION('',(-0.254998753518119,-0.964706196129003,-0.0657083773541538));
#5106=DIRECTION('',(0.96679556768208,-0.255551032692657,0.));
#5107=DIRECTION('',(0.2525728661211,-0.964706196129274,0.0744909554856078));
#5108=DIRECTION('',(0.967393917028933,0.253276547069439,0.));
#5109=DIRECTION('',(0.480369128905173,0.00190139131395992,-0.877064356079961));
#5110=DIRECTION('',(-0.877065941504788,0.,-0.480369997244124));
#5111=DIRECTION('',(0.,1.,0.));
#5112=DIRECTION('',(0.,0.,1.));
#5113=DIRECTION('',(0.458036430118975,0.,-0.888933421963572));
#5114=DIRECTION('',(0.,-1.,0.));
#5115=DIRECTION('',(0.,0.,-1.));
#5116=DIRECTION('',(0.888933421963572,0.,0.458036430118975));
#5117=DIRECTION('',(0.,-1.,0.));
#5118=DIRECTION('',(0.458036430118975,0.,-0.888933421963572));
#5119=DIRECTION('',(0.,-1.,0.));
#5120=DIRECTION('',(0.,1.,0.));
#5121=DIRECTION('',(0.,0.,1.));
#5122=DIRECTION('',(0.,-1.,0.));
#5123=DIRECTION('',(0.,0.,-1.));
#5124=DIRECTION('',(0.,-1.,0.));
#5125=DIRECTION('',(0.,0.,-1.));
#5126=DIRECTION('',(-0.208323547642011,0.964706196129163,-0.161069098985027));
#5127=DIRECTION('',(-0.977468878472233,-0.211079585981772,0.));
#5128=DIRECTION('',(0.429450980593909,-0.00190139131409256,-0.903088168440934));
#5129=DIRECTION('',(-0.903089800907689,0.,-0.429451756890702));
#5130=DIRECTION('',(0.,1.,0.));
#5131=DIRECTION('',(0.,0.,1.));
#5132=DIRECTION('',(0.452152463487782,0.,-0.891940664933453));
#5133=DIRECTION('',(0.,-1.,0.));
#5134=DIRECTION('',(0.,0.,-1.));
#5135=DIRECTION('',(-0.891940664933453,0.,-0.452152463487782));
#5136=DIRECTION('',(0.,1.,0.));
#5137=DIRECTION('',(0.452152463487782,0.,-0.891940664933453));
#5138=DIRECTION('',(0.,-1.,0.));
#5139=DIRECTION('',(0.,1.,0.));
#5140=DIRECTION('',(0.,0.,1.));
#5141=DIRECTION('',(0.458036430118975,0.,-0.888933421963572));
#5142=DIRECTION('',(0.,-1.,0.));
#5143=DIRECTION('',(0.,0.,-1.));
#5144=DIRECTION('',(0.888933421963572,0.,0.458036430118975));
#5145=DIRECTION('',(0.,-1.,0.));
#5146=DIRECTION('',(0.458036430118975,0.,-0.888933421963572));
#5147=DIRECTION('',(0.,-1.,0.));
#5148=DIRECTION('',(0.,1.,0.));
#5149=DIRECTION('',(0.,0.,1.));
#5150=DIRECTION('',(0.,-1.,0.));
#5151=DIRECTION('',(0.,0.,-1.));
#5152=DIRECTION('',(0.479952723272164,-0.00149446413103681,-0.877293081017168));
#5153=DIRECTION('',(-0.877294060702098,0.,-0.479953259241797));
#5154=DIRECTION('',(0.20262651049897,0.96470619612881,0.168179821600849));
#5155=DIRECTION('',(-0.978645699807907,0.2055543583763,0.));
#5156=DIRECTION('',(0.,-1.,0.));
#5157=DIRECTION('',(0.,0.,-1.));
#5158=DIRECTION('',(0.454848845416223,-4.37398445245059E-7,-0.890568654188624));
#5159=DIRECTION('',(0.890568651436581,7.88406111189166E-5,0.454848843971914));
#5160=DIRECTION('',(0.,-1.,0.));
#5161=DIRECTION('',(0.,0.,-1.));
#5162=DIRECTION('',(0.,-1.,0.));
#5163=DIRECTION('',(0.,0.,-1.));
#5164=DIRECTION('',(0.,-1.,0.));
#5165=DIRECTION('',(0.,0.,-1.));
#5166=DIRECTION('',(0.,-1.,0.));
#5167=DIRECTION('',(0.,0.,-1.));
#5168=DIRECTION('',(-0.874114125615491,0.,-0.485720593962688));
#5169=DIRECTION('',(0.,-1.,0.));
#5170=DIRECTION('',(0.485720593962688,0.,-0.874114125615491));
#5171=DIRECTION('',(0.,-1.,0.));
#5172=DIRECTION('',(-0.398133741545177,-0.902787089774074,-0.162680651524684));
#5173=DIRECTION('',(0.914975686492589,-0.403508975274918,0.));
#5174=DIRECTION('',(0.384971563225345,0.892674148001953,0.234370990092248));
#5175=DIRECTION('',(-0.193161196226771,-0.170388616279923,0.966259008607142));
#5176=DIRECTION('',(0.384971563225345,0.892674148001953,0.234370990092248));
#5177=DIRECTION('',(-0.918249951666134,0.396001295787201,0.));
#5178=DIRECTION('',(0.384971563225345,0.892674148001953,0.234370990092248));
#5179=DIRECTION('',(0.762485362348246,-0.450702635325096,0.464201687540748));
#5180=DIRECTION('',(0.514491901283505,0.00325517256061843,-0.857489059618421));
#5181=DIRECTION('',(0.776105708311021,-0.426996252283718,0.464041086610558));
#5182=DIRECTION('',(0.513175941275607,0.,-0.858283434126452));
#5183=DIRECTION('',(0.776105708311021,-0.426996252283718,0.464041086610558));
#5184=DIRECTION('',(-0.366483809769194,-0.904253393986254,-0.219124203686853));
#5185=DIRECTION('',(0.513175941275607,0.,-0.858283434126452));
#5186=DIRECTION('',(0.,1.,0.));
#5187=DIRECTION('',(0.,0.,1.));
#5188=DIRECTION('',(0.,-1.,0.));
#5189=DIRECTION('',(0.,0.,-1.));
#5190=DIRECTION('',(0.527827629749997,0.,-0.849351513375058));
#5191=DIRECTION('',(0.849351513375058,0.,0.527827629749997));
#5192=DIRECTION('',(0.,1.,0.));
#5193=DIRECTION('',(0.,-1.,0.));
#5194=DIRECTION('',(0.527827629749997,0.,-0.849351513375058));
#5195=DIRECTION('',(0.,1.,0.));
#5196=DIRECTION('',(0.,0.,1.));
#5197=DIRECTION('',(0.,-1.,0.));
#5198=DIRECTION('',(0.,0.,-1.));
#5199=DIRECTION('',(0.,-1.,0.));
#5200=DIRECTION('',(0.,0.,-1.));
#5201=DIRECTION('',(-0.878107645146324,0.452663277819146,-0.154993291627748));
#5202=DIRECTION('',(-0.458200390134902,-0.888848919940967,0.));
#5203=DIRECTION('',(0.173702670304576,-0.000237391801392342,-0.984798114323028));
#5204=DIRECTION('',(-0.878107645146324,0.452663277819146,-0.154993291627748));
#5205=DIRECTION('',(-0.445772476006645,-0.891681533348105,-0.0786825439400519));
#5206=DIRECTION('',(0.875639864494673,-0.452703118225595,0.168269766911868));
#5207=DIRECTION('',(0.45925159452441,0.888306238257273,0.));
#5208=DIRECTION('',(0.875639864494673,-0.452703118225595,0.168269766911868));
#5209=DIRECTION('',(-0.444568911873456,-0.891661307195071,-0.0854318198730936));
#5210=DIRECTION('',(0.185541708924701,-0.00635339746660085,-0.982615849958636));
#5211=DIRECTION('',(-0.4461002967812,-0.891536300179171,-0.0784700622821299));
#5212=DIRECTION('',(0.894293881668148,-0.447480114877652,0.));
#5213=DIRECTION('',(-0.4461002967812,-0.891536300179171,-0.0784700622821299));
#5214=DIRECTION('',(0.878055556527008,-0.452949252635255,0.154451980204888));
#5215=DIRECTION('',(0.,-1.,0.));
#5216=DIRECTION('',(0.,0.,-1.));
#5217=DIRECTION('',(0.,-1.,0.));
#5218=DIRECTION('',(0.,0.,-1.));
#5219=DIRECTION('',(-0.981361862976846,0.,0.192168920209835));
#5220=DIRECTION('',(0.,-1.,0.));
#5221=DIRECTION('',(-0.192168920209835,0.,-0.981361862976846));
#5222=DIRECTION('',(0.,-1.,0.));
#5223=DIRECTION('',(-0.192168920209836,0.,-0.981361862976846));
#5224=DIRECTION('',(0.,1.,0.));
#5225=DIRECTION('',(0.,0.,1.));
#5226=DIRECTION('',(0.,-1.,0.));
#5227=DIRECTION('',(0.,0.,-1.));
#5228=DIRECTION('',(-0.167231939654157,0.,-0.985917581930411));
#5229=DIRECTION('',(-0.9656199449639,0.201869441881476,0.163789042131568));
#5230=DIRECTION('',(-0.204632930297558,-0.978838783374379,0.));
#5231=DIRECTION('',(-0.9656199449639,0.201869441881476,0.163789042131568));
#5232=DIRECTION('',(-0.199026632005427,-0.979412440412343,0.0337590183227414));
#5233=DIRECTION('',(-0.9656199449639,0.201869441881476,0.163789042131568));
#5234=DIRECTION('',(-0.166982868382149,0.00122503897057014,-0.985959036140138));
#5235=DIRECTION('',(-0.164199151155698,0.000643223778536684,-0.986426999337974));
#5236=DIRECTION('',(-0.986427203398627,0.,0.164199185123327));
#5237=DIRECTION('',(0.,1.,0.));
#5238=DIRECTION('',(0.,0.,1.));
#5239=DIRECTION('',(0.,-1.,0.));
#5240=DIRECTION('',(0.,0.,-1.));
#5241=DIRECTION('',(0.221398197800567,0.974565943285059,-0.0346995705962592));
#5242=DIRECTION('',(-0.975153191682198,0.221531606666005,0.));
#5243=DIRECTION('',(0.221398197800567,0.974565943285059,-0.0346995705962592));
#5244=DIRECTION('',(0.962812396379776,-0.224100919652071,-0.150900852179601));
#5245=DIRECTION('',(-0.153637915228799,-0.000279540962667654,-0.988127174437076));
#5246=DIRECTION('',(0.966760828769274,-0.206872554010167,-0.150257267227432));
#5247=DIRECTION('',(0.209248162897796,0.977862570264297,0.));
#5248=DIRECTION('',(0.966760828769274,-0.206872554010167,-0.150257267227432));
#5249=DIRECTION('',(-0.204418278549248,-0.978367899308491,0.0317713864609595));
#5250=DIRECTION('',(0.153579514754761,0.,0.988136292546576));
#5251=DIRECTION('',(0.,1.,0.));
#5252=DIRECTION('',(0.,0.,1.));
#5253=DIRECTION('',(0.,-1.,0.));
#5254=DIRECTION('',(0.,0.,-1.));
#5255=DIRECTION('',(0.,-1.,0.));
#5256=DIRECTION('',(0.,0.,-1.));
#5257=DIRECTION('',(-0.857086632030301,0.,0.515172306316008));
#5258=DIRECTION('',(0.,-1.,0.));
#5259=DIRECTION('',(-0.515172306316008,0.,-0.857086632030301));
#5260=DIRECTION('',(0.,-1.,0.));
#5261=DIRECTION('',(-0.515172306316008,0.,-0.857086632030301));
#5262=DIRECTION('',(0.,1.,0.));
#5263=DIRECTION('',(0.,0.,1.));
#5264=DIRECTION('',(0.,-1.,0.));
#5265=DIRECTION('',(0.,0.,-1.));
#5266=DIRECTION('',(-0.521022246104161,0.,-0.853543097368009));
#5267=DIRECTION('',(-0.853543097368009,0.,0.521022246104161));
#5268=DIRECTION('',(0.,-1.,0.));
#5269=DIRECTION('',(0.,-1.,0.));
#5270=DIRECTION('',(-0.521022246104161,0.,-0.853543097368009));
#5271=DIRECTION('',(0.,1.,0.));
#5272=DIRECTION('',(0.,0.,1.));
#5273=DIRECTION('',(0.,-1.,0.));
#5274=DIRECTION('',(0.,0.,-1.));
#5275=DIRECTION('',(-0.515172306316008,0.,-0.857086632030301));
#5276=DIRECTION('',(-0.857086632030301,0.,0.515172306316008));
#5277=DIRECTION('',(0.,-1.,0.));
#5278=DIRECTION('',(0.,-1.,0.));
#5279=DIRECTION('',(-0.515172306316008,0.,-0.857086632030301));
#5280=DIRECTION('',(0.,1.,0.));
#5281=DIRECTION('',(0.,0.,1.));
#5282=DIRECTION('',(0.,-1.,0.));
#5283=DIRECTION('',(0.,0.,-1.));
#5284=DIRECTION('',(-0.503400404657727,0.,-0.864053257959506));
#5285=DIRECTION('',(0.864053257959506,0.,-0.503400404657727));
#5286=DIRECTION('',(0.,1.,0.));
#5287=DIRECTION('',(0.,-1.,0.));
#5288=DIRECTION('',(-0.503400404657727,0.,-0.864053257959506));
#5289=DIRECTION('',(0.,1.,0.));
#5290=DIRECTION('',(0.,0.,1.));
#5291=DIRECTION('',(0.,-1.,0.));
#5292=DIRECTION('',(0.,0.,-1.));
#5293=DIRECTION('',(-0.475283644351631,0.,-0.879832630340471));
#5294=DIRECTION('',(0.879832630340471,0.,-0.475283644351631));
#5295=DIRECTION('',(0.,1.,0.));
#5296=DIRECTION('',(0.,-1.,0.));
#5297=DIRECTION('',(0.731647156405015,-0.544356092895971,-0.410327774652764));
#5298=DIRECTION('',(0.596922188731176,0.802299134114192,0.));
#5299=DIRECTION('',(0.731647156405015,-0.544356092895971,-0.410327774652764));
#5300=DIRECTION('',(-0.474786400471108,-0.838854244864406,0.266273223964888));
#5301=DIRECTION('',(0.489152647393577,0.,0.872198192813913));
#5302=DIRECTION('',(0.,1.,0.));
#5303=DIRECTION('',(0.,0.,1.));
#5304=DIRECTION('',(0.,-1.,0.));
#5305=DIRECTION('',(0.,0.,-1.));
#5306=DIRECTION('',(0.,-1.,0.));
#5307=DIRECTION('',(0.,0.,-1.));
#5308=DIRECTION('',(0.,-1.,0.));
#5309=DIRECTION('',(0.,0.,-1.));
#5310=DIRECTION('',(-0.728343497767044,0.544369028913484,0.416146740489768));
#5311=DIRECTION('',(-0.472658525414487,-0.838845850177368,0.270058434404875));
#5312=DIRECTION('',(0.,-1.,0.));
#5313=DIRECTION('',(0.864053257959506,0.,-0.503400404657727));
#5314=DIRECTION('',(0.,1.,0.));
#5315=DIRECTION('',(0.,1.,0.));
#5316=DIRECTION('',(-0.503400404657727,0.,-0.864053257959506));
#5317=DIRECTION('',(0.,1.,0.));
#5318=DIRECTION('',(0.,0.,1.));
#5319=DIRECTION('',(0.,-1.,0.));
#5320=DIRECTION('',(0.488753128001549,0.,0.872422133986009));
#5321=DIRECTION('',(0.496094414011557,0.,0.868268583093117));
#5322=DIRECTION('',(-0.728343497767044,0.544369028913484,0.416146740489768));
#5323=DIRECTION('',(-0.598669903307105,-0.800995846976912,0.));
#5324=DIRECTION('',(-0.728343497767044,0.544369028913484,0.416146740489768));
#5325=DIRECTION('',(-0.472658525414487,-0.838845850177368,0.270058434404875));
#5326=DIRECTION('',(0.,-1.,0.));
#5327=DIRECTION('',(0.,0.,-1.));
#5328=DIRECTION('',(0.,1.,0.));
#5329=DIRECTION('',(0.,0.,1.));
#5330=DIRECTION('',(0.,-1.,0.));
#5331=DIRECTION('',(0.,0.,-1.));
#5332=DIRECTION('',(0.64669719497018,0.,-0.762746837435397));
#5333=DIRECTION('',(0.,1.,0.));
#5334=DIRECTION('',(0.,-1.,0.));
#5335=DIRECTION('',(0.,1.,0.));
#5336=DIRECTION('',(0.,0.,1.));
#5337=DIRECTION('',(0.,-1.,0.));
#5338=DIRECTION('',(0.,0.,-1.));
#5339=DIRECTION('',(0.,-1.,0.));
#5340=DIRECTION('',(0.,0.,-1.));
#5341=DIRECTION('',(-0.253549297503989,0.656697904059638,0.710253909907515));
#5342=DIRECTION('',(0.,-0.734247300853166,0.678882096677944));
#5343=DIRECTION('',(-0.253549297503989,0.656697904059638,0.710253909907515));
#5344=DIRECTION('',(-0.220784282468433,-0.754153739501223,0.618471048482644));
#5345=DIRECTION('',(0.941789283412236,0.,0.336203726406873));
#5346=DIRECTION('',(0.,1.,0.));
#5347=DIRECTION('',(0.,0.,1.));
#5348=DIRECTION('',(0.,-1.,0.));
#5349=DIRECTION('',(0.,0.,-1.));
#5350=DIRECTION('',(-0.948853478753395,0.,-0.315716765246289));
#5351=DIRECTION('',(-0.315716765246289,0.,0.948853478753395));
#5352=DIRECTION('',(0.,-1.,0.));
#5353=DIRECTION('',(0.,-1.,0.));
#5354=DIRECTION('',(-0.948853478753395,0.,-0.315716765246289));
#5355=DIRECTION('',(0.,1.,0.));
#5356=DIRECTION('',(0.,0.,1.));
#5357=DIRECTION('',(0.,-1.,0.));
#5358=DIRECTION('',(0.,0.,-1.));
#5359=DIRECTION('',(-0.931595127489632,0.,-0.363497618200694));
#5360=DIRECTION('',(0.363497618200694,0.,-0.931595127489632));
#5361=DIRECTION('',(0.,1.,0.));
#5362=DIRECTION('',(0.,-1.,0.));
#5363=DIRECTION('',(0.257495972832137,-0.683955196637188,-0.682569493142066));
#5364=DIRECTION('',(0.,0.706389387174304,-0.707823448105183));
#5365=DIRECTION('',(0.257495972832137,-0.683955196637188,-0.682569493142066));
#5366=DIRECTION('',(-0.241411804166291,-0.729524015364118,0.639933630790093));
#5367=DIRECTION('',(0.,1.,0.));
#5368=DIRECTION('',(0.,0.,1.));
#5369=DIRECTION('',(0.,-1.,0.));
#5370=DIRECTION('',(0.,0.,-1.));
#5371=DIRECTION('',(0.,-1.,0.));
#5372=DIRECTION('',(0.,0.,-1.));
#5373=DIRECTION('',(0.0158764946652479,0.,0.999873960515597));
#5374=DIRECTION('',(0.,-1.,0.));
#5375=DIRECTION('',(-0.999873960515596,0.,0.0158764946652479));
#5376=DIRECTION('',(0.,-1.,0.));
#5377=DIRECTION('',(-0.999873960515596,0.,0.0158764946652481));
#5378=DIRECTION('',(0.,1.,0.));
#5379=DIRECTION('',(0.,0.,1.));
#5380=DIRECTION('',(0.,-1.,0.));
#5381=DIRECTION('',(0.,0.,-1.));
#5382=DIRECTION('',(-0.999997583997066,0.,0.00219818107312252));
#5383=DIRECTION('',(-0.00219818107312252,0.,-0.999997583997066));
#5384=DIRECTION('',(0.,1.,0.));
#5385=DIRECTION('',(0.,-1.,0.));
#5386=DIRECTION('',(-0.999997583997066,0.,0.00219818107312277));
#5387=DIRECTION('',(0.,1.,0.));
#5388=DIRECTION('',(0.,0.,1.));
#5389=DIRECTION('',(0.,-1.,0.));
#5390=DIRECTION('',(0.,0.,-1.));
#5391=DIRECTION('',(-0.999956278886383,0.,-0.00935095266260123));
#5392=DIRECTION('',(0.00787027290697811,-0.540016137859858,-0.841617864386975));
#5393=DIRECTION('',(0.,0.841643931006321,-0.540032863259475));
#5394=DIRECTION('',(0.00787027290697811,-0.540016137859858,-0.841617864386975));
#5395=DIRECTION('',(-0.00504966534216828,-0.841654662466099,0.53999252775294));
#5396=DIRECTION('',(0.999956278886383,0.,0.00935095266260123));
#5397=DIRECTION('',(0.,1.,0.));
#5398=DIRECTION('',(0.,0.,1.));
#5399=DIRECTION('',(0.,-1.,0.));
#5400=DIRECTION('',(0.,0.,-1.));
#5401=DIRECTION('',(0.,-1.,0.));
#5402=DIRECTION('',(0.,0.,-1.));
#5403=CARTESIAN_POINT('',(0.,0.,0.));
#5404=CARTESIAN_POINT('',(0.,0.,0.));
#5405=CARTESIAN_POINT('',(0.022697138903704,0.00709651147100519,-0.000360396428901126));
#5406=CARTESIAN_POINT('',(0.022697138903704,0.00709651147100519,-0.000360396428901126));
#5407=CARTESIAN_POINT('',(0.022697138903704,0.00536651147100519,-0.000360396428901132));
#5408=CARTESIAN_POINT('',(0.,0.00536651147100519,0.));
#5409=CARTESIAN_POINT('',(0.0226999451567334,0.00536651147100519,-4.98987103598813E-5));
#5410=CARTESIAN_POINT('',(0.0226999451567334,0.00536651147100519,-4.98987103598813E-5));
#5411=CARTESIAN_POINT('',(0.0226999451567334,0.00680817813767186,-4.98987103598869E-5));
#5412=CARTESIAN_POINT('',(0.,0.00680817813767186,0.));
#5413=CARTESIAN_POINT('',(0.0226979541230411,0.00680817813767186,0.000304759951960715));
#5414=CARTESIAN_POINT('',(0.,0.0069523448043385,0.));
#5415=CARTESIAN_POINT('',(0.0226996840330687,0.00709651147100519,0.000119769774343339));
#5416=CARTESIAN_POINT('',(0.,0.00709651147100519,0.));
#5417=CARTESIAN_POINT('',(0.0213619630662018,0.00714087044536416,0.00767831582824178));
#5418=CARTESIAN_POINT('',(0.0213442338161098,0.00713987623181745,0.00772764065338959));
#5419=CARTESIAN_POINT('',(0.0213239513623781,0.00713492463518982,0.0077834601559938));
#5420=CARTESIAN_POINT('',(0.0212684563228323,0.0070884867448544,0.00793436759410694));
#5421=CARTESIAN_POINT('',(0.0212134709386392,0.00696964199513981,0.00807994610413907));
#5422=CARTESIAN_POINT('',(0.0211721313693905,0.00674697481642024,0.00818733487869694));
#5423=CARTESIAN_POINT('',(0.0211652855192767,0.00661594249548511,0.00820492042777268));
#5424=CARTESIAN_POINT('',(0.0211632933882626,0.00651984480433852,0.00821005560044018));
#5425=CARTESIAN_POINT('',(0.0211632933882626,0.00651984480433852,0.00821005560044015));
#5426=CARTESIAN_POINT('',(0.0213619630662019,0.00714087044536416,0.00767831582824169));
#5427=CARTESIAN_POINT('',(0.0215319612516109,0.00662207837805647,0.00718781223037502));
#5428=CARTESIAN_POINT('',(0.0215314636339902,0.0066676834849052,0.00718930290416871));
#5429=CARTESIAN_POINT('',(0.0215300366657217,0.00671917368346791,0.00719358986792308));
#5430=CARTESIAN_POINT('',(0.0215162682439751,0.00685767020254588,0.00723470104009396));
#5431=CARTESIAN_POINT('',(0.0214883453756766,0.00700097115320927,0.00731776082482489));
#5432=CARTESIAN_POINT('',(0.0214277361802537,0.00712120027085693,0.007493411838218));
#5433=CARTESIAN_POINT('',(0.0213916962239538,0.00713812280590861,0.00759559474305238));
#5434=CARTESIAN_POINT('',(0.0213619630662018,0.00714087044536416,0.00767831582824178));
#5435=CARTESIAN_POINT('',(0.0215319612516109,0.00662207837805647,0.00718781223037502));
#5436=CARTESIAN_POINT('',(0.0214087992006773,0.00586173783318468,0.0075467421305541));
#5437=CARTESIAN_POINT('',(0.0214275532553485,0.00592651068511301,0.00749354012845723));
#5438=CARTESIAN_POINT('',(0.0214539598748853,0.00602194614326028,0.00741771974197543));
#5439=CARTESIAN_POINT('',(0.0215095455318934,0.00627134578444184,0.00725538445516041));
#5440=CARTESIAN_POINT('',(0.0215307942701718,0.00646466934496978,0.00719130806447898));
#5441=CARTESIAN_POINT('',(0.0215319612516109,0.00662207837805647,0.00718781223037502));
#5442=CARTESIAN_POINT('',(0.0214087992006773,0.00586173783318468,0.00754674213055407));
#5443=CARTESIAN_POINT('',(0.,0.00575829131876253,0.));
#5444=CARTESIAN_POINT('',(0.0213481636514317,0.00565484480433853,0.00771659955626134));
#5445=CARTESIAN_POINT('',(0.,0.00565484480433853,0.));
#5446=CARTESIAN_POINT('',(0.0215389739677021,0.00565484480433853,0.00716677057109077));
#5447=CARTESIAN_POINT('',(0.0215389739677021,0.00565484480433853,0.00716677057109077));
#5448=CARTESIAN_POINT('',(0.0215389739677021,0.00536651147100519,0.00716677057109077));
#5449=CARTESIAN_POINT('',(0.,0.00536651147100519,0.));
#5450=CARTESIAN_POINT('',(0.0211472093940146,0.00536651147100519,0.00825139593315575));
#5451=CARTESIAN_POINT('',(0.0211472093940146,0.00536651147100519,0.00825139593315575));
#5452=CARTESIAN_POINT('',(0.0211472619294018,0.00552370801233038,0.00825125667799124));
#5453=CARTESIAN_POINT('',(0.,0.00579641231234766,0.));
#5454=CARTESIAN_POINT('',(0.0213279965593618,0.00606897741651801,0.00777216589914631));
#5455=CARTESIAN_POINT('',(0.0214316279468784,0.00660024544536417,0.00748166582697865));
#5456=CARTESIAN_POINT('',(0.021430498688603,0.00653011400946164,0.00748490064710757));
#5457=CARTESIAN_POINT('',(0.0214237551720153,0.00645595961337006,0.00750423662758934));
#5458=CARTESIAN_POINT('',(0.021397690881318,0.00630542627972034,0.00757840675323482));
#5459=CARTESIAN_POINT('',(0.0213626126477143,0.00617925668057162,0.00767666512533691));
#5460=CARTESIAN_POINT('',(0.0213442070012145,0.0061197459519734,0.00772768199947825));
#5461=CARTESIAN_POINT('',(0.0213279965593618,0.00606897741651801,0.00777216589914626));
#5462=CARTESIAN_POINT('',(0.0214316279468784,0.00660024544536417,0.00748166582697857));
#5463=CARTESIAN_POINT('',(0.0213559782351516,0.00683035762485135,0.00769494597900024));
#5464=CARTESIAN_POINT('',(0.0213696226989406,0.0068283650309275,0.00765707815348142));
#5465=CARTESIAN_POINT('',(0.0213851920307135,0.00682192073993102,0.00761348772538932));
#5466=CARTESIAN_POINT('',(0.0214126436919791,0.00677021980149538,0.00753594686036667));
#5467=CARTESIAN_POINT('',(0.0214287884796463,0.00668626887150416,0.00748980249739416));
#5468=CARTESIAN_POINT('',(0.0214311025522908,0.0066410901616564,0.00748317084759674));
#5469=CARTESIAN_POINT('',(0.0214316279468784,0.00660024544536417,0.00748166582697865));
#5470=CARTESIAN_POINT('',(0.0213559782351516,0.00683035762485135,0.00769494597900017));
#5471=CARTESIAN_POINT('',(0.0212736151148474,0.00651984480433852,0.00791980428706024));
#5472=CARTESIAN_POINT('',(0.0212749768351572,0.00660381602818757,0.00791614653079302));
#5473=CARTESIAN_POINT('',(0.0212867277137858,0.00673950560654181,0.00788463614369067));
#5474=CARTESIAN_POINT('',(0.021325948868088,0.0068272151039829,0.00777828724106704));
#5475=CARTESIAN_POINT('',(0.0213559782351516,0.00683035762485135,0.00769494597900024));
#5476=CARTESIAN_POINT('',(0.0212736151148474,0.00651984480433852,0.00791980428706024));
#5477=CARTESIAN_POINT('',(0.,0.00651984480433852,0.));
#5478=CARTESIAN_POINT('',(0.0171698682164003,0.00698006916331288,0.0148487583801288));
#5479=CARTESIAN_POINT('',(0.0171121696374782,0.00688281547503077,0.0149154762141056));
#5480=CARTESIAN_POINT('',(0.0170948134364584,0.00680462015434461,0.014935115969153));
#5481=CARTESIAN_POINT('',(0.0170827522408179,0.00667510121459493,0.0149488988182685));
#5482=CARTESIAN_POINT('',(0.017082752240818,0.00667510121459493,0.0149488988182685));
#5483=CARTESIAN_POINT('',(0.0171698682164003,0.00698006916331288,0.0148487583801289));
#5484=CARTESIAN_POINT('',(0.0174174631826068,0.00714087044536416,0.0145575401865335));
#5485=CARTESIAN_POINT('',(0.0173869754038514,0.00713984873043964,0.0145940174867633));
#5486=CARTESIAN_POINT('',(0.0173521392488567,0.00713528873730927,0.0146354248354237));
#5487=CARTESIAN_POINT('',(0.017281850687587,0.00710610731445914,0.0147184222252984));
#5488=CARTESIAN_POINT('',(0.0172184219746923,0.0070497297400026,0.014792484593585));
#5489=CARTESIAN_POINT('',(0.0171917671181041,0.00701382956504067,0.0148234363130097));
#5490=CARTESIAN_POINT('',(0.0171698682164003,0.00698006916331288,0.0148487583801288));
#5491=CARTESIAN_POINT('',(0.0174174631826067,0.00714087044536416,0.0145575401865335));
#5492=CARTESIAN_POINT('',(0.0177233063486017,0.00668723062164622,0.0141835965845625));
#5493=CARTESIAN_POINT('',(0.0177226805299534,0.00672872268885463,0.0141843785847806));
#5494=CARTESIAN_POINT('',(0.0177199558683211,0.00677458452777126,0.0141877868219192));
#5495=CARTESIAN_POINT('',(0.0176954047687834,0.00690004479161266,0.01421841961533));
#5496=CARTESIAN_POINT('',(0.0176373873133109,0.00702060451472449,0.0142905639216981));
#5497=CARTESIAN_POINT('',(0.0175314784422514,0.00712338197276255,0.0144202994081636));
#5498=CARTESIAN_POINT('',(0.0174664849678151,0.00713906048673925,0.0144988877543183));
#5499=CARTESIAN_POINT('',(0.0174174631826068,0.00714087044536416,0.0145575401865335));
#5500=CARTESIAN_POINT('',(0.0177233063486017,0.00668723062164622,0.0141835965845625));
#5501=CARTESIAN_POINT('',(0.0175777405380224,0.00632473462805647,0.0143636011354383));
#5502=CARTESIAN_POINT('',(0.0176056193109524,0.00634940382082167,0.0143294839365227));
#5503=CARTESIAN_POINT('',(0.0176362086356719,0.00638086877721516,0.0142918064932373));
#5504=CARTESIAN_POINT('',(0.0176877032755259,0.00646865035572734,0.0142280329323552));
#5505=CARTESIAN_POINT('',(0.0177172902202937,0.00657959775307974,0.0141911142330008));
#5506=CARTESIAN_POINT('',(0.0177220404058429,0.0066360987118761,0.014185178460584));
#5507=CARTESIAN_POINT('',(0.0177233063486017,0.00668723062164622,0.0141835965845625));
#5508=CARTESIAN_POINT('',(0.0175777405380224,0.00632473462805647,0.0143636011354383));
#5509=CARTESIAN_POINT('',(0.0177786043113113,0.00588218454792827,0.0141142207982525));
#5510=CARTESIAN_POINT('',(0.0177776761955125,0.00594381632092646,0.0141153898747306));
#5511=CARTESIAN_POINT('',(0.0177719833121495,0.00602341834444394,0.0141225817775182));
#5512=CARTESIAN_POINT('',(0.0177148847060991,0.00621330876356329,0.0141942670291303));
#5513=CARTESIAN_POINT('',(0.0176443127139821,0.00629018337979761,0.0142821321204582));
#5514=CARTESIAN_POINT('',(0.0175777405380224,0.00632473462805647,0.0143636011354383));
#5515=CARTESIAN_POINT('',(0.0177786043113114,0.00588218454792827,0.0141142207982524));
#5516=CARTESIAN_POINT('',(0.0173994479557618,0.00532215249664621,0.0145790675571086));
#5517=CARTESIAN_POINT('',(0.0174597326128255,0.00532399514974285,0.0145071205859459));
#5518=CARTESIAN_POINT('',(0.0175417700802307,0.00534289355540175,0.0144079401867254));
#5519=CARTESIAN_POINT('',(0.0176741770342873,0.00546165271663134,0.0142451935277919));
#5520=CARTESIAN_POINT('',(0.0177610982126436,0.00566114989536207,0.0141363100906193));
#5521=CARTESIAN_POINT('',(0.0177767237540537,0.0057858924605899,0.0141165895923819));
#5522=CARTESIAN_POINT('',(0.0177786043113113,0.00588218454792827,0.0141142207982525));
#5523=CARTESIAN_POINT('',(0.0173994479557618,0.00532215249664622,0.0145790675571086));
#5524=CARTESIAN_POINT('',(0.0170241974457104,0.00589881916331288,0.015015548652296));
#5525=CARTESIAN_POINT('',(0.0170288792222083,0.00580468913378069,0.0150102405886786));
#5526=CARTESIAN_POINT('',(0.0170437517666526,0.00567992682101146,0.014993382739103));
#5527=CARTESIAN_POINT('',(0.0171230862508433,0.00547079943539034,0.0149030302045913));
#5528=CARTESIAN_POINT('',(0.0172565876169344,0.00534424638467545,0.0147483102196885));
#5529=CARTESIAN_POINT('',(0.0173402119335743,0.00532417030875965,0.0146497630306785));
#5530=CARTESIAN_POINT('',(0.0173994479557618,0.00532215249664622,0.0145790675571086));
#5531=CARTESIAN_POINT('',(0.0170241974457104,0.00589881916331288,0.015015548652296));
#5532=CARTESIAN_POINT('',(0.,0.00589881916331288,0.));
#5533=CARTESIAN_POINT('',(0.0172279957011976,0.00589881916331288,0.0147812774860469));
#5534=CARTESIAN_POINT('',(0.0174103492370968,0.00563266531715904,0.0145660474886746));
#5535=CARTESIAN_POINT('',(0.017379715303022,0.00563470729979371,0.0146026632893002));
#5536=CARTESIAN_POINT('',(0.0173445489055184,0.00564193681957254,0.014644420173994));
#5537=CARTESIAN_POINT('',(0.0172796149833254,0.00569948964101068,0.0147209888749581));
#5538=CARTESIAN_POINT('',(0.0172424987645456,0.0057986577358777,0.0147643629445234));
#5539=CARTESIAN_POINT('',(0.0172334398802276,0.00585261380839404,0.0147749321418766));
#5540=CARTESIAN_POINT('',(0.0172279957011977,0.00589881916331288,0.0147812774860468));
#5541=CARTESIAN_POINT('',(0.0174103492370967,0.00563266531715904,0.0145660474886746));
#5542=CARTESIAN_POINT('',(0.0175838789129959,0.00588530353831288,0.0143560859001713));
#5543=CARTESIAN_POINT('',(0.0175830010432278,0.00581020149193617,0.014357161148384));
#5544=CARTESIAN_POINT('',(0.0175399521732295,0.00568149356942617,0.0144099093615729));
#5545=CARTESIAN_POINT('',(0.0174646772476409,0.00563412253084653,0.0145011108860949));
#5546=CARTESIAN_POINT('',(0.0174103492370968,0.00563266531715904,0.0145660474886746));
#5547=CARTESIAN_POINT('',(0.0175838789129959,0.00588530353831288,0.0143560859001713));
#5548=CARTESIAN_POINT('',(0.0173143532097835,0.00616497300946673,0.0146800263258232));
#5549=CARTESIAN_POINT('',(0.017382190274415,0.0061627431175114,0.0146000159176892));
#5550=CARTESIAN_POINT('',(0.0174650837712701,0.00615061257545475,0.0145007874019352));
#5551=CARTESIAN_POINT('',(0.0175657796499776,0.00601685645020122,0.0143783172860273));
#5552=CARTESIAN_POINT('',(0.0175823528373784,0.00594752766605363,0.0143579550955117));
#5553=CARTESIAN_POINT('',(0.0175838789129959,0.00588530353831288,0.0143560859001713));
#5554=CARTESIAN_POINT('',(0.0173143532097835,0.00616497300946673,0.0146800263258231));
#5555=CARTESIAN_POINT('',(0.0173143532097835,0.00616497300946673,0.0146800263258231));
#5556=CARTESIAN_POINT('',(0.0173143532097835,0.00645330634280007,0.0146800263258231));
#5557=CARTESIAN_POINT('',(0.017527637163409,0.00666747701587699,0.0144246987999016));
#5558=CARTESIAN_POINT('',(0.017526256446095,0.00661737988414659,0.0144263765272803));
#5559=CARTESIAN_POINT('',(0.0175104234447295,0.00656604712211665,0.0144456315662909));
#5560=CARTESIAN_POINT('',(0.0174539297933948,0.00648946056253973,0.0145139408083397));
#5561=CARTESIAN_POINT('',(0.0173813005532296,0.00646297025859903,0.0146007942915499));
#5562=CARTESIAN_POINT('',(0.0173452394059593,0.00645737464474706,0.0146435976098233));
#5563=CARTESIAN_POINT('',(0.0173143532097835,0.00645330634280007,0.0146800263258232));
#5564=CARTESIAN_POINT('',(0.017527637163409,0.00666747701587699,0.0144246987999016));
#5565=CARTESIAN_POINT('',(0.0174161296344162,0.00683035762485135,0.0145591355703974));
#5566=CARTESIAN_POINT('',(0.0174543383928298,0.00682810292197671,0.0145134289632651));
#5567=CARTESIAN_POINT('',(0.0174998501872263,0.00679507088159751,0.0144584473643166));
#5568=CARTESIAN_POINT('',(0.0175254493339357,0.00672859476010747,0.0144273572596528));
#5569=CARTESIAN_POINT('',(0.017527637163409,0.00666747701587699,0.0144246987999016));
#5570=CARTESIAN_POINT('',(0.0174161296344161,0.00683035762485135,0.0145591355703975));
#5571=CARTESIAN_POINT('',(0.0172856333449261,0.00667510121459493,0.0147138329426692));
#5572=CARTESIAN_POINT('',(0.0172984513806778,0.00673266499841522,0.0146987744689819));
#5573=CARTESIAN_POINT('',(0.0173315322550603,0.00679229791112328,0.0146597988645196));
#5574=CARTESIAN_POINT('',(0.017377131404598,0.00682736210122522,0.0146057865698844));
#5575=CARTESIAN_POINT('',(0.0174161296344162,0.00683035762485135,0.0145591355703974));
#5576=CARTESIAN_POINT('',(0.0172856333449261,0.00667510121459493,0.0147138329426692));
#5577=CARTESIAN_POINT('',(0.,0.00667510121459493,0.));
#5578=CARTESIAN_POINT('',(0.0116944113533734,0.00714087044536416,0.0194558665470878));
#5579=CARTESIAN_POINT('',(0.0116944113533734,0.00714087044536416,0.0194558665470878));
#5580=CARTESIAN_POINT('',(0.0116944113533734,0.00600971659921032,0.0194558665470878));
#5581=CARTESIAN_POINT('',(0.,0.00600971659921032,0.));
#5582=CARTESIAN_POINT('',(0.0118272049865644,0.00600971659921032,0.0193754283102538));
#5583=CARTESIAN_POINT('',(0.0118272049865644,0.00600971659921032,0.0193754283102538));
#5584=CARTESIAN_POINT('',(0.0118272049865645,0.00572138326587698,0.0193754283102538));
#5585=CARTESIAN_POINT('',(0.,0.00572138326587698,0.));
#5586=CARTESIAN_POINT('',(0.0116944113533734,0.00572138326587698,0.0194558665470878));
#5587=CARTESIAN_POINT('',(0.0116944113533734,0.00572138326587698,0.0194558665470878));
#5588=CARTESIAN_POINT('',(0.0116944113533734,0.00536651147100519,0.0194558665470878));
#5589=CARTESIAN_POINT('',(0.,0.00536651147100519,0.));
#5590=CARTESIAN_POINT('',(0.0114271891857304,0.00536651147100519,0.0196140089556808));
#5591=CARTESIAN_POINT('',(0.0114271891857304,0.00536651147100519,0.0196140089556808));
#5592=CARTESIAN_POINT('',(0.0114271891857304,0.00572138326587698,0.0196140089556808));
#5593=CARTESIAN_POINT('',(0.,0.00572138326587698,0.));
#5594=CARTESIAN_POINT('',(0.010788938726782,0.00572138326587698,0.0199722007087287));
#5595=CARTESIAN_POINT('',(0.010788938726782,0.00572138326587698,0.0199722007087287));
#5596=CARTESIAN_POINT('',(0.01078917715397,0.0060355310912856,0.0199720669947018));
#5597=CARTESIAN_POINT('',(0.,0.00658828931555708,0.));
#5598=CARTESIAN_POINT('',(0.011415808485138,0.00714087044536416,0.0196206349701189));
#5599=CARTESIAN_POINT('',(0.,0.00714087044536416,0.));
#5600=CARTESIAN_POINT('',(0.00436223448876326,0.00709651147100519,0.0222769142895744));
#5601=CARTESIAN_POINT('',(0.00436223448876326,0.00709651147100519,0.0222769142895744));
#5602=CARTESIAN_POINT('',(0.00436223448876327,0.00680817813767186,0.0222769142895744));
#5603=CARTESIAN_POINT('',(0.,0.00680817813767186,0.));
#5604=CARTESIAN_POINT('',(0.0038294006968067,0.00680817813767186,0.0223746662612718));
#5605=CARTESIAN_POINT('',(0.,0.00664460441972708,0.));
#5606=CARTESIAN_POINT('',(0.00376284760617454,0.00648103070177442,0.0223859549247448));
#5607=CARTESIAN_POINT('',(0.00376295503820588,0.00648068609247928,0.0223859369327557));
#5608=CARTESIAN_POINT('',(0.0037972839135097,0.00649168940436669,0.0223801664343098));
#5609=CARTESIAN_POINT('',(0.00383243474418883,0.00649744199845453,0.0223741765551624));
#5610=CARTESIAN_POINT('',(0.00386840542999974,0.00649794429186679,0.0223679556381255));
#5611=CARTESIAN_POINT('',(0.00386840920070968,0.00649766531715904,0.0223679549860032));
#5612=CARTESIAN_POINT('',(0.00438399850592088,0.00592411764087698,0.0222726414486491));
#5613=CARTESIAN_POINT('',(0.00438184832408904,0.00601480624916055,0.0222730646761303));
#5614=CARTESIAN_POINT('',(0.00436676722184576,0.00613428016536816,0.0222760613958643));
#5615=CARTESIAN_POINT('',(0.00425651818357383,0.00633775744545769,0.0222974931661559));
#5616=CARTESIAN_POINT('',(0.00411617984753723,0.00644776873004633,0.0223239043816739));
#5617=CARTESIAN_POINT('',(0.0039702211549068,0.00649200071138333,0.0223501688789483));
#5618=CARTESIAN_POINT('',(0.00391609249528128,0.00649655440582115,0.0223597084343825));
#5619=CARTESIAN_POINT('',(0.00386840920070973,0.00649766531715904,0.0223679549860032));
#5620=CARTESIAN_POINT('',(0.00438399850592082,0.00592411764087698,0.0222726414486491));
#5621=CARTESIAN_POINT('',(0.00381512658119567,0.00532215249664621,0.0223771045752004));
#5622=CARTESIAN_POINT('',(0.00386615022133739,0.0053236004197543,0.0223684054316128));
#5623=CARTESIAN_POINT('',(0.00392406626220969,0.00532793768203189,0.0223583272981092));
#5624=CARTESIAN_POINT('',(0.00408016066330789,0.00537560291753153,0.0223305461603032));
#5625=CARTESIAN_POINT('',(0.00423208739849821,0.00548861879584978,0.022302182683687));
#5626=CARTESIAN_POINT('',(0.00436192535058874,0.00569930802056514,0.0222770286223899));
#5627=CARTESIAN_POINT('',(0.0043812690529046,0.00582720578774723,0.0222731786960148));
#5628=CARTESIAN_POINT('',(0.00438399850592088,0.00592411764087698,0.0222726414486491));
#5629=CARTESIAN_POINT('',(0.00381512658119573,0.00532215249664621,0.0223771045752004));
#5630=CARTESIAN_POINT('',(0.00324720780664147,0.00578792172741545,0.0224665449382073));
#5631=CARTESIAN_POINT('',(0.00326717909201949,0.005706597351361,0.022463658383378));
#5632=CARTESIAN_POINT('',(0.00330516673369727,0.00560170674095476,0.0224581435421145));
#5633=CARTESIAN_POINT('',(0.00343718497289188,0.00543703430944656,0.0224384943584852));
#5634=CARTESIAN_POINT('',(0.00362345620800544,0.00534021572391813,0.0224091502490425));
#5635=CARTESIAN_POINT('',(0.00373265174300759,0.0053242955236441,0.0223911659094715));
#5636=CARTESIAN_POINT('',(0.00381512658119567,0.00532215249664621,0.0223771045752004));
#5637=CARTESIAN_POINT('',(0.00324720780664141,0.00578792172741545,0.0224665449382073));
#5638=CARTESIAN_POINT('',(0.,0.00578792172741545,0.));
#5639=CARTESIAN_POINT('',(0.00359801887324833,0.00578792172741545,0.0224130377277992));
#5640=CARTESIAN_POINT('',(0.00383254829465986,0.00563266531715904,0.0223741273253081));
#5641=CARTESIAN_POINT('',(0.00376683305161152,0.00563519983511387,0.0223853839360807));
#5642=CARTESIAN_POINT('',(0.00368861612814038,0.00566480826103755,0.0223983607890622));
#5643=CARTESIAN_POINT('',(0.0036264623846214,0.00573369139665748,0.0224084716224821));
#5644=CARTESIAN_POINT('',(0.00359801887324823,0.00578792172741545,0.0224130377277992));
#5645=CARTESIAN_POINT('',(0.00383254829465994,0.00563266531715904,0.0223741273253081));
#5646=CARTESIAN_POINT('',(0.00407893086681486,0.00591337445177442,0.022330524467279));
#5647=CARTESIAN_POINT('',(0.00407811936662856,0.00586936986827683,0.0223306726972573));
#5648=CARTESIAN_POINT('',(0.00407019666031398,0.00581200466613558,0.0223321210451005));
#5649=CARTESIAN_POINT('',(0.00401992878969826,0.00571380301049662,0.0223412659969364));
#5650=CARTESIAN_POINT('',(0.0039320391560923,0.00564683767033345,0.0223569071733529));
#5651=CARTESIAN_POINT('',(0.00387634129616155,0.00563434037524939,0.0223666258576181));
#5652=CARTESIAN_POINT('',(0.00383254829465986,0.00563266531715904,0.0223741273253081));
#5653=CARTESIAN_POINT('',(0.00407893086681488,0.00591337445177442,0.022330524467279));
#5654=CARTESIAN_POINT('',(0.00384518612335113,0.00618715249664622,0.0223719588699065));
#5655=CARTESIAN_POINT('',(0.00391954869368014,0.00618597759100254,0.0223591777842095));
#5656=CARTESIAN_POINT('',(0.00400574714940076,0.0061393758290923,0.0223438267880813));
#5657=CARTESIAN_POINT('',(0.00407159522021763,0.00601044762624127,0.0223318703009911));
#5658=CARTESIAN_POINT('',(0.00407801513064749,0.00595658181973971,0.0223306917371756));
#5659=CARTESIAN_POINT('',(0.00407893086681486,0.00591337445177442,0.022330524467279));
#5660=CARTESIAN_POINT('',(0.00384518612335112,0.00618715249664622,0.0223719588699065));
#5661=CARTESIAN_POINT('',(0.0036438625633618,0.00607660161523596,0.0224056302214272));
#5662=CARTESIAN_POINT('',(0.00371375755379491,0.00615240123569041,0.0223942630901977));
#5663=CARTESIAN_POINT('',(0.0037549948405252,0.00618367365104585,0.0223874605195915));
#5664=CARTESIAN_POINT('',(0.00384518612335113,0.00618715249664622,0.0223719588699065));
#5665=CARTESIAN_POINT('',(0.00364386256336179,0.00607660161523596,0.0224056302214272));
#5666=CARTESIAN_POINT('',(0.,0.0061065785783762,0.));
#5667=CARTESIAN_POINT('',(0.00338593738749338,0.00613656943535136,0.0224460559566258));
#5668=CARTESIAN_POINT('',(0.,0.00661653350626321,0.));
#5669=CARTESIAN_POINT('',(0.00358650580005122,0.00709651147100519,0.0224148829161831));
#5670=CARTESIAN_POINT('',(0.,0.00709651147100519,0.));
#5671=CARTESIAN_POINT('',(0.,0.00670525145498397,0.));
#5672=CARTESIAN_POINT('',(-0.0037975228748685,0.00700156730297413,0.0223800987489969));
#5673=CARTESIAN_POINT('',(-0.00409411298591234,0.00640894736844109,0.0223277459421811));
#5674=CARTESIAN_POINT('',(-0.00358006605596004,0.00586069816972314,0.0224159123623145));
#5675=CARTESIAN_POINT('',(-0.00358235221375527,0.00594870224396318,0.0224155472379426));
#5676=CARTESIAN_POINT('',(-0.00360072770322714,0.00606465160669386,0.0224126259005809));
#5677=CARTESIAN_POINT('',(-0.00371312014434602,0.00625607040043379,0.0223944489176396));
#5678=CARTESIAN_POINT('',(-0.00389259357228365,0.00638318471282889,0.0223639796948825));
#5679=CARTESIAN_POINT('',(-0.00400946274769272,0.00640671206527885,0.0223432677794706));
#5680=CARTESIAN_POINT('',(-0.00409411298591239,0.00640894736844109,0.0223277459421811));
#5681=CARTESIAN_POINT('',(-0.0035800660559601,0.00586069816972314,0.0224159123623145));
#5682=CARTESIAN_POINT('',(-0.00410195277532035,0.00532215249664621,0.0223263069814298));
#5683=CARTESIAN_POINT('',(-0.00401748418683977,0.00532439174591498,0.0223418261696786));
#5684=CARTESIAN_POINT('',(-0.0039012342161562,0.00534698575814776,0.0223624733127652));
#5685=CARTESIAN_POINT('',(-0.00372056397556277,0.0054707550145959,0.0223932219076249));
#5686=CARTESIAN_POINT('',(-0.00360300339449843,0.00565639658059933,0.0224122661596977));
#5687=CARTESIAN_POINT('',(-0.00358223936127398,0.00577548063245434,0.0224155652617166));
#5688=CARTESIAN_POINT('',(-0.00358006605596004,0.00586069816972314,0.0224159123623145));
#5689=CARTESIAN_POINT('',(-0.00410195277532027,0.00532215249664621,0.0223263069814298));
#5690=CARTESIAN_POINT('',(-0.00462703601608263,0.00586312405113339,0.0222234231770417));
#5691=CARTESIAN_POINT('',(-0.00462579998993512,0.00581563826088424,0.0222236805243214));
#5692=CARTESIAN_POINT('',(-0.00462110010128652,0.00576295836524181,0.0222246599424354));
#5693=CARTESIAN_POINT('',(-0.00458048233366283,0.00561849672502924,0.0222330933486425));
#5694=CARTESIAN_POINT('',(-0.00448099180802279,0.0054745664128045,0.0222534757029519));
#5695=CARTESIAN_POINT('',(-0.0043428156065848,0.00536793822122327,0.0222809142334617));
#5696=CARTESIAN_POINT('',(-0.00420059650160937,0.00532774892499979,0.0223080155404081));
#5697=CARTESIAN_POINT('',(-0.00414822616961666,0.00532311430893657,0.0223178052942356));
#5698=CARTESIAN_POINT('',(-0.00410195277532035,0.00532215249664621,0.0223263069814298));
#5699=CARTESIAN_POINT('',(-0.00462703601608265,0.00586312405113339,0.0222234231770417));
#5700=CARTESIAN_POINT('',(-0.0044993916843986,0.00627725666331289,0.0222496174005389));
#5701=CARTESIAN_POINT('',(-0.00453893002765989,0.00619502368631249,0.0222416218251687));
#5702=CARTESIAN_POINT('',(-0.00457703198404658,0.00612005044829941,0.0222337947193495));
#5703=CARTESIAN_POINT('',(-0.00462087419428555,0.00596699941860961,0.0222247100176922));
#5704=CARTESIAN_POINT('',(-0.00462617723097932,0.00590937945742708,0.0222236019807108));
#5705=CARTESIAN_POINT('',(-0.00462703601608263,0.00586312405113339,0.0222234231770417));
#5706=CARTESIAN_POINT('',(-0.00449939168439859,0.00627725666331289,0.0222496174005389));
#5707=CARTESIAN_POINT('',(0.,0.0067090635543415,0.));
#5708=CARTESIAN_POINT('',(-0.00406786306615293,0.00714087044536416,0.0223325432961638));
#5709=CARTESIAN_POINT('',(0.,0.00707121299344045,0.));
#5710=CARTESIAN_POINT('',(-0.011025857482953,0.00709651147100519,0.0198423906514716));
#5711=CARTESIAN_POINT('',(-0.011025857482953,0.00709651147100519,0.0198423906514716));
#5712=CARTESIAN_POINT('',(-0.0110258594354973,0.00693536458200599,0.0198423895600992));
#5713=CARTESIAN_POINT('',(-0.0110258617619783,0.00693536536171773,0.019842390353113));
#5714=CARTESIAN_POINT('',(-0.0112482009200135,0.00639761169882395,0.0197188426969513));
#5715=CARTESIAN_POINT('',(-0.0114682871914949,0.00585979738889913,0.019591652869428));
#5716=CARTESIAN_POINT('',(-0.0116859717937925,0.00532183417120646,0.0194609368539823));
#5717=CARTESIAN_POINT('',(-0.011686549980407,0.00532215249664621,0.0194605896507647));
#5718=CARTESIAN_POINT('',(0.,0.0053914633940826,0.));
#5719=CARTESIAN_POINT('',(-0.0119210575549679,0.00546061544117671,0.0193178256222366));
#5720=CARTESIAN_POINT('',(0.,0.00613447621461438,0.));
#5721=CARTESIAN_POINT('',(-0.0113749059714858,0.00680817813767186,0.0196443761453465));
#5722=CARTESIAN_POINT('',(0.,0.00680817813767186,0.));
#5723=CARTESIAN_POINT('',(-0.0119816871953249,0.00680817813767186,0.0192802793536138));
#5724=CARTESIAN_POINT('',(-0.0119816871953249,0.00680817813767186,0.0192802793536138));
#5725=CARTESIAN_POINT('',(-0.0119816871953249,0.00709651147100519,0.0192802793536138));
#5726=CARTESIAN_POINT('',(0.,0.00709651147100519,0.));
#5727=CARTESIAN_POINT('',(-0.0175627178889815,0.00532215249664621,0.0143819658027701));
#5728=CARTESIAN_POINT('',(-0.0175074618433439,0.00532314891502832,0.0144494424158077));
#5729=CARTESIAN_POINT('',(-0.0174245036896023,0.00533400936201333,0.0145495763167355));
#5730=CARTESIAN_POINT('',(-0.0172889659367537,0.00544178736392514,0.0147102862124533));
#5731=CARTESIAN_POINT('',(-0.0172213006529467,0.00559446527994192,0.014789109461486));
#5732=CARTESIAN_POINT('',(-0.0171909430081879,0.00574608889818277,0.0148243613261787));
#5733=CARTESIAN_POINT('',(-0.0171883094288466,0.00580133695999007,0.014827407791925));
#5734=CARTESIAN_POINT('',(-0.0171872066586296,0.00585099464408211,0.0148286859590983));
#5735=CARTESIAN_POINT('',(-0.0171872066586297,0.00585099464408211,0.0148286859590982));
#5736=CARTESIAN_POINT('',(-0.0175627178889815,0.00532215249664621,0.0143819658027701));
#5737=CARTESIAN_POINT('',(-0.0179317227005089,0.00585099464408211,0.0139191709879595));
#5738=CARTESIAN_POINT('',(-0.0179307375369593,0.00580293774761105,0.0139204401497222));
#5739=CARTESIAN_POINT('',(-0.0179286139854887,0.00574291406392828,0.0139231826570799));
#5740=CARTESIAN_POINT('',(-0.0179010141213375,0.00559106145121889,0.0139586703898927));
#5741=CARTESIAN_POINT('',(-0.0178364407496567,0.00543464119355928,0.0140414890612859));
#5742=CARTESIAN_POINT('',(-0.0177002238704878,0.00533040146666145,0.0142128505251618));
#5743=CARTESIAN_POINT('',(-0.0176221250314961,0.00532342780415866,0.0143094200257266));
#5744=CARTESIAN_POINT('',(-0.0175627178889815,0.00532215249664621,0.0143819658027701));
#5745=CARTESIAN_POINT('',(-0.0179317227005088,0.00585099464408211,0.0139191709879596));
#5746=CARTESIAN_POINT('',(-0.0177881968008054,0.00629804993254365,0.0141021294340897));
#5747=CARTESIAN_POINT('',(-0.017816475347489,0.00626167594235645,0.0140664593350453));
#5748=CARTESIAN_POINT('',(-0.0178473395459924,0.00621735485917338,0.0140272623154664));
#5749=CARTESIAN_POINT('',(-0.0178982045266192,0.00610656296124486,0.0139623077406872));
#5750=CARTESIAN_POINT('',(-0.0179265753408794,0.00597508258623556,0.0139258017162242));
#5751=CARTESIAN_POINT('',(-0.0179303936868458,0.00591070442414187,0.0139208831232938));
#5752=CARTESIAN_POINT('',(-0.0179317227005089,0.00585099464408211,0.0139191709879595));
#5753=CARTESIAN_POINT('',(-0.0177881968008054,0.00629804993254365,0.0141021294340896));
#5754=CARTESIAN_POINT('',(-0.0178771858756551,0.00665604071780006,0.0139891466918922));
#5755=CARTESIAN_POINT('',(-0.0178738688090856,0.00649279023871467,0.0139933856792251));
#5756=CARTESIAN_POINT('',(-0.0178535362073622,0.00641936399718634,0.0140197113689235));
#5757=CARTESIAN_POINT('',(-0.0177881968008054,0.00629804993254365,0.0141021294340897));
#5758=CARTESIAN_POINT('',(-0.0178771858756551,0.00665604071780006,0.0139891466918922));
#5759=CARTESIAN_POINT('',(-0.017563815664858,0.00714087044536416,0.0143806251356083));
#5760=CARTESIAN_POINT('',(-0.0176171331214012,0.00713855535776125,0.0143155057148868));
#5761=CARTESIAN_POINT('',(-0.0176821450784359,0.0071238537994833,0.0142351827843609));
#5762=CARTESIAN_POINT('',(-0.0177967534122235,0.00701842041043287,0.0140916348276369));
#5763=CARTESIAN_POINT('',(-0.0178511363352751,0.0068825423889411,0.0140223918318776));
#5764=CARTESIAN_POINT('',(-0.0178745322987945,0.00674870872340184,0.0139925427061887));
#5765=CARTESIAN_POINT('',(-0.0178763243352677,0.00670024439757291,0.0139902476823946));
#5766=CARTESIAN_POINT('',(-0.0178771858756551,0.00665604071780006,0.0139891466918922));
#5767=CARTESIAN_POINT('',(-0.0175638156648579,0.00714087044536416,0.0143806251356084));
#5768=CARTESIAN_POINT('',(-0.0172450298989771,0.00665118895497955,0.0147614004682275));
#5769=CARTESIAN_POINT('',(-0.0172471844454059,0.00673438457674794,0.0147588834158879));
#5770=CARTESIAN_POINT('',(-0.0172606842829407,0.00683771631896395,0.0147431174718321));
#5771=CARTESIAN_POINT('',(-0.0173294246028492,0.007016198110232,0.0146625165128261));
#5772=CARTESIAN_POINT('',(-0.0174446672081737,0.00712235615495037,0.0145252166498627));
#5773=CARTESIAN_POINT('',(-0.0175106422247082,0.00713852375628141,0.0144455686615156));
#5774=CARTESIAN_POINT('',(-0.017563815664858,0.00714087044536416,0.0143806251356083));
#5775=CARTESIAN_POINT('',(-0.0172450298989771,0.00665118895497955,0.0147614004682275));
#5776=CARTESIAN_POINT('',(-0.017341114354074,0.00629804993254365,0.0146484044509608));
#5777=CARTESIAN_POINT('',(-0.0172765689169067,0.00641815478852464,0.0147248148075085));
#5778=CARTESIAN_POINT('',(-0.0172479496949648,0.00649263407271032,0.0147579894118568));
#5779=CARTESIAN_POINT('',(-0.0172450298989771,0.00665118895497955,0.0147614004682275));
#5780=CARTESIAN_POINT('',(-0.017341114354074,0.00629804993254365,0.0146484044509608));
#5781=CARTESIAN_POINT('',(-0.0171872066586296,0.00585099464408211,0.0148286859590983));
#5782=CARTESIAN_POINT('',(-0.0171884221319206,0.0059103931229948,0.0148272771632887));
#5783=CARTESIAN_POINT('',(-0.0171933512949227,0.0059761816033213,0.0148215638819068));
#5784=CARTESIAN_POINT('',(-0.017223681996958,0.00610793285334204,0.0147863624866119));
#5785=CARTESIAN_POINT('',(-0.0172767230757787,0.00622079416389836,0.0147243478332039));
#5786=CARTESIAN_POINT('',(-0.0173103026146766,0.00626393084545782,0.0146848800888453));
#5787=CARTESIAN_POINT('',(-0.017341114354074,0.00629804993254365,0.0146484044509608));
#5788=CARTESIAN_POINT('',(0.,0.,0.));
#5789=CARTESIAN_POINT('',(0.,0.,-0.0227));
#5790=CARTESIAN_POINT('',(0.0171842491513112,0.,-0.0148321131706059));
#5791=CARTESIAN_POINT('',(0.0171842491513112,0.044,-0.0148321131706059));
#5792=CARTESIAN_POINT('',(0.0171842491513112,0.038,-0.0148321131706059));
#5793=CARTESIAN_POINT('',(0.,0.044,0.));
#5794=CARTESIAN_POINT('',(0.0226627447587445,0.044,-0.0013));
#5795=CARTESIAN_POINT('',(0.0226627447587445,0.,-0.0013));
#5796=CARTESIAN_POINT('',(0.0226627447587445,0.0084,-0.0013));
#5797=CARTESIAN_POINT('',(0.,0.0084,0.));
#5798=CARTESIAN_POINT('',(0.0226627447587445,0.0084,0.0013));
#5799=CARTESIAN_POINT('',(0.0226627447587445,0.,0.0013));
#5800=CARTESIAN_POINT('',(0.0226627447587445,0.044,0.0013));
#5801=CARTESIAN_POINT('',(0.,0.044,0.));
#5802=CARTESIAN_POINT('',(0.0217406402028701,0.044,0.00652951480351717));
#5803=CARTESIAN_POINT('',(0.0217406402028701,0.,0.00652951480351717));
#5804=CARTESIAN_POINT('',(0.0217406402028701,0.0084,0.00652951480351717));
#5805=CARTESIAN_POINT('',(0.,0.0084,0.));
#5806=CARTESIAN_POINT('',(0.0208513878302233,0.0084,0.00897271561756053));
#5807=CARTESIAN_POINT('',(0.0208513878302233,0.,0.00897271561756053));
#5808=CARTESIAN_POINT('',(0.0208513878302233,0.044,0.00897271561756053));
#5809=CARTESIAN_POINT('',(0.,0.044,0.));
#5810=CARTESIAN_POINT('',(0.0181962935808524,0.044,0.0135714737563549));
#5811=CARTESIAN_POINT('',(0.0181962935808524,0.,0.0135714737563549));
#5812=CARTESIAN_POINT('',(0.0181962935808524,0.0084,0.0135714737563549));
#5813=CARTESIAN_POINT('',(0.,0.0084,0.));
#5814=CARTESIAN_POINT('',(0.0165250457956674,0.0084,0.0155631893084642));
#5815=CARTESIAN_POINT('',(0.0165250457956674,0.,0.0155631893084642));
#5816=CARTESIAN_POINT('',(0.0165250457956674,0.044,0.0155631893084642));
#5817=CARTESIAN_POINT('',(0.,0.044,0.));
#5818=CARTESIAN_POINT('',(0.012457205404292,0.044,0.0189765126805554));
#5819=CARTESIAN_POINT('',(0.012457205404292,0.,0.0189765126805554));
#5820=CARTESIAN_POINT('',(0.012457205404292,0.0084,0.0189765126805554));
#5821=CARTESIAN_POINT('',(0.,0.0084,0.));
#5822=CARTESIAN_POINT('',(0.0102055393544524,0.0084,0.0202765126805554));
#5823=CARTESIAN_POINT('',(0.0102055393544524,0.,0.0202765126805554));
#5824=CARTESIAN_POINT('',(0.0102055393544524,0.044,0.0202765126805554));
#5825=CARTESIAN_POINT('',(0.,0.044,0.));
#5826=CARTESIAN_POINT('',(0.00521559440720256,0.044,0.0220927041119813));
#5827=CARTESIAN_POINT('',(0.00521559440720256,0.,0.0220927041119813));
#5828=CARTESIAN_POINT('',(0.00521559440720256,0.0084,0.0220927041119813));
#5829=CARTESIAN_POINT('',(0.,0.0084,0.));
#5830=CARTESIAN_POINT('',(0.00265509424937082,0.0084,0.0225441893739154));
#5831=CARTESIAN_POINT('',(0.00265509424937082,0.,0.0225441893739154));
#5832=CARTESIAN_POINT('',(0.00265509424937082,0.044,0.0225441893739154));
#5833=CARTESIAN_POINT('',(0.,0.044,0.));
#5834=CARTESIAN_POINT('',(-0.00265509424937097,0.044,0.0225441893739153));
#5835=CARTESIAN_POINT('',(-0.00265509424937097,0.,0.0225441893739153));
#5836=CARTESIAN_POINT('',(-0.00265509424937097,0.0084,0.0225441893739153));
#5837=CARTESIAN_POINT('',(0.,0.0084,0.));
#5838=CARTESIAN_POINT('',(-0.00521559440720271,0.0084,0.0220927041119813));
#5839=CARTESIAN_POINT('',(-0.00521559440720271,0.,0.0220927041119813));
#5840=CARTESIAN_POINT('',(-0.00521559440720271,0.044,0.0220927041119813));
#5841=CARTESIAN_POINT('',(0.,0.044,0.));
#5842=CARTESIAN_POINT('',(-0.0102055393544526,0.044,0.0202765126805553));
#5843=CARTESIAN_POINT('',(-0.0102055393544526,0.,0.0202765126805553));
#5844=CARTESIAN_POINT('',(-0.0102055393544526,0.0084,0.0202765126805553));
#5845=CARTESIAN_POINT('',(0.,0.0084,0.));
#5846=CARTESIAN_POINT('',(-0.0124572054042921,0.0084,0.0189765126805553));
#5847=CARTESIAN_POINT('',(-0.0124572054042921,0.,0.0189765126805553));
#5848=CARTESIAN_POINT('',(-0.0124572054042921,0.044,0.0189765126805553));
#5849=CARTESIAN_POINT('',(0.,0.044,0.));
#5850=CARTESIAN_POINT('',(-0.0165250457956675,0.044,0.0155631893084641));
#5851=CARTESIAN_POINT('',(-0.0165250457956675,0.,0.0155631893084641));
#5852=CARTESIAN_POINT('',(-0.0165250457956675,0.0084,0.0155631893084641));
#5853=CARTESIAN_POINT('',(0.,0.0084,0.));
#5854=CARTESIAN_POINT('',(-0.0181962935808525,0.0084,0.0135714737563547));
#5855=CARTESIAN_POINT('',(-0.0181962935808525,0.,0.0135714737563547));
#5856=CARTESIAN_POINT('',(-0.0181962935808525,0.044,0.0135714737563547));
#5857=CARTESIAN_POINT('',(0.,0.044,0.));
#5858=CARTESIAN_POINT('',(0.00576679979845005,0.044,-0.0219552731726252));
#5859=CARTESIAN_POINT('',(0.00576679979845005,0.,-0.0219552731726252));
#5860=CARTESIAN_POINT('',(0.00576679979845005,0.0265,-0.0219552731726252));
#5861=CARTESIAN_POINT('',(0.,0.0265,0.));
#5862=CARTESIAN_POINT('',(0.00823954674081744,0.0265,-0.0211518289872504));
#5863=CARTESIAN_POINT('',(0.00823954674081744,0.,-0.0211518289872504));
#5864=CARTESIAN_POINT('',(0.00823954674081744,0.044,-0.0211518289872504));
#5865=CARTESIAN_POINT('',(0.,0.044,0.));
#5866=CARTESIAN_POINT('',(0.0161585765177706,0.044,-0.0159433498650489));
#5867=CARTESIAN_POINT('',(0.0161585765177705,0.,-0.0159433498650489));
#5868=CARTESIAN_POINT('',(0.0161585765177706,0.038,-0.0159433498650489));
#5869=CARTESIAN_POINT('',(0.,0.038,0.));
#5870=CARTESIAN_POINT('',(0.0102638609211726,0.0322,-0.0202470530939894));
#5871=CARTESIAN_POINT('',(0.0102638609211726,0.0322,-0.0202470530939894));
#5872=CARTESIAN_POINT('',(0.0102638609211726,0.0337,-0.0202470530939894));
#5873=CARTESIAN_POINT('',(0.,0.0322,0.));
#5874=CARTESIAN_POINT('',(0.0103974269637007,0.0322,-0.0201787886785731));
#5875=CARTESIAN_POINT('',(0.0103974269637007,0.0337,-0.0201787886785731));
#5876=CARTESIAN_POINT('',(0.0103974269637007,0.0337,-0.0201787886785731));
#5877=CARTESIAN_POINT('',(0.,0.0337,0.));
#5878=CARTESIAN_POINT('',(0.0107696010129928,0.0337002793066409,-0.0199826345031863));
#5879=CARTESIAN_POINT('',(0.0108964565009002,0.0338886783151975,-0.0199137447848186));
#5880=CARTESIAN_POINT('',(0.010917918798763,0.0337996791744338,-0.0199020009868741));
#5881=CARTESIAN_POINT('',(0.0108508523901254,0.0336999609841079,-0.0199388445359834));
#5882=CARTESIAN_POINT('',(0.0107696026922167,0.0337005586145425,-0.0199826339067651));
#5883=CARTESIAN_POINT('',(0.0108966885549019,0.0338887514568082,-0.019913614577634));
#5884=CARTESIAN_POINT('',(0.0104595056831129,0.0357388233218294,-0.0201466806413596));
#5885=CARTESIAN_POINT('',(0.0106061510713204,0.0351221537108335,-0.0200705470936718));
#5886=CARTESIAN_POINT('',(0.0107518242083205,0.03450544687451,-0.0199928854105722));
#5887=CARTESIAN_POINT('',(0.010896480777139,0.0338886878107243,-0.0199137316109624));
#5888=CARTESIAN_POINT('',(0.0104595041426465,0.0357388228567654,-0.0201466814411198));
#5889=CARTESIAN_POINT('',(0.0102014756452207,0.0357388228567654,-0.0202785575093488));
#5890=CARTESIAN_POINT('',(0.0102191511436467,0.0358072523978582,-0.0202696655471555));
#5891=CARTESIAN_POINT('',(0.0103301207695399,0.0358939469650943,-0.0202137107964587));
#5892=CARTESIAN_POINT('',(0.0104434094378093,0.0358048536451517,-0.0201550372903157));
#5893=CARTESIAN_POINT('',(0.0104595041426465,0.0357388228567654,-0.0201466814411198));
#5894=CARTESIAN_POINT('',(0.0102014756452207,0.0357388228567654,-0.0202785575093488));
#5895=CARTESIAN_POINT('',(0.00975625108869995,0.0338888193739458,-0.0204964768836002));
#5896=CARTESIAN_POINT('',(0.00990544284762548,0.0345054899906207,-0.0204254621297619));
#5897=CARTESIAN_POINT('',(0.0100537158011429,0.0351221978330571,-0.0203528865158102));
#5898=CARTESIAN_POINT('',(0.0102010244135075,0.0357389579028064,-0.0202787845028993));
#5899=CARTESIAN_POINT('',(0.00975658244005123,0.033888721046155,-0.0204963191562566));
#5900=CARTESIAN_POINT('',(0.00988687096815226,0.0337005956330714,-0.0204337903366309));
#5901=CARTESIAN_POINT('',(0.00980381909581949,0.0336999062988268,-0.020473974909923));
#5902=CARTESIAN_POINT('',(0.00973468330433419,0.0337996998909249,-0.0205067439442301));
#5903=CARTESIAN_POINT('',(0.00975691462913009,0.0338886192355446,-0.0204961610288334));
#5904=CARTESIAN_POINT('',(0.00988687261331268,0.0337002978711073,-0.0204337886289515));
#5905=CARTESIAN_POINT('',(0.,0.0337,0.));
#5906=CARTESIAN_POINT('',(0.0104595041426465,0.0276611771432346,-0.0201466814411198));
#5907=CARTESIAN_POINT('',(0.0104419435920031,0.0275927476021389,-0.0201557983099569));
#5908=CARTESIAN_POINT('',(0.0103315906055496,0.0275060530349045,-0.0202129595763577));
#5909=CARTESIAN_POINT('',(0.0102176757027113,0.0275951463548538,-0.0202704077929864));
#5910=CARTESIAN_POINT('',(0.0102014756452207,0.0276611771432346,-0.0202785575093488));
#5911=CARTESIAN_POINT('',(0.0104595041426465,0.0276611771432346,-0.0201466814411198));
#5912=CARTESIAN_POINT('',(0.0102014756452207,0.0276611771432346,-0.0202785575093488));
#5913=CARTESIAN_POINT('',(0.0108969230707171,0.0295111806260545,-0.0199134895871264));
#5914=CARTESIAN_POINT('',(0.0107519748166966,0.0288945100093795,-0.0199928071756578));
#5915=CARTESIAN_POINT('',(0.0106062997368802,0.0282778021669431,-0.0200704657850049));
#5916=CARTESIAN_POINT('',(0.0104599524347989,0.0276610420971935,-0.0201464486960295));
#5917=CARTESIAN_POINT('',(0.0108966011398068,0.0295112789538505,-0.0199136657465321));
#5918=CARTESIAN_POINT('',(0.0107696035342047,0.0296994043669174,-0.0199826335796443));
#5919=CARTESIAN_POINT('',(0.0108508217078999,0.0297000937011854,-0.0199388611946389));
#5920=CARTESIAN_POINT('',(0.0109178781021429,0.0296003001090702,-0.0199020236151164));
#5921=CARTESIAN_POINT('',(0.0108962783939235,0.0295113807644664,-0.0199138423505388));
#5922=CARTESIAN_POINT('',(0.010769601186482,0.0296997021288871,-0.0199826339126919));
#5923=CARTESIAN_POINT('',(0.,0.0297,0.));
#5924=CARTESIAN_POINT('',(0.0103974269637007,0.0297,-0.0201787886785731));
#5925=CARTESIAN_POINT('',(0.0103974269637007,0.0312,-0.0201787886785731));
#5926=CARTESIAN_POINT('',(0.0103974269637007,0.0312,-0.0201787886785731));
#5927=CARTESIAN_POINT('',(0.,0.0312,0.));
#5928=CARTESIAN_POINT('',(0.0102638609211726,0.0312,-0.0202470530939894));
#5929=CARTESIAN_POINT('',(0.0102638609211726,0.0297,-0.0202470530939894));
#5930=CARTESIAN_POINT('',(0.0102638609211726,0.0297,-0.0202470530939894));
#5931=CARTESIAN_POINT('',(0.,0.0297,0.));
#5932=CARTESIAN_POINT('',(0.00988687319351887,0.0296997206933666,-0.0204337888342389));
#5933=CARTESIAN_POINT('',(0.00975673122425148,0.0295113216848021,-0.0204962482286056));
#5934=CARTESIAN_POINT('',(0.00973464112572035,0.0296003208255694,-0.0205067636727826));
#5935=CARTESIAN_POINT('',(0.00980378762156732,0.0297000390158929,-0.02047399001889));
#5936=CARTESIAN_POINT('',(0.00988687172648964,0.0296994413854727,-0.0204337898458397));
#5937=CARTESIAN_POINT('',(0.00975648976351578,0.0295112485431916,-0.0204963600305883));
#5938=CARTESIAN_POINT('',(0.0102014740946707,0.0276611766781706,-0.0202785582893796));
#5939=CARTESIAN_POINT('',(0.0100538687841199,0.0282778462891665,-0.020352813654595));
#5940=CARTESIAN_POINT('',(0.00990559447745421,0.02889455312549,-0.0204253858934201));
#5941=CARTESIAN_POINT('',(0.00975670632679596,0.0295113121892756,-0.0204962601869868));
#5942=CARTESIAN_POINT('',(0.0103306770319803,0.0314749729015093,-0.0202135996249697));
#5943=CARTESIAN_POINT('',(0.0105306073870836,0.0316999831651472,-0.0201097476220935));
#5944=CARTESIAN_POINT('',(0.0103310200937484,0.0319249501500791,-0.0202134242901071));
#5945=CARTESIAN_POINT('',(0.0101299331167071,0.0317000987746899,-0.0203145283804288));
#5946=CARTESIAN_POINT('',(0.0103306770319803,0.0314749729015093,-0.0202135996249697));
#5947=CARTESIAN_POINT('',(0.0105306073870836,0.0316999831651472,-0.0201097476220935));
#5948=CARTESIAN_POINT('',(0.0103310200937484,0.0319249501500791,-0.0202134242901071));
#5949=CARTESIAN_POINT('',(0.0104640211123442,0.0316999759520295,-0.0201443357339084));
#5950=CARTESIAN_POINT('',(0.0215,0.044,0.));
#5951=CARTESIAN_POINT('',(0.023087494213018,0.044,-0.021867326680859));
#5952=CARTESIAN_POINT('',(0.0166596181161526,0.044,-0.0142068822496692));
#5953=CARTESIAN_POINT('',(0.0166596181161526,0.044,-0.0142068822496692));
#5954=CARTESIAN_POINT('',(0.0155375922680608,0.044,-0.0151483737249745));
#5955=CARTESIAN_POINT('',(0.,0.044,0.));
#5956=CARTESIAN_POINT('',(0.0215379845914039,0.044,-0.00264673756546593));
#5957=CARTESIAN_POINT('',(0.019567,0.044,0.));
#5958=CARTESIAN_POINT('',(0.0226001501776206,0.044,-0.0013));
#5959=CARTESIAN_POINT('',(0.0226001501776206,0.044,-0.0013));
#5960=CARTESIAN_POINT('',(0.,0.044,0.));
#5961=CARTESIAN_POINT('',(0.0155105514514741,0.0439965061480416,-0.015171063664199));
#5962=CARTESIAN_POINT('',(0.0155195657690042,0.0439976613786445,-0.0151634997536842));
#5963=CARTESIAN_POINT('',(0.015528579374306,0.0439988259989577,-0.0151559364407999));
#5964=CARTESIAN_POINT('',(0.0155375922680608,0.0439999999999999,-0.0151483737249744));
#5965=CARTESIAN_POINT('',(0.0155105514514742,0.0439965061480416,-0.0151710636641991));
#5966=CARTESIAN_POINT('',(0.0155128081556674,0.044,-0.0151737530995288));
#5967=CARTESIAN_POINT('',(0.0155120559212295,0.0439988353822222,-0.015172856621435));
#5968=CARTESIAN_POINT('',(0.0155113036864985,0.0439976707649027,-0.0151719601429918));
#5969=CARTESIAN_POINT('',(0.0155105514514742,0.0439965061480416,-0.0151710636641991));
#5970=CARTESIAN_POINT('',(0.0155128081556674,0.044,-0.0151737530995288));
#5971=CARTESIAN_POINT('',(0.,0.044,0.));
#5972=CARTESIAN_POINT('',(0.00792999828287105,0.044,-0.0201991367942707));
#5973=CARTESIAN_POINT('',(0.00786808264268214,0.0438,-0.0200085800477676));
#5974=CARTESIAN_POINT('',(0.00788872136358852,0.0438666661019952,-0.0200720994993295));
#5975=CARTESIAN_POINT('',(0.00790935990870994,0.0439333327738756,-0.020135618409881));
#5976=CARTESIAN_POINT('',(0.00792999828287106,0.044,-0.0201991367942707));
#5977=CARTESIAN_POINT('',(0.00786808264268212,0.0438,-0.0200085800477676));
#5978=CARTESIAN_POINT('',(0.,0.0438,0.));
#5979=CARTESIAN_POINT('',(0.0213172047069045,0.0438,-0.00279763891235618));
#5980=CARTESIAN_POINT('',(0.0215379845914039,0.044,-0.00264673756546592));
#5981=CARTESIAN_POINT('',(0.021465595054876,0.0439347259879613,-0.00270064493540576));
#5982=CARTESIAN_POINT('',(0.0213919663330729,0.0438680400343832,-0.00275086799083448));
#5983=CARTESIAN_POINT('',(0.0213172047069045,0.0438,-0.00279763891235616));
#5984=CARTESIAN_POINT('',(0.0215,0.044,0.));
#5985=CARTESIAN_POINT('',(0.0219384275483395,0.044,-0.0228315080953888));
#5986=CARTESIAN_POINT('',(0.00979614421536966,0.044,-0.0259425434086883));
#5987=CARTESIAN_POINT('',(-0.0149891916185091,0.0327,0.0125774251587364));
#5988=CARTESIAN_POINT('',(-0.0158248155111016,0.0327,0.0115815673826818));
#5989=CARTESIAN_POINT('',(-0.0172754445227923,0.0327,0.0127987896513665));
#5990=CARTESIAN_POINT('',(-0.0181483433498132,0.0327,0.0135312387351748));
#5991=CARTESIAN_POINT('',(0.,0.0327,0.));
#5992=CARTESIAN_POINT('',(-0.0181282138377934,0.0327,0.0115593193160858));
#5993=CARTESIAN_POINT('',(-0.0149891916185091,0.0327,0.0125774251587364));
#5994=CARTESIAN_POINT('',(-0.0097835,0.0327,0.0169455190758501));
#5995=CARTESIAN_POINT('',(-0.0109093330249198,0.0327,0.0162955190758501));
#5996=CARTESIAN_POINT('',(-0.0118561638679088,0.0327,0.0179354782020802));
#5997=CARTESIAN_POINT('',(-0.0124259081137302,0.0327,0.0189223041831628));
#5998=CARTESIAN_POINT('',(0.,0.0327,0.));
#5999=CARTESIAN_POINT('',(-0.0130814287221686,0.0327,0.0170624213576743));
#6000=CARTESIAN_POINT('',(-0.0097835,0.0327,0.0169455190758501));
#6001=CARTESIAN_POINT('',(-0.0033977738924089,0.0327,0.0192697333031899));
#6002=CARTESIAN_POINT('',(-0.00467802397132477,0.0327,0.0190439906722228));
#6003=CARTESIAN_POINT('',(-0.00500685487221252,0.0327,0.0209088833821561));
#6004=CARTESIAN_POINT('',(-0.00520472497225873,0.0327,0.022031060483194));
#6005=CARTESIAN_POINT('',(0.,0.0327,0.));
#6006=CARTESIAN_POINT('',(-0.00645683024132396,0.0327,0.0205075435690071));
#6007=CARTESIAN_POINT('',(-0.0033977738924089,0.0327,0.0192697333031899));
#6008=CARTESIAN_POINT('',(0.00339777389240877,0.0327,0.0192697333031899));
#6009=CARTESIAN_POINT('',(0.0021175238134929,0.0327,0.0194954759341569));
#6010=CARTESIAN_POINT('',(0.00244635471438064,0.0327,0.0213603686440901));
#6011=CARTESIAN_POINT('',(0.00264422481442684,0.0327,0.022482545745128));
#6012=CARTESIAN_POINT('',(0.,0.0327,0.));
#6013=CARTESIAN_POINT('',(0.000946557259289796,0.0327,0.0214791533668086));
#6014=CARTESIAN_POINT('',(0.00339777389240877,0.0327,0.0192697333031899));
#6015=CARTESIAN_POINT('',(0.0097835,0.0327,0.0169455190758501));
#6016=CARTESIAN_POINT('',(0.00865766697508019,0.0327,0.0175955190758501));
#6017=CARTESIAN_POINT('',(0.00960449781806914,0.0327,0.0192354782020803));
#6018=CARTESIAN_POINT('',(0.0101742420638905,0.0327,0.0202223041831629));
#6019=CARTESIAN_POINT('',(0.,0.0327,0.));
#6020=CARTESIAN_POINT('',(0.00823577598473587,0.0327,0.0198600602700306));
#6021=CARTESIAN_POINT('',(0.0097835,0.0327,0.0169455190758501));
#6022=CARTESIAN_POINT('',(0.014989191618509,0.0327,0.0125774251587365));
#6023=CARTESIAN_POINT('',(0.0141535677259165,0.0327,0.0135732829347912));
#6024=CARTESIAN_POINT('',(0.0156041967376072,0.0327,0.0147905052034759));
#6025=CARTESIAN_POINT('',(0.0164770955646281,0.0327,0.0155229542872843));
#6026=CARTESIAN_POINT('',(0.,0.0327,0.));
#6027=CARTESIAN_POINT('',(0.0145316385793144,0.0327,0.0158455508014137));
#6028=CARTESIAN_POINT('',(0.014989191618509,0.0327,0.0125774251587365));
#6029=CARTESIAN_POINT('',(0.0183869655109179,0.0327,0.00669230814445337));
#6030=CARTESIAN_POINT('',(0.0179423393245945,0.0327,0.00791390855147506));
#6031=CARTESIAN_POINT('',(0.0197217992371729,0.0327,0.00856157899272355));
#6032=CARTESIAN_POINT('',(0.0207925681642401,0.0327,0.00895130700995314));
#6033=CARTESIAN_POINT('',(0.,0.0327,0.));
#6034=CARTESIAN_POINT('',(0.0190747710970832,0.0327,0.00991983405072272));
#6035=CARTESIAN_POINT('',(0.0183869655109179,0.0327,0.00669230814445337));
#6036=CARTESIAN_POINT('',(0.,0.044,0.));
#6037=CARTESIAN_POINT('',(0.00545725134050365,0.044,-0.0210025809796456));
#6038=CARTESIAN_POINT('',(0.00543661296634254,0.0439333327738757,-0.0209390625952559));
#6039=CARTESIAN_POINT('',(0.00541597442122111,0.0438666661019953,-0.0208755436847044));
#6040=CARTESIAN_POINT('',(0.00539533570031473,0.0438,-0.0208120242331425));
#6041=CARTESIAN_POINT('',(0.00545725134050365,0.044,-0.0210025809796456));
#6042=CARTESIAN_POINT('',(0.00539533570031472,0.0438,-0.0208120242331425));
#6043=CARTESIAN_POINT('',(0.,0.044,0.));
#6044=CARTESIAN_POINT('',(-0.0182003435254006,0.044,0.0118168310285545));
#6045=CARTESIAN_POINT('',(-0.0181282138377934,0.0438,0.0115593193160858));
#6046=CARTESIAN_POINT('',(-0.0181554208005747,0.0438680400427463,0.0116432037779088));
#6047=CARTESIAN_POINT('',(-0.018179540915284,0.0439347259961586,0.0117290045012474));
#6048=CARTESIAN_POINT('',(-0.0182003435254006,0.044,0.0118168310285545));
#6049=CARTESIAN_POINT('',(-0.0181282138377934,0.0438,0.0115593193160858));
#6050=CARTESIAN_POINT('',(0.,0.0438,0.));
#6051=CARTESIAN_POINT('',(0.0215,0.044,0.));
#6052=CARTESIAN_POINT('',(-0.0149891916185091,0.044,0.0125774251587364));
#6053=CARTESIAN_POINT('',(-0.0164770955646282,0.044,0.0155229542872842));
#6054=CARTESIAN_POINT('',(-0.0147977632990538,0.044,0.0158718682373934));
#6055=CARTESIAN_POINT('',(-0.0164770955646282,0.044,0.0155229542872842));
#6056=CARTESIAN_POINT('',(-0.0124259081137302,0.044,0.0189223041831628));
#6057=CARTESIAN_POINT('',(-0.0124259081137302,0.044,0.0189223041831628));
#6058=CARTESIAN_POINT('',(-0.0097835,0.044,0.0169455190758501));
#6059=CARTESIAN_POINT('',(-0.0130611342645461,0.044,0.0173290730197405));
#6060=CARTESIAN_POINT('',(0.,0.044,0.));
#6061=CARTESIAN_POINT('',(0.,0.044,0.));
#6062=CARTESIAN_POINT('',(-0.0147977632990538,0.044,0.0158718682373933));
#6063=CARTESIAN_POINT('',(-0.0147076587223691,0.0439347259988135,0.0158666325822983));
#6064=CARTESIAN_POINT('',(-0.0146189730906586,0.0438680400454549,0.015857778045853));
#6065=CARTESIAN_POINT('',(-0.0145316385793145,0.0438,0.0158455508014135));
#6066=CARTESIAN_POINT('',(-0.0145316385793145,0.0438,0.0158455508014136));
#6067=CARTESIAN_POINT('',(-0.0130814287221686,0.0437999999999999,0.0170624213576743));
#6068=CARTESIAN_POINT('',(-0.0130783047285209,0.0438680400460503,0.0171505523010375));
#6069=CARTESIAN_POINT('',(-0.0130716246462633,0.0439347259993971,0.0172394281728749));
#6070=CARTESIAN_POINT('',(-0.013061134264546,0.0439999999999999,0.0173290730197405));
#6071=CARTESIAN_POINT('',(-0.0130814287221686,0.0438,0.0170624213576743));
#6072=CARTESIAN_POINT('',(0.,0.0438,0.));
#6073=CARTESIAN_POINT('',(0.0215,0.044,0.));
#6074=CARTESIAN_POINT('',(-0.0097835,0.044,0.0169455190758501));
#6075=CARTESIAN_POINT('',(-0.0101742420638906,0.044,0.0202223041831628));
#6076=CARTESIAN_POINT('',(-0.00847685032685795,0.044,0.0199758105852065));
#6077=CARTESIAN_POINT('',(-0.0101742420638906,0.044,0.0202223041831628));
#6078=CARTESIAN_POINT('',(-0.00520472497225873,0.044,0.022031060483194));
#6079=CARTESIAN_POINT('',(-0.00520472497225873,0.044,0.022031060483194));
#6080=CARTESIAN_POINT('',(-0.0033977738924089,0.044,0.0192697333031899));
#6081=CARTESIAN_POINT('',(-0.00634655944957529,0.044,0.0207511730548662));
#6082=CARTESIAN_POINT('',(0.,0.044,0.));
#6083=CARTESIAN_POINT('',(0.,0.044,0.));
#6084=CARTESIAN_POINT('',(-0.00847685032685792,0.044,0.0199758105852065));
#6085=CARTESIAN_POINT('',(-0.00839397041061089,0.0439347259909824,0.0199400730942292));
#6086=CARTESIAN_POINT('',(-0.00831366160754463,0.0438680400374654,0.0199014202786335));
#6087=CARTESIAN_POINT('',(-0.00823577598473596,0.0438,0.0198600602700306));
#6088=CARTESIAN_POINT('',(-0.00823577598473601,0.0438,0.0198600602700305));
#6089=CARTESIAN_POINT('',(-0.00645683024132396,0.0438,0.0205075435690071));
#6090=CARTESIAN_POINT('',(-0.0064237520921421,0.0438680400409558,0.0205892910912724));
#6091=CARTESIAN_POINT('',(-0.00638707753033733,0.0439347259944036,0.0206705223694638));
#6092=CARTESIAN_POINT('',(-0.00634655944957531,0.044,0.0207511730548662));
#6093=CARTESIAN_POINT('',(-0.00645683024132396,0.0438,0.0205075435690071));
#6094=CARTESIAN_POINT('',(0.,0.0438,0.));
#6095=CARTESIAN_POINT('',(0.0215,0.044,0.));
#6096=CARTESIAN_POINT('',(-0.0033977738924089,0.044,0.0192697333031899));
#6097=CARTESIAN_POINT('',(-0.00264422481442699,0.044,0.022482545745128));
#6098=CARTESIAN_POINT('',(-0.00113350410025628,0.044,0.0216703753648778));
#6099=CARTESIAN_POINT('',(-0.00264422481442699,0.044,0.022482545745128));
#6100=CARTESIAN_POINT('',(0.00264422481442683,0.044,0.022482545745128));
#6101=CARTESIAN_POINT('',(0.00264422481442683,0.044,0.022482545745128));
#6102=CARTESIAN_POINT('',(0.00339777389240877,0.044,0.0192697333031899));
#6103=CARTESIAN_POINT('',(0.00113350410025613,0.044,0.0216703753648778));
#6104=CARTESIAN_POINT('',(0.,0.044,0.));
#6105=CARTESIAN_POINT('',(0.,0.044,0.));
#6106=CARTESIAN_POINT('',(-0.00113350410025627,0.044,0.0216703753648778));
#6107=CARTESIAN_POINT('',(-0.00106784538580334,0.0439347259805137,0.0216084464975552));
#6108=CARTESIAN_POINT('',(-0.00100559983897015,0.043868040026785,0.021544657503282));
#6109=CARTESIAN_POINT('',(-0.00094655725928993,0.0438,0.0214791533668086));
#6110=CARTESIAN_POINT('',(-0.000946557259289946,0.0438,0.0214791533668086));
#6111=CARTESIAN_POINT('',(0.000946557259289798,0.0438,0.0214791533668086));
#6112=CARTESIAN_POINT('',(0.0010055998361313,0.0438680400235136,0.0215446575001327));
#6113=CARTESIAN_POINT('',(0.00106784538257786,0.0439347259773072,0.0216084464945131));
#6114=CARTESIAN_POINT('',(0.00113350410025614,0.044,0.0216703753648778));
#6115=CARTESIAN_POINT('',(0.000946557259289796,0.0438,0.0214791533668086));
#6116=CARTESIAN_POINT('',(0.,0.0438,0.));
#6117=CARTESIAN_POINT('',(0.0215,0.044,0.));
#6118=CARTESIAN_POINT('',(0.00339777389240877,0.044,0.0192697333031899));
#6119=CARTESIAN_POINT('',(0.00520472497225858,0.044,0.022031060483194));
#6120=CARTESIAN_POINT('',(0.00634655944957515,0.044,0.0207511730548663));
#6121=CARTESIAN_POINT('',(0.00520472497225858,0.044,0.022031060483194));
#6122=CARTESIAN_POINT('',(0.0101742420638905,0.044,0.0202223041831629));
#6123=CARTESIAN_POINT('',(0.0101742420638905,0.044,0.0202223041831629));
#6124=CARTESIAN_POINT('',(0.0097835,0.044,0.0169455190758501));
#6125=CARTESIAN_POINT('',(0.00847685032685781,0.044,0.0199758105852065));
#6126=CARTESIAN_POINT('',(0.,0.044,0.));
#6127=CARTESIAN_POINT('',(0.,0.044,0.));
#6128=CARTESIAN_POINT('',(0.00634655944957514,0.044,0.0207511730548663));
#6129=CARTESIAN_POINT('',(0.00638707753033717,0.0439347259944036,0.0206705223694638));
#6130=CARTESIAN_POINT('',(0.00642375209214196,0.0438680400409558,0.0205892910912725));
#6131=CARTESIAN_POINT('',(0.00645683024132382,0.0438,0.0205075435690071));
#6132=CARTESIAN_POINT('',(0.00645683024132382,0.0438,0.0205075435690071));
#6133=CARTESIAN_POINT('',(0.00823577598473592,0.0438,0.0198600602700306));
#6134=CARTESIAN_POINT('',(0.00831366160754457,0.0438680400374654,0.0199014202786334));
#6135=CARTESIAN_POINT('',(0.00839397041061082,0.0439347259909824,0.0199400730942292));
#6136=CARTESIAN_POINT('',(0.00847685032685784,0.044,0.0199758105852065));
#6137=CARTESIAN_POINT('',(0.00823577598473587,0.0438,0.0198600602700306));
#6138=CARTESIAN_POINT('',(0.,0.0438,0.));
#6139=CARTESIAN_POINT('',(0.0215,0.044,0.));
#6140=CARTESIAN_POINT('',(0.0097835,0.044,0.0169455190758501));
#6141=CARTESIAN_POINT('',(0.01242590811373,0.044,0.0189223041831629));
#6142=CARTESIAN_POINT('',(0.013061134264546,0.044,0.0173290730197406));
#6143=CARTESIAN_POINT('',(0.01242590811373,0.044,0.0189223041831629));
#6144=CARTESIAN_POINT('',(0.0164770955646281,0.044,0.0155229542872843));
#6145=CARTESIAN_POINT('',(0.0164770955646281,0.044,0.0155229542872843));
#6146=CARTESIAN_POINT('',(0.014989191618509,0.044,0.0125774251587365));
#6147=CARTESIAN_POINT('',(0.0147977632990537,0.044,0.0158718682373935));
#6148=CARTESIAN_POINT('',(0.,0.044,0.));
#6149=CARTESIAN_POINT('',(0.,0.044,0.));
#6150=CARTESIAN_POINT('',(0.013061134264546,0.044,0.0173290730197406));
#6151=CARTESIAN_POINT('',(0.0130716246462633,0.0439347259993971,0.017239428172875));
#6152=CARTESIAN_POINT('',(0.0130783047285209,0.0438680400460503,0.0171505523010376));
#6153=CARTESIAN_POINT('',(0.0130814287221685,0.0438,0.0170624213576744));
#6154=CARTESIAN_POINT('',(0.0130814287221685,0.0438,0.0170624213576744));
#6155=CARTESIAN_POINT('',(0.0145316385793144,0.0438,0.0158455508014136));
#6156=CARTESIAN_POINT('',(0.0146189730906585,0.0438680400454549,0.0158577780458531));
#6157=CARTESIAN_POINT('',(0.014707658722369,0.0439347259988135,0.0158666325822984));
#6158=CARTESIAN_POINT('',(0.0147977632990537,0.044,0.0158718682373934));
#6159=CARTESIAN_POINT('',(0.0145316385793144,0.0438,0.0158455508014137));
#6160=CARTESIAN_POINT('',(0.,0.0438,0.));
#6161=CARTESIAN_POINT('',(0.0215,0.044,0.));
#6162=CARTESIAN_POINT('',(0.014989191618509,0.044,0.0125774251587365));
#6163=CARTESIAN_POINT('',(0.0181483433498131,0.044,0.0135312387351749));
#6164=CARTESIAN_POINT('',(0.0182003435254005,0.044,0.0118168310285546));
#6165=CARTESIAN_POINT('',(0.0181483433498131,0.044,0.0135312387351749));
#6166=CARTESIAN_POINT('',(0.0207925681642401,0.044,0.00895130700995314));
#6167=CARTESIAN_POINT('',(0.0207925681642401,0.044,0.00895130700995314));
#6168=CARTESIAN_POINT('',(0.0183869655109179,0.044,0.00669230814445337));
#6169=CARTESIAN_POINT('',(0.0193338476256567,0.044,0.00985354433632321));
#6170=CARTESIAN_POINT('',(0.,0.044,0.));
#6171=CARTESIAN_POINT('',(0.0215,0.044,0.));
#6172=CARTESIAN_POINT('',(0.0183869655109179,0.044,0.00669230814445337));
#6173=CARTESIAN_POINT('',(0.0216818205368868,0.044,0.00650810619590978));
#6174=CARTESIAN_POINT('',(0.0211443227486289,0.044,0.00487930481747282));
#6175=CARTESIAN_POINT('',(0.0216818205368868,0.044,0.00650810619590978));
#6176=CARTESIAN_POINT('',(0.0226001501776206,0.044,0.0013));
#6177=CARTESIAN_POINT('',(0.0226001501776206,0.044,0.0013));
#6178=CARTESIAN_POINT('',(0.019567,0.044,0.));
#6179=CARTESIAN_POINT('',(0.0215379845914039,0.044,0.00264673756546593));
#6180=CARTESIAN_POINT('',(0.,0.044,0.));
#6181=CARTESIAN_POINT('',(0.,0.044,0.));
#6182=CARTESIAN_POINT('',(0.0182003435254005,0.044,0.0118168310285546));
#6183=CARTESIAN_POINT('',(0.018179540915284,0.0439347259961586,0.0117290045012475));
#6184=CARTESIAN_POINT('',(0.0181554208005746,0.0438680400427463,0.0116432037779089));
#6185=CARTESIAN_POINT('',(0.0181282138377933,0.0438,0.0115593193160859));
#6186=CARTESIAN_POINT('',(0.0181282138377934,0.0438,0.0115593193160859));
#6187=CARTESIAN_POINT('',(0.0190747710970832,0.0438,0.00991983405072272));
#6188=CARTESIAN_POINT('',(0.0191610206557798,0.0438680400446273,0.00990145374023147));
#6189=CARTESIAN_POINT('',(0.0192473863192666,0.0439347259980023,0.0098794420104193));
#6190=CARTESIAN_POINT('',(0.0193338476256567,0.044,0.00985354433632321));
#6191=CARTESIAN_POINT('',(0.0190747710970832,0.0438,0.00991983405072272));
#6192=CARTESIAN_POINT('',(0.,0.0438,0.));
#6193=CARTESIAN_POINT('',(0.019567,0.0327,0.));
#6194=CARTESIAN_POINT('',(0.019567,0.0327,0.0013));
#6195=CARTESIAN_POINT('',(0.0214606616859779,0.0327,0.0013));
#6196=CARTESIAN_POINT('',(0.0226001501776206,0.0327,0.0013));
#6197=CARTESIAN_POINT('',(0.,0.0327,0.));
#6198=CARTESIAN_POINT('',(0.0213172047069045,0.0327,0.00279763891235618));
#6199=CARTESIAN_POINT('',(0.019567,0.0327,0.));
#6200=CARTESIAN_POINT('',(0.0227,-1.04094977927525E-19,0.));
#6201=CARTESIAN_POINT('',(0.,-2.0818995585505E-19,0.));
#6202=CARTESIAN_POINT('',(0.,-2.0818995585505E-19,-0.021));
#6203=CARTESIAN_POINT('',(0.,0.,0.));
#6204=CARTESIAN_POINT('',(0.,0.004,0.));
#6205=CARTESIAN_POINT('',(0.,0.004,-0.021));
#6206=CARTESIAN_POINT('',(0.021,0.004,0.));
#6207=CARTESIAN_POINT('',(0.,0.004,0.));
#6208=CARTESIAN_POINT('',(0.,0.004,-0.0214));
#6209=CARTESIAN_POINT('',(0.,0.,0.));
#6210=CARTESIAN_POINT('',(0.,0.006,0.));
#6211=CARTESIAN_POINT('',(0.,0.006,-0.0214));
#6212=CARTESIAN_POINT('',(0.0214,0.006,0.));
#6213=CARTESIAN_POINT('',(0.,0.006,0.));
#6214=CARTESIAN_POINT('',(0.,0.006,-0.0215));
#6215=CARTESIAN_POINT('',(0.,0.,0.));
#6216=CARTESIAN_POINT('',(0.,0.038,0.));
#6217=CARTESIAN_POINT('',(0.0153836209677438,0.038,-0.0150197938042036));
#6218=CARTESIAN_POINT('',(0.0164022752829956,0.038,-0.013900193003726));
#6219=CARTESIAN_POINT('',(0.0153836209677438,0.,-0.0150197938042036));
#6220=CARTESIAN_POINT('',(0.0153836209677438,0.041,-0.0150197938042036));
#6221=CARTESIAN_POINT('',(0.,0.041,0.));
#6222=CARTESIAN_POINT('',(0.0164022752829956,0.041,-0.013900193003726));
#6223=CARTESIAN_POINT('',(0.0164022752829956,0.,-0.013900193003726));
#6224=CARTESIAN_POINT('',(0.00786808264268212,0.,-0.0200085800477676));
#6225=CARTESIAN_POINT('',(0.00786808264268212,0.0265,-0.0200085800477676));
#6226=CARTESIAN_POINT('',(0.,0.0265,0.));
#6227=CARTESIAN_POINT('',(0.00539533570031472,0.0265,-0.0208120242331425));
#6228=CARTESIAN_POINT('',(0.00539533570031472,0.,-0.0208120242331425));
#6229=CARTESIAN_POINT('',(-0.0181282138377934,0.0327,0.0115593193160858));
#6230=CARTESIAN_POINT('',(-0.0172754445227923,0.,0.0127987896513665));
#6231=CARTESIAN_POINT('',(-0.0172754445227923,0.0084,0.0127987896513665));
#6232=CARTESIAN_POINT('',(0.,0.0084,0.));
#6233=CARTESIAN_POINT('',(-0.0156041967376073,0.0084,0.0147905052034758));
#6234=CARTESIAN_POINT('',(-0.0156041967376073,0.,0.0147905052034758));
#6235=CARTESIAN_POINT('',(-0.0156041967376073,0.0327,0.0147905052034758));
#6236=CARTESIAN_POINT('',(0.,0.0327,0.));
#6237=CARTESIAN_POINT('',(-0.0145316385793145,0.0327,0.0158455508014136));
#6238=CARTESIAN_POINT('',(-0.0145316385793145,0.0327,0.0158455508014136));
#6239=CARTESIAN_POINT('',(-0.0130814287221686,0.0327,0.0170624213576743));
#6240=CARTESIAN_POINT('',(-0.0118561638679088,0.,0.0179354782020802));
#6241=CARTESIAN_POINT('',(-0.0118561638679088,0.0084,0.0179354782020802));
#6242=CARTESIAN_POINT('',(0.,0.0084,0.));
#6243=CARTESIAN_POINT('',(-0.00960449781806927,0.0084,0.0192354782020802));
#6244=CARTESIAN_POINT('',(-0.00960449781806927,0.,0.0192354782020802));
#6245=CARTESIAN_POINT('',(-0.00960449781806927,0.0327,0.0192354782020802));
#6246=CARTESIAN_POINT('',(0.,0.0327,0.));
#6247=CARTESIAN_POINT('',(-0.00823577598473601,0.0327,0.0198600602700305));
#6248=CARTESIAN_POINT('',(-0.00823577598473601,0.0327,0.0198600602700305));
#6249=CARTESIAN_POINT('',(-0.00645683024132396,0.0327,0.0205075435690071));
#6250=CARTESIAN_POINT('',(-0.00500685487221252,0.,0.0209088833821561));
#6251=CARTESIAN_POINT('',(-0.00500685487221252,0.0084,0.0209088833821561));
#6252=CARTESIAN_POINT('',(0.,0.0084,0.));
#6253=CARTESIAN_POINT('',(-0.00244635471438078,0.0084,0.0213603686440901));
#6254=CARTESIAN_POINT('',(-0.00244635471438078,0.,0.0213603686440901));
#6255=CARTESIAN_POINT('',(-0.00244635471438078,0.0327,0.0213603686440901));
#6256=CARTESIAN_POINT('',(0.,0.0327,0.));
#6257=CARTESIAN_POINT('',(-0.000946557259289946,0.0327,0.0214791533668086));
#6258=CARTESIAN_POINT('',(-0.000946557259289946,0.0327,0.0214791533668086));
#6259=CARTESIAN_POINT('',(0.000946557259289796,0.0327,0.0214791533668086));
#6260=CARTESIAN_POINT('',(0.00244635471438064,0.,0.0213603686440901));
#6261=CARTESIAN_POINT('',(0.00244635471438064,0.0084,0.0213603686440901));
#6262=CARTESIAN_POINT('',(0.,0.0084,0.));
#6263=CARTESIAN_POINT('',(0.00500685487221238,0.0084,0.0209088833821561));
#6264=CARTESIAN_POINT('',(0.00500685487221238,0.,0.0209088833821561));
#6265=CARTESIAN_POINT('',(0.00500685487221238,0.0327,0.0209088833821561));
#6266=CARTESIAN_POINT('',(0.,0.0327,0.));
#6267=CARTESIAN_POINT('',(0.00645683024132382,0.0327,0.0205075435690071));
#6268=CARTESIAN_POINT('',(0.00645683024132382,0.0327,0.0205075435690071));
#6269=CARTESIAN_POINT('',(0.00823577598473587,0.0327,0.0198600602700306));
#6270=CARTESIAN_POINT('',(0.00960449781806914,0.,0.0192354782020803));
#6271=CARTESIAN_POINT('',(0.00960449781806914,0.0084,0.0192354782020803));
#6272=CARTESIAN_POINT('',(0.,0.0084,0.));
#6273=CARTESIAN_POINT('',(0.0118561638679087,0.0084,0.0179354782020803));
#6274=CARTESIAN_POINT('',(0.0118561638679087,0.,0.0179354782020803));
#6275=CARTESIAN_POINT('',(0.0118561638679087,0.0327,0.0179354782020803));
#6276=CARTESIAN_POINT('',(0.,0.0327,0.));
#6277=CARTESIAN_POINT('',(0.0130814287221685,0.0327,0.0170624213576744));
#6278=CARTESIAN_POINT('',(0.0130814287221685,0.0327,0.0170624213576744));
#6279=CARTESIAN_POINT('',(0.0145316385793144,0.0327,0.0158455508014137));
#6280=CARTESIAN_POINT('',(0.0156041967376072,0.,0.0147905052034759));
#6281=CARTESIAN_POINT('',(0.0156041967376072,0.0084,0.0147905052034759));
#6282=CARTESIAN_POINT('',(0.,0.0084,0.));
#6283=CARTESIAN_POINT('',(0.0172754445227922,0.0084,0.0127987896513666));
#6284=CARTESIAN_POINT('',(0.0172754445227922,0.,0.0127987896513666));
#6285=CARTESIAN_POINT('',(0.0172754445227922,0.0327,0.0127987896513666));
#6286=CARTESIAN_POINT('',(0.,0.0327,0.));
#6287=CARTESIAN_POINT('',(0.0181282138377934,0.0327,0.0115593193160859));
#6288=CARTESIAN_POINT('',(0.0181282138377934,0.0327,0.0115593193160859));
#6289=CARTESIAN_POINT('',(0.0190747710970832,0.0327,0.00991983405072272));
#6290=CARTESIAN_POINT('',(0.0197217992371729,0.,0.00856157899272355));
#6291=CARTESIAN_POINT('',(0.0197217992371729,0.0084,0.00856157899272355));
#6292=CARTESIAN_POINT('',(0.,0.0084,0.));
#6293=CARTESIAN_POINT('',(0.0206110516098197,0.0084,0.00611837817868018));
#6294=CARTESIAN_POINT('',(0.0206110516098197,0.,0.00611837817868018));
#6295=CARTESIAN_POINT('',(0.0206110516098197,0.0327,0.00611837817868019));
#6296=CARTESIAN_POINT('',(0.,0.0327,0.));
#6297=CARTESIAN_POINT('',(0.0209884688206383,0.0327,0.00466199276759349));
#6298=CARTESIAN_POINT('',(0.0209884688206383,0.0327,0.00466199276759349));
#6299=CARTESIAN_POINT('',(0.0209884688206383,0.0438,0.00466199276759349));
#6300=CARTESIAN_POINT('',(0.,0.0438,0.));
#6301=CARTESIAN_POINT('',(0.0213172047069045,0.0438,0.00279763891235618));
#6302=CARTESIAN_POINT('',(0.0213172047069045,0.0327,0.00279763891235618));
#6303=CARTESIAN_POINT('',(0.0214606616859779,0.,0.0013));
#6304=CARTESIAN_POINT('',(0.0214606616859779,0.0084,0.0013));
#6305=CARTESIAN_POINT('',(0.,0.0084,0.));
#6306=CARTESIAN_POINT('',(0.0214606616859779,0.0084,-0.0013));
#6307=CARTESIAN_POINT('',(0.0214606616859779,0.,-0.0013));
#6308=CARTESIAN_POINT('',(0.0214606616859779,0.0327,-0.0013));
#6309=CARTESIAN_POINT('',(0.,0.0327,0.));
#6310=CARTESIAN_POINT('',(0.0213172047069045,0.0327,-0.00279763891235618));
#6311=CARTESIAN_POINT('',(0.0213172047069045,0.0327,-0.00279763891235618));
#6312=CARTESIAN_POINT('',(0.0215,0.044,0.));
#6313=CARTESIAN_POINT('',(0.00732339727300226,0.044,-0.0267459875940632));
#6314=CARTESIAN_POINT('',(-0.0181483433498132,0.044,0.0135312387351748));
#6315=CARTESIAN_POINT('',(-0.0181483433498132,0.044,0.0135312387351748));
#6316=CARTESIAN_POINT('',(-0.0149891916185091,0.044,0.0125774251587364));
#6317=CARTESIAN_POINT('',(0.,0.044,0.));
#6318=CARTESIAN_POINT('',(0.0211443227486289,0.044,0.0048793048174728));
#6319=CARTESIAN_POINT('',(0.0210947362360671,0.0439347259805137,0.0048038897714712));
#6320=CARTESIAN_POINT('',(0.0210427251657255,0.043868040026785,0.00473151303174865));
#6321=CARTESIAN_POINT('',(0.0209884688206383,0.0438,0.00466199276759347));
#6322=CARTESIAN_POINT('',(0.0213172047069045,0.0438,0.00279763891235616));
#6323=CARTESIAN_POINT('',(0.0213919663330729,0.0438680400343831,0.00275086799083448));
#6324=CARTESIAN_POINT('',(0.021465595054876,0.0439347259879613,0.00270064493540576));
#6325=CARTESIAN_POINT('',(0.0215379845914039,0.044,0.00264673756546592));
#6326=CARTESIAN_POINT('',(0.019567,0.0327,0.));
#6327=CARTESIAN_POINT('',(0.0226001501776206,0.0327,0.0013));
#6328=CARTESIAN_POINT('',(0.019567,0.0327,0.));
#6329=CARTESIAN_POINT('',(0.019567,0.0327,0.));
#6330=CARTESIAN_POINT('',(0.0226001501776206,0.0327,-0.0013));
#6331=CARTESIAN_POINT('',(0.0226001501776206,0.0327,-0.0013));
#6332=CARTESIAN_POINT('',(0.0226001501776206,0.0327,-0.0013));
#6333=CARTESIAN_POINT('',(0.019567,0.0327,-0.0013));
#6334=CARTESIAN_POINT('',(0.0177,0.0084,-0.0013));
#6335=CARTESIAN_POINT('',(0.0226001501776206,0.0327,0.0013));
#6336=CARTESIAN_POINT('',(0.0177,0.0084,0.0013));
#6337=CARTESIAN_POINT('',(0.019567,0.0327,0.));
#6338=CARTESIAN_POINT('',(0.,0.0084,0.));
#6339=CARTESIAN_POINT('',(0.0183869655109179,0.0327,0.00669230814445337));
#6340=CARTESIAN_POINT('',(0.0207925681642401,0.0327,0.00895130700995314));
#6341=CARTESIAN_POINT('',(0.0183869655109179,0.0327,0.00669230814445337));
#6342=CARTESIAN_POINT('',(0.0183869655109179,0.0327,0.00669230814445337));
#6343=CARTESIAN_POINT('',(0.0216818205368868,0.0327,0.00650810619590978));
#6344=CARTESIAN_POINT('',(0.0216818205368868,0.0327,0.00650810619590978));
#6345=CARTESIAN_POINT('',(0.0216818205368868,0.0327,0.00650810619590978));
#6346=CARTESIAN_POINT('',(0.0188315916972412,0.0327,0.00547070773743169));
#6347=CARTESIAN_POINT('',(0.0170771855742339,0.0084,0.00483215612984267));
#6348=CARTESIAN_POINT('',(0.0207925681642401,0.0327,0.00895130700995314));
#6349=CARTESIAN_POINT('',(0.0161879332015872,0.0084,0.00727535694388603));
#6350=CARTESIAN_POINT('',(0.0183869655109179,0.0327,0.00669230814445337));
#6351=CARTESIAN_POINT('',(0.014989191618509,0.0327,0.0125774251587365));
#6352=CARTESIAN_POINT('',(0.0164770955646281,0.0327,0.0155229542872843));
#6353=CARTESIAN_POINT('',(0.014989191618509,0.0327,0.0125774251587365));
#6354=CARTESIAN_POINT('',(0.014989191618509,0.0327,0.0125774251587365));
#6355=CARTESIAN_POINT('',(0.0181483433498131,0.0327,0.0135312387351749));
#6356=CARTESIAN_POINT('',(0.0181483433498131,0.0327,0.0135312387351749));
#6357=CARTESIAN_POINT('',(0.0181483433498131,0.0327,0.0135312387351749));
#6358=CARTESIAN_POINT('',(0.0158248155111015,0.0327,0.0115815673826819));
#6359=CARTESIAN_POINT('',(0.0143946105357984,0.0084,0.0103814829153971));
#6360=CARTESIAN_POINT('',(0.0164770955646281,0.0327,0.0155229542872843));
#6361=CARTESIAN_POINT('',(0.0127233627506134,0.0084,0.0123731984675064));
#6362=CARTESIAN_POINT('',(0.014989191618509,0.0327,0.0125774251587365));
#6363=CARTESIAN_POINT('',(0.0097835,0.0327,0.0169455190758501));
#6364=CARTESIAN_POINT('',(0.0101742420638905,0.0327,0.0202223041831629));
#6365=CARTESIAN_POINT('',(0.0097835,0.0327,0.0169455190758501));
#6366=CARTESIAN_POINT('',(0.0097835,0.0327,0.0169455190758501));
#6367=CARTESIAN_POINT('',(0.01242590811373,0.0327,0.0189223041831629));
#6368=CARTESIAN_POINT('',(0.01242590811373,0.0327,0.0189223041831629));
#6369=CARTESIAN_POINT('',(0.01242590811373,0.0327,0.0189223041831629));
#6370=CARTESIAN_POINT('',(0.0109093330249197,0.0327,0.0162955190758501));
#6371=CARTESIAN_POINT('',(0.00997583302491974,0.0084,0.0146786496469846));
#6372=CARTESIAN_POINT('',(0.0101742420638905,0.0327,0.0202223041831629));
#6373=CARTESIAN_POINT('',(0.00772416697508019,0.0084,0.0159786496469846));
#6374=CARTESIAN_POINT('',(0.0097835,0.0327,0.0169455190758501));
#6375=CARTESIAN_POINT('',(0.00339777389240877,0.0327,0.0192697333031899));
#6376=CARTESIAN_POINT('',(0.00264422481442683,0.0327,0.022482545745128));
#6377=CARTESIAN_POINT('',(0.00339777389240877,0.0327,0.0192697333031899));
#6378=CARTESIAN_POINT('',(0.00339777389240877,0.0327,0.0192697333031899));
#6379=CARTESIAN_POINT('',(0.00520472497225858,0.0327,0.022031060483194));
#6380=CARTESIAN_POINT('',(0.00520472497225858,0.0327,0.022031060483194));
#6381=CARTESIAN_POINT('',(0.00520472497225858,0.0327,0.022031060483194));
#6382=CARTESIAN_POINT('',(0.00467802397132464,0.0327,0.0190439906722229));
#6383=CARTESIAN_POINT('',(0.00435382282362048,0.0084,0.0172053545973491));
#6384=CARTESIAN_POINT('',(0.00264422481442683,0.0327,0.022482545745128));
#6385=CARTESIAN_POINT('',(0.00179332266578874,0.0084,0.0176568398592831));
#6386=CARTESIAN_POINT('',(0.00339777389240877,0.0327,0.0192697333031899));
#6387=CARTESIAN_POINT('',(-0.0033977738924089,0.0327,0.0192697333031899));
#6388=CARTESIAN_POINT('',(-0.00520472497225873,0.0327,0.022031060483194));
#6389=CARTESIAN_POINT('',(-0.0033977738924089,0.0327,0.0192697333031899));
#6390=CARTESIAN_POINT('',(-0.0033977738924089,0.0327,0.0192697333031899));
#6391=CARTESIAN_POINT('',(-0.00264422481442699,0.0327,0.022482545745128));
#6392=CARTESIAN_POINT('',(-0.00264422481442699,0.0327,0.022482545745128));
#6393=CARTESIAN_POINT('',(-0.00264422481442699,0.0327,0.022482545745128));
#6394=CARTESIAN_POINT('',(-0.00211752381349303,0.0327,0.0194954759341569));
#6395=CARTESIAN_POINT('',(-0.00179332266578886,0.0084,0.0176568398592831));
#6396=CARTESIAN_POINT('',(-0.00520472497225873,0.0327,0.022031060483194));
#6397=CARTESIAN_POINT('',(-0.0043538228236206,0.0084,0.0172053545973491));
#6398=CARTESIAN_POINT('',(-0.0033977738924089,0.0327,0.0192697333031899));
#6399=CARTESIAN_POINT('',(-0.0097835,0.0327,0.0169455190758501));
#6400=CARTESIAN_POINT('',(-0.0124259081137302,0.0327,0.0189223041831628));
#6401=CARTESIAN_POINT('',(-0.0097835,0.0327,0.0169455190758501));
#6402=CARTESIAN_POINT('',(-0.0097835,0.0327,0.0169455190758501));
#6403=CARTESIAN_POINT('',(-0.0101742420638906,0.0327,0.0202223041831628));
#6404=CARTESIAN_POINT('',(-0.0101742420638906,0.0327,0.0202223041831628));
#6405=CARTESIAN_POINT('',(-0.0101742420638906,0.0327,0.0202223041831628));
#6406=CARTESIAN_POINT('',(-0.00865766697508031,0.0327,0.0175955190758501));
#6407=CARTESIAN_POINT('',(-0.0077241669750803,0.0084,0.0159786496469845));
#6408=CARTESIAN_POINT('',(-0.0124259081137302,0.0327,0.0189223041831628));
#6409=CARTESIAN_POINT('',(-0.00997583302491984,0.0084,0.0146786496469845));
#6410=CARTESIAN_POINT('',(-0.0097835,0.0327,0.0169455190758501));
#6411=CARTESIAN_POINT('',(-0.0149891916185091,0.0327,0.0125774251587364));
#6412=CARTESIAN_POINT('',(-0.0181483433498132,0.0327,0.0135312387351748));
#6413=CARTESIAN_POINT('',(-0.0149891916185091,0.0327,0.0125774251587364));
#6414=CARTESIAN_POINT('',(-0.0149891916185091,0.0327,0.0125774251587364));
#6415=CARTESIAN_POINT('',(-0.0164770955646282,0.0327,0.0155229542872842));
#6416=CARTESIAN_POINT('',(-0.0164770955646282,0.0327,0.0155229542872842));
#6417=CARTESIAN_POINT('',(-0.0164770955646282,0.0327,0.0155229542872842));
#6418=CARTESIAN_POINT('',(-0.0141535677259166,0.0327,0.0135732829347911));
#6419=CARTESIAN_POINT('',(-0.0127233627506135,0.0084,0.0123731984675063));
#6420=CARTESIAN_POINT('',(-0.0181483433498132,0.0327,0.0135312387351748));
#6421=CARTESIAN_POINT('',(-0.0143946105357985,0.0084,0.010381482915397));
#6422=CARTESIAN_POINT('',(-0.0149891916185091,0.0327,0.0125774251587364));
#6423=CARTESIAN_POINT('',(0.,0.0084,0.));
#6424=CARTESIAN_POINT('',(0.,0.0084,0.));
#6425=CARTESIAN_POINT('',(0.,0.0084,0.));
#6426=CARTESIAN_POINT('',(0.,0.0084,0.));
#6427=CARTESIAN_POINT('',(0.,0.0084,0.));
#6428=CARTESIAN_POINT('',(0.,0.0084,0.));
#6429=CARTESIAN_POINT('',(0.,0.0084,0.));
#6430=CARTESIAN_POINT('',(0.00979614421536966,0.0265,-0.0259425434086883));
#6431=CARTESIAN_POINT('',(0.00979614421536966,0.0265,-0.0259425434086883));
#6432=CARTESIAN_POINT('',(0.00732339727300226,0.0265,-0.0267459875940632));
#6433=CARTESIAN_POINT('',(0.00732339727300226,0.0265,-0.0267459875940632));
#6434=CARTESIAN_POINT('',(0.,0.0265,0.));
#6435=CARTESIAN_POINT('',(0.023087494213018,0.038,-0.021867326680859));
#6436=CARTESIAN_POINT('',(0.023087494213018,0.038,-0.021867326680859));
#6437=CARTESIAN_POINT('',(0.0128028924580334,0.041,-0.00961061559095537));
#6438=CARTESIAN_POINT('',(0.0166596181161526,0.041,-0.0142068822496692));
#6439=CARTESIAN_POINT('',(0.0166596181161526,0.038,-0.0142068822496692));
#6440=CARTESIAN_POINT('',(0.0166596181161526,0.038,-0.0142068822496692));
#6441=CARTESIAN_POINT('',(0.0155105514514742,0.041,-0.0151710636641991));
#6442=CARTESIAN_POINT('',(0.0155105514514742,0.041,-0.0151710636641991));
#6443=CARTESIAN_POINT('',(0.0155105514514742,0.038,-0.0151710636641991));
#6444=CARTESIAN_POINT('',(0.0219384275483395,0.038,-0.0228315080953888));
#6445=CARTESIAN_POINT('',(0.0116538257933549,0.041,-0.0105747970054852));
#6446=CARTESIAN_POINT('',(0.0219384275483395,0.038,-0.0228315080953888));
#6447=CARTESIAN_POINT('',(0.,0.038,0.));
#6448=CARTESIAN_POINT('',(0.0116538257933549,0.041,-0.0105747970054852));
#6449=CARTESIAN_POINT('',(0.0102638609211726,0.03295,-0.0202470530939894));
#6450=CARTESIAN_POINT('',(0.0102638609211726,0.0322,-0.0202470530939894));
#6451=CARTESIAN_POINT('',(0.0102186456748239,0.0322,-0.020157859027496));
#6452=CARTESIAN_POINT('',(0.0102638609211726,0.0337,-0.0202470530939894));
#6453=CARTESIAN_POINT('',(0.0102186456748239,0.0337,-0.020157859027496));
#6454=CARTESIAN_POINT('',(0.0102186456748239,0.,-0.020157859027496));
#6455=CARTESIAN_POINT('',(0.,0.0337,0.));
#6456=CARTESIAN_POINT('',(0.00984332041041494,0.0337,-0.0203437716094609));
#6457=CARTESIAN_POINT('',(0.00985783847915592,0.0337,-0.0203737769595219));
#6458=CARTESIAN_POINT('',(0.00987235654789689,0.0337,-0.0204037823095829));
#6459=CARTESIAN_POINT('',(0.00988687461663787,0.0337,-0.0204337876596439));
#6460=CARTESIAN_POINT('',(0.00984331972359905,0.0337002214699671,-0.0203437718467731));
#6461=CARTESIAN_POINT('',(0.,0.0337,0.));
#6462=CARTESIAN_POINT('',(0.00987729949126357,0.0338489816832971,-0.020416269993419));
#6463=CARTESIAN_POINT('',(0.00975691465265023,0.0338886191208379,-0.0204961611522362));
#6464=CARTESIAN_POINT('',(0.00974259742808008,0.0338886161772037,-0.020466060257711));
#6465=CARTESIAN_POINT('',(0.00972828022431442,0.0338886132271903,-0.020435959353291));
#6466=CARTESIAN_POINT('',(0.0097139630413476,0.0338886102707752,-0.0204058584389789));
#6467=CARTESIAN_POINT('',(0.00971338620233723,0.0338887854282025,-0.0204061327891773));
#6468=CARTESIAN_POINT('',(0.00984331913835317,0.0337004428785441,-0.0203437722935377));
#6469=CARTESIAN_POINT('',(0.00976041089645159,0.0337001427811829,-0.0203838873849014));
#6470=CARTESIAN_POINT('',(0.00969169128081153,0.0337998680238476,-0.0204164572944047));
#6471=CARTESIAN_POINT('',(0.00971396118893093,0.0338886080617178,-0.0204058559737136));
#6472=CARTESIAN_POINT('',(0.00160742475030296,0.0367039509892159,-0.0243970774588853));
#6473=CARTESIAN_POINT('',(0.0102010220428867,0.035738957888483,-0.0202787796713539));
#6474=CARTESIAN_POINT('',(0.0101863396580799,0.0357388692087413,-0.0202488556101506));
#6475=CARTESIAN_POINT('',(0.0101715048261655,0.0357388259105893,-0.0202190062133746));
#6476=CARTESIAN_POINT('',(0.0101565183476998,0.0357388278962289,-0.0201892331519621));
#6477=CARTESIAN_POINT('',(0.0101565352238761,0.0357388228567654,-0.0201892246568848));
#6478=CARTESIAN_POINT('',(0.00971280720317686,0.0338889565204799,-0.0204064052707262));
#6479=CARTESIAN_POINT('',(0.00986166111656484,0.0345055332994577,-0.0203355554888565));
#6480=CARTESIAN_POINT('',(0.0100095798039334,0.0351221521102017,-0.0202631529437041));
#6481=CARTESIAN_POINT('',(0.0101565183455965,0.0357388278962292,-0.0201892331477836));
#6482=CARTESIAN_POINT('',(0.0102014756452207,0.0357388228567654,-0.0202785575093488));
#6483=CARTESIAN_POINT('',(0.0102102653415618,0.035772904043216,-0.0202741357020723));
#6484=CARTESIAN_POINT('',(0.0102252895082875,0.0357983428952871,-0.0202665778813868));
#6485=CARTESIAN_POINT('',(0.0102733245758895,0.035839663240205,-0.0202422707893417));
#6486=CARTESIAN_POINT('',(0.010300485746996,0.0358499955521793,-0.0202284736146868));
#6487=CARTESIAN_POINT('',(0.0103609153132719,0.0358500044344199,-0.0201975886005076));
#6488=CARTESIAN_POINT('',(0.0103882162447616,0.0358394718618276,-0.0201835496191435));
#6489=CARTESIAN_POINT('',(0.0104356372817502,0.0357985337142482,-0.0201590720644603));
#6490=CARTESIAN_POINT('',(0.0104514868488041,0.0357718070676657,-0.020150843760279));
#6491=CARTESIAN_POINT('',(0.0104595041426465,0.0357388228567654,-0.0201466814411198));
#6492=CARTESIAN_POINT('',(0.0101565352238761,0.0357388228567654,-0.0201892246568848));
#6493=CARTESIAN_POINT('',(0.0101652859201491,0.0357729029568722,-0.0201848224692604));
#6494=CARTESIAN_POINT('',(0.0101802441800572,0.0357983428952871,-0.0201772978026141));
#6495=CARTESIAN_POINT('',(0.0102280676394318,0.035839663240205,-0.0201530977902697));
#6496=CARTESIAN_POINT('',(0.0102551091578021,0.0358499955521793,-0.0201393613961199));
#6497=CARTESIAN_POINT('',(0.010315272514535,0.0358500044344199,-0.0201086124392718));
#6498=CARTESIAN_POINT('',(0.010342453177604,0.0358394718618276,-0.0200946353036407));
#6499=CARTESIAN_POINT('',(0.010389665311346,0.0357985337142482,-0.0200702655795948));
#6500=CARTESIAN_POINT('',(0.0104054450565131,0.0357718070676888,-0.0200620735234525));
#6501=CARTESIAN_POINT('',(0.0104134270318859,0.0357388228567654,-0.0200579295404981));
#6502=CARTESIAN_POINT('',(0.0104129744487144,0.0357386857315856,-0.0200581708487439));
#6503=CARTESIAN_POINT('',(0.010428635018434,0.0357387770363686,-0.0200875947520712));
#6504=CARTESIAN_POINT('',(0.0104441457104305,0.0357388229306928,-0.0201170985671787));
#6505=CARTESIAN_POINT('',(0.0104595056830694,0.0357388233218294,-0.0201466806412761));
#6506=CARTESIAN_POINT('',(0.0104134270318859,0.0357388228567654,-0.0200579295404981));
#6507=CARTESIAN_POINT('',(0.0101565352238761,0.0357388228567654,-0.0201892246568848));
#6508=CARTESIAN_POINT('',(0.0101737142656207,0.0358057276428685,-0.0201805824457272));
#6509=CARTESIAN_POINT('',(0.0102847929996348,0.035894740523057,-0.0201245738589726));
#6510=CARTESIAN_POINT('',(0.0103974630797841,0.0358047912842159,-0.0200662175071109));
#6511=CARTESIAN_POINT('',(0.0104134270318859,0.0357388228567654,-0.0200579295404981));
#6512=CARTESIAN_POINT('',(0.00245050145922433,0.0329236947244044,-0.0243268626307444));
#6513=CARTESIAN_POINT('',(0.0108964782407857,0.0338886878250478,-0.0199137268643231));
#6514=CARTESIAN_POINT('',(0.0108807694655421,0.0338887765043923,-0.0198843287982479));
#6515=CARTESIAN_POINT('',(0.0108649109188736,0.0338888198025536,-0.0198550106252343));
#6516=CARTESIAN_POINT('',(0.0108489034586532,0.0338888178173286,-0.0198257739875002));
#6517=CARTESIAN_POINT('',(0.0108486499715075,0.0338887379278088,-0.0198259127806144));
#6518=CARTESIAN_POINT('',(0.0104129718023014,0.0357386857167448,-0.020058165871792));
#6519=CARTESIAN_POINT('',(0.0105592852182569,0.0351221100962593,-0.0199822089032246));
#6520=CARTESIAN_POINT('',(0.010704610252888,0.0345054924444728,-0.0199047324599789));
#6521=CARTESIAN_POINT('',(0.0108489032412834,0.0338888178173017,-0.0198257735904876));
#6522=CARTESIAN_POINT('',(0.0107610782872459,0.0338492241582717,-0.019965061535739));
#6523=CARTESIAN_POINT('',(0.010769599434951,0.0337,-0.0199826353536686));
#6524=CARTESIAN_POINT('',(0.0107537850879496,0.0337,-0.019953292356151));
#6525=CARTESIAN_POINT('',(0.0107379707409482,0.0337,-0.0199239493586333));
#6526=CARTESIAN_POINT('',(0.0107221563939468,0.0337,-0.0198946063611157));
#6527=CARTESIAN_POINT('',(0.0107221566602147,0.0337001828178047,-0.0198946061039847));
#6528=CARTESIAN_POINT('',(0.0108483796857941,0.0338886529502195,-0.0198260599317548));
#6529=CARTESIAN_POINT('',(0.0108698924321883,0.0337998442741631,-0.0198142886346957));
#6530=CARTESIAN_POINT('',(0.0108032600434426,0.0337001860303657,-0.0198508957159645));
#6531=CARTESIAN_POINT('',(0.0107221570155738,0.0337003656360052,-0.0198946060260911));
#6532=CARTESIAN_POINT('',(0.,0.0337,0.));
#6533=CARTESIAN_POINT('',(0.0103974269637007,0.0337,-0.0201787886785731));
#6534=CARTESIAN_POINT('',(0.0103516233206888,0.0337,-0.0200898953363767));
#6535=CARTESIAN_POINT('',(0.,0.0337,0.));
#6536=CARTESIAN_POINT('',(0.0103974269637007,0.03295,-0.0201787886785731));
#6537=CARTESIAN_POINT('',(0.0103974269637007,0.0322,-0.0201787886785731));
#6538=CARTESIAN_POINT('',(0.0103516233206888,0.0322,-0.0200898953363767));
#6539=CARTESIAN_POINT('',(0.0103516233206888,0.,-0.0200898953363767));
#6540=CARTESIAN_POINT('',(0.,0.0322,0.));
#6541=CARTESIAN_POINT('',(0.,0.0322,0.));
#6542=CARTESIAN_POINT('',(0.,0.,0.));
#6543=CARTESIAN_POINT('',(0.0104595041426465,0.0276611771432346,-0.0201466814411198));
#6544=CARTESIAN_POINT('',(0.0104507716076993,0.0276270959567876,-0.020151215090283));
#6545=CARTESIAN_POINT('',(0.010435845425089,0.0276016571047069,-0.0201589646265442));
#6546=CARTESIAN_POINT('',(0.0103880074677382,0.027560336759801,-0.0201836573841518));
#6547=CARTESIAN_POINT('',(0.0103609149098894,0.0275500044478267,-0.0201975888074338));
#6548=CARTESIAN_POINT('',(0.0103004853430175,0.0275499955655741,-0.0202284738203955));
#6549=CARTESIAN_POINT('',(0.0102731149390028,0.0275605281381757,-0.0202423768719584));
#6550=CARTESIAN_POINT('',(0.0102254985088787,0.0276014662857486,-0.0202664721207535));
#6551=CARTESIAN_POINT('',(0.010209545418634,0.027628192932331,-0.0202744978716305));
#6552=CARTESIAN_POINT('',(0.0102014756452207,0.0276611771432346,-0.0202785575093488));
#6553=CARTESIAN_POINT('',(0.0104134270318859,0.0276611771432346,-0.0200579295404981));
#6554=CARTESIAN_POINT('',(0.0104047332433805,0.0276270970431315,-0.0200624430737643));
#6555=CARTESIAN_POINT('',(0.0103898725377538,0.0276016571047069,-0.0200701586149735));
#6556=CARTESIAN_POINT('',(0.0103422453203032,0.027560336759801,-0.0200947425939133));
#6557=CARTESIAN_POINT('',(0.0103152721129295,0.0275500044478267,-0.0201086126452866));
#6558=CARTESIAN_POINT('',(0.0102551087556033,0.0275499955655741,-0.0201393616009224));
#6559=CARTESIAN_POINT('',(0.0102278589260556,0.0275605281381757,-0.0201532034055621));
#6560=CARTESIAN_POINT('',(0.0101804522599409,0.0276014662857486,-0.0201771925078867));
#6561=CARTESIAN_POINT('',(0.0101645694476324,0.0276281929323079,-0.0201851829030302));
#6562=CARTESIAN_POINT('',(0.0101565352238761,0.0276611771432346,-0.0201892246568848));
#6563=CARTESIAN_POINT('',(0.0104599499076004,0.027661042111517,-0.0201464439445097));
#6564=CARTESIAN_POINT('',(0.0104442977643617,0.0276611307912587,-0.0201170155182086));
#6565=CARTESIAN_POINT('',(0.0104287954342426,0.0276611740894107,-0.0200875072738234));
#6566=CARTESIAN_POINT('',(0.0104134438025497,0.0276611721037711,-0.0200579208389749));
#6567=CARTESIAN_POINT('',(0.0104134270318859,0.0276611771432346,-0.0200579295404981));
#6568=CARTESIAN_POINT('',(0.0101569959093762,0.0276613142684144,-0.0201889992016418));
#6569=CARTESIAN_POINT('',(0.0101716696924172,0.0276612229636314,-0.0202189274428568));
#6570=CARTESIAN_POINT('',(0.0101864960363472,0.0276611770693072,-0.0202487810221694));
#6571=CARTESIAN_POINT('',(0.0102014740946285,0.0276611766781706,-0.0202785582892954));
#6572=CARTESIAN_POINT('',(0.0101565352238761,0.0276611771432346,-0.0201892246568848));
#6573=CARTESIAN_POINT('',(0.0104134270318859,0.0276611771432346,-0.0200579295404981));
#6574=CARTESIAN_POINT('',(0.0103963597093535,0.0275942723571294,-0.0200667903412833));
#6575=CARTESIAN_POINT('',(0.0102858991774792,0.0275052594769473,-0.0201240085013228));
#6576=CARTESIAN_POINT('',(0.0101726036727536,0.0275952087157775,-0.020181141148489));
#6577=CARTESIAN_POINT('',(0.0101565352238761,0.0276611771432346,-0.0201892246568848));
#6578=CARTESIAN_POINT('',(0.0182808690411319,0.0304763052756104,-0.0162361026714747));
#6579=CARTESIAN_POINT('',(0.00975670396549338,0.0295113121749522,-0.0204962553508807));
#6580=CARTESIAN_POINT('',(0.00974207936041468,0.0295112234956077,-0.0204663031750847));
#6581=CARTESIAN_POINT('',(0.00972760723878737,0.0295111801974464,-0.0204362764125737));
#6582=CARTESIAN_POINT('',(0.00971328842906807,0.0295111821826715,-0.0204061767205998));
#6583=CARTESIAN_POINT('',(0.00971354940345217,0.029511262072191,-0.0204060525770055));
#6584=CARTESIAN_POINT('',(0.0101569934258812,0.0276613142832552,-0.020188994141424));
#6585=CARTESIAN_POINT('',(0.01000972568882,0.0282778899037407,-0.0202630838868911));
#6586=CARTESIAN_POINT('',(0.00986180542354575,0.0288945075555272,-0.0203354825061442));
#6587=CARTESIAN_POINT('',(0.00971328823462892,0.0295111821826984,-0.0204061763118675));
#6588=CARTESIAN_POINT('',(0.00987762313452236,0.0295507758417213,-0.0204165876003419));
#6589=CARTESIAN_POINT('',(0.0098868748071884,0.0297,-0.0204337880534659));
#6590=CARTESIAN_POINT('',(0.00987235667493058,0.0297,-0.0204037825721309));
#6591=CARTESIAN_POINT('',(0.00985783854267276,0.0297,-0.0203737770907959));
#6592=CARTESIAN_POINT('',(0.00984332041041494,0.0297,-0.0203437716094609));
#6593=CARTESIAN_POINT('',(0.00984332004604413,0.0296998171822028,-0.0203437716746438));
#6594=CARTESIAN_POINT('',(0.00971382699196247,0.0295113470497801,-0.020405919714507));
#6595=CARTESIAN_POINT('',(0.00969168505467679,0.02960015572584,-0.0204164599376907));
#6596=CARTESIAN_POINT('',(0.00976038566192866,0.0296998139696351,-0.020383899529353));
#6597=CARTESIAN_POINT('',(0.00984331977475339,0.0296996343640098,-0.0203437719170253));
#6598=CARTESIAN_POINT('',(0.,0.0297,0.));
#6599=CARTESIAN_POINT('',(0.0102638609211726,0.0297,-0.0202470530939894));
#6600=CARTESIAN_POINT('',(0.0102186456748239,0.0297,-0.020157859027496));
#6601=CARTESIAN_POINT('',(0.,0.0297,0.));
#6602=CARTESIAN_POINT('',(0.0102638609211726,0.03045,-0.0202470530939894));
#6603=CARTESIAN_POINT('',(0.0102638609211726,0.0312,-0.0202470530939894));
#6604=CARTESIAN_POINT('',(0.0102186456748239,0.0312,-0.020157859027496));
#6605=CARTESIAN_POINT('',(0.0102186456748239,0.,-0.020157859027496));
#6606=CARTESIAN_POINT('',(0.,0.0312,0.));
#6607=CARTESIAN_POINT('',(0.0103974269637007,0.0312,-0.0201787886785731));
#6608=CARTESIAN_POINT('',(0.0103516233206888,0.0312,-0.0200898953363767));
#6609=CARTESIAN_POINT('',(0.,0.0312,0.));
#6610=CARTESIAN_POINT('',(0.0103974269637007,0.03045,-0.0201787886785731));
#6611=CARTESIAN_POINT('',(0.0103974269637007,0.0297,-0.0201787886785731));
#6612=CARTESIAN_POINT('',(0.0103516233206888,0.0297,-0.0200898953363767));
#6613=CARTESIAN_POINT('',(0.0103516233206888,0.,-0.0200898953363767));
#6614=CARTESIAN_POINT('',(0.,0.0297,0.));
#6615=CARTESIAN_POINT('',(0.0107221563939468,0.0297,-0.0198946063611157));
#6616=CARTESIAN_POINT('',(0.0107379706717604,0.0297,-0.0199239492302577));
#6617=CARTESIAN_POINT('',(0.010753784949574,0.0297,-0.0199532920993997));
#6618=CARTESIAN_POINT('',(0.0107695992273877,0.0297,-0.0199826349685417));
#6619=CARTESIAN_POINT('',(0.010722156988601,0.0296997785300273,-0.0198946059434799));
#6620=CARTESIAN_POINT('',(0.,0.0297,0.));
#6621=CARTESIAN_POINT('',(0.0107610104565319,0.0295510183167546,-0.0199646131853012));
#6622=CARTESIAN_POINT('',(0.0108962784801609,0.0295113808791731,-0.0199138424418874));
#6623=CARTESIAN_POINT('',(0.0108802689014406,0.029511383822847,-0.0198846059912322));
#6624=CARTESIAN_POINT('',(0.0108642593025135,0.0295113867729001,-0.0198553695516427));
#6625=CARTESIAN_POINT('',(0.0108482496833851,0.0295113897293552,-0.0198261331231159));
#6626=CARTESIAN_POINT('',(0.0108488100187636,0.0295112148699128,-0.0198258262705552));
#6627=CARTESIAN_POINT('',(0.0107221576935141,0.0296995571214448,-0.0198946057308558));
#6628=CARTESIAN_POINT('',(0.0108032353275526,0.0296998572184911,-0.0198509091032705));
#6629=CARTESIAN_POINT('',(0.0108698865358534,0.0296001322597003,-0.0198142921908495));
#6630=CARTESIAN_POINT('',(0.0108482494895945,0.0295113922384,-0.0198261313173174));
#6631=CARTESIAN_POINT('',(0.0188316284379116,0.0266960490107865,-0.0155939402730304));
#6632=CARTESIAN_POINT('',(0.0108493706577136,0.0295110437807039,-0.0198255178074002));
#6633=CARTESIAN_POINT('',(0.0107047539869046,0.028894466901023,-0.019904658230371));
#6634=CARTESIAN_POINT('',(0.0105594266664128,0.0282778479905138,-0.0199821311064847));
#6635=CARTESIAN_POINT('',(0.0104134438003952,0.0276611721037708,-0.0200579208348227));
#6636=CARTESIAN_POINT('',(0.,0.,0.));
#6637=CARTESIAN_POINT('',(0.0102849670021392,0.0316999880199993,-0.0201235170147991));
#6638=CARTESIAN_POINT('',(0.0102852244368144,0.0314754944009845,-0.0201245261275777));
#6639=CARTESIAN_POINT('',(0.0104846580921056,0.0317000189252622,-0.0200209280487457));
#6640=CARTESIAN_POINT('',(0.0102855031267725,0.0319244288374057,-0.0201243836919642));
#6641=CARTESIAN_POINT('',(0.0100849126742112,0.0317000628680988,-0.0202252346996216));
#6642=CARTESIAN_POINT('',(0.0102852244368144,0.0314754944009845,-0.0201245261275777));
#6643=CARTESIAN_POINT('',(0.0104846580921056,0.0317000189252622,-0.0200209280487457));
#6644=CARTESIAN_POINT('',(0.0102855031267725,0.0319244288374057,-0.0201243836919642));
#6645=CARTESIAN_POINT('',(0.0104182266553352,0.0316999998232398,-0.0200554370024207));
#6646=CARTESIAN_POINT('',(0.,0.,0.));
#6647=CARTESIAN_POINT('',(-0.0171872066586297,0.00585099464408211,0.0148286859590982));
#6648=CARTESIAN_POINT('',(-0.0171877502116973,0.00582635366094679,0.0148280559532481));
#6649=CARTESIAN_POINT('',(-0.0171883996191665,0.00580710350740604,0.0148273031893462));
#6650=CARTESIAN_POINT('',(-0.0171893436360248,0.0057897793524734,0.0148262087347445));
#6651=CARTESIAN_POINT('',(-0.0171895520764854,0.00578636176225107,0.0148259670732948));
#6652=CARTESIAN_POINT('',(-0.0171902033844911,0.00577738016841387,0.0148252118989394));
#6653=CARTESIAN_POINT('',(-0.017190576114944,0.00577287063698748,0.0148247797032379));
#6654=CARTESIAN_POINT('',(-0.0171918354985856,0.00575928583918488,0.0148233192586018));
#6655=CARTESIAN_POINT('',(-0.0171928633471825,0.00575015436928529,0.0148221271548235));
#6656=CARTESIAN_POINT('',(-0.017198943206007,0.0057041223296313,0.0148150736783494));
#6657=CARTESIAN_POINT('',(-0.0172062174947605,0.0056688779810554,0.0148066299623951));
#6658=CARTESIAN_POINT('',(-0.0172251674191347,0.00560077793552011,0.0147845804371676));
#6659=CARTESIAN_POINT('',(-0.0172373258330806,0.00556673304417826,0.0147704112676363));
#6660=CARTESIAN_POINT('',(-0.0172649289245625,0.00550608413048329,0.0147381369284151));
#6661=CARTESIAN_POINT('',(-0.0172807211559884,0.00547852014170005,0.0147196260210995));
#6662=CARTESIAN_POINT('',(-0.0173153238549457,0.00543019975191967,0.014678905738181));
#6663=CARTESIAN_POINT('',(-0.0173343773700174,0.0054093610964559,0.0146564115869158));
#6664=CARTESIAN_POINT('',(-0.0173655487306274,0.00538308542239986,0.0146194383317902));
#6665=CARTESIAN_POINT('',(-0.0173763709576897,0.00537515724923778,0.014606575183879));
#6666=CARTESIAN_POINT('',(-0.0173932466382404,0.00536451056677958,0.0145864679736641));
#6667=CARTESIAN_POINT('',(-0.0173989789170334,0.00536116926884099,0.014579630151975));
#6668=CARTESIAN_POINT('',(-0.0174077372054738,0.00535646871625434,0.0145691697109376));
#6669=CARTESIAN_POINT('',(-0.0174106832796989,0.00535495376444566,0.0145656489456212));
#6670=CARTESIAN_POINT('',(-0.0174166285961245,0.00535202765893538,0.0145585394122392));
#6671=CARTESIAN_POINT('',(-0.0174202774335965,0.00535032468957251,0.014554172868184));
#6672=CARTESIAN_POINT('',(-0.0174606723060259,0.00533217822679698,0.0145058071191497));
#6673=CARTESIAN_POINT('',(-0.017507465068007,0.00532314331136289,0.01444943847797));
#6674=CARTESIAN_POINT('',(-0.0175627178889815,0.00532215249664621,0.0143819658027701));
#6675=CARTESIAN_POINT('',(-0.0171114920918516,0.00585099464408211,0.0147633613513489));
#6676=CARTESIAN_POINT('',(-0.0171120332504123,0.00582635366094679,0.014762734120855));
#6677=CARTESIAN_POINT('',(-0.0171126797970556,0.00580710350740604,0.0147619846730936));
#6678=CARTESIAN_POINT('',(-0.0171136196552494,0.0057897793524734,0.0147608950398777));
#6679=CARTESIAN_POINT('',(-0.01711382717747,0.00578636176225107,0.0147606544430159));
#6680=CARTESIAN_POINT('',(-0.0171144756162774,0.00577738016841387,0.0147599025954198));
#6681=CARTESIAN_POINT('',(-0.017114846704746,0.00577287063698748,0.0147594723036642));
#6682=CARTESIAN_POINT('',(-0.0171161005404421,0.00575928583918488,0.0147580182927049));
#6683=CARTESIAN_POINT('',(-0.0171171238610716,0.00575015436928529,0.0147568314404851));
#6684=CARTESIAN_POINT('',(-0.017123176936377,0.0057041223296313,0.0147498090365946));
#6685=CARTESIAN_POINT('',(-0.0171304191798056,0.0056688779810554,0.0147414025176268));
#6686=CARTESIAN_POINT('',(-0.0171492856243368,0.00560077793552011,0.0147194501268717));
#6687=CARTESIAN_POINT('',(-0.0171613904769878,0.00556673304417826,0.0147053433765895));
#6688=CARTESIAN_POINT('',(-0.0171888719689477,0.00550608413048329,0.014673211215074));
#6689=CARTESIAN_POINT('',(-0.0172045946310721,0.00547852014170005,0.0146547818536057));
#6690=CARTESIAN_POINT('',(-0.0172390448952322,0.00543019975191967,0.0146142409551934));
#6691=CARTESIAN_POINT('',(-0.0172580144741143,0.0054093610964559,0.0145918458971056));
#6692=CARTESIAN_POINT('',(-0.0172890485159551,0.00538308542239986,0.0145550355197559));
#6693=CARTESIAN_POINT('',(-0.0172998230680083,0.00537515724923778,0.0145422290376945));
#6694=CARTESIAN_POINT('',(-0.0173166244063539,0.00536451056677958,0.0145222104054982));
#6695=CARTESIAN_POINT('',(-0.0173223314328174,0.00536116926884099,0.0145154027063716));
#6696=CARTESIAN_POINT('',(-0.0173310511384894,0.00535646871625434,0.0145049883465722));
#6697=CARTESIAN_POINT('',(-0.0173339842344139,0.00535495376444566,0.0145014830912352));
#6698=CARTESIAN_POINT('',(-0.0173399033600182,0.00535202765893538,0.0144944048773836));
#6699=CARTESIAN_POINT('',(-0.0173435361233163,0.00535032468957251,0.0144900575692052));
#6700=CARTESIAN_POINT('',(-0.0173837530447659,0.00533217822679698,0.0144419048851446));
#6701=CARTESIAN_POINT('',(-0.0174303396712318,0.00532314331136288,0.0143857845639699));
#6702=CARTESIAN_POINT('',(-0.0174853490877085,0.00532215249664621,0.0143186091252248));
#6703=CARTESIAN_POINT('',(-0.0171114920918516,0.00585099464408211,0.0147633613513489));
#6704=CARTESIAN_POINT('',(-0.0171367302807776,0.00585099464408211,0.0147851362205987));
#6705=CARTESIAN_POINT('',(-0.0171619684697037,0.00585099464408211,0.0148069110898484));
#6706=CARTESIAN_POINT('',(-0.0171872066586297,0.00585099464408211,0.0148286859590982));
#6707=CARTESIAN_POINT('',(-0.0171114920918516,0.00585099464408211,0.0147633613513489));
#6708=CARTESIAN_POINT('',(-0.0171114920918515,0.00585099464408211,0.0147633613513489));
#6709=CARTESIAN_POINT('',(-0.017112574408973,0.00580171267781143,0.0147621068903611));
#6710=CARTESIAN_POINT('',(-0.0171152190449454,0.00574591896972148,0.0147590475823728));
#6711=CARTESIAN_POINT('',(-0.0171454317663887,0.00559456348660564,0.0147239639850695));
#6712=CARTESIAN_POINT('',(-0.0172128049088414,0.00544175314625812,0.0146454810562512));
#6713=CARTESIAN_POINT('',(-0.0173477418056494,0.00533402154115155,0.0144854836305591));
#6714=CARTESIAN_POINT('',(-0.0174303398125693,0.00532314330881715,0.0143857843913738));
#6715=CARTESIAN_POINT('',(-0.0174853490877085,0.00532215249664621,0.0143186091252249));
#6716=CARTESIAN_POINT('',(-0.0174853490877085,0.00532215249664621,0.0143186091252248));
#6717=CARTESIAN_POINT('',(-0.0175627178889815,0.00532215249664621,0.0143819658027701));
#6718=CARTESIAN_POINT('',(-0.0175369282885572,0.00532215249664621,0.014360846910255));
#6719=CARTESIAN_POINT('',(-0.0175111386881328,0.00532215249664621,0.0143397280177399));
#6720=CARTESIAN_POINT('',(-0.0174853490877085,0.00532215249664621,0.0143186091252248));
#6721=CARTESIAN_POINT('',(-0.0175627178889815,0.00532215249664621,0.0143819658027701));
#6722=CARTESIAN_POINT('',(-0.0175775592483353,0.00532247024850243,0.0143638420906855));
#6723=CARTESIAN_POINT('',(-0.0175908891520904,0.00532306271771913,0.0143475074519566));
#6724=CARTESIAN_POINT('',(-0.0176086394991828,0.00532436349778279,0.0143257077590983));
#6725=CARTESIAN_POINT('',(-0.0176141821447796,0.00532486577049945,0.0143188915286251));
#6726=CARTESIAN_POINT('',(-0.0176219372754881,0.00532572219861761,0.0143093446205011));
#6727=CARTESIAN_POINT('',(-0.0176244291761967,0.00532602484449752,0.014306275221319));
#6728=CARTESIAN_POINT('',(-0.0176280275796235,0.00532650456807818,0.0143018406953705));
#6729=CARTESIAN_POINT('',(-0.0176292038059561,0.00532666876839853,0.0143003907820216));
#6730=CARTESIAN_POINT('',(-0.0176315098176651,0.0053270057539595,0.014297547513474));
#6731=CARTESIAN_POINT('',(-0.0176321036833507,0.0053270927803838,0.014296815257347));
#6732=CARTESIAN_POINT('',(-0.0176468862262886,0.00532945830903733,0.0142785798284516));
#6733=CARTESIAN_POINT('',(-0.0176592561890408,0.00533206596526816,0.0142632749667554));
#6734=CARTESIAN_POINT('',(-0.0176766667644713,0.00533673489575596,0.0142416831020669));
#6735=CARTESIAN_POINT('',(-0.0176822795484007,0.00533841744694215,0.0142347133735624));
#6736=CARTESIAN_POINT('',(-0.0176904138370836,0.00534113063525683,0.0142246011187146));
#6737=CARTESIAN_POINT('',(-0.0176930777846172,0.00534206659161761,0.0142212874227012));
#6738=CARTESIAN_POINT('',(-0.0176983109098027,0.00534400162485099,0.0142147742997049));
#6739=CARTESIAN_POINT('',(-0.0177003291621774,0.00534477555120587,0.0142122613137869));
#6740=CARTESIAN_POINT('',(-0.0177156932209636,0.00535105448943682,0.0141931180264713));
#6741=CARTESIAN_POINT('',(-0.0177273199492393,0.00535680389698557,0.0141785907751468));
#6742=CARTESIAN_POINT('',(-0.0177492561616373,0.00536975522601109,0.0141511206150029));
#6743=CARTESIAN_POINT('',(-0.0177590100491205,0.00537650097346108,0.014138876594638));
#6744=CARTESIAN_POINT('',(-0.0177794334894862,0.00539326967839613,0.0141131858230558));
#6745=CARTESIAN_POINT('',(-0.0177893236503177,0.00540276740724208,0.0141007163603445));
#6746=CARTESIAN_POINT('',(-0.0178084656974316,0.00542398961769085,0.0140765332136162));
#6747=CARTESIAN_POINT('',(-0.0178180458703258,0.00543618578178808,0.0140644031025651));
#6748=CARTESIAN_POINT('',(-0.0178438660917423,0.00547328430824854,0.0140316505078297));
#6749=CARTESIAN_POINT('',(-0.0178590617793985,0.00550087540159674,0.0140122935632457));
#6750=CARTESIAN_POINT('',(-0.0178854664359337,0.00556177507304223,0.013978574638068));
#6751=CARTESIAN_POINT('',(-0.0178968581504467,0.00559579941994945,0.013963978129079));
#6752=CARTESIAN_POINT('',(-0.0179104347016905,0.00564897674744235,0.0139465545210324));
#6753=CARTESIAN_POINT('',(-0.017914344998503,0.00566681358841191,0.0139415304795245));
#6754=CARTESIAN_POINT('',(-0.0179192905881301,0.00569373544757414,0.0139351724792834));
#6755=CARTESIAN_POINT('',(-0.017920785799077,0.00570273716691286,0.0139332494819275));
#6756=CARTESIAN_POINT('',(-0.0179227989218674,0.00571628139534792,0.0139306597116511));
#6757=CARTESIAN_POINT('',(-0.0179234316799205,0.00572080307973077,0.0139298455753778));
#6758=CARTESIAN_POINT('',(-0.0179243234228286,0.00572759601866179,0.0139286980751433));
#6759=CARTESIAN_POINT('',(-0.0179246111047315,0.00572986206703159,0.0139283278590648));
#6760=CARTESIAN_POINT('',(-0.0179251673416405,0.00573439763455676,0.01392761199846));
#6761=CARTESIAN_POINT('',(-0.0179255045365393,0.00573726909373647,0.013927178005855));
#6762=CARTESIAN_POINT('',(-0.017928740551107,0.00576564744064173,0.0139230128526361));
#6763=CARTESIAN_POINT('',(-0.0179307492439192,0.00580299951925137,0.0139204250679362));
#6764=CARTESIAN_POINT('',(-0.0179317227005088,0.00585099464408211,0.0139191709879596));
#6765=CARTESIAN_POINT('',(-0.0174853490877085,0.00532215249664621,0.0143186091252248));
#6766=CARTESIAN_POINT('',(-0.0175001250666246,0.00532247024850243,0.0143005652532816));
#6767=CARTESIAN_POINT('',(-0.0175133962483367,0.00532306271771913,0.0142843025733136));
#6768=CARTESIAN_POINT('',(-0.0175310684000674,0.00532436349778279,0.0142625989143446));
#6769=CARTESIAN_POINT('',(-0.0175365866287233,0.00532486577049945,0.0142558127113184));
#6770=CARTESIAN_POINT('',(-0.0175443075958604,0.00532572219861761,0.0142463078600584));
#6771=CARTESIAN_POINT('',(-0.0175467885190329,0.00532602484449752,0.0142432519824586));
#6772=CARTESIAN_POINT('',(-0.0175503710704622,0.00532650456807818,0.0142388369918667));
#6773=CARTESIAN_POINT('',(-0.017551542115181,0.00532666876839853,0.0142373934658012));
#6774=CARTESIAN_POINT('',(-0.0175538379682481,0.0053270057539595,0.0142345627226657));
#6775=CARTESIAN_POINT('',(-0.0175544292177853,0.0053270927803838,0.0142338336923367));
#6776=CARTESIAN_POINT('',(-0.0175691466393887,0.00532945830903733,0.0142156785957271));
#6777=CARTESIAN_POINT('',(-0.0175814621089129,0.00533206596526816,0.0142004411563291));
#6778=CARTESIAN_POINT('',(-0.0175987959857732,0.00533673489575596,0.0141789444099873));
#6779=CARTESIAN_POINT('',(-0.0176043840437822,0.00533841744694215,0.0141720053851326));
#6780=CARTESIAN_POINT('',(-0.0176124824985943,0.00534113063525683,0.014161937677663));
#6781=CARTESIAN_POINT('',(-0.0176151347106761,0.00534206659161761,0.0141586385794294));
#6782=CARTESIAN_POINT('',(-0.0176203447824468,0.00534400162485099,0.0141521541486048));
#6783=CARTESIAN_POINT('',(-0.0176223541438418,0.00534477555120587,0.0141496522331094));
#6784=CARTESIAN_POINT('',(-0.0176376505195497,0.00535105448943682,0.014130593277456));
#6785=CARTESIAN_POINT('',(-0.0176492260287581,0.00535680389698557,0.0141161300228334));
#6786=CARTESIAN_POINT('',(-0.0176710656058591,0.00536975522601109,0.0140887808766108));
#6787=CARTESIAN_POINT('',(-0.017680776524675,0.00537650097346108,0.0140765907946617));
#6788=CARTESIAN_POINT('',(-0.0177011099939378,0.00539326967839613,0.0140510131982846));
#6789=CARTESIAN_POINT('',(-0.0177109565857788,0.00540276740724208,0.0140385986671271));
#6790=CARTESIAN_POINT('',(-0.017730014306694,0.00542398961769085,0.0140145220540849));
#6791=CARTESIAN_POINT('',(-0.0177395522761834,0.00543618578178808,0.0140024453796463));
#6792=CARTESIAN_POINT('',(-0.0177652587521311,0.00547328430824854,0.0139698370694692));
#6793=CARTESIAN_POINT('',(-0.017780387498432,0.00550087540159674,0.0139505653977688));
#6794=CARTESIAN_POINT('',(-0.0178066758348944,0.00556177507304223,0.0139169950141118));
#6795=CARTESIAN_POINT('',(-0.0178180173656429,0.00559579941994945,0.0139024628069244));
#6796=CARTESIAN_POINT('',(-0.017831534108291,0.00564897674744235,0.0138851159548605));
#6797=CARTESIAN_POINT('',(-0.0178354271791263,0.00566681358841191,0.013880114045694));
#6798=CARTESIAN_POINT('',(-0.017840350982015,0.00569373544757414,0.0138737840542645));
#6799=CARTESIAN_POINT('',(-0.0178418396061295,0.00570273716691286,0.0138718695282627));
#6800=CARTESIAN_POINT('',(-0.0178438438605376,0.00571628139534792,0.0138692911666658));
#6801=CARTESIAN_POINT('',(-0.0178444738311102,0.00572080307973077,0.013868480616896));
#6802=CARTESIAN_POINT('',(-0.0178453616456355,0.00572759601866179,0.0138673381717286));
#6803=CARTESIAN_POINT('',(-0.0178456480602173,0.00572986206703159,0.0138669695865579));
#6804=CARTESIAN_POINT('',(-0.0178462018467434,0.00573439763455676,0.0138662568795241));
#6805=CARTESIAN_POINT('',(-0.0178465375562022,0.00573726909373647,0.0138658247987807));
#6806=CARTESIAN_POINT('',(-0.0178497593151991,0.00576564744064173,0.0138616779942545));
#6807=CARTESIAN_POINT('',(-0.0178517591591442,0.00580299951925135,0.0138591016094871));
#6808=CARTESIAN_POINT('',(-0.0178527283273788,0.00585099464408211,0.013857853054092));
#6809=CARTESIAN_POINT('',(-0.0174853490877085,0.00532215249664621,0.0143186091252249));
#6810=CARTESIAN_POINT('',(-0.0175444529951941,0.00532342350389518,0.0142464336474395));
#6811=CARTESIAN_POINT('',(-0.0176222689228654,0.00533040503994671,0.0141502148857312));
#6812=CARTESIAN_POINT('',(-0.0177578597910805,0.00543463513745609,0.0139796400806534));
#6813=CARTESIAN_POINT('',(-0.0178221587333542,0.00559107765114128,0.0138971737210909));
#6814=CARTESIAN_POINT('',(-0.0178496279039712,0.00574288611528863,0.0138618540025513));
#6815=CARTESIAN_POINT('',(-0.0178517591591442,0.005802999519249,0.0138591016094871));
#6816=CARTESIAN_POINT('',(-0.0178527283273789,0.00585099464408211,0.0138578530540919));
#6817=CARTESIAN_POINT('',(-0.0178527283273788,0.00585099464408211,0.013857853054092));
#6818=CARTESIAN_POINT('',(-0.0179317227005088,0.00585099464408211,0.0139191709879596));
#6819=CARTESIAN_POINT('',(-0.0179053912427988,0.00585099464408211,0.0138987316766704));
#6820=CARTESIAN_POINT('',(-0.0178790597850888,0.00585099464408211,0.0138782923653812));
#6821=CARTESIAN_POINT('',(-0.0178527283273788,0.00585099464408211,0.013857853054092));
#6822=CARTESIAN_POINT('',(-0.0179317227005088,0.00585099464408211,0.0139191709879596));
#6823=CARTESIAN_POINT('',(-0.0179314123382835,0.00586554706422201,0.0139195708199156));
#6824=CARTESIAN_POINT('',(-0.0179310684089655,0.00587827091396984,0.0139200138682387));
#6825=CARTESIAN_POINT('',(-0.0179305021499326,0.00589461383300347,0.0139207432540796));
#6826=CARTESIAN_POINT('',(-0.0179303050027163,0.00589960433008333,0.0139209971848965));
#6827=CARTESIAN_POINT('',(-0.0179299966885184,0.0059064043618061,0.0139213942828224));
#6828=CARTESIAN_POINT('',(-0.0179298918182217,0.00590855675339752,0.0139215293490798));
#6829=CARTESIAN_POINT('',(-0.0179296778794671,0.00591263296528134,0.013921804881874));
#6830=CARTESIAN_POINT('',(-0.0179296242060721,0.00591365509147317,0.0139218740082932));
#6831=CARTESIAN_POINT('',(-0.0179281251409473,0.00593805615016451,0.0139238045681105));
#6832=CARTESIAN_POINT('',(-0.0179258946291046,0.00595965254876918,0.0139266768164941));
#6833=CARTESIAN_POINT('',(-0.0179197082875506,0.00600215033432486,0.0139346359943101));
#6834=CARTESIAN_POINT('',(-0.0179158013868666,0.00602295923406248,0.0139396599591036));
#6835=CARTESIAN_POINT('',(-0.0179063548548223,0.00606369704745728,0.013951792534376));
#6836=CARTESIAN_POINT('',(-0.017900554049058,0.00608442631052436,0.0139592357591092));
#6837=CARTESIAN_POINT('',(-0.0178883569487248,0.00612180345293844,0.0139748625723706));
#6838=CARTESIAN_POINT('',(-0.0178814479399458,0.00614005231620166,0.0139837039644567));
#6839=CARTESIAN_POINT('',(-0.0178659998442802,0.00617567062684043,0.0140034355269961));
#6840=CARTESIAN_POINT('',(-0.0178572226294484,0.00619347079407932,0.0140146287104324));
#6841=CARTESIAN_POINT('',(-0.0178435401749822,0.00621821932343194,0.0140320393566308));
#6842=CARTESIAN_POINT('',(-0.0178388739035453,0.00622620122713873,0.0140379712690138));
#6843=CARTESIAN_POINT('',(-0.0178317157340424,0.00623777267358278,0.0140470612177197));
#6844=CARTESIAN_POINT('',(-0.0178293032168911,0.00624156292087812,0.0140501232137536));
#6845=CARTESIAN_POINT('',(-0.017825644675058,0.00624714793954208,0.014054764167319));
#6846=CARTESIAN_POINT('',(-0.0178244185334131,0.00624899288705023,0.0140563191450792));
#6847=CARTESIAN_POINT('',(-0.017821952982007,0.00625264933130686,0.0140594450768773));
#6848=CARTESIAN_POINT('',(-0.0178203072695286,0.00625504605364232,0.0140615308788569));
#6849=CARTESIAN_POINT('',(-0.0178127495418118,0.00626593196567715,0.0140711076805707));
#6850=CARTESIAN_POINT('',(-0.0178023363377217,0.00627986340780909,0.0140842940520989));
#6851=CARTESIAN_POINT('',(-0.0177881968008054,0.00629804993254365,0.0141021294340896));
#6852=CARTESIAN_POINT('',(-0.0178527283273788,0.00585099464408211,0.013857853054092));
#6853=CARTESIAN_POINT('',(-0.017852419332388,0.00586554706422201,0.0138582511246736));
#6854=CARTESIAN_POINT('',(-0.0178520769181771,0.00587827091396984,0.013858692221242));
#6855=CARTESIAN_POINT('',(-0.0178515131536774,0.00589461383300347,0.0138594183939295));
#6856=CARTESIAN_POINT('',(-0.0178513168749511,0.00589960433008333,0.0138596712061084));
#6857=CARTESIAN_POINT('',(-0.0178510099189655,0.0059064043618061,0.0138600665547043));
#6858=CARTESIAN_POINT('',(-0.0178509055106524,0.00590855675339752,0.0138602010259561));
#6859=CARTESIAN_POINT('',(-0.0178506925143593,0.00591263296528134,0.0138604753449494));
#6860=CARTESIAN_POINT('',(-0.017850639077411,0.00591365509147317,0.013860544166847));
#6861=CARTESIAN_POINT('',(-0.0178491466160973,0.00593805615016451,0.0138624662219955));
#6862=CARTESIAN_POINT('',(-0.0178469259302979,0.00595965254876918,0.0138653258173025));
#6863=CARTESIAN_POINT('',(-0.01784076684135,0.00600215033432486,0.0138732499326612));
#6864=CARTESIAN_POINT('',(-0.0178368771516822,0.00602295923406248,0.0138782517654512));
#6865=CARTESIAN_POINT('',(-0.0178274722343164,0.00606369704745728,0.0138903308932554));
#6866=CARTESIAN_POINT('',(-0.0178216969827626,0.00608442631052436,0.0138977413284523));
#6867=CARTESIAN_POINT('',(-0.017809553614149,0.00612180345293844,0.0139132993011267));
#6868=CARTESIAN_POINT('',(-0.017802675041532,0.00614005231620166,0.013922101744349));
#6869=CARTESIAN_POINT('',(-0.0177872949991512,0.00617567062684043,0.0139417463837053));
#6870=CARTESIAN_POINT('',(-0.0177785564504641,0.00619347079407932,0.0139528902579635));
#6871=CARTESIAN_POINT('',(-0.0177649342711277,0.00621821932343194,0.01397022420528));
#6872=CARTESIAN_POINT('',(-0.0177602885559526,0.00622620122713873,0.0139761299858904));
#6873=CARTESIAN_POINT('',(-0.0177531619202361,0.00623777267358278,0.0139851798907694));
#6874=CARTESIAN_POINT('',(-0.0177507600309136,0.00624156292087812,0.013988228397834));
#6875=CARTESIAN_POINT('',(-0.0177471176060048,0.00624714793954208,0.01399284890667));
#6876=CARTESIAN_POINT('',(-0.017745896865865,0.00624899288705023,0.0139943970343079));
#6877=CARTESIAN_POINT('',(-0.0177434421759189,0.00625264933130686,0.0139975091954813));
#6878=CARTESIAN_POINT('',(-0.0177418037132752,0.00625504605364232,0.013999585808906));
#6879=CARTESIAN_POINT('',(-0.0177342792795131,0.00626593196567715,0.014009120422066));
#6880=CARTESIAN_POINT('',(-0.0177239119485628,0.00627986340781681,0.0140222487038593));
#6881=CARTESIAN_POINT('',(-0.0177098347003613,0.00629804993254365,0.0140400055158778));
#6882=CARTESIAN_POINT('',(-0.0178527283273789,0.00585099464408211,0.0138578530540919));
#6883=CARTESIAN_POINT('',(-0.0178514923474154,0.00590920432464171,0.0138594453364187));
#6884=CARTESIAN_POINT('',(-0.0178475631487518,0.00597577902724632,0.0138645067397757));
#6885=CARTESIAN_POINT('',(-0.0178193687731893,0.00610637556695743,0.0139007856560477));
#6886=CARTESIAN_POINT('',(-0.0177687135492257,0.00621740799531237,0.0139654725247701));
#6887=CARTESIAN_POINT('',(-0.0177379891933065,0.0062616768875571,0.0140044918962024));
#6888=CARTESIAN_POINT('',(-0.0177098347003613,0.00629804993254365,0.0140400055158778));
#6889=CARTESIAN_POINT('',(-0.0177098347003613,0.00629804993254365,0.0140400055158778));
#6890=CARTESIAN_POINT('',(-0.0177881968008054,0.00629804993254365,0.0141021294340896));
#6891=CARTESIAN_POINT('',(-0.0177620761006574,0.00629804993254365,0.0140814214613523));
#6892=CARTESIAN_POINT('',(-0.0177359554005093,0.00629804993254365,0.0140607134886151));
#6893=CARTESIAN_POINT('',(-0.0177098347003613,0.00629804993254365,0.0140400055158778));
#6894=CARTESIAN_POINT('',(-0.0177881968008054,0.00629804993254365,0.0141021294340896));
#6895=CARTESIAN_POINT('',(-0.0177963601862688,0.00631320556248588,0.0140918322723835));
#6896=CARTESIAN_POINT('',(-0.017803557255266,0.00632728749674783,0.0140827358926024));
#6897=CARTESIAN_POINT('',(-0.0178129117086622,0.00634679985604359,0.0140708991095091));
#6898=CARTESIAN_POINT('',(-0.0178157896452129,0.00635303555204691,0.0140672547944146));
#6899=CARTESIAN_POINT('',(-0.0178197470624277,0.006361986460409,0.0140622409012384));
#6900=CARTESIAN_POINT('',(-0.0178210062854626,0.00636490299058922,0.0140606450322728));
#6901=CARTESIAN_POINT('',(-0.0178234050212664,0.00637060183906868,0.014057604248163));
#6902=CARTESIAN_POINT('',(-0.0178241858410241,0.00637248213257959,0.0140566142616849));
#6903=CARTESIAN_POINT('',(-0.0178371314932128,0.00640503726690353,0.0140401953516508));
#6904=CARTESIAN_POINT('',(-0.0178464610574826,0.00643353567252279,0.01402832776262));
#6905=CARTESIAN_POINT('',(-0.0178578852029209,0.00647825898528798,0.0140137780095959));
#6906=CARTESIAN_POINT('',(-0.017861239688793,0.00649358686352018,0.0140095017364744));
#6907=CARTESIAN_POINT('',(-0.0178655929320293,0.00651720884183417,0.0140039492543433));
#6908=CARTESIAN_POINT('',(-0.0178669309269896,0.00652518786143312,0.0140022420774388));
#6909=CARTESIAN_POINT('',(-0.0178687684757819,0.00653731393107297,0.0139998969333762));
#6910=CARTESIAN_POINT('',(-0.0178693527511129,0.00654138221099315,0.0139991511553145));
#6911=CARTESIAN_POINT('',(-0.0178704648469282,0.00654957128424733,0.0139977314936297));
#6912=CARTESIAN_POINT('',(-0.0178711171511356,0.00655472537378694,0.013996898661508));
#6913=CARTESIAN_POINT('',(-0.0178744932450493,0.00658274915830448,0.0139925878564838));
#6914=CARTESIAN_POINT('',(-0.017876390539807,0.00661548302169927,0.013990163077459));
#6915=CARTESIAN_POINT('',(-0.0178771858756551,0.00665604071780006,0.0139891466918922));
#6916=CARTESIAN_POINT('',(-0.0177098347003613,0.00629804993254365,0.0140400055158778));
#6917=CARTESIAN_POINT('',(-0.0177179621237734,0.00631320556248428,0.0140297537161185));
#6918=CARTESIAN_POINT('',(-0.0177251274876217,0.00632728749674783,0.014020697408494));
#6919=CARTESIAN_POINT('',(-0.0177344407319721,0.00634679985604359,0.0140089127698197));
#6920=CARTESIAN_POINT('',(-0.0177373059903882,0.00635303555204691,0.0140052845089766));
#6921=CARTESIAN_POINT('',(-0.017741245974047,0.006361986460409,0.0140002927034356));
#6922=CARTESIAN_POINT('',(-0.0177424996498438,0.00636490299058922,0.0139987038647298));
#6923=CARTESIAN_POINT('',(-0.0177448878185295,0.00637060183906868,0.0139956764761447));
#6924=CARTESIAN_POINT('',(-0.0177456651985526,0.00637248213257959,0.0139946908508404));
#6925=CARTESIAN_POINT('',(-0.0177585538214365,0.00640503726690353,0.0139783442708066));
#6926=CARTESIAN_POINT('',(-0.0177678422863043,0.00643353567252279,0.0139665289619036));
#6927=CARTESIAN_POINT('',(-0.0177792161051106,0.00647825898528798,0.0139520433047078));
#6928=CARTESIAN_POINT('',(-0.017782555813512,0.00649358686352018,0.0139477858697939));
#6929=CARTESIAN_POINT('',(-0.0177868898794653,0.00651720884183417,0.0139422578479365));
#6930=CARTESIAN_POINT('',(-0.0177882219801747,0.00652518786143312,0.0139405581916351));
#6931=CARTESIAN_POINT('',(-0.0177900514340383,0.00653731393107297,0.0139382233786037));
#6932=CARTESIAN_POINT('',(-0.0177906331354693,0.00654138221099315,0.0139374808859078));
#6933=CARTESIAN_POINT('',(-0.017791740332184,0.00654957128424733,0.0139360674782392));
#6934=CARTESIAN_POINT('',(-0.0177923897628046,0.00655472537378694,0.0139352383149815));
#6935=CARTESIAN_POINT('',(-0.0177957509840579,0.00658274915830448,0.0139309465002878));
#6936=CARTESIAN_POINT('',(-0.0177976399206889,0.00661548302169925,0.0139285324031089));
#6937=CARTESIAN_POINT('',(-0.0177984317528548,0.00665604071780006,0.0139275204950116));
#6938=CARTESIAN_POINT('',(-0.0177098347003613,0.00629804993254365,0.0140400055158778));
#6939=CARTESIAN_POINT('',(-0.0177748540863079,0.00641929496955122,0.0139579911195065));
#6940=CARTESIAN_POINT('',(-0.0177952644241911,0.00649380993338817,0.0139315681274011));
#6941=CARTESIAN_POINT('',(-0.0177984317528548,0.00665604071780006,0.0139275204950116));
#6942=CARTESIAN_POINT('',(-0.0177984317528548,0.00665604071780006,0.0139275204950116));
#6943=CARTESIAN_POINT('',(-0.0178771858756551,0.00665604071780006,0.0139891466918922));
#6944=CARTESIAN_POINT('',(-0.0178509345013883,0.00665604071780006,0.0139686046262653));
#6945=CARTESIAN_POINT('',(-0.0178246831271216,0.00665604071780006,0.0139480625606385));
#6946=CARTESIAN_POINT('',(-0.0177984317528548,0.00665604071780006,0.0139275204950116));
#6947=CARTESIAN_POINT('',(-0.0178771858756551,0.00665604071780006,0.0139891466918922));
#6948=CARTESIAN_POINT('',(-0.017876763426671,0.00667786546548681,0.0139896865531988));
#6949=CARTESIAN_POINT('',(-0.0178762759994832,0.00669484273517721,0.0139903094030711));
#6950=CARTESIAN_POINT('',(-0.0178751711366498,0.0067191023185653,0.0139917210392018));
#6951=CARTESIAN_POINT('',(-0.017873864390101,0.00673721185282651,0.0139933905958849));
#6952=CARTESIAN_POINT('',(-0.0178684386572168,0.00678554184475806,0.014000319081084));
#6953=CARTESIAN_POINT('',(-0.0178628397923964,0.00681657904242754,0.0140074659831836));
#6954=CARTESIAN_POINT('',(-0.0178477791307599,0.00687740036129406,0.0140266506628802));
#6955=CARTESIAN_POINT('',(-0.0178380132230232,0.00690797224239469,0.0140390744155011));
#6956=CARTESIAN_POINT('',(-0.0178156509662232,0.00696234493631389,0.0140674413749779));
#6957=CARTESIAN_POINT('',(-0.0178033581496311,0.00698618089377127,0.0140830042409251));
#6958=CARTESIAN_POINT('',(-0.0177736990661073,0.00703145318151457,0.014120417534953));
#6959=CARTESIAN_POINT('',(-0.0177576665497965,0.00705119958010885,0.0141405814320195));
#6960=CARTESIAN_POINT('',(-0.0177317908020027,0.00707648456008421,0.0141729949582417));
#6961=CARTESIAN_POINT('',(-0.0177228610238066,0.00708419045042333,0.0141841607180177));
#6962=CARTESIAN_POINT('',(-0.0177043882598255,0.00709815735846287,0.0142072113551208));
#6963=CARTESIAN_POINT('',(-0.017694491761295,0.00710461711746244,0.0142195355354968));
#6964=CARTESIAN_POINT('',(-0.0176754951949887,0.00711529679762633,0.0142431421795798));
#6965=CARTESIAN_POINT('',(-0.0176657827951743,0.00711994793565941,0.014255187397634));
#6966=CARTESIAN_POINT('',(-0.0176508907394225,0.00712589158963576,0.0142736161669689));
#6967=CARTESIAN_POINT('',(-0.0176458728105752,0.00712770063211566,0.0142798192462161));
#6968=CARTESIAN_POINT('',(-0.0176382647584903,0.00713015593256719,0.0142892138533685));
#6969=CARTESIAN_POINT('',(-0.0176357152146023,0.00713093132217298,0.0142923603870758));
#6970=CARTESIAN_POINT('',(-0.0176318705717881,0.00713202984076458,0.0142971026533653));
#6971=CARTESIAN_POINT('',(-0.0176305856363494,0.00713238525265894,0.0142986871530797));
#6972=CARTESIAN_POINT('',(-0.0176280089835626,0.00713307455450862,0.0143018636358249));
#6973=CARTESIAN_POINT('',(-0.0176263249679179,0.00713350632248975,0.0143039389742052));
#6974=CARTESIAN_POINT('',(-0.0176109771445168,0.00713733558881001,0.0143228492080907));
#6975=CARTESIAN_POINT('',(-0.0175904734929943,0.00713971521199624,0.0143480665246302));
#6976=CARTESIAN_POINT('',(-0.0175638156648579,0.00714087044536416,0.0143806251356084));
#6977=CARTESIAN_POINT('',(-0.0177984317528548,0.00665604071780006,0.0139275204950116));
#6978=CARTESIAN_POINT('',(-0.0177980111648795,0.0066778654654868,0.0139280579780746));
#6979=CARTESIAN_POINT('',(-0.017797525884948,0.00669484273517721,0.0139286780841149));
#6980=CARTESIAN_POINT('',(-0.0177964258893518,0.0067191023185653,0.0139300835015841));
#6981=CARTESIAN_POINT('',(-0.0177951248993957,0.00673721185282651,0.013931745703392));
#6982=CARTESIAN_POINT('',(-0.0177897230684184,0.00678554184475806,0.0139386436666299));
#6983=CARTESIAN_POINT('',(-0.0177841488682008,0.00681657904242754,0.0139457590845793));
#6984=CARTESIAN_POINT('',(-0.0177691545530914,0.00687740036129406,0.0139648592502684));
#6985=CARTESIAN_POINT('',(-0.0177594316669747,0.00690797224239469,0.0139772282727016));
#6986=CARTESIAN_POINT('',(-0.0177371679223191,0.00696234493631389,0.0140054702675992));
#6987=CARTESIAN_POINT('',(-0.0177249292591041,0.00698618089377127,0.0140209645746655));
#6988=CARTESIAN_POINT('',(-0.0176954008323359,0.00703145318151457,0.0140582130524201));
#6989=CARTESIAN_POINT('',(-0.0176794389438503,0.00705119958010885,0.0140782881217463));
#6990=CARTESIAN_POINT('',(-0.0176536771861349,0.00707648456008421,0.0141105588571041));
#6991=CARTESIAN_POINT('',(-0.0176447867461687,0.00708419045042333,0.014121675428511));
#6992=CARTESIAN_POINT('',(-0.0176263953600024,0.00709815735846287,0.0141446245209573));
#6993=CARTESIAN_POINT('',(-0.0176165424583818,0.00710461711746244,0.0141568944097898));
#6994=CARTESIAN_POINT('',(-0.0175976295773897,0.00711529679762633,0.0141803970598459));
#6995=CARTESIAN_POINT('',(-0.0175879599634775,0.00711994793565941,0.0141923892152656));
#6996=CARTESIAN_POINT('',(-0.0175731335114955,0.00712589158963576,0.0142107368005946));
#6997=CARTESIAN_POINT('',(-0.0175681376880617,0.00712770063211566,0.0142169125535014));
#6998=CARTESIAN_POINT('',(-0.0175605631516247,0.00713015593256719,0.0142262657747193));
#6999=CARTESIAN_POINT('',(-0.0175580248392075,0.00713093132217298,0.0142293984470446));
#7000=CARTESIAN_POINT('',(-0.0175541971331458,0.00713202984076458,0.0142341198222932));
#7001=CARTESIAN_POINT('',(-0.0175529178582157,0.00713238525265894,0.0142356973418326));
#7002=CARTESIAN_POINT('',(-0.0175503525563223,0.00713307455450862,0.0142388598312618));
#7003=CARTESIAN_POINT('',(-0.0175486759592486,0.00713350632248975,0.0142409260271822));
#7004=CARTESIAN_POINT('',(-0.0175333957474044,0.00713733558881001,0.0142597529560727));
#7005=CARTESIAN_POINT('',(-0.0175129824203379,0.00713971521199624,0.0142848591831121));
#7006=CARTESIAN_POINT('',(-0.0174864420275678,0.00714087044536416,0.0143172743640859));
#7007=CARTESIAN_POINT('',(-0.0177984317528548,0.00665604071780006,0.0139275204950116));
#7008=CARTESIAN_POINT('',(-0.0177975905769042,0.00669969021317355,0.0139285954611375));
#7009=CARTESIAN_POINT('',(-0.0177957823669026,0.00674895935654564,0.0139309111315974));
#7010=CARTESIAN_POINT('',(-0.0177725013242379,0.00688239759202091,0.0139606136155086));
#7011=CARTESIAN_POINT('',(-0.0177183519070365,0.00701847041699556,0.0140295593137937));
#7012=CARTESIAN_POINT('',(-0.017604251438496,0.00712383753084929,0.0141724711502303));
#7013=CARTESIAN_POINT('',(-0.0175395227770277,0.0071385599801988,0.014252444046205));
#7014=CARTESIAN_POINT('',(-0.0174864420275678,0.00714087044536416,0.0143172743640858));
#7015=CARTESIAN_POINT('',(-0.0174864420275678,0.00714087044536416,0.0143172743640859));
#7016=CARTESIAN_POINT('',(-0.0175638156648579,0.00714087044536416,0.0143806251356084));
#7017=CARTESIAN_POINT('',(-0.0175380244524279,0.00714087044536416,0.0143595082117676));
#7018=CARTESIAN_POINT('',(-0.0175122332399978,0.00714087044536416,0.0143383912879267));
#7019=CARTESIAN_POINT('',(-0.0174864420275678,0.00714087044536416,0.0143172743640859));
#7020=CARTESIAN_POINT('',(-0.0175638156648579,0.00714087044536416,0.0143806251356084));
#7021=CARTESIAN_POINT('',(-0.0175505322239988,0.00714028543143521,0.0143968489022698));
#7022=CARTESIAN_POINT('',(-0.01753873703725,0.00713938302935144,0.0144112097190053));
#7023=CARTESIAN_POINT('',(-0.0175232970524196,0.0071375533436745,0.0144299731815205));
#7024=CARTESIAN_POINT('',(-0.0175185258017556,0.0071368641013747,0.0144357646645146));
#7025=CARTESIAN_POINT('',(-0.0175119340988246,0.00713571121731376,0.0144437590691422));
#7026=CARTESIAN_POINT('',(-0.0175098310565913,0.00713530708585824,0.0144463083979528));
#7027=CARTESIAN_POINT('',(-0.0175068180075862,0.00713467113352216,0.0144499593680757));
#7028=CARTESIAN_POINT('',(-0.017505837243428,0.007134454190218,0.0144511475207615));
#7029=CARTESIAN_POINT('',(-0.0175039229212713,0.0071340103852254,0.0144534661803457));
#7030=CARTESIAN_POINT('',(-0.0175033843481131,0.00713388415205566,0.0144541184636492));
#7031=CARTESIAN_POINT('',(-0.0174916400407197,0.00713089210746234,0.014468337755953));
#7032=CARTESIAN_POINT('',(-0.0174814087385236,0.00712749175529645,0.0144806973209503));
#7033=CARTESIAN_POINT('',(-0.0174613657575463,0.00711920953702101,0.0145048596086104));
#7034=CARTESIAN_POINT('',(-0.0174519873749943,0.00711458144241807,0.0145161421333786));
#7035=CARTESIAN_POINT('',(-0.017421886834271,0.00709695225865407,0.0145522796230523));
#7036=CARTESIAN_POINT('',(-0.0174031094684608,0.0070823624561197,0.0145747219177406));
#7037=CARTESIAN_POINT('',(-0.0173681715896823,0.00704750882433425,0.0146163385901549));
#7038=CARTESIAN_POINT('',(-0.0173516223707667,0.00702663975649757,0.0146359728760327));
#7039=CARTESIAN_POINT('',(-0.0173227275967371,0.00698164854844986,0.0146701605149671));
#7040=CARTESIAN_POINT('',(-0.0173097938074,0.00695685792945023,0.0146854127830886));
#7041=CARTESIAN_POINT('',(-0.0172869823491088,0.00690268666149942,0.0147122585460563));
#7042=CARTESIAN_POINT('',(-0.0172769460953077,0.00687270361065623,0.0147240379126866));
#7043=CARTESIAN_POINT('',(-0.0172646760176589,0.00682609371760382,0.0147384192406742));
#7044=CARTESIAN_POINT('',(-0.0172611355512889,0.00681054256620234,0.0147425649280825));
#7045=CARTESIAN_POINT('',(-0.0172566512875693,0.00678719405852412,0.014747813113608));
#7046=CARTESIAN_POINT('',(-0.0172552942654702,0.00677940759253538,0.0147494007787431));
#7047=CARTESIAN_POINT('',(-0.0172534655316933,0.00676772244840826,0.0147515398527293));
#7048=CARTESIAN_POINT('',(-0.0172528904199036,0.00676382649284189,0.0147522124730765));
#7049=CARTESIAN_POINT('',(-0.0172518091569291,0.00675603276666115,0.0147534769293509));
#7050=CARTESIAN_POINT('',(-0.0172511816107732,0.00675113155817211,0.014754210698052));
#7051=CARTESIAN_POINT('',(-0.0172480292397533,0.00672507439579873,0.0147578963924311));
#7052=CARTESIAN_POINT('',(-0.0172460950243734,0.00669272527482063,0.0147601561337658));
#7053=CARTESIAN_POINT('',(-0.0172450298989771,0.00665118895497955,0.0147614004682275));
#7054=CARTESIAN_POINT('',(-0.0174864420275678,0.00714087044536416,0.0143172743640859));
#7055=CARTESIAN_POINT('',(-0.0174732171040693,0.00714028543143521,0.0143334266604096));
#7056=CARTESIAN_POINT('',(-0.0174614738784956,0.00713938302935144,0.0143477242136352));
#7057=CARTESIAN_POINT('',(-0.0174461019112195,0.0071375533436745,0.0143664050177253));
#7058=CARTESIAN_POINT('',(-0.0174413516792809,0.0071368641013747,0.0143721709875784));
#7059=CARTESIAN_POINT('',(-0.0174347890146888,0.00713571121731376,0.0143801301745645));
#7060=CARTESIAN_POINT('',(-0.0174326952369588,0.00713530708585824,0.0143826682728517));
#7061=CARTESIAN_POINT('',(-0.0174296954612973,0.00713467113352216,0.0143863031594057));
#7062=CARTESIAN_POINT('',(-0.017428719017686,0.007134454190218,0.0143874860779388));
#7063=CARTESIAN_POINT('',(-0.0174268131286666,0.0071340103852254,0.0143897945231635));
#7064=CARTESIAN_POINT('',(-0.0174262769280774,0.00713388415205566,0.0143904439329723));
#7065=CARTESIAN_POINT('',(-0.0174145843577209,0.00713089210746234,0.0144046005852219));
#7066=CARTESIAN_POINT('',(-0.0174043981273407,0.00712749175529645,0.0144169057027964));
#7067=CARTESIAN_POINT('',(-0.0173844434414338,0.00711920953702101,0.0144409615486605));
#7068=CARTESIAN_POINT('',(-0.0173751063733424,0.00711458144241807,0.0144521943706765));
#7069=CARTESIAN_POINT('',(-0.0173451384341201,0.00709695225865407,0.0144881726643604));
#7070=CARTESIAN_POINT('',(-0.017326443787983,0.0070823624561197,0.0145105160943144));
#7071=CARTESIAN_POINT('',(-0.0172916598205647,0.00704750882433425,0.0145519494333701));
#7072=CARTESIAN_POINT('',(-0.0172751835056972,0.00702663975649757,0.0145714972245965));
#7073=CARTESIAN_POINT('',(-0.0172464160214211,0.00698164854844986,0.0146055342571919));
#7074=CARTESIAN_POINT('',(-0.0172335392091295,0.00695685792945023,0.0146207193347049));
#7075=CARTESIAN_POINT('',(-0.017210828241844,0.00690268666149942,0.0146474468343997));
#7076=CARTESIAN_POINT('',(-0.0172008362006147,0.00687270361065623,0.014659174309547));
#7077=CARTESIAN_POINT('',(-0.0171886201761714,0.00682609371760382,0.0146734922836668));
#7078=CARTESIAN_POINT('',(-0.0171850953065696,0.00681054256620234,0.014677619708135));
#7079=CARTESIAN_POINT('',(-0.0171806307973157,0.00678719405852412,0.0146828447739004));
#7080=CARTESIAN_POINT('',(-0.0171792797532875,0.00677940759253538,0.014684425444916));
#7081=CARTESIAN_POINT('',(-0.0171774590756066,0.00676772244840826,0.0146865550956688));
#7082=CARTESIAN_POINT('',(-0.0171768864973489,0.00676382649284189,0.0146872247529308));
#7083=CARTESIAN_POINT('',(-0.0171758099976475,0.00675603276666115,0.0146884836389133));
#7084=CARTESIAN_POINT('',(-0.0171751852160121,0.00675113155817211,0.0146892141751531));
#7085=CARTESIAN_POINT('',(-0.0171720467320891,0.00672507439579873,0.0146928836329931));
#7086=CARTESIAN_POINT('',(-0.0171701210374819,0.00669272527482065,0.0146951334195201));
#7087=CARTESIAN_POINT('',(-0.0171690606042679,0.00665118895497955,0.0146963722723322));
#7088=CARTESIAN_POINT('',(-0.0174864420275678,0.00714087044536416,0.0143172743640858));
#7089=CARTESIAN_POINT('',(-0.0174335423399847,0.00713853038993195,0.0143818835415505));
#7090=CARTESIAN_POINT('',(-0.0173678009746751,0.00712235746725843,0.0144612503055533));
#7091=CARTESIAN_POINT('',(-0.0172530854402699,0.00701618356667799,0.0145979214296647));
#7092=CARTESIAN_POINT('',(-0.0171846558456002,0.00683777318087193,0.0146781584211529));
#7093=CARTESIAN_POINT('',(-0.0171711814706959,0.00673426159466534,0.0146938945667079));
#7094=CARTESIAN_POINT('',(-0.0171690606042679,0.00665118895497955,0.0146963722723322));
#7095=CARTESIAN_POINT('',(-0.0171690606042679,0.00665118895497955,0.0146963722723322));
#7096=CARTESIAN_POINT('',(-0.0172450298989771,0.00665118895497955,0.0147614004682275));
#7097=CARTESIAN_POINT('',(-0.0172197068007407,0.00665118895497955,0.0147397244029291));
#7098=CARTESIAN_POINT('',(-0.0171943837025043,0.00665118895497955,0.0147180483376306));
#7099=CARTESIAN_POINT('',(-0.0171690606042679,0.00665118895497955,0.0146963722723322));
#7100=CARTESIAN_POINT('',(-0.0172450298989771,0.00665118895497955,0.0147614004682275));
#7101=CARTESIAN_POINT('',(-0.0172453751559661,0.00663152720772155,0.0147609971211934));
#7102=CARTESIAN_POINT('',(-0.0172460577732119,0.00661357006479705,0.0147601996512));
#7103=CARTESIAN_POINT('',(-0.017247587493396,0.00658919125691082,0.0147584120511901));
#7104=CARTESIAN_POINT('',(-0.0172481816966428,0.00658149113869881,0.0147577176165155));
#7105=CARTESIAN_POINT('',(-0.0172491993927198,0.00657058018800591,0.0147565280666726));
#7106=CARTESIAN_POINT('',(-0.0172495596897882,0.00656704974221245,0.0147561069002844));
#7107=CARTESIAN_POINT('',(-0.0172503224031798,0.00656020192616725,0.014755215258699));
#7108=CARTESIAN_POINT('',(-0.0172506032944873,0.00655780598260176,0.0147548868745003));
#7109=CARTESIAN_POINT('',(-0.0172533282690707,0.00653714468676599,0.0147517007456396));
#7110=CARTESIAN_POINT('',(-0.0172560289618234,0.00652110592543311,0.0147485419296105));
#7111=CARTESIAN_POINT('',(-0.0172608595632848,0.0064977831964374,0.0147428875489761));
#7112=CARTESIAN_POINT('',(-0.0172625996847573,0.00649013152227276,0.0147408500575037));
#7113=CARTESIAN_POINT('',(-0.0172663394455306,0.00647507331161136,0.0147364694023264));
#7114=CARTESIAN_POINT('',(-0.0172685597628027,0.00646691184261237,0.0147338675291721));
#7115=CARTESIAN_POINT('',(-0.0172742853642795,0.00644732473713054,0.0147271551817775));
#7116=CARTESIAN_POINT('',(-0.0172789472766637,0.00643351494208451,0.014721686489609));
#7117=CARTESIAN_POINT('',(-0.0172872031663515,0.00641167266242824,0.0147119891485585));
#7118=CARTESIAN_POINT('',(-0.0172901656169917,0.00640420397136161,0.014708507637477));
#7119=CARTESIAN_POINT('',(-0.0172965105917457,0.00638889072686595,0.0147010457224766));
#7120=CARTESIAN_POINT('',(-0.0172985857929098,0.00638412045597937,0.0146986035351987));
#7121=CARTESIAN_POINT('',(-0.0173116620731526,0.00635481527634031,0.0146832086881185));
#7122=CARTESIAN_POINT('',(-0.0173249757087997,0.00632807878322895,0.0146675097462958));
#7123=CARTESIAN_POINT('',(-0.017341114354074,0.00629804993254365,0.0146484044509608));
#7124=CARTESIAN_POINT('',(-0.0171690606042679,0.00665118895497955,0.0146963722723322));
#7125=CARTESIAN_POINT('',(-0.017169404340301,0.00663152720772155,0.0146959707021573));
#7126=CARTESIAN_POINT('',(-0.0171700839504224,0.00661357006479705,0.0146951767452476));
#7127=CARTESIAN_POINT('',(-0.0171716069317511,0.00658919125691082,0.0146933970201276));
#7128=CARTESIAN_POINT('',(-0.0171721985173624,0.00658149113869881,0.0146927056446366));
#7129=CARTESIAN_POINT('',(-0.0171732117301969,0.00657058018800591,0.0146915213351014));
#7130=CARTESIAN_POINT('',(-0.0171735704400535,0.00656704974221245,0.0146911020240717));
#7131=CARTESIAN_POINT('',(-0.0171743297934741,0.00656020192616725,0.0146902143104228));
#7132=CARTESIAN_POINT('',(-0.017174609447375,0.00655780598260176,0.0146898873728505));
#7133=CARTESIAN_POINT('',(-0.0171773224176651,0.00653714468676599,0.0146867152797998));
#7134=CARTESIAN_POINT('',(-0.0171800112130929,0.00652110592543311,0.0146835703792598));
#7135=CARTESIAN_POINT('',(-0.0171848205343716,0.0064977831964374,0.0146779409077911));
#7136=CARTESIAN_POINT('',(-0.0171865529901107,0.00649013152227276,0.0146759123920521));
#7137=CARTESIAN_POINT('',(-0.017190276276167,0.00647507331161136,0.0146715510349153));
#7138=CARTESIAN_POINT('',(-0.0171924868123058,0.00646691184261237,0.0146689606237572));
#7139=CARTESIAN_POINT('',(-0.0171981871908686,0.00644732473713054,0.014662277846175));
#7140=CARTESIAN_POINT('',(-0.0172028285661938,0.00643351494208451,0.0146568332451614));
#7141=CARTESIAN_POINT('',(-0.0172110480863235,0.00641167266242824,0.014647178623675));
#7142=CARTESIAN_POINT('',(-0.0172139974865203,0.00640420397136161,0.0146437124496467));
#7143=CARTESIAN_POINT('',(-0.0172203145098438,0.00638889072686595,0.0146362834065186));
#7144=CARTESIAN_POINT('',(-0.0172223805691525,0.00638412045597937,0.0146338519777749));
#7145=CARTESIAN_POINT('',(-0.0172353992446365,0.00635481527634031,0.0146185249494044));
#7146=CARTESIAN_POINT('',(-0.0172486542299139,0.00632807878321476,0.0146028951659067));
#7147=CARTESIAN_POINT('',(-0.017264721779827,0.00629804993254365,0.0145838740348773));
#7148=CARTESIAN_POINT('',(-0.0171690606042679,0.00665118895497955,0.0146963722723322));
#7149=CARTESIAN_POINT('',(-0.017171810492533,0.0064938949769151,0.0146931597109324));
#7150=CARTESIAN_POINT('',(-0.0172004515859756,0.00641816532438641,0.0146599585521273));
#7151=CARTESIAN_POINT('',(-0.017264721779827,0.00629804993254365,0.0145838740348772));
#7152=CARTESIAN_POINT('',(-0.017264721779827,0.00629804993254365,0.0145838740348773));
#7153=CARTESIAN_POINT('',(-0.017341114354074,0.00629804993254365,0.0146484044509608));
#7154=CARTESIAN_POINT('',(-0.0173156501626583,0.00629804993254365,0.0146268943122663));
#7155=CARTESIAN_POINT('',(-0.0172901859712427,0.00629804993254365,0.0146053841735718));
#7156=CARTESIAN_POINT('',(-0.017264721779827,0.00629804993254365,0.0145838740348773));
#7157=CARTESIAN_POINT('',(-0.017341114354074,0.00629804993254365,0.0146484044509608));
#7158=CARTESIAN_POINT('',(-0.0173334176110395,0.00628952754691922,0.0146575160304206));
#7159=CARTESIAN_POINT('',(-0.0173267287742822,0.00628196353944394,0.0146654201132947));
#7160=CARTESIAN_POINT('',(-0.0173182147816657,0.006272055094359,0.0146754712379309));
#7161=CARTESIAN_POINT('',(-0.0173156299710121,0.00626899187374623,0.0146785207598938));
#7162=CARTESIAN_POINT('',(-0.0173121332490552,0.00626475643445037,0.0146826443672408));
#7163=CARTESIAN_POINT('',(-0.0173110310892719,0.00626340451995564,0.0146839437891932));
#7164=CARTESIAN_POINT('',(-0.0173089536994557,0.00626082048817394,0.0146863924912833));
#7165=CARTESIAN_POINT('',(-0.0173084022438492,0.00626013322688672,0.0146870424532909));
#7166=CARTESIAN_POINT('',(-0.0172963827908963,0.00624467955474131,0.0147012045414195));
#7167=CARTESIAN_POINT('',(-0.017285751431403,0.00622884041865592,0.0147137014632515));
#7168=CARTESIAN_POINT('',(-0.0172573304792933,0.00618062351027467,0.0147470470915438));
#7169=CARTESIAN_POINT('',(-0.0172407336637779,0.00614370186509136,0.0147664321281374));
#7170=CARTESIAN_POINT('',(-0.0172208337577444,0.00608532586260128,0.0147896243513208));
#7171=CARTESIAN_POINT('',(-0.0172149905725284,0.00606533890342059,0.0147964238773488));
#7172=CARTESIAN_POINT('',(-0.0172048910292886,0.00602430840169119,0.0148081661471204));
#7173=CARTESIAN_POINT('',(-0.0172007723381546,0.00600412302710225,0.0148129491107856));
#7174=CARTESIAN_POINT('',(-0.0171953750126899,0.00597047802381358,0.0148192133991619));
#7175=CARTESIAN_POINT('',(-0.0171938439030823,0.00595946478143887,0.0148209896962599));
#7176=CARTESIAN_POINT('',(-0.0171919496714532,0.00594324755595908,0.0148231868175932));
#7177=CARTESIAN_POINT('',(-0.0171913853314516,0.00593789225381286,0.014823841302621));
#7178=CARTESIAN_POINT('',(-0.0171906394672749,0.00592993496011409,0.0148247062315281));
#7179=CARTESIAN_POINT('',(-0.0171904076200877,0.00592729513880127,0.0148249750746393));
#7180=CARTESIAN_POINT('',(-0.0171899774796021,0.0059220407160158,0.0148254738325363));
#7181=CARTESIAN_POINT('',(-0.0171897237138302,0.0059186309202449,0.0148257680637269));
#7182=CARTESIAN_POINT('',(-0.0171885893399862,0.00590236974495638,0.0148270832898725));
#7183=CARTESIAN_POINT('',(-0.0171877922959062,0.00588042658532016,0.0148280071754941));
#7184=CARTESIAN_POINT('',(-0.0171872066586297,0.00585099464408211,0.0148286859590982));
#7185=CARTESIAN_POINT('',(-0.017264721779827,0.00629804993254365,0.0145838740348773));
#7186=CARTESIAN_POINT('',(-0.0172570589431502,0.00628952754691995,0.0145929454752198));
#7187=CARTESIAN_POINT('',(-0.0172503995726334,0.00628196353944394,0.0146008147383463));
#7188=CARTESIAN_POINT('',(-0.0172419230865923,0.006272055094359,0.0146108215849003));
#7189=CARTESIAN_POINT('',(-0.0172393496627697,0.00626899187374623,0.0146138576728458));
#7190=CARTESIAN_POINT('',(-0.0172358683448744,0.00626475643445037,0.0146179631145217));
#7191=CARTESIAN_POINT('',(-0.0172347710404205,0.00626340451995564,0.0146192568121483));
#7192=CARTESIAN_POINT('',(-0.0172327028021012,0.00626082048817394,0.0146216947270045));
#7193=CARTESIAN_POINT('',(-0.0172321537758146,0.00626013322688672,0.0146223418257434));
#7194=CARTESIAN_POINT('',(-0.0172201872719937,0.00624467955474131,0.0146364415258186));
#7195=CARTESIAN_POINT('',(-0.0172096027466831,0.00622884041865592,0.0146488833951314));
#7196=CARTESIAN_POINT('',(-0.0171813069970056,0.00618062351027467,0.0146820821263828));
#7197=CARTESIAN_POINT('',(-0.017164783295215,0.00614370186509136,0.0147013817663394));
#7198=CARTESIAN_POINT('',(-0.0171449710539658,0.00608532586260128,0.0147244718211388));
#7199=CARTESIAN_POINT('',(-0.0171391536096538,0.00606533890342059,0.0147312413933076));
#7200=CARTESIAN_POINT('',(-0.017129098557794,0.00602430840169119,0.0147429319350185));
#7201=CARTESIAN_POINT('',(-0.0171249980106737,0.00600412302710225,0.0147476938283592));
#7202=CARTESIAN_POINT('',(-0.0171196244619732,0.00597047802381358,0.0147539305207514));
#7203=CARTESIAN_POINT('',(-0.0171181000973418,0.00595946478143887,0.0147556989927522));
#7204=CARTESIAN_POINT('',(-0.0171162142103455,0.00594324755595908,0.0147578864351369));
#7205=CARTESIAN_POINT('',(-0.0171156523564231,0.00593789225381286,0.0147585380369707));
#7206=CARTESIAN_POINT('',(-0.0171149097779917,0.00592993496011409,0.0147593991556183));
#7207=CARTESIAN_POINT('',(-0.0171146789521578,0.00592729513880127,0.0147596668143986));
#7208=CARTESIAN_POINT('',(-0.0171142507065642,0.0059220407160158,0.0147601633751243));
#7209=CARTESIAN_POINT('',(-0.0171139980587032,0.0059186309202449,0.0147604563101422));
#7210=CARTESIAN_POINT('',(-0.0171128686821008,0.00590236974495638,0.0147617657423401));
#7211=CARTESIAN_POINT('',(-0.0171120751492282,0.00588042658532016,0.0147626855579809));
#7212=CARTESIAN_POINT('',(-0.0171114920918516,0.00585099464408211,0.0147633613513489));
#7213=CARTESIAN_POINT('',(-0.017264721779827,0.00629804993254365,0.0145838740348772));
#7214=CARTESIAN_POINT('',(-0.0172340704339928,0.00626396039101992,0.0146201597952136));
#7215=CARTESIAN_POINT('',(-0.0172006042862885,0.00622079953904583,0.0146594945966335));
#7216=CARTESIAN_POINT('',(-0.0171478043277449,0.00610786972198274,0.0147212270522537));
#7217=CARTESIAN_POINT('',(-0.0171176292090251,0.00597642875361103,0.0147562480115861));
#7218=CARTESIAN_POINT('',(-0.0171126582066048,0.00590985852655831,0.014762009764613));
#7219=CARTESIAN_POINT('',(-0.0171114920918515,0.00585099464408211,0.0147633613513489));
#7220=CARTESIAN_POINT('',(0.,0.,0.));
#7221=CARTESIAN_POINT('',(-0.017484911883237,0.00612061403510775,0.0143191430063199));
#7222=CARTESIAN_POINT('',(-0.0175814066015974,0.00611806102546876,0.0142013146106551));
#7223=CARTESIAN_POINT('',(-0.0176575260214169,0.00604358962554563,0.0141057369685805));
#7224=CARTESIAN_POINT('',(-0.0176615027339283,0.00587906555754365,0.0141007560499232));
#7225=CARTESIAN_POINT('',(-0.0174849118832369,0.00612061403510775,0.0143191430063199));
#7226=CARTESIAN_POINT('',(-0.0176615027339282,0.00587906555754365,0.0141007560499232));
#7227=CARTESIAN_POINT('',(-0.0173118326232373,0.00587213446780006,0.0145279197142955));
#7228=CARTESIAN_POINT('',(-0.0173129388471987,0.00591631478207713,0.0145266015101451));
#7229=CARTESIAN_POINT('',(-0.0173195175060136,0.00597105159890473,0.0145187807009076));
#7230=CARTESIAN_POINT('',(-0.0173773633375352,0.0060896771492168,0.0144496217750119));
#7231=CARTESIAN_POINT('',(-0.0174365719228648,0.00611930499174822,0.0143781702782155));
#7232=CARTESIAN_POINT('',(-0.017484911883237,0.00612061403510775,0.0143191430063199));
#7233=CARTESIAN_POINT('',(-0.0173118326232373,0.00587213446780006,0.0145279197142955));
#7234=CARTESIAN_POINT('',(-0.0174873163060945,0.00563266531715904,0.0143162064951091));
#7235=CARTESIAN_POINT('',(-0.017386815173465,0.00563556528894669,0.0144389691205303));
#7236=CARTESIAN_POINT('',(-0.017314247183812,0.00570561355916779,0.0145250424635019));
#7237=CARTESIAN_POINT('',(-0.0173118326232373,0.00587213446780006,0.0145279197142955));
#7238=CARTESIAN_POINT('',(-0.0174873163060945,0.00563266531715904,0.014316206495109));
#7239=CARTESIAN_POINT('',(-0.0176615027339283,0.00587906555754365,0.0141007560499232));
#7240=CARTESIAN_POINT('',(-0.0176595588157773,0.00572515533187946,0.0141031908495619));
#7241=CARTESIAN_POINT('',(-0.0175885685903518,0.00563500044562733,0.0141925263342978));
#7242=CARTESIAN_POINT('',(-0.0174873163060945,0.00563266531715904,0.0143162064951091));
#7243=CARTESIAN_POINT('',(-0.0174912497524063,0.00683035762485135,0.0143114004241006));
#7244=CARTESIAN_POINT('',(-0.0175335059018172,0.00682712317669764,0.0142597553830131));
#7245=CARTESIAN_POINT('',(-0.0175671775072942,0.00680200049810649,0.0142181358944348));
#7246=CARTESIAN_POINT('',(-0.0176031247415124,0.00670483145651283,0.0141735801327168));
#7247=CARTESIAN_POINT('',(-0.0176053735640815,0.00666885072294295,0.0141707735731094));
#7248=CARTESIAN_POINT('',(-0.0176062582894285,0.00663386123062058,0.0141696742745177));
#7249=CARTESIAN_POINT('',(-0.0174912497524063,0.00683035762485135,0.0143114004241006));
#7250=CARTESIAN_POINT('',(-0.0176062582894286,0.00663386123062058,0.0141696742745177));
#7251=CARTESIAN_POINT('',(-0.0173684794361666,0.00663628711203083,0.0144601494485865));
#7252=CARTESIAN_POINT('',(-0.0173696582496087,0.00667131541932064,0.0144587335436471));
#7253=CARTESIAN_POINT('',(-0.0173718886690032,0.0067094391634695,0.0144560683953546));
#7254=CARTESIAN_POINT('',(-0.0174119513047441,0.00680671504472775,0.014407823090493));
#7255=CARTESIAN_POINT('',(-0.0174478951432573,0.00682710033309122,0.0143643879916391));
#7256=CARTESIAN_POINT('',(-0.0174912497524063,0.00683035762485135,0.0143114004241006));
#7257=CARTESIAN_POINT('',(-0.0173684794361667,0.00663628711203083,0.0144601494485864));
#7258=CARTESIAN_POINT('',(-0.0174875348655368,0.00643112685562058,0.0143159395195228));
#7259=CARTESIAN_POINT('',(-0.0174656231597777,0.00643268327211257,0.0143427056090207));
#7260=CARTESIAN_POINT('',(-0.0174404001006858,0.00643970062706952,0.0143733641152011));
#7261=CARTESIAN_POINT('',(-0.0173968114204395,0.00648724647530885,0.0144260929639374));
#7262=CARTESIAN_POINT('',(-0.0173722252550932,0.00656262097193152,0.0144556502296693));
#7263=CARTESIAN_POINT('',(-0.0173696114352406,0.00659969810073008,0.01445878977366));
#7264=CARTESIAN_POINT('',(-0.0173684794361666,0.00663628711203083,0.0144601494485865));
#7265=CARTESIAN_POINT('',(-0.0174875348655368,0.00643112685562058,0.0143159395195228));
#7266=CARTESIAN_POINT('',(-0.0176062582894285,0.00663386123062058,0.0141696742745177));
#7267=CARTESIAN_POINT('',(-0.0176051505946687,0.00659868359537753,0.0141710506194972));
#7268=CARTESIAN_POINT('',(-0.0176026606693222,0.00656058236660366,0.0141741580117392));
#7269=CARTESIAN_POINT('',(-0.0175649828669695,0.00646214031400058,0.0142208499660582));
#7270=CARTESIAN_POINT('',(-0.0175310183561772,0.00643518717179951,0.0142628225684759));
#7271=CARTESIAN_POINT('',(-0.0174875348655368,0.00643112685562058,0.0143159395195228));
#7272=CARTESIAN_POINT('',(-0.0176841620871694,0.00663386123062058,0.0142323719482987));
#7273=CARTESIAN_POINT('',(-0.0176839016520176,0.0066252561452733,0.0142326955470252));
#7274=CARTESIAN_POINT('',(-0.0176836113871456,0.00661774079493851,0.0142330561921547));
#7275=CARTESIAN_POINT('',(-0.0176831312350569,0.00660810237195505,0.0142336527212417));
#7276=CARTESIAN_POINT('',(-0.0176829637252087,0.00660516199804702,0.0142338608244852));
#7277=CARTESIAN_POINT('',(-0.0176826137852464,0.0065998261177372,0.0142342955498217));
#7278=CARTESIAN_POINT('',(-0.0176825276563624,0.00659850730358631,0.0142344025477105));
#7279=CARTESIAN_POINT('',(-0.0176810966936357,0.0065825084790885,0.0142361800720187));
#7280=CARTESIAN_POINT('',(-0.0176791751387926,0.00657005518840226,0.0142385668299983));
#7281=CARTESIAN_POINT('',(-0.0176709793802616,0.00653329687486071,0.0142487390173335));
#7282=CARTESIAN_POINT('',(-0.0176630596491578,0.00651200836002571,0.0142585644501344));
#7283=CARTESIAN_POINT('',(-0.0176399970240684,0.00647191071588837,0.0142870865238228));
#7284=CARTESIAN_POINT('',(-0.0176272986827269,0.00645692041184262,0.0143027580608247));
#7285=CARTESIAN_POINT('',(-0.0176088550317354,0.00644372301755108,0.0143254409586097));
#7286=CARTESIAN_POINT('',(-0.0176050706575487,0.00644145147987991,0.0143300915872646));
#7287=CARTESIAN_POINT('',(-0.0175992502204467,0.00643859608515385,0.0143372382667401));
#7288=CARTESIAN_POINT('',(-0.017597286095235,0.00643773627220861,0.0143396489491341));
#7289=CARTESIAN_POINT('',(-0.0175933098149982,0.0064362006169117,0.0143445271673709));
#7290=CARTESIAN_POINT('',(-0.0175905954764995,0.00643532343209085,0.014347855422874));
#7291=CARTESIAN_POINT('',(-0.0175839253630966,0.00643341085916235,0.0143560314879028));
#7292=CARTESIAN_POINT('',(-0.0175758150764948,0.00643213950531726,0.0143659674434294));
#7293=CARTESIAN_POINT('',(-0.0175649133383931,0.00643112685562058,0.0143792843846535));
#7294=CARTESIAN_POINT('',(-0.0176062582894286,0.00663386123062058,0.0141696742745177));
#7295=CARTESIAN_POINT('',(-0.0176059990015682,0.0066252561452733,0.0141699964476991));
#7296=CARTESIAN_POINT('',(-0.0176057100153961,0.00661774079493851,0.0141703555040835));
#7297=CARTESIAN_POINT('',(-0.0176052319785148,0.00660810237195505,0.0141709494052891));
#7298=CARTESIAN_POINT('',(-0.0176050652065954,0.00660516199804702,0.0141711565917783));
#7299=CARTESIAN_POINT('',(-0.0176047168082189,0.0065998261177372,0.0141715894020252));
#7300=CARTESIAN_POINT('',(-0.0176046310587573,0.00659850730358631,0.0141716959285576));
#7301=CARTESIAN_POINT('',(-0.0176032063998312,0.0065825084790885,0.0141734656223622));
#7302=CARTESIAN_POINT('',(-0.0176012933099873,0.00657005518840226,0.0141758418659895));
#7303=CARTESIAN_POINT('',(-0.0175931336561194,0.00653329687486071,0.0141859692419268));
#7304=CARTESIAN_POINT('',(-0.0175852488136989,0.00651200836002571,0.0141957513908827));
#7305=CARTESIAN_POINT('',(-0.0175622877860769,0.00647191071588837,0.0142241478166694));
#7306=CARTESIAN_POINT('',(-0.0175496453845651,0.00645692041184262,0.0142397503160634));
#7307=CARTESIAN_POINT('',(-0.0175312829831374,0.00644372301755108,0.0142623332891885));
#7308=CARTESIAN_POINT('',(-0.0175275152802026,0.00644145147987991,0.0142669634304926));
#7309=CARTESIAN_POINT('',(-0.0175217204837927,0.00643859608515385,0.0142740786267985));
#7310=CARTESIAN_POINT('',(-0.017519765011115,0.00643773627220861,0.0142764786894463));
#7311=CARTESIAN_POINT('',(-0.0175158062475312,0.0064362006169117,0.0142813354177349));
#7312=CARTESIAN_POINT('',(-0.0175131038664708,0.00643532343209085,0.0142846490113195));
#7313=CARTESIAN_POINT('',(-0.0175064631368275,0.00643341085916235,0.0142927890584407));
#7314=CARTESIAN_POINT('',(-0.0174983885783604,0.00643213950531725,0.0143026812432382));
#7315=CARTESIAN_POINT('',(-0.0174875348655368,0.00643112685562058,0.0143159395195228));
#7316=CARTESIAN_POINT('',(-0.0176841620871694,0.00663386123062058,0.0142323719482987));
#7317=CARTESIAN_POINT('',(-0.0176581941545891,0.00663386123062058,0.014211472723705));
#7318=CARTESIAN_POINT('',(-0.0176322262220089,0.00663386123062058,0.0141905734991114));
#7319=CARTESIAN_POINT('',(-0.0176062582894286,0.00663386123062058,0.0141696742745177));
#7320=CARTESIAN_POINT('',(-0.0176841620871694,0.00663386123062058,0.0142323719482987));
#7321=CARTESIAN_POINT('',(-0.0174875348655368,0.00643112685562058,0.0143159395195228));
#7322=CARTESIAN_POINT('',(-0.0175133276898222,0.00643112685562058,0.0143370544745664));
#7323=CARTESIAN_POINT('',(-0.0175391205141077,0.00643112685562058,0.0143581694296099));
#7324=CARTESIAN_POINT('',(-0.0175649133383931,0.00643112685562058,0.0143792843846535));
#7325=CARTESIAN_POINT('',(-0.0175649133383931,0.00643112685562058,0.0143792843846535));
#7326=CARTESIAN_POINT('',(-0.0176841620871694,0.00663386123062058,0.0142323719482988));
#7327=CARTESIAN_POINT('',(-0.0176830494911045,0.00659868359535814,0.0142337543833012));
#7328=CARTESIAN_POINT('',(-0.0176805485483903,0.00656058236661247,0.014236875525065));
#7329=CARTESIAN_POINT('',(-0.0176427040300975,0.00646214031399528,0.0142837740809525));
#7330=CARTESIAN_POINT('',(-0.0176085892338594,0.00643518717179954,0.0143259324028497));
#7331=CARTESIAN_POINT('',(-0.0175649133383931,0.00643112685562058,0.0143792843846535));
#7332=CARTESIAN_POINT('',(-0.0175649133383931,0.00643112685562058,0.0143792843846535));
#7333=CARTESIAN_POINT('',(-0.0175594118217017,0.00643151546777439,0.0143860047235334));
#7334=CARTESIAN_POINT('',(-0.0175546065074957,0.00643199398921983,0.0143918668799941));
#7335=CARTESIAN_POINT('',(-0.0175484466960002,0.00643284663536449,0.01439937599477));
#7336=CARTESIAN_POINT('',(-0.0175465681070627,0.00643315332807329,0.0144016650035004));
#7337=CARTESIAN_POINT('',(-0.0175431607940515,0.00643381166814539,0.0144058153730669));
#7338=CARTESIAN_POINT('',(-0.0175422489949048,0.00643399280062369,0.0144069257594166));
#7339=CARTESIAN_POINT('',(-0.0175323964318043,0.00643671599850136,0.0144189191530895));
#7340=CARTESIAN_POINT('',(-0.0175241342108226,0.00644074669258164,0.0144289590832386));
#7341=CARTESIAN_POINT('',(-0.0175015518401669,0.00645611840394723,0.0144563565065592));
#7342=CARTESIAN_POINT('',(-0.0174880537023633,0.006471958905909,0.0144726735398086));
#7343=CARTESIAN_POINT('',(-0.017465885420824,0.00651181026083648,0.0144994188901923));
#7344=CARTESIAN_POINT('',(-0.0174575626889312,0.00653514980979965,0.0145094302555351));
#7345=CARTESIAN_POINT('',(-0.0174513005623826,0.00656537234508431,0.0145169594790894));
#7346=CARTESIAN_POINT('',(-0.0174502248718317,0.00657156531887743,0.014518252439505));
#7347=CARTESIAN_POINT('',(-0.0174488766509448,0.0065810774796714,0.0145198727306332));
#7348=CARTESIAN_POINT('',(-0.017448471462409,0.00658428531662011,0.0145203596354878));
#7349=CARTESIAN_POINT('',(-0.0174479300272773,0.00658915274706924,0.0145210102211532));
#7350=CARTESIAN_POINT('',(-0.0174477606067998,0.00659078450305663,0.0145212137877344));
#7351=CARTESIAN_POINT('',(-0.0174474438844358,0.00659406657337343,0.0145215943326049));
#7352=CARTESIAN_POINT('',(-0.0174472476580631,0.00659631285025852,0.0145218300904825));
#7353=CARTESIAN_POINT('',(-0.0174464618060427,0.00660588552876128,0.0145227742405704));
#7354=CARTESIAN_POINT('',(-0.0174458520505702,0.00661885573903717,0.0145235067009487));
#7355=CARTESIAN_POINT('',(-0.0174453311150878,0.00663628711203083,0.0145241324107483));
#7356=CARTESIAN_POINT('',(-0.0174875348655368,0.00643112685562058,0.0143159395195228));
#7357=CARTESIAN_POINT('',(-0.0174820575846017,0.00643151546777439,0.0143226302533856));
#7358=CARTESIAN_POINT('',(-0.0174772734391807,0.00643199398921983,0.0143284665853686));
#7359=CARTESIAN_POINT('',(-0.0174711407634187,0.00643284663536449,0.0143359426203437));
#7360=CARTESIAN_POINT('',(-0.0174692704502034,0.00643315332807329,0.0143382215453352));
#7361=CARTESIAN_POINT('',(-0.0174658781473817,0.00643381166814539,0.0143423536313354));
#7362=CARTESIAN_POINT('',(-0.0174649703649713,0.00643399280062369,0.0143434591261152));
#7363=CARTESIAN_POINT('',(-0.0174551612052325,0.00643671599850136,0.0143553996854547));
#7364=CARTESIAN_POINT('',(-0.0174469353817,0.00644074669258164,0.0143653953868367));
#7365=CARTESIAN_POINT('',(-0.0174244524928534,0.00645611840394723,0.0143926721166625));
#7366=CARTESIAN_POINT('',(-0.0174110138182119,0.006471958905909,0.0144089172687081));
#7367=CARTESIAN_POINT('',(-0.0173889431943006,0.00651181026083648,0.014435544798165));
#7368=CARTESIAN_POINT('',(-0.0173806571264249,0.00653514980979965,0.0144455120605768));
#7369=CARTESIAN_POINT('',(-0.0173744225863368,0.00656537234508431,0.0144530081157454));
#7370=CARTESIAN_POINT('',(-0.0173733516345109,0.00657156531887743,0.0144542953803001));
#7371=CARTESIAN_POINT('',(-0.017372009352923,0.0065810774796714,0.0144559085335819));
#7372=CARTESIAN_POINT('',(-0.0173716059493588,0.00658428531662011,0.0144563932934812));
#7373=CARTESIAN_POINT('',(-0.0173710668994039,0.00658915274706924,0.0144570410131305));
#7374=CARTESIAN_POINT('',(-0.0173708982252721,0.00659078450305663,0.0144572436829426));
#7375=CARTESIAN_POINT('',(-0.0173705828981608,0.00659406657337343,0.014457622551404));
#7376=CARTESIAN_POINT('',(-0.0173703875362214,0.00659631285025852,0.0144578572707006));
#7377=CARTESIAN_POINT('',(-0.0173696051461042,0.00660588552876128,0.0144587972615371));
#7378=CARTESIAN_POINT('',(-0.0173689980767791,0.00661885573903716,0.0144595264952177));
#7379=CARTESIAN_POINT('',(-0.0173684794361667,0.00663628711203083,0.0144601494485864));
#7380=CARTESIAN_POINT('',(-0.0173684794361667,0.00663628711203083,0.0144601494485864));
#7381=CARTESIAN_POINT('',(-0.0173940966624737,0.00663628711203083,0.0144814771026404));
#7382=CARTESIAN_POINT('',(-0.0174197138887808,0.00663628711203083,0.0145028047566943));
#7383=CARTESIAN_POINT('',(-0.0174453311150878,0.00663628711203083,0.0145241324107483));
#7384=CARTESIAN_POINT('',(-0.0174453311150878,0.00663628711203083,0.0145241324107483));
#7385=CARTESIAN_POINT('',(-0.0175649133383931,0.00643112685562058,0.0143792843846535));
#7386=CARTESIAN_POINT('',(-0.0175429046781838,0.00643268327211258,0.0144061689081757));
#7387=CARTESIAN_POINT('',(-0.0175175700126358,0.00643970062706951,0.014436963071463));
#7388=CARTESIAN_POINT('',(-0.0174737884621229,0.00648724647530887,0.0144899252336893));
#7389=CARTESIAN_POINT('',(-0.0174490935084344,0.00656262097193147,0.0145196132837827));
#7390=CARTESIAN_POINT('',(-0.017446468123007,0.00659969810073019,0.0145227667195614));
#7391=CARTESIAN_POINT('',(-0.0174453311150877,0.00663628711203083,0.0145241324107484));
#7392=CARTESIAN_POINT('',(-0.0174453311150878,0.00663628711203083,0.0145241324107483));
#7393=CARTESIAN_POINT('',(-0.0174456092663853,0.00664485485116848,0.0145237983156473));
#7394=CARTESIAN_POINT('',(-0.0174459136326897,0.00665234032554732,0.0145234327136428));
#7395=CARTESIAN_POINT('',(-0.017446409495744,0.00666194513997736,0.0145228370428632));
#7396=CARTESIAN_POINT('',(-0.017446581335679,0.00666487617859767,0.0145226306079611));
#7397=CARTESIAN_POINT('',(-0.0174468489226989,0.00666886688724358,0.0145223091375979));
#7398=CARTESIAN_POINT('',(-0.017446939756224,0.00667012948191146,0.014522200011141));
#7399=CARTESIAN_POINT('',(-0.0174471246987564,0.00667251938815236,0.0145219778187043));
#7400=CARTESIAN_POINT('',(-0.0174471646416052,0.0066730472190715,0.0145219298312461));
#7401=CARTESIAN_POINT('',(-0.0174485138567307,0.00668797957518687,0.0145203088020206));
#7402=CARTESIAN_POINT('',(-0.0174503855419574,0.00670001330323019,0.0145180599310659));
#7403=CARTESIAN_POINT('',(-0.0174589049627963,0.00673617653130831,0.0145078157005096));
#7404=CARTESIAN_POINT('',(-0.017467918614552,0.00675801748390078,0.0144969705152847));
#7405=CARTESIAN_POINT('',(-0.0174912683195631,0.00679509208212999,0.0144687894247824));
#7406=CARTESIAN_POINT('',(-0.0175054411746787,0.00680918101337607,0.0144516468243628));
#7407=CARTESIAN_POINT('',(-0.0175243606394719,0.00682013552560666,0.0144286804522709));
#7408=CARTESIAN_POINT('',(-0.0175282287434569,0.00682201199846355,0.0144239812751755));
#7409=CARTESIAN_POINT('',(-0.0175341568360221,0.00682435506336503,0.0144167733465977));
#7410=CARTESIAN_POINT('',(-0.0175361538561282,0.00682505747760155,0.0144143441764449));
#7411=CARTESIAN_POINT('',(-0.0175391808210457,0.00682599318786037,0.0144106605904228));
#7412=CARTESIAN_POINT('',(-0.0175401950484666,0.00682628543943065,0.0144094260899415));
#7413=CARTESIAN_POINT('',(-0.0175422339732166,0.00682683063887256,0.0144069438052857));
#7414=CARTESIAN_POINT('',(-0.0175436182047611,0.00682716502728765,0.0144052581164557));
#7415=CARTESIAN_POINT('',(-0.0175496517495159,0.00682853172659713,0.0143979093935097));
#7416=CARTESIAN_POINT('',(-0.0175577761421806,0.0068295453071991,0.0143880086014167));
#7417=CARTESIAN_POINT('',(-0.0175686446628152,0.00683035762485135,0.0143747252047382));
#7418=CARTESIAN_POINT('',(-0.0173684794361667,0.00663628711203083,0.0144601494485864));
#7419=CARTESIAN_POINT('',(-0.0173687563621281,0.00664485485116848,0.01445981682527));
#7420=CARTESIAN_POINT('',(-0.0173690593876118,0.00665234032554732,0.014459452833847));
#7421=CARTESIAN_POINT('',(-0.0173695530662473,0.00666194513997736,0.0144588597871677));
#7422=CARTESIAN_POINT('',(-0.0173697241491783,0.00666487617859767,0.0144586542616705));
#7423=CARTESIAN_POINT('',(-0.0173699905574006,0.00666886688724358,0.0144583342074763));
#7424=CARTESIAN_POINT('',(-0.0173700809907781,0.00667012948191146,0.0144582255617527));
#7425=CARTESIAN_POINT('',(-0.0173702651185856,0.00667251938815236,0.0144580043481373));
#7426=CARTESIAN_POINT('',(-0.0173703048854748,0.0066730472190715,0.0144579565720776));
#7427=CARTESIAN_POINT('',(-0.0173716481569213,0.00668797957518687,0.0144563426839501));
#7428=CARTESIAN_POINT('',(-0.0173735115968386,0.00670001330323019,0.0144541037199158));
#7429=CARTESIAN_POINT('',(-0.0173819934871893,0.00673617653130831,0.0144439046181285));
#7430=CARTESIAN_POINT('',(-0.017390967431228,0.00675801748390078,0.0144331072090499));
#7431=CARTESIAN_POINT('',(-0.0174142142741025,0.00679509208212999,0.0144050502643208));
#7432=CARTESIAN_POINT('',(-0.017428324693733,0.00680918101337607,0.0143879831819648));
#7433=CARTESIAN_POINT('',(-0.0174471608128663,0.00682013552560666,0.0143651179833182));
#7434=CARTESIAN_POINT('',(-0.0174510118767457,0.00682201199846355,0.0143604395074434));
#7435=CARTESIAN_POINT('',(-0.0174569138543656,0.00682435506336503,0.014353263331855));
#7436=CARTESIAN_POINT('',(-0.0174589020770263,0.00682505747760155,0.0143508448628922));
#7437=CARTESIAN_POINT('',(-0.0174619157072966,0.00682599318786037,0.0143471775041214));
#7438=CARTESIAN_POINT('',(-0.0174629254667553,0.00682628543943065,0.0143459484419682));
#7439=CARTESIAN_POINT('',(-0.017464955409458,0.00682683063887256,0.0143434770924871));
#7440=CARTESIAN_POINT('',(-0.0174663335430662,0.00682716502728765,0.0143417988295991));
#7441=CARTESIAN_POINT('',(-0.0174723405083286,0.00682853172659713,0.0143344824798819));
#7442=CARTESIAN_POINT('',(-0.0174804291107173,0.0068295453071991,0.0143246253036131));
#7443=CARTESIAN_POINT('',(-0.0174912497524063,0.00683035762485135,0.0143114004241006));
#7444=CARTESIAN_POINT('',(-0.0174912497524063,0.00683035762485135,0.0143114004241006));
#7445=CARTESIAN_POINT('',(-0.0175170480558759,0.00683035762485135,0.0143325086843131));
#7446=CARTESIAN_POINT('',(-0.0175428463593456,0.00683035762485135,0.0143536169445257));
#7447=CARTESIAN_POINT('',(-0.0175686446628152,0.00683035762485135,0.0143747252047382));
#7448=CARTESIAN_POINT('',(-0.0175686446628152,0.00683035762485135,0.0143747252047382));
#7449=CARTESIAN_POINT('',(-0.0174453311150877,0.00663628711203083,0.0145241324107484));
#7450=CARTESIAN_POINT('',(-0.0174465151445185,0.00667131541932075,0.0145227102407429));
#7451=CARTESIAN_POINT('',(-0.0174487554330253,0.00670943916346946,0.0145200332997588));
#7452=CARTESIAN_POINT('',(-0.0174889953370659,0.00680671504472778,0.014471574520097));
#7453=CARTESIAN_POINT('',(-0.0175250982191124,0.00682710033309122,0.0144279472305402));
#7454=CARTESIAN_POINT('',(-0.0175686446628152,0.00683035762485135,0.0143747252047382));
#7455=CARTESIAN_POINT('',(-0.0175686446628152,0.00683035762485135,0.0143747252047382));
#7456=CARTESIAN_POINT('',(-0.0175739494087817,0.00682995378030315,0.0143682417975366));
#7457=CARTESIAN_POINT('',(-0.0175785759365305,0.00682947248959826,0.0143625800975398));
#7458=CARTESIAN_POINT('',(-0.0175845019850979,0.00682863438426815,0.0143553230437264));
#7459=CARTESIAN_POINT('',(-0.0175863083665898,0.00682833565428141,0.0143531099328753));
#7460=CARTESIAN_POINT('',(-0.0175895836606734,0.0068276994712212,0.0143490959072047));
#7461=CARTESIAN_POINT('',(-0.017590435616326,0.00682753130808037,0.0143480515761681));
#7462=CARTESIAN_POINT('',(-0.0176000222423474,0.00682490078533298,0.0143362953492431));
#7463=CARTESIAN_POINT('',(-0.0176078362895343,0.00682113548365776,0.0143266965052843));
#7464=CARTESIAN_POINT('',(-0.0176295394452158,0.00680633955179473,0.0142999952854485));
#7465=CARTESIAN_POINT('',(-0.0176424769710871,0.00679131848348122,0.0142840224200253));
#7466=CARTESIAN_POINT('',(-0.0176638949654532,0.00675348596913402,0.0142575280052526));
#7467=CARTESIAN_POINT('',(-0.0176719151279243,0.00673170957667321,0.0142475781493923));
#7468=CARTESIAN_POINT('',(-0.0176783538188661,0.00670205060998116,0.0142395860357037));
#7469=CARTESIAN_POINT('',(-0.0176794508167964,0.00669603664272205,0.0142382239378774));
#7470=CARTESIAN_POINT('',(-0.017680810449264,0.00668689243095237,0.0142365354767009));
#7471=CARTESIAN_POINT('',(-0.0176812160151263,0.0066838238168823,0.0142360317698511));
#7472=CARTESIAN_POINT('',(-0.0176819318872525,0.00667764550178182,0.0142351426076571));
#7473=CARTESIAN_POINT('',(-0.0176823326805668,0.00667345753862872,0.0142346447461527));
#7474=CARTESIAN_POINT('',(-0.0176831936856499,0.00666319762668924,0.0142335751757031));
#7475=CARTESIAN_POINT('',(-0.0176837460677895,0.00665068285148247,0.0142328888652379));
#7476=CARTESIAN_POINT('',(-0.0176841620871694,0.00663386123062058,0.0142323719482987));
#7477=CARTESIAN_POINT('',(-0.0174912497524063,0.00683035762485135,0.0143114004241006));
#7478=CARTESIAN_POINT('',(-0.0174965311294479,0.00682995378030315,0.0143049455781642));
#7479=CARTESIAN_POINT('',(-0.0175011372760171,0.00682947248959826,0.0142993088195771));
#7480=CARTESIAN_POINT('',(-0.0175070372186437,0.00682863438426815,0.0142920837351637));
#7481=CARTESIAN_POINT('',(-0.0175088356425079,0.00682833565428141,0.0142898803736996));
#7482=CARTESIAN_POINT('',(-0.0175120965079832,0.0068276994712212,0.0142858840309615));
#7483=CARTESIAN_POINT('',(-0.0175129447105272,0.00682753130808037,0.0142848443005022));
#7484=CARTESIAN_POINT('',(-0.0175224891047159,0.00682490078533298,0.0142731398631231));
#7485=CARTESIAN_POINT('',(-0.0175302687287875,0.00682113548365776,0.0142635833048205));
#7486=CARTESIAN_POINT('',(-0.0175518762758536,0.00680633955179473,0.0142369997115038));
#7487=CARTESIAN_POINT('',(-0.0175647568082189,0.00679131848348122,0.0142210972111265));
#7488=CARTESIAN_POINT('',(-0.0175860804501869,0.00675348596913402,0.0141947195118374));
#7489=CARTESIAN_POINT('',(-0.0175940652815457,0.00673170957667321,0.0141848134879412));
#7490=CARTESIAN_POINT('',(-0.0176004756082103,0.00670205060998116,0.0141768565818019));
#7491=CARTESIAN_POINT('',(-0.0176015677735506,0.00669603664272205,0.0141755004844066));
#7492=CARTESIAN_POINT('',(-0.0176029214164479,0.00668689243095237,0.014173819461385));
#7493=CARTESIAN_POINT('',(-0.0176033251956764,0.0066838238168823,0.0141733179735082));
#7494=CARTESIAN_POINT('',(-0.0176040379141809,0.00667764550178182,0.0141724327283282));
#7495=CARTESIAN_POINT('',(-0.0176044369418859,0.00667345753862872,0.0141719370600463));
#7496=CARTESIAN_POINT('',(-0.017605294153995,0.00666319762668924,0.0141708722013608));
#7497=CARTESIAN_POINT('',(-0.0176058441027332,0.00665068285148247,0.0141701889142897));
#7498=CARTESIAN_POINT('',(-0.0176062582894286,0.00663386123062058,0.0141696742745177));
#7499=CARTESIAN_POINT('',(-0.0175686446628152,0.00683035762485135,0.0143747252047382));
#7500=CARTESIAN_POINT('',(-0.0176110877863386,0.00682712317669764,0.0143228516457698));
#7501=CARTESIAN_POINT('',(-0.0176449083812203,0.00680200049810649,0.0142810480001624));
#7502=CARTESIAN_POINT('',(-0.017681014673997,0.00670483145651283,0.0142362950890563));
#7503=CARTESIAN_POINT('',(-0.0176832734471084,0.00666885072294295,0.0142334761110435));
#7504=CARTESIAN_POINT('',(-0.0176841620871694,0.00663386123062058,0.0142323719482988));
#7505=CARTESIAN_POINT('',(-0.0177396509761138,0.00587906555754365,0.0141631487758078));
#7506=CARTESIAN_POINT('',(-0.0177392632326562,0.00584091463785267,0.0141636344328968));
#7507=CARTESIAN_POINT('',(-0.0177347105490272,0.00580701614927238,0.0141693414514743));
#7508=CARTESIAN_POINT('',(-0.0177172451018229,0.00574772403448656,0.0141911740679966));
#7509=CARTESIAN_POINT('',(-0.0177029633322261,0.00571872801025763,0.0142090034132644));
#7510=CARTESIAN_POINT('',(-0.017682399689405,0.00569118659679135,0.0142345630164891));
#7511=CARTESIAN_POINT('',(-0.0176781064216373,0.00568597648353081,0.0142398948093434));
#7512=CARTESIAN_POINT('',(-0.0176713948117821,0.00567860856778906,0.014248221577274));
#7513=CARTESIAN_POINT('',(-0.0176691123230288,0.00567622713823332,0.0142510520123803));
#7514=CARTESIAN_POINT('',(-0.0176644566154915,0.0056716133638382,0.0142568224448085));
#7515=CARTESIAN_POINT('',(-0.0176616070531255,0.00566895605119007,0.0142603522346834));
#7516=CARTESIAN_POINT('',(-0.0176557800846562,0.00566375754717268,0.01426756699046));
#7517=CARTESIAN_POINT('',(-0.0176513251225938,0.0056603635659335,0.0142730790401696));
#7518=CARTESIAN_POINT('',(-0.0176437842426332,0.00565538012623338,0.0142823980327891));
#7519=CARTESIAN_POINT('',(-0.0176411275353268,0.00565373690169311,0.0142856795102436));
#7520=CARTESIAN_POINT('',(-0.0176369274126632,0.00565129894792237,0.0142908640881933));
#7521=CARTESIAN_POINT('',(-0.0176354915276696,0.00565049077717206,0.0142926360074007));
#7522=CARTESIAN_POINT('',(-0.0176325479901613,0.00564888339668467,0.0142962672343943));
#7523=CARTESIAN_POINT('',(-0.0176306098526283,0.0056478625466716,0.0142986572567658));
#7524=CARTESIAN_POINT('',(-0.0176116872739903,0.00563812003444523,0.0143219855679797));
#7525=CARTESIAN_POINT('',(-0.0175901069824619,0.0056332453212282,0.0143485102292863));
#7526=CARTESIAN_POINT('',(-0.0175646938118737,0.00563266531715904,0.0143795525415475));
#7527=CARTESIAN_POINT('',(-0.0176615027339282,0.00587906555754365,0.0141007560499232));
#7528=CARTESIAN_POINT('',(-0.0176611166985916,0.00584091463785244,0.0141012395675537));
#7529=CARTESIAN_POINT('',(-0.0176565840708377,0.00580701614927238,0.0141069214450802));
#7530=CARTESIAN_POINT('',(-0.0176391955639294,0.00574772403448656,0.014128657882675));
#7531=CARTESIAN_POINT('',(-0.0176249767096172,0.00571872801025763,0.0141464086845716));
#7532=CARTESIAN_POINT('',(-0.017604503655531,0.00569118659679135,0.0141718556904253));
#7533=CARTESIAN_POINT('',(-0.0176002293008371,0.00568597648353081,0.0141771639952053));
#7534=CARTESIAN_POINT('',(-0.0175935472575451,0.00567860856778906,0.0141854540813389));
#7535=CARTESIAN_POINT('',(-0.0175912748238084,0.00567622713823332,0.014188272047568));
#7536=CARTESIAN_POINT('',(-0.0175866396259959,0.0056716133638382,0.0141940170595891));
#7537=CARTESIAN_POINT('',(-0.0175838026167681,0.00566895605119007,0.0141975312997288));
#7538=CARTESIAN_POINT('',(-0.0175780013177634,0.00566375754717268,0.0142047142724403));
#7539=CARTESIAN_POINT('',(-0.0175735659810846,0.0056603635659335,0.0142102020399927));
#7540=CARTESIAN_POINT('',(-0.0175660583208595,0.00565538012623338,0.0142194799797812));
#7541=CARTESIAN_POINT('',(-0.0175634133171095,0.00565373690169311,0.0142227470013879));
#7542=CARTESIAN_POINT('',(-0.017559231697189,0.00565129894792237,0.0142279087397871));
#7543=CARTESIAN_POINT('',(-0.0175578021376799,0.00565049077717206,0.0142296728531831));
#7544=CARTESIAN_POINT('',(-0.0175548715672971,0.00564888339668467,0.014233288083582));
#7545=CARTESIAN_POINT('',(-0.017552941967815,0.0056478625466716,0.0142356675772206));
#7546=CARTESIAN_POINT('',(-0.0175341027485542,0.00563812003444523,0.0142588931205436));
#7547=CARTESIAN_POINT('',(-0.0175126175243894,0.0056332453212282,0.0142853009331221));
#7548=CARTESIAN_POINT('',(-0.0174873163060945,0.00563266531715904,0.014316206495109));
#7549=CARTESIAN_POINT('',(-0.0177396509761138,0.00587906555754365,0.0141631487758078));
#7550=CARTESIAN_POINT('',(-0.0177136015620519,0.00587906555754365,0.0141423512005129));
#7551=CARTESIAN_POINT('',(-0.0176875521479901,0.00587906555754365,0.0141215536252181));
#7552=CARTESIAN_POINT('',(-0.0176615027339282,0.00587906555754365,0.0141007560499232));
#7553=CARTESIAN_POINT('',(-0.0177396509761138,0.00587906555754365,0.0141631487758078));
#7554=CARTESIAN_POINT('',(-0.0174873163060945,0.00563266531715904,0.014316206495109));
#7555=CARTESIAN_POINT('',(-0.0175131088080209,0.00563266531715904,0.0143373218439218));
#7556=CARTESIAN_POINT('',(-0.0175389013099473,0.00563266531715904,0.0143584371927347));
#7557=CARTESIAN_POINT('',(-0.0175646938118737,0.00563266531715904,0.0143795525415475));
#7558=CARTESIAN_POINT('',(-0.0175646938118737,0.00563266531715904,0.0143795525415475));
#7559=CARTESIAN_POINT('',(-0.0177396509761138,0.00587906555754365,0.0141631487758078));
#7560=CARTESIAN_POINT('',(-0.0177376984565551,0.00572515533187944,0.0141655943488963));
#7561=CARTESIAN_POINT('',(-0.0176663941150878,0.00563500044562733,0.0142553251233876));
#7562=CARTESIAN_POINT('',(-0.0175646938118736,0.00563266531715904,0.0143795525415476));
#7563=CARTESIAN_POINT('',(-0.0175646938118737,0.00563266531715904,0.0143795525415475));
#7564=CARTESIAN_POINT('',(-0.0175520770787705,0.00563302628718119,0.0143949639427871));
#7565=CARTESIAN_POINT('',(-0.0175403798552034,0.00563428744449648,0.0144092110071924));
#7566=CARTESIAN_POINT('',(-0.0175242259024193,0.00563752946153901,0.0144288453574647));
#7567=CARTESIAN_POINT('',(-0.017519073210556,0.00563883518072424,0.0144351007495574));
#7568=CARTESIAN_POINT('',(-0.0175116934954706,0.00564113132975866,0.0144440508816733));
#7569=CARTESIAN_POINT('',(-0.0175092918095526,0.00564195297447956,0.0144469620986562));
#7570=CARTESIAN_POINT('',(-0.0175046050905598,0.00564370878734022,0.0144526403876808));
#7571=CARTESIAN_POINT('',(-0.0175028399834842,0.00564441168396898,0.0144547781410725));
#7572=CARTESIAN_POINT('',(-0.0174891073300654,0.00565052019076995,0.0144714001505975));
#7573=CARTESIAN_POINT('',(-0.0174787723303137,0.00565683954810451,0.0144838788849361));
#7574=CARTESIAN_POINT('',(-0.0174642543142674,0.00566846741194703,0.014501375061652));
#7575=CARTESIAN_POINT('',(-0.0174595790454466,0.00567270150453464,0.0145070034581372));
#7576=CARTESIAN_POINT('',(-0.017450557819024,0.00568188596565677,0.0145178538904172));
#7577=CARTESIAN_POINT('',(-0.0174465119029682,0.00568645535728728,0.0145227157045939));
#7578=CARTESIAN_POINT('',(-0.0174241079010276,0.00571490277434706,0.01454961333243));
#7579=CARTESIAN_POINT('',(-0.0174107893041849,0.00574098820985984,0.0145655285195805));
#7580=CARTESIAN_POINT('',(-0.0173992898103342,0.00578000334903556,0.0145792567342814));
#7581=CARTESIAN_POINT('',(-0.0173972937824969,0.00578797217958322,0.0145816383160218));
#7582=CARTESIAN_POINT('',(-0.0173947562190831,0.0058001741294735,0.0145846651594103));
#7583=CARTESIAN_POINT('',(-0.0173939864421949,0.00580428289678173,0.0145855831838859));
#7584=CARTESIAN_POINT('',(-0.0173925991299056,0.00581258333275444,0.0145872374585362));
#7585=CARTESIAN_POINT('',(-0.0173918757683825,0.00581760246930522,0.0145880998665508));
#7586=CARTESIAN_POINT('',(-0.0173896979987589,0.00583463072658681,0.0145906960375763));
#7587=CARTESIAN_POINT('',(-0.0173886956296415,0.00585167284226655,0.0145918903664252));
#7588=CARTESIAN_POINT('',(-0.0173884336525437,0.00587213446780006,0.0145922025448897));
#7589=CARTESIAN_POINT('',(-0.0174873163060945,0.00563266531715904,0.014316206495109));
#7590=CARTESIAN_POINT('',(-0.0174747551533134,0.00563302628718119,0.0143315500047132));
#7591=CARTESIAN_POINT('',(-0.0174631094593655,0.00563428744449648,0.0143457343067202));
#7592=CARTESIAN_POINT('',(-0.017447026669369,0.00563752946153901,0.0143652821620574));
#7593=CARTESIAN_POINT('',(-0.0174418966765888,0.00563883518072424,0.0143715099973567));
#7594=CARTESIAN_POINT('',(-0.0174345494712615,0.00564113132975866,0.0143804207015778));
#7595=CARTESIAN_POINT('',(-0.0174321583654577,0.00564195297447956,0.0143833190938163));
#7596=CARTESIAN_POINT('',(-0.0174274922928041,0.00564370878734022,0.0143889723683518));
#7597=CARTESIAN_POINT('',(-0.0174257349615305,0.00564441168396898,0.0143911007043276));
#7598=CARTESIAN_POINT('',(-0.0174120628043823,0.00565052019076995,0.0144076494891411));
#7599=CARTESIAN_POINT('',(-0.0174017733332639,0.00565683954810451,0.0144200732510818));
#7600=CARTESIAN_POINT('',(-0.0173873192732354,0.00566846741194703,0.0144374923521293));
#7601=CARTESIAN_POINT('',(-0.0173826646003125,0.00567270150453464,0.0144430959539163));
#7602=CARTESIAN_POINT('',(-0.0173736831149754,0.00568188596565677,0.0144538985869352));
#7603=CARTESIAN_POINT('',(-0.0173696550223384,0.00568645535728728,0.0144587389834282));
#7604=CARTESIAN_POINT('',(-0.0173473497164416,0.00571490277434706,0.0144855181195118));
#7605=CARTESIAN_POINT('',(-0.0173340897918316,0.00574098820985984,0.0145013631957057));
#7606=CARTESIAN_POINT('',(-0.0173226409565442,0.00578000334903556,0.0145150309336899));
#7607=CARTESIAN_POINT('',(-0.0173206537217811,0.00578797217958322,0.0145174020238808));
#7608=CARTESIAN_POINT('',(-0.0173181273370607,0.0058001741294735,0.0145204155331574));
#7609=CARTESIAN_POINT('',(-0.0173173609512601,0.00580428289678173,0.0145213295134723));
#7610=CARTESIAN_POINT('',(-0.0173159797504787,0.00581258333275444,0.0145229765005691));
#7611=CARTESIAN_POINT('',(-0.0173152595755703,0.00581760246930522,0.0145238351094295));
#7612=CARTESIAN_POINT('',(-0.0173130913996454,0.00583463072658681,0.0145264198435781));
#7613=CARTESIAN_POINT('',(-0.0173120934462511,0.00585167284226655,0.0145276089110665));
#7614=CARTESIAN_POINT('',(-0.0173118326232373,0.00587213446780006,0.0145279197142955));
#7615=CARTESIAN_POINT('',(-0.0173118326232373,0.00587213446780006,0.0145279197142955));
#7616=CARTESIAN_POINT('',(-0.0173373662996728,0.00587213446780006,0.0145493473244936));
#7617=CARTESIAN_POINT('',(-0.0173628999761082,0.00587213446780006,0.0145707749346916));
#7618=CARTESIAN_POINT('',(-0.0173884336525437,0.00587213446780006,0.0145922025448897));
#7619=CARTESIAN_POINT('',(-0.0173884336525437,0.00587213446780006,0.0145922025448897));
#7620=CARTESIAN_POINT('',(-0.0175646938118736,0.00563266531715904,0.0143795525415476));
#7621=CARTESIAN_POINT('',(-0.0174637479839613,0.00563556528894685,0.0145028583644335));
#7622=CARTESIAN_POINT('',(-0.0173908588970147,0.00570561355916779,0.014589312562898));
#7623=CARTESIAN_POINT('',(-0.0173884336525437,0.00587213446780006,0.0145922025448897));
#7624=CARTESIAN_POINT('',(-0.0173884336525437,0.00587213446780006,0.0145922025448897));
#7625=CARTESIAN_POINT('',(-0.0173886928823376,0.00588304564951977,0.0145918936401813));
#7626=CARTESIAN_POINT('',(-0.0173890886100354,0.00589276515367479,0.0145914220690739));
#7627=CARTESIAN_POINT('',(-0.0173898868888815,0.00590555689356023,0.0145904706628432));
#7628=CARTESIAN_POINT('',(-0.017390187095952,0.0059095228874642,0.0145901128521457));
#7629=CARTESIAN_POINT('',(-0.017390688566443,0.00591502499923339,0.0145895151136914));
#7630=CARTESIAN_POINT('',(-0.0173908642498941,0.005916784556642,0.0145893056971162));
#7631=CARTESIAN_POINT('',(-0.0173912326678337,0.00592015471176361,0.0145888665212698));
#7632=CARTESIAN_POINT('',(-0.0173913480045615,0.0059211745671881,0.014588729032107));
#7633=CARTESIAN_POINT('',(-0.0173938559135909,0.00594031630857182,0.0145857392164305));
#7634=CARTESIAN_POINT('',(-0.0173973759934316,0.0059570969824505,0.0145815415929171));
#7635=CARTESIAN_POINT('',(-0.0174105379748196,0.00600239280055953,0.0145658283032095));
#7636=CARTESIAN_POINT('',(-0.0174238762136617,0.00602957792566535,0.0145498898783125));
#7637=CARTESIAN_POINT('',(-0.01745030425024,0.00606535195959173,0.0145181634864421));
#7638=CARTESIAN_POINT('',(-0.0174594123675328,0.00607560849418668,0.0145072098172153));
#7639=CARTESIAN_POINT('',(-0.0174782219282281,0.00609278527661559,0.0144845426275002));
#7640=CARTESIAN_POINT('',(-0.0174886057220973,0.00610006405081721,0.0144720034425932));
#7641=CARTESIAN_POINT('',(-0.0175165462187555,0.00611474478507453,0.0144381946083232));
#7642=CARTESIAN_POINT('',(-0.0175380150602962,0.0061199635868728,0.0144121301095153));
#7643=CARTESIAN_POINT('',(-0.0175622787499769,0.00612061403510775,0.0143825020461709));
#7644=CARTESIAN_POINT('',(-0.0173118326232373,0.00587213446780006,0.0145279197142955));
#7645=CARTESIAN_POINT('',(-0.0173120907110497,0.00588304564951977,0.0145276121704008));
#7646=CARTESIAN_POINT('',(-0.0173124846954538,0.00589276515367479,0.0145271426766992));
#7647=CARTESIAN_POINT('',(-0.0173132794576529,0.00590555689356023,0.0145261954616853));
#7648=CARTESIAN_POINT('',(-0.0173135783422253,0.0059095228874642,0.0145258392272463));
#7649=CARTESIAN_POINT('',(-0.0173140776035952,0.00591502499923339,0.0145252441220011));
#7650=CARTESIAN_POINT('',(-0.0173142525131104,0.005916784556642,0.0145250356279659));
#7651=CARTESIAN_POINT('',(-0.0173146193080635,0.00592015471176361,0.0145245983868148));
#7652=CARTESIAN_POINT('',(-0.0173147341367,0.0059211745671881,0.0145244615033312));
#7653=CARTESIAN_POINT('',(-0.017317230997672,0.00594031630857182,0.0145214848586489));
#7654=CARTESIAN_POINT('',(-0.0173207355705531,0.0059570969824505,0.014517305726869));
#7655=CARTESIAN_POINT('',(-0.0173338395696442,0.00600239280055953,0.0145016616587019));
#7656=CARTESIAN_POINT('',(-0.0173471190497249,0.00602957792566535,0.0144857934471305));
#7657=CARTESIAN_POINT('',(-0.0173734306632346,0.00606535195959173,0.014454206819101));
#7658=CARTESIAN_POINT('',(-0.0173824986566626,0.00607560849418668,0.0144433014039236));
#7659=CARTESIAN_POINT('',(-0.0174012253558571,0.00609278527661559,0.0144207340696698));
#7660=CARTESIAN_POINT('',(-0.0174115634061409,0.00610006405081721,0.0144082501234629));
#7661=CARTESIAN_POINT('',(-0.0174393808169108,0.00611474478507453,0.0143745902267888));
#7662=CARTESIAN_POINT('',(-0.017460755082057,0.0061199635868728,0.0143486405495615));
#7663=CARTESIAN_POINT('',(-0.0174849118832369,0.00612061403510775,0.0143191430063199));
#7664=CARTESIAN_POINT('',(-0.0174849118832369,0.00612061403510775,0.0143191430063199));
#7665=CARTESIAN_POINT('',(-0.0175107008388169,0.00612061403510775,0.0143402626862702));
#7666=CARTESIAN_POINT('',(-0.0175364897943969,0.00612061403510775,0.0143613823662206));
#7667=CARTESIAN_POINT('',(-0.0175622787499769,0.00612061403510775,0.0143825020461709));
#7668=CARTESIAN_POINT('',(-0.0175622787499769,0.00612061403510775,0.0143825020461709));
#7669=CARTESIAN_POINT('',(-0.0173884336525437,0.00587213446780006,0.0145922025448897));
#7670=CARTESIAN_POINT('',(-0.0173895447713004,0.00591631478205101,0.0145908785079788));
#7671=CARTESIAN_POINT('',(-0.0173961525392255,0.00597105159891658,0.0145830230933902));
#7672=CARTESIAN_POINT('',(-0.0174542543257592,0.00608967714920981,0.0145135581545414));
#7673=CARTESIAN_POINT('',(-0.0175137248959523,0.00611930499174762,0.0144417905007129));
#7674=CARTESIAN_POINT('',(-0.0175622787499769,0.00612061403510775,0.0143825020461708));
#7675=CARTESIAN_POINT('',(-0.0175622787499769,0.00612061403510775,0.0143825020461709));
#7676=CARTESIAN_POINT('',(-0.0175743924259708,0.00612029671690214,0.0143677102002313));
#7677=CARTESIAN_POINT('',(-0.017585800213939,0.0061188927693835,0.0143537423039229));
#7678=CARTESIAN_POINT('',(-0.0176018620279017,0.00611515690405193,0.0143340337997967));
#7679=CARTESIAN_POINT('',(-0.0176070409768005,0.00611363995827049,0.0143276715123473));
#7680=CARTESIAN_POINT('',(-0.0176170502583698,0.00611006275203239,0.0143153624864525));
#7681=CARTESIAN_POINT('',(-0.0176214347631604,0.00610822574894758,0.0143099651453103));
#7682=CARTESIAN_POINT('',(-0.0176469472098674,0.00609544987311727,0.0142785259508536));
#7683=CARTESIAN_POINT('',(-0.0176653068169745,0.00607978958935693,0.0142557970495231));
#7684=CARTESIAN_POINT('',(-0.0176921486805324,0.00604510913556578,0.0142224498128731));
#7685=CARTESIAN_POINT('',(-0.017700062486964,0.0060327982679893,0.0142125968453057));
#7686=CARTESIAN_POINT('',(-0.0177103925176351,0.00601320589215542,0.0141997192632002));
#7687=CARTESIAN_POINT('',(-0.0177135790559295,0.0060064874211326,0.0141957436930266));
#7688=CARTESIAN_POINT('',(-0.0177194398064646,0.00599267512093059,0.014188427499686));
#7689=CARTESIAN_POINT('',(-0.0177219182410811,0.00598617070833216,0.0141853315564787));
#7690=CARTESIAN_POINT('',(-0.0177271469745445,0.00597042885865583,0.014178796763255));
#7691=CARTESIAN_POINT('',(-0.0177294043232832,0.00596248620825406,0.0141759737447108));
#7692=CARTESIAN_POINT('',(-0.017732255775971,0.00595046464430603,0.0141724065498008));
#7693=CARTESIAN_POINT('',(-0.0177331171619943,0.00594643952493246,0.0141713287044573));
#7694=CARTESIAN_POINT('',(-0.0177346618593963,0.00593835342340351,0.0141693955503991));
#7695=CARTESIAN_POINT('',(-0.0177354337024145,0.0059336848368288,0.0141684294134528));
#7696=CARTESIAN_POINT('',(-0.0177379626560945,0.00591632829119412,0.0141652635456854));
#7697=CARTESIAN_POINT('',(-0.0177391995593307,0.00589927896780732,0.0141637141851177));
#7698=CARTESIAN_POINT('',(-0.0177396509761138,0.00587906555754365,0.0141631487758078));
#7699=CARTESIAN_POINT('',(-0.0174849118832369,0.00612061403510775,0.0143191430063199));
#7700=CARTESIAN_POINT('',(-0.0174969721950194,0.00612029671690214,0.0143044163226973));
#7701=CARTESIAN_POINT('',(-0.017508329728415,0.0061188927693835,0.0142905099589717));
#7702=CARTESIAN_POINT('',(-0.017524320785488,0.00611515690405193,0.0142708882764496));
#7703=CARTESIAN_POINT('',(-0.017529476919634,0.00611363995827049,0.0142645540166982));
#7704=CARTESIAN_POINT('',(-0.0175394421074519,0.00611006275203239,0.0142522992155871));
#7705=CARTESIAN_POINT('',(-0.0175438072972434,0.00610822574894758,0.0142469256512781));
#7706=CARTESIAN_POINT('',(-0.0175692073543173,0.00609544987311727,0.0142156249554754));
#7707=CARTESIAN_POINT('',(-0.0175874860820979,0.00607978958935693,0.0141929961814635));
#7708=CARTESIAN_POINT('',(-0.0176142096995609,0.00604510913556578,0.0141597958489398));
#7709=CARTESIAN_POINT('',(-0.0176220886434091,0.0060327982679893,0.0141499862865158));
#7710=CARTESIAN_POINT('',(-0.0176323731673372,0.00601320589215542,0.0141371654338469));
#7711=CARTESIAN_POINT('',(-0.0176355456680179,0.0060064874211326,0.0141332073771983));
#7712=CARTESIAN_POINT('',(-0.0176413806002688,0.00599267512093059,0.0141259234137843));
#7713=CARTESIAN_POINT('',(-0.017643848116671,0.00598617070833216,0.0141228411090934));
#7714=CARTESIAN_POINT('',(-0.0176490538160664,0.00597042885865583,0.014116335103505));
#7715=CARTESIAN_POINT('',(-0.0176513012205374,0.00596248620825406,0.0141135245211659));
#7716=CARTESIAN_POINT('',(-0.0176541401117597,0.00595046464430603,0.0141099730407709));
#7717=CARTESIAN_POINT('',(-0.0176549977031309,0.00594643952493246,0.0141088999436447));
#7718=CARTESIAN_POINT('',(-0.0176565355956985,0.00593835342340351,0.0141069753056836));
#7719=CARTESIAN_POINT('',(-0.0176573040385272,0.0059336848368288,0.0141060134248473));
#7720=CARTESIAN_POINT('',(-0.0176598218514421,0.00591632829119412,0.0141028615036339));
#7721=CARTESIAN_POINT('',(-0.0176610533057654,0.00589927896780733,0.0141013189684432));
#7722=CARTESIAN_POINT('',(-0.0176615027339282,0.00587906555754365,0.0141007560499232));
#7723=CARTESIAN_POINT('',(-0.0175622787499769,0.00612061403510775,0.0143825020461708));
#7724=CARTESIAN_POINT('',(-0.0176592004361177,0.00611806102546876,0.0142641522859234));
#7725=CARTESIAN_POINT('',(-0.0177356566675293,0.00604358962554563,0.0141681517339282));
#7726=CARTESIAN_POINT('',(-0.0177396509761138,0.00587906555754365,0.0141631487758078));
#7727=CARTESIAN_POINT('',(0.,0.,0.));
#7728=CARTESIAN_POINT('',(0.,0.,0.));
#7729=CARTESIAN_POINT('',(-0.011025857482953,0.00701593755273596,0.0198423906514716));
#7730=CARTESIAN_POINT('',(-0.011025857482953,0.00709651147100519,0.0198423906514716));
#7731=CARTESIAN_POINT('',(-0.0109772854235567,0.00709651147100519,0.0197549792389101));
#7732=CARTESIAN_POINT('',(-0.0109772854235567,0.,0.0197549792389101));
#7733=CARTESIAN_POINT('',(-0.0109769877453186,0.00693518787215826,0.0197551514583354));
#7734=CARTESIAN_POINT('',(-0.011025857482953,0.00693536363446673,0.0198423906514716));
#7735=CARTESIAN_POINT('',(-0.0110096677599924,0.00693536363446673,0.0198132552478968));
#7736=CARTESIAN_POINT('',(-0.0109934780370318,0.00693536363446673,0.019784119844322));
#7737=CARTESIAN_POINT('',(-0.0109772883140711,0.00693536363446673,0.0197549844407473));
#7738=CARTESIAN_POINT('',(-0.00598513534010115,0.00381004782182489,0.022665523164065));
#7739=CARTESIAN_POINT('',(-0.0109766795997678,0.00693502302768079,0.0197553158635064));
#7740=CARTESIAN_POINT('',(-0.011198459434729,0.0063975482502143,0.0196320879583249));
#7741=CARTESIAN_POINT('',(-0.0114179361320506,0.00585998461504726,0.0195052511386394));
#7742=CARTESIAN_POINT('',(-0.0116349653305937,0.00532224582421859,0.0193749214645088));
#7743=CARTESIAN_POINT('',(-0.0116349653305937,0.00532224582421858,0.0193749214645089));
#7744=CARTESIAN_POINT('',(-0.00662241976001086,0.00236497525757613,0.0224051236203461));
#7745=CARTESIAN_POINT('',(-0.0117782824177665,0.00539146339408211,0.0193466938578572));
#7746=CARTESIAN_POINT('',(0.,0.0053914633940826,0.));
#7747=CARTESIAN_POINT('',(-0.0118690644974988,0.00546077429151801,0.0192324025528329));
#7748=CARTESIAN_POINT('',(-0.0118961163490765,0.00546077324332839,0.019276256821771));
#7749=CARTESIAN_POINT('',(-0.011623435051057,0.00613447621459494,0.0194401197514439));
#7750=CARTESIAN_POINT('',(0.,0.00613447621461438,0.));
#7751=CARTESIAN_POINT('',(-0.0113242001611228,0.00680817813767186,0.0195581821934153));
#7752=CARTESIAN_POINT('',(0.000273043871389321,0.00680817813767186,0.000163255563533465));
#7753=CARTESIAN_POINT('',(0.,0.00680817813767186,0.));
#7754=CARTESIAN_POINT('',(0.,0.00680817813767186,0.));
#7755=CARTESIAN_POINT('',(-0.0119289044323499,0.00680817813767186,0.0191953442022763));
#7756=CARTESIAN_POINT('',(-0.0119816871953249,0.00680817813767186,0.0192802793536138));
#7757=CARTESIAN_POINT('',(-0.0119816871953249,0.00695234480433853,0.0192802793536138));
#7758=CARTESIAN_POINT('',(-0.0119289044323499,0.,0.0191953442022763));
#7759=CARTESIAN_POINT('',(-0.0119289044323499,0.00709651147100519,0.0191953442022763));
#7760=CARTESIAN_POINT('',(-0.0119816871953249,0.00709651147100519,0.0192802793536138));
#7761=CARTESIAN_POINT('',(0.,0.00709651147100519,0.));
#7762=CARTESIAN_POINT('',(0.,0.00709651147100519,0.));
#7763=CARTESIAN_POINT('',(0.,0.,0.));
#7764=CARTESIAN_POINT('',(-0.00393705367195874,0.00670525145497955,0.0223052036148735));
#7765=CARTESIAN_POINT('',(-0.00378892363923052,0.00700155555077691,0.0223313458367586));
#7766=CARTESIAN_POINT('',(-0.00378047471062546,0.00700155554151801,0.022281562130208));
#7767=CARTESIAN_POINT('',(0.,0.00670525145498397,0.));
#7768=CARTESIAN_POINT('',(-0.00407607724588628,0.00640894736844109,0.0222293858278983));
#7769=CARTESIAN_POINT('',(-0.00407633810317759,0.00640908184001434,0.0222293397844201));
#7770=CARTESIAN_POINT('',(-0.00408217668880527,0.00640899248981708,0.022262157082962));
#7771=CARTESIAN_POINT('',(-0.00408801527443295,0.00640890313961982,0.0222949743815039));
#7772=CARTESIAN_POINT('',(-0.00409385386006063,0.00640881378942256,0.0223277916800459));
#7773=CARTESIAN_POINT('',(-0.00409411298591234,0.00640894736844109,0.0223277459421811));
#7774=CARTESIAN_POINT('',(-0.00407296668571171,0.00640839075137577,0.0223316234201173));
#7775=CARTESIAN_POINT('',(-0.00405379120198611,0.0064073000998772,0.0223351087406348));
#7776=CARTESIAN_POINT('',(-0.00402798845667761,0.00640486307070165,0.0223397713816456));
#7777=CARTESIAN_POINT('',(-0.00401988094530102,0.00640391721900395,0.0223412313229419));
#7778=CARTESIAN_POINT('',(-0.00400846022731703,0.00640229817849863,0.0223432822469286));
#7779=CARTESIAN_POINT('',(-0.00400477674555853,0.00640172512117039,0.0223439427205316));
#7780=CARTESIAN_POINT('',(-0.00399765669718796,0.00640051225219433,0.022345217698908));
#7781=CARTESIAN_POINT('',(-0.00399529605635673,0.00640009105935882,0.0223456400512455));
#7782=CARTESIAN_POINT('',(-0.00395579502159775,0.00639206479077941,0.022352694645705));
#7783=CARTESIAN_POINT('',(-0.00392236506552661,0.00638143605516304,0.0223585779647828));
#7784=CARTESIAN_POINT('',(-0.00386143219076625,0.00635432560925468,0.0223691818748618));
#7785=CARTESIAN_POINT('',(-0.00383223060511278,0.00633733734399988,0.0223741996827393));
#7786=CARTESIAN_POINT('',(-0.00379032970784866,0.00630670538266675,0.0223813226020998));
#7787=CARTESIAN_POINT('',(-0.00377667965023927,0.00629563646831388,0.0223836295896753));
#7788=CARTESIAN_POINT('',(-0.0037500139893183,0.00627178211845783,0.0223881124230747));
#7789=CARTESIAN_POINT('',(-0.00373654582293449,0.00625851041780746,0.0223903635391156));
#7790=CARTESIAN_POINT('',(-0.00369980928057837,0.00621903812501405,0.0223964735547796));
#7791=CARTESIAN_POINT('',(-0.0036784413390962,0.00619106522836832,0.0223999868505712));
#7792=CARTESIAN_POINT('',(-0.0036419606657355,0.00613180336550994,0.0224059470699226));
#7793=CARTESIAN_POINT('',(-0.00362709930578327,0.00610120561497834,0.0224083534463373));
#7794=CARTESIAN_POINT('',(-0.00360874920367679,0.0060507482899626,0.022411313383478));
#7795=CARTESIAN_POINT('',(-0.00360346370669749,0.00603385576053854,0.0224121634311423));
#7796=CARTESIAN_POINT('',(-0.00359678269492873,0.00600840683477424,0.0224132362530022));
#7797=CARTESIAN_POINT('',(-0.0035947635618509,0.0059999055042481,0.0224135601433431));
#7798=CARTESIAN_POINT('',(-0.0035920467091832,0.00598712597555184,0.0224139956562917));
#7799=CARTESIAN_POINT('',(-0.00359119306603028,0.00598286154383525,0.0224141324396385));
#7800=CARTESIAN_POINT('',(-0.003589589734252,0.00597432350276637,0.0224143892666945));
#7801=CARTESIAN_POINT('',(-0.00358867514733589,0.0059690387731405,0.0224145357073943));
#7802=CARTESIAN_POINT('',(-0.00358387985228269,0.00593963507207175,0.0224153033403245));
#7803=CARTESIAN_POINT('',(-0.00358118766814102,0.00590461056356356,0.0224157332285977));
#7804=CARTESIAN_POINT('',(-0.0035800660559601,0.00586069816972314,0.0224159123623145));
#7805=CARTESIAN_POINT('',(-0.00407607724588629,0.00640894736844109,0.0222293858278983));
#7806=CARTESIAN_POINT('',(-0.00405502410119317,0.00640839075137577,0.0222332462244339));
#7807=CARTESIAN_POINT('',(-0.00403593309096414,0.0064073000998772,0.0222367161911166));
#7808=CARTESIAN_POINT('',(-0.00401024401413718,0.00640486307070165,0.0222413582918586));
#7809=CARTESIAN_POINT('',(-0.00400217221866974,0.00640391721900395,0.0222428118016955));
#7810=CARTESIAN_POINT('',(-0.00399080181221871,0.00640229817849863,0.0222448536907748));
#7811=CARTESIAN_POINT('',(-0.0039871345572521,0.00640172512117039,0.0222455112548024));
#7812=CARTESIAN_POINT('',(-0.00398004587473339,0.00640051225219433,0.022246780616534));
#7813=CARTESIAN_POINT('',(-0.00397769563320097,0.00640009105935882,0.0222472011082885));
#7814=CARTESIAN_POINT('',(-0.00393836861181097,0.00639206479077941,0.0222542246252394));
#7815=CARTESIAN_POINT('',(-0.00390508592426879,0.00638143605516304,0.0222600820266119));
#7816=CARTESIAN_POINT('',(-0.00384442147626948,0.00635432560925468,0.0222706392234307));
#7817=CARTESIAN_POINT('',(-0.0038153485319625,0.00633733734399988,0.0222756349264277));
#7818=CARTESIAN_POINT('',(-0.00377363222014888,0.00630670538266675,0.0222827264672888));
#7819=CARTESIAN_POINT('',(-0.00376004229495187,0.00629563646831388,0.0222850232919234));
#7820=CARTESIAN_POINT('',(-0.0037334941039028,0.00627178211845783,0.0222894863771581));
#7821=CARTESIAN_POINT('',(-0.00372008526864843,0.00625851041780746,0.0222917275763883));
#7822=CARTESIAN_POINT('',(-0.00368351056128067,0.00621903812501405,0.0222978106756836));
#7823=CARTESIAN_POINT('',(-0.0036622367516993,0.00619106522836832,0.0223013084944013));
#7824=CARTESIAN_POINT('',(-0.00362591678615076,0.00613180336550994,0.0223072424572797));
#7825=CARTESIAN_POINT('',(-0.00361112089474458,0.00610120561497834,0.0223096382329173));
#7826=CARTESIAN_POINT('',(-0.00359285163009231,0.0060507482899626,0.0223125851306873));
#7827=CARTESIAN_POINT('',(-0.00358758941724067,0.00603385576053854,0.0223134314336483));
#7828=CARTESIAN_POINT('',(-0.00358093783724181,0.00600840683477424,0.0223144995294207));
#7829=CARTESIAN_POINT('',(-0.00357892759902336,0.0059999055042481,0.0223148219929319));
#7830=CARTESIAN_POINT('',(-0.00357622271486962,0.00598712597555184,0.0223152555873213));
#7831=CARTESIAN_POINT('',(-0.00357537283225922,0.00598286154383525,0.0223153917680982));
#7832=CARTESIAN_POINT('',(-0.00357377656361653,0.00597432350276637,0.0223156474637575));
#7833=CARTESIAN_POINT('',(-0.00357286600571767,0.0059690387731405,0.0223157932593441));
#7834=CARTESIAN_POINT('',(-0.00356809183531228,0.00593963507207175,0.0223165575106315));
#7835=CARTESIAN_POINT('',(-0.00356541151101265,0.00590461056356358,0.0223169855051237));
#7836=CARTESIAN_POINT('',(-0.00356429483985455,0.00586069816972314,0.0223171638497051));
#7837=CARTESIAN_POINT('',(-0.00407607724588634,0.00640894736844109,0.0222293858278983));
#7838=CARTESIAN_POINT('',(-0.00399186467645478,0.00640672090042676,0.0222448274123279));
#7839=CARTESIAN_POINT('',(-0.00387541704230217,0.00638318701388724,0.0222654652299957));
#7840=CARTESIAN_POINT('',(-0.00369676553887563,0.00625604909400769,0.0222957943266512));
#7841=CARTESIAN_POINT('',(-0.00358488299935054,0.00606473453133991,0.0223138891203198));
#7842=CARTESIAN_POINT('',(-0.00356652818217072,0.00594852295740646,0.0223168071605422));
#7843=CARTESIAN_POINT('',(-0.00356429483985449,0.00586069816972314,0.0223171638497052));
#7844=CARTESIAN_POINT('',(-0.00356429483985454,0.00586069816972314,0.0223171638497051));
#7845=CARTESIAN_POINT('',(-0.0035800660559601,0.00586069816972314,0.0224159123623145));
#7846=CARTESIAN_POINT('',(-0.00357480898392492,0.00586069816972314,0.0223829961914447));
#7847=CARTESIAN_POINT('',(-0.00356955191188973,0.00586069816972314,0.0223500800205749));
#7848=CARTESIAN_POINT('',(-0.00356429483985455,0.00586069816972314,0.0223171638497051));
#7849=CARTESIAN_POINT('',(-0.0035800660559601,0.00586069816972314,0.0224159123623145));
#7850=CARTESIAN_POINT('',(-0.00358059451088555,0.00583948861059443,0.0224158279622905));
#7851=CARTESIAN_POINT('',(-0.00358159848347802,0.00582016792798574,0.0224156676132538));
#7852=CARTESIAN_POINT('',(-0.0035838176729144,0.00579402021885293,0.022415312878666));
#7853=CARTESIAN_POINT('',(-0.00358467627403071,0.00578577653493869,0.0224151755957942));
#7854=CARTESIAN_POINT('',(-0.00358614247282312,0.00577411933776236,0.0224149410530027));
#7855=CARTESIAN_POINT('',(-0.00358666092191176,0.00577035166015276,0.0224148581021476));
#7856=CARTESIAN_POINT('',(-0.00358775725042254,0.00576305241449857,0.0224146826482157));
#7857=CARTESIAN_POINT('',(-0.0035881597901049,0.00576050592042785,0.0224146182200227));
#7858=CARTESIAN_POINT('',(-0.00359520618911341,0.00572091863530435,0.0224134899713219));
#7859=CARTESIAN_POINT('',(-0.00360469999871876,0.00568727821822592,0.0224119678645924));
#7860=CARTESIAN_POINT('',(-0.00363011163402054,0.00562317644689909,0.0224078659217881));
#7861=CARTESIAN_POINT('',(-0.00364593986957957,0.00559263764853621,0.0224053005130295));
#7862=CARTESIAN_POINT('',(-0.00368383465148927,0.00553458422641153,0.0223991011175055));
#7863=CARTESIAN_POINT('',(-0.00370540262962759,0.0055075844426385,0.0223955502076954));
#7864=CARTESIAN_POINT('',(-0.00378244149719756,0.00542803231328834,0.0223827131360903));
#7865=CARTESIAN_POINT('',(-0.00383813678085625,0.0053886236452958,0.0223732579912348));
#7866=CARTESIAN_POINT('',(-0.00391569705736299,0.00535530091929803,0.0223597308681956));
#7867=CARTESIAN_POINT('',(-0.00393169637375904,0.00534944048365479,0.02235692384678));
#7868=CARTESIAN_POINT('',(-0.0039564253539224,0.00534185599452438,0.0223525561957772));
#7869=CARTESIAN_POINT('',(-0.0039647900141669,0.00533952885886999,0.0223510741226474));
#7870=CARTESIAN_POINT('',(-0.00397751938728283,0.00533633969647202,0.0223488111114869));
#7871=CARTESIAN_POINT('',(-0.00398179290873189,0.00533532689918663,0.022348050124003));
#7872=CARTESIAN_POINT('',(-0.00399040072561569,0.00533340181831039,0.0223465147430641));
#7873=CARTESIAN_POINT('',(-0.0039958082521253,0.0053322775706001,0.0223455482723704));
#7874=CARTESIAN_POINT('',(-0.00402543122178308,0.00532642700698283,0.0223402466198675));
#7875=CARTESIAN_POINT('',(-0.00405972232581974,0.00532326867062032,0.0223340658691705));
#7876=CARTESIAN_POINT('',(-0.00410195277532027,0.00532215249664621,0.0223263069814298));
#7877=CARTESIAN_POINT('',(-0.00356429483985455,0.00586069816972314,0.0223171638497051));
#7878=CARTESIAN_POINT('',(-0.00356482096678473,0.00583948861059443,0.0223170798214874));
#7879=CARTESIAN_POINT('',(-0.00356582051659045,0.00582016792798574,0.0223169201788342));
#7880=CARTESIAN_POINT('',(-0.00356802992986192,0.00579402021885293,0.0223165670069538));
#7881=CARTESIAN_POINT('',(-0.00356888474859446,0.00578577653493869,0.0223164303288524));
#7882=CARTESIAN_POINT('',(-0.00357034448836134,0.00577411933776236,0.022316196819289));
#7883=CARTESIAN_POINT('',(-0.00357086065353329,0.00577035166015276,0.0223161142338562));
#7884=CARTESIAN_POINT('',(-0.00357195215240306,0.00576305241449857,0.0223159395528491));
#7885=CARTESIAN_POINT('',(-0.00357235291878285,0.00576050592042785,0.0223158754084808));
#7886=CARTESIAN_POINT('',(-0.00357936827638604,0.00572091863530435,0.0223147521300386));
#7887=CARTESIAN_POINT('',(-0.00358882026304159,0.00568727821822592,0.022313236728625));
#7888=CARTESIAN_POINT('',(-0.0036141199528134,0.00562317644689909,0.0223091528560534));
#7889=CARTESIAN_POINT('',(-0.00362987846046248,0.00559263764853621,0.0223065987486549));
#7890=CARTESIAN_POINT('',(-0.00366760630500693,0.00553458422641153,0.0223004266632434));
#7891=CARTESIAN_POINT('',(-0.0036890792700257,0.0055075844426385,0.0222968913962078));
#7892=CARTESIAN_POINT('',(-0.00376577875932444,0.00542803231328834,0.0222841108755789));
#7893=CARTESIAN_POINT('',(-0.00382122868931063,0.0053886236452958,0.0222746973833439));
#7894=CARTESIAN_POINT('',(-0.00389844729059046,0.00535530091929803,0.0222612298511551));
#7895=CARTESIAN_POINT('',(-0.00391437612541648,0.00534944048365479,0.0222584351954726));
#7896=CARTESIAN_POINT('',(-0.00393899616734124,0.00534185599452438,0.0222540867852231));
#7897=CARTESIAN_POINT('',(-0.0039473239788622,0.00533952885886999,0.0222526112410498));
#7898=CARTESIAN_POINT('',(-0.00395999727544457,0.00533633969647202,0.0222503581991014));
#7899=CARTESIAN_POINT('',(-0.00396425197080796,0.00533532689918663,0.0222496005639853));
#7900=CARTESIAN_POINT('',(-0.00397282186779359,0.00533340181831039,0.0222480719468392));
#7901=CARTESIAN_POINT('',(-0.00397820557260052,0.0053322775706001,0.0222471097337256));
#7902=CARTESIAN_POINT('',(-0.00400769804459461,0.00532642700698283,0.0222418314365201));
#7903=CARTESIAN_POINT('',(-0.00404183808649912,0.00532326867062032,0.0222356779137996));
#7904=CARTESIAN_POINT('',(-0.00408388249877701,0.00532215249664621,0.0222279532061812));
#7905=CARTESIAN_POINT('',(-0.00356429483985449,0.00586069816972314,0.0223171638497052));
#7906=CARTESIAN_POINT('',(-0.00356639934757531,0.00577585993320813,0.0223168277368344));
#7907=CARTESIAN_POINT('',(-0.00358715835407652,0.00565622072320705,0.0223135293687423));
#7908=CARTESIAN_POINT('',(-0.00370416738693453,0.0054708015643382,0.0222945743581858));
#7909=CARTESIAN_POINT('',(-0.00388404669693731,0.00534697541657083,0.0222639605345034));
#7910=CARTESIAN_POINT('',(-0.0039997937305283,0.00532438484309961,0.0222434026110729));
#7911=CARTESIAN_POINT('',(-0.00408388249877708,0.00532215249664621,0.0222279532061812));
#7912=CARTESIAN_POINT('',(-0.004083882498777,0.00532215249664621,0.0222279532061812));
#7913=CARTESIAN_POINT('',(-0.00410195277532027,0.00532215249664621,0.0223263069814298));
#7914=CARTESIAN_POINT('',(-0.00409592934980585,0.00532215249664621,0.0222935223896803));
#7915=CARTESIAN_POINT('',(-0.00408990592429143,0.00532215249664621,0.0222607377979307));
#7916=CARTESIAN_POINT('',(-0.00408388249877701,0.00532215249664621,0.0222279532061812));
#7917=CARTESIAN_POINT('',(-0.00410195277532027,0.00532215249664621,0.0223263069814298));
#7918=CARTESIAN_POINT('',(-0.00411350433634287,0.00532239210233268,0.0223241846439633));
#7919=CARTESIAN_POINT('',(-0.00412360552957288,0.005322690333809,0.022322319656736));
#7920=CARTESIAN_POINT('',(-0.00413658338789778,0.00532322561975198,0.0223199170524943));
#7921=CARTESIAN_POINT('',(-0.00414054701402433,0.00532341870485196,0.0223191819707166));
#7922=CARTESIAN_POINT('',(-0.00414594912334013,0.00532373031718041,0.022318178895712));
#7923=CARTESIAN_POINT('',(-0.00414765927117011,0.00532383785206964,0.0223178611270002));
#7924=CARTESIAN_POINT('',(-0.00415089847938498,0.00532406025007426,0.022317258893682));
#7925=CARTESIAN_POINT('',(-0.00415184664638343,0.00532412725056174,0.0223170825522571));
#7926=CARTESIAN_POINT('',(-0.00417002142998603,0.00532562475926922,0.0223136996329946));
#7927=CARTESIAN_POINT('',(-0.00418756420886208,0.00532814396707002,0.0223104153042416));
#7928=CARTESIAN_POINT('',(-0.00424071550247545,0.00533855386489572,0.0223003953380067));
#7929=CARTESIAN_POINT('',(-0.00427352640214977,0.00534843832770848,0.022294124226548));
#7930=CARTESIAN_POINT('',(-0.00436681015076733,0.00538807435034562,0.0222761078481333));
#7931=CARTESIAN_POINT('',(-0.00442281607364402,0.00542798880051495,0.0222650251473986));
#7932=CARTESIAN_POINT('',(-0.00449847397247285,0.00550904585514232,0.0222498178335886));
#7933=CARTESIAN_POINT('',(-0.0045205912553361,0.00553714106541509,0.0222453283087453));
#7934=CARTESIAN_POINT('',(-0.00455863280081182,0.00559548387008796,0.0222375638020231));
#7935=CARTESIAN_POINT('',(-0.00457428586361711,0.00562506942170924,0.0222343447809327));
#7936=CARTESIAN_POINT('',(-0.00459394039993358,0.00567304816557306,0.0222302891648248));
#7937=CARTESIAN_POINT('',(-0.00459969999175434,0.00568946257148153,0.0222290977263261));
#7938=CARTESIAN_POINT('',(-0.00460963609431494,0.00572313436587289,0.022227039407413));
#7939=CARTESIAN_POINT('',(-0.00461368885357524,0.00573974548265976,0.0222261982355703));
#7940=CARTESIAN_POINT('',(-0.00461895235195593,0.0057672332098589,0.022225104777739));
#7941=CARTESIAN_POINT('',(-0.00462044825451734,0.00577617072271459,0.0222247938016203));
#7942=CARTESIAN_POINT('',(-0.00462230426179578,0.00578923939768212,0.0222244078371211));
#7943=CARTESIAN_POINT('',(-0.00462285828961987,0.00579353935695196,0.0222242925980549));
#7944=CARTESIAN_POINT('',(-0.00462359237397496,0.00579990489727771,0.0222241398848592));
#7945=CARTESIAN_POINT('',(-0.00462382090918553,0.00580201267762313,0.0222240923379749));
#7946=CARTESIAN_POINT('',(-0.00462424566107976,0.0058062001054543,0.0222240039622261));
#7947=CARTESIAN_POINT('',(-0.00462449709882386,0.00580891323645317,0.0222239516422986));
#7948=CARTESIAN_POINT('',(-0.00462562062846581,0.00582180211433829,0.0222237178447281));
#7949=CARTESIAN_POINT('',(-0.0046264253176252,0.00583939502005078,0.0222235503277392));
#7950=CARTESIAN_POINT('',(-0.00462703601608265,0.00586312405113339,0.0222234231770417));
#7951=CARTESIAN_POINT('',(-0.00408388249877701,0.00532215249664621,0.0222279532061812));
#7952=CARTESIAN_POINT('',(-0.00409538317186558,0.00532239210233268,0.022225840218219));
#7953=CARTESIAN_POINT('',(-0.00410543986644701,0.005322690333809,0.0222239834467945));
#7954=CARTESIAN_POINT('',(-0.00411836055358986,0.00532322561975198,0.0222215914267124));
#7955=CARTESIAN_POINT('',(-0.00412230671880837,0.00532341870485196,0.0222208595831804));
#7956=CARTESIAN_POINT('',(-0.00412768503028576,0.00532373031718041,0.0222198609270084));
#7957=CARTESIAN_POINT('',(-0.00412938764442487,0.00532383785206964,0.0222195445581588));
#7958=CARTESIAN_POINT('',(-0.00413261258300002,0.00532406025007426,0.0222189449778508));
#7959=CARTESIAN_POINT('',(-0.00413355657305135,0.00532412725056174,0.0222187694132604));
#7960=CARTESIAN_POINT('',(-0.00415165129152794,0.00532562475926922,0.0222154013967259));
#7961=CARTESIAN_POINT('',(-0.00416911678943978,0.00532814396707002,0.0222121315363815));
#7962=CARTESIAN_POINT('',(-0.00422203393638525,0.00533855386489572,0.022202155710967));
#7963=CARTESIAN_POINT('',(-0.00425470029465131,0.00534843832770848,0.02219591222555));
#7964=CARTESIAN_POINT('',(-0.00434757310164501,0.00538807435034562,0.0221779752144411));
#7965=CARTESIAN_POINT('',(-0.00440333230239449,0.00542798880051495,0.0221669413361766));
#7966=CARTESIAN_POINT('',(-0.00447865690651482,0.00550904585514232,0.0221518010149385));
#7967=CARTESIAN_POINT('',(-0.00450067675641391,0.00553714106541509,0.0221473312677376));
#7968=CARTESIAN_POINT('',(-0.00453855071798886,0.00559548387008796,0.0221396009658909));
#7969=CARTESIAN_POINT('',(-0.00455413482457034,0.00562506942170924,0.0221363961255101));
#7970=CARTESIAN_POINT('',(-0.00457370277702638,0.00567304816557306,0.0221323583755524));
#7971=CARTESIAN_POINT('',(-0.00457943699619595,0.00568946257148153,0.0221311721856815));
#7972=CARTESIAN_POINT('',(-0.00458932932737964,0.00572313436587289,0.0221291229342526));
#7973=CARTESIAN_POINT('',(-0.00459336423307491,0.00573974548265976,0.0221282854680127));
#7974=CARTESIAN_POINT('',(-0.00459860454423806,0.0057672332098589,0.0221271968271763));
#7975=CARTESIAN_POINT('',(-0.00460009385692035,0.00577617072271459,0.0221268872209965));
#7976=CARTESIAN_POINT('',(-0.00460194168795527,0.00578923939768212,0.0221265029567813));
#7977=CARTESIAN_POINT('',(-0.00460249327512816,0.00579353935695196,0.0221263882253763));
#7978=CARTESIAN_POINT('',(-0.00460322412563146,0.00579990489727771,0.0221262361849259));
#7979=CARTESIAN_POINT('',(-0.00460345165407899,0.00580201267762313,0.0221261888474992));
#7980=CARTESIAN_POINT('',(-0.00460387453481949,0.0058062001054543,0.0221261008610709));
#7981=CARTESIAN_POINT('',(-0.00460412486490834,0.00580891323645317,0.0221260487716277));
#7982=CARTESIAN_POINT('',(-0.0046052434450805,0.00582180211433829,0.0221258160040025));
#7983=CARTESIAN_POINT('',(-0.00460604458935372,0.00583939502005078,0.0221256492249738));
#7984=CARTESIAN_POINT('',(-0.0046066525975096,0.00586312405113339,0.0221255226344116));
#7985=CARTESIAN_POINT('',(-0.00408388249877708,0.00532215249664621,0.0222279532061812));
#7986=CARTESIAN_POINT('',(-0.00412988518926595,0.00532311091935322,0.0222195012546749));
#7987=CARTESIAN_POINT('',(-0.00418212187536502,0.00532775039499752,0.0222097367956756));
#7988=CARTESIAN_POINT('',(-0.00432366695201518,0.0053679376504013,0.0221827636022195));
#7989=CARTESIAN_POINT('',(-0.00446125650977496,0.00547456420021352,0.022155441929353));
#7990=CARTESIAN_POINT('',(-0.00456030704436662,0.00561850393362408,0.0221351495531441));
#7991=CARTESIAN_POINT('',(-0.00460073639680809,0.00576294583228929,0.0221267552950849));
#7992=CARTESIAN_POINT('',(-0.00460543658119787,0.00581566598896814,0.0221257758155361));
#7993=CARTESIAN_POINT('',(-0.00460665259750958,0.00586312405113339,0.0221255226344116));
#7994=CARTESIAN_POINT('',(-0.0046066525975096,0.00586312405113339,0.0221255226344116));
#7995=CARTESIAN_POINT('',(-0.00462703601608265,0.00586312405113339,0.0222234231770417));
#7996=CARTESIAN_POINT('',(-0.00462024154322497,0.00586312405113339,0.0221907896628317));
#7997=CARTESIAN_POINT('',(-0.00461344707036728,0.00586312405113339,0.0221581561486216));
#7998=CARTESIAN_POINT('',(-0.0046066525975096,0.00586312405113339,0.0221255226344116));
#7999=CARTESIAN_POINT('',(-0.00462703601608265,0.00586312405113339,0.0222234231770417));
#8000=CARTESIAN_POINT('',(-0.0046266408780484,0.00588583722581081,0.0222235054469018));
#8001=CARTESIAN_POINT('',(-0.0046257361081807,0.00590463004437174,0.0222236938321409));
#8002=CARTESIAN_POINT('',(-0.00462290722705587,0.00593437496926039,0.0222242824598973));
#8003=CARTESIAN_POINT('',(-0.00462013378636449,0.005953534090398,0.02222485941362));
#8004=CARTESIAN_POINT('',(-0.00461330556799362,0.0059899175236524,0.022226277778688));
#8005=CARTESIAN_POINT('',(-0.00460916548664806,0.00600793551533326,0.0222271369797066));
#8006=CARTESIAN_POINT('',(-0.00460185112320412,0.00603430261030333,0.022228652060783));
#8007=CARTESIAN_POINT('',(-0.00459922569537773,0.00604301797775963,0.0222291954702129));
#8008=CARTESIAN_POINT('',(-0.00459500653208515,0.00605598053264348,0.0222300678593787));
#8009=CARTESIAN_POINT('',(-0.00459355330730579,0.00606028296822133,0.0222303682011602));
#8010=CARTESIAN_POINT('',(-0.00459055317238916,0.00606885100727683,0.022230987920416));
#8011=CARTESIAN_POINT('',(-0.00458860914625349,0.00607417488007224,0.0222313892412472));
#8012=CARTESIAN_POINT('',(-0.00456826621802587,0.00612838648793874,0.0222355869261418));
#8013=CARTESIAN_POINT('',(-0.00453893410869746,0.00619501743286504,0.0222416209998877));
#8014=CARTESIAN_POINT('',(-0.00449939168439859,0.00627725666331289,0.0222496174005389));
#8015=CARTESIAN_POINT('',(-0.0046066525975096,0.00586312405113339,0.0221255226344116));
#8016=CARTESIAN_POINT('',(-0.00460625920017154,0.00588583722581081,0.0221256045418494));
#8017=CARTESIAN_POINT('',(-0.00460535841607418,0.00590463004437174,0.0221257920971975));
#8018=CARTESIAN_POINT('',(-0.00460254199698073,0.00593437496926039,0.0221263781318801));
#8019=CARTESIAN_POINT('',(-0.00459978077408975,0.005953534090398,0.0221269525439565));
#8020=CARTESIAN_POINT('',(-0.00459298263597602,0.0059899175236524,0.0221283646607202));
#8021=CARTESIAN_POINT('',(-0.00458886079287428,0.00600793551533326,0.0221292200767123));
#8022=CARTESIAN_POINT('',(-0.00458157865129573,0.00603430261030333,0.0221307284834227));
#8023=CARTESIAN_POINT('',(-0.0045789647892307,0.00604301797775963,0.0221312694989785));
#8024=CARTESIAN_POINT('',(-0.00457476421256055,0.00605598053264348,0.0221321380450202));
#8025=CARTESIAN_POINT('',(-0.00457331738965246,0.00606028296822133,0.0221324370637102));
#8026=CARTESIAN_POINT('',(-0.00457033047118921,0.00606885100727683,0.0221330540529252));
#8027=CARTESIAN_POINT('',(-0.00456839500904532,0.00607417488007224,0.0221334536058232));
#8028=CARTESIAN_POINT('',(-0.00454814169724162,0.00612838648793874,0.0221376327987139));
#8029=CARTESIAN_POINT('',(-0.00451893880421948,0.00619501743293685,0.022143640290644));
#8030=CARTESIAN_POINT('',(-0.00447957057565675,0.00627725666331289,0.0221516014648537));
#8031=CARTESIAN_POINT('',(-0.00460665259750958,0.00586312405113339,0.0221255226344116));
#8032=CARTESIAN_POINT('',(-0.00460350541880558,0.00604482944855305,0.022126177893914));
#8033=CARTESIAN_POINT('',(-0.00455830702316453,0.00611277822265182,0.0221356791183793));
#8034=CARTESIAN_POINT('',(-0.00447957057565676,0.00627725666331289,0.0221516014648537));
#8035=CARTESIAN_POINT('',(-0.00447957057565674,0.00627725666331289,0.0221516014648537));
#8036=CARTESIAN_POINT('',(-0.00449901650342677,0.00627706269590376,0.0222496894982325));
#8037=CARTESIAN_POINT('',(-0.00449266136959825,0.00627719292867991,0.0222169691121428));
#8038=CARTESIAN_POINT('',(-0.00448630623576973,0.00627732316145606,0.022184248726053));
#8039=CARTESIAN_POINT('',(-0.00447995110194121,0.00627745339423221,0.0221515283399632));
#8040=CARTESIAN_POINT('',(-0.00427439229268661,0.00670906355433852,0.0222430229544691));
#8041=CARTESIAN_POINT('',(0.,0.0067090635543415,0.));
#8042=CARTESIAN_POINT('',(-0.00404962302467654,0.00714055103978609,0.022234220322692));
#8043=CARTESIAN_POINT('',(-0.00406817721721071,0.00714118638172097,0.0223324819337716));
#8044=CARTESIAN_POINT('',(-0.00392394269391284,0.00707121299344109,0.0223075138390073));
#8045=CARTESIAN_POINT('',(0.,0.00707121299344045,0.));
#8046=CARTESIAN_POINT('',(0.,0.,0.));
#8047=CARTESIAN_POINT('',(-0.00409066926594583,0.00612061403510775,0.022226705220447));
#8048=CARTESIAN_POINT('',(-0.00413029971910407,0.00611875516904351,0.0222194115133896));
#8049=CARTESIAN_POINT('',(-0.00417555448407983,0.00610901004068944,0.022210948216454));
#8050=CARTESIAN_POINT('',(-0.00425179848737921,0.00605102519028445,0.0221964816563012));
#8051=CARTESIAN_POINT('',(-0.00429638917606576,0.00596478655591314,0.0221878598191418));
#8052=CARTESIAN_POINT('',(-0.00430195885798995,0.0059196200091901,0.0221867787815038));
#8053=CARTESIAN_POINT('',(-0.00430357650022167,0.00587837244856929,0.0221864650024906));
#8054=CARTESIAN_POINT('',(-0.00409066926594592,0.00612061403510775,0.022226705220447));
#8055=CARTESIAN_POINT('',(-0.00430357650022176,0.00587837244856929,0.0221864650024906));
#8056=CARTESIAN_POINT('',(-0.00386922787222556,0.00587837244856929,0.0222663215568444));
#8057=CARTESIAN_POINT('',(-0.00387132767705722,0.00592044666421916,0.0222659566728935));
#8058=CARTESIAN_POINT('',(-0.00387674383516315,0.00596647551588432,0.0222650165506633));
#8059=CARTESIAN_POINT('',(-0.00392452119606446,0.00605338404357678,0.0222566818575783));
#8060=CARTESIAN_POINT('',(-0.0040040258769501,0.00611006400618277,0.022242512375357));
#8061=CARTESIAN_POINT('',(-0.00405026216604525,0.00611877992719679,0.0222341418638923));
#8062=CARTESIAN_POINT('',(-0.00409066926594583,0.00612061403510775,0.022226705220447));
#8063=CARTESIAN_POINT('',(-0.00386922787222553,0.00587837244856929,0.0222663215568444));
#8064=CARTESIAN_POINT('',(-0.00408965127516734,0.00563266531715904,0.0222268925504111));
#8065=CARTESIAN_POINT('',(-0.00404925221958446,0.00563507928770909,0.022234325800417));
#8066=CARTESIAN_POINT('',(-0.00400294564579776,0.00564456531434997,0.0222427066768487));
#8067=CARTESIAN_POINT('',(-0.00392393455079332,0.00570275722093101,0.022256784229675));
#8068=CARTESIAN_POINT('',(-0.00387729875668992,0.0057901304124665,0.0222649198339704));
#8069=CARTESIAN_POINT('',(-0.00387100905612839,0.00583622492725317,0.0222660120397836));
#8070=CARTESIAN_POINT('',(-0.00386922787222556,0.00587837244856929,0.0222663215568444));
#8071=CARTESIAN_POINT('',(-0.00408965127516742,0.00563266531715904,0.0222268925504111));
#8072=CARTESIAN_POINT('',(-0.00430357650022167,0.00587837244856929,0.0221864650024906));
#8073=CARTESIAN_POINT('',(-0.00430161410595687,0.00583685320935434,0.0221868456541104));
#8074=CARTESIAN_POINT('',(-0.00429581250760131,0.00579158721753344,0.022187971880642));
#8075=CARTESIAN_POINT('',(-0.00425041972066972,0.00570544470596057,0.0221967459075786));
#8076=CARTESIAN_POINT('',(-0.00417454675025555,0.00564638843244118,0.0222111371300064));
#8077=CARTESIAN_POINT('',(-0.00412933831703421,0.00563512623324863,0.0222195903078232));
#8078=CARTESIAN_POINT('',(-0.00408965127516734,0.00563266531715904,0.0222268925504111));
#8079=CARTESIAN_POINT('',(-0.00432261887411655,0.00587837244856929,0.0222846352016166));
#8080=CARTESIAN_POINT('',(-0.0043221582140884,0.00586821860996766,0.0222847245572518));
#8081=CARTESIAN_POINT('',(-0.00432164131050633,0.00585934932973594,0.0222848248080207));
#8082=CARTESIAN_POINT('',(-0.00432078158638874,0.00584797224694323,0.0222849915092633));
#8083=CARTESIAN_POINT('',(-0.00432048095021774,0.0058445010256048,0.0222850497971524));
#8084=CARTESIAN_POINT('',(-0.00432000890326745,0.00583977590298588,0.0222851413076377));
#8085=CARTESIAN_POINT('',(-0.00431984803883458,0.00583828114701103,0.0222851724909055));
#8086=CARTESIAN_POINT('',(-0.00431951927898147,0.00583545220485756,0.0222852362165301));
#8087=CARTESIAN_POINT('',(-0.00431943375498186,0.00583472058008905,0.0222852527942392));
#8088=CARTESIAN_POINT('',(-0.00431714971355558,0.00581801241587366,0.022285695471031));
#8089=CARTESIAN_POINT('',(-0.00431360642258736,0.00580311310728228,0.0222863820487763));
#8090=CARTESIAN_POINT('',(-0.00430375038708769,0.00577398015317076,0.0222882874577354));
#8091=CARTESIAN_POINT('',(-0.00429757396127952,0.00576014795203813,0.0222894799227514));
#8092=CARTESIAN_POINT('',(-0.0042827230968364,0.00573395210161912,0.0222923381468887));
#8093=CARTESIAN_POINT('',(-0.00427453961368666,0.00572216375958022,0.0222939100100435));
#8094=CARTESIAN_POINT('',(-0.00425370914428023,0.00569775439835873,0.0222978938682729));
#8095=CARTESIAN_POINT('',(-0.00424268879286155,0.00568694010104726,0.0222999939873268));
#8096=CARTESIAN_POINT('',(-0.00422524984145668,0.00567280423002896,0.0223033024187953));
#8097=CARTESIAN_POINT('',(-0.0042192854528538,0.00566843986884767,0.0223044316001449));
#8098=CARTESIAN_POINT('',(-0.00420705373230786,0.00566040633813474,0.0223067419770724));
#8099=CARTESIAN_POINT('',(-0.00420136927181089,0.00565703878703048,0.0223078135862581));
#8100=CARTESIAN_POINT('',(-0.00418736578220111,0.00564979240276206,0.0223104463999134));
#8101=CARTESIAN_POINT('',(-0.00418036014911327,0.00564668051491028,0.0223117601250077));
#8102=CARTESIAN_POINT('',(-0.004169845869121,0.00564277963955625,0.0223137266753185));
#8103=CARTESIAN_POINT('',(-0.00416634013739708,0.00564160717384217,0.0223143815192001));
#8104=CARTESIAN_POINT('',(-0.0041593267308433,0.00563951789455524,0.0223156898587294));
#8105=CARTESIAN_POINT('',(-0.00415475972780866,0.00563836287038355,0.0223165404534623));
#8106=CARTESIAN_POINT('',(-0.00414251313779111,0.00563560898586642,0.0223188190595443));
#8107=CARTESIAN_POINT('',(-0.00412766055436991,0.00563389339395476,0.0223215776395691));
#8108=CARTESIAN_POINT('',(-0.00410774707726994,0.00563266531715904,0.0223252416324926));
#8109=CARTESIAN_POINT('',(-0.00430357650022176,0.00587837244856929,0.0221864650024906));
#8110=CARTESIAN_POINT('',(-0.00430311786953294,0.00586821860996766,0.0221865539644885));
#8111=CARTESIAN_POINT('',(-0.00430260324305916,0.00585934932973594,0.0221866537736242));
#8112=CARTESIAN_POINT('',(-0.00430174730627249,0.00584797224694323,0.0221868197405));
#8113=CARTESIAN_POINT('',(-0.00430144799448991,0.0058445010256048,0.0221868777716143));
#8114=CARTESIAN_POINT('',(-0.0043009780270416,0.00583977590298588,0.0221869688789697));
#8115=CARTESIAN_POINT('',(-0.00430081787126262,0.00583828114701103,0.0221869999248663));
#8116=CARTESIAN_POINT('',(-0.0043004905596908,0.00583545220485756,0.0221870633697612));
#8117=CARTESIAN_POINT('',(-0.0043004054124489,0.00583472058008905,0.0221870798744408));
#8118=CARTESIAN_POINT('',(-0.00429813143287913,0.00581801241587366,0.0221875206011146));
#8119=CARTESIAN_POINT('',(-0.00429460375112221,0.00580311310728228,0.0221882041542883));
#8120=CARTESIAN_POINT('',(-0.00428479113428113,0.00577398015317076,0.0221901011693754));
#8121=CARTESIAN_POINT('',(-0.00427864191739724,0.00576014795203813,0.0221912883812415));
#8122=CARTESIAN_POINT('',(-0.00426385647526443,0.00573395210161912,0.022194134014083));
#8123=CARTESIAN_POINT('',(-0.00425570904270125,0.00572216375958022,0.0221956989527306));
#8124=CARTESIAN_POINT('',(-0.00423497033747723,0.00569775439835873,0.0221996652609237));
#8125=CARTESIAN_POINT('',(-0.00422399853386216,0.00568694010104726,0.0222017561283518));
#8126=CARTESIAN_POINT('',(-0.00420663640603176,0.00567280423002896,0.0222050499852324));
#8127=CARTESIAN_POINT('',(-0.00420069829226854,0.00566843986884767,0.0222061741922148));
#8128=CARTESIAN_POINT('',(-0.00418852045595408,0.00566040633813474,0.0222084743912703));
#8129=CARTESIAN_POINT('',(-0.00418286103713331,0.00565703878703048,0.0222095412797107));
#8130=CARTESIAN_POINT('',(-0.00416891923690507,0.00564979240276206,0.022212162495068));
#8131=CARTESIAN_POINT('',(-0.004161944465637,0.00564668051491028,0.0222134704328271));
#8132=CARTESIAN_POINT('',(-0.00415147650405879,0.00564277963955625,0.0222154283199206));
#8133=CARTESIAN_POINT('',(-0.00414798621608696,0.00564160717384217,0.0222160802790274));
#8134=CARTESIAN_POINT('',(-0.0041410037055973,0.00563951789455524,0.0222173828549465));
#8135=CARTESIAN_POINT('',(-0.00413645682151876,0.00563836287038355,0.022218229702566));
#8136=CARTESIAN_POINT('',(-0.00412426418123696,0.00563560898586642,0.0222204982707357));
#8137=CARTESIAN_POINT('',(-0.00410947702769857,0.00563389339395475,0.0222232446984257));
#8138=CARTESIAN_POINT('',(-0.00408965127516743,0.00563266531715904,0.0222268925504111));
#8139=CARTESIAN_POINT('',(-0.00432261887411655,0.00587837244856929,0.0222846352016166));
#8140=CARTESIAN_POINT('',(-0.00431627141615162,0.00587837244856929,0.0222519118019079));
#8141=CARTESIAN_POINT('',(-0.00430992395818669,0.00587837244856929,0.0222191884021993));
#8142=CARTESIAN_POINT('',(-0.00430357650022176,0.00587837244856929,0.0221864650024906));
#8143=CARTESIAN_POINT('',(-0.00432261887411655,0.00587837244856929,0.0222846352016166));
#8144=CARTESIAN_POINT('',(-0.00408965127516743,0.00563266531715904,0.0222268925504111));
#8145=CARTESIAN_POINT('',(-0.0040956832092016,0.00563266531715904,0.0222596755777716));
#8146=CARTESIAN_POINT('',(-0.00410171514323577,0.00563266531715904,0.0222924586051321));
#8147=CARTESIAN_POINT('',(-0.00410774707726994,0.00563266531715904,0.0223252416324926));
#8148=CARTESIAN_POINT('',(-0.00410774707726994,0.00563266531715904,0.0223252416324926));
#8149=CARTESIAN_POINT('',(-0.00432261887411645,0.00587837244856929,0.0222846352016167));
#8150=CARTESIAN_POINT('',(-0.0043206477966912,0.00583685320935429,0.0222850175375357));
#8151=CARTESIAN_POINT('',(-0.00431482052754645,0.00579158721753347,0.0222861487473705));
#8152=CARTESIAN_POINT('',(-0.00426922688757534,0.00570544470596056,0.0222949615974351));
#8153=CARTESIAN_POINT('',(-0.00419301819605314,0.00564638843244118,0.0223094164978383));
#8154=CARTESIAN_POINT('',(-0.00414760972551666,0.00563512623324863,0.0223179070790968));
#8155=CARTESIAN_POINT('',(-0.00410774707726985,0.00563266531715904,0.0223252416324926));
#8156=CARTESIAN_POINT('',(-0.00410774707726994,0.00563266531715904,0.0223252416324926));
#8157=CARTESIAN_POINT('',(-0.00409760385018877,0.00563326818115056,0.0223271079420306));
#8158=CARTESIAN_POINT('',(-0.00408874934757176,0.00563396796373693,0.0223287301007578));
#8159=CARTESIAN_POINT('',(-0.00407740195485657,0.00563516301559409,0.0223308040178465));
#8160=CARTESIAN_POINT('',(-0.0040739418802074,0.00563558559587133,0.0223314354157622));
#8161=CARTESIAN_POINT('',(-0.00406923547633682,0.00563625581077449,0.0223322933256089));
#8162=CARTESIAN_POINT('',(-0.0040677472928178,0.00563648527315676,0.0223325644297441));
#8163=CARTESIAN_POINT('',(-0.00406493217900545,0.00563695631275039,0.0223330770031132));
#8164=CARTESIAN_POINT('',(-0.00406419601735417,0.00563708050629536,0.022333211014518));
#8165=CARTESIAN_POINT('',(-0.00405501069508495,0.00563890559775688,0.0223348817781999));
#8166=CARTESIAN_POINT('',(-0.00404772820084245,0.00564083954552474,0.0223362026807778));
#8167=CARTESIAN_POINT('',(-0.0040332948171883,0.00564565519025771,0.0223388134577986));
#8168=CARTESIAN_POINT('',(-0.00402563371314812,0.00564877853151538,0.0223401951163134));
#8169=CARTESIAN_POINT('',(-0.00400590920951081,0.00565812031332901,0.0223437434176708));
#8170=CARTESIAN_POINT('',(-0.00399330553297014,0.00566587826640329,0.0223459987673255));
#8171=CARTESIAN_POINT('',(-0.00397521978128676,0.0056798103438125,0.0223492206841247));
#8172=CARTESIAN_POINT('',(-0.00396932782375312,0.00568483689424853,0.0223502678013559));
#8173=CARTESIAN_POINT('',(-0.00395781728069977,0.00569565504438653,0.0223523089755252));
#8174=CARTESIAN_POINT('',(-0.00395179677521265,0.00570189932100853,0.0223533739926979));
#8175=CARTESIAN_POINT('',(-0.00392639715978703,0.00573050655808297,0.0223578583747127));
#8176=CARTESIAN_POINT('',(-0.00391111677891912,0.00575680480653306,0.0223605294598891));
#8177=CARTESIAN_POINT('',(-0.00389807403981304,0.00579466360158414,0.0223628045153485));
#8178=CARTESIAN_POINT('',(-0.00389585850947662,0.00580219976880085,0.0223631905124508));
#8179=CARTESIAN_POINT('',(-0.0038931248319743,0.00581345063193567,0.0223636665128546));
#8180=CARTESIAN_POINT('',(-0.00389231187546507,0.00581719202169889,0.022363808011838));
#8181=CARTESIAN_POINT('',(-0.00389123985309116,0.00582279075942117,0.0223639945568155));
#8182=CARTESIAN_POINT('',(-0.00389090708101026,0.0058246547808415,0.022364052454437));
#8183=CARTESIAN_POINT('',(-0.0038902906754149,0.00582837837470798,0.0223641596881851));
#8184=CARTESIAN_POINT('',(-0.00388992401252318,0.00583083322321431,0.0223642234653636));
#8185=CARTESIAN_POINT('',(-0.0038883397032297,0.005842191870304,0.0223644990195515));
#8186=CARTESIAN_POINT('',(-0.00388720648641545,0.00585761758812277,0.022364695984757));
#8187=CARTESIAN_POINT('',(-0.00388634834953627,0.00587837244856929,0.0223648451035561));
#8188=CARTESIAN_POINT('',(-0.00408965127516743,0.00563266531715904,0.0222268925504111));
#8189=CARTESIAN_POINT('',(-0.00407955273190601,0.00563326818115056,0.0222287506383212));
#8190=CARTESIAN_POINT('',(-0.00407073723590844,0.00563396796373693,0.0222303656509748));
#8191=CARTESIAN_POINT('',(-0.00405943983170742,0.00563516301559409,0.0222324304318648));
#8192=CARTESIAN_POINT('',(-0.00405599499967785,0.00563558559587133,0.0222330590482919));
#8193=CARTESIAN_POINT('',(-0.00405130932886397,0.00563625581077449,0.0222339131788001));
#8194=CARTESIAN_POINT('',(-0.00404982770121949,0.00563648527315676,0.0222341830886439));
#8195=CARTESIAN_POINT('',(-0.00404702498878957,0.00563695631275039,0.0222346934039806));
#8196=CARTESIAN_POINT('',(-0.00404629207014116,0.00563708050629536,0.0222348268250267));
#8197=CARTESIAN_POINT('',(-0.00403714721184669,0.00563890559775688,0.0222364902285163));
#8198=CARTESIAN_POINT('',(-0.00402989679907662,0.00564083954552474,0.02223780531214));
#8199=CARTESIAN_POINT('',(-0.00401552699861038,0.00564565519025771,0.0222404045879404));
#8200=CARTESIAN_POINT('',(-0.00400789964392721,0.00564877853151538,0.0222417801598539));
#8201=CARTESIAN_POINT('',(-0.0039882620323764,0.00565812031332901,0.0222453128299277));
#8202=CARTESIAN_POINT('',(-0.00397571387863987,0.00566587826640329,0.0222475582441214));
#8203=CARTESIAN_POINT('',(-0.0039577077998714,0.0056798103438125,0.0222507659674545));
#8204=CARTESIAN_POINT('',(-0.00395184179809783,0.00568483689424853,0.0222518084718345));
#8205=CARTESIAN_POINT('',(-0.00394038196228259,0.00569565504438653,0.0222538406540471));
#8206=CARTESIAN_POINT('',(-0.00393438797884608,0.00570189932100853,0.0222549009795142));
#8207=CARTESIAN_POINT('',(-0.00390910025599942,0.00573050655808297,0.0222593656065421));
#8208=CARTESIAN_POINT('',(-0.00389388718958467,0.00575680480653306,0.0222620249248235));
#8209=CARTESIAN_POINT('',(-0.00388090190747906,0.00579466360158414,0.0222642899580122));
#8210=CARTESIAN_POINT('',(-0.00387869613718818,0.00580219976880085,0.0222646742546867));
#8211=CARTESIAN_POINT('',(-0.00387597450231802,0.00581345063193567,0.0222651481581724));
#8212=CARTESIAN_POINT('',(-0.003875165127115,0.00581719202169889,0.0222652890338123));
#8213=CARTESIAN_POINT('',(-0.00387409782730662,0.00582279075942117,0.0222654747570058));
#8214=CARTESIAN_POINT('',(-0.00387376652118202,0.0058246547808415,0.0222655323995716));
#8215=CARTESIAN_POINT('',(-0.00387315283102981,0.00582837837470798,0.0222656391609244));
#8216=CARTESIAN_POINT('',(-0.00387278778339312,0.00583083322321431,0.0222657026571462));
#8217=CARTESIAN_POINT('',(-0.00387121045343574,0.005842191870304,0.0222659769974389));
#8218=CARTESIAN_POINT('',(-0.00387008222876604,0.00585761758812277,0.0222661730949563));
#8219=CARTESIAN_POINT('',(-0.00386922787222554,0.00587837244856929,0.0222663215568444));
#8220=CARTESIAN_POINT('',(-0.00386922787222554,0.00587837244856929,0.0222663215568444));
#8221=CARTESIAN_POINT('',(-0.00387493469799578,0.00587837244856929,0.0222991627390816));
#8222=CARTESIAN_POINT('',(-0.00388064152376603,0.00587837244856929,0.0223320039213189));
#8223=CARTESIAN_POINT('',(-0.00388634834953627,0.00587837244856929,0.0223648451035561));
#8224=CARTESIAN_POINT('',(-0.00388634834953627,0.00587837244856929,0.0223648451035561));
#8225=CARTESIAN_POINT('',(-0.00410774707726985,0.00563266531715904,0.0223252416324926));
#8226=CARTESIAN_POINT('',(-0.00406716926480386,0.00563507928770909,0.0223327077729852));
#8227=CARTESIAN_POINT('',(-0.00402065779467297,0.00564456531434997,0.0223411257329409));
#8228=CARTESIAN_POINT('',(-0.00394129709305347,0.00570275722093101,0.022355265575824));
#8229=CARTESIAN_POINT('',(-0.00389445494587881,0.0057901304124665,0.0223634371783685));
#8230=CARTESIAN_POINT('',(-0.00388813741478382,0.00583622492725317,0.0223645342169508));
#8231=CARTESIAN_POINT('',(-0.00388634834953629,0.00587837244856929,0.0223648451035561));
#8232=CARTESIAN_POINT('',(-0.00388634834953627,0.00587837244856929,0.0223648451035561));
#8233=CARTESIAN_POINT('',(-0.00388684329048751,0.0058886610834348,0.022364759097463));
#8234=CARTESIAN_POINT('',(-0.00388738716972266,0.00589765032412497,0.0223646645705838));
#8235=CARTESIAN_POINT('',(-0.00388827639320642,0.00590918509389722,0.0223645099830188));
#8236=CARTESIAN_POINT('',(-0.00388858503513425,0.0059127051686108,0.0223644563209259));
#8237=CARTESIAN_POINT('',(-0.00388906634877915,0.00591749800786542,0.0223643726261506));
#8238=CARTESIAN_POINT('',(-0.00388922984511932,0.00591901440881434,0.0223643441942842));
#8239=CARTESIAN_POINT('',(-0.00388956295464664,0.00592188478644025,0.0223642862629331));
#8240=CARTESIAN_POINT('',(-0.00388963908014627,0.00592254966409118,0.0223642730241603));
#8241=CARTESIAN_POINT('',(-0.00389203451350229,0.00594020643619511,0.0223638563762308));
#8242=CARTESIAN_POINT('',(-0.00389558992952653,0.00595522096972139,0.0223632377867216));
#8243=CARTESIAN_POINT('',(-0.00391042713780953,0.00599791723330755,0.0223606498210092));
#8244=CARTESIAN_POINT('',(-0.00392612856601776,0.00602438020649364,0.0223579062577093));
#8245=CARTESIAN_POINT('',(-0.0039577321447302,0.00606032882084673,0.0223523258455787));
#8246=CARTESIAN_POINT('',(-0.00396907035931813,0.00607085778795609,0.0223503161626538));
#8247=CARTESIAN_POINT('',(-0.00399335283547481,0.00608900791349151,0.0223459903611186));
#8248=CARTESIAN_POINT('',(-0.00400550561021802,0.0060962739781275,0.0223438166615106));
#8249=CARTESIAN_POINT('',(-0.00402731261334456,0.00610605749993916,0.022339892740646));
#8250=CARTESIAN_POINT('',(-0.00403456373733394,0.00610883173311713,0.0223385843213559));
#8251=CARTESIAN_POINT('',(-0.00404541361621128,0.00611226267174519,0.0223366211003815));
#8252=CARTESIAN_POINT('',(-0.00404902577465347,0.00611328458276473,0.0223359665947128));
#8253=CARTESIAN_POINT('',(-0.00405443731160818,0.00611463484650932,0.0223349846977163));
#8254=CARTESIAN_POINT('',(-0.00405624004047505,0.00611505450062673,0.022334657375635));
#8255=CARTESIAN_POINT('',(-0.00405984326481779,0.00611583294126665,0.0223340026868914));
#8256=CARTESIAN_POINT('',(-0.00406220040319822,0.00611629330462639,0.0223335740417824));
#8257=CARTESIAN_POINT('',(-0.0040733850268855,0.00611833428761667,0.022331539054349));
#8258=CARTESIAN_POINT('',(-0.00408849576500347,0.00611969893899668,0.0223287847257539));
#8259=CARTESIAN_POINT('',(-0.00410876957243241,0.00612061403510775,0.0223250534736348));
#8260=CARTESIAN_POINT('',(-0.00386922787222554,0.00587837244856929,0.0222663215568444));
#8261=CARTESIAN_POINT('',(-0.00386972063282017,0.0058886610834348,0.0222662359296328));
#8262=CARTESIAN_POINT('',(-0.00387026211611155,0.00589765032412497,0.0222661418191716));
#8263=CARTESIAN_POINT('',(-0.00387114742231123,0.00590918509389722,0.022265987912609));
#8264=CARTESIAN_POINT('',(-0.003871454704583,0.0059127051686108,0.0222659344869131));
#8265=CARTESIAN_POINT('',(-0.00387193389790347,0.00591749800786542,0.0222658511608371));
#8266=CARTESIAN_POINT('',(-0.00387209667399545,0.00591901440881434,0.0222658228542213));
#8267=CARTESIAN_POINT('',(-0.00387242831607991,0.00592188478644025,0.0222657651780744));
#8268=CARTESIAN_POINT('',(-0.00387250410622492,0.00592254966409118,0.0222657519976221));
#8269=CARTESIAN_POINT('',(-0.00387488898701109,0.00594020643619511,0.022265337185146));
#8270=CARTESIAN_POINT('',(-0.00387842874040967,0.00595522096972139,0.0222647213207008));
#8271=CARTESIAN_POINT('',(-0.00389320058654165,0.00599791723330755,0.0222621447557185));
#8272=CARTESIAN_POINT('',(-0.00390883284546261,0.00602438020649364,0.0222594132786004));
#8273=CARTESIAN_POINT('',(-0.00394029720136135,0.00606032882084673,0.0222538574497832));
#8274=CARTESIAN_POINT('',(-0.00395158546786739,0.00607085778795609,0.022251856620087));
#8275=CARTESIAN_POINT('',(-0.00397576097276347,0.00608900791349151,0.0222475498749463));
#8276=CARTESIAN_POINT('',(-0.00398786021105407,0.0060962739781275,0.0222453857511074));
#8277=CARTESIAN_POINT('',(-0.00400957114808753,0.00610605749993916,0.0222414791162378));
#8278=CARTESIAN_POINT('',(-0.00401679032879943,0.00610883173311713,0.0222401764609094));
#8279=CARTESIAN_POINT('',(-0.00402759241085353,0.00611226267174519,0.0222382218884855));
#8280=CARTESIAN_POINT('',(-0.00403118865670346,0.00611328458276473,0.0222375702661017));
#8281=CARTESIAN_POINT('',(-0.00403657635428832,0.00611463484650932,0.0222365926946427));
#8282=CARTESIAN_POINT('',(-0.00403837114161833,0.00611505450062673,0.0222362668145089));
#8283=CARTESIAN_POINT('',(-0.00404195849272608,0.00611583294126665,0.0222356150098567));
#8284=CARTESIAN_POINT('',(-0.00404430524723699,0.00611629330462639,0.022235188253052));
#8285=CARTESIAN_POINT('',(-0.00405544059945428,0.00611833428761667,0.022233162230321));
#8286=CARTESIAN_POINT('',(-0.00407048477044404,0.00611969893899668,0.022230420035332));
#8287=CARTESIAN_POINT('',(-0.00409066926594593,0.00612061403510775,0.022226705220447));
#8288=CARTESIAN_POINT('',(-0.00409066926594593,0.00612061403510775,0.022226705220447));
#8289=CARTESIAN_POINT('',(-0.00409670270144142,0.00612061403510775,0.0222594879715096));
#8290=CARTESIAN_POINT('',(-0.00410273613693692,0.00612061403510775,0.0222922707225722));
#8291=CARTESIAN_POINT('',(-0.00410876957243241,0.00612061403510775,0.0223250534736348));
#8292=CARTESIAN_POINT('',(-0.00410876957243241,0.00612061403510775,0.0223250534736348));
#8293=CARTESIAN_POINT('',(-0.00388634834953629,0.00587837244856929,0.0223648451035561));
#8294=CARTESIAN_POINT('',(-0.00388845744553977,0.00592044666421928,0.0223644786050745));
#8295=CARTESIAN_POINT('',(-0.00389389756894706,0.00596647551588427,0.0223635343230114));
#8296=CARTESIAN_POINT('',(-0.00394188633410014,0.00605338404357679,0.0223551627507534));
#8297=CARTESIAN_POINT('',(-0.00402174280560917,0.00611006400618276,0.0223409305717082));
#8298=CARTESIAN_POINT('',(-0.0040681836800543,0.00611877992719679,0.0223325230225821));
#8299=CARTESIAN_POINT('',(-0.00410876957243231,0.00612061403510775,0.0223250534736348));
#8300=CARTESIAN_POINT('',(-0.00410876957243241,0.00612061403510775,0.0223250534736348));
#8301=CARTESIAN_POINT('',(-0.00411871992558873,0.00612014996996839,0.0223232221808976));
#8302=CARTESIAN_POINT('',(-0.0041273981637703,0.00611955773892352,0.0223216182465159));
#8303=CARTESIAN_POINT('',(-0.00413850857260497,0.00611847714343451,0.0223195600534788));
#8304=CARTESIAN_POINT('',(-0.00414189421381583,0.00611808490345475,0.0223189319201919));
#8305=CARTESIAN_POINT('',(-0.00414802999960919,0.00611723634052837,0.0223177923831849));
#8306=CARTESIAN_POINT('',(-0.00414974510689164,0.00611698782164669,0.0223174736022651));
#8307=CARTESIAN_POINT('',(-0.00416014760360084,0.00611489931616177,0.0223155376739201));
#8308=CARTESIAN_POINT('',(-0.00416713325526531,0.00611299402499113,0.0223142342838533));
#8309=CARTESIAN_POINT('',(-0.00418120580626432,0.00610815753428849,0.0223116016737368));
#8310=CARTESIAN_POINT('',(-0.00418888021740096,0.00610494283449939,0.0223101619658807));
#8311=CARTESIAN_POINT('',(-0.00422163012077713,0.00608913956722138,0.0223040030002761));
#8312=CARTESIAN_POINT('',(-0.00424558797857412,0.00606985688745492,0.0222994481103554));
#8313=CARTESIAN_POINT('',(-0.00428503774029508,0.0060227755651252,0.0222919011049864));
#8314=CARTESIAN_POINT('',(-0.00429966293725469,0.00599676510206722,0.0222890779451596));
#8315=CARTESIAN_POINT('',(-0.00431175134548438,0.00596064375568436,0.0222867405961129));
#8316=CARTESIAN_POINT('',(-0.00431380867774292,0.00595335039495251,0.0222863424024618));
#8317=CARTESIAN_POINT('',(-0.00431635423880686,0.00594230671667184,0.022285849475219));
#8318=CARTESIAN_POINT('',(-0.00431711268596004,0.00593860821771446,0.0222857025583719));
#8319=CARTESIAN_POINT('',(-0.00431811525489649,0.00593303455998267,0.022285508312832));
#8320=CARTESIAN_POINT('',(-0.00431842692755669,0.00593117235585612,0.0222854479191715));
#8321=CARTESIAN_POINT('',(-0.00431900524000426,0.00592743931117111,0.022285335847224));
#8322=CARTESIAN_POINT('',(-0.00431935480360293,0.00592493151797156,0.0222852680959318));
#8323=CARTESIAN_POINT('',(-0.00432080560368758,0.00591378766277162,0.0222849868893991));
#8324=CARTESIAN_POINT('',(-0.0043218398869666,0.0058986807083486,0.0222847863041376));
#8325=CARTESIAN_POINT('',(-0.00432261887411655,0.00587837244856929,0.0222846352016166));
#8326=CARTESIAN_POINT('',(-0.00409066926594593,0.00612061403510775,0.022226705220447));
#8327=CARTESIAN_POINT('',(-0.00410057578494737,0.00612014996996839,0.0222248819950787));
#8328=CARTESIAN_POINT('',(-0.00410921579300479,0.00611955773892352,0.0222232851264872));
#8329=CARTESIAN_POINT('',(-0.00412027725730715,0.00611847714343451,0.0222212360003798));
#8330=CARTESIAN_POINT('',(-0.00412364798379902,0.00611808490345475,0.0222206106341999));
#8331=CARTESIAN_POINT('',(-0.00412975673969902,0.00611723634052837,0.0222194761171797));
#8332=CARTESIAN_POINT('',(-0.00413146429144277,0.00611698782164669,0.0222191587405812));
#8333=CARTESIAN_POINT('',(-0.00414182096217529,0.00611489931616177,0.0222172313405548));
#8334=CARTESIAN_POINT('',(-0.00414877584004388,0.00611299402499113,0.0222159336922945));
#8335=CARTESIAN_POINT('',(-0.00416278639742616,0.00610815753428849,0.0222133126795793));
#8336=CARTESIAN_POINT('',(-0.00417042700058421,0.00610494283449939,0.0222118793140486));
#8337=CARTESIAN_POINT('',(-0.00420303263125829,0.00608913956722138,0.0222057474804511));
#8338=CARTESIAN_POINT('',(-0.0042268849478315,0.00606985688745492,0.0222012126561248));
#8339=CARTESIAN_POINT('',(-0.00426616092205589,0.0060227755651252,0.0221936988974755));
#8340=CARTESIAN_POINT('',(-0.00428072169083507,0.00599676510206722,0.0221908881744761));
#8341=CARTESIAN_POINT('',(-0.00429275684616507,0.00596064375568436,0.0221885611221212));
#8342=CARTESIAN_POINT('',(-0.0042948051152859,0.00595335039495251,0.0221881646826272));
#8343=CARTESIAN_POINT('',(-0.00429733946242446,0.00594230671667184,0.02218767392687));
#8344=CARTESIAN_POINT('',(-0.00429809456840074,0.00593860821771446,0.0221875276572337));
#8345=CARTESIAN_POINT('',(-0.00429909272073395,0.00593303455998267,0.022187334267401));
#8346=CARTESIAN_POINT('',(-0.00429940302038684,0.00593117235585612,0.0221872741397919));
#8347=CARTESIAN_POINT('',(-0.00429997878520248,0.00592743931117111,0.0221871625615534));
#8348=CARTESIAN_POINT('',(-0.0043003268088734,0.00592493151797156,0.022187095108725));
#8349=CARTESIAN_POINT('',(-0.00430177121776825,0.00591378766277162,0.0221868151409877));
#8350=CARTESIAN_POINT('',(-0.00430280094473327,0.0058986807083486,0.0221866154393616));
#8351=CARTESIAN_POINT('',(-0.00430357650022176,0.00587837244856929,0.0221864650024906));
#8352=CARTESIAN_POINT('',(-0.00410876957243231,0.00612061403510775,0.0223250534736348));
#8353=CARTESIAN_POINT('',(-0.00414857538157798,0.00611875516904351,0.0223177274935373));
#8354=CARTESIAN_POINT('',(-0.00419403038887662,0.00610901004068987,0.0223092267483852));
#8355=CARTESIAN_POINT('',(-0.00427061175502256,0.00605102519028294,0.0222946961769043));
#8356=CARTESIAN_POINT('',(-0.004315399747641,0.00596478655591874,0.022286036190023));
#8357=CARTESIAN_POINT('',(-0.00432099407417634,0.00591962000917804,0.0222849503690324));
#8358=CARTESIAN_POINT('',(-0.00432261887411645,0.00587837244856929,0.0222846352016167));
#8359=CARTESIAN_POINT('',(0.,0.,0.));
#8360=CARTESIAN_POINT('',(0.00436223448876326,0.00695234480433853,0.0222769142895744));
#8361=CARTESIAN_POINT('',(0.00436223448876326,0.00709651147100519,0.0222769142895744));
#8362=CARTESIAN_POINT('',(0.00434301759674228,0.00709651147100519,0.0221787781032767));
#8363=CARTESIAN_POINT('',(0.00434301759674228,0.,0.0221787781032767));
#8364=CARTESIAN_POINT('',(0.00434301759674228,0.00680817813767186,0.0221787781032767));
#8365=CARTESIAN_POINT('',(0.00436223448876327,0.00680817813767186,0.0222769142895744));
#8366=CARTESIAN_POINT('',(0.,0.00680817813767186,0.));
#8367=CARTESIAN_POINT('',(0.,0.00680817813767186,0.));
#8368=CARTESIAN_POINT('',(0.00381267748431482,0.00680817813767186,0.0222760743938558));
#8369=CARTESIAN_POINT('',(0.00382104328680042,0.00680817813767186,0.022325395066537));
#8370=CARTESIAN_POINT('',(0.00378780343316508,0.00664460441972314,0.0223310332307194));
#8371=CARTESIAN_POINT('',(0.,0.00664460441972708,0.));
#8372=CARTESIAN_POINT('',(0.00374627118500197,0.00648103070177442,0.0222873383832261));
#8373=CARTESIAN_POINT('',(0.0142119591736871,0.00608558360444796,0.0844757394941673));
#8374=CARTESIAN_POINT('',(0.00387019138771293,0.00612609581724092,0.0223475318075427));
#8375=CARTESIAN_POINT('',(0.00374637476465166,0.00648069897781394,0.0222873210339386));
#8376=CARTESIAN_POINT('',(0.00378055097745196,0.00649167083789994,0.0222815762025616));
#8377=CARTESIAN_POINT('',(0.00381554765039606,0.00649743750616794,0.0222756126113147));
#8378=CARTESIAN_POINT('',(0.00385136267846381,0.00649799938614828,0.0222694186165453));
#8379=CARTESIAN_POINT('',(0.00385136775048629,0.00649766531715904,0.0222694177393688));
#8380=CARTESIAN_POINT('',(0.00385136269275011,0.00649799938578543,0.0222694187991096));
#8381=CARTESIAN_POINT('',(0.00385704360745867,0.00649798119993673,0.0223022644643355));
#8382=CARTESIAN_POINT('',(0.00386272452487533,0.00649796283521514,0.022335110128994));
#8383=CARTESIAN_POINT('',(0.00386840544470033,0.00649794429161624,0.022367955793135));
#8384=CARTESIAN_POINT('',(0.00386840920070968,0.00649766531715904,0.0223679549860032));
#8385=CARTESIAN_POINT('',(0.0038803136411691,0.0064973884839953,0.0223658961814754));
#8386=CARTESIAN_POINT('',(0.00389072572358624,0.00649705339633994,0.0223640858374428));
#8387=CARTESIAN_POINT('',(0.00390410692414486,0.00649646338306604,0.0223617523826961));
#8388=CARTESIAN_POINT('',(0.00390819449912825,0.0064962521483459,0.0223610382133639));
#8389=CARTESIAN_POINT('',(0.00391376678346978,0.00649591345082243,0.0223600633523307));
#8390=CARTESIAN_POINT('',(0.00391553103160066,0.00649579691074073,0.0223597544623994));
#8391=CARTESIAN_POINT('',(0.00391887319095562,0.00649555654876291,0.0223591689423249));
#8392=CARTESIAN_POINT('',(0.00391981461249214,0.00649548736811293,0.0223590039590724));
#8393=CARTESIAN_POINT('',(0.00393890579763916,0.00649384843166764,0.0223556551672509));
#8394=CARTESIAN_POINT('',(0.00395669506483385,0.00649125878990321,0.0223525145641149));
#8395=CARTESIAN_POINT('',(0.00401141135007021,0.00648031283217056,0.0223427829887129));
#8396=CARTESIAN_POINT('',(0.00404503103852903,0.00646966671598113,0.0223367135507832));
#8397=CARTESIAN_POINT('',(0.00410873463959654,0.00644069056039104,0.0223250833820119));
#8398=CARTESIAN_POINT('',(0.00413881998695876,0.00642266887017472,0.0223195205875793));
#8399=CARTESIAN_POINT('',(0.00418130385052475,0.00639033591621832,0.0223115868025011));
#8400=CARTESIAN_POINT('',(0.00419502444107661,0.00637867486179421,0.0223090105693427));
#8401=CARTESIAN_POINT('',(0.00422158509118674,0.00635358594673533,0.0223039996853063));
#8402=CARTESIAN_POINT('',(0.00423493345222975,0.00633957144780368,0.0223014682297332));
#8403=CARTESIAN_POINT('',(0.00427060916377614,0.00629839757147414,0.0222946738831662));
#8404=CARTESIAN_POINT('',(0.00429127602609463,0.00626904609136185,0.0222906991760667));
#8405=CARTESIAN_POINT('',(0.00432638565587491,0.00620653867268541,0.0222839113902087));
#8406=CARTESIAN_POINT('',(0.00434113250082021,0.00617244220393275,0.0222810389101935));
#8407=CARTESIAN_POINT('',(0.00435767773613176,0.00612126574753039,0.0222778068113724));
#8408=CARTESIAN_POINT('',(0.00436246913105082,0.00610392248655024,0.022276868726663));
#8409=CARTESIAN_POINT('',(0.00436857110759644,0.00607748093181095,0.0222756726222568));
#8410=CARTESIAN_POINT('',(0.0043704242458771,0.00606859596968634,0.0222753090846213));
#8411=CARTESIAN_POINT('',(0.00437293271218768,0.00605516186068217,0.022274816726985));
#8412=CARTESIAN_POINT('',(0.00437372366069295,0.00605066604671124,0.0222746614321628));
#8413=CARTESIAN_POINT('',(0.00437484227730055,0.00604389565930052,0.0222744417481817));
#8414=CARTESIAN_POINT('',(0.00437520384847301,0.0060416344190879,0.0222743707298709));
#8415=CARTESIAN_POINT('',(0.0043759043894054,0.00603710304984454,0.0222742331159168));
#8416=CARTESIAN_POINT('',(0.0043763274558155,0.00603424914939127,0.0222741499963768));
#8417=CARTESIAN_POINT('',(0.00438046819183735,0.00600550551509823,0.022273336395667));
#8418=CARTESIAN_POINT('',(0.00438294392447963,0.00596935861293166,0.0222728490254412));
#8419=CARTESIAN_POINT('',(0.00438399850592082,0.00592411764087698,0.0222726414486491));
#8420=CARTESIAN_POINT('',(0.00385136775048629,0.00649766531715904,0.0222694177393688));
#8421=CARTESIAN_POINT('',(0.00386321974847672,0.0064973884839953,0.0222673680044645));
#8422=CARTESIAN_POINT('',(0.00387358596268939,0.00649705339633994,0.0222655656355157));
#8423=CARTESIAN_POINT('',(0.00388690821522792,0.00649646338306604,0.0222632424603054));
#8424=CARTESIAN_POINT('',(0.00389097778327306,0.0064962521483459,0.0222625314370936));
#8425=CARTESIAN_POINT('',(0.00389652552010648,0.00649591345082243,0.0222615608706024));
#8426=CARTESIAN_POINT('',(0.00389828199621916,0.00649579691074073,0.0222612533414196));
#8427=CARTESIAN_POINT('',(0.00390160943240516,0.00649555654876291,0.0222606704007287));
#8428=CARTESIAN_POINT('',(0.00390254670671024,0.00649548736811293,0.0222605061442747));
#8429=CARTESIAN_POINT('',(0.00392155378972004,0.00649384843166764,0.0222571721048401));
#8430=CARTESIAN_POINT('',(0.0039392646900989,0.00649125878990321,0.0222540453369602));
#8431=CARTESIAN_POINT('',(0.00399373993443114,0.00648031283217056,0.0222443566319344));
#8432=CARTESIAN_POINT('',(0.00402721151853551,0.00646966671598113,0.0222383139316167));
#8433=CARTESIAN_POINT('',(0.00409063448699919,0.00644069056039104,0.0222267349970691));
#8434=CARTESIAN_POINT('',(0.00412058729979154,0.00642266887017472,0.0222211967083389));
#8435=CARTESIAN_POINT('',(0.00416288400977354,0.00639033591621832,0.0222132978738558));
#8436=CARTESIAN_POINT('',(0.00417654415719521,0.00637867486179421,0.022210732989742));
#8437=CARTESIAN_POINT('',(0.00420298780003614,0.00635358594673533,0.0222057441800847));
#8438=CARTESIAN_POINT('',(0.00421627735772654,0.00633957144780368,0.0222032238762983));
#8439=CARTESIAN_POINT('',(0.00425179590754805,0.00629839757147414,0.0221964594607734));
#8440=CARTESIAN_POINT('',(0.0042723717264202,0.00626904609136185,0.0221925022633968));
#8441=CARTESIAN_POINT('',(0.00430732668822788,0.00620653867268541,0.0221857443796792));
#8442=CARTESIAN_POINT('',(0.00432200856909853,0.00617244220393275,0.0221828845537609));
#8443=CARTESIAN_POINT('',(0.00433848091791092,0.00612126574753039,0.0221796666932606));
#8444=CARTESIAN_POINT('',(0.00434325120536337,0.00610392248655024,0.022178732741083));
#8445=CARTESIAN_POINT('',(0.00434932630095505,0.00607748093181095,0.0221775419058592));
#8446=CARTESIAN_POINT('',(0.00435117127563094,0.00606859596968634,0.0221771799697111));
#8447=CARTESIAN_POINT('',(0.00435366869142914,0.00605516186068217,0.0221766897810511));
#8448=CARTESIAN_POINT('',(0.00435445615557977,0.00605066604671124,0.0221765351703471));
#8449=CARTESIAN_POINT('',(0.0043555698443609,0.00604389565930052,0.0221763164541368));
#8450=CARTESIAN_POINT('',(0.00435592982270881,0.0060416344190879,0.0221762457486821));
#8451=CARTESIAN_POINT('',(0.0043566272775578,0.00603710304984454,0.0221761087409568));
#8452=CARTESIAN_POINT('',(0.00435704848023922,0.00603424914939127,0.0221760259875822));
#8453=CARTESIAN_POINT('',(0.00436117097513322,0.00600550551509823,0.0221752159710165));
#8454=CARTESIAN_POINT('',(0.0043636358014643,0.00596935861293166,0.0221747307477961));
#8455=CARTESIAN_POINT('',(0.00436468573717227,0.00592411764087698,0.0221745240854392));
#8456=CARTESIAN_POINT('',(0.00385136775048634,0.00649766531715904,0.0222694177393688));
#8457=CARTESIAN_POINT('',(0.00389877574041626,0.00649655798455157,0.0222612188001029));
#8458=CARTESIAN_POINT('',(0.00395276083011698,0.00649199843481042,0.0222517048566833));
#8459=CARTESIAN_POINT('',(0.00409802920759245,0.00644777295545002,0.0222255642653238));
#8460=CARTESIAN_POINT('',(0.00423777802259449,0.00633773079968906,0.0221992642938126));
#8461=CARTESIAN_POINT('',(0.00434750971103194,0.00613437634880454,0.0221779329918635));
#8462=CARTESIAN_POINT('',(0.00436258586575635,0.0060145995849881,0.0221749374101529));
#8463=CARTESIAN_POINT('',(0.00436468573717233,0.00592411764087698,0.0221745240854392));
#8464=CARTESIAN_POINT('',(0.00436468573717227,0.00592411764087698,0.0221745240854392));
#8465=CARTESIAN_POINT('',(0.00438399850592082,0.00592411764087698,0.0222726414486491));
#8466=CARTESIAN_POINT('',(0.00437756091633797,0.00592411764087698,0.0222399356609125));
#8467=CARTESIAN_POINT('',(0.00437112332675512,0.00592411764087698,0.0222072298731758));
#8468=CARTESIAN_POINT('',(0.00436468573717227,0.00592411764087698,0.0221745240854392));
#8469=CARTESIAN_POINT('',(0.00438399850592082,0.00592411764087698,0.0222726414486491));
#8470=CARTESIAN_POINT('',(0.00438332719166407,0.00589996767281894,0.0222727735856795));
#8471=CARTESIAN_POINT('',(0.00438222870355073,0.00587823990583548,0.0222729897860071));
#8472=CARTESIAN_POINT('',(0.004379940154652,0.00584928155697245,0.022273439897019));
#8473=CARTESIAN_POINT('',(0.00437907050177819,0.00584023432428679,0.0222736109001386));
#8474=CARTESIAN_POINT('',(0.00437760580654693,0.0058275718006613,0.0222738987976974));
#8475=CARTESIAN_POINT('',(0.00437709087212158,0.00582350234701998,0.0222739999955528));
#8476=CARTESIAN_POINT('',(0.00437627841482538,0.00581762524790874,0.0222741596320065));
#8477=CARTESIAN_POINT('',(0.00437600091978186,0.00581570406176346,0.0222742141507605));
#8478=CARTESIAN_POINT('',(0.00437543257751156,0.00581193738325647,0.022274325799977));
#8479=CARTESIAN_POINT('',(0.00437524345927869,0.00581070995962594,0.0222743629502078));
#8480=CARTESIAN_POINT('',(0.00436845616735364,0.00576947281820761,0.0222756960181968));
#8481=CARTESIAN_POINT('',(0.00435850722849821,0.00573198733918292,0.0222776480071013));
#8482=CARTESIAN_POINT('',(0.00433173600647357,0.00566034784396661,0.0222828689615901));
#8483=CARTESIAN_POINT('',(0.00431489802292018,0.00562618487844564,0.0222861410347963));
#8484=CARTESIAN_POINT('',(0.00427430829864726,0.00556117251157806,0.0222939614187148));
#8485=CARTESIAN_POINT('',(0.00425119138979793,0.00553100408655728,0.0222983895199167));
#8486=CARTESIAN_POINT('',(0.00419549203048579,0.00547125689538676,0.0223089365510047));
#8487=CARTESIAN_POINT('',(0.00416614558049733,0.00544516329814532,0.0223144396110772));
#8488=CARTESIAN_POINT('',(0.00411987614528296,0.00541169289979886,0.0223230120410778));
#8489=CARTESIAN_POINT('',(0.00410407803706318,0.005401481099936,0.0223259224627867));
#8490=CARTESIAN_POINT('',(0.00407173109264271,0.00538294749938217,0.0223318444437058));
#8491=CARTESIAN_POINT('',(0.00405612459565807,0.00537503642893134,0.0223346856464397));
#8492=CARTESIAN_POINT('',(0.00400252374454726,0.00535167383489593,0.0223443756305129));
#8493=CARTESIAN_POINT('',(0.00396640438334709,0.00534024781780749,0.0223508181268037));
#8494=CARTESIAN_POINT('',(0.00391977271932433,0.00533095244667306,0.0223590132048733));
#8495=CARTESIAN_POINT('',(0.00391038277448198,0.00532935754978398,0.022360657384052));
#8496=CARTESIAN_POINT('',(0.00389620238820668,0.00532736147045708,0.0223631310413505));
#8497=CARTESIAN_POINT('',(0.00389145968128031,0.00532676215501589,0.0223639568251543));
#8498=CARTESIAN_POINT('',(0.00388432174727682,0.0053259622483558,0.0223651973028572));
#8499=CARTESIAN_POINT('',(0.00388193845700673,0.00532571212388605,0.0223656110957546));
#8500=CARTESIAN_POINT('',(0.00387716391753577,0.00532524489711377,0.0223664392746607));
#8501=CARTESIAN_POINT('',(0.00387395970470474,0.00532495971223869,0.0223669944066012));
#8502=CARTESIAN_POINT('',(0.00385971931461429,0.00532376713442146,0.0223694598022174));
#8503=CARTESIAN_POINT('',(0.00384063850494578,0.0053228755656278,0.0223727549857301));
#8504=CARTESIAN_POINT('',(0.00381512658119573,0.00532215249664621,0.0223771045752004));
#8505=CARTESIAN_POINT('',(0.00436468573717227,0.00592411764087698,0.0221745240854392));
#8506=CARTESIAN_POINT('',(0.00436401738024705,0.00589996767281894,0.0221746556403681));
#8507=CARTESIAN_POINT('',(0.00436292373128839,0.00587823990583548,0.0221748708882714));
#8508=CARTESIAN_POINT('',(0.00436064526410287,0.00584928155697245,0.0221753190164154));
#8509=CARTESIAN_POINT('',(0.00435977944229899,0.00584023432428679,0.0221754892662173));
#8510=CARTESIAN_POINT('',(0.00435832119946964,0.0058275718006613,0.0221757758955049));
#8511=CARTESIAN_POINT('',(0.00435780853347788,0.00582350234701998,0.0221758766475548));
#8512=CARTESIAN_POINT('',(0.0043569996552887,0.00581762524790874,0.0221760355807642));
#8513=CARTESIAN_POINT('',(0.00435672338269031,0.00581570406176346,0.0221760898593474));
#8514=CARTESIAN_POINT('',(0.00435615754413046,0.00581193738325647,0.0221762010167172));
#8515=CARTESIAN_POINT('',(0.00435596925901755,0.00581070995962594,0.0221762380032906));
#8516=CARTESIAN_POINT('',(0.00434921186705693,0.00576947281820761,0.0221775651987334));
#8517=CARTESIAN_POINT('',(0.00433930675612598,0.00573198733918292,0.0221795085885678));
#8518=CARTESIAN_POINT('',(0.00431265346900012,0.00566034784396661,0.0221847065432571));
#8519=CARTESIAN_POINT('',(0.00429588966158573,0.00562618487844564,0.0221879642020439));
#8520=CARTESIAN_POINT('',(0.00425547874667084,0.00556117251157806,0.0221957501349319));
#8521=CARTESIAN_POINT('',(0.00423246367442437,0.00553100408655728,0.0222001587290801));
#8522=CARTESIAN_POINT('',(0.00417700968673916,0.00547125689538676,0.022210659297476));
#8523=CARTESIAN_POINT('',(0.00414779251626606,0.00544516329814532,0.0222161381149931));
#8524=CARTESIAN_POINT('',(0.00410172691116277,0.00541169289979886,0.022224672780985));
#8525=CARTESIAN_POINT('',(0.00408599839813338,0.005401481099936,0.0222275703814528));
#8526=CARTESIAN_POINT('',(0.00405379395126542,0.00538294749938217,0.0222334662743503));
#8527=CARTESIAN_POINT('',(0.00403825620536883,0.00537503642893134,0.0222362949607725));
#8528=CARTESIAN_POINT('',(0.00398489148135542,0.00535167383489593,0.0222459422576913));
#8529=CARTESIAN_POINT('',(0.00394893123628389,0.00534024781780749,0.0222523563729411));
#8530=CARTESIAN_POINT('',(0.00390250499809382,0.00533095244667306,0.0222605153493452));
#8531=CARTESIAN_POINT('',(0.00389315641864726,0.00532935754978398,0.0222621522854439));
#8532=CARTESIAN_POINT('',(0.00387903850103397,0.00532736147045708,0.0222646150455736));
#8533=CARTESIAN_POINT('',(0.00387431668708964,0.00532676215501589,0.0222654371915633));
#8534=CARTESIAN_POINT('',(0.00386721019772934,0.0053259622483558,0.0222666722046067));
#8535=CARTESIAN_POINT('',(0.00386483740653533,0.00532571212388605,0.0222670841746279));
#8536=CARTESIAN_POINT('',(0.00386008390027791,0.00532524489711377,0.0222679087051688));
#8537=CARTESIAN_POINT('',(0.0038568938029219,0.00532495971223869,0.0222684613915941));
#8538=CARTESIAN_POINT('',(0.00384271614582745,0.00532376713442146,0.0222709159264367));
#8539=CARTESIAN_POINT('',(0.00382371939258915,0.0053228755656278,0.0222741965937225));
#8540=CARTESIAN_POINT('',(0.00379831985616844,0.00532215249664621,0.0222785270220057));
#8541=CARTESIAN_POINT('',(0.00436468573717233,0.00592411764087698,0.0221745240854392));
#8542=CARTESIAN_POINT('',(0.00436201230947123,0.00582751776864457,0.0221750503051548));
#8543=CARTESIAN_POINT('',(0.00434268936613252,0.00569916291389258,0.0221788959586369));
#8544=CARTESIAN_POINT('',(0.00421344942970795,0.00548865869785774,0.0222039340825131));
#8545=CARTESIAN_POINT('',(0.00406218573705675,0.00537559748340011,0.0222321738395681));
#8546=CARTESIAN_POINT('',(0.00390677967944946,0.00532793948306685,0.0222598324515111));
#8547=CARTESIAN_POINT('',(0.00384911891577535,0.00532359863423262,0.0222698661676956));
#8548=CARTESIAN_POINT('',(0.00379831985616838,0.00532215249664621,0.0222785270220057));
#8549=CARTESIAN_POINT('',(0.00379831985616844,0.00532215249664621,0.0222785270220057));
#8550=CARTESIAN_POINT('',(0.00381512658119573,0.00532215249664621,0.0223771045752004));
#8551=CARTESIAN_POINT('',(0.00380952433951997,0.00532215249664621,0.0223442453908022));
#8552=CARTESIAN_POINT('',(0.0038039220978442,0.00532215249664621,0.0223113862064039));
#8553=CARTESIAN_POINT('',(0.00379831985616844,0.00532215249664621,0.0222785270220057));
#8554=CARTESIAN_POINT('',(0.00381512658119573,0.00532215249664621,0.0223771045752004));
#8555=CARTESIAN_POINT('',(0.00379452529265675,0.00532268662814026,0.0223806169386184));
#8556=CARTESIAN_POINT('',(0.00377597945146659,0.00532353971918277,0.0223837498800907));
#8557=CARTESIAN_POINT('',(0.00375124783683132,0.00532529779533387,0.0223879031966988));
#8558=CARTESIAN_POINT('',(0.00374351848010061,0.00532596356063409,0.022389196566392));
#8559=CARTESIAN_POINT('',(0.00373269662550279,0.0053270818184592,0.0223910024178644));
#8560=CARTESIAN_POINT('',(0.00372921803677472,0.0053274745060467,0.0223915819978503));
#8561=CARTESIAN_POINT('',(0.00372251831238773,0.00532829975117996,0.0223926967769895));
#8562=CARTESIAN_POINT('',(0.00372024335404243,0.00532859385937309,0.02239307495959));
#8563=CARTESIAN_POINT('',(0.00368389632822805,0.00533391233627084,0.022399106688125));
#8564=CARTESIAN_POINT('',(0.00365144731452615,0.00534173655359942,0.0224044184493503));
#8565=CARTESIAN_POINT('',(0.0035562350286591,0.00537364320711425,0.0224197976484699));
#8566=CARTESIAN_POINT('',(0.0034991196119772,0.00540504446070824,0.0224287544361208));
#8567=CARTESIAN_POINT('',(0.00339333466577957,0.0054916421068448,0.0224450026389117));
#8568=CARTESIAN_POINT('',(0.00335042170747427,0.00554244891491773,0.022451409093373));
#8569=CARTESIAN_POINT('',(0.00330948565206099,0.00561499275665176,0.0224574569622719));
#8570=CARTESIAN_POINT('',(0.00330186928851693,0.00562983041475661,0.0224585776465335));
#8571=CARTESIAN_POINT('',(0.00329130140565631,0.00565258023655096,0.0224601279545127));
#8572=CARTESIAN_POINT('',(0.00328792155445244,0.00566024573292192,0.0224606229333544));
#8573=CARTESIAN_POINT('',(0.00328306598530843,0.00567186731113762,0.0224613330061185));
#8574=CARTESIAN_POINT('',(0.00328148316349715,0.00567576172615274,0.0224615642975349));
#8575=CARTESIAN_POINT('',(0.00327838892904109,0.00568359166740272,0.0224620161266648));
#8576=CARTESIAN_POINT('',(0.00327650300403885,0.00568853118946644,0.0224622912745546));
#8577=CARTESIAN_POINT('',(0.00326659227139252,0.00571509996360953,0.0224637364254173));
#8578=CARTESIAN_POINT('',(0.00325719437438084,0.00574724611421401,0.0224651015270902));
#8579=CARTESIAN_POINT('',(0.00324720780664141,0.00578792172741545,0.0224665449382073));
#8580=CARTESIAN_POINT('',(0.00379831985616844,0.00532215249664621,0.0222785270220057));
#8581=CARTESIAN_POINT('',(0.00377780932220453,0.00532268662814026,0.0222820239124571));
#8582=CARTESIAN_POINT('',(0.00375934518075528,0.00532353971918277,0.0222851430524251));
#8583=CARTESIAN_POINT('',(0.00373472251596422,0.00532529779533387,0.0222892780724843));
#8584=CARTESIAN_POINT('',(0.00372702720926317,0.00532596356063409,0.0222905657445136));
#8585=CARTESIAN_POINT('',(0.00371625302803361,0.0053270818184592,0.0222923636406932));
#8586=CARTESIAN_POINT('',(0.00371278976348496,0.0053274745060467,0.0222929406674633));
#8587=CARTESIAN_POINT('',(0.00370611955330232,0.00532829975117996,0.0222940505356812));
#8588=CARTESIAN_POINT('',(0.00370385461679995,0.00532859385937309,0.022294427052279));
#8589=CARTESIAN_POINT('',(0.00366766771004202,0.00533391233627084,0.0223004322093227));
#8590=CARTESIAN_POINT('',(0.00363536164353705,0.00534173655359942,0.0223057205707188));
#8591=CARTESIAN_POINT('',(0.00354056879505267,0.00537364320711425,0.0223210320200625));
#8592=CARTESIAN_POINT('',(0.00348370498813589,0.00540504446070824,0.0223299493504992));
#8593=CARTESIAN_POINT('',(0.0033783860549171,0.0054916421068448,0.0223461259753041));
#8594=CARTESIAN_POINT('',(0.00333566214048099,0.00554244891491773,0.0223525042074991));
#8595=CARTESIAN_POINT('',(0.00329490642011358,0.00561499275665176,0.0223585254338038));
#8596=CARTESIAN_POINT('',(0.00328732360883183,0.00562983041475661,0.0223596411811302));
#8597=CARTESIAN_POINT('',(0.00327680228052126,0.00565258023655096,0.0223611846595589));
#8598=CARTESIAN_POINT('',(0.00327343731852974,0.00566024573292192,0.022361677457877));
#8599=CARTESIAN_POINT('',(0.00326860313955817,0.00567186731113762,0.0223623844025674));
#8600=CARTESIAN_POINT('',(0.0032670272905302,0.00567576172615274,0.0223626146750788));
#8601=CARTESIAN_POINT('',(0.00326394668706294,0.00568359166740272,0.022363064513772));
#8602=CARTESIAN_POINT('',(0.00326206907010035,0.00568853118946644,0.0223633384495566));
#8603=CARTESIAN_POINT('',(0.00325220199706921,0.00571509996360953,0.0223647772341159));
#8604=CARTESIAN_POINT('',(0.00324284550048481,0.00574724611421434,0.0223661363221251));
#8605=CARTESIAN_POINT('',(0.00323290292643595,0.00578792172741545,0.0223675733746028));
#8606=CARTESIAN_POINT('',(0.00379831985616838,0.00532215249664621,0.0222785270220057));
#8607=CARTESIAN_POINT('',(0.00371627772934698,0.00532428902238716,0.0222925145822712));
#8608=CARTESIAN_POINT('',(0.00360746156510281,0.00534021970129703,0.0223104370273944));
#8609=CARTESIAN_POINT('',(0.00342205209237274,0.00543703014050586,0.0223396448537133));
#8610=CARTESIAN_POINT('',(0.00329060319456517,0.00560171943933867,0.0223592095351624));
#8611=CARTESIAN_POINT('',(0.00325278807451417,0.00570657050109234,0.0223646992696502));
#8612=CARTESIAN_POINT('',(0.00323290292643601,0.00578792172741545,0.0223675733746028));
#8613=CARTESIAN_POINT('',(0.00323290292643595,0.00578792172741545,0.0223675733746028));
#8614=CARTESIAN_POINT('',(0.00323290292643594,0.00578792172741545,0.0223675733746028));
#8615=CARTESIAN_POINT('',(0.00323767121983776,0.00578792172741545,0.0224005638958043));
#8616=CARTESIAN_POINT('',(0.00324243951323959,0.00578792172741545,0.0224335544170058));
#8617=CARTESIAN_POINT('',(0.00324720780664141,0.00578792172741545,0.0224665449382073));
#8618=CARTESIAN_POINT('',(0.,0.00578792172741545,0.));
#8619=CARTESIAN_POINT('',(0.,0.00578792172741545,0.));
#8620=CARTESIAN_POINT('',(0.00358216856984195,0.00578792172741545,0.022314301878778));
#8621=CARTESIAN_POINT('',(0.00359801887324833,0.00578792172741545,0.0224130377277992));
#8622=CARTESIAN_POINT('',(0.00359273543877954,0.00578792172741545,0.0223801257781255));
#8623=CARTESIAN_POINT('',(0.00358745200431074,0.00578792172741545,0.0223472138284517));
#8624=CARTESIAN_POINT('',(0.00358216856984195,0.00578792172741545,0.022314301878778));
#8625=CARTESIAN_POINT('',(0.00359801887324833,0.00578792172741545,0.0224130377277992));
#8626=CARTESIAN_POINT('',(0.00360512264809019,0.00577437420245242,0.0224118973417318));
#8627=CARTESIAN_POINT('',(0.00361199981492306,0.00576234670731047,0.0224107898727721));
#8628=CARTESIAN_POINT('',(0.00362197579959408,0.00574658550926226,0.0224091789821335));
#8629=CARTESIAN_POINT('',(0.00362524450013442,0.00574171178402736,0.0224086504034102));
#8630=CARTESIAN_POINT('',(0.00363006262694327,0.00573497120734676,0.0224078702239073));
#8631=CARTESIAN_POINT('',(0.00363165451520715,0.00573281935031519,0.0224076122787965));
#8632=CARTESIAN_POINT('',(0.00363480998657805,0.00572870563997596,0.0224071006360967));
#8633=CARTESIAN_POINT('',(0.0036358409744632,0.00572738549033937,0.0224069334103871));
#8634=CARTESIAN_POINT('',(0.00365457921886343,0.00570480849428848,0.0224038910789138));
#8635=CARTESIAN_POINT('',(0.00367248491617482,0.00568828303126617,0.0224009658603201));
#8636=CARTESIAN_POINT('',(0.00371277893008217,0.00566097084565704,0.0223943227080235));
#8637=CARTESIAN_POINT('',(0.00373565471699567,0.0056502375905996,0.022390521831753));
#8638=CARTESIAN_POINT('',(0.00376544677533457,0.0056411486515331,0.0223855186914677));
#8639=CARTESIAN_POINT('',(0.00377143923025695,0.00563959078510618,0.0223845099004944));
#8640=CARTESIAN_POINT('',(0.00378047895367019,0.00563764386754537,0.0223829843456825));
#8641=CARTESIAN_POINT('',(0.00378350070164162,0.00563705987537169,0.0223824737660054));
#8642=CARTESIAN_POINT('',(0.00378956120722122,0.00563602185171753,0.0223814484630009));
#8643=CARTESIAN_POINT('',(0.00379360619651478,0.00563543935219437,0.0223807630859938));
#8644=CARTESIAN_POINT('',(0.0038038113400509,0.00563413643673828,0.022379032326247));
#8645=CARTESIAN_POINT('',(0.0038161128632291,0.00563329861949202,0.0223769426120805));
#8646=CARTESIAN_POINT('',(0.00383254829465994,0.00563266531715904,0.0223741273253081));
#8647=CARTESIAN_POINT('',(0.00358216856984195,0.00578792172741545,0.022314301878778));
#8648=CARTESIAN_POINT('',(0.00358924105052146,0.00577437420245252,0.0223131665164378));
#8649=CARTESIAN_POINT('',(0.00359608792146525,0.00576234670731047,0.0223120639261961));
#8650=CARTESIAN_POINT('',(0.00360601995906723,0.00574658550926226,0.0223104601319919));
#8651=CARTESIAN_POINT('',(0.00360927426004572,0.00574171178402736,0.0223099338818093));
#8652=CARTESIAN_POINT('',(0.00361407116162634,0.00573497120734676,0.0223091571392205));
#8653=CARTESIAN_POINT('',(0.00361565603716659,0.00573281935031519,0.0223089003304317));
#8654=CARTESIAN_POINT('',(0.00361879760778256,0.00572870563997596,0.0223083909416646));
#8655=CARTESIAN_POINT('',(0.00361982405387085,0.00572738549033937,0.0223082244526321));
#8656=CARTESIAN_POINT('',(0.00363847975093892,0.00570480849428848,0.0223051955235001));
#8657=CARTESIAN_POINT('',(0.00365630656852648,0.00568828303126617,0.0223022831913319));
#8658=CARTESIAN_POINT('',(0.00369642307576463,0.00566097084565704,0.0222956693040234));
#8659=CARTESIAN_POINT('',(0.00371919808828644,0.0056502375905996,0.0222918851717012));
#8660=CARTESIAN_POINT('',(0.00374885890407759,0.0056411486515331,0.0222869040716815));
#8661=CARTESIAN_POINT('',(0.00375482496052013,0.00563959078510618,0.0222858997247213));
#8662=CARTESIAN_POINT('',(0.00376382486136327,0.00563764386754537,0.0222843808904152));
#8663=CARTESIAN_POINT('',(0.00376683329766963,0.00563705987537169,0.0222838725599878));
#8664=CARTESIAN_POINT('',(0.00377286710498676,0.00563602185171753,0.0222828517737366));
#8665=CARTESIAN_POINT('',(0.00377689427494423,0.00563543935219437,0.0222821694160115));
#8666=CARTESIAN_POINT('',(0.00378705446190089,0.00563413643673828,0.022280446280757));
#8667=CARTESIAN_POINT('',(0.00379930179334706,0.00563329861949202,0.0222783657723797));
#8668=CARTESIAN_POINT('',(0.00381566482199624,0.00563266531715904,0.0222755628877517));
#8669=CARTESIAN_POINT('',(0.00358216856984185,0.00578792172741545,0.022314301878778));
#8670=CARTESIAN_POINT('',(0.00361045849252927,0.00573373162762281,0.0223097604294222));
#8671=CARTESIAN_POINT('',(0.00367239404078939,0.00566478880000323,0.0222996850681182));
#8672=CARTESIAN_POINT('',(0.00375021271447385,0.00563519852621717,0.0222867744250519));
#8673=CARTESIAN_POINT('',(0.00381566482199616,0.00563266531715904,0.0222755628877517));
#8674=CARTESIAN_POINT('',(0.00381566482199624,0.00563266531715904,0.0222755628877517));
#8675=CARTESIAN_POINT('',(0.00383254829465994,0.00563266531715904,0.0223741273253081));
#8676=CARTESIAN_POINT('',(0.00382692047043871,0.00563266531715904,0.0223412725127893));
#8677=CARTESIAN_POINT('',(0.00382129264621747,0.00563266531715904,0.0223084177002705));
#8678=CARTESIAN_POINT('',(0.00381566482199624,0.00563266531715904,0.0222755628877517));
#8679=CARTESIAN_POINT('',(0.00383254829465994,0.00563266531715904,0.0223741273253081));
#8680=CARTESIAN_POINT('',(0.00384348785550215,0.00563308287334465,0.0223722534468484));
#8681=CARTESIAN_POINT('',(0.00385324034422089,0.00563372881635915,0.0223705747448892));
#8682=CARTESIAN_POINT('',(0.00386608965810334,0.00563504031118598,0.0223683564359847));
#8683=CARTESIAN_POINT('',(0.00387007618993583,0.00563553457284234,0.0223676669393327));
#8684=CARTESIAN_POINT('',(0.00387745627126222,0.00563663728958322,0.0223663887762257));
#8685=CARTESIAN_POINT('',(0.00387989363670427,0.00563704026720994,0.0223659661605009));
#8686=CARTESIAN_POINT('',(0.0038920535734102,0.00563965335497918,0.0223638544683369));
#8687=CARTESIAN_POINT('',(0.00390017489594339,0.0056419379625792,0.0223624395806413));
#8688=CARTESIAN_POINT('',(0.00391644690988646,0.00564759227595362,0.0223595955200183));
#8689=CARTESIAN_POINT('',(0.0039251842844432,0.00565124307814121,0.0223580631439053));
#8690=CARTESIAN_POINT('',(0.00396307767911373,0.0056693988703833,0.0223513973327943));
#8691=CARTESIAN_POINT('',(0.00399072526809805,0.00569159537842353,0.0223464685071333));
#8692=CARTESIAN_POINT('',(0.00403659172363492,0.00574642274772831,0.022338228894933));
#8693=CARTESIAN_POINT('',(0.00405316145730485,0.00577629844928942,0.0223352188060214));
#8694=CARTESIAN_POINT('',(0.00406645883374463,0.00581839916775814,0.0223327991944684));
#8695=CARTESIAN_POINT('',(0.00406876557037841,0.00582686437987577,0.0223323789748991));
#8696=CARTESIAN_POINT('',(0.00407169665673733,0.00583962980068805,0.0223318446914225));
#8697=CARTESIAN_POINT('',(0.0040725855154765,0.00584389620806478,0.0223316826030099));
#8698=CARTESIAN_POINT('',(0.00407418690436464,0.00585245155703018,0.0223313905015059));
#8699=CARTESIAN_POINT('',(0.00407504645521915,0.00585775307007387,0.0223312336565461));
#8700=CARTESIAN_POINT('',(0.00407743320404248,0.00587419125627201,0.0223307980653135));
#8701=CARTESIAN_POINT('',(0.00407856886977133,0.00589163583775906,0.0223305905902631));
#8702=CARTESIAN_POINT('',(0.00407893086681488,0.00591337445177442,0.022330524467279));
#8703=CARTESIAN_POINT('',(0.00381566482199624,0.00563266531715904,0.0222755628877517));
#8704=CARTESIAN_POINT('',(0.00382655619094046,0.00563308287334465,0.0222736972642631));
#8705=CARTESIAN_POINT('',(0.00383626571715384,0.00563372881635915,0.0222720259574668));
#8706=CARTESIAN_POINT('',(0.00384905842612931,0.00563504031118598,0.0222698174208482));
#8707=CARTESIAN_POINT('',(0.00385302739614757,0.00563553457284234,0.0222691309616264));
#8708=CARTESIAN_POINT('',(0.00386037496610247,0.00563663728958322,0.0222678584291939));
#8709=CARTESIAN_POINT('',(0.00386280159425183,0.00563704026720994,0.0222674376752124));
#8710=CARTESIAN_POINT('',(0.00387490796295465,0.00563965335497918,0.022265335285657));
#8711=CARTESIAN_POINT('',(0.0038829935087366,0.0056419379625792,0.0222639266309468));
#8712=CARTESIAN_POINT('',(0.00389919383979886,0.00564759227595362,0.0222610950992252));
#8713=CARTESIAN_POINT('',(0.00390789272371878,0.00565124307814121,0.0222595694736678));
#8714=CARTESIAN_POINT('',(0.00394561918713526,0.0056693988703833,0.0222529330273635));
#8715=CARTESIAN_POINT('',(0.00397314498057339,0.00569159537842353,0.0222480259145909));
#8716=CARTESIAN_POINT('',(0.00401880938124005,0.00574642274772831,0.0222398226002417));
#8717=CARTESIAN_POINT('',(0.00403530612048853,0.00577629844928942,0.0222368257716336));
#8718=CARTESIAN_POINT('',(0.00404854491817747,0.00581839916775814,0.0222344168191624));
#8719=CARTESIAN_POINT('',(0.00405084149297586,0.00582686437987577,0.0222339984507806));
#8720=CARTESIAN_POINT('',(0.00405375966706007,0.00583962980068805,0.0222334665209757));
#8721=CARTESIAN_POINT('',(0.00405464461012198,0.00584389620806478,0.0222333051466089));
#8722=CARTESIAN_POINT('',(0.00405623894443352,0.00585245155703018,0.0222330143318957));
#8723=CARTESIAN_POINT('',(0.00405709470872039,0.00585775307007387,0.0222328581778829));
#8724=CARTESIAN_POINT('',(0.00405947094323172,0.00587419125627201,0.0222324245055544));
#8725=CARTESIAN_POINT('',(0.00406060160602785,0.00589163583775906,0.022232217944491));
#8726=CARTESIAN_POINT('',(0.00406096200837077,0.00591337445177442,0.0222321521127976));
#8727=CARTESIAN_POINT('',(0.00381566482199616,0.00563266531715904,0.0222755628877517));
#8728=CARTESIAN_POINT('',(0.00385923029634241,0.00563433554184661,0.0222681003940426));
#8729=CARTESIAN_POINT('',(0.0039145883392498,0.00564577056696129,0.022258444570849));
#8730=CARTESIAN_POINT('',(0.00403210184228252,0.00574146997421734,0.0222375138329257));
#8731=CARTESIAN_POINT('',(0.00405952039899914,0.00582641999571269,0.0222324154395713));
#8732=CARTESIAN_POINT('',(0.00406096200837075,0.00591337445177442,0.0222321521127976));
#8733=CARTESIAN_POINT('',(0.00406096200837076,0.00591337445177442,0.0222321521127976));
#8734=CARTESIAN_POINT('',(0.00407893086681488,0.00591337445177442,0.022330524467279));
#8735=CARTESIAN_POINT('',(0.00407294124733351,0.00591337445177442,0.0222977336824519));
#8736=CARTESIAN_POINT('',(0.00406695162785214,0.00591337445177442,0.0222649428976247));
#8737=CARTESIAN_POINT('',(0.00406096200837077,0.00591337445177442,0.0222321521127976));
#8738=CARTESIAN_POINT('',(0.00407893086681488,0.00591337445177442,0.022330524467279));
#8739=CARTESIAN_POINT('',(0.00407872157366086,0.00592401503614462,0.0223305626971158));
#8740=CARTESIAN_POINT('',(0.00407835807742552,0.00593353817624283,0.0223306290925547));
#8741=CARTESIAN_POINT('',(0.00407758152226224,0.00594614671998216,0.0223307709002297));
#8742=CARTESIAN_POINT('',(0.00407728411868475,0.00595007020682727,0.0223308252049079));
#8743=CARTESIAN_POINT('',(0.00407661220613004,0.00595735845838149,0.022330947875929));
#8744=CARTESIAN_POINT('',(0.00407637811165728,0.00595967438623685,0.0223309906141072));
#8745=CARTESIAN_POINT('',(0.00407361072544046,0.00598034558871119,0.0223314957117128));
#8746=CARTESIAN_POINT('',(0.00407013350547113,0.0059963165072468,0.022332130234292));
#8747=CARTESIAN_POINT('',(0.00405980487247491,0.00602987789269772,0.022334010207555));
#8748=CARTESIAN_POINT('',(0.00405331896051424,0.00604564161698117,0.022335189015792));
#8749=CARTESIAN_POINT('',(0.0040416067624774,0.00606776175074332,0.0223373102794227));
#8750=CARTESIAN_POINT('',(0.00403737213753849,0.00607488088655354,0.0223380761871765));
#8751=CARTESIAN_POINT('',(0.00402824156731703,0.00608861067395296,0.0223397245147834));
#8752=CARTESIAN_POINT('',(0.00402371755363832,0.00609476900576199,0.0223405400428759));
#8753=CARTESIAN_POINT('',(0.00400692159316882,0.00611519519353864,0.0223435607901113));
#8754=CARTESIAN_POINT('',(0.00399493588195965,0.00612729086544722,0.0223457077685108));
#8755=CARTESIAN_POINT('',(0.00396938632177885,0.00614843863604598,0.022350260414705));
#8756=CARTESIAN_POINT('',(0.00395497594356746,0.00615793484641697,0.022352815334979));
#8757=CARTESIAN_POINT('',(0.00391445455623084,0.00617919344761753,0.0223599597044067));
#8758=CARTESIAN_POINT('',(0.00388236404303194,0.00618657059730424,0.0223655689055014));
#8759=CARTESIAN_POINT('',(0.00384518612335112,0.00618715249664622,0.0223719588699065));
#8760=CARTESIAN_POINT('',(0.00406096200837077,0.00591337445177442,0.0222321521127976));
#8761=CARTESIAN_POINT('',(0.00406075363721302,0.00592401503614462,0.022232190174221));
#8762=CARTESIAN_POINT('',(0.00406039174228268,0.00593353817624283,0.022232256277169));
#8763=CARTESIAN_POINT('',(0.00405961860806725,0.00594614671998216,0.0222323974601405));
#8764=CARTESIAN_POINT('',(0.00405932251463768,0.00595007020682727,0.0222324515255911));
#8765=CARTESIAN_POINT('',(0.00405865356205017,0.00595735845838149,0.0222325736562113));
#8766=CARTESIAN_POINT('',(0.00405842049883059,0.00595967438623685,0.0222326162061155));
#8767=CARTESIAN_POINT('',(0.00405566530374248,0.00598034558871119,0.0222331190786216));
#8768=CARTESIAN_POINT('',(0.0040522034019228,0.0059963165072468,0.0222337508059471));
#8769=CARTESIAN_POINT('',(0.00404192026951246,0.00602987789269772,0.0222356224973895));
#8770=CARTESIAN_POINT('',(0.00403546292985118,0.00604564161698117,0.0222367961126387));
#8771=CARTESIAN_POINT('',(0.00402380232740041,0.00606776175074332,0.0222389080314957));
#8772=CARTESIAN_POINT('',(0.00401958635719691,0.00607488088655354,0.0222396705652066));
#8773=CARTESIAN_POINT('',(0.00401049600975176,0.00608861067395296,0.0222413116314583));
#8774=CARTESIAN_POINT('',(0.00400599192564872,0.00609476900576199,0.0222421235669161));
#8775=CARTESIAN_POINT('',(0.0039892699561945,0.00611519519353864,0.0222451310068949));
#8776=CARTESIAN_POINT('',(0.00397733704547525,0.00612729086544722,0.0222472685272398));
#8777=CARTESIAN_POINT('',(0.003951900038423,0.00614843863604598,0.0222518011177239));
#8778=CARTESIAN_POINT('',(0.00393755314205395,0.00615793484641697,0.0222543447828426));
#8779=CARTESIAN_POINT('',(0.00389721026303159,0.00617919344761753,0.0222614576792771));
#8780=CARTESIAN_POINT('',(0.0038652611177322,0.00618657059730424,0.0222670421702348));
#8781=CARTESIAN_POINT('',(0.00382824697743327,0.00618715249664622,0.022273403985017));
#8782=CARTESIAN_POINT('',(0.00406096200837075,0.00591337445177442,0.0222321521127976));
#8783=CARTESIAN_POINT('',(0.00405929503910879,0.00599849912673605,0.022232456604185));
#8784=CARTESIAN_POINT('',(0.00402005073939541,0.00611091155743627,0.022239683611197));
#8785=CARTESIAN_POINT('',(0.00390227522542319,0.00618598869847489,0.0222606803610571));
#8786=CARTESIAN_POINT('',(0.00382824697743329,0.00618715249664622,0.022273403985017));
#8787=CARTESIAN_POINT('',(0.00382824697743328,0.00618715249664622,0.022273403985017));
#8788=CARTESIAN_POINT('',(0.00384518612335112,0.00618715249664622,0.0223719588699065));
#8789=CARTESIAN_POINT('',(0.0038395397413785,0.00618715249664622,0.02233910724161));
#8790=CARTESIAN_POINT('',(0.00383389335940589,0.00618715249664622,0.0223062556133135));
#8791=CARTESIAN_POINT('',(0.00382824697743327,0.00618715249664622,0.022273403985017));
#8792=CARTESIAN_POINT('',(0.00384518612335112,0.00618715249664622,0.0223719588699065));
#8793=CARTESIAN_POINT('',(0.00383391883823466,0.00618671877760219,0.0223738954374029));
#8794=CARTESIAN_POINT('',(0.00382344264860408,0.00618576493604063,0.0223756873151835));
#8795=CARTESIAN_POINT('',(0.00380891587911476,0.00618355398987292,0.0223781631050079));
#8796=CARTESIAN_POINT('',(0.00380427154034536,0.00618268697718218,0.0223789530225913));
#8797=CARTESIAN_POINT('',(0.00379537882600706,0.00618069289053104,0.0223804629064532));
#8798=CARTESIAN_POINT('',(0.00379168801694545,0.00617973886874319,0.0223810885307843));
#8799=CARTESIAN_POINT('',(0.00376864850489831,0.00617258808490423,0.0223849868862359));
#8800=CARTESIAN_POINT('',(0.00375072865114044,0.00616440704669749,0.0223879955006123));
#8801=CARTESIAN_POINT('',(0.0037247643495276,0.00614853459867785,0.0223923247459474));
#8802=CARTESIAN_POINT('',(0.00371645872540141,0.00614296850693887,0.0223937044631));
#8803=CARTESIAN_POINT('',(0.00370452430275817,0.00613420645573177,0.0223956807431666));
#8804=CARTESIAN_POINT('',(0.00370063349717101,0.00613121695306297,0.0223963239523801));
#8805=CARTESIAN_POINT('',(0.00369492832645715,0.0061266294706601,0.0223972656451056));
#8806=CARTESIAN_POINT('',(0.00369304844247885,0.00612508310512587,0.0223975756890692));
#8807=CARTESIAN_POINT('',(0.00368933235927939,0.00612195596459085,0.0223981881028099));
#8808=CARTESIAN_POINT('',(0.0036869828263741,0.00611992307453099,0.0223985749407525));
#8809=CARTESIAN_POINT('',(0.00367527364237375,0.0061096102924561,0.02240050166663));
#8810=CARTESIAN_POINT('',(0.00366133496569588,0.0060955517619467,0.0224027886574038));
#8811=CARTESIAN_POINT('',(0.00364386256336179,0.00607660161523596,0.0224056302214272));
#8812=CARTESIAN_POINT('',(0.00382824697743327,0.00618715249664622,0.022273403985017));
#8813=CARTESIAN_POINT('',(0.00381702932793407,0.00618671877760219,0.0222753320213791));
#8814=CARTESIAN_POINT('',(0.0038065992889186,0.00618576493604063,0.022277116005425));
#8815=CARTESIAN_POINT('',(0.00379213651400853,0.00618355398987292,0.0222795808886862));
#8816=CARTESIAN_POINT('',(0.00378751263488128,0.00618268697718218,0.0222803673264565));
#8817=CARTESIAN_POINT('',(0.00377865909549602,0.00618069289053104,0.0222818705588477));
#8818=CARTESIAN_POINT('',(0.00377498454550516,0.00617973886874319,0.0222824934271244));
#8819=CARTESIAN_POINT('',(0.0037520465291058,0.00617258808490423,0.022286374609204));
#8820=CARTESIAN_POINT('',(0.00373420561743498,0.00616440704669749,0.0222893699697726));
#8821=CARTESIAN_POINT('',(0.00370835569600545,0.00614853459867785,0.0222936801435424));
#8822=CARTESIAN_POINT('',(0.0037000866605318,0.00614296850693887,0.0222950537826458));
#8823=CARTESIAN_POINT('',(0.00368820481243765,0.00613420645573177,0.0222970213566328));
#8824=CARTESIAN_POINT('',(0.00368433114696321,0.00613121695306297,0.0222976617323255));
#8825=CARTESIAN_POINT('',(0.00367865110915998,0.0061266294706601,0.022298599276625));
#8826=CARTESIAN_POINT('',(0.0036767795066089,0.00612508310512587,0.0222989079547562));
#8827=CARTESIAN_POINT('',(0.00367307979382001,0.00612195596459085,0.0222995176706389));
#8828=CARTESIAN_POINT('',(0.00367074061127994,0.00611992307453099,0.0222999028044497));
#8829=CARTESIAN_POINT('',(0.00365908300958796,0.0061096102924561,0.022301821042548));
#8830=CARTESIAN_POINT('',(0.00364520573676765,0.00609555176194184,0.0223040979584733));
#8831=CARTESIAN_POINT('',(0.00362781030537341,0.00607660161523596,0.0223069270045927));
#8832=CARTESIAN_POINT('',(0.00382824697743329,0.00618715249664622,0.022273403985017));
#8833=CARTESIAN_POINT('',(0.00373850578369522,0.00618368274438121,0.0222888282755256));
#8834=CARTESIAN_POINT('',(0.00369739202718419,0.00615240219795646,0.0222956108207275));
#8835=CARTESIAN_POINT('',(0.00362781030537342,0.00607660161523596,0.0223069270045927));
#8836=CARTESIAN_POINT('',(0.00362781030537341,0.00607660161523596,0.0223069270045927));
#8837=CARTESIAN_POINT('',(0.00364384832090881,0.00607653892181857,0.022405632453636));
#8838=CARTESIAN_POINT('',(0.00363850708702158,0.00607658082222508,0.0223727298894874));
#8839=CARTESIAN_POINT('',(0.00363316585313435,0.00607662272263158,0.0223398273253388));
#8840=CARTESIAN_POINT('',(0.00362782461924712,0.00607666462303809,0.0223069247611902));
#8841=CARTESIAN_POINT('',(0.00350710418854511,0.00610657857837699,0.0223768344535992));
#8842=CARTESIAN_POINT('',(0.,0.0061065785783762,0.));
#8843=CARTESIAN_POINT('',(0.00337079824743548,0.00613655554151801,0.0223472083083119));
#8844=CARTESIAN_POINT('',(0.00337828741505423,0.00613655551638705,0.0223968549137741));
#8845=CARTESIAN_POINT('',(0.00347857600913657,0.0066165335062616,0.0223812870258041));
#8846=CARTESIAN_POINT('',(0.,0.00661653350626321,0.));
#8847=CARTESIAN_POINT('',(0.00357114769439877,0.00709651147100519,0.0223160682949482));
#8848=CARTESIAN_POINT('',(0.00357886166789929,0.00709651147100519,0.022365700286479));
#8849=CARTESIAN_POINT('',(0.,0.00709651147100519,0.));
#8850=CARTESIAN_POINT('',(0.,0.00709651147100519,0.));
#8851=CARTESIAN_POINT('',(0.,0.,0.));
#8852=CARTESIAN_POINT('',(0.0116944113533734,0.00657529352228724,0.0194558665470878));
#8853=CARTESIAN_POINT('',(0.0116944113533734,0.00714087044536416,0.0194558665470878));
#8854=CARTESIAN_POINT('',(0.0116428941227418,0.00714087044536416,0.0193701578838848));
#8855=CARTESIAN_POINT('',(0.0116428941227418,0.,0.0193701578838848));
#8856=CARTESIAN_POINT('',(0.0116428941227418,0.00600971659921032,0.0193701578838848));
#8857=CARTESIAN_POINT('',(0.0116944113533734,0.00600971659921032,0.0194558665470878));
#8858=CARTESIAN_POINT('',(0.,0.00600971659921032,0.));
#8859=CARTESIAN_POINT('',(0.,0.00600971659921032,0.));
#8860=CARTESIAN_POINT('',(0.011775102761954,0.00600971659921032,0.019290074000517));
#8861=CARTESIAN_POINT('',(0.0118272049865644,0.00600971659921032,0.0193754283102538));
#8862=CARTESIAN_POINT('',(0.0118272049865644,0.00586554993254365,0.0193754283102538));
#8863=CARTESIAN_POINT('',(0.011775102761954,0.,0.019290074000517));
#8864=CARTESIAN_POINT('',(0.011775102761954,0.00572138326587698,0.019290074000517));
#8865=CARTESIAN_POINT('',(0.0118272049865645,0.00572138326587698,0.0193754283102538));
#8866=CARTESIAN_POINT('',(0.,0.00572138326587698,0.));
#8867=CARTESIAN_POINT('',(0.,0.00572138326587698,0.));
#8868=CARTESIAN_POINT('',(0.0116428941227418,0.00572138326587698,0.0193701578838848));
#8869=CARTESIAN_POINT('',(0.0116944113533734,0.00572138326587698,0.0194558665470878));
#8870=CARTESIAN_POINT('',(0.0116944113533734,0.00554394736844109,0.0194558665470878));
#8871=CARTESIAN_POINT('',(0.0116428941227418,0.,0.0193701578838848));
#8872=CARTESIAN_POINT('',(0.0116428941227418,0.00536651147100519,0.0193701578838848));
#8873=CARTESIAN_POINT('',(0.0116944113533734,0.00536651147100519,0.0194558665470878));
#8874=CARTESIAN_POINT('',(0.,0.00536651147100519,0.));
#8875=CARTESIAN_POINT('',(0.,0.00536651147100519,0.));
#8876=CARTESIAN_POINT('',(0.0113768491452646,0.00536651147100519,0.0195276036298848));
#8877=CARTESIAN_POINT('',(0.0114271891857304,0.00536651147100519,0.0196140089556808));
#8878=CARTESIAN_POINT('',(0.0114271891857304,0.00554394736844109,0.0196140089556808));
#8879=CARTESIAN_POINT('',(0.0113768491452646,0.,0.0195276036298848));
#8880=CARTESIAN_POINT('',(0.0113768491452646,0.00572138326587698,0.0195276036298848));
#8881=CARTESIAN_POINT('',(0.0114271891857304,0.00572138326587698,0.0196140089556808));
#8882=CARTESIAN_POINT('',(0.,0.00572138326587698,0.));
#8883=CARTESIAN_POINT('',(0.,0.00572138326587698,0.));
#8884=CARTESIAN_POINT('',(0.0107414103623469,0.00572138326587698,0.0198842174456947));
#8885=CARTESIAN_POINT('',(0.010788938726782,0.00572138326587698,0.0199722007087287));
#8886=CARTESIAN_POINT('',(0.010788938726782,0.00587854572581288,0.0199722007087287));
#8887=CARTESIAN_POINT('',(0.0107414103623469,0.,0.0198842174456947));
#8888=CARTESIAN_POINT('',(0.0107411690206955,0.00603590290146662,0.0198843532076649));
#8889=CARTESIAN_POINT('',(0.0107889366709801,0.00603570818574878,0.019972196903082));
#8890=CARTESIAN_POINT('',(0.0107730953193787,0.00603570818574878,0.0199428718080294));
#8891=CARTESIAN_POINT('',(0.0107572539677773,0.00603570818574878,0.0199135467129767));
#8892=CARTESIAN_POINT('',(0.010741412616176,0.00603570818574878,0.0198842216179241));
#8893=CARTESIAN_POINT('',(0.0110793074344773,0.00658828931555647,0.0197552890155494));
#8894=CARTESIAN_POINT('',(0.,0.00658828931555708,0.));
#8895=CARTESIAN_POINT('',(0.0113655185799171,0.00714087044536416,0.019534200454832));
#8896=CARTESIAN_POINT('',(0.0113920649930113,0.00714087044536416,0.0195798860062222));
#8897=CARTESIAN_POINT('',(0.,0.00714087044536416,0.));
#8898=CARTESIAN_POINT('',(0.,0.00714087044536416,0.));
#8899=CARTESIAN_POINT('',(0.,0.,0.));
#8900=CARTESIAN_POINT('',(0.,0.00600971659921032,0.));
#8901=CARTESIAN_POINT('',(0.0113768491452646,0.00600971659921032,0.0195276036298848));
#8902=CARTESIAN_POINT('',(0.011045820692835,0.00600971659921032,0.0197167402280838));
#8903=CARTESIAN_POINT('',(0.,0.00630411463606578,0.));
#8904=CARTESIAN_POINT('',(0.0113769756679254,0.00659841028068934,0.0195275316629189));
#8905=CARTESIAN_POINT('',(0.0113768491452646,0.,0.0195276036298848));
#8906=CARTESIAN_POINT('',(0.0114271891857304,0.00630411463606929,0.0196140089556808));
#8907=CARTESIAN_POINT('',(0.011376849904527,0.00659851267292827,0.0195276049331081));
#8908=CARTESIAN_POINT('',(0.0113936295604061,0.00659851267292827,0.0195564060945606));
#8909=CARTESIAN_POINT('',(0.0114104092162853,0.00659851267292827,0.0195852072560131));
#8910=CARTESIAN_POINT('',(0.0114271888721644,0.00659851267292827,0.0196140084174656));
#8911=CARTESIAN_POINT('',(0.0114270613534538,0.00659860844967355,0.0196140827103057));
#8912=CARTESIAN_POINT('',(0.0114271891857304,0.00600971659921032,0.0196140089556808));
#8913=CARTESIAN_POINT('',(0.0114271891857304,0.00600971659921032,0.0196140089556808));
#8914=CARTESIAN_POINT('',(0.0114271891857304,0.00600971659921032,0.0196140089556808));
#8915=CARTESIAN_POINT('',(0.,0.00600971659921032,0.));
#8916=CARTESIAN_POINT('',(0.,0.00600971659921032,0.));
#8917=CARTESIAN_POINT('',(0.01109506197396,0.00600971659921032,0.0198037774122511));
#8918=CARTESIAN_POINT('',(-0.000165882375117668,0.00600971659921032,9.47786448585798E-5));
#8919=CARTESIAN_POINT('',(0.0112365384749941,0.00630411463606929,0.0196662834029107));
#8920=CARTESIAN_POINT('',(0.,0.00630411463606578,0.));
#8921=CARTESIAN_POINT('',(0.,0.,0.));
#8922=CARTESIAN_POINT('',(0.017082752240818,0.00667510121459493,0.0149488988182685));
#8923=CARTESIAN_POINT('',(0.0170857571331525,0.00670740605799627,0.014945464998033));
#8924=CARTESIAN_POINT('',(0.0170892403176808,0.00673564304523044,0.0149414825766389));
#8925=CARTESIAN_POINT('',(0.0170941907259172,0.00676585445902743,0.0149358175434066));
#8926=CARTESIAN_POINT('',(0.0170952746209117,0.00677202218077675,0.01493457698545));
#8927=CARTESIAN_POINT('',(0.0170979382692958,0.00678614498318806,0.0149315274181201));
#8928=CARTESIAN_POINT('',(0.0170993300379223,0.00679305518362264,0.0149299335941857));
#8929=CARTESIAN_POINT('',(0.0171036850036093,0.00681333218261316,0.014924944850406));
#8930=CARTESIAN_POINT('',(0.0171065683667995,0.00682530093305785,0.0149216403058136));
#8931=CARTESIAN_POINT('',(0.0171138511449542,0.00685180661097085,0.0149132870183745));
#8932=CARTESIAN_POINT('',(0.0171178015039692,0.00686468386993138,0.0149087529236953));
#8933=CARTESIAN_POINT('',(0.0171241892214437,0.00688343638837822,0.0149014144974718));
#8934=CARTESIAN_POINT('',(0.0171263954883242,0.00688959333286151,0.0148988788062333));
#8935=CARTESIAN_POINT('',(0.017130961839594,0.00690171943183011,0.0148936281192896));
#8936=CARTESIAN_POINT('',(0.0171336826988837,0.00690855841107495,0.014890497882674));
#8937=CARTESIAN_POINT('',(0.0171440631530467,0.00693358558470882,0.0148785502964328));
#8938=CARTESIAN_POINT('',(0.0171554411125882,0.00695575402185971,0.0148654406821003));
#8939=CARTESIAN_POINT('',(0.0171698682164003,0.00698006916331288,0.0148487583801289));
#8940=CARTESIAN_POINT('',(0.0170074978256602,0.00667510121459493,0.0148830446384523));
#8941=CARTESIAN_POINT('',(0.0170104894805835,0.00670740605799636,0.0148796259451782));
#8942=CARTESIAN_POINT('',(0.0170139573206866,0.00673564304523044,0.0148756610674908));
#8943=CARTESIAN_POINT('',(0.0170188859209572,0.00676585445902743,0.0148700209903519));
#8944=CARTESIAN_POINT('',(0.0170199650410839,0.00677202218077675,0.0148687858974084));
#8945=CARTESIAN_POINT('',(0.0170226169553341,0.00678614498318806,0.0148657497642958));
#8946=CARTESIAN_POINT('',(0.0170240025928214,0.00679305518362264,0.0148641629616122));
#8947=CARTESIAN_POINT('',(0.0170283383736375,0.00681333218261316,0.0148591961946773));
#8948=CARTESIAN_POINT('',(0.0170312090347872,0.00682530093305785,0.0148559062075502));
#8949=CARTESIAN_POINT('',(0.0170384597302187,0.00685180661097085,0.0148475897187341));
#8950=CARTESIAN_POINT('',(0.0170423926867711,0.00686468386993138,0.0148430755980402));
#8951=CARTESIAN_POINT('',(0.017048752264521,0.00688343638837822,0.0148357694996856));
#8952=CARTESIAN_POINT('',(0.0170509488121642,0.00688959333286151,0.0148332449788931));
#8953=CARTESIAN_POINT('',(0.0170554950473491,0.00690171943183011,0.0148280174227288));
#8954=CARTESIAN_POINT('',(0.0170582039204745,0.00690855841107495,0.0148249009757019));
#8955=CARTESIAN_POINT('',(0.0170685386457645,0.00693358558470882,0.0148130060219992));
#8956=CARTESIAN_POINT('',(0.017079866482142,0.00695575402186949,0.014799954159265));
#8957=CARTESIAN_POINT('',(0.0170942300304249,0.00698006916331288,0.0147833453476173));
#8958=CARTESIAN_POINT('',(0.017082752240818,0.00667510121459493,0.0149488988182685));
#8959=CARTESIAN_POINT('',(0.0170576674357654,0.00667510121459493,0.0149269474249964));
#8960=CARTESIAN_POINT('',(0.0170325826307128,0.00667510121459493,0.0149049960317244));
#8961=CARTESIAN_POINT('',(0.0170074978256602,0.00667510121459493,0.0148830446384523));
#8962=CARTESIAN_POINT('',(0.0170074978256602,0.00667510121459493,0.0148830446384523));
#8963=CARTESIAN_POINT('',(0.0170074978256601,0.00667510121459493,0.0148830446384524));
#8964=CARTESIAN_POINT('',(0.0170194644453573,0.0068043205882395,0.0148693698653515));
#8965=CARTESIAN_POINT('',(0.0170367758420418,0.00688280860557816,0.0148497805887173));
#8966=CARTESIAN_POINT('',(0.017094230030425,0.00698006916331288,0.0147833453476172));
#8967=CARTESIAN_POINT('',(0.0170942300304249,0.00698006916331288,0.0147833453476173));
#8968=CARTESIAN_POINT('',(0.0171698682164003,0.00698006916331288,0.0148487583801289));
#8969=CARTESIAN_POINT('',(0.0171446554877418,0.00698006916331288,0.0148269540359584));
#8970=CARTESIAN_POINT('',(0.0171194427590834,0.00698006916331288,0.0148051496917878));
#8971=CARTESIAN_POINT('',(0.0170942300304249,0.00698006916331288,0.0147833453476173));
#8972=CARTESIAN_POINT('',(0.0171698682164003,0.00698006916331288,0.0148487583801289));
#8973=CARTESIAN_POINT('',(0.0171753382583254,0.00698850247679454,0.0148424332789595));
#8974=CARTESIAN_POINT('',(0.0171801629704545,0.00699581080776525,0.0148368474166702));
#8975=CARTESIAN_POINT('',(0.0171864353001726,0.00700508583082556,0.0148295803012834));
#8976=CARTESIAN_POINT('',(0.0171883652780188,0.00700789625959244,0.0148273432013086));
#8977=CARTESIAN_POINT('',(0.017191019372849,0.00701169003436293,0.0148242657409171));
#8978=CARTESIAN_POINT('',(0.0171918639252404,0.00701288431455646,0.0148232862852252));
#8979=CARTESIAN_POINT('',(0.01719347278586,0.00701513225215024,0.0148214201438196));
#8980=CARTESIAN_POINT('',(0.0171939382531143,0.00701578013634711,0.0148208801966597));
#8981=CARTESIAN_POINT('',(0.0172031456911609,0.00702828220921009,0.0148101970105087));
#8982=CARTESIAN_POINT('',(0.0172128081772978,0.0070398573478651,0.0147989678112177));
#8983=CARTESIAN_POINT('',(0.0172413727834876,0.00707073818028442,0.0147657007637446));
#8984=CARTESIAN_POINT('',(0.0172622112220564,0.00708827057513557,0.0147413395363215));
#8985=CARTESIAN_POINT('',(0.0173037767692425,0.0071148786699139,0.014692526573746));
#8986=CARTESIAN_POINT('',(0.0173251993168262,0.00712469436218307,0.0146672712551534));
#8987=CARTESIAN_POINT('',(0.0173551170800356,0.00713328286585029,0.0146318145569255));
#8988=CARTESIAN_POINT('',(0.0173609473747986,0.00713473657070387,0.014624896033226));
#8989=CARTESIAN_POINT('',(0.0173694638739502,0.00713652113416444,0.0146147782797016));
#8990=CARTESIAN_POINT('',(0.0173722645493504,0.00713704998968133,0.0146114490334147));
#8991=CARTESIAN_POINT('',(0.017376408439579,0.00713774427450172,0.0146065202682946));
#8992=CARTESIAN_POINT('',(0.0173777802158128,0.00713795920303269,0.0146048881972784));
#8993=CARTESIAN_POINT('',(0.0173805047458307,0.00713835606060966,0.0146016457724549));
#8994=CARTESIAN_POINT('',(0.0173822523893798,0.00713858662263912,0.014599565200599));
#8995=CARTESIAN_POINT('',(0.0173907876469885,0.00713963778951934,0.0145894017764366));
#8996=CARTESIAN_POINT('',(0.0174022192496832,0.00714036013154216,0.0145757788887492));
#8997=CARTESIAN_POINT('',(0.0174174631826067,0.00714087044536416,0.0145575401865335));
#8998=CARTESIAN_POINT('',(0.0170942300304249,0.00698006916331288,0.0147833453476173));
#8999=CARTESIAN_POINT('',(0.0170996759752489,0.00698850247679417,0.01477704811033));
#9000=CARTESIAN_POINT('',(0.0171044794331397,0.00699581080776525,0.0147714868553632));
#9001=CARTESIAN_POINT('',(0.0171107241314494,0.00700508583082556,0.0147642517537007));
#9002=CARTESIAN_POINT('',(0.0171126456071905,0.00700789625959244,0.0147620245087918));
#9003=CARTESIAN_POINT('',(0.017115288009973,0.00701169003436293,0.0147589606054945));
#9004=CARTESIAN_POINT('',(0.0171161288418693,0.00701288431455646,0.0147579854645854));
#9005=CARTESIAN_POINT('',(0.0171177306149972,0.00701513225215024,0.0147561275440671));
#9006=CARTESIAN_POINT('',(0.0171181940317349,0.00701578013634711,0.014755589975529));
#9007=CARTESIAN_POINT('',(0.0171273609083804,0.00702828220921009,0.0147449538518721));
#9008=CARTESIAN_POINT('',(0.0171369808284991,0.0070398573478651,0.0147337741204194));
#9009=CARTESIAN_POINT('',(0.0171654195994194,0.00707073818028442,0.0147006536238162));
#9010=CARTESIAN_POINT('',(0.0171861662386994,0.00708827057513557,0.0146763997145756));
#9011=CARTESIAN_POINT('',(0.017227548677748,0.0071148786699139,0.0146278017870775));
#9012=CARTESIAN_POINT('',(0.0172488768528754,0.00712469436218307,0.014602657725395));
#9013=CARTESIAN_POINT('',(0.0172786628197711,0.00713328286585029,0.0145673572240756));
#9014=CARTESIAN_POINT('',(0.0172844674304162,0.00713473657070387,0.0145604691784541));
#9015=CARTESIAN_POINT('',(0.0172929464119504,0.00713652113416444,0.0145503959965311));
#9016=CARTESIAN_POINT('',(0.0172957347495735,0.00713704998968133,0.0145470814165274));
#9017=CARTESIAN_POINT('',(0.017299860384779,0.00713774427450172,0.014542174364029));
#9018=CARTESIAN_POINT('',(0.0173012261179458,0.00713795920303269,0.0145405494827529));
#9019=CARTESIAN_POINT('',(0.0173039386456288,0.00713835606060966,0.0145373213417393));
#9020=CARTESIAN_POINT('',(0.0173056785903076,0.00713858662263912,0.0145352499353981));
#9021=CARTESIAN_POINT('',(0.0173141762476625,0.00713963778951934,0.0145251312840294));
#9022=CARTESIAN_POINT('',(0.017325557490874,0.00714036013154216,0.014511568409063));
#9023=CARTESIAN_POINT('',(0.017340734269908,0.00714087044536416,0.0144934100535532));
#9024=CARTESIAN_POINT('',(0.017094230030425,0.00698006916331288,0.0147833453476172));
#9025=CARTESIAN_POINT('',(0.0171160138095089,0.00701380241691004,0.0147581563987131));
#9026=CARTESIAN_POINT('',(0.0171425785580789,0.00704974230565236,0.0147273094464268));
#9027=CARTESIAN_POINT('',(0.0172057168452954,0.00710610405688093,0.0146535860687468));
#9028=CARTESIAN_POINT('',(0.0172756988100819,0.00713528920197237,0.0145709507835449));
#9029=CARTESIAN_POINT('',(0.0173103807185134,0.00713984981794453,0.0145297267565885));
#9030=CARTESIAN_POINT('',(0.0173407342699081,0.00714087044536416,0.0144934100535532));
#9031=CARTESIAN_POINT('',(0.017340734269908,0.00714087044536416,0.0144934100535532));
#9032=CARTESIAN_POINT('',(0.0174174631826067,0.00714087044536416,0.0145575401865335));
#9033=CARTESIAN_POINT('',(0.0173918868783738,0.00714087044536416,0.0145361634755401));
#9034=CARTESIAN_POINT('',(0.0173663105741409,0.00714087044536416,0.0145147867645466));
#9035=CARTESIAN_POINT('',(0.017340734269908,0.00714087044536416,0.0144934100535532));
#9036=CARTESIAN_POINT('',(0.0174174631826067,0.00714087044536416,0.0145575401865335));
#9037=CARTESIAN_POINT('',(0.0174297088665484,0.00714041964735212,0.0145428887587191));
#9038=CARTESIAN_POINT('',(0.0174407206401875,0.00713959773038664,0.0145296764507573));
#9039=CARTESIAN_POINT('',(0.0174554022885567,0.00713780817632274,0.0145120291309602));
#9040=CARTESIAN_POINT('',(0.0174599901354783,0.00713711887854246,0.0145065085191407));
#9041=CARTESIAN_POINT('',(0.017466414404716,0.00713594576223359,0.014498771640365));
#9042=CARTESIAN_POINT('',(0.0174684795754912,0.00713553152852422,0.014496283352122));
#9043=CARTESIAN_POINT('',(0.0174724576458052,0.007134656671226,0.014491488312796));
#9044=CARTESIAN_POINT('',(0.0174737605588761,0.0071343567135608,0.0144899174128417));
#9045=CARTESIAN_POINT('',(0.0174957822861836,0.00712855635349046,0.0144633517204184));
#9046=CARTESIAN_POINT('',(0.0175147776258776,0.00712064773917504,0.0144403385386881));
#9047=CARTESIAN_POINT('',(0.0175509854784268,0.00709969631065907,0.0143963092885612));
#9048=CARTESIAN_POINT('',(0.0175682352874716,0.0070864126303238,0.0143752489351195));
#9049=CARTESIAN_POINT('',(0.0176010478131222,0.00705422933749871,0.0143350545496974));
#9050=CARTESIAN_POINT('',(0.0176163040422349,0.00703578143352914,0.0143162984641071));
#9051=CARTESIAN_POINT('',(0.0176614098932168,0.00696930357226711,0.0142606759962919));
#9052=CARTESIAN_POINT('',(0.0176840886068285,0.00692043449284759,0.0142324851471626));
#9053=CARTESIAN_POINT('',(0.0177075366539824,0.00683917578138568,0.0142032848833452));
#9054=CARTESIAN_POINT('',(0.017713374490552,0.00681085087873504,0.0141959997590458));
#9055=CARTESIAN_POINT('',(0.0177186165602208,0.00677078928159409,0.014189454887502));
#9056=CARTESIAN_POINT('',(0.0177195075151826,0.00676298875410883,0.0141883422145485));
#9057=CARTESIAN_POINT('',(0.0177206079256615,0.00675160565079534,0.014186967790526));
#9058=CARTESIAN_POINT('',(0.0177209353915486,0.00674786423100991,0.0141865587462619));
#9059=CARTESIAN_POINT('',(0.017721511668515,0.00674048728741051,0.0141858388682258));
#9060=CARTESIAN_POINT('',(0.0177218241247738,0.00673576334827158,0.0141854485211098));
#9061=CARTESIAN_POINT('',(0.0177225533560191,0.00672329254575523,0.0141845374762308));
#9062=CARTESIAN_POINT('',(0.0177229987989807,0.00670794635704786,0.0141839808873815));
#9063=CARTESIAN_POINT('',(0.0177233063486017,0.00668723062164622,0.0141835965845625));
#9064=CARTESIAN_POINT('',(0.017340734269908,0.00714087044536416,0.0144934100535532));
#9065=CARTESIAN_POINT('',(0.0173529260081054,0.00714041964735213,0.0144788231694736));
#9066=CARTESIAN_POINT('',(0.0173638892717285,0.00713959773038664,0.0144656690655117));
#9067=CARTESIAN_POINT('',(0.0173785062432326,0.00713780817632274,0.0144480994872115));
#9068=CARTESIAN_POINT('',(0.0173830738793748,0.00713711887854246,0.0144426031952679));
#9069=CARTESIAN_POINT('',(0.0173894698478671,0.00713594576223359,0.0144349003996586));
#9070=CARTESIAN_POINT('',(0.0173915259209736,0.00713553152852422,0.0144324230730378));
#9071=CARTESIAN_POINT('',(0.0173954864667488,0.007134656671226,0.014427649157233));
#9072=CARTESIAN_POINT('',(0.0173967836401146,0.0071343567135608,0.0144260851775428));
#9073=CARTESIAN_POINT('',(0.0174187083554074,0.00712855635349046,0.0143996365146016));
#9074=CARTESIAN_POINT('',(0.0174376200151909,0.00712064773917504,0.0143767247125265));
#9075=CARTESIAN_POINT('',(0.0174736683617818,0.00709969631065907,0.0143328894238539));
#9076=CARTESIAN_POINT('',(0.0174908421804783,0.0070864126303238,0.0143119218472995));
#9077=CARTESIAN_POINT('',(0.0175235101575578,0.00705422933749871,0.0142719045296547));
#9078=CARTESIAN_POINT('',(0.0175386991786127,0.00703578143352914,0.0142532310699921));
#9079=CARTESIAN_POINT('',(0.0175836063254052,0.00696930357226711,0.0141978536350748));
#9080=CARTESIAN_POINT('',(0.0176061851327896,0.00692043449284759,0.0141697869747081));
#9081=CARTESIAN_POINT('',(0.0176295298845816,0.00683917578138568,0.0141407153464141));
#9082=CARTESIAN_POINT('',(0.0176353420038095,0.00681085087873504,0.0141334623151734));
#9083=CARTESIAN_POINT('',(0.0176405609806603,0.00677078928159409,0.0141269462756628));
#9084=CARTESIAN_POINT('',(0.0176414480107105,0.00676298875410883,0.0141258385043523));
#9085=CARTESIAN_POINT('',(0.0176425435735661,0.00675160565079534,0.0141244701350611));
#9086=CARTESIAN_POINT('',(0.0176428695968721,0.00674786423100991,0.0141240628927542));
#9087=CARTESIAN_POINT('',(0.0176434433351735,0.00674048728741051,0.0141233461859869));
#9088=CARTESIAN_POINT('',(0.017643754414973,0.00673576334827158,0.0141229575584618));
#9089=CARTESIAN_POINT('',(0.0176444804337459,0.00672329254575523,0.0141220505269963));
#9090=CARTESIAN_POINT('',(0.0176449239144037,0.00670794635704786,0.0141214963900802));
#9091=CARTESIAN_POINT('',(0.0176452301091806,0.00668723062164622,0.0141211137802253));
#9092=CARTESIAN_POINT('',(0.0173407342699081,0.00714087044536416,0.0144934100535532));
#9093=CARTESIAN_POINT('',(0.0173895012182377,0.00713906725348092,0.0144350625225709));
#9094=CARTESIAN_POINT('',(0.017454265610424,0.00712337728258572,0.0143567518898111));
#9095=CARTESIAN_POINT('',(0.0175596836670774,0.00702061078023089,0.0142276170109458));
#9096=CARTESIAN_POINT('',(0.0176174548499525,0.00690002885932308,0.0141557791822607));
#9097=CARTESIAN_POINT('',(0.0176418894386229,0.00677461195279122,0.0141252917372778));
#9098=CARTESIAN_POINT('',(0.0176446177196269,0.00672866209244953,0.0141218789999352));
#9099=CARTESIAN_POINT('',(0.0176452301091806,0.00668723062164622,0.0141211137802252));
#9100=CARTESIAN_POINT('',(0.0176452301091806,0.00668723062164622,0.0141211137802253));
#9101=CARTESIAN_POINT('',(0.0177233063486017,0.00668723062164622,0.0141835965845625));
#9102=CARTESIAN_POINT('',(0.0176972809354613,0.00668723062164622,0.0141627689831168));
#9103=CARTESIAN_POINT('',(0.017671255522321,0.00668723062164622,0.014141941381671));
#9104=CARTESIAN_POINT('',(0.0176452301091806,0.00668723062164622,0.0141211137802253));
#9105=CARTESIAN_POINT('',(0.0177233063486017,0.00668723062164622,0.0141835965845625));
#9106=CARTESIAN_POINT('',(0.01772300220483,0.0066746195149063,0.0141839766315561));
#9107=CARTESIAN_POINT('',(0.0177226487871707,0.00666360010209157,0.0141844182250069));
#9108=CARTESIAN_POINT('',(0.0177220447291464,0.0066494585237573,0.0141851729182961));
#9109=CARTESIAN_POINT('',(0.0177218310544891,0.00664514258779385,0.0141854398665298));
#9110=CARTESIAN_POINT('',(0.0177214920564002,0.00663926556907061,0.0141858633620813));
#9111=CARTESIAN_POINT('',(0.0177213759760164,0.00663740604369986,0.0141860083727956));
#9112=CARTESIAN_POINT('',(0.0177211376526404,0.00663388595469901,0.0141863060848315));
#9113=CARTESIAN_POINT('',(0.0177210683614758,0.00663288497576794,0.0141863926425739));
#9114=CARTESIAN_POINT('',(0.0177194638736774,0.00661289896863865,0.014188396852264));
#9115=CARTESIAN_POINT('',(0.0177168364589804,0.00659342467303679,0.014191678320783));
#9116=CARTESIAN_POINT('',(0.017710256759459,0.00655703884673674,0.0141998884921282));
#9117=CARTESIAN_POINT('',(0.0177061557851507,0.00653938235396567,0.014205002954666));
#9118=CARTESIAN_POINT('',(0.0176963263397537,0.00650514220918142,0.014217246417891));
#9119=CARTESIAN_POINT('',(0.0176903978027375,0.00648806809569889,0.0142246240027399));
#9120=CARTESIAN_POINT('',(0.0176713603735596,0.00644139778520435,0.0142482782223496));
#9121=CARTESIAN_POINT('',(0.0176555939726739,0.00641291015670661,0.0142678260570954));
#9122=CARTESIAN_POINT('',(0.0176325311874161,0.00638131346232603,0.0142962896447824));
#9123=CARTESIAN_POINT('',(0.0176278475670522,0.00637531140973491,0.0143020644335896));
#9124=CARTESIAN_POINT('',(0.017620715172294,0.00636678426027573,0.0143108494172893));
#9125=CARTESIAN_POINT('',(0.0176183198798989,0.00636402119869392,0.014313798211838));
#9126=CARTESIAN_POINT('',(0.0176147001529748,0.00635999558867808,0.0143182520644352));
#9127=CARTESIAN_POINT('',(0.017613489112605,0.00635867354906561,0.0143197417920903));
#9128=CARTESIAN_POINT('',(0.0176110580944752,0.0063560691306263,0.0143227314610381));
#9129=CARTESIAN_POINT('',(0.0176094451709885,0.00635438157981962,0.014324714395266));
#9130=CARTESIAN_POINT('',(0.0176019616284997,0.00634666519173182,0.0143339128618877));
#9131=CARTESIAN_POINT('',(0.0175916801622429,0.00633706866840524,0.0143465422450225));
#9132=CARTESIAN_POINT('',(0.0175777405380224,0.00632473462805647,0.0143636011354383));
#9133=CARTESIAN_POINT('',(0.0176452301091806,0.00668723062164622,0.0141211137802253));
#9134=CARTESIAN_POINT('',(0.0176449273052493,0.0066746195149063,0.014121492153003));
#9135=CARTESIAN_POINT('',(0.0176445754444959,0.00666360010209157,0.0141219318011082));
#9136=CARTESIAN_POINT('',(0.0176439740475202,0.0066494585237573,0.0141226831697573));
#9137=CARTESIAN_POINT('',(0.0176437613141609,0.00664514258779385,0.0141229489420076));
#9138=CARTESIAN_POINT('',(0.0176434238094557,0.00663926556907061,0.01412337057194));
#9139=CARTESIAN_POINT('',(0.0176433082404392,0.00663740604369986,0.0141235149438405));
#9140=CARTESIAN_POINT('',(0.017643070966946,0.00663388595469901,0.0141238113443697));
#9141=CARTESIAN_POINT('',(0.0176430019810288,0.00663288497576794,0.0141238975208005));
#9142=CARTESIAN_POINT('',(0.0176414045614585,0.00661289896863865,0.0141258929013729));
#9143=CARTESIAN_POINT('',(0.0176387887212756,0.00659342467303679,0.0141291599140835));
#9144=CARTESIAN_POINT('',(0.0176322380072147,0.00655703884673674,0.014137333917273));
#9145=CARTESIAN_POINT('',(0.0176281550988725,0.00653938235396567,0.0141424258491389));
#9146=CARTESIAN_POINT('',(0.0176183689549971,0.00650514220918142,0.0141546153764025));
#9147=CARTESIAN_POINT('',(0.017612466534884,0.00648806809569889,0.0141619604608776));
#9148=CARTESIAN_POINT('',(0.0175935129710329,0.00644139778520435,0.0141855104768767));
#9149=CARTESIAN_POINT('',(0.0175778160256577,0.00641291015670661,0.014204972197813));
#9150=CARTESIAN_POINT('',(0.0175548548385729,0.00638131346232603,0.0142333103952459));
#9151=CARTESIAN_POINT('',(0.0175501918508978,0.00637531140973491,0.0142390597444548));
#9152=CARTESIAN_POINT('',(0.0175430908763809,0.00636678426027573,0.0142478060277858));
#9153=CARTESIAN_POINT('',(0.0175407061359345,0.00636402119869392,0.0142507418320502));
#9154=CARTESIAN_POINT('',(0.0175371023549441,0.00635999558867808,0.0142551760641513));
#9155=CARTESIAN_POINT('',(0.0175358966495538,0.00635867354906561,0.0142566592291296));
#9156=CARTESIAN_POINT('',(0.0175334763407551,0.0063560691306263,0.0142596357277296));
#9157=CARTESIAN_POINT('',(0.0175318705226581,0.00635438157981962,0.0142616099265644));
#9158=CARTESIAN_POINT('',(0.0175244199473168,0.00634666519173182,0.0142707678713067));
#9159=CARTESIAN_POINT('',(0.0175141837738587,0.00633706866840148,0.0142833416183977));
#9160=CARTESIAN_POINT('',(0.0175003055576787,0.00632473462805647,0.0143003253595112));
#9161=CARTESIAN_POINT('',(0.0176452301091806,0.00668723062164622,0.0141211137802252));
#9162=CARTESIAN_POINT('',(0.0176440188934554,0.00663678619468653,0.0141226272713361));
#9163=CARTESIAN_POINT('',(0.0176392176471428,0.00657927860447563,0.0141286268464938));
#9164=CARTESIAN_POINT('',(0.0176097900802879,0.00646873615162608,0.0141653466243375));
#9165=CARTESIAN_POINT('',(0.0175585141133077,0.00638084474222429,0.0142288494534199));
#9166=CARTESIAN_POINT('',(0.0175280619860497,0.0063494027052012,0.0142663578821658));
#9167=CARTESIAN_POINT('',(0.0175003055576786,0.00632473462805647,0.0143003253595113));
#9168=CARTESIAN_POINT('',(0.0175003055576787,0.00632473462805647,0.0143003253595112));
#9169=CARTESIAN_POINT('',(0.0175777405380224,0.00632473462805647,0.0143636011354383));
#9170=CARTESIAN_POINT('',(0.0175519288779078,0.00632473462805647,0.0143425092101293));
#9171=CARTESIAN_POINT('',(0.0175261172177933,0.00632473462805647,0.0143214172848202));
#9172=CARTESIAN_POINT('',(0.0175003055576787,0.00632473462805647,0.0143003253595112));
#9173=CARTESIAN_POINT('',(0.0175777405380224,0.00632473462805647,0.0143636011354383));
#9174=CARTESIAN_POINT('',(0.0176099892972751,0.00630800154995944,0.014324136079463));
#9175=CARTESIAN_POINT('',(0.0176351848478017,0.00628966144072416,0.0142930717725127));
#9176=CARTESIAN_POINT('',(0.0176734105040376,0.00624727398994878,0.0142457352384269));
#9177=CARTESIAN_POINT('',(0.0176856033046495,0.00623123106746178,0.0142305916808313));
#9178=CARTESIAN_POINT('',(0.0177074372283082,0.00619690912833808,0.0142034140487948));
#9179=CARTESIAN_POINT('',(0.017717018469982,0.00617900891726814,0.0141914575285011));
#9180=CARTESIAN_POINT('',(0.0177441917870113,0.00611764290911236,0.0141574891425526));
#9181=CARTESIAN_POINT('',(0.017757771076726,0.0060728133396272,0.0141404297240119));
#9182=CARTESIAN_POINT('',(0.0177683937398609,0.00601586434128631,0.0141270731418381));
#9183=CARTESIAN_POINT('',(0.017770242357469,0.00600418626275383,0.0141247475358037));
#9184=CARTESIAN_POINT('',(0.0177726020228659,0.00598623672665867,0.0141217781789394));
#9185=CARTESIAN_POINT('',(0.017773319699269,0.00598018147824422,0.0141208749005021));
#9186=CARTESIAN_POINT('',(0.0177742929551691,0.00597099050104842,0.0141196497908355));
#9187=CARTESIAN_POINT('',(0.0177746001638999,0.00596790882455413,0.0141192630555171));
#9188=CARTESIAN_POINT('',(0.0177751801700326,0.00596170943670753,0.0141185328607571));
#9189=CARTESIAN_POINT('',(0.0177755209553325,0.0059577576277004,0.0141181037982277));
#9190=CARTESIAN_POINT('',(0.0177772094237646,0.00593704294756153,0.0141159778594064));
#9191=CARTESIAN_POINT('',(0.0177781745349084,0.00591261913134614,0.0141147621547127));
#9192=CARTESIAN_POINT('',(0.0177786043113114,0.00588218454792827,0.0141142207982524));
#9193=CARTESIAN_POINT('',(0.0175003055576787,0.00632473462805647,0.0143003253595112));
#9194=CARTESIAN_POINT('',(0.0175324126439701,0.00630800134563042,0.01426103367862));
#9195=CARTESIAN_POINT('',(0.0175574968088246,0.00628966144072416,0.014230106698625));
#9196=CARTESIAN_POINT('',(0.0175955540700991,0.00624727398994878,0.0141829786955263));
#9197=CARTESIAN_POINT('',(0.017607693157933,0.00623123106746178,0.0141679018496382));
#9198=CARTESIAN_POINT('',(0.017629430896906,0.00619690912833808,0.014140843942853));
#9199=CARTESIAN_POINT('',(0.0176389699304666,0.00617900891726814,0.0141289400944549));
#9200=CARTESIAN_POINT('',(0.0176660235412536,0.00611764290911236,0.014095121348973));
#9201=CARTESIAN_POINT('',(0.0176795430103087,0.0060728133396272,0.0140781370820559));
#9202=CARTESIAN_POINT('',(0.0176901188775707,0.00601586434128631,0.0140648393394512));
#9203=CARTESIAN_POINT('',(0.017691959351489,0.00600418626275383,0.0140625239783772));
#9204=CARTESIAN_POINT('',(0.0176943086218841,0.00598623672665867,0.0140595677023802));
#9205=CARTESIAN_POINT('',(0.0176950231367172,0.00598018147824422,0.014058668403143));
#9206=CARTESIAN_POINT('',(0.0176959921051463,0.00597099050104842,0.0140574486904353));
#9207=CARTESIAN_POINT('',(0.0176962979605347,0.00596790882455413,0.0140570636587967));
#9208=CARTESIAN_POINT('',(0.0176968754115743,0.00596170943670753,0.0140563366807538));
#9209=CARTESIAN_POINT('',(0.0176972146956173,0.0059577576277004,0.0140559095083677));
#9210=CARTESIAN_POINT('',(0.0176988957258626,0.00593704294756153,0.0140537929349156));
#9211=CARTESIAN_POINT('',(0.0176998565854154,0.00591261913134614,0.0140525825857492));
#9212=CARTESIAN_POINT('',(0.0177002844685303,0.00588218454792827,0.0140520436141191));
#9213=CARTESIAN_POINT('',(0.0175003055576786,0.00632473462805647,0.0143003253595113));
#9214=CARTESIAN_POINT('',(0.0175642941950727,0.00629138560560547,0.0142220180008699));
#9215=CARTESIAN_POINT('',(0.0176373846987455,0.0062128275469264,0.014131076777129));
#9216=CARTESIAN_POINT('',(0.0176935575059201,0.00602381963023615,0.0140605342423777));
#9217=CARTESIAN_POINT('',(0.0176994287023005,0.00594305371476439,0.0140531215573793));
#9218=CARTESIAN_POINT('',(0.0177002844685302,0.00588218454792827,0.0140520436141192));
#9219=CARTESIAN_POINT('',(0.0177002844685303,0.00588218454792827,0.0140520436141191));
#9220=CARTESIAN_POINT('',(0.0177786043113114,0.00588218454792827,0.0141142207982524));
#9221=CARTESIAN_POINT('',(0.017752497697051,0.00588218454792827,0.014093495070208));
#9222=CARTESIAN_POINT('',(0.0177263910827907,0.00588218454792827,0.0140727693421635));
#9223=CARTESIAN_POINT('',(0.0177002844685303,0.00588218454792827,0.0140520436141191));
#9224=CARTESIAN_POINT('',(0.0177786043113114,0.00588218454792827,0.0141142207982524));
#9225=CARTESIAN_POINT('',(0.0177781427019608,0.00585819129350464,0.0141148022522417));
#9226=CARTESIAN_POINT('',(0.0177773626721411,0.0058366946319608,0.014115784765433));
#9227=CARTESIAN_POINT('',(0.0177757146975162,0.00580819452896517,0.0141178598864248));
#9228=CARTESIAN_POINT('',(0.0177750857151148,0.00579931864285329,0.0141186518166017));
#9229=CARTESIAN_POINT('',(0.0177740226949365,0.00578694103601547,0.0141199899987361));
#9230=CARTESIAN_POINT('',(0.0177736484302889,0.00578297120412453,0.0141204611071326));
#9231=CARTESIAN_POINT('',(0.0177730571374697,0.00577725051187061,0.0141212053341287));
#9232=CARTESIAN_POINT('',(0.0177728550572121,0.00577538262371639,0.0141214596705197));
#9233=CARTESIAN_POINT('',(0.0177724409297811,0.00577172486593545,0.0141219808634705));
#9234=CARTESIAN_POINT('',(0.0177723071738266,0.00577056659589729,0.0141221491970762));
#9235=CARTESIAN_POINT('',(0.0177672866879853,0.00573006477672125,0.0141284670588027));
#9236=CARTESIAN_POINT('',(0.0177599821135515,0.00569317815652276,0.0141376541855217));
#9237=CARTESIAN_POINT('',(0.017741053356322,0.00562499385723838,0.0141614002256557));
#9238=CARTESIAN_POINT('',(0.0177293422255839,0.00559261636958403,0.014176068709564));
#9239=CARTESIAN_POINT('',(0.0177083741811644,0.00554662213108427,0.0142022395703075));
#9240=CARTESIAN_POINT('',(0.0177008178182812,0.00553171938374798,0.014211657778796));
#9241=CARTESIAN_POINT('',(0.01768456438695,0.00550277122006932,0.0142318779752152));
#9242=CARTESIAN_POINT('',(0.0176755432828287,0.00548824989039213,0.0142430815724296));
#9243=CARTESIAN_POINT('',(0.0176487016493541,0.00544882737786034,0.0142763490493971));
#9244=CARTESIAN_POINT('',(0.0176294949230898,0.00542592429823672,0.0143000688075951));
#9245=CARTESIAN_POINT('',(0.0175986880715725,0.00539663757189766,0.0143379371928389));
#9246=CARTESIAN_POINT('',(0.0175880862898374,0.00538771997863403,0.0143509414116675));
#9247=CARTESIAN_POINT('',(0.0175662118994371,0.00537157408980557,0.0143777083794308));
#9248=CARTESIAN_POINT('',(0.0175544809610337,0.00536409380241626,0.0143920292879035));
#9249=CARTESIAN_POINT('',(0.0175321761170772,0.00535183049263431,0.0144191923988465));
#9250=CARTESIAN_POINT('',(0.0175207073432153,0.00534646840349559,0.0144331270770433));
#9251=CARTESIAN_POINT('',(0.0175030257784225,0.00533957961841589,0.0144545554880476));
#9252=CARTESIAN_POINT('',(0.0174970521875052,0.00533747574816072,0.0144617860220426));
#9253=CARTESIAN_POINT('',(0.0174879716948399,0.00533460852993507,0.014472762989505));
#9254=CARTESIAN_POINT('',(0.0174849248461135,0.00533370088838603,0.0144764438396138));
#9255=CARTESIAN_POINT('',(0.017480324482374,0.00533241157285175,0.0144819978514654));
#9256=CARTESIAN_POINT('',(0.0174787860126782,0.00533199382547187,0.0144838546448563));
#9257=CARTESIAN_POINT('',(0.017475699032314,0.00533118237964187,0.0144875791346346));
#9258=CARTESIAN_POINT('',(0.0174737632546804,0.00533069353716348,0.0144899137698254));
#9259=CARTESIAN_POINT('',(0.0174539366716453,0.00532582252789486,0.01451381924535));
#9260=CARTESIAN_POINT('',(0.0174295877890688,0.0053230710251098,0.0145430970494636));
#9261=CARTESIAN_POINT('',(0.0173994479557618,0.00532215249664621,0.0145790675571086));
#9262=CARTESIAN_POINT('',(0.0177002844685303,0.00588218454792827,0.0140520436141191));
#9263=CARTESIAN_POINT('',(0.0176998248927011,0.00585819129350464,0.0140526225066371));
#9264=CARTESIAN_POINT('',(0.0176990482991361,0.0058366946319608,0.0140536006915764));
#9265=CARTESIAN_POINT('',(0.0176974075843113,0.00580819452896517,0.0140556666710661));
#9266=CARTESIAN_POINT('',(0.0176967813727574,0.00579931864285329,0.0140564551125638));
#9267=CARTESIAN_POINT('',(0.0176957230354875,0.00578694103601547,0.0140577873996227));
#9268=CARTESIAN_POINT('',(0.0176953504195828,0.00578297120412453,0.0140582564326518));
#9269=CARTESIAN_POINT('',(0.0176947617315778,0.00577725051187061,0.0140589973811149));
#9270=CARTESIAN_POINT('',(0.0176945605415416,0.00577538262371639,0.0140592505970813));
#9271=CARTESIAN_POINT('',(0.0176941482384605,0.00577172486593545,0.0140597694940279));
#9272=CARTESIAN_POINT('',(0.0176940150717393,0.00577056659589729,0.0140599370860759));
#9273=CARTESIAN_POINT('',(0.0176890167025756,0.00573006477672125,0.0140662271158124));
#9274=CARTESIAN_POINT('',(0.0176817443068838,0.00569317815652276,0.0140753737706075));
#9275=CARTESIAN_POINT('',(0.0176628989362501,0.00562499385723838,0.0140990152026352));
#9276=CARTESIAN_POINT('',(0.0176512393963963,0.00559261636958403,0.0141136190676716));
#9277=CARTESIAN_POINT('',(0.0176303637222165,0.00554662213108427,0.0141396746382797));
#9278=CARTESIAN_POINT('',(0.0176228406472755,0.00553171938374798,0.014149051356863));
#9279=CARTESIAN_POINT('',(0.0176066588169634,0.00550277122006932,0.014169182477527));
#9280=CARTESIAN_POINT('',(0.0175976774533889,0.00548824989039213,0.0141803367196876));
#9281=CARTESIAN_POINT('',(0.0175709540649958,0.00544882737786034,0.0142134576438932));
#9282=CARTESIAN_POINT('',(0.0175518319498603,0.00542592429823672,0.0142370729097642));
#9283=CARTESIAN_POINT('',(0.0175211608113453,0.00539663757189766,0.0142747744739277));
#9284=CARTESIAN_POINT('',(0.0175106057334945,0.00538771997863403,0.0142877214054487));
#9285=CARTESIAN_POINT('',(0.0174888277060475,0.00537157408980557,0.0143143704570544));
#9286=CARTESIAN_POINT('',(0.0174771484457868,0.00536409380241626,0.0143286282778246));
#9287=CARTESIAN_POINT('',(0.0174549418610548,0.00535183049263431,0.0143556717274859));
#9288=CARTESIAN_POINT('',(0.0174435236104259,0.00534646840349559,0.0143695450194352));
#9289=CARTESIAN_POINT('',(0.017425919937989,0.00533957961841589,0.0143908790321531));
#9290=CARTESIAN_POINT('',(0.0174199726624501,0.00533747574816072,0.0143980777135755));
#9291=CARTESIAN_POINT('',(0.0174109321719551,0.00533460852993507,0.014409006324353));
#9292=CARTESIAN_POINT('',(0.0174078987454698,0.00533370088838603,0.0144126709592631));
#9293=CARTESIAN_POINT('',(0.0174033186476499,0.00533241157285175,0.0144182005041021));
#9294=CARTESIAN_POINT('',(0.0174017869553536,0.00533199382547187,0.0144200491177864));
#9295=CARTESIAN_POINT('',(0.0173987135740218,0.00533118237964187,0.0144237572001208));
#9296=CARTESIAN_POINT('',(0.0173967863240431,0.00533069353716348,0.0144260815505751));
#9297=CARTESIAN_POINT('',(0.0173770470827834,0.00532582252789486,0.0144498817156348));
#9298=CARTESIAN_POINT('',(0.0173528054640067,0.00532307102510979,0.0144790305426378));
#9299=CARTESIAN_POINT('',(0.0173227984052959,0.00532215249664621,0.0145148425898967));
#9300=CARTESIAN_POINT('',(0.0177002844685302,0.00588218454792827,0.0140520436141192));
#9301=CARTESIAN_POINT('',(0.0176984461652138,0.00578621153023334,0.014054359184191));
#9302=CARTESIAN_POINT('',(0.0176828398968245,0.00566100195580045,0.0140740552492561));
#9303=CARTESIAN_POINT('',(0.0175963208426958,0.00546169190063183,0.0141824347710455));
#9304=CARTESIAN_POINT('',(0.01746449467594,0.00534288475896141,0.0143444678330984));
#9305=CARTESIAN_POINT('',(0.0173828124746928,0.00532398955210332,0.0144432185526943));
#9306=CARTESIAN_POINT('',(0.0173227984052959,0.00532215249664621,0.0145148425898967));
#9307=CARTESIAN_POINT('',(0.0173227984052959,0.00532215249664622,0.0145148425898967));
#9308=CARTESIAN_POINT('',(0.0173994479557618,0.00532215249664621,0.0145790675571086));
#9309=CARTESIAN_POINT('',(0.0173738981056065,0.00532215249664621,0.0145576592347046));
#9310=CARTESIAN_POINT('',(0.0173483482554512,0.00532215249664621,0.0145362509123007));
#9311=CARTESIAN_POINT('',(0.0173227984052959,0.00532215249664621,0.0145148425898967));
#9312=CARTESIAN_POINT('',(0.0173994479557618,0.00532215249664622,0.0145790675571086));
#9313=CARTESIAN_POINT('',(0.01738464951819,0.00532265514107287,0.014596728813108));
#9314=CARTESIAN_POINT('',(0.0173711549276846,0.00532364704124105,0.0146127798047905));
#9315=CARTESIAN_POINT('',(0.017352888661881,0.00532586877538565,0.014634457433557));
#9316=CARTESIAN_POINT('',(0.0173471291353566,0.00532673166740035,0.0146412834664582));
#9317=CARTESIAN_POINT('',(0.0173389857972995,0.00532820947637214,0.0146509245174844));
#9318=CARTESIAN_POINT('',(0.0173363540073173,0.00532873265785437,0.0146540385326824));
#9319=CARTESIAN_POINT('',(0.0173325305467613,0.00532956329781514,0.0146585602547343));
#9320=CARTESIAN_POINT('',(0.017331276763818,0.00532984782242497,0.0146600426118294));
#9321=CARTESIAN_POINT('',(0.0173288106438794,0.00533043216089044,0.0146629575909256));
#9322=CARTESIAN_POINT('',(0.0173279839691798,0.00533063246519534,0.0146639345853643));
#9323=CARTESIAN_POINT('',(0.0173137886481372,0.00533429517745895,0.0146807051631445));
#9324=CARTESIAN_POINT('',(0.0173015470061081,0.00533836305854203,0.0146951286586687));
#9325=CARTESIAN_POINT('',(0.0172778236451319,0.0053481230944057,0.0147230141339033));
#9326=CARTESIAN_POINT('',(0.0172670092236702,0.005353424176969,0.0147356954490764));
#9327=CARTESIAN_POINT('',(0.0172081804473815,0.00538790099620224,0.0148045186366271));
#9328=CARTESIAN_POINT('',(0.0171668027571759,0.0054297478446957,0.0148523964019955));
#9329=CARTESIAN_POINT('',(0.0171147697181521,0.00551196881446422,0.0149122552432914));
#9330=CARTESIAN_POINT('',(0.0170995115812291,0.00554164739362498,0.0149297388659404));
#9331=CARTESIAN_POINT('',(0.0170797874185046,0.00558957264622303,0.0149522895059296));
#9332=CARTESIAN_POINT('',(0.0170737397718367,0.00560611562773187,0.0149591938374601));
#9333=CARTESIAN_POINT('',(0.0170627030603202,0.0056403373853685,0.0149717812680536));
#9334=CARTESIAN_POINT('',(0.0170574983179399,0.00565889894271143,0.0149777098531673));
#9335=CARTESIAN_POINT('',(0.0170490137712065,0.00569362672715572,0.0149873670383226));
#9336=CARTESIAN_POINT('',(0.017045215883818,0.00571144067394126,0.0149916857366666));
#9337=CARTESIAN_POINT('',(0.0170401873706408,0.00573883667596465,0.0149974004684708));
#9338=CARTESIAN_POINT('',(0.0170386225816174,0.00574808119027996,0.0149991781560732));
#9339=CARTESIAN_POINT('',(0.0170364426500189,0.00576211673221421,0.0150016540101991));
#9340=CARTESIAN_POINT('',(0.0170357438812086,0.0057668233746025,0.0150024475151286));
#9341=CARTESIAN_POINT('',(0.0170347375605359,0.00577392553080025,0.0150035901204095));
#9342=CARTESIAN_POINT('',(0.0170344090923854,0.00577629994830206,0.015003963046803));
#9343=CARTESIAN_POINT('',(0.0170337661033587,0.00578106284751078,0.0150046930182741));
#9344=CARTESIAN_POINT('',(0.0170333709467909,0.00578407941111138,0.0150051415956948));
#9345=CARTESIAN_POINT('',(0.0170295134759216,0.00581412575367943,0.0150095203433838));
#9346=CARTESIAN_POINT('',(0.017026530839507,0.00585178319378002,0.0150129031174819));
#9347=CARTESIAN_POINT('',(0.0170241974457104,0.00589881916331288,0.015015548652296));
#9348=CARTESIAN_POINT('',(0.0173227984052959,0.00532215249664622,0.0145148425898967));
#9349=CARTESIAN_POINT('',(0.017308065159079,0.00532265514107287,0.0145324260430061));
#9350=CARTESIAN_POINT('',(0.0172946300161089,0.00532364704124105,0.0145484063254742));
#9351=CARTESIAN_POINT('',(0.0172764442184366,0.00532586877538565,0.0145699884580787));
#9352=CARTESIAN_POINT('',(0.0172707100642757,0.00532673166740035,0.0145767844203505));
#9353=CARTESIAN_POINT('',(0.0172626025999546,0.00532820947637214,0.0145863829997862));
#9354=CARTESIAN_POINT('',(0.0172599824037608,0.00532873265785437,0.0145894832968556));
#9355=CARTESIAN_POINT('',(0.0172561757866435,0.00532956329781514,0.0145939850994271));
#9356=CARTESIAN_POINT('',(0.017254927526973,0.00532984782242497,0.0145954609263148));
#9357=CARTESIAN_POINT('',(0.0172524722709989,0.00533043216089044,0.0145983630640933));
#9358=CARTESIAN_POINT('',(0.017251649238038,0.00533063246519534,0.0145993357545917));
#9359=CARTESIAN_POINT('',(0.0172375164514494,0.00533429517745895,0.0146160324531747));
#9360=CARTESIAN_POINT('',(0.0172253287373588,0.00533836305854203,0.0146303924090711));
#9361=CARTESIAN_POINT('',(0.0172017098845807,0.0053481230944057,0.0146581550408024));
#9362=CARTESIAN_POINT('',(0.0171909431037421,0.005353424176969,0.014670780491151));
#9363=CARTESIAN_POINT('',(0.0171323734850582,0.00538790099620224,0.0147393004928534));
#9364=CARTESIAN_POINT('',(0.0170911780754262,0.0054297478446957,0.0147869673429559));
#9365=CARTESIAN_POINT('',(0.0170393742568386,0.00551196881446422,0.0148465624889157));
#9366=CARTESIAN_POINT('',(0.0170241833363778,0.00554164739362498,0.0148639690912006));
#9367=CARTESIAN_POINT('',(0.017004546064238,0.00558957264622303,0.0148864203891634));
#9368=CARTESIAN_POINT('',(0.0169985250591855,0.00560611562773187,0.0148932943051365));
#9369=CARTESIAN_POINT('',(0.0169875369675435,0.0056403373853685,0.0149058262844939));
#9370=CARTESIAN_POINT('',(0.0169823551535437,0.00565889894271143,0.0149117287524926));
#9371=CARTESIAN_POINT('',(0.0169739079836682,0.00569362672715572,0.014921343394982));
#9372=CARTESIAN_POINT('',(0.0169701268270611,0.00571144067394126,0.0149256430682232));
#9373=CARTESIAN_POINT('',(0.0169651204659243,0.00573883667596465,0.0149313326249974));
#9374=CARTESIAN_POINT('',(0.0169635625702446,0.00574808119027996,0.0149331024813768));
#9375=CARTESIAN_POINT('',(0.0169613922418691,0.00576211673221421,0.0149355674286563));
#9376=CARTESIAN_POINT('',(0.0169606965513354,0.0057668233746025,0.0149363574379694));
#9377=CARTESIAN_POINT('',(0.0169596946637934,0.00577392553080025,0.0149374950097469));
#9378=CARTESIAN_POINT('',(0.0169593676426392,0.00577629994830206,0.0149378662932929));
#9379=CARTESIAN_POINT('',(0.0169587274861633,0.00578106284751078,0.0149385930490306));
#9380=CARTESIAN_POINT('',(0.0169583340703734,0.00578407941111138,0.0149390396503393));
#9381=CARTESIAN_POINT('',(0.0169544935927678,0.00581412575367943,0.0149433991083909));
#9382=CARTESIAN_POINT('',(0.0169515240957206,0.00585178319377997,0.0149467669804005));
#9383=CARTESIAN_POINT('',(0.0169492009811918,0.00589881916331288,0.0149494008608762));
#9384=CARTESIAN_POINT('',(0.0173227984052959,0.00532215249664622,0.0145148425898967));
#9385=CARTESIAN_POINT('',(0.0172638654277251,0.0053241630741039,0.0145851763936262));
#9386=CARTESIAN_POINT('',(0.01718054839696,0.00534424766896363,0.0146833624097058));
#9387=CARTESIAN_POINT('',(0.0170476575490849,0.00547080579236535,0.0148373739245387));
#9388=CARTESIAN_POINT('',(0.0169686745849075,0.00567990010882327,0.0149273265337139));
#9389=CARTESIAN_POINT('',(0.01695384721025,0.00580474722423647,0.0149441330999241));
#9390=CARTESIAN_POINT('',(0.0169492009811918,0.00589881916331288,0.0149494008608762));
#9391=CARTESIAN_POINT('',(0.0169492009811918,0.00589881916331288,0.0149494008608762));
#9392=CARTESIAN_POINT('',(0.0169492009811918,0.00589881916331288,0.0149494008608762));
#9393=CARTESIAN_POINT('',(0.016974199802698,0.00589881916331288,0.0149714501246828));
#9394=CARTESIAN_POINT('',(0.0169991986242042,0.00589881916331288,0.0149934993884894));
#9395=CARTESIAN_POINT('',(0.0170241974457104,0.00589881916331288,0.015015548652296));
#9396=CARTESIAN_POINT('',(0.,0.00589881916331288,0.));
#9397=CARTESIAN_POINT('',(0.,0.00589881916331288,0.));
#9398=CARTESIAN_POINT('',(0.0171521014470073,0.00589881916331288,0.0147161617261964));
#9399=CARTESIAN_POINT('',(0.0172279957011976,0.00589881916331288,0.0147812774860469));
#9400=CARTESIAN_POINT('',(0.0172026976164675,0.00589881916331288,0.0147595722327634));
#9401=CARTESIAN_POINT('',(0.0171773995317374,0.00589881916331288,0.0147378669794799));
#9402=CARTESIAN_POINT('',(0.0171521014470073,0.00589881916331288,0.0147161617261964));
#9403=CARTESIAN_POINT('',(0.0172279957011976,0.00589881916331288,0.0147812774860469));
#9404=CARTESIAN_POINT('',(0.0172293525613474,0.00588729698099565,0.0147796960272826));
#9405=CARTESIAN_POINT('',(0.0172306239589382,0.00587716066519442,0.0147782137386466));
#9406=CARTESIAN_POINT('',(0.0172324029768263,0.00586403499126533,0.0147761391599475));
#9407=CARTESIAN_POINT('',(0.017232974636212,0.00586000623325116,0.014775472442618));
#9408=CARTESIAN_POINT('',(0.0172338001183964,0.00585448279617321,0.0147745095911128));
#9409=CARTESIAN_POINT('',(0.0172340699446321,0.00585272826713777,0.0147741948446839));
#9410=CARTESIAN_POINT('',(0.0172345989301599,0.00584939244238133,0.0147735777617233));
#9411=CARTESIAN_POINT('',(0.0172347567373076,0.00584840796672761,0.0147733936691503));
#9412=CARTESIAN_POINT('',(0.0172365326320334,0.00583795047107225,0.0147713217956479));
#9413=CARTESIAN_POINT('',(0.0172381855254505,0.00582954266202669,0.0147693929524698));
#9414=CARTESIAN_POINT('',(0.0172410127222198,0.00581686822967646,0.0147660923202733));
#9415=CARTESIAN_POINT('',(0.017242013096048,0.00581263296576273,0.0147649242139441));
#9416=CARTESIAN_POINT('',(0.0172441297107769,0.00580414153167464,0.0147624521393196));
#9417=CARTESIAN_POINT('',(0.0172450884962133,0.00580045753336854,0.0147613321536974));
#9418=CARTESIAN_POINT('',(0.0172490832473618,0.00578594114784975,0.0147566643894075));
#9419=CARTESIAN_POINT('',(0.0172517395782637,0.00577713065458689,0.0147535588299602));
#9420=CARTESIAN_POINT('',(0.0172557138362665,0.00576521556031709,0.0147489099311513));
#9421=CARTESIAN_POINT('',(0.0172570368825418,0.0057614606364979,0.0147473618716078));
#9422=CARTESIAN_POINT('',(0.017259679565041,0.00575438433740104,0.0147442689018365));
#9423=CARTESIAN_POINT('',(0.0172607279149101,0.00575170202053544,0.014743041675192));
#9424=CARTESIAN_POINT('',(0.017268674009497,0.00573298372344033,0.0147337365857338));
#9425=CARTESIAN_POINT('',(0.0172760839991475,0.00571899031906753,0.0147250494187278));
#9426=CARTESIAN_POINT('',(0.0172924185353076,0.00569386072076346,0.0147058634540556));
#9427=CARTESIAN_POINT('',(0.0173013611909395,0.00568285299257233,0.0146953436980393));
#9428=CARTESIAN_POINT('',(0.017320787166835,0.00566395167811189,0.0146724421070269));
#9429=CARTESIAN_POINT('',(0.017331731598146,0.00565579832007614,0.014659514292139));
#9430=CARTESIAN_POINT('',(0.0173479114777202,0.00564668320476321,0.0146403564584024));
#9431=CARTESIAN_POINT('',(0.0173533980394095,0.00564408201139776,0.0146338529259887));
#9432=CARTESIAN_POINT('',(0.0173617671992577,0.00564083598895789,0.0146239207623055));
#9433=CARTESIAN_POINT('',(0.0173645801385351,0.00563986327607932,0.0146205805634011));
#9434=CARTESIAN_POINT('',(0.0173688343012402,0.00563856814866354,0.0146155259866243));
#9435=CARTESIAN_POINT('',(0.0173702581477593,0.00563816376317529,0.0146138337479517));
#9436=CARTESIAN_POINT('',(0.0173731174126628,0.00563740963949948,0.0146104345006712));
#9437=CARTESIAN_POINT('',(0.0173750470914724,0.00563694932888794,0.014608139537076));
#9438=CARTESIAN_POINT('',(0.0173835695288282,0.00563504274986888,0.014598001542425));
#9439=CARTESIAN_POINT('',(0.0173950321881213,0.00563368536022292,0.0145843554869255));
#9440=CARTESIAN_POINT('',(0.0174103492370967,0.00563266531715904,0.0145660474886746));
#9441=CARTESIAN_POINT('',(0.0171521014470073,0.00589881916331288,0.0147161617261964));
#9442=CARTESIAN_POINT('',(0.0171534523297996,0.00588729698099565,0.0147145872342108));
#9443=CARTESIAN_POINT('',(0.01715471812652,0.00587716066519442,0.0147131114754808));
#9444=CARTESIAN_POINT('',(0.0171564893073249,0.00586403499126533,0.0147110460358948));
#9445=CARTESIAN_POINT('',(0.0171570584483873,0.00586000623325116,0.0147103822556461));
#9446=CARTESIAN_POINT('',(0.0171578802940862,0.00585448279617321,0.0147094236457775));
#9447=CARTESIAN_POINT('',(0.0171581489316601,0.00585272826713777,0.0147091102858967));
#9448=CARTESIAN_POINT('',(0.0171586755868552,0.00584939244238133,0.0147084959213633));
#9449=CARTESIAN_POINT('',(0.0171588326988172,0.00584840796672761,0.0147083126397707));
#9450=CARTESIAN_POINT('',(0.0171606007702183,0.00583795047107225,0.0147062498934644));
#9451=CARTESIAN_POINT('',(0.0171622463821666,0.00582954266202669,0.0147043295473929));
#9452=CARTESIAN_POINT('',(0.0171650611243245,0.00581686822967646,0.0147010434554263));
#9453=CARTESIAN_POINT('',(0.0171660570912196,0.00581263296576273,0.0146998804949399));
#9454=CARTESIAN_POINT('',(0.0171681643816546,0.00580414153167464,0.0146974193105121));
#9455=CARTESIAN_POINT('',(0.0171691189433665,0.00580045753336854,0.0146963042587472));
#9456=CARTESIAN_POINT('',(0.0171730960964924,0.00578594114784975,0.0146916570572956));
#9457=CARTESIAN_POINT('',(0.017175740725496,0.00577713065458689,0.0146885651787269));
#9458=CARTESIAN_POINT('',(0.0171796974757543,0.00576521556031709,0.0146839367596484));
#9459=CARTESIAN_POINT('',(0.0171810146936319,0.0057614606364979,0.0146823955197505));
#9460=CARTESIAN_POINT('',(0.017183645734358,0.00575438433740104,0.0146793161753967));
#9461=CARTESIAN_POINT('',(0.0171846894659457,0.00575170202053544,0.014678094355037));
#9462=CARTESIAN_POINT('',(0.0171926005557107,0.00573298372344033,0.0146688302571623));
#9463=CARTESIAN_POINT('',(0.017199977902235,0.00571899031906753,0.0146601813596145));
#9464=CARTESIAN_POINT('',(0.017216240480086,0.00569386072076346,0.0146410799146104));
#9465=CARTESIAN_POINT('',(0.0172251437407592,0.00568285299257233,0.0146306065011316));
#9466=CARTESIAN_POINT('',(0.0172444841396684,0.00566395167811189,0.0146078057981853));
#9467=CARTESIAN_POINT('',(0.0172553803576255,0.00565579832007614,0.0145949349340238));
#9468=CARTESIAN_POINT('',(0.0172714889601972,0.00564668320476321,0.0145758614960306));
#9469=CARTESIAN_POINT('',(0.0172769513520112,0.00564408201139776,0.0145693866135394));
#9470=CARTESIAN_POINT('',(0.0172852836433139,0.00564083598895789,0.0145594982038813));
#9471=CARTESIAN_POINT('',(0.0172880841907882,0.00563986327607932,0.0145561727195095));
#9472=CARTESIAN_POINT('',(0.0172923196126884,0.00563856814866354,0.0145511404095907));
#9473=CARTESIAN_POINT('',(0.0172937371867559,0.00563816376317529,0.014549455625714));
#9474=CARTESIAN_POINT('',(0.0172965838557788,0.00563740963949948,0.0145460713530911));
#9475=CARTESIAN_POINT('',(0.0172985050338007,0.00563694932888794,0.0145437864994677));
#9476=CARTESIAN_POINT('',(0.0173069899273796,0.00563504274986888,0.0145336931655861));
#9477=CARTESIAN_POINT('',(0.0173184020903763,0.00563368536022291,0.0145201072248685));
#9478=CARTESIAN_POINT('',(0.017333651663365,0.00563266531715904,0.0145018798785924));
#9479=CARTESIAN_POINT('',(0.0171521014470074,0.00589881916331288,0.0147161617261964));
#9480=CARTESIAN_POINT('',(0.0171575049781764,0.00585273043404505,0.0147098637582543));
#9481=CARTESIAN_POINT('',(0.0171665483629731,0.00579860365600254,0.014699312673495));
#9482=CARTESIAN_POINT('',(0.01720349122878,0.00569950398209721,0.0146561411549664));
#9483=CARTESIAN_POINT('',(0.0172681418688703,0.00564193353510158,0.0145799065293136));
#9484=CARTESIAN_POINT('',(0.0173031525241426,0.00563470540283495,0.0145383345630705));
#9485=CARTESIAN_POINT('',(0.0173336516633651,0.00563266531715904,0.0145018798785924));
#9486=CARTESIAN_POINT('',(0.017333651663365,0.00563266531715904,0.0145018798785924));
#9487=CARTESIAN_POINT('',(0.0174103492370967,0.00563266531715904,0.0145660474886746));
#9488=CARTESIAN_POINT('',(0.0173847833791861,0.00563266531715904,0.0145446582853139));
#9489=CARTESIAN_POINT('',(0.0173592175212756,0.00563266531715904,0.0145232690819531));
#9490=CARTESIAN_POINT('',(0.017333651663365,0.00563266531715904,0.0145018798785924));
#9491=CARTESIAN_POINT('',(0.0174103492370967,0.00563266531715904,0.0145660474886746));
#9492=CARTESIAN_POINT('',(0.0174171345583983,0.0056328465523175,0.0145579372025014));
#9493=CARTESIAN_POINT('',(0.017423284581227,0.00563324971042473,0.0145505748533876));
#9494=CARTESIAN_POINT('',(0.017431560957324,0.00563418733203053,0.0145406568328846));
#9495=CARTESIAN_POINT('',(0.0174341616305635,0.00563455535330541,0.0145375384021974));
#9496=CARTESIAN_POINT('',(0.0174390473453249,0.00563540235733439,0.0145316771999481));
#9497=CARTESIAN_POINT('',(0.0174407263990194,0.00563572910527622,0.0145296621062085));
#9498=CARTESIAN_POINT('',(0.0174543937991313,0.00563916259680624,0.0145132501198582));
#9499=CARTESIAN_POINT('',(0.0174654644020545,0.00564357696698659,0.0144999242571692));
#9500=CARTESIAN_POINT('',(0.0174957528663425,0.0056600113203029,0.0144633893888039));
#9501=CARTESIAN_POINT('',(0.0175148090596766,0.00567799861002263,0.014440297335612));
#9502=CARTESIAN_POINT('',(0.0175660688586427,0.00574948615118103,0.0143779733969943));
#9503=CARTESIAN_POINT('',(0.0175831947958925,0.00581054942758391,0.014356923832766));
#9504=CARTESIAN_POINT('',(0.0175838789129959,0.00588530353831288,0.0143560859001713));
#9505=CARTESIAN_POINT('',(0.017333651663365,0.00563266531715904,0.0145018798785924));
#9506=CARTESIAN_POINT('',(0.0173404070933834,0.0056328465523175,0.014493805320552));
#9507=CARTESIAN_POINT('',(0.0173465300236004,0.00563324971042473,0.0144864754046943));
#9508=CARTESIAN_POINT('',(0.0173547699398908,0.00563418733203053,0.0144766010759115));
#9509=CARTESIAN_POINT('',(0.01735735915642,0.00563455535330541,0.0144734963828044));
#9510=CARTESIAN_POINT('',(0.0173622233482089,0.00563540235733439,0.0144676610008294));
#9511=CARTESIAN_POINT('',(0.0173638950051911,0.00563572910527622,0.0144656547841548));
#9512=CARTESIAN_POINT('',(0.017377502196492,0.00563916259680624,0.0144493150973038));
#9513=CARTESIAN_POINT('',(0.0173885240302393,0.00564357696698659,0.0144360479388556));
#9514=CARTESIAN_POINT('',(0.0174186790651692,0.0056600113203029,0.0143996740170471));
#9515=CARTESIAN_POINT('',(0.017437651310515,0.00567799861002263,0.0143766836909617));
#9516=CARTESIAN_POINT('',(0.0174886852953887,0.00574948615118103,0.0143146343071397));
#9517=CARTESIAN_POINT('',(0.0175057357875487,0.00581054938012543,0.0142936774727989));
#9518=CARTESIAN_POINT('',(0.0175064168913527,0.00588530353831288,0.0142928432310076));
#9519=CARTESIAN_POINT('',(0.0173336516633651,0.00563266531715904,0.0145018798785924));
#9520=CARTESIAN_POINT('',(0.0173876951020684,0.00563411519838797,0.0144372834159947));
#9521=CARTESIAN_POINT('',(0.0174626126229471,0.00568162952213656,0.0143465172641721));
#9522=CARTESIAN_POINT('',(0.0175057302072621,0.00580993691897395,0.0142936843077457));
#9523=CARTESIAN_POINT('',(0.0175064168913528,0.00588530353831288,0.0142928432310075));
#9524=CARTESIAN_POINT('',(0.0175064168913527,0.00588530353831288,0.0142928432310076));
#9525=CARTESIAN_POINT('',(0.0175838789129959,0.00588530353831288,0.0143560859001713));
#9526=CARTESIAN_POINT('',(0.0175580582391148,0.00588530353831288,0.0143350050104501));
#9527=CARTESIAN_POINT('',(0.0175322375652338,0.00588530353831288,0.0143139241207288));
#9528=CARTESIAN_POINT('',(0.0175064168913527,0.00588530353831288,0.0142928432310076));
#9529=CARTESIAN_POINT('',(0.0175838789129959,0.00588530353831288,0.0143560859001713));
#9530=CARTESIAN_POINT('',(0.0175835394558244,0.00590036622486569,0.0143565016801995));
#9531=CARTESIAN_POINT('',(0.0175829442810246,0.00591245968167977,0.014357230659864));
#9532=CARTESIAN_POINT('',(0.0175812422624647,0.00593070813583021,0.0143593148276191));
#9533=CARTESIAN_POINT('',(0.0175794280025463,0.0059431531326917,0.0143615362728624));
#9534=CARTESIAN_POINT('',(0.0175725797928744,0.0059769308763657,0.0143699161958891));
#9535=CARTESIAN_POINT('',(0.0175662027432796,0.00599666561783304,0.0143777159821661));
#9536=CARTESIAN_POINT('',(0.0175529025713441,0.00602603284581499,0.0143939452632473));
#9537=CARTESIAN_POINT('',(0.0175480121342306,0.006035310344055,0.0143999071990949));
#9538=CARTESIAN_POINT('',(0.0175384123925347,0.00605148817503675,0.0144115976891889));
#9539=CARTESIAN_POINT('',(0.0175332224633365,0.00605925025865402,0.0144179120264433));
#9540=CARTESIAN_POINT('',(0.0175220594399295,0.00607412076214136,0.014431476367118));
#9541=CARTESIAN_POINT('',(0.0175160863456475,0.00608122918201144,0.0144387263706261));
#9542=CARTESIAN_POINT('',(0.0175065367070376,0.00609140156400615,0.0144503009499334));
#9543=CARTESIAN_POINT('',(0.0175032551577985,0.00609471065003598,0.014454275735712));
#9544=CARTESIAN_POINT('',(0.0174964949074109,0.00610116540615886,0.0144624580939043));
#9545=CARTESIAN_POINT('',(0.0174924515821771,0.00610479464634086,0.0144673480632174));
#9546=CARTESIAN_POINT('',(0.0174773870494571,0.00611769660651919,0.0144855548501568));
#9547=CARTESIAN_POINT('',(0.0174642906177358,0.00612659001699177,0.0145013462403103));
#9548=CARTESIAN_POINT('',(0.0174430637110406,0.00613778789619552,0.0145268596318373));
#9549=CARTESIAN_POINT('',(0.0174357243415683,0.00614116348317925,0.014535668458725));
#9550=CARTESIAN_POINT('',(0.0174243175898599,0.00614569130452857,0.0145493364708492));
#9551=CARTESIAN_POINT('',(0.0174204490548852,0.00614711131845729,0.0145539682688383));
#9552=CARTESIAN_POINT('',(0.01741454655038,0.0061491074495688,0.0145610294229391));
#9553=CARTESIAN_POINT('',(0.0174125624317786,0.00614975051164238,0.0145634020504072));
#9554=CARTESIAN_POINT('',(0.0174085609133619,0.00615099200586235,0.0145681850842224));
#9555=CARTESIAN_POINT('',(0.0174061479852056,0.00615170246528028,0.0145710678686007));
#9556=CARTESIAN_POINT('',(0.0173782928739327,0.00615959199377146,0.0146043351247225));
#9557=CARTESIAN_POINT('',(0.0173482679832185,0.00616386081103514,0.0146400255551671));
#9558=CARTESIAN_POINT('',(0.0173143532097835,0.00616497300946673,0.0146800263258231));
#9559=CARTESIAN_POINT('',(0.0175064168913527,0.00588530353831288,0.0142928432310076));
#9560=CARTESIAN_POINT('',(0.0175060789295873,0.00590036622486569,0.0142932571794057));
#9561=CARTESIAN_POINT('',(0.0175054863767029,0.00591245968167977,0.014293982947706));
#9562=CARTESIAN_POINT('',(0.0175037918560221,0.00593070813583021,0.0142960579341053));
#9563=CARTESIAN_POINT('',(0.0175019855884382,0.0059431531326917,0.0142982695932463));
#9564=CARTESIAN_POINT('',(0.0174951675470909,0.0059769308763657,0.0143066126003125));
#9565=CARTESIAN_POINT('',(0.0174888185902255,0.00599666561783304,0.0143143780262975));
#9566=CARTESIAN_POINT('',(0.0174755770093558,0.00602603284581499,0.0143305358127484));
#9567=CARTESIAN_POINT('',(0.0174707081160181,0.006035310344055,0.0143364714845615));
#9568=CARTESIAN_POINT('',(0.0174611506639332,0.00605148817503675,0.0143481104746991));
#9569=CARTESIAN_POINT('',(0.0174559835978593,0.00605925025865402,0.0143543969954898));
#9570=CARTESIAN_POINT('',(0.0174448697507668,0.00607412076214136,0.0143679015813597));
#9571=CARTESIAN_POINT('',(0.0174389229696755,0.00608122918201144,0.0143751196465264));
#9572=CARTESIAN_POINT('',(0.0174294153999581,0.00609140156400615,0.0143866432364975));
#9573=CARTESIAN_POINT('',(0.0174261483068831,0.00609471065003598,0.0143906005122067));
#9574=CARTESIAN_POINT('',(0.0174194178373342,0.00610116540615886,0.0143987468247682));
#9575=CARTESIAN_POINT('',(0.0174153923241058,0.00610479464634086,0.0144036152523662));
#9576=CARTESIAN_POINT('',(0.0174003941549661,0.00611769660651919,0.0144217418331957));
#9577=CARTESIAN_POINT('',(0.0173873554167766,0.00612659001699177,0.0144374636577539));
#9578=CARTESIAN_POINT('',(0.0173662220206835,0.00613778789619552,0.0144628646554856));
#9579=CARTESIAN_POINT('',(0.0173589149832354,0.00614116348317925,0.0144716346769685));
#9580=CARTESIAN_POINT('',(0.0173475584815345,0.00614569130452857,0.0144852424775855));
#9581=CARTESIAN_POINT('',(0.0173437069885641,0.00614711131845729,0.0144898538711782));
#9582=CARTESIAN_POINT('',(0.0173378304862814,0.0061491074495688,0.0144968839188733));
#9583=CARTESIAN_POINT('',(0.0173358551082906,0.00614975051164238,0.014499246094238));
#9584=CARTESIAN_POINT('',(0.0173318712177083,0.00615099200586235,0.0145040080574197));
#9585=CARTESIAN_POINT('',(0.0173294689191915,0.00615170246528028,0.0145068781423073));
#9586=CARTESIAN_POINT('',(0.0173017365176599,0.00615959199377146,0.01453999884664));
#9587=CARTESIAN_POINT('',(0.0172718438951866,0.00616386081103515,0.0145755320505189));
#9588=CARTESIAN_POINT('',(0.01723807852604,0.00616497300946673,0.0146153566063261));
#9589=CARTESIAN_POINT('',(0.0175064168913528,0.00588530353831288,0.0142928432310075));
#9590=CARTESIAN_POINT('',(0.0175050650442909,0.00594555428452429,0.0142944990245999));
#9591=CARTESIAN_POINT('',(0.0174883208792943,0.00601775369165765,0.0143150703431129));
#9592=CARTESIAN_POINT('',(0.0173881924721125,0.00615007313123123,0.0144368493066877));
#9593=CARTESIAN_POINT('',(0.0173056092140557,0.00616274861425966,0.0145357075540116));
#9594=CARTESIAN_POINT('',(0.0172380785260399,0.00616497300946673,0.0146153566063261));
#9595=CARTESIAN_POINT('',(0.01723807852604,0.00616497300946673,0.0146153566063261));
#9596=CARTESIAN_POINT('',(0.01723807852604,0.00616497300946673,0.0146153566063261));
#9597=CARTESIAN_POINT('',(0.0172635034206211,0.00616497300946673,0.0146369131794918));
#9598=CARTESIAN_POINT('',(0.0172889283152023,0.00616497300946673,0.0146584697526574));
#9599=CARTESIAN_POINT('',(0.0173143532097835,0.00616497300946673,0.0146800263258231));
#9600=CARTESIAN_POINT('',(0.0173143532097835,0.0063091396761334,0.0146800263258231));
#9601=CARTESIAN_POINT('',(0.01723807852604,0.,0.0146153566063261));
#9602=CARTESIAN_POINT('',(0.01723807852604,0.00645330634280007,0.0146153566063261));
#9603=CARTESIAN_POINT('',(0.0173143532097835,0.00645330634280007,0.0146800263258231));
#9604=CARTESIAN_POINT('',(0.0172889283152023,0.00645330634280007,0.0146584697526574));
#9605=CARTESIAN_POINT('',(0.0172635034206211,0.00645330634280007,0.0146369131794918));
#9606=CARTESIAN_POINT('',(0.01723807852604,0.00645330634280007,0.0146153566063261));
#9607=CARTESIAN_POINT('',(0.0173143532097835,0.00645330634280007,0.0146800263258231));
#9608=CARTESIAN_POINT('',(0.0173297895540567,0.00645533914663646,0.0146618199336082));
#9609=CARTESIAN_POINT('',(0.0173433323651197,0.00645741221997543,0.01464578950145));
#9610=CARTESIAN_POINT('',(0.0173608337029926,0.00646058223572362,0.0146250311127527));
#9611=CARTESIAN_POINT('',(0.0173661985912477,0.00646164897518042,0.0146186594589654));
#9612=CARTESIAN_POINT('',(0.017373545314291,0.00646326418567674,0.0146099259985888));
#9613=CARTESIAN_POINT('',(0.0173758774488764,0.00646380510606069,0.0146071521776328));
#9614=CARTESIAN_POINT('',(0.0173792007880733,0.00646462026196441,0.0146031976954555));
#9615=CARTESIAN_POINT('',(0.0173802794237197,0.00646489260982027,0.0146019139093437));
#9616=CARTESIAN_POINT('',(0.0173818536954281,0.00646530207543602,0.0146000398210535));
#9617=CARTESIAN_POINT('',(0.0173823711723515,0.00646543872127993,0.01459942372342));
#9618=CARTESIAN_POINT('',(0.0173833915710712,0.00646571232757838,0.0145982087297095));
#9619=CARTESIAN_POINT('',(0.0173835322349572,0.00646574907154287,0.0145980412664209));
#9620=CARTESIAN_POINT('',(0.0173981166168219,0.006469783753792,0.0145806719271816));
#9621=CARTESIAN_POINT('',(0.0174105431530854,0.00647433438884879,0.0145658260657548));
#9622=CARTESIAN_POINT('',(0.0174272505158468,0.00648229027202036,0.0145458246560219));
#9623=CARTESIAN_POINT('',(0.0174324975265155,0.00648513055484195,0.0145395353841628));
#9624=CARTESIAN_POINT('',(0.0174398867294924,0.00648967346172093,0.0145306698284111));
#9625=CARTESIAN_POINT('',(0.0174422695760045,0.00649123484445502,0.0145278093665004));
#9626=CARTESIAN_POINT('',(0.0174457237247727,0.00649364753921781,0.0145236609350656));
#9627=CARTESIAN_POINT('',(0.0174468550873839,0.00649446354091568,0.0145223018347015));
#9628=CARTESIAN_POINT('',(0.0174490778053639,0.00649611908453198,0.0145196310821145));
#9629=CARTESIAN_POINT('',(0.0174498304446833,0.00649668948168825,0.0145187266078496));
#9630=CARTESIAN_POINT('',(0.0174625211998409,0.00650677359280583,0.0145034707740028));
#9631=CARTESIAN_POINT('',(0.0174726330355963,0.00651694758226494,0.0144912833015647));
#9632=CARTESIAN_POINT('',(0.0174860605700295,0.00653402406915216,0.0144750728831314));
#9633=CARTESIAN_POINT('',(0.0174902463478047,0.00654001881523099,0.0144700145156966));
#9634=CARTESIAN_POINT('',(0.0174980395742428,0.00655261347495484,0.0144605894917737));
#9635=CARTESIAN_POINT('',(0.0175014108455801,0.00655872222187917,0.0144565089007507));
#9636=CARTESIAN_POINT('',(0.01750852132745,0.00657350955017678,0.0144478964596754));
#9637=CARTESIAN_POINT('',(0.0175116864201894,0.00658118879090643,0.0144440596011402));
#9638=CARTESIAN_POINT('',(0.0175172381647028,0.0065971184255274,0.0144373261416862));
#9639=CARTESIAN_POINT('',(0.0175194360266854,0.0066045623139272,0.0144346587468864));
#9640=CARTESIAN_POINT('',(0.0175227164093591,0.00661857602787274,0.0144306760962619));
#9641=CARTESIAN_POINT('',(0.0175236462408616,0.00662310619987251,0.0144295469048287));
#9642=CARTESIAN_POINT('',(0.0175247957166825,0.00662968985889903,0.0144281507980727));
#9643=CARTESIAN_POINT('',(0.0175251379960855,0.00663184914541235,0.0144277350420315));
#9644=CARTESIAN_POINT('',(0.0175257408176748,0.00663609718544795,0.0144270027731539));
#9645=CARTESIAN_POINT('',(0.0175260641474192,0.00663877284934235,0.0144266099816102));
#9646=CARTESIAN_POINT('',(0.0175268486178525,0.00664610573261551,0.0144256569521815));
#9647=CARTESIAN_POINT('',(0.017527320639941,0.0066551849292422,0.0144250834116414));
#9648=CARTESIAN_POINT('',(0.017527637163409,0.00666747701587699,0.0144246987999016));
#9649=CARTESIAN_POINT('',(0.01723807852604,0.00645330634280007,0.0146153566063261));
#9650=CARTESIAN_POINT('',(0.0172534468687964,0.00645533914663644,0.0145972304184823));
#9651=CARTESIAN_POINT('',(0.0172669300198989,0.00645741221997543,0.0145812706049678));
#9652=CARTESIAN_POINT('',(0.0172843542593671,0.00646058223572362,0.0145606036629168));
#9653=CARTESIAN_POINT('',(0.0172896955137532,0.00646164897518042,0.0145542600780889));
#9654=CARTESIAN_POINT('',(0.0172970098723778,0.00646326418567674,0.014545565091106));
#9655=CARTESIAN_POINT('',(0.0172993317332426,0.00646380510606069,0.0145428034896256));
#9656=CARTESIAN_POINT('',(0.0173026404321787,0.00646462026196441,0.0145388664280746));
#9657=CARTESIAN_POINT('',(0.0173037143161262,0.00646489260982027,0.0145375882974083));
#9658=CARTESIAN_POINT('',(0.0173052816527169,0.00646530207543602,0.0145357224650136));
#9659=CARTESIAN_POINT('',(0.0173057968500063,0.00646543872127993,0.0145351090814666));
#9660=CARTESIAN_POINT('',(0.0173068127535775,0.00646571232757838,0.0145338994401513));
#9661=CARTESIAN_POINT('',(0.0173069527977988,0.00646574907154287,0.0145337327145864));
#9662=CARTESIAN_POINT('',(0.0173214729312853,0.006469783753792,0.0145164398922601));
#9663=CARTESIAN_POINT('',(0.0173338447250982,0.00647433438884879,0.0145016594311039));
#9664=CARTESIAN_POINT('',(0.0173504784871426,0.00648229027202036,0.0144817461333082));
#9665=CARTESIAN_POINT('',(0.0173557023832268,0.00648513055484195,0.0144754845674924));
#9666=CARTESIAN_POINT('',(0.0173630590346488,0.00648967346172093,0.0144666580670525));
#9667=CARTESIAN_POINT('',(0.0173654313840397,0.00649123484445502,0.0144638102062956));
#9668=CARTESIAN_POINT('',(0.0173688703162935,0.00649364753921781,0.0144596800498891));
#9669=CARTESIAN_POINT('',(0.0173699966949285,0.00649446354091568,0.0144583269367512));
#9670=CARTESIAN_POINT('',(0.0173722096211993,0.00649611908453198,0.0144556679495942));
#9671=CARTESIAN_POINT('',(0.017372958944927,0.00649668948168825,0.0144547674597974));
#9672=CARTESIAN_POINT('',(0.0173855937936742,0.00650677359280583,0.0144395788322671));
#9673=CARTESIAN_POINT('',(0.0173956610838977,0.00651694758226494,0.0144274450491349));
#9674=CARTESIAN_POINT('',(0.0174090294661967,0.00653402406915216,0.0144113060422365));
#9675=CARTESIAN_POINT('',(0.0174131968044223,0.00654001881523099,0.0144062699583587));
#9676=CARTESIAN_POINT('',(0.0174209556994664,0.00655261347495484,0.014396886454365));
#9677=CARTESIAN_POINT('',(0.0174243121193881,0.00655872222187917,0.014392823839514));
#9678=CARTESIAN_POINT('',(0.0174313912775494,0.00657350955017678,0.0143842493387076));
#9679=CARTESIAN_POINT('',(0.0174345424271489,0.00658118879090643,0.0143804293826329));
#9680=CARTESIAN_POINT('',(0.0174400697146381,0.0065971184255274,0.0143737255859959));
#9681=CARTESIAN_POINT('',(0.0174422578944092,0.0066045623139272,0.014371069941834));
#9682=CARTESIAN_POINT('',(0.0174455238260579,0.00661857602787274,0.014367104835926));
#9683=CARTESIAN_POINT('',(0.0174464495613865,0.00662310619987251,0.0143659806189043));
#9684=CARTESIAN_POINT('',(0.0174475939734372,0.00662968985889903,0.0143645906623984));
#9685=CARTESIAN_POINT('',(0.0174479347450014,0.00663184914541235,0.0143641767378816));
#9686=CARTESIAN_POINT('',(0.017448534910989,0.00663609718544795,0.0143634476948581));
#9687=CARTESIAN_POINT('',(0.0174488568163732,0.00663877284934235,0.0143630566336736));
#9688=CARTESIAN_POINT('',(0.0174496378309897,0.00664610573261551,0.0143621078026124));
#9689=CARTESIAN_POINT('',(0.0174501077736857,0.0066551849292422,0.0143615367886826));
#9690=CARTESIAN_POINT('',(0.0174504229027773,0.00666747701587699,0.0143611538712677));
#9691=CARTESIAN_POINT('',(0.0172380785260399,0.00645330634280007,0.0146153566063261));
#9692=CARTESIAN_POINT('',(0.0172688152065605,0.00645737194981247,0.0145791042365267));
#9693=CARTESIAN_POINT('',(0.0173047331176978,0.00646293833891898,0.0145364711972896));
#9694=CARTESIAN_POINT('',(0.0173770528180055,0.0064895763238218,0.014449987393158));
#9695=CARTESIAN_POINT('',(0.0174332325123401,0.00656561599666842,0.0143820582371758));
#9696=CARTESIAN_POINT('',(0.0174491623864111,0.00661830866933774,0.0143626855409275));
#9697=CARTESIAN_POINT('',(0.0174504229027772,0.00666747701587699,0.0143611538712677));
#9698=CARTESIAN_POINT('',(0.0174504229027773,0.00666747701587699,0.0143611538712677));
#9699=CARTESIAN_POINT('',(0.017527637163409,0.00666747701587699,0.0144246987999016));
#9700=CARTESIAN_POINT('',(0.0175018990765318,0.00666747701587699,0.0144035171570236));
#9701=CARTESIAN_POINT('',(0.0174761609896545,0.00666747701587699,0.0143823355141457));
#9702=CARTESIAN_POINT('',(0.0174504229027773,0.00666747701587699,0.0143611538712677));
#9703=CARTESIAN_POINT('',(0.017527637163409,0.00666747701587699,0.0144246987999016));
#9704=CARTESIAN_POINT('',(0.0175273831610707,0.00667492667830751,0.014425007441412));
#9705=CARTESIAN_POINT('',(0.0175270936000961,0.00668142854640297,0.0144253592743896));
#9706=CARTESIAN_POINT('',(0.0175266059089744,0.00668975965704355,0.0144259518014217));
#9707=CARTESIAN_POINT('',(0.0175264344536272,0.00669229974533998,0.0144261601066687));
#9708=CARTESIAN_POINT('',(0.0175260737573432,0.0066969060247653,0.0144265983077334));
#9709=CARTESIAN_POINT('',(0.0175259876583468,0.00669801997817982,0.0144267029089875));
#9710=CARTESIAN_POINT('',(0.0175244812736121,0.00671192737947734,0.0144285328320734));
#9711=CARTESIAN_POINT('',(0.017522408674299,0.0067228684794762,0.0144310502966996));
#9712=CARTESIAN_POINT('',(0.0175142225352151,0.00675280505009241,0.014440986207564));
#9713=CARTESIAN_POINT('',(0.0175055449315409,0.00677135501663496,0.0144515112428729));
#9714=CARTESIAN_POINT('',(0.017484199119068,0.00680206470600464,0.0144773292329028));
#9715=CARTESIAN_POINT('',(0.0174718227707698,0.00681347451314608,0.0144922686977839));
#9716=CARTESIAN_POINT('',(0.0174550084729017,0.00682238055395581,0.0145125017448682));
#9717=CARTESIAN_POINT('',(0.0174515903845504,0.00682389589769358,0.0145166119509483));
#9718=CARTESIAN_POINT('',(0.0174463802042947,0.00682577011666397,0.0145228724823408));
#9719=CARTESIAN_POINT('',(0.0174446296361896,0.00682632839021472,0.0145249751964578));
#9720=CARTESIAN_POINT('',(0.0174411007824,0.00682731200510414,0.0145292123358325));
#9721=CARTESIAN_POINT('',(0.0174387091671027,0.00682786016390379,0.0145320826441131));
#9722=CARTESIAN_POINT('',(0.0174328150043152,0.00682904045276196,0.0145391545582033));
#9723=CARTESIAN_POINT('',(0.0174256856907756,0.00682979425377198,0.0145477042930702));
#9724=CARTESIAN_POINT('',(0.0174161296344161,0.00683035762485135,0.0145591355703975));
#9725=CARTESIAN_POINT('',(0.0174504229027773,0.00666747701587699,0.0143611538712677));
#9726=CARTESIAN_POINT('',(0.017450170019392,0.0066749266783075,0.0143614611531238));
#9727=CARTESIAN_POINT('',(0.0174498817340164,0.00668142854640297,0.0143618114361764));
#9728=CARTESIAN_POINT('',(0.0174493961913137,0.00668975965704355,0.0143624013529573));
#9729=CARTESIAN_POINT('',(0.0174492254912765,0.00669229974533998,0.01436260874056));
#9730=CARTESIAN_POINT('',(0.0174488663839629,0.0066969060247653,0.0143630450112235));
#9731=CARTESIAN_POINT('',(0.0174487806642572,0.00669801997817982,0.0143631491516792));
#9732=CARTESIAN_POINT('',(0.0174472809155786,0.00671192737947734,0.0143649710134299));
#9733=CARTESIAN_POINT('',(0.0174452174466589,0.0067228684794762,0.0143674773879036));
#9734=CARTESIAN_POINT('',(0.0174370673698617,0.00675280505009241,0.0143773695282355));
#9735=CARTESIAN_POINT('',(0.0174284279935165,0.00677135501663496,0.0143878481977501));
#9736=CARTESIAN_POINT('',(0.0174071762154598,0.00680206470600464,0.0144135524521411));
#9737=CARTESIAN_POINT('',(0.0173948543885197,0.00681347451314608,0.0144284261044016));
#9738=CARTESIAN_POINT('',(0.0173781141624484,0.00682238055395581,0.0144485700191199));
#9739=CARTESIAN_POINT('',(0.017374711131755,0.00682389589769358,0.0144526621185653));
#9740=CARTESIAN_POINT('',(0.0173695239038352,0.00682577011666397,0.0144588950705243));
#9741=CARTESIAN_POINT('',(0.0173677810474839,0.00682632839021472,0.0144609885215836));
#9742=CARTESIAN_POINT('',(0.0173642677393057,0.00682731200510414,0.014465206995146));
#9743=CARTESIAN_POINT('',(0.0173618866597587,0.00682786016390379,0.0144680646588967));
#9744=CARTESIAN_POINT('',(0.0173560184624459,0.00682904045276196,0.0144751054191804));
#9745=CARTESIAN_POINT('',(0.0173489205555739,0.00682979425377198,0.014483617490017));
#9746=CARTESIAN_POINT('',(0.017339406596379,0.00683035762485135,0.0144949984092944));
#9747=CARTESIAN_POINT('',(0.0174504229027772,0.00666747701587699,0.0143611538712677));
#9748=CARTESIAN_POINT('',(0.0174483998356953,0.00672707431532115,0.0143636121261167));
#9749=CARTESIAN_POINT('',(0.0174226730761918,0.00679583049461484,0.0143948572187756));
#9750=CARTESIAN_POINT('',(0.0173774624298739,0.00682810414072836,0.0144494747361142));
#9751=CARTESIAN_POINT('',(0.0173394065963791,0.00683035762485135,0.0144949984092943));
#9752=CARTESIAN_POINT('',(0.017339406596379,0.00683035762485135,0.0144949984092944));
#9753=CARTESIAN_POINT('',(0.0174161296344161,0.00683035762485135,0.0145591355703975));
#9754=CARTESIAN_POINT('',(0.0173905552884037,0.00683035762485135,0.0145377565166965));
#9755=CARTESIAN_POINT('',(0.0173649809423914,0.00683035762485135,0.0145163774629954));
#9756=CARTESIAN_POINT('',(0.017339406596379,0.00683035762485135,0.0144949984092944));
#9757=CARTESIAN_POINT('',(0.0174161296344161,0.00683035762485135,0.0145591355703975));
#9758=CARTESIAN_POINT('',(0.017411258872337,0.00682998380256114,0.0145649621404832));
#9759=CARTESIAN_POINT('',(0.017407001696138,0.00682956057028244,0.0145700488716348));
#9760=CARTESIAN_POINT('',(0.0174015392207091,0.00682885160685302,0.0145765716405785));
#9761=CARTESIAN_POINT('',(0.0173998722682396,0.00682860293320958,0.0145785613349486));
#9762=CARTESIAN_POINT('',(0.0173968464879678,0.00682808088092208,0.0145821719171732));
#9763=CARTESIAN_POINT('',(0.0173960576752271,0.00682794270862863,0.0145831130074709));
#9764=CARTESIAN_POINT('',(0.0173871845449214,0.00682583802115389,0.014593695065225));
#9765=CARTESIAN_POINT('',(0.0173796493542078,0.00682281151447352,0.0146026673838132));
#9766=CARTESIAN_POINT('',(0.0173663712289737,0.0068155339058503,0.0146184560311605));
#9767=CARTESIAN_POINT('',(0.0173598555810694,0.00681096308872031,0.0146261926866124));
#9768=CARTESIAN_POINT('',(0.017347072353943,0.00679995742882359,0.0146413516810631));
#9769=CARTESIAN_POINT('',(0.0173404677581318,0.00679311842321516,0.014649172631742));
#9770=CARTESIAN_POINT('',(0.0173288558895663,0.00677919303772833,0.0146629067522109));
#9771=CARTESIAN_POINT('',(0.0173234416983635,0.00677158101609608,0.0146693022342892));
#9772=CARTESIAN_POINT('',(0.017313399917891,0.00675505831505391,0.014681152665942));
#9773=CARTESIAN_POINT('',(0.0173090249696145,0.0067467182175489,0.0146863100415313));
#9774=CARTESIAN_POINT('',(0.0173022965674013,0.0067315223322434,0.014694235111171));
#9775=CARTESIAN_POINT('',(0.0173002565258637,0.0067265248749801,0.0146966367644949));
#9776=CARTESIAN_POINT('',(0.0172975010514239,0.00671913044584297,0.0146998795705283));
#9777=CARTESIAN_POINT('',(0.0172966333236527,0.00671668259559023,0.0147009005594263));
#9778=CARTESIAN_POINT('',(0.0172949994591512,0.00671182081400401,0.0147028226983459));
#9779=CARTESIAN_POINT('',(0.0172940309438584,0.00670872872411613,0.0147039618586241));
#9780=CARTESIAN_POINT('',(0.0172914662709948,0.00670013465751899,0.0147069780795082));
#9781=CARTESIAN_POINT('',(0.0172888384122366,0.00668949842546498,0.0147100676682781));
#9782=CARTESIAN_POINT('',(0.0172856333449261,0.00667510121459493,0.0147138329426692));
#9783=CARTESIAN_POINT('',(0.017339406596379,0.00683035762485135,0.0144949984092944));
#9784=CARTESIAN_POINT('',(0.0173345572914016,0.00682998380256114,0.0145007993116705));
#9785=CARTESIAN_POINT('',(0.0173303188692828,0.00682956057028244,0.0145058636343149));
#9786=CARTESIAN_POINT('',(0.0173248804576223,0.00682885160685302,0.0145123576685935));
#9787=CARTESIAN_POINT('',(0.0173232208485557,0.00682860293320958,0.0145143385977903));
#9788=CARTESIAN_POINT('',(0.0173202083977124,0.00682808088092208,0.0145179332743663));
#9789=CARTESIAN_POINT('',(0.0173194230599177,0.00682794270862863,0.0145188702188918));
#9790=CARTESIAN_POINT('',(0.0173105890182918,0.00682583802115389,0.0145294056596514));
#9791=CARTESIAN_POINT('',(0.017303087022251,0.00682281151447352,0.014538338452607));
#9792=CARTESIAN_POINT('',(0.0172898673909606,0.0068155339058503,0.0145540575464417));
#9793=CARTESIAN_POINT('',(0.0172833804463511,0.00681096308872031,0.014561760119711));
#9794=CARTESIAN_POINT('',(0.0172706535330005,0.00679995742882359,0.0145768523344504));
#9795=CARTESIAN_POINT('',(0.0172640780323251,0.00679311842321516,0.0145846388316022));
#9796=CARTESIAN_POINT('',(0.0172525173173656,0.00677919303772833,0.0145983124493377));
#9797=CARTESIAN_POINT('',(0.0172471269772253,0.00677158101609608,0.0146046797574862));
#9798=CARTESIAN_POINT('',(0.0172371294336712,0.00675505831505391,0.0146164779845942));
#9799=CARTESIAN_POINT('',(0.0172327737582946,0.0067467182175489,0.0146216126404673));
#9800=CARTESIAN_POINT('',(0.0172260749966198,0.0067315223322434,0.014629502797906));
#9801=CARTESIAN_POINT('',(0.0172240439420493,0.0067265248749801,0.0146318938712592));
#9802=CARTESIAN_POINT('',(0.0172213006062634,0.00671913044584297,0.0146351223918036));
#9803=CARTESIAN_POINT('',(0.0172204367010815,0.00671668259559023,0.0146361388829531));
#9804=CARTESIAN_POINT('',(0.017218810034221,0.00671182081400401,0.0146380525543003));
#9805=CARTESIAN_POINT('',(0.0172178457855155,0.00670872872411613,0.0146391866962513));
#9806=CARTESIAN_POINT('',(0.0172152924107702,0.00670013465751899,0.0146421896298188));
#9807=CARTESIAN_POINT('',(0.0172126761284822,0.00668949842546488,0.0146452656080654));
#9808=CARTESIAN_POINT('',(0.017209485180411,0.00667510121459493,0.0146490142953447));
#9809=CARTESIAN_POINT('',(0.0173394065963791,0.00683035762485135,0.0144949984092943));
#9810=CARTESIAN_POINT('',(0.0173006121572192,0.00682736704658058,0.0145414056275139));
#9811=CARTESIAN_POINT('',(0.017255164784739,0.00679228290864214,0.0145952386940623));
#9812=CARTESIAN_POINT('',(0.0172222489726844,0.00673269005802215,0.0146340195462411));
#9813=CARTESIAN_POINT('',(0.017209485180411,0.00667510121459493,0.0146490142953447));
#9814=CARTESIAN_POINT('',(0.017209485180411,0.00667510121459493,0.0146490142953447));
#9815=CARTESIAN_POINT('',(0.017209485180411,0.00667510121459493,0.0146490142953447));
#9816=CARTESIAN_POINT('',(0.017234867901916,0.00667510121459493,0.0146706205111195));
#9817=CARTESIAN_POINT('',(0.0172602506234211,0.00667510121459493,0.0146922267268944));
#9818=CARTESIAN_POINT('',(0.0172856333449261,0.00667510121459493,0.0147138329426692));
#9819=CARTESIAN_POINT('',(0.,0.00667510121459493,0.));
#9820=CARTESIAN_POINT('',(0.,0.00667510121459493,0.));
#9821=CARTESIAN_POINT('',(0.,0.,0.));
#9822=CARTESIAN_POINT('',(0.0211632933882626,0.00651984480433852,0.00821005560044015));
#9823=CARTESIAN_POINT('',(0.0211637882772121,0.00654381035539965,0.00820877991114611));
#9824=CARTESIAN_POINT('',(0.0211643881054085,0.0065655474108072,0.00820723339031556));
#9825=CARTESIAN_POINT('',(0.0211654449894088,0.00659481025043748,0.00820450725821949));
#9826=CARTESIAN_POINT('',(0.0211658234733849,0.00660400740640076,0.00820353082200224));
#9827=CARTESIAN_POINT('',(0.0211664304411414,0.00661696745447549,0.00820196456306858));
#9828=CARTESIAN_POINT('',(0.0211666393039646,0.00662114818952203,0.00820142554263257));
#9829=CARTESIAN_POINT('',(0.0211669624027358,0.00662721037062428,0.00820059160853887));
#9830=CARTESIAN_POINT('',(0.0211670717364119,0.00662919627741378,0.00820030939659955));
#9831=CARTESIAN_POINT('',(0.0211672936709193,0.00663309845050358,0.00819973650451176));
#9832=CARTESIAN_POINT('',(0.0211673620512079,0.00663428639906125,0.00819955998731246));
#9833=CARTESIAN_POINT('',(0.0211687881410685,0.0066577742732465,0.00819587829067106));
#9834=CARTESIAN_POINT('',(0.0211702382545205,0.00667774930925495,0.00819213236673323));
#9835=CARTESIAN_POINT('',(0.021172686011339,0.00670635725169998,0.00818580308717846));
#9836=CARTESIAN_POINT('',(0.0211735473584076,0.00671566746392038,0.00818357492724635));
#9837=CARTESIAN_POINT('',(0.0211749073530933,0.00672929412935907,0.00818005502243492));
#9838=CARTESIAN_POINT('',(0.0211753720134827,0.00673377990902331,0.00817885210994147));
#9839=CARTESIAN_POINT('',(0.0211763239616622,0.0067426385840545,0.00817638705152893));
#9840=CARTESIAN_POINT('',(0.0211767421128901,0.00674641293681188,0.00817530402920772));
#9841=CARTESIAN_POINT('',(0.0211818516125104,0.00679064789926244,0.00816206599819475));
#9842=CARTESIAN_POINT('',(0.0211874906733483,0.00682738886723961,0.00814742848207707));
#9843=CARTESIAN_POINT('',(0.0211975684170408,0.00687863182123705,0.00812115639430852));
#9844=CARTESIAN_POINT('',(0.0212011974140968,0.00689506805624147,0.00811167968844752));
#9845=CARTESIAN_POINT('',(0.0212070411986417,0.00691875528425603,0.00809638396995744));
#9846=CARTESIAN_POINT('',(0.0212090558347769,0.00692648983951221,0.00809110528467928));
#9847=CARTESIAN_POINT('',(0.0212132177179154,0.00694163657519386,0.00808018738537486));
#9848=CARTESIAN_POINT('',(0.0212152129776708,0.00694855079015855,0.00807494783794831));
#9849=CARTESIAN_POINT('',(0.021227038525665,0.00698729558251317,0.00804385130433467));
#9850=CARTESIAN_POINT('',(0.0212372612111341,0.00701443877526244,0.00801683893350259));
#9851=CARTESIAN_POINT('',(0.0212591823718654,0.00706101987849214,0.00795852593860395));
#9852=CARTESIAN_POINT('',(0.0212710901025175,0.0070807206225357,0.00792666111712659));
#9853=CARTESIAN_POINT('',(0.0212893884143432,0.00710370427621,0.00787732496454386));
#9854=CARTESIAN_POINT('',(0.0212956738270453,0.0071103944468004,0.00786031975555694));
#9855=CARTESIAN_POINT('',(0.0213086086172523,0.00712183269337915,0.00782518684788171));
#9856=CARTESIAN_POINT('',(0.0213149685392937,0.00712642063084617,0.00780785158649749));
#9857=CARTESIAN_POINT('',(0.0213256433741549,0.00713232638165912,0.00777862727191155));
#9858=CARTESIAN_POINT('',(0.0213290815688912,0.00713399021270802,0.00776919389054021));
#9859=CARTESIAN_POINT('',(0.0213340605855808,0.00713602883044825,0.00775550659216225));
#9860=CARTESIAN_POINT('',(0.0213356905439888,0.00713663218155614,0.00775102128780045));
#9861=CARTESIAN_POINT('',(0.0213380911308191,0.00713742292600969,0.0077444091053518));
#9862=CARTESIAN_POINT('',(0.0213388839345538,0.0071376674604595,0.00774222434018612));
#9863=CARTESIAN_POINT('',(0.021340454793989,0.00713811843528968,0.00773789341434994));
#9864=CARTESIAN_POINT('',(0.0213414503526716,0.00713837776090731,0.00773514702388105));
#9865=CARTESIAN_POINT('',(0.0213464291188806,0.00713958833388302,0.00772140742449763));
#9866=CARTESIAN_POINT('',(0.0213530983970863,0.00714037439253324,0.00770297836342217));
#9867=CARTESIAN_POINT('',(0.0213619630662019,0.00714087044536416,0.00767831582824169));
#9868=CARTESIAN_POINT('',(0.0210700630209135,0.00651984480433852,0.00817388795462324));
#9869=CARTESIAN_POINT('',(0.0210705557297354,0.00654381035539965,0.00817261788510582));
#9870=CARTESIAN_POINT('',(0.0210711529155168,0.0065655474108072,0.00817107817714237));
#9871=CARTESIAN_POINT('',(0.0210722051436405,0.00659481025043748,0.00816836405443879));
#9872=CARTESIAN_POINT('',(0.0210725819602863,0.00660400740640076,0.00816739191970267));
#9873=CARTESIAN_POINT('',(0.021073186254176,0.00661696745447549,0.0081658325605881));
#9874=CARTESIAN_POINT('',(0.0210733941968986,0.00662114818952203,0.00816529591469146));
#9875=CARTESIAN_POINT('',(0.0210737158723273,0.00662721037062428,0.00816446565431623));
#9876=CARTESIAN_POINT('',(0.0210738247243572,0.00662919627741378,0.00816418468560131));
#9877=CARTESIAN_POINT('',(0.0210740456811796,0.00663309845050358,0.00816361431726721));
#9878=CARTESIAN_POINT('',(0.0210741137602334,0.00663428639906125,0.00816343857767672));
#9879=CARTESIAN_POINT('',(0.0210755335677598,0.0066577742732465,0.00815977309996326));
#9880=CARTESIAN_POINT('',(0.0210769772930468,0.00667774930925495,0.008156043677893));
#9881=CARTESIAN_POINT('',(0.0210794142667956,0.00670635725169998,0.00814974228062701));
#9882=CARTESIAN_POINT('',(0.0210802718193838,0.00671566746392038,0.00814752393637743));
#9883=CARTESIAN_POINT('',(0.0210816258229034,0.00672929412935907,0.00814401953775459));
#9884=CARTESIAN_POINT('',(0.0210820884363308,0.00673377990902331,0.00814282192443512));
#9885=CARTESIAN_POINT('',(0.021083036190906,0.0067426385840545,0.00814036772531074));
#9886=CARTESIAN_POINT('',(0.021083452500058,0.00674641293681188,0.00813928947401297));
#9887=CARTESIAN_POINT('',(0.0210885394908693,0.00679064789926244,0.00812610976031724));
#9888=CARTESIAN_POINT('',(0.0210941537100296,0.00682738886723961,0.00811153672664942));
#9889=CARTESIAN_POINT('',(0.0211041870583755,0.00687863182123705,0.00808538037495033));
#9890=CARTESIAN_POINT('',(0.0211078000686602,0.00689506805624147,0.00807594541669224));
#9891=CARTESIAN_POINT('',(0.0211136181096609,0.00691875528425603,0.00806071708022194));
#9892=CARTESIAN_POINT('',(0.021115623870747,0.00692648983951221,0.00805546164906395));
#9893=CARTESIAN_POINT('',(0.0211197674195985,0.00694163657519386,0.00804459184623224));
#9894=CARTESIAN_POINT('',(0.0211217538896635,0.00694855079015855,0.00803937538051241));
#9895=CARTESIAN_POINT('',(0.0211335273427325,0.00698729558251317,0.00800841583603363));
#9896=CARTESIAN_POINT('',(0.021143704994345,0.00701443877526244,0.00798152246242989));
#9897=CARTESIAN_POINT('',(0.0211655295860863,0.00706101987849214,0.00792346635297133));
#9898=CARTESIAN_POINT('',(0.0211773848597752,0.0070807206225357,0.00789174190515687));
#9899=CARTESIAN_POINT('',(0.0211956025622976,0.00710370427621,0.00784262309245336));
#9900=CARTESIAN_POINT('',(0.021201860285957,0.0071103944468004,0.00782569279628136));
#9901=CARTESIAN_POINT('',(0.0212147380947093,0.00712183269337915,0.00779071465912452));
#9902=CARTESIAN_POINT('',(0.021221069999473,0.00712642063084617,0.00777345576453054));
#9903=CARTESIAN_POINT('',(0.02123169780863,0.00713232638165912,0.00774436019141855));
#9904=CARTESIAN_POINT('',(0.0212351208571339,0.00713399021270802,0.00773496836679334));
#9905=CARTESIAN_POINT('',(0.0212400779398294,0.00713602883044825,0.007721341364884));
#9906=CARTESIAN_POINT('',(0.0212417007178038,0.00713663218155614,0.00771687581957225));
#9907=CARTESIAN_POINT('',(0.0212440907293618,0.00713742292600969,0.00771029276568065));
#9908=CARTESIAN_POINT('',(0.021244880040569,0.0071376674604595,0.00770811762503112));
#9909=CARTESIAN_POINT('',(0.0212464439799186,0.00713811843528968,0.00770380577816338));
#9910=CARTESIAN_POINT('',(0.0212474351528801,0.00713837776090731,0.00770107148633091));
#9911=CARTESIAN_POINT('',(0.0212523919861983,0.00713958833388302,0.00768739241381703));
#9912=CARTESIAN_POINT('',(0.0212590318843238,0.00714037439253325,0.00766904453803263));
#9913=CARTESIAN_POINT('',(0.0212678575020336,0.00714087044536416,0.0076444906483816));
#9914=CARTESIAN_POINT('',(0.0211632933882626,0.00651984480433852,0.00821005560044015));
#9915=CARTESIAN_POINT('',(0.0211322165991462,0.00651984480433852,0.00819799971850118));
#9916=CARTESIAN_POINT('',(0.0211011398100299,0.00651984480433852,0.00818594383656221));
#9917=CARTESIAN_POINT('',(0.0210700630209135,0.00651984480433852,0.00817388795462324));
#9918=CARTESIAN_POINT('',(0.0210700630209135,0.00651984480433852,0.00817388795462324));
#9919=CARTESIAN_POINT('',(0.0210700630209135,0.00651984480433852,0.00817388795462327));
#9920=CARTESIAN_POINT('',(0.0210720338562014,0.00661570700858365,0.0081688076765534));
#9921=CARTESIAN_POINT('',(0.0210788678874052,0.00674708436404067,0.00815125232427695));
#9922=CARTESIAN_POINT('',(0.0211200179373354,0.00696961180882051,0.00804435571848097));
#9923=CARTESIAN_POINT('',(0.02117476286032,0.00708849104518183,0.00789941397932963));
#9924=CARTESIAN_POINT('',(0.0212300132483274,0.00713492293186431,0.00774917178357385));
#9925=CARTESIAN_POINT('',(0.0212502062713321,0.00713987833996751,0.00769359841455752));
#9926=CARTESIAN_POINT('',(0.0212678575020336,0.00714087044536416,0.00764449064838168));
#9927=CARTESIAN_POINT('',(0.0212678575020336,0.00714087044536416,0.0076444906483816));
#9928=CARTESIAN_POINT('',(0.0213619630662019,0.00714087044536416,0.00767831582824169));
#9929=CARTESIAN_POINT('',(0.0213305945448125,0.00714087044536416,0.00766704076828833));
#9930=CARTESIAN_POINT('',(0.021299226023423,0.00714087044536416,0.00765576570833496));
#9931=CARTESIAN_POINT('',(0.0212678575020336,0.00714087044536416,0.0076444906483816));
#9932=CARTESIAN_POINT('',(0.0213619630662019,0.00714087044536416,0.00767831582824169));
#9933=CARTESIAN_POINT('',(0.0213693912543824,0.00714018521847007,0.00765764974923275));
#9934=CARTESIAN_POINT('',(0.0213759455756679,0.00713916335399984,0.00763932187305914));
#9935=CARTESIAN_POINT('',(0.02138449343137,0.00713712560052058,0.0076153471796905));
#9936=CARTESIAN_POINT('',(0.0213871287065346,0.00713636218992127,0.00760794177518881));
#9937=CARTESIAN_POINT('',(0.0213907633500653,0.00713509083486296,0.00759771389252309));
#9938=CARTESIAN_POINT('',(0.0213919218485167,0.00713464600998364,0.00759445130063639));
#9939=CARTESIAN_POINT('',(0.0213935803246035,0.00713394721287482,0.00758977757430571));
#9940=CARTESIAN_POINT('',(0.021394119937751,0.00713370902054024,0.0075882563590082));
#9941=CARTESIAN_POINT('',(0.0213951727866346,0.00713322211594113,0.00758528733212869));
#9942=CARTESIAN_POINT('',(0.0213954782330656,0.00713307893445381,0.00758442586286286));
#9943=CARTESIAN_POINT('',(0.0214075118311617,0.0071269673833399,0.00755046931358901));
#9944=CARTESIAN_POINT('',(0.0214181667036893,0.00711812245694275,0.00752018477869402));
#9945=CARTESIAN_POINT('',(0.021439488743809,0.00709266297974773,0.00745918001236165));
#9946=CARTESIAN_POINT('',(0.0214493870238113,0.0070768778130328,0.00743065171235293));
#9947=CARTESIAN_POINT('',(0.0214631260983276,0.00704861692078429,0.00739083318910487));
#9948=CARTESIAN_POINT('',(0.0214675210143047,0.00703843276633877,0.0073780559812266));
#9949=CARTESIAN_POINT('',(0.021473840232563,0.00702201074912645,0.00735963503217324));
#9950=CARTESIAN_POINT('',(0.0214759011094748,0.00701634577913168,0.007353618858337));
#9951=CARTESIAN_POINT('',(0.0214799324341489,0.00700463391062745,0.00734183501599071));
#9952=CARTESIAN_POINT('',(0.0214820325046222,0.00699816709311551,0.0073356874523931));
#9953=CARTESIAN_POINT('',(0.0214910120653399,0.00696907737429399,0.00730937037431571));
#9954=CARTESIAN_POINT('',(0.02149783774821,0.00694141104690947,0.00728926110490469));
#9955=CARTESIAN_POINT('',(0.0215099137290232,0.00688165524231784,0.00725354855734901));
#9956=CARTESIAN_POINT('',(0.0215148424781311,0.00685228895691729,0.00723890346547877));
#9957=CARTESIAN_POINT('',(0.0215231499085437,0.00678982722887761,0.00721416580455919));
#9958=CARTESIAN_POINT('',(0.021526355629085,0.00675757994480679,0.00720458650549086));
#9959=CARTESIAN_POINT('',(0.0215292515365669,0.00671512151218828,0.00719592465300961));
#9960=CARTESIAN_POINT('',(0.0215297446248424,0.00670666763565145,0.00719444911302917));
#9961=CARTESIAN_POINT('',(0.0215303553551063,0.00669404353582652,0.00719262112832095));
#9962=CARTESIAN_POINT('',(0.0215305374473075,0.00668984495504826,0.0071920760206727));
#9963=CARTESIAN_POINT('',(0.0215307783807317,0.00668356126262595,0.00719135469741811));
#9964=CARTESIAN_POINT('',(0.0215308533243396,0.00668146906160936,0.00719113031268484));
#9965=CARTESIAN_POINT('',(0.0215309924795007,0.00667728938582454,0.00719071365692777));
#9966=CARTESIAN_POINT('',(0.021531075947618,0.00667451959570075,0.00719046372312145));
#9967=CARTESIAN_POINT('',(0.0215314322598861,0.00666189442910434,0.00718939676452244));
#9968=CARTESIAN_POINT('',(0.0215317141522194,0.00664488162198574,0.00718855244650085));
#9969=CARTESIAN_POINT('',(0.0215319612516109,0.00662207837805647,0.00718781223037502));
#9970=CARTESIAN_POINT('',(0.0212678575020336,0.00714087044536416,0.0076444906483816));
#9971=CARTESIAN_POINT('',(0.0212752529669182,0.00714018521847007,0.00762391560936831));
#9972=CARTESIAN_POINT('',(0.0212817784145416,0.00713916335399984,0.00760566847273729));
#9973=CARTESIAN_POINT('',(0.0212902886144918,0.00713712560052058,0.00758179939475794));
#9974=CARTESIAN_POINT('',(0.0212929122805147,0.00713636218992127,0.00757442661318357));
#9975=CARTESIAN_POINT('',(0.0212965309123998,0.00713509083486296,0.00756424378726968));
#9976=CARTESIAN_POINT('',(0.0212976843073338,0.00713464600998364,0.00756099556803447));
#9977=CARTESIAN_POINT('',(0.0212993354773585,0.00713394721287482,0.00755634243080656));
#9978=CARTESIAN_POINT('',(0.0212998727133556,0.00713370902054024,0.00755482791689803));
#9979=CARTESIAN_POINT('',(0.0213009209241384,0.00713322211594113,0.00755187196943208));
#9980=CARTESIAN_POINT('',(0.0213012250249904,0.00713307893445381,0.00755101429518505));
#9981=CARTESIAN_POINT('',(0.0213132056116412,0.0071269673833399,0.00751720733423399));
#9982=CARTESIAN_POINT('',(0.0213238135464044,0.00711812245694275,0.007487056211387));
#9983=CARTESIAN_POINT('',(0.0213450416568318,0.00709266297974773,0.00742632018851865));
#9984=CARTESIAN_POINT('',(0.0213548963320765,0.0070768778130328,0.00739791756384036));
#9985=CARTESIAN_POINT('',(0.0213685748820354,0.00704861692078429,0.00735827445258899));
#9986=CARTESIAN_POINT('',(0.0213729504371491,0.00703843276633877,0.0073455535319701));
#9987=CARTESIAN_POINT('',(0.0213792418174415,0.00702201074912645,0.00732721373247204));
#9988=CARTESIAN_POINT('',(0.0213812936156004,0.00701634577913168,0.00732122406160424));
#9989=CARTESIAN_POINT('',(0.021385307181135,0.00700463391062745,0.00730949213045771));
#9990=CARTESIAN_POINT('',(0.0213873980001966,0.00699816709311551,0.00730337164863806));
#9991=CARTESIAN_POINT('',(0.0213963380033781,0.00696907737429399,0.00727717050482533));
#9992=CARTESIAN_POINT('',(0.0214031336171607,0.00694141104690947,0.00725714982250423));
#9993=CARTESIAN_POINT('',(0.0214151563998205,0.00688165524231784,0.00722159459894659));
#9994=CARTESIAN_POINT('',(0.0214200634363773,0.00685228895691729,0.00720701402289957));
#9995=CARTESIAN_POINT('',(0.0214283342701801,0.00678982722887761,0.00718238533845981));
#9996=CARTESIAN_POINT('',(0.0214315258686044,0.00675757994480679,0.00717284823894685));
#9997=CARTESIAN_POINT('',(0.0214344090187846,0.00671512151218828,0.00716422454440604));
#9998=CARTESIAN_POINT('',(0.0214348999348651,0.00670666763565145,0.00716275550460172));
#9999=CARTESIAN_POINT('',(0.0214355079746873,0.00669404353582652,0.00716093557268958));
#10000=CARTESIAN_POINT('',(0.0214356892647203,0.00668984495504826,0.00716039286639661));
#10001=CARTESIAN_POINT('',(0.0214359291367637,0.00668356126262595,0.0071596747207775));
#10002=CARTESIAN_POINT('',(0.0214360037502236,0.00668146906160936,0.00715945132452323));
#10003=CARTESIAN_POINT('',(0.0214361422923663,0.00667728938582454,0.00715903650425408));
#10004=CARTESIAN_POINT('',(0.0214362253927827,0.00667451959570075,0.00715878767147774));
#10005=CARTESIAN_POINT('',(0.0214365801353932,0.00666189442910434,0.00715772541313688));
#10006=CARTESIAN_POINT('',(0.02143686078591,0.00664488162198574,0.00715688481457794));
#10007=CARTESIAN_POINT('',(0.0214371067967579,0.00662207837805647,0.0071561478593161));
#10008=CARTESIAN_POINT('',(0.0212678575020336,0.00714087044536416,0.00764449064838168));
#10009=CARTESIAN_POINT('',(0.0212974393576415,0.00713812953815199,0.00756219050326357));
#10010=CARTESIAN_POINT('',(0.0213333504011252,0.00712119717576313,0.00746037466894679));
#10011=CARTESIAN_POINT('',(0.0213936801693082,0.00700097188767251,0.00728553210350728));
#10012=CARTESIAN_POINT('',(0.0214214841337509,0.00685767045599043,0.00720282654748188));
#10013=CARTESIAN_POINT('',(0.0214351890852227,0.00671917308037507,0.00716190483587046));
#10014=CARTESIAN_POINT('',(0.0214366147750622,0.00666768486591502,0.00715762176983966));
#10015=CARTESIAN_POINT('',(0.0214371067967579,0.00662207837805647,0.0071561478593161));
#10016=CARTESIAN_POINT('',(0.0214371067967579,0.00662207837805647,0.0071561478593161));
#10017=CARTESIAN_POINT('',(0.0215319612516109,0.00662207837805647,0.00718781223037502));
#10018=CARTESIAN_POINT('',(0.0215003430999932,0.00662207837805647,0.00717725744002205));
#10019=CARTESIAN_POINT('',(0.0214687249483756,0.00662207837805647,0.00716670264966907));
#10020=CARTESIAN_POINT('',(0.0214371067967579,0.00662207837805647,0.0071561478593161));
#10021=CARTESIAN_POINT('',(0.0215319612516109,0.00662207837805647,0.00718781223037502));
#10022=CARTESIAN_POINT('',(0.0215316767907044,0.00658239394370687,0.00718866436743974));
#10023=CARTESIAN_POINT('',(0.0215306708710927,0.00654595813448557,0.00719167863712301));
#10024=CARTESIAN_POINT('',(0.021527210667213,0.00647958376631268,0.00720202962146117));
#10025=CARTESIAN_POINT('',(0.021524566240496,0.00644536330709979,0.00720993538142));
#10026=CARTESIAN_POINT('',(0.0215193387238622,0.00639202997996883,0.00722551665274694));
#10027=CARTESIAN_POINT('',(0.0215174055443333,0.00637424213588665,0.00723127215780737));
#10028=CARTESIAN_POINT('',(0.0215134553224796,0.00634087737209617,0.00724301584060534));
#10029=CARTESIAN_POINT('',(0.0215113230992426,0.00632427923647481,0.00724934685801048));
#10030=CARTESIAN_POINT('',(0.0215067419935432,0.00629125145777983,0.00726292641921398));
#10031=CARTESIAN_POINT('',(0.0215042931110618,0.00627482181470621,0.00727017496306811));
#10032=CARTESIAN_POINT('',(0.021500380202762,0.0062503037195066,0.00728173521124613));
#10033=CARTESIAN_POINT('',(0.0214990359664823,0.0062421520826752,0.00728570319839492));
#10034=CARTESIAN_POINT('',(0.0214969594257967,0.0062299562197808,0.00729182693784297));
#10035=CARTESIAN_POINT('',(0.0214962572143521,0.00622589619754145,0.00729389681071803));
#10036=CARTESIAN_POINT('',(0.0214948326793063,0.00621778668384699,0.00729809379219078));
#10037=CARTESIAN_POINT('',(0.0214940129971755,0.00621319959395934,0.0073005074600528));
#10038=CARTESIAN_POINT('',(0.0214882975768908,0.00618163994528515,0.00731732988578408));
#10039=CARTESIAN_POINT('',(0.0214825113384549,0.00615257754039181,0.00733431046787442));
#10040=CARTESIAN_POINT('',(0.0214727515322696,0.00610746985727739,0.00736281484861027));
#10041=CARTESIAN_POINT('',(0.0214693181350908,0.00609218161694351,0.00737282187403084));
#10042=CARTESIAN_POINT('',(0.0214638946579633,0.00606887073749908,0.00738858964923876));
#10043=CARTESIAN_POINT('',(0.0214620412653504,0.00606103735786034,0.00739397177923891));
#10044=CARTESIAN_POINT('',(0.0214591923974307,0.00604919265866632,0.00740223413146322));
#10045=CARTESIAN_POINT('',(0.0214582313114155,0.006045228653979,0.00740501977499609));
#10046=CARTESIAN_POINT('',(0.0214567724318734,0.00603925898951404,0.0074092455099944));
#10047=CARTESIAN_POINT('',(0.0214562832635931,0.00603726515845339,0.00741066196660535));
#10048=CARTESIAN_POINT('',(0.0214552991674344,0.00603326961052077,0.00741351063307552));
#10049=CARTESIAN_POINT('',(0.0214546703159182,0.00603072832244067,0.00741533026073559));
#10050=CARTESIAN_POINT('',(0.0214426619858121,0.00598234739964676,0.00745006827201202));
#10051=CARTESIAN_POINT('',(0.0214275524555378,0.00592650596476072,0.00749354239738134));
#10052=CARTESIAN_POINT('',(0.0214087992006773,0.00586173783318468,0.00754674213055407));
#10053=CARTESIAN_POINT('',(0.0214371067967579,0.00662207837805647,0.0071561478593161));
#10054=CARTESIAN_POINT('',(0.0214368235889832,0.00658239394370685,0.00715699624247305));
#10055=CARTESIAN_POINT('',(0.0214358221007355,0.00654595813448557,0.00715999723343525));
#10056=CARTESIAN_POINT('',(0.0214323771400446,0.00647958376631268,0.00717030261872346));
#10057=CARTESIAN_POINT('',(0.0214297443627846,0.00644536330709979,0.00717817355154591));
#10058=CARTESIAN_POINT('',(0.0214245398748584,0.00639202997996883,0.00719368618291105));
#10059=CARTESIAN_POINT('',(0.0214226152115389,0.00637424213588665,0.00719941633332364));
#10060=CARTESIAN_POINT('',(0.0214186823915435,0.00634087737209617,0.00721110828183615));
#10061=CARTESIAN_POINT('',(0.0214165595613604,0.00632427923647481,0.00721741140929678));
#10062=CARTESIAN_POINT('',(0.0214119986367435,0.00629125145777983,0.00723093114864476));
#10063=CARTESIAN_POINT('',(0.0214095605422906,0.00627482181470621,0.00723814776058763));
#10064=CARTESIAN_POINT('',(0.0214056648714723,0.0062503037195066,0.00724965708256223));
#10065=CARTESIAN_POINT('',(0.0214043265569384,0.0062421520826752,0.00725360758959142));
#10066=CARTESIAN_POINT('',(0.021402259164009,0.0062299562197808,0.0072597043522137));
#10067=CARTESIAN_POINT('',(0.021401560046007,0.00622589619754145,0.00726176510670605));
#10068=CARTESIAN_POINT('',(0.0214001417864459,0.00621778668384699,0.00726594359927364));
#10069=CARTESIAN_POINT('',(0.0213993257152497,0.00621319959395934,0.00726834663423759));
#10070=CARTESIAN_POINT('',(0.0213936354730278,0.00618163994528515,0.00728509495236653));
#10071=CARTESIAN_POINT('',(0.0213878747246291,0.00615257754039181,0.00730200073013048));
#10072=CARTESIAN_POINT('',(0.0213781579131848,0.00610746985727739,0.00733037954090715));
#10073=CARTESIAN_POINT('',(0.0213747396411037,0.00609218161694351,0.00734034248251529));
#10074=CARTESIAN_POINT('',(0.0213693400559458,0.00606887073749908,0.00735604079615841));
#10075=CARTESIAN_POINT('',(0.0213674948280581,0.00606103735786034,0.00736139921633478));
#10076=CARTESIAN_POINT('',(0.0213646585102173,0.00604919265866632,0.00736962517053166));
#10077=CARTESIAN_POINT('',(0.0213637016580613,0.006045228653979,0.00737239854250712));
#10078=CARTESIAN_POINT('',(0.0213622492053013,0.00603925898951404,0.00737660566193275));
#10079=CARTESIAN_POINT('',(0.0213617621919473,0.00603726515845339,0.00737801587864673));
#10080=CARTESIAN_POINT('',(0.021360782431014,0.00603326961052077,0.0073808519959254));
#10081=CARTESIAN_POINT('',(0.0213601563497688,0.00603072832244067,0.0073826636076046));
#10082=CARTESIAN_POINT('',(0.0213482009197953,0.00598234739964676,0.00741724858799435));
#10083=CARTESIAN_POINT('',(0.0213331579512821,0.00592650596460009,0.00746053119752423));
#10084=CARTESIAN_POINT('',(0.0213144873099254,0.00586173783318468,0.00751349657050758));
#10085=CARTESIAN_POINT('',(0.0214371067967579,0.00662207837805647,0.0071561478593161));
#10086=CARTESIAN_POINT('',(0.0214359739656589,0.00646334064064934,0.00715954139194426));
#10087=CARTESIAN_POINT('',(0.0214147830119613,0.00627164646659783,0.00722344278261419));
#10088=CARTESIAN_POINT('',(0.0213594507231865,0.00602188790777379,0.00738503757375095));
#10089=CARTESIAN_POINT('',(0.0213331579421011,0.00592650593275126,0.00746053122356918));
#10090=CARTESIAN_POINT('',(0.0213144873099254,0.00586173783318468,0.00751349657050761));
#10091=CARTESIAN_POINT('',(0.0213144873099254,0.00586173783318468,0.00751349657050758));
#10092=CARTESIAN_POINT('',(0.0214087612232413,0.00586183619552615,0.00754684851468777));
#10093=CARTESIAN_POINT('',(0.0213773492748843,0.0058617705422328,0.00753569565379039));
#10094=CARTESIAN_POINT('',(0.0213459373265273,0.00586170488893945,0.00752454279289302));
#10095=CARTESIAN_POINT('',(0.0213145253781703,0.0058616392356461,0.00751338993199565));
#10096=CARTESIAN_POINT('',(0.0213315272690645,0.0057582913187616,0.00761501440303706));
#10097=CARTESIAN_POINT('',(0.,0.00575829131876253,0.));
#10098=CARTESIAN_POINT('',(0.0212540516582245,0.00565484480433853,0.00768279168723992));
#10099=CARTESIAN_POINT('',(-3.02847592800752E-5,0.00565484480433853,8.48350553562188E-5));
#10100=CARTESIAN_POINT('',(0.,0.00565484480433853,0.));
#10101=CARTESIAN_POINT('',(0.,0.00565484480433853,0.));
#10102=CARTESIAN_POINT('',(0.0214440886198267,0.00565484480433853,0.00713519889456614));
#10103=CARTESIAN_POINT('',(0.0215389739677021,0.00565484480433853,0.00716677057109077));
#10104=CARTESIAN_POINT('',(0.0215389739677021,0.00551067813767186,0.00716677057109077));
#10105=CARTESIAN_POINT('',(0.0214440886198267,0.,0.00713519889456614));
#10106=CARTESIAN_POINT('',(0.0214440886198267,0.00536651147100519,0.00713519889456614));
#10107=CARTESIAN_POINT('',(0.0215389739677021,0.00536651147100519,0.00716677057109077));
#10108=CARTESIAN_POINT('',(0.,0.00536651147100519,0.));
#10109=CARTESIAN_POINT('',(0.,0.00536651147100519,0.));
#10110=CARTESIAN_POINT('',(0.0210540498812657,0.00536651147100519,0.00821504617133568));
#10111=CARTESIAN_POINT('',(0.0211472093940146,0.00536651147100519,0.00825139593315575));
#10112=CARTESIAN_POINT('',(0.0211472093940146,0.00544517933959493,0.00825139593315575));
#10113=CARTESIAN_POINT('',(0.0210540498812657,0.,0.00821504617133568));
#10114=CARTESIAN_POINT('',(0.0210539987311642,0.00552399547500819,0.00821518265322853));
#10115=CARTESIAN_POINT('',(0.021147207831534,0.00552384720818467,0.00825139532349393));
#10116=CARTESIAN_POINT('',(0.0211161557899804,0.00552384720818467,0.00823927917688482));
#10117=CARTESIAN_POINT('',(0.0210851037484268,0.00552384720818467,0.0082271630302757));
#10118=CARTESIAN_POINT('',(0.0210540517068732,0.00552384720818467,0.00821504688366659));
#10119=CARTESIAN_POINT('',(0.0211921728190391,0.00579641231235134,0.00799464261337409));
#10120=CARTESIAN_POINT('',(0.,0.00579641231234766,0.));
#10121=CARTESIAN_POINT('',(0.0212340406273822,0.00606897741651801,0.00773792728285051));
#10122=CARTESIAN_POINT('',(0.0212341476103515,0.00606869325068422,0.00773764369274097));
#10123=CARTESIAN_POINT('',(0.0212653956112569,0.00606888089131594,0.00774924382530855));
#10124=CARTESIAN_POINT('',(0.0212966436121623,0.00606906853194766,0.00776084395787613));
#10125=CARTESIAN_POINT('',(0.0213278916130677,0.00606925617257937,0.00777244409044371));
#10126=CARTESIAN_POINT('',(0.0213279965593618,0.00606897741651801,0.00777216589914631));
#10127=CARTESIAN_POINT('',(0.0213360986196638,0.0060943513322028,0.00774993262254247));
#10128=CARTESIAN_POINT('',(0.0213431230503181,0.00611674077445003,0.0077305502461866));
#10129=CARTESIAN_POINT('',(0.0213520783392299,0.00614584823655724,0.00770576587743553));
#10130=CARTESIAN_POINT('',(0.0213547997684632,0.006154804606555,0.0076982192462233));
#10131=CARTESIAN_POINT('',(0.0213584898286925,0.00616711998549467,0.00768797277675717));
#10132=CARTESIAN_POINT('',(0.021359654494762,0.00617103858246506,0.00768473619730818));
#10133=CARTESIAN_POINT('',(0.0213613038292983,0.00617663668390641,0.00768014982613369));
#10134=CARTESIAN_POINT('',(0.0213618373296274,0.00617845608538449,0.00767866578525293));
#10135=CARTESIAN_POINT('',(0.0213626132053557,0.00618111523909805,0.00767650686335469));
#10136=CARTESIAN_POINT('',(0.0213628677681112,0.0061819899655853,0.00767579841261606));
#10137=CARTESIAN_POINT('',(0.0213633687753326,0.00618371610239197,0.00767440389333707));
#10138=CARTESIAN_POINT('',(0.0213634559174755,0.00618401561173498,0.00767416136618821));
#10139=CARTESIAN_POINT('',(0.0213702846624559,0.00620767371633685,0.00765514826585957));
#10140=CARTESIAN_POINT('',(0.0213761860889758,0.00622914691179771,0.00763864683329907));
#10141=CARTESIAN_POINT('',(0.0213842643742024,0.00626016682109529,0.00761598985443229));
#10142=CARTESIAN_POINT('',(0.0213868281345886,0.00627030847687887,0.00760878671315425));
#10143=CARTESIAN_POINT('',(0.0213904818656931,0.0062852234895808,0.00759850635188441));
#10144=CARTESIAN_POINT('',(0.0213916677895439,0.00629014558198588,0.007595166955959));
#10145=CARTESIAN_POINT('',(0.0213933988801577,0.00629745435285013,0.00759028901500093));
#10146=CARTESIAN_POINT('',(0.0213939679444014,0.00629987821518099,0.00758868489346552));
#10147=CARTESIAN_POINT('',(0.0213950901705302,0.00630470115059492,0.00758552037854159));
#10148=CARTESIAN_POINT('',(0.0213955198436149,0.0063065596614997,0.0075843084476686));
#10149=CARTESIAN_POINT('',(0.0214015382685835,0.00633290482723695,0.00756732556744902));
#10150=CARTESIAN_POINT('',(0.0214062252834464,0.00635589155954854,0.0075540496785376));
#10151=CARTESIAN_POINT('',(0.021412277039756,0.00638972486883365,0.00753687128924248));
#10152=CARTESIAN_POINT('',(0.0214141311205937,0.00640089484039831,0.0075316010507138));
#10153=CARTESIAN_POINT('',(0.0214175149622008,0.00642301918713353,0.00752197307100987));
#10154=CARTESIAN_POINT('',(0.0214194689641563,0.00643684013593796,0.00751640695399773));
#10155=CARTESIAN_POINT('',(0.0214243530798255,0.00647454769847806,0.0075024790522338));
#10156=CARTESIAN_POINT('',(0.0214268020981847,0.00649691284655314,0.00749547768083215));
#10157=CARTESIAN_POINT('',(0.021429200617672,0.0065294702187505,0.00748861555971676));
#10158=CARTESIAN_POINT('',(0.0214296096883801,0.00653585807454079,0.00748744480162396));
#10159=CARTESIAN_POINT('',(0.0214301174934252,0.00654525443025245,0.00748599121569155));
#10160=CARTESIAN_POINT('',(0.0214302691277369,0.00654835564416071,0.0074855571120614));
#10161=CARTESIAN_POINT('',(0.0214305371466745,0.00655449626265265,0.00748478976125385));
#10162=CARTESIAN_POINT('',(0.0214306056901009,0.0065563470693085,0.00748459349754402));
#10163=CARTESIAN_POINT('',(0.0214310357699844,0.00656894752231875,0.0074833620061197));
#10164=CARTESIAN_POINT('',(0.0214313478388136,0.00658274028413664,0.00748246821136323));
#10165=CARTESIAN_POINT('',(0.0214316279468784,0.00660024544536417,0.00748166582697857));
#10166=CARTESIAN_POINT('',(0.0212340406273822,0.00606897741651801,0.00773792728285051));
#10167=CARTESIAN_POINT('',(0.0212421069957857,0.00609435133219347,0.00771579195020461));
#10168=CARTESIAN_POINT('',(0.0212491004818145,0.00611674077445003,0.00769649495875847));
#10169=CARTESIAN_POINT('',(0.0212580163201143,0.00614584823655724,0.00767181977224859));
#10170=CARTESIAN_POINT('',(0.0212607257606726,0.006154804606555,0.00766430638610778));
#10171=CARTESIAN_POINT('',(0.02126439956513,0.00616711998549467,0.00765410505527366));
#10172=CARTESIAN_POINT('',(0.0212655591005119,0.00617103858246506,0.00765088273388392));
#10173=CARTESIAN_POINT('',(0.0212672011692573,0.00617663668390641,0.00764631656698773));
#10174=CARTESIAN_POINT('',(0.0212677323193648,0.00617845608538449,0.007644839063732));
#10175=CARTESIAN_POINT('',(0.0212685047771383,0.00618111523909805,0.0076426896525029));
#10176=CARTESIAN_POINT('',(0.0212687582184719,0.0061819899655853,0.00764198432269264));
#10177=CARTESIAN_POINT('',(0.0212692570186131,0.00618371610239197,0.00764059594667039));
#10178=CARTESIAN_POINT('',(0.0212693437768699,0.00618401561173498,0.00764035448792307));
#10179=CARTESIAN_POINT('',(0.0212761424392733,0.00620767371633685,0.00762142514574565));
#10180=CARTESIAN_POINT('',(0.0212820178683195,0.00622914691179771,0.00760499640672066));
#10181=CARTESIAN_POINT('',(0.0212900605663865,0.00626016682109529,0.00758243923833347));
#10182=CARTESIAN_POINT('',(0.0212926130326741,0.00627030847687887,0.00757526782895534));
#10183=CARTESIAN_POINT('',(0.0212962506680469,0.0062852234895808,0.00756503275562061));
#10184=CARTESIAN_POINT('',(0.0212974313675636,0.00629014558198588,0.00756170807069046));
#10185=CARTESIAN_POINT('',(0.0212991548322275,0.00629745435285013,0.00755685161845908));
#10186=CARTESIAN_POINT('',(0.0212997213895802,0.00629987821518099,0.00755525456353835));
#10187=CARTESIAN_POINT('',(0.0213008386719816,0.00630470115059492,0.00755210398920881));
#10188=CARTESIAN_POINT('',(0.0213012664522334,0.0063065596614997,0.00755089739723834));
#10189=CARTESIAN_POINT('',(0.0213072583643166,0.00633290482723695,0.00753398933146907));
#10190=CARTESIAN_POINT('',(0.0213119247315369,0.00635589155954854,0.00752077192664976));
#10191=CARTESIAN_POINT('',(0.0213179498281271,0.00638972486883365,0.00750366921307842));
#10192=CARTESIAN_POINT('',(0.0213197957412079,0.00640089484039831,0.00749842219145955));
#10193=CARTESIAN_POINT('',(0.0213231646760237,0.00642301918713353,0.00748883662576313));
#10194=CARTESIAN_POINT('',(0.021325110070041,0.00643684013593796,0.00748329502909025));
#10195=CARTESIAN_POINT('',(0.0213299726697823,0.00647454769847806,0.00746942848372175));
#10196=CARTESIAN_POINT('',(0.0213324108995143,0.00649691284655314,0.00746245795536593));
#10197=CARTESIAN_POINT('',(0.0213347988528364,0.0065294702187505,0.00745562606385898));
#10198=CARTESIAN_POINT('',(0.0213352061214709,0.00653585807454079,0.00745446046329082));
#10199=CARTESIAN_POINT('',(0.0213357116894894,0.00654525443025245,0.00745301328082066));
#10200=CARTESIAN_POINT('',(0.0213358626558085,0.00654835564416071,0.00745258108954131));
#10201=CARTESIAN_POINT('',(0.021336129494046,0.00655449626265265,0.00745181711913379));
#10202=CARTESIAN_POINT('',(0.0213361977355189,0.0065563470693085,0.0074516217200218));
#10203=CARTESIAN_POINT('',(0.0213366259207774,0.00656894752231875,0.00745039565366983));
#10204=CARTESIAN_POINT('',(0.0213369366148541,0.00658274028413664,0.0074495057963352));
#10205=CARTESIAN_POINT('',(0.0213372154889627,0.00660024544536417,0.00744870694668351));
#10206=CARTESIAN_POINT('',(0.0212340406273822,0.00606897741651801,0.00773792728285046));
#10207=CARTESIAN_POINT('',(0.0212501733629387,0.00611972524393527,0.00769365662099031));
#10208=CARTESIAN_POINT('',(0.0212685068306471,0.00617926233819674,0.00764284009643204));
#10209=CARTESIAN_POINT('',(0.0213034282374533,0.00630543754008962,0.00754502071424331));
#10210=CARTESIAN_POINT('',(0.0213293735409951,0.00645590891426782,0.00747118938617891));
#10211=CARTESIAN_POINT('',(0.0213360999925282,0.00653022480045399,0.00745190234529023));
#10212=CARTESIAN_POINT('',(0.0213372154889626,0.00660024544536417,0.00744870694668359));
#10213=CARTESIAN_POINT('',(0.0213372154889627,0.00660024544536417,0.00744870694668351));
#10214=CARTESIAN_POINT('',(0.0214316279468784,0.00660024544536417,0.00748166582697857));
#10215=CARTESIAN_POINT('',(0.0214001571275732,0.00660024544536417,0.00747067953354688));
#10216=CARTESIAN_POINT('',(0.0213686863082679,0.00660024544536417,0.0074596932401152));
#10217=CARTESIAN_POINT('',(0.0213372154889627,0.00660024544536417,0.00744870694668351));
#10218=CARTESIAN_POINT('',(0.0214316279468784,0.00660024544536417,0.00748166582697857));
#10219=CARTESIAN_POINT('',(0.0214315026105522,0.00661031969733451,0.00748202485952231));
#10220=CARTESIAN_POINT('',(0.0214313471165047,0.00661911413064808,0.00748247025313927));
#10221=CARTESIAN_POINT('',(0.0214310686146223,0.00663038605263328,0.00748326787671383));
#10222=CARTESIAN_POINT('',(0.0214309682370951,0.00663382340529749,0.00748355534006267));
#10223=CARTESIAN_POINT('',(0.0214307523896952,0.00664005820129751,0.00748417344258761));
#10224=CARTESIAN_POINT('',(0.0214306909718348,0.00664176708757143,0.00748434932095683));
#10225=CARTESIAN_POINT('',(0.0214298056165572,0.00665959731623906,0.00748688425520335));
#10226=CARTESIAN_POINT('',(0.0214284864283711,0.00667446829333608,0.00749066081473904));
#10227=CARTESIAN_POINT('',(0.0214248659713547,0.00670346373807875,0.00750100980947481));
#10228=CARTESIAN_POINT('',(0.0214226366668474,0.0067170358315307,0.00750737653190667));
#10229=CARTESIAN_POINT('',(0.0214173335280233,0.00674232876059582,0.0075224921868344));
#10230=CARTESIAN_POINT('',(0.0214144089754905,0.00675358922246453,0.00753081728161433));
#10231=CARTESIAN_POINT('',(0.0214034596881572,0.00678735596377929,0.0075619042688963));
#10232=CARTESIAN_POINT('',(0.0213952067447025,0.00680400756978755,0.00758524244115017));
#10233=CARTESIAN_POINT('',(0.0213835420321342,0.00681764184456253,0.0076180167083482));
#10234=CARTESIAN_POINT('',(0.0213811538383746,0.00681997764825992,0.00762471726567167));
#10235=CARTESIAN_POINT('',(0.0213774880516245,0.00682289477691959,0.00763498643175427));
#10236=CARTESIAN_POINT('',(0.0213762522064103,0.00682376939032508,0.00763844587535172));
#10237=CARTESIAN_POINT('',(0.0213743774842294,0.00682493466621172,0.00764368959386451));
#10238=CARTESIAN_POINT('',(0.021373749084425,0.00682529865080366,0.00764544659221441));
#10239=CARTESIAN_POINT('',(0.0213724852864672,0.00682597773858035,0.00764897876831333));
#10240=CARTESIAN_POINT('',(0.0213716287879843,0.00682639342894884,0.00765137141201367));
#10241=CARTESIAN_POINT('',(0.0213678685534939,0.00682810410662538,0.00766187260291636));
#10242=CARTESIAN_POINT('',(0.0213628005060976,0.00682936214667044,0.00767601195786012));
#10243=CARTESIAN_POINT('',(0.0213559782351516,0.00683035762485135,0.00769494597900017));
#10244=CARTESIAN_POINT('',(0.0213372154889627,0.00660024544536417,0.00744870694668351));
#10245=CARTESIAN_POINT('',(0.0213370907047788,0.00661031969733451,0.00744906439758609));
#10246=CARTESIAN_POINT('',(0.0213369358957272,0.00661911413064808,0.00744950782911663));
#10247=CARTESIAN_POINT('',(0.0213366586207253,0.00663038605263328,0.00745030193893095));
#10248=CARTESIAN_POINT('',(0.0213365586853899,0.00663382340529749,0.00745058813592142));
#10249=CARTESIAN_POINT('',(0.0213363437888595,0.00664005820129751,0.00745120351552775));
#10250=CARTESIAN_POINT('',(0.0213362826415624,0.00664176708757143,0.0074513786191024));
#10251=CARTESIAN_POINT('',(0.0213354011865283,0.00665959731623906,0.0074539023862377));
#10252=CARTESIAN_POINT('',(0.0213340878097439,0.00667446829333608,0.00745766230894724));
#10253=CARTESIAN_POINT('',(0.0213304833018774,0.00670346373807875,0.00746796571339783));
#10254=CARTESIAN_POINT('',(0.0213282638180947,0.0067170358315307,0.00747430438859431));
#10255=CARTESIAN_POINT('',(0.0213229840411157,0.00674232876059582,0.00748935345473381));
#10256=CARTESIAN_POINT('',(0.0213200723720743,0.00675358922246453,0.0074976418750874));
#10257=CARTESIAN_POINT('',(0.0213091713194869,0.00678735596377929,0.00752859191528883));
#10258=CARTESIAN_POINT('',(0.0213009547326113,0.00680400756978755,0.00755182727621118));
#10259=CARTESIAN_POINT('',(0.021289341406442,0.00681764184456253,0.0075844571633775));
#10260=CARTESIAN_POINT('',(0.0212869637333597,0.00681997764825992,0.0075911282028273));
#10261=CARTESIAN_POINT('',(0.0212833140954499,0.00682289477691959,0.0076013521302928));
#10262=CARTESIAN_POINT('',(0.0212820836944878,0.00682376939032508,0.00760479633405061));
#10263=CARTESIAN_POINT('',(0.0212802172309949,0.00682493466621172,0.00761001695248184));
#10264=CARTESIAN_POINT('',(0.0212795915994716,0.00682529865080366,0.00761176621075091));
#10265=CARTESIAN_POINT('',(0.0212783333689056,0.00682597773858035,0.0076152828266027));
#10266=CARTESIAN_POINT('',(0.0212774806435439,0.00682639342894884,0.00761766493002242));
#10267=CARTESIAN_POINT('',(0.0212737369739631,0.00682810410662538,0.00762811986017223));
#10268=CARTESIAN_POINT('',(0.0212686912527668,0.00682936214667045,0.00764219692720882));
#10269=CARTESIAN_POINT('',(0.0212618990358778,0.00683035762485135,0.00766104753856405));
#10270=CARTESIAN_POINT('',(0.0213372154889626,0.00660024544536417,0.00744870694668359));
#10271=CARTESIAN_POINT('',(0.0213367163522272,0.00664054245324554,0.00745013675029378));
#10272=CARTESIAN_POINT('',(0.021334377411146,0.00668652310619936,0.00745683962417776));
#10273=CARTESIAN_POINT('',(0.0213183178675122,0.00677015154267844,0.00750274025697213));
#10274=CARTESIAN_POINT('',(0.021290983246076,0.00682193954050357,0.00757995067886119));
#10275=CARTESIAN_POINT('',(0.0212754834675182,0.00682836666880283,0.00762334632178598));
#10276=CARTESIAN_POINT('',(0.0212618990358778,0.00683035762485135,0.00766104753856412));
#10277=CARTESIAN_POINT('',(0.0212618990358778,0.00683035762485135,0.00766104753856405));
#10278=CARTESIAN_POINT('',(0.0213559782351516,0.00683035762485135,0.00769494597900017));
#10279=CARTESIAN_POINT('',(0.0213246185020603,0.00683035762485135,0.0076836464988548));
#10280=CARTESIAN_POINT('',(0.0212932587689691,0.00683035762485135,0.00767234701870942));
#10281=CARTESIAN_POINT('',(0.0212618990358778,0.00683035762485135,0.00766104753856405));
#10282=CARTESIAN_POINT('',(0.0213559782351516,0.00683035762485135,0.00769494597900017));
#10283=CARTESIAN_POINT('',(0.0213522276640525,0.00682996639457936,0.00770535503385));
#10284=CARTESIAN_POINT('',(0.0213488183846189,0.00682921777888894,0.00771479323695323));
#10285=CARTESIAN_POINT('',(0.0213442221833967,0.00682755877717417,0.00772749633858804));
#10286=CARTESIAN_POINT('',(0.0213427763902708,0.00682691643024225,0.0077314883342643));
#10287=CARTESIAN_POINT('',(0.021340058166743,0.00682545304365775,0.00773898787620155));
#10288=CARTESIAN_POINT('',(0.0213391549185522,0.00682491553770021,0.00774147841940663));
#10289=CARTESIAN_POINT('',(0.0213313820518818,0.0068189459391605,0.00776289068932576));
#10290=CARTESIAN_POINT('',(0.0213254895062256,0.00681177243737298,0.00777905639169111));
#10291=CARTESIAN_POINT('',(0.0213152817366525,0.00679419281442276,0.00780698312489369));
#10292=CARTESIAN_POINT('',(0.0213104940029528,0.00678350857205318,0.00782003919023883));
#10293=CARTESIAN_POINT('',(0.0213037941009225,0.00676464056215709,0.00783826503776107));
#10294=CARTESIAN_POINT('',(0.0213016410724887,0.00675787761780144,0.00784411394154506));
#10295=CARTESIAN_POINT('',(0.0212985327747321,0.00674702278968254,0.00785254803365966));
#10296=CARTESIAN_POINT('',(0.0212975168822862,0.00674328611171201,0.00785530285353871));
#10297=CARTESIAN_POINT('',(0.0212955256423215,0.00673557595190912,0.00786069945293079));
#10298=CARTESIAN_POINT('',(0.021294431398656,0.0067310930428011,0.0078636630923573));
#10299=CARTESIAN_POINT('',(0.0212902508188971,0.00671318076036321,0.00787498020462213));
#10300=CARTESIAN_POINT('',(0.021287325056267,0.00669771105127056,0.00788288296381765));
#10301=CARTESIAN_POINT('',(0.0212835702231382,0.00667279666291806,0.0078930128293859));
#10302=CARTESIAN_POINT('',(0.0212824242297504,0.00666420689601498,0.00789610206606305));
#10303=CARTESIAN_POINT('',(0.0212808642288352,0.00665089478948197,0.00790030505151976));
#10304=CARTESIAN_POINT('',(0.0212803707256337,0.00664638617794123,0.00790163423468022));
#10305=CARTESIAN_POINT('',(0.0212794367941312,0.00663722646946697,0.00790414900692372));
#10306=CARTESIAN_POINT('',(0.0212789149301263,0.00663164614085213,0.00790555376348333));
#10307=CARTESIAN_POINT('',(0.021275923157682,0.00659750816931465,0.00791360550474292));
#10308=CARTESIAN_POINT('',(0.0212742656612623,0.00656150542644781,0.00791805683553953));
#10309=CARTESIAN_POINT('',(0.0212736151148474,0.00651984480433852,0.00791980428706024));
#10310=CARTESIAN_POINT('',(0.0212618990358778,0.00683035762485135,0.00766104753856405));
#10311=CARTESIAN_POINT('',(0.0212581649871183,0.00682996639457936,0.0076714107385467));
#10312=CARTESIAN_POINT('',(0.0212547707265369,0.00682921777888894,0.00768080736366269));
#10313=CARTESIAN_POINT('',(0.0212501947728971,0.00682755877717417,0.00769345450449735));
#10314=CARTESIAN_POINT('',(0.021248755348904,0.00682691643024225,0.00769742891428956));
#10315=CARTESIAN_POINT('',(0.0212460490999291,0.00682545304365775,0.00770489541859713));
#10316=CARTESIAN_POINT('',(0.0212451498308053,0.00682491553770021,0.00770737499024625));
#10317=CARTESIAN_POINT('',(0.0212374112058383,0.0068189459391605,0.00772869293298512));
#10318=CARTESIAN_POINT('',(0.0212315446185329,0.00681177243737298,0.0077447874208026));
#10319=CARTESIAN_POINT('',(0.0212213818171078,0.00679419281442276,0.00777259112874879));
#10320=CARTESIAN_POINT('',(0.0212166151747459,0.00678350857205318,0.00778558967838756));
#10321=CARTESIAN_POINT('',(0.0212099447877026,0.00676464056215709,0.0078037352358326));
#10322=CARTESIAN_POINT('',(0.0212078012439755,0.00675787761780144,0.00780955837352063));
#10323=CARTESIAN_POINT('',(0.0212047066391606,0.00674702278968254,0.00781795531104442));
#10324=CARTESIAN_POINT('',(0.0212036952220118,0.00674328611171201,0.00782069799515308));
#10325=CARTESIAN_POINT('',(0.0212017127540294,0.00673557595190912,0.00782607082097955));
#10326=CARTESIAN_POINT('',(0.0212006233308206,0.0067310930428011,0.00782902140472577));
#10327=CARTESIAN_POINT('',(0.0211964611677125,0.00671318076036321,0.00784028866187049));
#10328=CARTESIAN_POINT('',(0.0211935482939046,0.00669771105127056,0.00784815660714885));
#10329=CARTESIAN_POINT('',(0.0211898100018909,0.00667279666291806,0.00785824184775865));
#10330=CARTESIAN_POINT('',(0.0211886690569321,0.00666420689601498,0.00786131747546365));
#10331=CARTESIAN_POINT('',(0.0211871159282677,0.00665089478948197,0.00786550194556593));
#10332=CARTESIAN_POINT('',(0.021186624599089,0.00664638617794123,0.00786682527329396));
#10333=CARTESIAN_POINT('',(0.0211856947818222,0.00663722646946697,0.00786932896724564));
#10334=CARTESIAN_POINT('',(0.0211851752167778,0.00663164614085213,0.00787072753545036));
#10335=CARTESIAN_POINT('',(0.0211821966239477,0.00659750816931465,0.00787874380648414));
#10336=CARTESIAN_POINT('',(0.0211805464292743,0.00656150542644791,0.00788317552789398));
#10337=CARTESIAN_POINT('',(0.0211798987487027,0.00651984480433852,0.00788491528139038));
#10338=CARTESIAN_POINT('',(0.0212618990358778,0.00683035762485135,0.00766104753856412));
#10339=CARTESIAN_POINT('',(0.021232026646676,0.00682722778276698,0.00774395313599981));
#10340=CARTESIAN_POINT('',(0.0211929714181366,0.00673982425695316,0.00784985525711143));
#10341=CARTESIAN_POINT('',(0.0211811941098464,0.00660316604858079,0.00788143577439654));
#10342=CARTESIAN_POINT('',(0.0211798987487027,0.00651984480433852,0.00788491528139037));
#10343=CARTESIAN_POINT('',(0.0211798987487027,0.00651984480433852,0.00788491528139037));
#10344=CARTESIAN_POINT('',(0.0211798987487027,0.00651984480433852,0.00788491528139037));
#10345=CARTESIAN_POINT('',(0.0212111375374176,0.00651984480433852,0.00789654494994699));
#10346=CARTESIAN_POINT('',(0.0212423763261325,0.00651984480433852,0.00790817461850362));
#10347=CARTESIAN_POINT('',(0.0212736151148474,0.00651984480433852,0.00791980428706024));
#10348=CARTESIAN_POINT('',(0.,0.00651984480433852,0.));
#10349=CARTESIAN_POINT('',(0.,0.00651984480433852,0.));
#10350=CARTESIAN_POINT('',(0.,0.,0.));
#10351=CARTESIAN_POINT('',(0.022697138903704,0.00623151147100519,-0.000360396428901126));
#10352=CARTESIAN_POINT('',(0.022697138903704,0.00709651147100519,-0.000360396428901126));
#10353=CARTESIAN_POINT('',(0.0225971515076525,0.00709651147100519,-0.000358808779434601));
#10354=CARTESIAN_POINT('',(0.0225971515076525,0.,-0.000358808779434601));
#10355=CARTESIAN_POINT('',(0.0225971515076525,0.00536651147100519,-0.000358808779434606));
#10356=CARTESIAN_POINT('',(0.022697138903704,0.00536651147100519,-0.000360396428901132));
#10357=CARTESIAN_POINT('',(0.,0.00536651147100519,0.));
#10358=CARTESIAN_POINT('',(0.,0.00536651147100519,0.));
#10359=CARTESIAN_POINT('',(0.0225999453983337,0.00536651147100519,-4.96788922525685E-5));
#10360=CARTESIAN_POINT('',(0.0226999451567334,0.00536651147100519,-4.98987103598813E-5));
#10361=CARTESIAN_POINT('',(0.0226999451567334,0.00608734480433852,-4.98987103598813E-5));
#10362=CARTESIAN_POINT('',(0.0225999453983337,0.,-4.96788922525685E-5));
#10363=CARTESIAN_POINT('',(0.0225999453983337,0.00680817813767186,-4.96788922525736E-5));
#10364=CARTESIAN_POINT('',(0.0226999451567334,0.00680817813767186,-4.98987103598869E-5));
#10365=CARTESIAN_POINT('',(0.,0.00680817813767186,0.));
#10366=CARTESIAN_POINT('',(0.,0.00680817813767186,0.));
#10367=CARTESIAN_POINT('',(0.022597960408907,0.00680817813767186,0.000303620416759266));
#10368=CARTESIAN_POINT('',(-8.64955013769441E-7,0.00680817813767186,9.24950888086743E-5));
#10369=CARTESIAN_POINT('',(0.0226490097165141,0.00695234480433853,0.00021179907780545));
#10370=CARTESIAN_POINT('',(0.,0.0069523448043385,0.));
#10371=CARTESIAN_POINT('',(0.0225996875713118,0.00709651147100519,0.000118834671279275));
#10372=CARTESIAN_POINT('',(0.0226498746715279,0.00709651147100519,0.000119303988996762));
#10373=CARTESIAN_POINT('',(0.,0.00709651147100519,0.));
#10374=CARTESIAN_POINT('',(0.,0.00709651147100519,0.));
#10375=CARTESIAN_POINT('',(0.,0.,0.));
#10376=MECHANICAL_DESIGN_GEOMETRIC_PRESENTATION_REPRESENTATION('',(#20,
#21,#22,#23,#24,#25,#26,#27,#28,#29,#30),#10377);
#10377=(
GEOMETRIC_REPRESENTATION_CONTEXT(3)
GLOBAL_UNCERTAINTY_ASSIGNED_CONTEXT((#10378))
GLOBAL_UNIT_ASSIGNED_CONTEXT((#10381,#10380,#10379))
REPRESENTATION_CONTEXT('id2','TOP_LEVEL_ASSEMBLY_PART')
);
#10378=UNCERTAINTY_MEASURE_WITH_UNIT(LENGTH_MEASURE(2.E-5),#10381,
'DISTANCE_ACCURACY_VALUE','Maximum Tolerance applied to model');
#10379=(
NAMED_UNIT(*)
SI_UNIT($,.STERADIAN.)
SOLID_ANGLE_UNIT()
);
#10380=(
NAMED_UNIT(*)
PLANE_ANGLE_UNIT()
SI_UNIT($,.RADIAN.)
);
#10381=(
LENGTH_UNIT()
NAMED_UNIT(*)
SI_UNIT($,.METRE.)
);
#10382=PRODUCT_DEFINITION_SHAPE('','',#10383);
#10383=PRODUCT_DEFINITION('','',#10385,#10384);
#10384=DESIGN_CONTEXT('',#10391,'design');
#10385=PRODUCT_DEFINITION_FORMATION_WITH_SPECIFIED_SOURCE('','',#10387,
 .NOT_KNOWN.);
#10386=PRODUCT_RELATED_PRODUCT_CATEGORY('','',(#10387));
#10387=PRODUCT('id2','id2','id2',(#10389));
#10388=PRODUCT_CATEGORY('','');
#10389=MECHANICAL_CONTEXT('',#10391,'mechanical');
#10390=APPLICATION_PROTOCOL_DEFINITION('international standard',
'config_control_design',2010,#10391);
#10391=APPLICATION_CONTEXT(
'configuration controlled 3D designs of mechanical parts and assemblie
s');
ENDSEC;
END-ISO-10303-21;
