ISO-10303-21;
HEADER;
FILE_DESCRIPTION((''),'2;1');
FILE_NAME('GPS-ANTENNA-CIRO-15X15_ASM','2008-06-30T',('GRA'),(''),
'PRO/ENGINEER BY PARAMETRIC TECHNOLOGY CORPORATION, 2006170',
'PRO/ENGINEER BY PARAMETRIC TECHNOLOGY CORPORATION, 2006170','');
FILE_SCHEMA(('CONFIG_CONTROL_DESIGN'));
ENDSEC;
DATA;
#2=DIRECTION('',(-1.E0,0.E0,0.E0));
#3=VECTOR('',#2,1.024E1);
#4=CARTESIAN_POINT('',(1.385E1,0.E0,-2.E-1));
#5=LINE('',#4,#3);
#6=DIRECTION('',(0.E0,0.E0,1.E0));
#7=VECTOR('',#6,1.433E1);
#8=CARTESIAN_POINT('',(1.385E1,0.E0,-1.453E1));
#9=LINE('',#8,#7);
#10=DIRECTION('',(1.E0,0.E0,0.E0));
#11=VECTOR('',#10,1.365E1);
#12=CARTESIAN_POINT('',(2.E-1,0.E0,-1.453E1));
#13=LINE('',#12,#11);
#14=DIRECTION('',(0.E0,0.E0,-1.E0));
#15=VECTOR('',#14,5.55E0);
#16=CARTESIAN_POINT('',(2.E-1,0.E0,-8.98E0));
#17=LINE('',#16,#15);
#18=DIRECTION('',(1.E0,-1.059337802663E-14,0.E0));
#19=VECTOR('',#18,2.E-1);
#20=CARTESIAN_POINT('',(0.E0,0.E0,-8.98E0));
#21=LINE('',#20,#19);
#22=DIRECTION('',(-1.E0,0.E0,0.E0));
#23=VECTOR('',#22,3.61E0);
#24=CARTESIAN_POINT('',(3.61E0,0.E0,-4.98E0));
#25=LINE('',#24,#23);
#26=DIRECTION('',(0.E0,0.E0,-1.E0));
#27=VECTOR('',#26,4.58E0);
#28=CARTESIAN_POINT('',(3.61E0,0.E0,-2.E-1));
#29=LINE('',#28,#27);
#30=DIRECTION('',(-1.E0,0.E0,0.E0));
#31=VECTOR('',#30,9.304649976056E0);
#32=CARTESIAN_POINT('',(1.291464997606E1,-1.E0,-2.E-1));
#33=LINE('',#32,#31);
#34=CARTESIAN_POINT('',(1.348232498803E1,-1.E0,-2.E-1));
#35=DIRECTION('',(0.E0,0.E0,-1.E0));
#36=DIRECTION('',(1.E0,0.E0,0.E0));
#37=AXIS2_PLACEMENT_3D('',#34,#35,#36);
#39=DIRECTION('',(1.E0,0.E0,0.E0));
#40=VECTOR('',#39,2.E-1);
#41=CARTESIAN_POINT('',(1.385E1,-1.E0,-2.E-1));
#42=LINE('',#41,#40);
#43=DIRECTION('',(0.E0,-1.E0,0.E0));
#44=VECTOR('',#43,1.E0);
#45=CARTESIAN_POINT('',(1.385E1,0.E0,-2.E-1));
#46=LINE('',#45,#44);
#47=DIRECTION('',(0.E0,0.E0,-1.E0));
#48=VECTOR('',#47,4.78E0);
#49=CARTESIAN_POINT('',(3.61E0,2.E-1,0.E0));
#50=LINE('',#49,#48);
#51=DIRECTION('',(0.E0,1.E0,0.E0));
#52=VECTOR('',#51,1.2E0);
#53=CARTESIAN_POINT('',(3.61E0,-1.E0,0.E0));
#54=LINE('',#53,#52);
#55=DIRECTION('',(0.E0,-1.E0,0.E0));
#56=VECTOR('',#55,1.E0);
#57=CARTESIAN_POINT('',(3.61E0,0.E0,-2.E-1));
#58=LINE('',#57,#56);
#59=DIRECTION('',(-1.E0,0.E0,0.E0));
#60=VECTOR('',#59,3.61E0);
#61=CARTESIAN_POINT('',(3.61E0,2.E-1,-4.78E0));
#62=LINE('',#61,#60);
#63=DIRECTION('',(0.E0,1.E0,0.E0));
#64=VECTOR('',#63,2.E-1);
#65=CARTESIAN_POINT('',(3.61E0,0.E0,-4.78E0));
#66=LINE('',#65,#64);
#67=DIRECTION('',(0.E0,0.E0,1.E0));
#68=VECTOR('',#67,4.E0);
#69=CARTESIAN_POINT('',(0.E0,0.E0,-8.98E0));
#70=LINE('',#69,#68);
#71=DIRECTION('',(0.E0,1.E0,0.E0));
#72=VECTOR('',#71,1.E0);
#73=CARTESIAN_POINT('',(0.E0,-1.E0,-8.98E0));
#74=LINE('',#73,#72);
#75=DIRECTION('',(0.E0,0.E0,-1.E0));
#76=VECTOR('',#75,9.95E0);
#77=CARTESIAN_POINT('',(0.E0,2.E-1,-4.78E0));
#78=LINE('',#77,#76);
#79=DIRECTION('',(0.E0,1.E0,0.E0));
#80=VECTOR('',#79,1.2E0);
#81=CARTESIAN_POINT('',(0.E0,-1.E0,-4.78E0));
#82=LINE('',#81,#80);
#83=DIRECTION('',(0.E0,-1.E0,0.E0));
#84=VECTOR('',#83,1.E0);
#85=CARTESIAN_POINT('',(0.E0,0.E0,-4.98E0));
#86=LINE('',#85,#84);
#87=DIRECTION('',(0.E0,1.E0,0.E0));
#88=VECTOR('',#87,1.E0);
#89=CARTESIAN_POINT('',(2.E-1,-1.E0,-8.98E0));
#90=LINE('',#89,#88);
#91=DIRECTION('',(1.E0,0.E0,0.E0));
#92=VECTOR('',#91,2.E-1);
#93=CARTESIAN_POINT('',(0.E0,-1.E0,-8.98E0));
#94=LINE('',#93,#92);
#95=DIRECTION('',(0.E0,0.E0,-1.E0));
#96=VECTOR('',#95,5.55E0);
#97=CARTESIAN_POINT('',(2.E-1,-1.E0,-8.98E0));
#98=LINE('',#97,#96);
#99=DIRECTION('',(1.E0,0.E0,0.E0));
#100=VECTOR('',#99,1.242269781167E1);
#101=CARTESIAN_POINT('',(1.427302188329E0,-1.E0,-1.453E1));
#102=LINE('',#101,#100);
#103=CARTESIAN_POINT('',(7.136510941645E-1,-1.E0,-1.453E1));
#104=DIRECTION('',(0.E0,0.E0,1.E0));
#105=DIRECTION('',(-1.E0,0.E0,0.E0));
#106=AXIS2_PLACEMENT_3D('',#103,#104,#105);
#108=DIRECTION('',(-1.E0,0.E0,0.E0));
#109=VECTOR('',#108,2.E-1);
#110=CARTESIAN_POINT('',(2.E-1,-1.E0,-1.453E1));
#111=LINE('',#110,#109);
#112=DIRECTION('',(0.E0,-1.E0,0.E0));
#113=VECTOR('',#112,1.E0);
#114=CARTESIAN_POINT('',(2.E-1,0.E0,-1.453E1));
#115=LINE('',#114,#113);
#116=DIRECTION('',(0.E0,0.E0,1.E0));
#117=VECTOR('',#116,1.433E1);
#118=CARTESIAN_POINT('',(1.385E1,-1.E0,-1.453E1));
#119=LINE('',#118,#117);
#120=DIRECTION('',(0.E0,-1.E0,0.E0));
#121=VECTOR('',#120,1.E0);
#122=CARTESIAN_POINT('',(1.385E1,0.E0,-1.453E1));
#123=LINE('',#122,#121);
#124=DIRECTION('',(0.E0,0.E0,1.E0));
#125=VECTOR('',#124,1.453E1);
#126=CARTESIAN_POINT('',(1.405E1,-1.E0,-1.473E1));
#127=LINE('',#126,#125);
#128=DIRECTION('',(1.E0,0.E0,0.E0));
#129=VECTOR('',#128,1.262269781167E1);
#130=CARTESIAN_POINT('',(1.427302188329E0,-1.E0,-1.473E1));
#131=LINE('',#130,#129);
#132=DIRECTION('',(0.E0,0.E0,1.E0));
#133=VECTOR('',#132,1.473E1);
#134=CARTESIAN_POINT('',(1.405E1,2.E-1,-1.473E1));
#135=LINE('',#134,#133);
#136=DIRECTION('',(0.E0,1.E0,0.E0));
#137=VECTOR('',#136,1.2E0);
#138=CARTESIAN_POINT('',(1.405E1,-1.E0,-1.473E1));
#139=LINE('',#138,#137);
#140=DIRECTION('',(-1.E0,0.E0,0.E0));
#141=VECTOR('',#140,1.044E1);
#142=CARTESIAN_POINT('',(1.405E1,2.E-1,0.E0));
#143=LINE('',#142,#141);
#144=DIRECTION('',(0.E0,1.E0,0.E0));
#145=VECTOR('',#144,1.2E0);
#146=CARTESIAN_POINT('',(1.405E1,-1.E0,0.E0));
#147=LINE('',#146,#145);
#148=DIRECTION('',(1.E0,0.E0,0.E0));
#149=VECTOR('',#148,1.405E1);
#150=CARTESIAN_POINT('',(0.E0,2.E-1,-1.473E1));
#151=LINE('',#150,#149);
#152=DIRECTION('',(0.E0,1.E0,0.E0));
#153=VECTOR('',#152,1.2E0);
#154=CARTESIAN_POINT('',(0.E0,-1.E0,-1.473E1));
#155=LINE('',#154,#153);
#156=CARTESIAN_POINT('',(7.136510941645E-1,-1.E0,-1.473E1));
#157=DIRECTION('',(0.E0,0.E0,1.E0));
#158=DIRECTION('',(-1.E0,0.E0,0.E0));
#159=AXIS2_PLACEMENT_3D('',#156,#157,#158);
#161=DIRECTION('',(0.E0,0.E0,-1.E0));
#162=VECTOR('',#161,2.E-1);
#163=CARTESIAN_POINT('',(0.E0,-1.E0,-1.453E1));
#164=LINE('',#163,#162);
#165=DIRECTION('',(0.E0,0.E0,1.E0));
#166=VECTOR('',#165,2.E-1);
#167=CARTESIAN_POINT('',(1.427302188329E0,-1.E0,-1.473E1));
#168=LINE('',#167,#166);
#169=CARTESIAN_POINT('',(1.348232498803E1,-1.E0,0.E0));
#170=DIRECTION('',(0.E0,0.E0,-1.E0));
#171=DIRECTION('',(1.E0,2.542458099395E-14,0.E0));
#172=AXIS2_PLACEMENT_3D('',#169,#170,#171);
#174=DIRECTION('',(0.E0,2.386979502944E-14,1.E0));
#175=VECTOR('',#174,2.E-1);
#176=CARTESIAN_POINT('',(1.405E1,-1.E0,-2.E-1));
#177=LINE('',#176,#175);
#178=DIRECTION('',(0.E0,0.E0,-1.E0));
#179=VECTOR('',#178,2.E-1);
#180=CARTESIAN_POINT('',(1.291464997606E1,-1.E0,0.E0));
#181=LINE('',#180,#179);
#182=DIRECTION('',(0.E0,0.E0,-1.E0));
#183=VECTOR('',#182,2.E-1);
#184=CARTESIAN_POINT('',(3.61E0,-1.E0,0.E0));
#185=LINE('',#184,#183);
#186=DIRECTION('',(-1.E0,0.E0,0.E0));
#187=VECTOR('',#186,9.304649976056E0);
#188=CARTESIAN_POINT('',(1.291464997606E1,-1.E0,0.E0));
#189=LINE('',#188,#187);
#190=DIRECTION('',(0.E0,0.E0,-1.E0));
#191=VECTOR('',#190,5.55E0);
#192=CARTESIAN_POINT('',(0.E0,-1.E0,-8.98E0));
#193=LINE('',#192,#191);
#194=DIRECTION('',(0.E0,0.E0,-1.E0));
#195=VECTOR('',#194,2.E-1);
#196=CARTESIAN_POINT('',(0.E0,-1.E0,-4.78E0));
#197=LINE('',#196,#195);
#198=DIRECTION('',(-1.E0,0.E0,0.E0));
#199=VECTOR('',#198,3.61E0);
#200=CARTESIAN_POINT('',(3.61E0,-1.E0,-4.78E0));
#201=LINE('',#200,#199);
#202=DIRECTION('',(0.E0,0.E0,1.E0));
#203=VECTOR('',#202,2.E-1);
#204=CARTESIAN_POINT('',(3.61E0,-1.E0,-4.98E0));
#205=LINE('',#204,#203);
#206=DIRECTION('',(0.E0,0.E0,1.E0));
#207=VECTOR('',#206,2.E-1);
#208=CARTESIAN_POINT('',(3.61E0,0.E0,-4.98E0));
#209=LINE('',#208,#207);
#210=DIRECTION('',(0.E0,-1.E0,0.E0));
#211=VECTOR('',#210,1.E0);
#212=CARTESIAN_POINT('',(3.61E0,0.E0,-4.78E0));
#213=LINE('',#212,#211);
#214=DIRECTION('',(-1.E0,0.E0,0.E0));
#215=VECTOR('',#214,3.61E0);
#216=CARTESIAN_POINT('',(3.61E0,-1.E0,-4.98E0));
#217=LINE('',#216,#215);
#218=DIRECTION('',(0.E0,-1.E0,0.E0));
#219=VECTOR('',#218,1.E0);
#220=CARTESIAN_POINT('',(3.61E0,0.E0,-4.98E0));
#221=LINE('',#220,#219);
#222=CARTESIAN_POINT('',(1.405E1,2.E-1,0.E0));
#223=CARTESIAN_POINT('',(3.61E0,2.E-1,0.E0));
#224=VERTEX_POINT('',#222);
#225=VERTEX_POINT('',#223);
#226=CARTESIAN_POINT('',(1.405E1,-1.E0,0.E0));
#227=CARTESIAN_POINT('',(1.291464997606E1,-1.E0,0.E0));
#228=VERTEX_POINT('',#226);
#229=VERTEX_POINT('',#227);
#230=CARTESIAN_POINT('',(3.61E0,2.E-1,-4.78E0));
#231=VERTEX_POINT('',#230);
#232=CARTESIAN_POINT('',(3.61E0,-1.E0,0.E0));
#233=VERTEX_POINT('',#232);
#234=CARTESIAN_POINT('',(3.61E0,0.E0,-2.E-1));
#235=CARTESIAN_POINT('',(3.61E0,0.E0,-4.78E0));
#236=VERTEX_POINT('',#234);
#237=VERTEX_POINT('',#235);
#238=CARTESIAN_POINT('',(0.E0,2.E-1,-4.78E0));
#239=VERTEX_POINT('',#238);
#240=CARTESIAN_POINT('',(3.61E0,-1.E0,-2.E-1));
#241=VERTEX_POINT('',#240);
#242=CARTESIAN_POINT('',(3.61E0,-1.E0,-4.78E0));
#243=VERTEX_POINT('',#242);
#244=CARTESIAN_POINT('',(3.61E0,0.E0,-4.98E0));
#245=CARTESIAN_POINT('',(3.61E0,-1.E0,-4.98E0));
#246=VERTEX_POINT('',#244);
#247=VERTEX_POINT('',#245);
#248=CARTESIAN_POINT('',(2.E-1,-1.E0,-8.98E0));
#249=CARTESIAN_POINT('',(2.E-1,-1.E0,-1.453E1));
#250=VERTEX_POINT('',#248);
#251=VERTEX_POINT('',#249);
#252=CARTESIAN_POINT('',(2.E-1,0.E0,-8.98E0));
#253=VERTEX_POINT('',#252);
#254=CARTESIAN_POINT('',(2.E-1,0.E0,-1.453E1));
#255=VERTEX_POINT('',#254);
#256=CARTESIAN_POINT('',(1.385E1,0.E0,-1.453E1));
#257=CARTESIAN_POINT('',(1.385E1,0.E0,-2.E-1));
#258=VERTEX_POINT('',#256);
#259=VERTEX_POINT('',#257);
#260=CARTESIAN_POINT('',(0.E0,0.E0,-8.98E0));
#261=VERTEX_POINT('',#260);
#262=CARTESIAN_POINT('',(0.E0,0.E0,-4.98E0));
#263=VERTEX_POINT('',#262);
#264=CARTESIAN_POINT('',(1.405E1,-1.E0,-2.E-1));
#265=CARTESIAN_POINT('',(1.291464997606E1,-1.E0,-2.E-1));
#266=VERTEX_POINT('',#264);
#267=VERTEX_POINT('',#265);
#268=CARTESIAN_POINT('',(0.E0,-1.E0,-1.453E1));
#269=VERTEX_POINT('',#268);
#270=CARTESIAN_POINT('',(1.427302188329E0,-1.E0,-1.453E1));
#271=VERTEX_POINT('',#270);
#272=CARTESIAN_POINT('',(1.385E1,-1.E0,-1.453E1));
#273=VERTEX_POINT('',#272);
#274=CARTESIAN_POINT('',(1.385E1,-1.E0,-2.E-1));
#275=VERTEX_POINT('',#274);
#276=CARTESIAN_POINT('',(0.E0,-1.E0,-8.98E0));
#277=VERTEX_POINT('',#276);
#278=CARTESIAN_POINT('',(1.405E1,-1.E0,-1.473E1));
#279=CARTESIAN_POINT('',(1.405E1,2.E-1,-1.473E1));
#280=VERTEX_POINT('',#278);
#281=VERTEX_POINT('',#279);
#282=CARTESIAN_POINT('',(1.427302188329E0,-1.E0,-1.473E1));
#283=VERTEX_POINT('',#282);
#284=CARTESIAN_POINT('',(0.E0,-1.E0,-1.473E1));
#285=VERTEX_POINT('',#284);
#286=CARTESIAN_POINT('',(0.E0,2.E-1,-1.473E1));
#287=VERTEX_POINT('',#286);
#288=CARTESIAN_POINT('',(0.E0,-1.E0,-4.78E0));
#289=VERTEX_POINT('',#288);
#290=CARTESIAN_POINT('',(0.E0,-1.E0,-4.98E0));
#291=VERTEX_POINT('',#290);
#292=CARTESIAN_POINT('',(1.405E1,0.E0,0.E0));
#293=DIRECTION('',(0.E0,-1.E0,0.E0));
#294=DIRECTION('',(0.E0,0.E0,-1.E0));
#295=AXIS2_PLACEMENT_3D('',#292,#293,#294);
#296=PLANE('',#295);
#298=ORIENTED_EDGE('',*,*,#297,.F.);
#300=ORIENTED_EDGE('',*,*,#299,.F.);
#302=ORIENTED_EDGE('',*,*,#301,.F.);
#304=ORIENTED_EDGE('',*,*,#303,.F.);
#306=ORIENTED_EDGE('',*,*,#305,.F.);
#308=ORIENTED_EDGE('',*,*,#307,.T.);
#310=ORIENTED_EDGE('',*,*,#309,.F.);
#312=ORIENTED_EDGE('',*,*,#311,.T.);
#314=ORIENTED_EDGE('',*,*,#313,.F.);
#315=EDGE_LOOP('',(#298,#300,#302,#304,#306,#308,#310,#312,#314));
#316=FACE_OUTER_BOUND('',#315,.F.);
#317=ADVANCED_FACE('',(#316),#296,.T.);
#318=CARTESIAN_POINT('',(7.025E0,-1.E0,-2.E-1));
#319=DIRECTION('',(0.E0,0.E0,1.E0));
#320=DIRECTION('',(1.E0,0.E0,0.E0));
#321=AXIS2_PLACEMENT_3D('',#318,#319,#320);
#322=PLANE('',#321);
#323=ORIENTED_EDGE('',*,*,#297,.T.);
#325=ORIENTED_EDGE('',*,*,#324,.T.);
#327=ORIENTED_EDGE('',*,*,#326,.F.);
#329=ORIENTED_EDGE('',*,*,#328,.F.);
#331=ORIENTED_EDGE('',*,*,#330,.F.);
#333=ORIENTED_EDGE('',*,*,#332,.F.);
#334=EDGE_LOOP('',(#323,#325,#327,#329,#331,#333));
#335=FACE_OUTER_BOUND('',#334,.F.);
#336=ADVANCED_FACE('',(#335),#322,.F.);
#337=CARTESIAN_POINT('',(3.61E0,2.E-1,0.E0));
#338=DIRECTION('',(1.E0,0.E0,0.E0));
#339=DIRECTION('',(0.E0,0.E0,-1.E0));
#340=AXIS2_PLACEMENT_3D('',#337,#338,#339);
#341=PLANE('',#340);
#342=ORIENTED_EDGE('',*,*,#313,.T.);
#344=ORIENTED_EDGE('',*,*,#343,.T.);
#346=ORIENTED_EDGE('',*,*,#345,.F.);
#348=ORIENTED_EDGE('',*,*,#347,.F.);
#350=ORIENTED_EDGE('',*,*,#349,.T.);
#351=ORIENTED_EDGE('',*,*,#324,.F.);
#352=EDGE_LOOP('',(#342,#344,#346,#348,#350,#351));
#353=FACE_OUTER_BOUND('',#352,.F.);
#354=ADVANCED_FACE('',(#353),#341,.F.);
#355=CARTESIAN_POINT('',(0.E0,2.E-1,-4.78E0));
#356=DIRECTION('',(0.E0,0.E0,-1.E0));
#357=DIRECTION('',(-1.E0,0.E0,0.E0));
#358=AXIS2_PLACEMENT_3D('',#355,#356,#357);
#359=PLANE('',#358);
#361=ORIENTED_EDGE('',*,*,#360,.T.);
#363=ORIENTED_EDGE('',*,*,#362,.F.);
#364=ORIENTED_EDGE('',*,*,#343,.F.);
#366=ORIENTED_EDGE('',*,*,#365,.T.);
#368=ORIENTED_EDGE('',*,*,#367,.T.);
#369=EDGE_LOOP('',(#361,#363,#364,#366,#368));
#370=FACE_OUTER_BOUND('',#369,.F.);
#371=ADVANCED_FACE('',(#370),#359,.F.);
#372=CARTESIAN_POINT('',(0.E0,2.E-1,-4.78E0));
#373=DIRECTION('',(1.E0,0.E0,0.E0));
#374=DIRECTION('',(0.E0,0.E0,-1.E0));
#375=AXIS2_PLACEMENT_3D('',#372,#373,#374);
#376=PLANE('',#375);
#377=ORIENTED_EDGE('',*,*,#307,.F.);
#379=ORIENTED_EDGE('',*,*,#378,.F.);
#381=ORIENTED_EDGE('',*,*,#380,.T.);
#383=ORIENTED_EDGE('',*,*,#382,.T.);
#385=ORIENTED_EDGE('',*,*,#384,.T.);
#387=ORIENTED_EDGE('',*,*,#386,.F.);
#388=ORIENTED_EDGE('',*,*,#360,.F.);
#390=ORIENTED_EDGE('',*,*,#389,.T.);
#392=ORIENTED_EDGE('',*,*,#391,.F.);
#393=EDGE_LOOP('',(#377,#379,#381,#383,#385,#387,#388,#390,#392));
#394=FACE_OUTER_BOUND('',#393,.F.);
#395=ADVANCED_FACE('',(#394),#376,.F.);
#396=CARTESIAN_POINT('',(2.E-1,1.214306433184E-14,-8.98E0));
#397=DIRECTION('',(0.E0,0.E0,-1.E0));
#398=DIRECTION('',(0.E0,1.E0,0.E0));
#399=AXIS2_PLACEMENT_3D('',#396,#397,#398);
#400=PLANE('',#399);
#401=ORIENTED_EDGE('',*,*,#378,.T.);
#402=ORIENTED_EDGE('',*,*,#305,.T.);
#404=ORIENTED_EDGE('',*,*,#403,.F.);
#406=ORIENTED_EDGE('',*,*,#405,.F.);
#407=EDGE_LOOP('',(#401,#402,#404,#406));
#408=FACE_OUTER_BOUND('',#407,.F.);
#409=ADVANCED_FACE('',(#408),#400,.F.);
#410=CARTESIAN_POINT('',(2.E-1,-1.E0,-2.333983908584E1));
#411=DIRECTION('',(-1.E0,0.E0,0.E0));
#412=DIRECTION('',(0.E0,0.E0,1.E0));
#413=AXIS2_PLACEMENT_3D('',#410,#411,#412);
#414=PLANE('',#413);
#415=ORIENTED_EDGE('',*,*,#303,.T.);
#417=ORIENTED_EDGE('',*,*,#416,.T.);
#419=ORIENTED_EDGE('',*,*,#418,.F.);
#420=ORIENTED_EDGE('',*,*,#403,.T.);
#421=EDGE_LOOP('',(#415,#417,#419,#420));
#422=FACE_OUTER_BOUND('',#421,.F.);
#423=ADVANCED_FACE('',(#422),#414,.F.);
#424=CARTESIAN_POINT('',(7.025E0,-1.E0,-1.453E1));
#425=DIRECTION('',(0.E0,0.E0,-1.E0));
#426=DIRECTION('',(-1.E0,0.E0,0.E0));
#427=AXIS2_PLACEMENT_3D('',#424,#425,#426);
#428=PLANE('',#427);
#429=ORIENTED_EDGE('',*,*,#301,.T.);
#431=ORIENTED_EDGE('',*,*,#430,.T.);
#433=ORIENTED_EDGE('',*,*,#432,.F.);
#435=ORIENTED_EDGE('',*,*,#434,.F.);
#437=ORIENTED_EDGE('',*,*,#436,.F.);
#438=ORIENTED_EDGE('',*,*,#416,.F.);
#439=EDGE_LOOP('',(#429,#431,#433,#435,#437,#438));
#440=FACE_OUTER_BOUND('',#439,.F.);
#441=ADVANCED_FACE('',(#440),#428,.F.);
#442=CARTESIAN_POINT('',(1.385E1,-1.E0,-2.333983908584E1));
#443=DIRECTION('',(1.E0,0.E0,0.E0));
#444=DIRECTION('',(0.E0,0.E0,-1.E0));
#445=AXIS2_PLACEMENT_3D('',#442,#443,#444);
#446=PLANE('',#445);
#447=ORIENTED_EDGE('',*,*,#299,.T.);
#448=ORIENTED_EDGE('',*,*,#332,.T.);
#450=ORIENTED_EDGE('',*,*,#449,.F.);
#451=ORIENTED_EDGE('',*,*,#430,.F.);
#452=EDGE_LOOP('',(#447,#448,#450,#451));
#453=FACE_OUTER_BOUND('',#452,.F.);
#454=ADVANCED_FACE('',(#453),#446,.F.);
#455=CARTESIAN_POINT('',(7.025E0,-1.E0,-2.333983908584E1));
#456=DIRECTION('',(0.E0,-1.E0,0.E0));
#457=DIRECTION('',(0.E0,0.E0,-1.E0));
#458=AXIS2_PLACEMENT_3D('',#455,#456,#457);
#459=PLANE('',#458);
#461=ORIENTED_EDGE('',*,*,#460,.F.);
#463=ORIENTED_EDGE('',*,*,#462,.F.);
#465=ORIENTED_EDGE('',*,*,#464,.T.);
#466=ORIENTED_EDGE('',*,*,#432,.T.);
#467=ORIENTED_EDGE('',*,*,#449,.T.);
#468=ORIENTED_EDGE('',*,*,#330,.T.);
#469=EDGE_LOOP('',(#461,#463,#465,#466,#467,#468));
#470=FACE_OUTER_BOUND('',#469,.F.);
#471=ADVANCED_FACE('',(#470),#459,.T.);
#472=CARTESIAN_POINT('',(1.405E1,2.E-1,0.E0));
#473=DIRECTION('',(-1.E0,0.E0,0.E0));
#474=DIRECTION('',(0.E0,0.E0,1.E0));
#475=AXIS2_PLACEMENT_3D('',#472,#473,#474);
#476=PLANE('',#475);
#478=ORIENTED_EDGE('',*,*,#477,.T.);
#480=ORIENTED_EDGE('',*,*,#479,.F.);
#482=ORIENTED_EDGE('',*,*,#481,.F.);
#483=ORIENTED_EDGE('',*,*,#460,.T.);
#485=ORIENTED_EDGE('',*,*,#484,.T.);
#486=EDGE_LOOP('',(#478,#480,#482,#483,#485));
#487=FACE_OUTER_BOUND('',#486,.F.);
#488=ADVANCED_FACE('',(#487),#476,.F.);
#489=CARTESIAN_POINT('',(3.61E0,2.E-1,0.E0));
#490=DIRECTION('',(0.E0,0.E0,-1.E0));
#491=DIRECTION('',(-1.E0,0.E0,0.E0));
#492=AXIS2_PLACEMENT_3D('',#489,#490,#491);
#493=PLANE('',#492);
#494=ORIENTED_EDGE('',*,*,#347,.T.);
#496=ORIENTED_EDGE('',*,*,#495,.F.);
#497=ORIENTED_EDGE('',*,*,#477,.F.);
#499=ORIENTED_EDGE('',*,*,#498,.T.);
#501=ORIENTED_EDGE('',*,*,#500,.T.);
#502=EDGE_LOOP('',(#494,#496,#497,#499,#501));
#503=FACE_OUTER_BOUND('',#502,.F.);
#504=ADVANCED_FACE('',(#503),#493,.F.);
#505=CARTESIAN_POINT('',(1.405E1,2.E-1,0.E0));
#506=DIRECTION('',(0.E0,-1.E0,0.E0));
#507=DIRECTION('',(0.E0,0.E0,-1.E0));
#508=AXIS2_PLACEMENT_3D('',#505,#506,#507);
#509=PLANE('',#508);
#510=ORIENTED_EDGE('',*,*,#479,.T.);
#511=ORIENTED_EDGE('',*,*,#495,.T.);
#512=ORIENTED_EDGE('',*,*,#345,.T.);
#513=ORIENTED_EDGE('',*,*,#362,.T.);
#514=ORIENTED_EDGE('',*,*,#386,.T.);
#516=ORIENTED_EDGE('',*,*,#515,.T.);
#517=EDGE_LOOP('',(#510,#511,#512,#513,#514,#516));
#518=FACE_OUTER_BOUND('',#517,.F.);
#519=ADVANCED_FACE('',(#518),#509,.F.);
#520=CARTESIAN_POINT('',(0.E0,2.E-1,-1.473E1));
#521=DIRECTION('',(0.E0,0.E0,1.E0));
#522=DIRECTION('',(1.E0,0.E0,0.E0));
#523=AXIS2_PLACEMENT_3D('',#520,#521,#522);
#524=PLANE('',#523);
#525=ORIENTED_EDGE('',*,*,#481,.T.);
#526=ORIENTED_EDGE('',*,*,#515,.F.);
#527=ORIENTED_EDGE('',*,*,#384,.F.);
#529=ORIENTED_EDGE('',*,*,#528,.T.);
#530=ORIENTED_EDGE('',*,*,#462,.T.);
#531=EDGE_LOOP('',(#525,#526,#527,#529,#530));
#532=FACE_OUTER_BOUND('',#531,.F.);
#533=ADVANCED_FACE('',(#532),#524,.F.);
#534=CARTESIAN_POINT('',(7.136510941645E-1,-1.E0,-1.453E1));
#535=DIRECTION('',(0.E0,0.E0,-1.E0));
#536=DIRECTION('',(-1.E0,0.E0,0.E0));
#537=AXIS2_PLACEMENT_3D('',#534,#535,#536);
#538=CYLINDRICAL_SURFACE('',#537,7.136510941645E-1);
#539=ORIENTED_EDGE('',*,*,#528,.F.);
#540=ORIENTED_EDGE('',*,*,#382,.F.);
#541=ORIENTED_EDGE('',*,*,#434,.T.);
#542=ORIENTED_EDGE('',*,*,#464,.F.);
#543=EDGE_LOOP('',(#539,#540,#541,#542));
#544=FACE_OUTER_BOUND('',#543,.F.);
#545=ADVANCED_FACE('',(#544),#538,.T.);
#546=CARTESIAN_POINT('',(1.348232498803E1,-1.E0,-2.E-1));
#547=DIRECTION('',(0.E0,0.E0,1.E0));
#548=DIRECTION('',(1.E0,0.E0,0.E0));
#549=AXIS2_PLACEMENT_3D('',#546,#547,#548);
#550=CYLINDRICAL_SURFACE('',#549,5.676750119721E-1);
#551=ORIENTED_EDGE('',*,*,#498,.F.);
#552=ORIENTED_EDGE('',*,*,#484,.F.);
#553=ORIENTED_EDGE('',*,*,#328,.T.);
#555=ORIENTED_EDGE('',*,*,#554,.F.);
#556=EDGE_LOOP('',(#551,#552,#553,#555));
#557=FACE_OUTER_BOUND('',#556,.F.);
#558=ADVANCED_FACE('',(#557),#550,.T.);
#559=CARTESIAN_POINT('',(7.025E0,-1.E0,-2.333983908584E1));
#560=DIRECTION('',(0.E0,-1.E0,0.E0));
#561=DIRECTION('',(0.E0,0.E0,-1.E0));
#562=AXIS2_PLACEMENT_3D('',#559,#560,#561);
#563=PLANE('',#562);
#564=ORIENTED_EDGE('',*,*,#554,.T.);
#565=ORIENTED_EDGE('',*,*,#326,.T.);
#566=ORIENTED_EDGE('',*,*,#349,.F.);
#567=ORIENTED_EDGE('',*,*,#500,.F.);
#568=EDGE_LOOP('',(#564,#565,#566,#567));
#569=FACE_OUTER_BOUND('',#568,.F.);
#570=ADVANCED_FACE('',(#569),#563,.T.);
#571=CARTESIAN_POINT('',(7.025E0,-1.E0,-2.333983908584E1));
#572=DIRECTION('',(0.E0,-1.E0,0.E0));
#573=DIRECTION('',(0.E0,0.E0,-1.E0));
#574=AXIS2_PLACEMENT_3D('',#571,#572,#573);
#575=PLANE('',#574);
#576=ORIENTED_EDGE('',*,*,#436,.T.);
#577=ORIENTED_EDGE('',*,*,#380,.F.);
#578=ORIENTED_EDGE('',*,*,#405,.T.);
#579=ORIENTED_EDGE('',*,*,#418,.T.);
#580=EDGE_LOOP('',(#576,#577,#578,#579));
#581=FACE_OUTER_BOUND('',#580,.F.);
#582=ADVANCED_FACE('',(#581),#575,.T.);
#583=CARTESIAN_POINT('',(7.025E0,-1.E0,-2.333983908584E1));
#584=DIRECTION('',(0.E0,-1.E0,0.E0));
#585=DIRECTION('',(0.E0,0.E0,-1.E0));
#586=AXIS2_PLACEMENT_3D('',#583,#584,#585);
#587=PLANE('',#586);
#588=ORIENTED_EDGE('',*,*,#389,.F.);
#589=ORIENTED_EDGE('',*,*,#367,.F.);
#591=ORIENTED_EDGE('',*,*,#590,.F.);
#593=ORIENTED_EDGE('',*,*,#592,.T.);
#594=EDGE_LOOP('',(#588,#589,#591,#593));
#595=FACE_OUTER_BOUND('',#594,.F.);
#596=ADVANCED_FACE('',(#595),#587,.T.);
#597=CARTESIAN_POINT('',(3.61E0,-1.E0,-2.333983908584E1));
#598=DIRECTION('',(1.E0,0.E0,0.E0));
#599=DIRECTION('',(0.E0,0.E0,-1.E0));
#600=AXIS2_PLACEMENT_3D('',#597,#598,#599);
#601=PLANE('',#600);
#602=ORIENTED_EDGE('',*,*,#311,.F.);
#604=ORIENTED_EDGE('',*,*,#603,.T.);
#605=ORIENTED_EDGE('',*,*,#590,.T.);
#606=ORIENTED_EDGE('',*,*,#365,.F.);
#607=EDGE_LOOP('',(#602,#604,#605,#606));
#608=FACE_OUTER_BOUND('',#607,.F.);
#609=ADVANCED_FACE('',(#608),#601,.T.);
#610=CARTESIAN_POINT('',(7.025E0,-1.E0,-4.98E0));
#611=DIRECTION('',(0.E0,0.E0,1.E0));
#612=DIRECTION('',(1.E0,0.E0,0.E0));
#613=AXIS2_PLACEMENT_3D('',#610,#611,#612);
#614=PLANE('',#613);
#615=ORIENTED_EDGE('',*,*,#309,.T.);
#616=ORIENTED_EDGE('',*,*,#391,.T.);
#617=ORIENTED_EDGE('',*,*,#592,.F.);
#618=ORIENTED_EDGE('',*,*,#603,.F.);
#619=EDGE_LOOP('',(#615,#616,#617,#618));
#620=FACE_OUTER_BOUND('',#619,.F.);
#621=ADVANCED_FACE('',(#620),#614,.F.);
#622=CLOSED_SHELL('',(#317,#336,#354,#371,#395,#409,#423,#441,#454,#471,#488,
#504,#519,#533,#545,#558,#570,#582,#596,#609,#621));
#623=MANIFOLD_SOLID_BREP('',#622);
#624=(LENGTH_UNIT()NAMED_UNIT(*)SI_UNIT(.MILLI.,.METRE.));
#625=DIMENSIONAL_EXPONENTS(0.E0,0.E0,0.E0,0.E0,0.E0,0.E0,0.E0);
#626=(NAMED_UNIT(*)PLANE_ANGLE_UNIT()SI_UNIT($,.RADIAN.));
#627=PLANE_ANGLE_MEASURE_WITH_UNIT(PLANE_ANGLE_MEASURE(1.745329251994E-2),#626);
#628=(CONVERSION_BASED_UNIT('DEGREE',#627)NAMED_UNIT(#625)PLANE_ANGLE_UNIT());
#629=(NAMED_UNIT(*)SI_UNIT($,.STERADIAN.)SOLID_ANGLE_UNIT());
#630=UNCERTAINTY_MEASURE_WITH_UNIT(LENGTH_MEASURE(2.044528581089E-3),#624,
'closure',
'Maximum model space distance between geometric entities at asserted connectivities');
#631=(GEOMETRIC_REPRESENTATION_CONTEXT(3)GLOBAL_UNCERTAINTY_ASSIGNED_CONTEXT((
#630))GLOBAL_UNIT_ASSIGNED_CONTEXT((#624,#628,#629))REPRESENTATION_CONTEXT
('ID1','3'));
#632=CARTESIAN_POINT('',(0.E0,0.E0,0.E0));
#633=DIRECTION('',(0.E0,0.E0,1.E0));
#634=DIRECTION('',(1.E0,0.E0,0.E0));
#637=APPLICATION_CONTEXT(
'CONFIGURATION CONTROLLED 3D DESIGNS OF MECHANICAL PARTS AND ASSEMBLIES');
#638=APPLICATION_PROTOCOL_DEFINITION('international standard',
'config_control_design',1994,#637);
#639=DESIGN_CONTEXT('',#637,'design');
#640=MECHANICAL_CONTEXT('',#637,'mechanical');
#641=PRODUCT('ANTENNA_PCB_COVER_ANY_PRT','ANTENNA_PCB_COVER_ANY_PRT',
'NOT SPECIFIED',(#640));
#642=PRODUCT_DEFINITION_FORMATION_WITH_SPECIFIED_SOURCE('1','LAST_VERSION',#641,
.MADE.);
#651=CARTESIAN_POINT('',(2.437542E1,1.8178276E1,-1.8E0));
#652=DIRECTION('',(1.E0,0.E0,0.E0));
#653=DIRECTION('',(0.E0,-1.E0,0.E0));
#654=AXIS2_PLACEMENT_3D('',#651,#652,#653);
#655=ITEM_DEFINED_TRANSFORMATION('','',#635,#654);
#656=CARTESIAN_POINT('',(0.E0,0.E0,0.E0));
#657=DIRECTION('',(0.E0,0.E0,1.E0));
#658=DIRECTION('',(1.E0,0.E0,0.E0));
#660=(REPRESENTATION_RELATIONSHIP('','',#636,#648)REPRESENTATION_RELATIONSHIP_WITH_TRANSFORMATION(#655)SHAPE_REPRESENTATION_RELATIONSHIP());
#661=CONTEXT_DEPENDENT_SHAPE_REPRESENTATION(#660,#650);
#663=DIRECTION('',(0.E0,-1.E0,0.E0));
#664=VECTOR('',#663,1.7E0);
#665=CARTESIAN_POINT('',(0.E0,-4.5E0,4.5E-1));
#666=LINE('',#665,#664);
#667=CARTESIAN_POINT('',(0.E0,-6.3E0,0.E0));
#668=DIRECTION('',(0.E0,1.E0,0.E0));
#669=DIRECTION('',(0.E0,0.E0,1.E0));
#670=AXIS2_PLACEMENT_3D('',#667,#668,#669);
#672=DIRECTION('',(0.E0,-7.071067811865E-1,-7.071067811865E-1));
#673=VECTOR('',#672,1.414213562373E-1);
#674=CARTESIAN_POINT('',(0.E0,-6.2E0,4.5E-1));
#675=LINE('',#674,#673);
#676=CARTESIAN_POINT('',(0.E0,-6.2E0,0.E0));
#677=DIRECTION('',(0.E0,-1.E0,0.E0));
#678=DIRECTION('',(0.E0,0.E0,-1.E0));
#679=AXIS2_PLACEMENT_3D('',#676,#677,#678);
#681=DIRECTION('',(0.E0,-7.071067811865E-1,7.071067811865E-1));
#682=VECTOR('',#681,1.414213562373E-1);
#683=CARTESIAN_POINT('',(0.E0,-6.2E0,-4.5E-1));
#684=LINE('',#683,#682);
#685=CARTESIAN_POINT('',(0.E0,-6.2E0,0.E0));
#686=DIRECTION('',(0.E0,-1.E0,0.E0));
#687=DIRECTION('',(0.E0,0.E0,1.E0));
#688=AXIS2_PLACEMENT_3D('',#685,#686,#687);
#690=CARTESIAN_POINT('',(0.E0,-6.3E0,0.E0));
#691=DIRECTION('',(0.E0,1.E0,0.E0));
#692=DIRECTION('',(0.E0,0.E0,-1.E0));
#693=AXIS2_PLACEMENT_3D('',#690,#691,#692);
#695=DIRECTION('',(0.E0,-1.E0,0.E0));
#696=VECTOR('',#695,1.7E0);
#697=CARTESIAN_POINT('',(0.E0,-4.5E0,-4.5E-1));
#698=LINE('',#697,#696);
#699=CARTESIAN_POINT('',(0.E0,-4.5E0,0.E0));
#700=DIRECTION('',(0.E0,1.E0,0.E0));
#701=DIRECTION('',(0.E0,0.E0,-1.E0));
#702=AXIS2_PLACEMENT_3D('',#699,#700,#701);
#704=CARTESIAN_POINT('',(0.E0,-4.5E0,0.E0));
#705=DIRECTION('',(0.E0,1.E0,0.E0));
#706=DIRECTION('',(0.E0,0.E0,1.E0));
#707=AXIS2_PLACEMENT_3D('',#704,#705,#706);
#709=DIRECTION('',(0.E0,-1.E0,0.E0));
#710=VECTOR('',#709,4.E0);
#711=CARTESIAN_POINT('',(0.E0,-5.E-1,-6.E-1));
#712=LINE('',#711,#710);
#713=CARTESIAN_POINT('',(0.E0,-4.5E0,0.E0));
#714=DIRECTION('',(0.E0,1.E0,0.E0));
#715=DIRECTION('',(0.E0,0.E0,-1.E0));
#716=AXIS2_PLACEMENT_3D('',#713,#714,#715);
#718=CARTESIAN_POINT('',(0.E0,-4.5E0,0.E0));
#719=DIRECTION('',(0.E0,1.E0,0.E0));
#720=DIRECTION('',(0.E0,0.E0,1.E0));
#721=AXIS2_PLACEMENT_3D('',#718,#719,#720);
#723=DIRECTION('',(0.E0,-1.E0,0.E0));
#724=VECTOR('',#723,4.E0);
#725=CARTESIAN_POINT('',(0.E0,-5.E-1,6.E-1));
#726=LINE('',#725,#724);
#727=CARTESIAN_POINT('',(0.E0,-5.E-1,0.E0));
#728=DIRECTION('',(0.E0,-1.E0,0.E0));
#729=DIRECTION('',(0.E0,0.E0,-1.E0));
#730=AXIS2_PLACEMENT_3D('',#727,#728,#729);
#732=CARTESIAN_POINT('',(0.E0,-5.E-1,0.E0));
#733=DIRECTION('',(0.E0,-1.E0,0.E0));
#734=DIRECTION('',(0.E0,0.E0,1.E0));
#735=AXIS2_PLACEMENT_3D('',#732,#733,#734);
#737=CARTESIAN_POINT('',(0.E0,-5.E-1,0.E0));
#738=DIRECTION('',(0.E0,1.E0,0.E0));
#739=DIRECTION('',(0.E0,0.E0,-1.E0));
#740=AXIS2_PLACEMENT_3D('',#737,#738,#739);
#742=CARTESIAN_POINT('',(0.E0,-5.E-1,0.E0));
#743=DIRECTION('',(0.E0,1.E0,0.E0));
#744=DIRECTION('',(0.E0,0.E0,1.E0));
#745=AXIS2_PLACEMENT_3D('',#742,#743,#744);
#747=DIRECTION('',(0.E0,-1.E0,0.E0));
#748=VECTOR('',#747,5.E-1);
#749=CARTESIAN_POINT('',(0.E0,0.E0,1.E0));
#750=LINE('',#749,#748);
#751=CARTESIAN_POINT('',(0.E0,0.E0,0.E0));
#752=DIRECTION('',(0.E0,-1.E0,0.E0));
#753=DIRECTION('',(0.E0,0.E0,-1.E0));
#754=AXIS2_PLACEMENT_3D('',#751,#752,#753);
#756=DIRECTION('',(0.E0,-1.E0,0.E0));
#757=VECTOR('',#756,5.E-1);
#758=CARTESIAN_POINT('',(0.E0,0.E0,-1.E0));
#759=LINE('',#758,#757);
#760=CARTESIAN_POINT('',(0.E0,0.E0,0.E0));
#761=DIRECTION('',(0.E0,-1.E0,0.E0));
#762=DIRECTION('',(0.E0,0.E0,1.E0));
#763=AXIS2_PLACEMENT_3D('',#760,#761,#762);
#765=CARTESIAN_POINT('',(0.E0,-6.3E0,3.5E-1));
#766=CARTESIAN_POINT('',(0.E0,-6.3E0,-3.5E-1));
#767=VERTEX_POINT('',#765);
#768=VERTEX_POINT('',#766);
#769=CARTESIAN_POINT('',(0.E0,-6.2E0,-4.5E-1));
#770=VERTEX_POINT('',#769);
#771=CARTESIAN_POINT('',(0.E0,-6.2E0,4.5E-1));
#772=VERTEX_POINT('',#771);
#773=CARTESIAN_POINT('',(0.E0,0.E0,1.E0));
#774=CARTESIAN_POINT('',(0.E0,-5.E-1,1.E0));
#775=VERTEX_POINT('',#773);
#776=VERTEX_POINT('',#774);
#777=CARTESIAN_POINT('',(0.E0,-4.5E0,-6.E-1));
#778=CARTESIAN_POINT('',(0.E0,-4.5E0,6.E-1));
#779=VERTEX_POINT('',#777);
#780=VERTEX_POINT('',#778);
#781=CARTESIAN_POINT('',(0.E0,-5.E-1,-6.E-1));
#782=VERTEX_POINT('',#781);
#783=CARTESIAN_POINT('',(0.E0,-5.E-1,6.E-1));
#784=VERTEX_POINT('',#783);
#785=CARTESIAN_POINT('',(0.E0,-5.E-1,-1.E0));
#786=VERTEX_POINT('',#785);
#787=CARTESIAN_POINT('',(0.E0,-4.5E0,-4.5E-1));
#788=VERTEX_POINT('',#787);
#789=CARTESIAN_POINT('',(0.E0,-4.5E0,4.5E-1));
#790=VERTEX_POINT('',#789);
#791=CARTESIAN_POINT('',(0.E0,0.E0,-1.E0));
#792=VERTEX_POINT('',#791);
#793=CARTESIAN_POINT('',(0.E0,-6.3E0,0.E0));
#794=DIRECTION('',(0.E0,1.E0,0.E0));
#795=DIRECTION('',(0.E0,0.E0,1.E0));
#796=AXIS2_PLACEMENT_3D('',#793,#794,#795);
#797=CYLINDRICAL_SURFACE('',#796,4.5E-1);
#799=ORIENTED_EDGE('',*,*,#798,.T.);
#801=ORIENTED_EDGE('',*,*,#800,.F.);
#803=ORIENTED_EDGE('',*,*,#802,.T.);
#805=ORIENTED_EDGE('',*,*,#804,.T.);
#806=EDGE_LOOP('',(#799,#801,#803,#805));
#807=FACE_OUTER_BOUND('',#806,.F.);
#808=ADVANCED_FACE('',(#807),#797,.T.);
#809=CARTESIAN_POINT('',(0.E0,-6.25E0,0.E0));
#810=DIRECTION('',(0.E0,1.E0,0.E0));
#811=DIRECTION('',(0.E0,0.E0,1.E0));
#812=AXIS2_PLACEMENT_3D('',#809,#810,#811);
#813=CONICAL_SURFACE('',#812,4.E-1,4.5E1);
#815=ORIENTED_EDGE('',*,*,#814,.F.);
#817=ORIENTED_EDGE('',*,*,#816,.F.);
#818=ORIENTED_EDGE('',*,*,#798,.F.);
#820=ORIENTED_EDGE('',*,*,#819,.T.);
#821=EDGE_LOOP('',(#815,#817,#818,#820));
#822=FACE_OUTER_BOUND('',#821,.F.);
#823=ADVANCED_FACE('',(#822),#813,.T.);
#824=CARTESIAN_POINT('',(0.E0,-6.3E0,0.E0));
#825=DIRECTION('',(0.E0,-1.E0,0.E0));
#826=DIRECTION('',(0.E0,0.E0,-1.E0));
#827=AXIS2_PLACEMENT_3D('',#824,#825,#826);
#828=PLANE('',#827);
#830=ORIENTED_EDGE('',*,*,#829,.T.);
#831=ORIENTED_EDGE('',*,*,#814,.T.);
#832=EDGE_LOOP('',(#830,#831));
#833=FACE_OUTER_BOUND('',#832,.F.);
#834=ADVANCED_FACE('',(#833),#828,.T.);
#835=CARTESIAN_POINT('',(0.E0,-6.25E0,0.E0));
#836=DIRECTION('',(0.E0,1.E0,0.E0));
#837=DIRECTION('',(0.E0,0.E0,1.E0));
#838=AXIS2_PLACEMENT_3D('',#835,#836,#837);
#839=CONICAL_SURFACE('',#838,4.E-1,4.5E1);
#840=ORIENTED_EDGE('',*,*,#819,.F.);
#842=ORIENTED_EDGE('',*,*,#841,.F.);
#843=ORIENTED_EDGE('',*,*,#816,.T.);
#844=ORIENTED_EDGE('',*,*,#829,.F.);
#845=EDGE_LOOP('',(#840,#842,#843,#844));
#846=FACE_OUTER_BOUND('',#845,.F.);
#847=ADVANCED_FACE('',(#846),#839,.T.);
#848=CARTESIAN_POINT('',(0.E0,-6.3E0,0.E0));
#849=DIRECTION('',(0.E0,1.E0,0.E0));
#850=DIRECTION('',(0.E0,0.E0,1.E0));
#851=AXIS2_PLACEMENT_3D('',#848,#849,#850);
#852=CYLINDRICAL_SURFACE('',#851,4.5E-1);
#853=ORIENTED_EDGE('',*,*,#804,.F.);
#855=ORIENTED_EDGE('',*,*,#854,.T.);
#856=ORIENTED_EDGE('',*,*,#800,.T.);
#857=ORIENTED_EDGE('',*,*,#841,.T.);
#858=EDGE_LOOP('',(#853,#855,#856,#857));
#859=FACE_OUTER_BOUND('',#858,.F.);
#860=ADVANCED_FACE('',(#859),#852,.T.);
#861=CARTESIAN_POINT('',(0.E0,-4.5E0,0.E0));
#862=DIRECTION('',(0.E0,-1.E0,0.E0));
#863=DIRECTION('',(0.E0,0.E0,-1.E0));
#864=AXIS2_PLACEMENT_3D('',#861,#862,#863);
#865=PLANE('',#864);
#867=ORIENTED_EDGE('',*,*,#866,.T.);
#869=ORIENTED_EDGE('',*,*,#868,.T.);
#870=EDGE_LOOP('',(#867,#869));
#871=FACE_OUTER_BOUND('',#870,.F.);
#872=ORIENTED_EDGE('',*,*,#854,.F.);
#873=ORIENTED_EDGE('',*,*,#802,.F.);
#874=EDGE_LOOP('',(#872,#873));
#875=FACE_BOUND('',#874,.F.);
#876=ADVANCED_FACE('',(#871,#875),#865,.T.);
#877=CARTESIAN_POINT('',(0.E0,-4.5E0,0.E0));
#878=DIRECTION('',(0.E0,1.E0,0.E0));
#879=DIRECTION('',(0.E0,0.E0,1.E0));
#880=AXIS2_PLACEMENT_3D('',#877,#878,#879);
#881=CYLINDRICAL_SURFACE('',#880,6.E-1);
#883=ORIENTED_EDGE('',*,*,#882,.F.);
#885=ORIENTED_EDGE('',*,*,#884,.T.);
#887=ORIENTED_EDGE('',*,*,#886,.T.);
#888=ORIENTED_EDGE('',*,*,#866,.F.);
#889=EDGE_LOOP('',(#883,#885,#887,#888));
#890=FACE_OUTER_BOUND('',#889,.F.);
#891=ADVANCED_FACE('',(#890),#881,.T.);
#892=CARTESIAN_POINT('',(0.E0,-4.5E0,0.E0));
#893=DIRECTION('',(0.E0,1.E0,0.E0));
#894=DIRECTION('',(0.E0,0.E0,1.E0));
#895=AXIS2_PLACEMENT_3D('',#892,#893,#894);
#896=CYLINDRICAL_SURFACE('',#895,6.E-1);
#897=ORIENTED_EDGE('',*,*,#868,.F.);
#898=ORIENTED_EDGE('',*,*,#886,.F.);
#900=ORIENTED_EDGE('',*,*,#899,.T.);
#901=ORIENTED_EDGE('',*,*,#882,.T.);
#902=EDGE_LOOP('',(#897,#898,#900,#901));
#903=FACE_OUTER_BOUND('',#902,.F.);
#904=ADVANCED_FACE('',(#903),#896,.T.);
#905=CARTESIAN_POINT('',(0.E0,-5.E-1,0.E0));
#906=DIRECTION('',(0.E0,1.E0,0.E0));
#907=DIRECTION('',(0.E0,0.E0,1.E0));
#908=AXIS2_PLACEMENT_3D('',#905,#906,#907);
#909=PLANE('',#908);
#911=ORIENTED_EDGE('',*,*,#910,.F.);
#913=ORIENTED_EDGE('',*,*,#912,.F.);
#914=EDGE_LOOP('',(#911,#913));
#915=FACE_OUTER_BOUND('',#914,.F.);
#916=ORIENTED_EDGE('',*,*,#884,.F.);
#917=ORIENTED_EDGE('',*,*,#899,.F.);
#918=EDGE_LOOP('',(#916,#917));
#919=FACE_BOUND('',#918,.F.);
#920=ADVANCED_FACE('',(#915,#919),#909,.F.);
#921=CARTESIAN_POINT('',(0.E0,-5.E-1,0.E0));
#922=DIRECTION('',(0.E0,1.E0,0.E0));
#923=DIRECTION('',(0.E0,0.E0,1.E0));
#924=AXIS2_PLACEMENT_3D('',#921,#922,#923);
#925=CYLINDRICAL_SURFACE('',#924,1.E0);
#926=ORIENTED_EDGE('',*,*,#910,.T.);
#928=ORIENTED_EDGE('',*,*,#927,.F.);
#930=ORIENTED_EDGE('',*,*,#929,.F.);
#932=ORIENTED_EDGE('',*,*,#931,.T.);
#933=EDGE_LOOP('',(#926,#928,#930,#932));
#934=FACE_OUTER_BOUND('',#933,.F.);
#935=ADVANCED_FACE('',(#934),#925,.T.);
#936=CARTESIAN_POINT('',(0.E0,-5.E-1,0.E0));
#937=DIRECTION('',(0.E0,1.E0,0.E0));
#938=DIRECTION('',(0.E0,0.E0,1.E0));
#939=AXIS2_PLACEMENT_3D('',#936,#937,#938);
#940=CYLINDRICAL_SURFACE('',#939,1.E0);
#941=ORIENTED_EDGE('',*,*,#931,.F.);
#943=ORIENTED_EDGE('',*,*,#942,.F.);
#944=ORIENTED_EDGE('',*,*,#927,.T.);
#945=ORIENTED_EDGE('',*,*,#912,.T.);
#946=EDGE_LOOP('',(#941,#943,#944,#945));
#947=FACE_OUTER_BOUND('',#946,.F.);
#948=ADVANCED_FACE('',(#947),#940,.T.);
#949=CARTESIAN_POINT('',(0.E0,0.E0,0.E0));
#950=DIRECTION('',(0.E0,1.E0,0.E0));
#951=DIRECTION('',(0.E0,0.E0,1.E0));
#952=AXIS2_PLACEMENT_3D('',#949,#950,#951);
#953=PLANE('',#952);
#954=ORIENTED_EDGE('',*,*,#929,.T.);
#955=ORIENTED_EDGE('',*,*,#942,.T.);
#956=EDGE_LOOP('',(#954,#955));
#957=FACE_OUTER_BOUND('',#956,.F.);
#958=ADVANCED_FACE('',(#957),#953,.T.);
#959=CLOSED_SHELL('',(#808,#823,#834,#847,#860,#876,#891,#904,#920,#935,#948,
#958));
#960=MANIFOLD_SOLID_BREP('',#959);
#961=(LENGTH_UNIT()NAMED_UNIT(*)SI_UNIT(.MILLI.,.METRE.));
#962=DIMENSIONAL_EXPONENTS(0.E0,0.E0,0.E0,0.E0,0.E0,0.E0,0.E0);
#963=(NAMED_UNIT(*)PLANE_ANGLE_UNIT()SI_UNIT($,.RADIAN.));
#964=PLANE_ANGLE_MEASURE_WITH_UNIT(PLANE_ANGLE_MEASURE(1.745329251994E-2),#963);
#965=(CONVERSION_BASED_UNIT('DEGREE',#964)NAMED_UNIT(#962)PLANE_ANGLE_UNIT());
#966=(NAMED_UNIT(*)SI_UNIT($,.STERADIAN.)SOLID_ANGLE_UNIT());
#967=UNCERTAINTY_MEASURE_WITH_UNIT(LENGTH_MEASURE(6.906099021116E-4),#961,
'closure',
'Maximum model space distance between geometric entities at asserted connectivities');
#968=(GEOMETRIC_REPRESENTATION_CONTEXT(3)GLOBAL_UNCERTAINTY_ASSIGNED_CONTEXT((
#967))GLOBAL_UNIT_ASSIGNED_CONTEXT((#961,#965,#966))REPRESENTATION_CONTEXT
('ID2','3'));
#969=CARTESIAN_POINT('',(0.E0,0.E0,0.E0));
#970=DIRECTION('',(0.E0,0.E0,1.E0));
#971=DIRECTION('',(1.E0,0.E0,0.E0));
#974=MECHANICAL_CONTEXT('',#637,'mechanical');
#975=PRODUCT('_V_L_ANY_PRT','_V_L_ANY_PRT','NOT SPECIFIED',(#974));
#976=PRODUCT_DEFINITION_FORMATION_WITH_SPECIFIED_SOURCE('1','LAST_VERSION',#975,
.MADE.);
#982=CARTESIAN_POINT('',(1.654542E1,1.1628276E1,4.51E0));
#983=DIRECTION('',(6.995121153784E-1,7.146207388810E-1,0.E0));
#984=DIRECTION('',(-7.146207388810E-1,6.995121153784E-1,0.E0));
#985=AXIS2_PLACEMENT_3D('',#982,#983,#984);
#986=ITEM_DEFINED_TRANSFORMATION('','',#972,#985);
#987=CARTESIAN_POINT('',(0.E0,0.E0,0.E0));
#988=DIRECTION('',(0.E0,0.E0,1.E0));
#989=DIRECTION('',(1.E0,0.E0,0.E0));
#991=(REPRESENTATION_RELATIONSHIP('','',#973,#648)REPRESENTATION_RELATIONSHIP_WITH_TRANSFORMATION(#986)SHAPE_REPRESENTATION_RELATIONSHIP());
#992=CONTEXT_DEPENDENT_SHAPE_REPRESENTATION(#991,#981);
#994=CARTESIAN_POINT('',(9.5E0,0.E0,-6.8E0));
#995=DIRECTION('',(0.E0,1.E0,0.E0));
#996=DIRECTION('',(0.E0,0.E0,1.E0));
#997=AXIS2_PLACEMENT_3D('',#994,#995,#996);
#999=CARTESIAN_POINT('',(9.5E0,0.E0,-6.8E0));
#1000=DIRECTION('',(0.E0,1.E0,0.E0));
#1001=DIRECTION('',(0.E0,0.E0,-1.E0));
#1002=AXIS2_PLACEMENT_3D('',#999,#1000,#1001);
#1004=DIRECTION('',(0.E0,1.E0,0.E0));
#1005=VECTOR('',#1004,5.E-3);
#1006=CARTESIAN_POINT('',(9.5E0,0.E0,-5.05E0));
#1007=LINE('',#1006,#1005);
#1008=CARTESIAN_POINT('',(9.5E0,5.E-3,-6.8E0));
#1009=DIRECTION('',(0.E0,-1.E0,0.E0));
#1010=DIRECTION('',(0.E0,0.E0,-1.E0));
#1011=AXIS2_PLACEMENT_3D('',#1008,#1009,#1010);
#1013=CARTESIAN_POINT('',(9.5E0,5.E-3,-6.8E0));
#1014=DIRECTION('',(0.E0,-1.E0,0.E0));
#1015=DIRECTION('',(0.E0,0.E0,1.E0));
#1016=AXIS2_PLACEMENT_3D('',#1013,#1014,#1015);
#1018=CARTESIAN_POINT('',(9.5E0,5.E-3,-6.8E0));
#1019=DIRECTION('',(0.E0,-1.E0,0.E0));
#1020=DIRECTION('',(0.E0,0.E0,-1.E0));
#1021=AXIS2_PLACEMENT_3D('',#1018,#1019,#1020);
#1023=CARTESIAN_POINT('',(9.5E0,5.E-3,-6.8E0));
#1024=DIRECTION('',(0.E0,-1.E0,0.E0));
#1025=DIRECTION('',(0.E0,0.E0,1.E0));
#1026=AXIS2_PLACEMENT_3D('',#1023,#1024,#1025);
#1028=DIRECTION('',(0.E0,-1.E0,0.E0));
#1029=VECTOR('',#1028,5.E-3);
#1030=CARTESIAN_POINT('',(9.5E0,1.E-2,-5.25E0));
#1031=LINE('',#1030,#1029);
#1032=CARTESIAN_POINT('',(9.5E0,1.E-2,-6.8E0));
#1033=DIRECTION('',(0.E0,-1.E0,0.E0));
#1034=DIRECTION('',(0.E0,0.E0,-1.E0));
#1035=AXIS2_PLACEMENT_3D('',#1032,#1033,#1034);
#1037=DIRECTION('',(0.E0,-1.E0,-3.552713678800E-13));
#1038=VECTOR('',#1037,5.E-3);
#1039=CARTESIAN_POINT('',(9.5E0,1.E-2,-8.35E0));
#1040=LINE('',#1039,#1038);
#1041=CARTESIAN_POINT('',(9.5E0,1.E-2,-6.8E0));
#1042=DIRECTION('',(0.E0,-1.E0,0.E0));
#1043=DIRECTION('',(0.E0,0.E0,1.E0));
#1044=AXIS2_PLACEMENT_3D('',#1041,#1042,#1043);
#1046=CARTESIAN_POINT('',(9.5E0,1.E-2,-6.8E0));
#1047=DIRECTION('',(0.E0,-1.E0,0.E0));
#1048=DIRECTION('',(0.E0,0.E0,-1.E0));
#1049=AXIS2_PLACEMENT_3D('',#1046,#1047,#1048);
#1051=CARTESIAN_POINT('',(9.5E0,1.E-2,-6.8E0));
#1052=DIRECTION('',(0.E0,-1.E0,0.E0));
#1053=DIRECTION('',(0.E0,0.E0,1.E0));
#1054=AXIS2_PLACEMENT_3D('',#1051,#1052,#1053);
#1056=DIRECTION('',(0.E0,6.427876096865E-1,7.660444431190E-1));
#1057=VECTOR('',#1056,7.778619134302E-1);
#1058=CARTESIAN_POINT('',(9.5E0,1.E-2,-8.3E0));
#1059=LINE('',#1058,#1057);
#1060=CARTESIAN_POINT('',(9.5E0,5.1E-1,-6.8E0));
#1061=DIRECTION('',(0.E0,-1.E0,0.E0));
#1062=DIRECTION('',(0.E0,0.E0,-1.E0));
#1063=AXIS2_PLACEMENT_3D('',#1060,#1061,#1062);
#1065=CARTESIAN_POINT('',(9.5E0,5.1E-1,-6.8E0));
#1066=DIRECTION('',(0.E0,-1.E0,0.E0));
#1067=DIRECTION('',(0.E0,0.E0,1.E0));
#1068=AXIS2_PLACEMENT_3D('',#1065,#1066,#1067);
#1070=DIRECTION('',(0.E0,6.427876096865E-1,-7.660444431190E-1));
#1071=VECTOR('',#1070,7.778619134302E-1);
#1072=CARTESIAN_POINT('',(9.5E0,1.E-2,-5.3E0));
#1073=LINE('',#1072,#1071);
#1074=DIRECTION('',(0.E0,1.736481776669E-1,-9.848077530122E-1));
#1075=VECTOR('',#1074,9.180707614633E-1);
#1076=CARTESIAN_POINT('',(9.5E0,5.1E-1,-5.895876796297E0));
#1077=LINE('',#1076,#1075);
#1078=DIRECTION('',(0.E0,1.736481776669E-1,9.848077530122E-1));
#1079=VECTOR('',#1078,9.180707614633E-1);
#1080=CARTESIAN_POINT('',(9.5E0,5.1E-1,-7.704123203703E0));
#1081=LINE('',#1080,#1079);
#1082=DIRECTION('',(0.E0,1.E0,0.E0));
#1083=VECTOR('',#1082,5.E-3);
#1084=CARTESIAN_POINT('',(9.5E0,0.E0,-8.55E0));
#1085=LINE('',#1084,#1083);
#1086=CARTESIAN_POINT('',(5.E0,0.E0,-1.2E1));
#1087=DIRECTION('',(0.E0,-1.E0,0.E0));
#1088=DIRECTION('',(-1.E0,0.E0,1.681325403548E-14));
#1089=AXIS2_PLACEMENT_3D('',#1086,#1087,#1088);
#1091=DIRECTION('',(7.071067811865E-1,7.071067811865E-1,1.884110950421E-14));
#1092=VECTOR('',#1091,5.656854249492E-1);
#1093=CARTESIAN_POINT('',(2.17E0,-4.E-1,-1.2E1));
#1094=LINE('',#1093,#1092);
#1095=DIRECTION('',(1.E0,0.E0,0.E0));
#1096=VECTOR('',#1095,9.E0);
#1097=CARTESIAN_POINT('',(5.E0,0.E0,-1.443E1));
#1098=LINE('',#1097,#1096);
#1099=DIRECTION('',(0.E0,7.071067811865E-1,7.071067811865E-1));
#1100=VECTOR('',#1099,5.656854249492E-1);
#1101=CARTESIAN_POINT('',(5.E0,-4.E-1,-1.483E1));
#1102=LINE('',#1101,#1100);
#1103=CARTESIAN_POINT('',(1.4E1,0.E0,-1.2E1));
#1104=DIRECTION('',(0.E0,-1.E0,0.E0));
#1105=DIRECTION('',(0.E0,0.E0,-1.E0));
#1106=AXIS2_PLACEMENT_3D('',#1103,#1104,#1105);
#1108=DIRECTION('',(1.256073966947E-14,7.071067811865E-1,7.071067811865E-1));
#1109=VECTOR('',#1108,5.656854249492E-1);
#1110=CARTESIAN_POINT('',(1.4E1,-4.E-1,-1.483E1));
#1111=LINE('',#1110,#1109);
#1112=DIRECTION('',(-7.071067811865E-1,7.071067811865E-1,0.E0));
#1113=VECTOR('',#1112,5.656854249492E-1);
#1114=CARTESIAN_POINT('',(1.683E1,-4.E-1,-1.2E1));
#1115=LINE('',#1114,#1113);
#1116=DIRECTION('',(7.071067811865E-1,-7.071067811865E-1,-2.355138688026E-14));
#1117=VECTOR('',#1116,5.656854249492E-1);
#1118=CARTESIAN_POINT('',(1.643E1,0.E0,-3.E0));
#1119=LINE('',#1118,#1117);
#1120=DIRECTION('',(0.E0,0.E0,1.E0));
#1121=VECTOR('',#1120,9.E0);
#1122=CARTESIAN_POINT('',(1.643E1,0.E0,-1.2E1));
#1123=LINE('',#1122,#1121);
#1124=CARTESIAN_POINT('',(6.E0,-4.E-1,-4.E0));
#1125=DIRECTION('',(0.E0,-1.E0,0.E0));
#1126=DIRECTION('',(0.E0,0.E0,1.E0));
#1127=AXIS2_PLACEMENT_3D('',#1124,#1125,#1126);
#1129=DIRECTION('',(-1.E0,0.E0,0.E0));
#1130=VECTOR('',#1129,8.E0);
#1131=CARTESIAN_POINT('',(1.4E1,-4.E-1,-1.7E-1));
#1132=LINE('',#1131,#1130);
#1133=CARTESIAN_POINT('',(1.4E1,-4.E-1,-3.E0));
#1134=DIRECTION('',(0.E0,-1.E0,0.E0));
#1135=DIRECTION('',(1.E0,0.E0,-1.427990038740E-14));
#1136=AXIS2_PLACEMENT_3D('',#1133,#1134,#1135);
#1138=DIRECTION('',(0.E0,0.E0,1.E0));
#1139=VECTOR('',#1138,9.E0);
#1140=CARTESIAN_POINT('',(1.683E1,-4.E-1,-1.2E1));
#1141=LINE('',#1140,#1139);
#1142=CARTESIAN_POINT('',(1.4E1,-4.E-1,-1.2E1));
#1143=DIRECTION('',(0.E0,-1.E0,0.E0));
#1144=DIRECTION('',(0.E0,0.E0,-1.E0));
#1145=AXIS2_PLACEMENT_3D('',#1142,#1143,#1144);
#1147=DIRECTION('',(1.E0,0.E0,0.E0));
#1148=VECTOR('',#1147,9.E0);
#1149=CARTESIAN_POINT('',(5.E0,-4.E-1,-1.483E1));
#1150=LINE('',#1149,#1148);
#1151=CARTESIAN_POINT('',(5.E0,-4.E-1,-1.2E1));
#1152=DIRECTION('',(0.E0,-1.E0,0.E0));
#1153=DIRECTION('',(-1.E0,0.E0,0.E0));
#1154=AXIS2_PLACEMENT_3D('',#1151,#1152,#1153);
#1156=DIRECTION('',(0.E0,0.E0,-1.E0));
#1157=VECTOR('',#1156,8.E0);
#1158=CARTESIAN_POINT('',(2.17E0,-4.E-1,-4.E0));
#1159=LINE('',#1158,#1157);
#1160=DIRECTION('',(0.E0,-1.E0,0.E0));
#1161=VECTOR('',#1160,3.2E0);
#1162=CARTESIAN_POINT('',(1.4E1,-4.E-1,0.E0));
#1163=LINE('',#1162,#1161);
#1164=CARTESIAN_POINT('',(1.4E1,-4.E-1,-3.E0));
#1165=DIRECTION('',(0.E0,-1.E0,0.E0));
#1166=DIRECTION('',(1.E0,0.E0,0.E0));
#1167=AXIS2_PLACEMENT_3D('',#1164,#1165,#1166);
#1169=DIRECTION('',(0.E0,-1.E0,0.E0));
#1170=VECTOR('',#1169,3.2E0);
#1171=CARTESIAN_POINT('',(1.7E1,-4.E-1,-3.E0));
#1172=LINE('',#1171,#1170);
#1173=DIRECTION('',(0.E0,0.E0,1.E0));
#1174=VECTOR('',#1173,9.E0);
#1175=CARTESIAN_POINT('',(1.7E1,-4.E-1,-1.2E1));
#1176=LINE('',#1175,#1174);
#1177=DIRECTION('',(0.E0,-1.E0,0.E0));
#1178=VECTOR('',#1177,3.2E0);
#1179=CARTESIAN_POINT('',(1.7E1,-4.E-1,-1.2E1));
#1180=LINE('',#1179,#1178);
#1181=CARTESIAN_POINT('',(1.4E1,-4.E-1,-1.2E1));
#1182=DIRECTION('',(0.E0,-1.E0,0.E0));
#1183=DIRECTION('',(0.E0,0.E0,-1.E0));
#1184=AXIS2_PLACEMENT_3D('',#1181,#1182,#1183);
#1186=DIRECTION('',(0.E0,-1.E0,0.E0));
#1187=VECTOR('',#1186,3.2E0);
#1188=CARTESIAN_POINT('',(1.4E1,-4.E-1,-1.5E1));
#1189=LINE('',#1188,#1187);
#1190=DIRECTION('',(1.E0,0.E0,0.E0));
#1191=VECTOR('',#1190,9.E0);
#1192=CARTESIAN_POINT('',(5.E0,-4.E-1,-1.5E1));
#1193=LINE('',#1192,#1191);
#1194=DIRECTION('',(0.E0,-1.E0,0.E0));
#1195=VECTOR('',#1194,3.2E0);
#1196=CARTESIAN_POINT('',(5.E0,-4.E-1,-1.5E1));
#1197=LINE('',#1196,#1195);
#1198=CARTESIAN_POINT('',(5.E0,-4.E-1,-1.2E1));
#1199=DIRECTION('',(0.E0,-1.E0,0.E0));
#1200=DIRECTION('',(-1.E0,0.E0,0.E0));
#1201=AXIS2_PLACEMENT_3D('',#1198,#1199,#1200);
#1203=DIRECTION('',(0.E0,-1.E0,0.E0));
#1204=VECTOR('',#1203,3.2E0);
#1205=CARTESIAN_POINT('',(2.E0,-4.E-1,-1.2E1));
#1206=LINE('',#1205,#1204);
#1207=DIRECTION('',(0.E0,0.E0,-1.E0));
#1208=VECTOR('',#1207,8.E0);
#1209=CARTESIAN_POINT('',(2.E0,-4.E-1,-4.E0));
#1210=LINE('',#1209,#1208);
#1211=DIRECTION('',(0.E0,-1.E0,0.E0));
#1212=VECTOR('',#1211,3.2E0);
#1213=CARTESIAN_POINT('',(2.E0,-4.E-1,-4.E0));
#1214=LINE('',#1213,#1212);
#1215=CARTESIAN_POINT('',(6.E0,-4.E-1,-4.E0));
#1216=DIRECTION('',(0.E0,-1.E0,0.E0));
#1217=DIRECTION('',(0.E0,0.E0,1.E0));
#1218=AXIS2_PLACEMENT_3D('',#1215,#1216,#1217);
#1220=DIRECTION('',(0.E0,-1.E0,0.E0));
#1221=VECTOR('',#1220,3.2E0);
#1222=CARTESIAN_POINT('',(6.E0,-4.E-1,0.E0));
#1223=LINE('',#1222,#1221);
#1224=DIRECTION('',(-1.E0,0.E0,0.E0));
#1225=VECTOR('',#1224,8.E0);
#1226=CARTESIAN_POINT('',(1.4E1,-4.E-1,0.E0));
#1227=LINE('',#1226,#1225);
#1228=CARTESIAN_POINT('',(6.E0,-3.6E0,-4.E0));
#1229=DIRECTION('',(0.E0,-1.E0,0.E0));
#1230=DIRECTION('',(0.E0,0.E0,1.E0));
#1231=AXIS2_PLACEMENT_3D('',#1228,#1229,#1230);
#1233=DIRECTION('',(-1.E0,0.E0,0.E0));
#1234=VECTOR('',#1233,8.E0);
#1235=CARTESIAN_POINT('',(1.4E1,-3.6E0,0.E0));
#1236=LINE('',#1235,#1234);
#1237=CARTESIAN_POINT('',(1.4E1,-3.6E0,-3.E0));
#1238=DIRECTION('',(0.E0,-1.E0,0.E0));
#1239=DIRECTION('',(1.E0,0.E0,0.E0));
#1240=AXIS2_PLACEMENT_3D('',#1237,#1238,#1239);
#1242=DIRECTION('',(0.E0,0.E0,1.E0));
#1243=VECTOR('',#1242,9.E0);
#1244=CARTESIAN_POINT('',(1.7E1,-3.6E0,-1.2E1));
#1245=LINE('',#1244,#1243);
#1246=CARTESIAN_POINT('',(1.4E1,-3.6E0,-1.2E1));
#1247=DIRECTION('',(0.E0,-1.E0,0.E0));
#1248=DIRECTION('',(0.E0,0.E0,-1.E0));
#1249=AXIS2_PLACEMENT_3D('',#1246,#1247,#1248);
#1251=DIRECTION('',(1.E0,0.E0,0.E0));
#1252=VECTOR('',#1251,9.E0);
#1253=CARTESIAN_POINT('',(5.E0,-3.6E0,-1.5E1));
#1254=LINE('',#1253,#1252);
#1255=CARTESIAN_POINT('',(5.E0,-3.6E0,-1.2E1));
#1256=DIRECTION('',(0.E0,-1.E0,0.E0));
#1257=DIRECTION('',(-1.E0,0.E0,0.E0));
#1258=AXIS2_PLACEMENT_3D('',#1255,#1256,#1257);
#1260=DIRECTION('',(0.E0,0.E0,-1.E0));
#1261=VECTOR('',#1260,8.E0);
#1262=CARTESIAN_POINT('',(2.E0,-3.6E0,-4.E0));
#1263=LINE('',#1262,#1261);
#1264=DIRECTION('',(1.E0,0.E0,0.E0));
#1265=VECTOR('',#1264,9.E0);
#1266=CARTESIAN_POINT('',(5.E0,-3.6E0,-1.483E1));
#1267=LINE('',#1266,#1265);
#1268=DIRECTION('',(0.E0,7.071067811865E-1,-7.071067811865E-1));
#1269=VECTOR('',#1268,5.656854249492E-1);
#1270=CARTESIAN_POINT('',(5.E0,-4.E0,-1.443E1));
#1271=LINE('',#1270,#1269);
#1272=DIRECTION('',(-1.E0,0.E0,0.E0));
#1273=VECTOR('',#1272,9.E0);
#1274=CARTESIAN_POINT('',(1.4E1,-4.E0,-1.443E1));
#1275=LINE('',#1274,#1273);
#1276=CARTESIAN_POINT('',(1.4E1,-3.6E0,-1.2E1));
#1277=DIRECTION('',(0.E0,-1.E0,0.E0));
#1278=DIRECTION('',(-1.067069479498E-14,0.E0,-1.E0));
#1279=AXIS2_PLACEMENT_3D('',#1276,#1277,#1278);
#1281=DIRECTION('',(0.E0,7.071067811866E-1,-7.071067811865E-1));
#1282=VECTOR('',#1281,5.656854249492E-1);
#1283=CARTESIAN_POINT('',(1.4E1,-4.E0,-1.443E1));
#1284=LINE('',#1283,#1282);
#1285=CARTESIAN_POINT('',(1.4E1,-4.E0,-1.2E1));
#1286=DIRECTION('',(0.E0,1.E0,0.E0));
#1287=DIRECTION('',(1.E0,0.E0,0.E0));
#1288=AXIS2_PLACEMENT_3D('',#1285,#1286,#1287);
#1290=DIRECTION('',(-7.071067811866E-1,-7.071067811865E-1,2.433643310960E-14));
#1291=VECTOR('',#1290,5.656854249492E-1);
#1292=CARTESIAN_POINT('',(1.683E1,-3.6E0,-3.E0));
#1293=LINE('',#1292,#1291);
#1294=DIRECTION('',(0.E0,0.E0,1.E0));
#1295=VECTOR('',#1294,9.E0);
#1296=CARTESIAN_POINT('',(1.683E1,-3.6E0,-1.2E1));
#1297=LINE('',#1296,#1295);
#1298=DIRECTION('',(7.071067811866E-1,7.071067811865E-1,0.E0));
#1299=VECTOR('',#1298,5.656854249492E-1);
#1300=CARTESIAN_POINT('',(1.643E1,-4.E0,-1.2E1));
#1301=LINE('',#1300,#1299);
#1302=DIRECTION('',(0.E0,0.E0,-1.E0));
#1303=VECTOR('',#1302,9.E0);
#1304=CARTESIAN_POINT('',(1.643E1,-4.E0,-3.E0));
#1305=LINE('',#1304,#1303);
#1306=CARTESIAN_POINT('',(1.4E1,-4.E0,-3.E0));
#1307=DIRECTION('',(0.E0,1.E0,0.E0));
#1308=DIRECTION('',(0.E0,0.E0,1.E0));
#1309=AXIS2_PLACEMENT_3D('',#1306,#1307,#1308);
#1311=DIRECTION('',(0.E0,-7.071067811865E-1,-7.071067811865E-1));
#1312=VECTOR('',#1311,5.656854249492E-1);
#1313=CARTESIAN_POINT('',(1.4E1,-3.6E0,-1.7E-1));
#1314=LINE('',#1313,#1312);
#1315=CARTESIAN_POINT('',(1.4E1,-3.6E0,-3.E0));
#1316=DIRECTION('',(0.E0,-1.E0,0.E0));
#1317=DIRECTION('',(1.E0,0.E0,-1.443682236968E-14));
#1318=AXIS2_PLACEMENT_3D('',#1315,#1316,#1317);
#1320=CARTESIAN_POINT('',(6.E0,-4.E0,-4.E0));
#1321=DIRECTION('',(0.E0,1.E0,0.E0));
#1322=DIRECTION('',(-1.E0,0.E0,-1.398298386700E-14));
#1323=AXIS2_PLACEMENT_3D('',#1320,#1321,#1322);
#1325=DIRECTION('',(7.071067811866E-1,-7.071067811865E-1,-1.099064721079E-14));
#1326=VECTOR('',#1325,5.656854249492E-1);
#1327=CARTESIAN_POINT('',(2.17E0,-3.6E0,-4.E0));
#1328=LINE('',#1327,#1326);
#1329=CARTESIAN_POINT('',(6.E0,-3.6E0,-4.E0));
#1330=DIRECTION('',(0.E0,-1.E0,0.E0));
#1331=DIRECTION('',(0.E0,0.E0,1.E0));
#1332=AXIS2_PLACEMENT_3D('',#1329,#1330,#1331);
#1334=DIRECTION('',(1.E0,0.E0,0.E0));
#1335=VECTOR('',#1334,8.E0);
#1336=CARTESIAN_POINT('',(6.E0,-4.E0,-5.7E-1));
#1337=LINE('',#1336,#1335);
#1338=DIRECTION('',(0.E0,-7.071067811865E-1,-7.071067811865E-1));
#1339=VECTOR('',#1338,5.656854249492E-1);
#1340=CARTESIAN_POINT('',(6.E0,-3.6E0,-1.7E-1));
#1341=LINE('',#1340,#1339);
#1342=DIRECTION('',(-1.E0,0.E0,0.E0));
#1343=VECTOR('',#1342,8.E0);
#1344=CARTESIAN_POINT('',(1.4E1,-3.6E0,-1.7E-1));
#1345=LINE('',#1344,#1343);
#1346=DIRECTION('',(0.E0,0.E0,-1.E0));
#1347=VECTOR('',#1346,8.E0);
#1348=CARTESIAN_POINT('',(2.17E0,-3.6E0,-4.E0));
#1349=LINE('',#1348,#1347);
#1350=DIRECTION('',(0.E0,0.E0,1.E0));
#1351=VECTOR('',#1350,8.E0);
#1352=CARTESIAN_POINT('',(2.57E0,-4.E0,-1.2E1));
#1353=LINE('',#1352,#1351);
#1354=CARTESIAN_POINT('',(5.E0,-3.6E0,-1.2E1));
#1355=DIRECTION('',(0.E0,-1.E0,0.E0));
#1356=DIRECTION('',(-1.E0,0.E0,0.E0));
#1357=AXIS2_PLACEMENT_3D('',#1354,#1355,#1356);
#1359=DIRECTION('',(-7.071067811865E-1,7.071067811865E-1,-3.768221900841E-14));
#1360=VECTOR('',#1359,5.656854249492E-1);
#1361=CARTESIAN_POINT('',(2.57E0,-4.E0,-1.2E1));
#1362=LINE('',#1361,#1360);
#1363=CARTESIAN_POINT('',(5.E0,-4.E0,-1.2E1));
#1364=DIRECTION('',(0.E0,1.E0,0.E0));
#1365=DIRECTION('',(0.E0,0.E0,-1.E0));
#1366=AXIS2_PLACEMENT_3D('',#1363,#1364,#1365);
#1368=DIRECTION('',(0.E0,-1.E0,0.E0));
#1369=VECTOR('',#1368,4.01E0);
#1370=CARTESIAN_POINT('',(9.5E0,1.E-2,-7.465E0));
#1371=LINE('',#1370,#1369);
#1372=CARTESIAN_POINT('',(9.5E0,9.999999999999E-3,-6.8E0));
#1373=DIRECTION('',(0.E0,1.E0,0.E0));
#1374=DIRECTION('',(0.E0,0.E0,1.E0));
#1375=AXIS2_PLACEMENT_3D('',#1372,#1373,#1374);
#1377=CARTESIAN_POINT('',(9.5E0,-4.E0,-6.8E0));
#1378=DIRECTION('',(0.E0,-1.E0,0.E0));
#1379=DIRECTION('',(0.E0,0.E0,-1.E0));
#1380=AXIS2_PLACEMENT_3D('',#1377,#1378,#1379);
#1382=CARTESIAN_POINT('',(9.5E0,-4.E0,-6.8E0));
#1383=DIRECTION('',(0.E0,-1.E0,0.E0));
#1384=DIRECTION('',(0.E0,0.E0,1.E0));
#1385=AXIS2_PLACEMENT_3D('',#1382,#1383,#1384);
#1387=DIRECTION('',(0.E0,-1.E0,0.E0));
#1388=VECTOR('',#1387,4.01E0);
#1389=CARTESIAN_POINT('',(9.5E0,1.E-2,-6.135E0));
#1390=LINE('',#1389,#1388);
#1391=CARTESIAN_POINT('',(9.5E0,9.999999999999E-3,-6.8E0));
#1392=DIRECTION('',(0.E0,1.E0,0.E0));
#1393=DIRECTION('',(0.E0,0.E0,-1.E0));
#1394=AXIS2_PLACEMENT_3D('',#1391,#1392,#1393);
#1396=DIRECTION('',(-7.071067811865E-1,-7.071067811865E-1,1.099064721079E-14));
#1397=VECTOR('',#1396,5.656854249492E-1);
#1398=CARTESIAN_POINT('',(2.57E0,0.E0,-4.E0));
#1399=LINE('',#1398,#1397);
#1400=CARTESIAN_POINT('',(6.E0,0.E0,-4.E0));
#1401=DIRECTION('',(0.E0,-1.E0,0.E0));
#1402=DIRECTION('',(0.E0,0.E0,1.E0));
#1403=AXIS2_PLACEMENT_3D('',#1400,#1401,#1402);
#1405=DIRECTION('',(0.E0,-7.071067811865E-1,7.071067811865E-1));
#1406=VECTOR('',#1405,5.656854249492E-1);
#1407=CARTESIAN_POINT('',(6.E0,0.E0,-5.7E-1));
#1408=LINE('',#1407,#1406);
#1409=DIRECTION('',(-1.E0,0.E0,0.E0));
#1410=VECTOR('',#1409,8.E0);
#1411=CARTESIAN_POINT('',(1.4E1,0.E0,-5.7E-1));
#1412=LINE('',#1411,#1410);
#1413=DIRECTION('',(0.E0,-7.071067811865E-1,7.071067811865E-1));
#1414=VECTOR('',#1413,5.656854249492E-1);
#1415=CARTESIAN_POINT('',(1.4E1,0.E0,-5.7E-1));
#1416=LINE('',#1415,#1414);
#1417=CARTESIAN_POINT('',(1.4E1,0.E0,-3.E0));
#1418=DIRECTION('',(0.E0,-1.E0,0.E0));
#1419=DIRECTION('',(1.E0,0.E0,0.E0));
#1420=AXIS2_PLACEMENT_3D('',#1417,#1418,#1419);
#1422=DIRECTION('',(0.E0,0.E0,-1.E0));
#1423=VECTOR('',#1422,8.E0);
#1424=CARTESIAN_POINT('',(2.57E0,0.E0,-4.E0));
#1425=LINE('',#1424,#1423);
#1426=CARTESIAN_POINT('',(9.5E0,5.E-3,-5.25E0));
#1427=CARTESIAN_POINT('',(9.5E0,5.E-3,-8.35E0));
#1428=VERTEX_POINT('',#1426);
#1429=VERTEX_POINT('',#1427);
#1430=CARTESIAN_POINT('',(2.57E0,0.E0,-1.2E1));
#1431=CARTESIAN_POINT('',(5.E0,0.E0,-1.443E1));
#1432=VERTEX_POINT('',#1430);
#1433=VERTEX_POINT('',#1431);
#1434=CARTESIAN_POINT('',(9.5E0,5.1E-1,-7.704123203703E0));
#1435=CARTESIAN_POINT('',(9.5E0,5.1E-1,-5.895876796297E0));
#1436=VERTEX_POINT('',#1434);
#1437=VERTEX_POINT('',#1435);
#1438=CARTESIAN_POINT('',(9.5E0,1.E-2,-8.35E0));
#1439=VERTEX_POINT('',#1438);
#1440=CARTESIAN_POINT('',(9.5E0,1.E-2,-8.3E0));
#1441=VERTEX_POINT('',#1440);
#1442=CARTESIAN_POINT('',(9.5E0,1.E-2,-5.3E0));
#1443=VERTEX_POINT('',#1442);
#1444=CARTESIAN_POINT('',(9.5E0,6.694213146974E-1,-6.8E0));
#1445=VERTEX_POINT('',#1444);
#1446=CARTESIAN_POINT('',(9.5E0,1.E-2,-6.135E0));
#1447=CARTESIAN_POINT('',(9.5E0,-4.E0,-6.135E0));
#1448=VERTEX_POINT('',#1446);
#1449=VERTEX_POINT('',#1447);
#1450=CARTESIAN_POINT('',(9.5E0,1.E-2,-5.25E0));
#1451=VERTEX_POINT('',#1450);
#1452=CARTESIAN_POINT('',(9.5E0,1.E-2,-7.465E0));
#1453=CARTESIAN_POINT('',(9.5E0,-4.E0,-7.465E0));
#1454=VERTEX_POINT('',#1452);
#1455=VERTEX_POINT('',#1453);
#1456=CARTESIAN_POINT('',(2.17E0,-3.6E0,-4.E0));
#1457=CARTESIAN_POINT('',(2.57E0,-4.E0,-4.E0));
#1458=VERTEX_POINT('',#1456);
#1459=VERTEX_POINT('',#1457);
#1460=CARTESIAN_POINT('',(1.643E1,0.E0,-3.E0));
#1461=CARTESIAN_POINT('',(1.683E1,-4.E-1,-3.E0));
#1462=VERTEX_POINT('',#1460);
#1463=VERTEX_POINT('',#1461);
#1464=CARTESIAN_POINT('',(1.4E1,-4.E-1,-1.7E-1));
#1465=CARTESIAN_POINT('',(6.E0,-4.E-1,-1.7E-1));
#1466=VERTEX_POINT('',#1464);
#1467=VERTEX_POINT('',#1465);
#1468=CARTESIAN_POINT('',(1.683E1,-4.E-1,-1.2E1));
#1469=VERTEX_POINT('',#1468);
#1470=CARTESIAN_POINT('',(1.4E1,-4.E-1,-1.483E1));
#1471=VERTEX_POINT('',#1470);
#1472=CARTESIAN_POINT('',(1.643E1,0.E0,-1.2E1));
#1473=VERTEX_POINT('',#1472);
#1474=CARTESIAN_POINT('',(2.17E0,-4.E-1,-1.2E1));
#1475=CARTESIAN_POINT('',(5.E0,-4.E-1,-1.483E1));
#1476=VERTEX_POINT('',#1474);
#1477=VERTEX_POINT('',#1475);
#1478=CARTESIAN_POINT('',(2.17E0,-4.E-1,-4.E0));
#1479=VERTEX_POINT('',#1478);
#1480=CARTESIAN_POINT('',(2.57E0,0.E0,-4.E0));
#1481=VERTEX_POINT('',#1480);
#1482=CARTESIAN_POINT('',(6.E0,0.E0,-5.7E-1));
#1483=VERTEX_POINT('',#1482);
#1484=CARTESIAN_POINT('',(1.4E1,0.E0,-1.443E1));
#1485=VERTEX_POINT('',#1484);
#1486=CARTESIAN_POINT('',(1.4E1,0.E0,-5.7E-1));
#1487=VERTEX_POINT('',#1486);
#1488=CARTESIAN_POINT('',(5.E0,-4.E0,-1.443E1));
#1489=CARTESIAN_POINT('',(5.E0,-3.6E0,-1.483E1));
#1490=VERTEX_POINT('',#1488);
#1491=VERTEX_POINT('',#1489);
#1492=CARTESIAN_POINT('',(1.4E1,-3.6E0,-1.7E-1));
#1493=CARTESIAN_POINT('',(1.4E1,-4.E0,-5.7E-1));
#1494=VERTEX_POINT('',#1492);
#1495=VERTEX_POINT('',#1493);
#1496=CARTESIAN_POINT('',(6.E0,-3.6E0,-1.7E-1));
#1497=CARTESIAN_POINT('',(6.E0,-4.E0,-5.7E-1));
#1498=VERTEX_POINT('',#1496);
#1499=VERTEX_POINT('',#1497);
#1500=CARTESIAN_POINT('',(1.4E1,-4.E0,-1.443E1));
#1501=CARTESIAN_POINT('',(1.4E1,-3.6E0,-1.483E1));
#1502=VERTEX_POINT('',#1500);
#1503=VERTEX_POINT('',#1501);
#1504=CARTESIAN_POINT('',(2.57E0,-4.E0,-1.2E1));
#1505=CARTESIAN_POINT('',(2.17E0,-3.6E0,-1.2E1));
#1506=VERTEX_POINT('',#1504);
#1507=VERTEX_POINT('',#1505);
#1508=CARTESIAN_POINT('',(1.7E1,-4.E-1,-3.E0));
#1509=CARTESIAN_POINT('',(1.7E1,-3.6E0,-3.E0));
#1510=VERTEX_POINT('',#1508);
#1511=VERTEX_POINT('',#1509);
#1512=CARTESIAN_POINT('',(6.E0,-3.6E0,0.E0));
#1513=CARTESIAN_POINT('',(2.E0,-3.6E0,-4.E0));
#1514=VERTEX_POINT('',#1512);
#1515=VERTEX_POINT('',#1513);
#1516=CARTESIAN_POINT('',(6.E0,-4.E-1,0.E0));
#1517=CARTESIAN_POINT('',(2.E0,-4.E-1,-4.E0));
#1518=VERTEX_POINT('',#1516);
#1519=VERTEX_POINT('',#1517);
#1520=CARTESIAN_POINT('',(1.4E1,-4.E-1,0.E0));
#1521=VERTEX_POINT('',#1520);
#1522=CARTESIAN_POINT('',(1.4E1,-3.6E0,0.E0));
#1523=VERTEX_POINT('',#1522);
#1524=CARTESIAN_POINT('',(1.7E1,-4.E-1,-1.2E1));
#1525=VERTEX_POINT('',#1524);
#1526=CARTESIAN_POINT('',(2.E0,-3.6E0,-1.2E1));
#1527=CARTESIAN_POINT('',(5.E0,-3.6E0,-1.5E1));
#1528=VERTEX_POINT('',#1526);
#1529=VERTEX_POINT('',#1527);
#1530=CARTESIAN_POINT('',(1.4E1,-4.E-1,-1.5E1));
#1531=CARTESIAN_POINT('',(1.4E1,-3.6E0,-1.5E1));
#1532=VERTEX_POINT('',#1530);
#1533=VERTEX_POINT('',#1531);
#1534=CARTESIAN_POINT('',(1.7E1,-3.6E0,-1.2E1));
#1535=VERTEX_POINT('',#1534);
#1536=CARTESIAN_POINT('',(5.E0,-4.E-1,-1.5E1));
#1537=VERTEX_POINT('',#1536);
#1538=CARTESIAN_POINT('',(2.E0,-4.E-1,-1.2E1));
#1539=VERTEX_POINT('',#1538);
#1540=CARTESIAN_POINT('',(1.643E1,-4.E0,-1.2E1));
#1541=VERTEX_POINT('',#1540);
#1542=CARTESIAN_POINT('',(1.643E1,-4.E0,-3.E0));
#1543=VERTEX_POINT('',#1542);
#1544=CARTESIAN_POINT('',(1.683E1,-3.6E0,-1.2E1));
#1545=CARTESIAN_POINT('',(1.683E1,-3.6E0,-3.E0));
#1546=VERTEX_POINT('',#1544);
#1547=VERTEX_POINT('',#1545);
#1548=CARTESIAN_POINT('',(9.5E0,0.E0,-5.05E0));
#1549=CARTESIAN_POINT('',(9.5E0,0.E0,-8.55E0));
#1550=VERTEX_POINT('',#1548);
#1551=VERTEX_POINT('',#1549);
#1552=CARTESIAN_POINT('',(9.5E0,5.E-3,-8.55E0));
#1553=CARTESIAN_POINT('',(9.5E0,5.E-3,-5.05E0));
#1554=VERTEX_POINT('',#1552);
#1555=VERTEX_POINT('',#1553);
#1556=CARTESIAN_POINT('',(1.4E1,0.E0,-3.E0));
#1557=DIRECTION('',(0.E0,-1.E0,0.E0));
#1558=DIRECTION('',(0.E0,0.E0,-1.E0));
#1559=AXIS2_PLACEMENT_3D('',#1556,#1557,#1558);
#1560=PLANE('',#1559);
#1562=ORIENTED_EDGE('',*,*,#1561,.T.);
#1564=ORIENTED_EDGE('',*,*,#1563,.T.);
#1566=ORIENTED_EDGE('',*,*,#1565,.T.);
#1568=ORIENTED_EDGE('',*,*,#1567,.T.);
#1570=ORIENTED_EDGE('',*,*,#1569,.T.);
#1572=ORIENTED_EDGE('',*,*,#1571,.T.);
#1574=ORIENTED_EDGE('',*,*,#1573,.T.);
#1576=ORIENTED_EDGE('',*,*,#1575,.T.);
#1577=EDGE_LOOP('',(#1562,#1564,#1566,#1568,#1570,#1572,#1574,#1576));
#1578=FACE_OUTER_BOUND('',#1577,.F.);
#1580=ORIENTED_EDGE('',*,*,#1579,.T.);
#1582=ORIENTED_EDGE('',*,*,#1581,.T.);
#1583=EDGE_LOOP('',(#1580,#1582));
#1584=FACE_BOUND('',#1583,.F.);
#1585=ADVANCED_FACE('',(#1578,#1584),#1560,.F.);
#1586=CARTESIAN_POINT('',(9.5E0,0.E0,-6.8E0));
#1587=DIRECTION('',(0.E0,-1.E0,0.E0));
#1588=DIRECTION('',(-1.E0,0.E0,0.E0));
#1589=AXIS2_PLACEMENT_3D('',#1586,#1587,#1588);
#1590=CYLINDRICAL_SURFACE('',#1589,1.75E0);
#1592=ORIENTED_EDGE('',*,*,#1591,.F.);
#1594=ORIENTED_EDGE('',*,*,#1593,.F.);
#1595=ORIENTED_EDGE('',*,*,#1579,.F.);
#1597=ORIENTED_EDGE('',*,*,#1596,.T.);
#1598=EDGE_LOOP('',(#1592,#1594,#1595,#1597));
#1599=FACE_OUTER_BOUND('',#1598,.F.);
#1600=ADVANCED_FACE('',(#1599),#1590,.T.);
#1601=CARTESIAN_POINT('',(9.5E0,5.E-3,-6.8E0));
#1602=DIRECTION('',(0.E0,1.E0,0.E0));
#1603=DIRECTION('',(0.E0,0.E0,1.E0));
#1604=AXIS2_PLACEMENT_3D('',#1601,#1602,#1603);
#1605=PLANE('',#1604);
#1606=ORIENTED_EDGE('',*,*,#1591,.T.);
#1608=ORIENTED_EDGE('',*,*,#1607,.T.);
#1609=EDGE_LOOP('',(#1606,#1608));
#1610=FACE_OUTER_BOUND('',#1609,.F.);
#1612=ORIENTED_EDGE('',*,*,#1611,.F.);
#1614=ORIENTED_EDGE('',*,*,#1613,.F.);
#1615=EDGE_LOOP('',(#1612,#1614));
#1616=FACE_BOUND('',#1615,.F.);
#1617=ADVANCED_FACE('',(#1610,#1616),#1605,.T.);
#1618=CARTESIAN_POINT('',(9.5E0,5.E-3,-6.8E0));
#1619=DIRECTION('',(0.E0,1.E0,0.E0));
#1620=DIRECTION('',(0.E0,0.E0,1.E0));
#1621=AXIS2_PLACEMENT_3D('',#1618,#1619,#1620);
#1622=CYLINDRICAL_SURFACE('',#1621,1.55E0);
#1623=ORIENTED_EDGE('',*,*,#1611,.T.);
#1625=ORIENTED_EDGE('',*,*,#1624,.F.);
#1627=ORIENTED_EDGE('',*,*,#1626,.F.);
#1629=ORIENTED_EDGE('',*,*,#1628,.T.);
#1630=EDGE_LOOP('',(#1623,#1625,#1627,#1629));
#1631=FACE_OUTER_BOUND('',#1630,.F.);
#1632=ADVANCED_FACE('',(#1631),#1622,.T.);
#1633=CARTESIAN_POINT('',(9.5E0,5.E-3,-6.8E0));
#1634=DIRECTION('',(0.E0,1.E0,0.E0));
#1635=DIRECTION('',(0.E0,0.E0,1.E0));
#1636=AXIS2_PLACEMENT_3D('',#1633,#1634,#1635);
#1637=CYLINDRICAL_SURFACE('',#1636,1.55E0);
#1638=ORIENTED_EDGE('',*,*,#1628,.F.);
#1640=ORIENTED_EDGE('',*,*,#1639,.F.);
#1641=ORIENTED_EDGE('',*,*,#1624,.T.);
#1642=ORIENTED_EDGE('',*,*,#1613,.T.);
#1643=EDGE_LOOP('',(#1638,#1640,#1641,#1642));
#1644=FACE_OUTER_BOUND('',#1643,.F.);
#1645=ADVANCED_FACE('',(#1644),#1637,.T.);
#1646=CARTESIAN_POINT('',(5.1E0,1.E-2,-1.19E1));
#1647=DIRECTION('',(0.E0,-1.E0,0.E0));
#1648=DIRECTION('',(0.E0,0.E0,-1.E0));
#1649=AXIS2_PLACEMENT_3D('',#1646,#1647,#1648);
#1650=PLANE('',#1649);
#1651=ORIENTED_EDGE('',*,*,#1626,.T.);
#1652=ORIENTED_EDGE('',*,*,#1639,.T.);
#1653=EDGE_LOOP('',(#1651,#1652));
#1654=FACE_OUTER_BOUND('',#1653,.F.);
#1656=ORIENTED_EDGE('',*,*,#1655,.F.);
#1658=ORIENTED_EDGE('',*,*,#1657,.F.);
#1659=EDGE_LOOP('',(#1656,#1658));
#1660=FACE_BOUND('',#1659,.F.);
#1661=ADVANCED_FACE('',(#1654,#1660),#1650,.F.);
#1662=CARTESIAN_POINT('',(9.5E0,2.6E-1,-6.8E0));
#1663=DIRECTION('',(0.E0,-1.E0,0.E0));
#1664=DIRECTION('',(0.E0,0.E0,1.E0));
#1665=AXIS2_PLACEMENT_3D('',#1662,#1663,#1664);
#1666=CONICAL_SURFACE('',#1665,1.202061601851E0,5.E1);
#1668=ORIENTED_EDGE('',*,*,#1667,.F.);
#1669=ORIENTED_EDGE('',*,*,#1655,.T.);
#1671=ORIENTED_EDGE('',*,*,#1670,.T.);
#1673=ORIENTED_EDGE('',*,*,#1672,.F.);
#1674=EDGE_LOOP('',(#1668,#1669,#1671,#1673));
#1675=FACE_OUTER_BOUND('',#1674,.F.);
#1676=ADVANCED_FACE('',(#1675),#1666,.T.);
#1677=CARTESIAN_POINT('',(9.5E0,2.6E-1,-6.8E0));
#1678=DIRECTION('',(0.E0,-1.E0,0.E0));
#1679=DIRECTION('',(0.E0,0.E0,1.E0));
#1680=AXIS2_PLACEMENT_3D('',#1677,#1678,#1679);
#1681=CONICAL_SURFACE('',#1680,1.202061601851E0,5.E1);
#1683=ORIENTED_EDGE('',*,*,#1682,.F.);
#1684=ORIENTED_EDGE('',*,*,#1670,.F.);
#1685=ORIENTED_EDGE('',*,*,#1657,.T.);
#1686=ORIENTED_EDGE('',*,*,#1667,.T.);
#1687=EDGE_LOOP('',(#1683,#1684,#1685,#1686));
#1688=FACE_OUTER_BOUND('',#1687,.F.);
#1689=ADVANCED_FACE('',(#1688),#1681,.T.);
#1690=CARTESIAN_POINT('',(9.5E0,5.874475661406E-1,-6.8E0));
#1691=DIRECTION('',(0.E0,-1.E0,0.E0));
#1692=DIRECTION('',(0.E0,0.E0,1.E0));
#1693=AXIS2_PLACEMENT_3D('',#1690,#1691,#1692);
#1694=CONICAL_SURFACE('',#1693,4.648962298762E-1,8.E1);
#1696=ORIENTED_EDGE('',*,*,#1695,.F.);
#1697=ORIENTED_EDGE('',*,*,#1682,.T.);
#1699=ORIENTED_EDGE('',*,*,#1698,.T.);
#1700=EDGE_LOOP('',(#1696,#1697,#1699));
#1701=FACE_OUTER_BOUND('',#1700,.F.);
#1702=ADVANCED_FACE('',(#1701),#1694,.T.);
#1703=CARTESIAN_POINT('',(9.5E0,5.874475661406E-1,-6.8E0));
#1704=DIRECTION('',(0.E0,-1.E0,0.E0));
#1705=DIRECTION('',(0.E0,0.E0,1.E0));
#1706=AXIS2_PLACEMENT_3D('',#1703,#1704,#1705);
#1707=CONICAL_SURFACE('',#1706,4.648962298762E-1,8.E1);
#1708=ORIENTED_EDGE('',*,*,#1698,.F.);
#1709=ORIENTED_EDGE('',*,*,#1672,.T.);
#1710=ORIENTED_EDGE('',*,*,#1695,.T.);
#1711=EDGE_LOOP('',(#1708,#1709,#1710));
#1712=FACE_OUTER_BOUND('',#1711,.F.);
#1713=ADVANCED_FACE('',(#1712),#1707,.T.);
#1714=CARTESIAN_POINT('',(9.5E0,0.E0,-6.8E0));
#1715=DIRECTION('',(0.E0,-1.E0,0.E0));
#1716=DIRECTION('',(-1.E0,0.E0,0.E0));
#1717=AXIS2_PLACEMENT_3D('',#1714,#1715,#1716);
#1718=CYLINDRICAL_SURFACE('',#1717,1.75E0);
#1719=ORIENTED_EDGE('',*,*,#1607,.F.);
#1720=ORIENTED_EDGE('',*,*,#1596,.F.);
#1721=ORIENTED_EDGE('',*,*,#1581,.F.);
#1722=ORIENTED_EDGE('',*,*,#1593,.T.);
#1723=EDGE_LOOP('',(#1719,#1720,#1721,#1722));
#1724=FACE_OUTER_BOUND('',#1723,.F.);
#1725=ADVANCED_FACE('',(#1724),#1718,.T.);
#1726=CARTESIAN_POINT('',(5.E0,-2.E-1,-1.2E1));
#1727=DIRECTION('',(0.E0,-1.E0,0.E0));
#1728=DIRECTION('',(0.E0,0.E0,-1.E0));
#1729=AXIS2_PLACEMENT_3D('',#1726,#1727,#1728);
#1730=CONICAL_SURFACE('',#1729,2.63E0,4.5E1);
#1732=ORIENTED_EDGE('',*,*,#1731,.T.);
#1733=ORIENTED_EDGE('',*,*,#1561,.F.);
#1735=ORIENTED_EDGE('',*,*,#1734,.F.);
#1737=ORIENTED_EDGE('',*,*,#1736,.T.);
#1738=EDGE_LOOP('',(#1732,#1733,#1735,#1737));
#1739=FACE_OUTER_BOUND('',#1738,.F.);
#1740=ADVANCED_FACE('',(#1739),#1730,.T.);
#1741=CARTESIAN_POINT('',(1.4E1,-4.E-1,-1.483E1));
#1742=DIRECTION('',(0.E0,-7.071067811865E-1,7.071067811865E-1));
#1743=DIRECTION('',(0.E0,-7.071067811865E-1,-7.071067811865E-1));
#1744=AXIS2_PLACEMENT_3D('',#1741,#1742,#1743);
#1745=PLANE('',#1744);
#1747=ORIENTED_EDGE('',*,*,#1746,.T.);
#1748=ORIENTED_EDGE('',*,*,#1563,.F.);
#1749=ORIENTED_EDGE('',*,*,#1731,.F.);
#1751=ORIENTED_EDGE('',*,*,#1750,.T.);
#1752=EDGE_LOOP('',(#1747,#1748,#1749,#1751));
#1753=FACE_OUTER_BOUND('',#1752,.F.);
#1754=ADVANCED_FACE('',(#1753),#1745,.F.);
#1755=CARTESIAN_POINT('',(1.4E1,-2.E-1,-1.2E1));
#1756=DIRECTION('',(0.E0,-1.E0,0.E0));
#1757=DIRECTION('',(0.E0,0.E0,-1.E0));
#1758=AXIS2_PLACEMENT_3D('',#1755,#1756,#1757);
#1759=CONICAL_SURFACE('',#1758,2.63E0,4.5E1);
#1761=ORIENTED_EDGE('',*,*,#1760,.T.);
#1762=ORIENTED_EDGE('',*,*,#1565,.F.);
#1763=ORIENTED_EDGE('',*,*,#1746,.F.);
#1765=ORIENTED_EDGE('',*,*,#1764,.T.);
#1766=EDGE_LOOP('',(#1761,#1762,#1763,#1765));
#1767=FACE_OUTER_BOUND('',#1766,.F.);
#1768=ADVANCED_FACE('',(#1767),#1759,.T.);
#1769=CARTESIAN_POINT('',(1.683E1,-4.E-1,-3.E0));
#1770=DIRECTION('',(-7.071067811865E-1,-7.071067811865E-1,0.E0));
#1771=DIRECTION('',(7.071067811865E-1,-7.071067811865E-1,0.E0));
#1772=AXIS2_PLACEMENT_3D('',#1769,#1770,#1771);
#1773=PLANE('',#1772);
#1774=ORIENTED_EDGE('',*,*,#1760,.F.);
#1776=ORIENTED_EDGE('',*,*,#1775,.T.);
#1778=ORIENTED_EDGE('',*,*,#1777,.F.);
#1779=ORIENTED_EDGE('',*,*,#1567,.F.);
#1780=EDGE_LOOP('',(#1774,#1776,#1778,#1779));
#1781=FACE_OUTER_BOUND('',#1780,.F.);
#1782=ADVANCED_FACE('',(#1781),#1773,.F.);
#1783=CARTESIAN_POINT('',(1.4E1,-4.E-1,-3.E0));
#1784=DIRECTION('',(0.E0,1.E0,0.E0));
#1785=DIRECTION('',(0.E0,0.E0,1.E0));
#1786=AXIS2_PLACEMENT_3D('',#1783,#1784,#1785);
#1787=PLANE('',#1786);
#1789=ORIENTED_EDGE('',*,*,#1788,.T.);
#1791=ORIENTED_EDGE('',*,*,#1790,.T.);
#1793=ORIENTED_EDGE('',*,*,#1792,.T.);
#1795=ORIENTED_EDGE('',*,*,#1794,.T.);
#1797=ORIENTED_EDGE('',*,*,#1796,.T.);
#1799=ORIENTED_EDGE('',*,*,#1798,.T.);
#1801=ORIENTED_EDGE('',*,*,#1800,.T.);
#1803=ORIENTED_EDGE('',*,*,#1802,.T.);
#1804=EDGE_LOOP('',(#1789,#1791,#1793,#1795,#1797,#1799,#1801,#1803));
#1805=FACE_OUTER_BOUND('',#1804,.F.);
#1807=ORIENTED_EDGE('',*,*,#1806,.F.);
#1809=ORIENTED_EDGE('',*,*,#1808,.F.);
#1811=ORIENTED_EDGE('',*,*,#1810,.F.);
#1812=ORIENTED_EDGE('',*,*,#1775,.F.);
#1813=ORIENTED_EDGE('',*,*,#1764,.F.);
#1814=ORIENTED_EDGE('',*,*,#1750,.F.);
#1815=ORIENTED_EDGE('',*,*,#1736,.F.);
#1817=ORIENTED_EDGE('',*,*,#1816,.F.);
#1818=EDGE_LOOP('',(#1807,#1809,#1811,#1812,#1813,#1814,#1815,#1817));
#1819=FACE_BOUND('',#1818,.F.);
#1820=ADVANCED_FACE('',(#1805,#1819),#1787,.T.);
#1821=CARTESIAN_POINT('',(1.4E1,-4.E0,-3.E0));
#1822=DIRECTION('',(0.E0,1.E0,0.E0));
#1823=DIRECTION('',(0.E0,0.E0,1.E0));
#1824=AXIS2_PLACEMENT_3D('',#1821,#1822,#1823);
#1825=CYLINDRICAL_SURFACE('',#1824,3.E0);
#1827=ORIENTED_EDGE('',*,*,#1826,.T.);
#1829=ORIENTED_EDGE('',*,*,#1828,.T.);
#1831=ORIENTED_EDGE('',*,*,#1830,.F.);
#1832=ORIENTED_EDGE('',*,*,#1788,.F.);
#1833=EDGE_LOOP('',(#1827,#1829,#1831,#1832));
#1834=FACE_OUTER_BOUND('',#1833,.F.);
#1835=ADVANCED_FACE('',(#1834),#1825,.T.);
#1836=CARTESIAN_POINT('',(1.7E1,-4.E0,-3.E0));
#1837=DIRECTION('',(1.E0,0.E0,0.E0));
#1838=DIRECTION('',(0.E0,0.E0,-1.E0));
#1839=AXIS2_PLACEMENT_3D('',#1836,#1837,#1838);
#1840=PLANE('',#1839);
#1842=ORIENTED_EDGE('',*,*,#1841,.T.);
#1844=ORIENTED_EDGE('',*,*,#1843,.T.);
#1845=ORIENTED_EDGE('',*,*,#1826,.F.);
#1846=ORIENTED_EDGE('',*,*,#1802,.F.);
#1847=EDGE_LOOP('',(#1842,#1844,#1845,#1846));
#1848=FACE_OUTER_BOUND('',#1847,.F.);
#1849=ADVANCED_FACE('',(#1848),#1840,.T.);
#1850=CARTESIAN_POINT('',(1.4E1,-4.E0,-1.2E1));
#1851=DIRECTION('',(0.E0,1.E0,0.E0));
#1852=DIRECTION('',(0.E0,0.E0,1.E0));
#1853=AXIS2_PLACEMENT_3D('',#1850,#1851,#1852);
#1854=CYLINDRICAL_SURFACE('',#1853,3.E0);
#1856=ORIENTED_EDGE('',*,*,#1855,.T.);
#1858=ORIENTED_EDGE('',*,*,#1857,.T.);
#1859=ORIENTED_EDGE('',*,*,#1841,.F.);
#1860=ORIENTED_EDGE('',*,*,#1800,.F.);
#1861=EDGE_LOOP('',(#1856,#1858,#1859,#1860));
#1862=FACE_OUTER_BOUND('',#1861,.F.);
#1863=ADVANCED_FACE('',(#1862),#1854,.T.);
#1864=CARTESIAN_POINT('',(5.E0,-4.E0,-1.5E1));
#1865=DIRECTION('',(0.E0,0.E0,-1.E0));
#1866=DIRECTION('',(-1.E0,0.E0,0.E0));
#1867=AXIS2_PLACEMENT_3D('',#1864,#1865,#1866);
#1868=PLANE('',#1867);
#1870=ORIENTED_EDGE('',*,*,#1869,.T.);
#1872=ORIENTED_EDGE('',*,*,#1871,.T.);
#1873=ORIENTED_EDGE('',*,*,#1855,.F.);
#1874=ORIENTED_EDGE('',*,*,#1798,.F.);
#1875=EDGE_LOOP('',(#1870,#1872,#1873,#1874));
#1876=FACE_OUTER_BOUND('',#1875,.F.);
#1877=ADVANCED_FACE('',(#1876),#1868,.T.);
#1878=CARTESIAN_POINT('',(5.E0,-4.E0,-1.2E1));
#1879=DIRECTION('',(0.E0,1.E0,0.E0));
#1880=DIRECTION('',(0.E0,0.E0,1.E0));
#1881=AXIS2_PLACEMENT_3D('',#1878,#1879,#1880);
#1882=CYLINDRICAL_SURFACE('',#1881,3.E0);
#1884=ORIENTED_EDGE('',*,*,#1883,.T.);
#1886=ORIENTED_EDGE('',*,*,#1885,.T.);
#1887=ORIENTED_EDGE('',*,*,#1869,.F.);
#1888=ORIENTED_EDGE('',*,*,#1796,.F.);
#1889=EDGE_LOOP('',(#1884,#1886,#1887,#1888));
#1890=FACE_OUTER_BOUND('',#1889,.F.);
#1891=ADVANCED_FACE('',(#1890),#1882,.T.);
#1892=CARTESIAN_POINT('',(2.E0,-4.E0,-4.E0));
#1893=DIRECTION('',(-1.E0,0.E0,0.E0));
#1894=DIRECTION('',(0.E0,0.E0,1.E0));
#1895=AXIS2_PLACEMENT_3D('',#1892,#1893,#1894);
#1896=PLANE('',#1895);
#1898=ORIENTED_EDGE('',*,*,#1897,.T.);
#1900=ORIENTED_EDGE('',*,*,#1899,.T.);
#1901=ORIENTED_EDGE('',*,*,#1883,.F.);
#1902=ORIENTED_EDGE('',*,*,#1794,.F.);
#1903=EDGE_LOOP('',(#1898,#1900,#1901,#1902));
#1904=FACE_OUTER_BOUND('',#1903,.F.);
#1905=ADVANCED_FACE('',(#1904),#1896,.T.);
#1906=CARTESIAN_POINT('',(6.E0,-4.E0,-4.E0));
#1907=DIRECTION('',(0.E0,1.E0,0.E0));
#1908=DIRECTION('',(0.E0,0.E0,1.E0));
#1909=AXIS2_PLACEMENT_3D('',#1906,#1907,#1908);
#1910=CYLINDRICAL_SURFACE('',#1909,4.E0);
#1912=ORIENTED_EDGE('',*,*,#1911,.T.);
#1914=ORIENTED_EDGE('',*,*,#1913,.T.);
#1915=ORIENTED_EDGE('',*,*,#1897,.F.);
#1916=ORIENTED_EDGE('',*,*,#1792,.F.);
#1917=EDGE_LOOP('',(#1912,#1914,#1915,#1916));
#1918=FACE_OUTER_BOUND('',#1917,.F.);
#1919=ADVANCED_FACE('',(#1918),#1910,.T.);
#1920=CARTESIAN_POINT('',(6.E0,-4.E0,0.E0));
#1921=DIRECTION('',(0.E0,0.E0,1.E0));
#1922=DIRECTION('',(1.E0,0.E0,0.E0));
#1923=AXIS2_PLACEMENT_3D('',#1920,#1921,#1922);
#1924=PLANE('',#1923);
#1925=ORIENTED_EDGE('',*,*,#1830,.T.);
#1927=ORIENTED_EDGE('',*,*,#1926,.T.);
#1928=ORIENTED_EDGE('',*,*,#1911,.F.);
#1929=ORIENTED_EDGE('',*,*,#1790,.F.);
#1930=EDGE_LOOP('',(#1925,#1927,#1928,#1929));
#1931=FACE_OUTER_BOUND('',#1930,.F.);
#1932=ADVANCED_FACE('',(#1931),#1924,.T.);
#1933=CARTESIAN_POINT('',(-7.141421356237E0,-3.6E0,-7.5E0));
#1934=DIRECTION('',(0.E0,1.E0,0.E0));
#1935=DIRECTION('',(0.E0,0.E0,1.E0));
#1936=AXIS2_PLACEMENT_3D('',#1933,#1934,#1935);
#1937=PLANE('',#1936);
#1938=ORIENTED_EDGE('',*,*,#1913,.F.);
#1939=ORIENTED_EDGE('',*,*,#1926,.F.);
#1940=ORIENTED_EDGE('',*,*,#1828,.F.);
#1941=ORIENTED_EDGE('',*,*,#1843,.F.);
#1942=ORIENTED_EDGE('',*,*,#1857,.F.);
#1943=ORIENTED_EDGE('',*,*,#1871,.F.);
#1944=ORIENTED_EDGE('',*,*,#1885,.F.);
#1945=ORIENTED_EDGE('',*,*,#1899,.F.);
#1946=EDGE_LOOP('',(#1938,#1939,#1940,#1941,#1942,#1943,#1944,#1945));
#1947=FACE_OUTER_BOUND('',#1946,.F.);
#1949=ORIENTED_EDGE('',*,*,#1948,.T.);
#1951=ORIENTED_EDGE('',*,*,#1950,.T.);
#1953=ORIENTED_EDGE('',*,*,#1952,.T.);
#1955=ORIENTED_EDGE('',*,*,#1954,.T.);
#1957=ORIENTED_EDGE('',*,*,#1956,.T.);
#1959=ORIENTED_EDGE('',*,*,#1958,.T.);
#1961=ORIENTED_EDGE('',*,*,#1960,.T.);
#1963=ORIENTED_EDGE('',*,*,#1962,.T.);
#1964=EDGE_LOOP('',(#1949,#1951,#1953,#1955,#1957,#1959,#1961,#1963));
#1965=FACE_BOUND('',#1964,.F.);
#1966=ADVANCED_FACE('',(#1947,#1965),#1937,.F.);
#1967=CARTESIAN_POINT('',(-7.141421356237E0,-3.6E0,-1.483E1));
#1968=DIRECTION('',(0.E0,7.071067811865E-1,7.071067811865E-1));
#1969=DIRECTION('',(0.E0,-7.071067811865E-1,7.071067811865E-1));
#1970=AXIS2_PLACEMENT_3D('',#1967,#1968,#1969);
#1971=PLANE('',#1970);
#1973=ORIENTED_EDGE('',*,*,#1972,.T.);
#1974=ORIENTED_EDGE('',*,*,#1948,.F.);
#1976=ORIENTED_EDGE('',*,*,#1975,.F.);
#1978=ORIENTED_EDGE('',*,*,#1977,.F.);
#1979=EDGE_LOOP('',(#1973,#1974,#1976,#1978));
#1980=FACE_OUTER_BOUND('',#1979,.F.);
#1981=ADVANCED_FACE('',(#1980),#1971,.F.);
#1982=CARTESIAN_POINT('',(1.4E1,-3.8E0,-1.2E1));
#1983=DIRECTION('',(0.E0,1.E0,0.E0));
#1984=DIRECTION('',(0.E0,0.E0,1.E0));
#1985=AXIS2_PLACEMENT_3D('',#1982,#1983,#1984);
#1986=CONICAL_SURFACE('',#1985,2.63E0,4.5E1);
#1988=ORIENTED_EDGE('',*,*,#1987,.T.);
#1989=ORIENTED_EDGE('',*,*,#1950,.F.);
#1990=ORIENTED_EDGE('',*,*,#1972,.F.);
#1992=ORIENTED_EDGE('',*,*,#1991,.F.);
#1993=EDGE_LOOP('',(#1988,#1989,#1990,#1992));
#1994=FACE_OUTER_BOUND('',#1993,.F.);
#1995=ADVANCED_FACE('',(#1994),#1986,.T.);
#1996=CARTESIAN_POINT('',(1.683E1,-3.6E0,-7.5E0));
#1997=DIRECTION('',(-7.071067811865E-1,7.071067811866E-1,0.E0));
#1998=DIRECTION('',(-7.071067811866E-1,-7.071067811865E-1,0.E0));
#1999=AXIS2_PLACEMENT_3D('',#1996,#1997,#1998);
#2000=PLANE('',#1999);
#2002=ORIENTED_EDGE('',*,*,#2001,.F.);
#2003=ORIENTED_EDGE('',*,*,#1952,.F.);
#2004=ORIENTED_EDGE('',*,*,#1987,.F.);
#2006=ORIENTED_EDGE('',*,*,#2005,.F.);
#2007=EDGE_LOOP('',(#2002,#2003,#2004,#2006));
#2008=FACE_OUTER_BOUND('',#2007,.F.);
#2009=ADVANCED_FACE('',(#2008),#2000,.F.);
#2010=CARTESIAN_POINT('',(1.4E1,-3.8E0,-3.E0));
#2011=DIRECTION('',(0.E0,1.E0,0.E0));
#2012=DIRECTION('',(0.E0,0.E0,1.E0));
#2013=AXIS2_PLACEMENT_3D('',#2010,#2011,#2012);
#2014=CONICAL_SURFACE('',#2013,2.63E0,4.5E1);
#2015=ORIENTED_EDGE('',*,*,#2001,.T.);
#2017=ORIENTED_EDGE('',*,*,#2016,.F.);
#2019=ORIENTED_EDGE('',*,*,#2018,.F.);
#2020=ORIENTED_EDGE('',*,*,#1954,.F.);
#2021=EDGE_LOOP('',(#2015,#2017,#2019,#2020));
#2022=FACE_OUTER_BOUND('',#2021,.F.);
#2023=ADVANCED_FACE('',(#2022),#2014,.T.);
#2024=CARTESIAN_POINT('',(1.4E1,-4.E0,-3.E0));
#2025=DIRECTION('',(0.E0,-1.E0,0.E0));
#2026=DIRECTION('',(0.E0,0.E0,-1.E0));
#2027=AXIS2_PLACEMENT_3D('',#2024,#2025,#2026);
#2028=PLANE('',#2027);
#2030=ORIENTED_EDGE('',*,*,#2029,.T.);
#2032=ORIENTED_EDGE('',*,*,#2031,.T.);
#2033=ORIENTED_EDGE('',*,*,#2016,.T.);
#2034=ORIENTED_EDGE('',*,*,#2005,.T.);
#2035=ORIENTED_EDGE('',*,*,#1991,.T.);
#2036=ORIENTED_EDGE('',*,*,#1977,.T.);
#2038=ORIENTED_EDGE('',*,*,#2037,.T.);
#2040=ORIENTED_EDGE('',*,*,#2039,.T.);
#2041=EDGE_LOOP('',(#2030,#2032,#2033,#2034,#2035,#2036,#2038,#2040));
#2042=FACE_OUTER_BOUND('',#2041,.F.);
#2044=ORIENTED_EDGE('',*,*,#2043,.T.);
#2046=ORIENTED_EDGE('',*,*,#2045,.T.);
#2047=EDGE_LOOP('',(#2044,#2046));
#2048=FACE_BOUND('',#2047,.F.);
#2049=ADVANCED_FACE('',(#2042,#2048),#2028,.T.);
#2050=CARTESIAN_POINT('',(6.E0,-3.8E0,-4.E0));
#2051=DIRECTION('',(0.E0,1.E0,0.E0));
#2052=DIRECTION('',(0.E0,0.E0,1.E0));
#2053=AXIS2_PLACEMENT_3D('',#2050,#2051,#2052);
#2054=CONICAL_SURFACE('',#2053,3.63E0,4.5E1);
#2056=ORIENTED_EDGE('',*,*,#2055,.T.);
#2057=ORIENTED_EDGE('',*,*,#2029,.F.);
#2059=ORIENTED_EDGE('',*,*,#2058,.F.);
#2060=ORIENTED_EDGE('',*,*,#1958,.F.);
#2061=EDGE_LOOP('',(#2056,#2057,#2059,#2060));
#2062=FACE_OUTER_BOUND('',#2061,.F.);
#2063=ADVANCED_FACE('',(#2062),#2054,.T.);
#2064=CARTESIAN_POINT('',(-7.141421356237E0,-3.6E0,-1.7E-1));
#2065=DIRECTION('',(0.E0,7.071067811865E-1,-7.071067811865E-1));
#2066=DIRECTION('',(0.E0,7.071067811865E-1,7.071067811865E-1));
#2067=AXIS2_PLACEMENT_3D('',#2064,#2065,#2066);
#2068=PLANE('',#2067);
#2069=ORIENTED_EDGE('',*,*,#2018,.T.);
#2070=ORIENTED_EDGE('',*,*,#2031,.F.);
#2071=ORIENTED_EDGE('',*,*,#2055,.F.);
#2072=ORIENTED_EDGE('',*,*,#1956,.F.);
#2073=EDGE_LOOP('',(#2069,#2070,#2071,#2072));
#2074=FACE_OUTER_BOUND('',#2073,.F.);
#2075=ADVANCED_FACE('',(#2074),#2068,.F.);
#2076=CARTESIAN_POINT('',(2.17E0,-3.6E0,-7.5E0));
#2077=DIRECTION('',(7.071067811865E-1,7.071067811865E-1,0.E0));
#2078=DIRECTION('',(-7.071067811865E-1,7.071067811865E-1,0.E0));
#2079=AXIS2_PLACEMENT_3D('',#2076,#2077,#2078);
#2080=PLANE('',#2079);
#2082=ORIENTED_EDGE('',*,*,#2081,.T.);
#2083=ORIENTED_EDGE('',*,*,#1960,.F.);
#2084=ORIENTED_EDGE('',*,*,#2058,.T.);
#2085=ORIENTED_EDGE('',*,*,#2039,.F.);
#2086=EDGE_LOOP('',(#2082,#2083,#2084,#2085));
#2087=FACE_OUTER_BOUND('',#2086,.F.);
#2088=ADVANCED_FACE('',(#2087),#2080,.F.);
#2089=CARTESIAN_POINT('',(5.E0,-3.8E0,-1.2E1));
#2090=DIRECTION('',(0.E0,1.E0,0.E0));
#2091=DIRECTION('',(0.E0,0.E0,1.E0));
#2092=AXIS2_PLACEMENT_3D('',#2089,#2090,#2091);
#2093=CONICAL_SURFACE('',#2092,2.63E0,4.5E1);
#2094=ORIENTED_EDGE('',*,*,#1975,.T.);
#2095=ORIENTED_EDGE('',*,*,#1962,.F.);
#2096=ORIENTED_EDGE('',*,*,#2081,.F.);
#2097=ORIENTED_EDGE('',*,*,#2037,.F.);
#2098=EDGE_LOOP('',(#2094,#2095,#2096,#2097));
#2099=FACE_OUTER_BOUND('',#2098,.F.);
#2100=ADVANCED_FACE('',(#2099),#2093,.T.);
#2101=CARTESIAN_POINT('',(9.5E0,-4.E0,-6.8E0));
#2102=DIRECTION('',(0.E0,1.E0,0.E0));
#2103=DIRECTION('',(0.E0,0.E0,1.E0));
#2104=AXIS2_PLACEMENT_3D('',#2101,#2102,#2103);
#2105=CYLINDRICAL_SURFACE('',#2104,6.65E-1);
#2107=ORIENTED_EDGE('',*,*,#2106,.F.);
#2109=ORIENTED_EDGE('',*,*,#2108,.F.);
#2111=ORIENTED_EDGE('',*,*,#2110,.T.);
#2112=ORIENTED_EDGE('',*,*,#2043,.F.);
#2113=EDGE_LOOP('',(#2107,#2109,#2111,#2112));
#2114=FACE_OUTER_BOUND('',#2113,.F.);
#2115=ADVANCED_FACE('',(#2114),#2105,.F.);
#2116=CARTESIAN_POINT('',(9.5E0,-4.E0,-6.8E0));
#2117=DIRECTION('',(0.E0,1.E0,0.E0));
#2118=DIRECTION('',(0.E0,0.E0,1.E0));
#2119=AXIS2_PLACEMENT_3D('',#2116,#2117,#2118);
#2120=CYLINDRICAL_SURFACE('',#2119,6.65E-1);
#2121=ORIENTED_EDGE('',*,*,#2045,.F.);
#2122=ORIENTED_EDGE('',*,*,#2110,.F.);
#2124=ORIENTED_EDGE('',*,*,#2123,.F.);
#2125=ORIENTED_EDGE('',*,*,#2106,.T.);
#2126=EDGE_LOOP('',(#2121,#2122,#2124,#2125));
#2127=FACE_OUTER_BOUND('',#2126,.F.);
#2128=ADVANCED_FACE('',(#2127),#2120,.F.);
#2129=CARTESIAN_POINT('',(9.5E0,1.E-2,-6.8E0));
#2130=DIRECTION('',(0.E0,1.E0,0.E0));
#2131=DIRECTION('',(0.E0,0.E0,1.E0));
#2132=AXIS2_PLACEMENT_3D('',#2129,#2130,#2131);
#2133=PLANE('',#2132);
#2134=ORIENTED_EDGE('',*,*,#2123,.T.);
#2135=ORIENTED_EDGE('',*,*,#2108,.T.);
#2136=EDGE_LOOP('',(#2134,#2135));
#2137=FACE_OUTER_BOUND('',#2136,.F.);
#2138=ADVANCED_FACE('',(#2137),#2133,.F.);
#2139=CARTESIAN_POINT('',(6.E0,-2.E-1,-4.E0));
#2140=DIRECTION('',(0.E0,-1.E0,0.E0));
#2141=DIRECTION('',(0.E0,0.E0,-1.E0));
#2142=AXIS2_PLACEMENT_3D('',#2139,#2140,#2141);
#2143=CONICAL_SURFACE('',#2142,3.63E0,4.5E1);
#2145=ORIENTED_EDGE('',*,*,#2144,.T.);
#2146=ORIENTED_EDGE('',*,*,#1806,.T.);
#2148=ORIENTED_EDGE('',*,*,#2147,.F.);
#2149=ORIENTED_EDGE('',*,*,#1573,.F.);
#2150=EDGE_LOOP('',(#2145,#2146,#2148,#2149));
#2151=FACE_OUTER_BOUND('',#2150,.F.);
#2152=ADVANCED_FACE('',(#2151),#2143,.T.);
#2153=CARTESIAN_POINT('',(6.E0,-4.E-1,-1.7E-1));
#2154=DIRECTION('',(0.E0,-7.071067811865E-1,-7.071067811865E-1));
#2155=DIRECTION('',(0.E0,7.071067811865E-1,-7.071067811865E-1));
#2156=AXIS2_PLACEMENT_3D('',#2153,#2154,#2155);
#2157=PLANE('',#2156);
#2159=ORIENTED_EDGE('',*,*,#2158,.T.);
#2160=ORIENTED_EDGE('',*,*,#1808,.T.);
#2161=ORIENTED_EDGE('',*,*,#2144,.F.);
#2162=ORIENTED_EDGE('',*,*,#1571,.F.);
#2163=EDGE_LOOP('',(#2159,#2160,#2161,#2162));
#2164=FACE_OUTER_BOUND('',#2163,.F.);
#2165=ADVANCED_FACE('',(#2164),#2157,.F.);
#2166=CARTESIAN_POINT('',(1.4E1,-2.E-1,-3.E0));
#2167=DIRECTION('',(0.E0,-1.E0,0.E0));
#2168=DIRECTION('',(0.E0,0.E0,-1.E0));
#2169=AXIS2_PLACEMENT_3D('',#2166,#2167,#2168);
#2170=CONICAL_SURFACE('',#2169,2.63E0,4.5E1);
#2171=ORIENTED_EDGE('',*,*,#1777,.T.);
#2172=ORIENTED_EDGE('',*,*,#1810,.T.);
#2173=ORIENTED_EDGE('',*,*,#2158,.F.);
#2174=ORIENTED_EDGE('',*,*,#1569,.F.);
#2175=EDGE_LOOP('',(#2171,#2172,#2173,#2174));
#2176=FACE_OUTER_BOUND('',#2175,.F.);
#2177=ADVANCED_FACE('',(#2176),#2170,.T.);
#2178=CARTESIAN_POINT('',(2.17E0,-4.E-1,-1.2E1));
#2179=DIRECTION('',(7.071067811865E-1,-7.071067811865E-1,0.E0));
#2180=DIRECTION('',(7.071067811865E-1,7.071067811865E-1,0.E0));
#2181=AXIS2_PLACEMENT_3D('',#2178,#2179,#2180);
#2182=PLANE('',#2181);
#2183=ORIENTED_EDGE('',*,*,#2147,.T.);
#2184=ORIENTED_EDGE('',*,*,#1816,.T.);
#2185=ORIENTED_EDGE('',*,*,#1734,.T.);
#2186=ORIENTED_EDGE('',*,*,#1575,.F.);
#2187=EDGE_LOOP('',(#2183,#2184,#2185,#2186));
#2188=FACE_OUTER_BOUND('',#2187,.F.);
#2189=ADVANCED_FACE('',(#2188),#2182,.F.);
#2190=CLOSED_SHELL('',(#1585,#1600,#1617,#1632,#1645,#1661,#1676,#1689,#1702,
#1713,#1725,#1740,#1754,#1768,#1782,#1820,#1835,#1849,#1863,#1877,#1891,#1905,
#1919,#1932,#1966,#1981,#1995,#2009,#2023,#2049,#2063,#2075,#2088,#2100,#2115,
#2128,#2138,#2152,#2165,#2177,#2189));
#2191=MANIFOLD_SOLID_BREP('',#2190);
#2192=(LENGTH_UNIT()NAMED_UNIT(*)SI_UNIT(.MILLI.,.METRE.));
#2193=DIMENSIONAL_EXPONENTS(0.E0,0.E0,0.E0,0.E0,0.E0,0.E0,0.E0);
#2194=(NAMED_UNIT(*)PLANE_ANGLE_UNIT()SI_UNIT($,.RADIAN.));
#2195=PLANE_ANGLE_MEASURE_WITH_UNIT(PLANE_ANGLE_MEASURE(1.745329251994E-2),
#2194);
#2196=(CONVERSION_BASED_UNIT('DEGREE',#2195)NAMED_UNIT(#2193)PLANE_ANGLE_UNIT(
));
#2197=(NAMED_UNIT(*)SI_UNIT($,.STERADIAN.)SOLID_ANGLE_UNIT());
#2198=UNCERTAINTY_MEASURE_WITH_UNIT(LENGTH_MEASURE(2.172016924173E-3),#2192,
'closure',
'Maximum model space distance between geometric entities at asserted connectivities');
#2199=(GEOMETRIC_REPRESENTATION_CONTEXT(3)GLOBAL_UNCERTAINTY_ASSIGNED_CONTEXT((
#2198))GLOBAL_UNIT_ASSIGNED_CONTEXT((#2192,#2196,#2197))REPRESENTATION_CONTEXT(
'ID3','3'));
#2200=CARTESIAN_POINT('',(0.E0,0.E0,0.E0));
#2201=DIRECTION('',(0.E0,0.E0,1.E0));
#2202=DIRECTION('',(1.E0,0.E0,0.E0));
#2205=DESIGN_CONTEXT('',#637,'design');
#2206=MECHANICAL_CONTEXT('',#637,'mechanical');
#2207=PRODUCT('PATCH_DA15_ANY_PRT','PATCH_DA15_ANY_PRT','NOT SPECIFIED',
(#2206));
#2208=PRODUCT_DEFINITION_FORMATION_WITH_SPECIFIED_SOURCE('1','LAST_VERSION',
#2207,.MADE.);
#2214=CARTESIAN_POINT('',(9.74542E0,2.1128276E1,4.E0));
#2215=DIRECTION('',(-1.E0,0.E0,0.E0));
#2216=DIRECTION('',(0.E0,-1.E0,0.E0));
#2217=AXIS2_PLACEMENT_3D('',#2214,#2215,#2216);
#2218=ITEM_DEFINED_TRANSFORMATION('','',#2203,#2217);
#2219=CARTESIAN_POINT('',(0.E0,0.E0,0.E0));
#2220=DIRECTION('',(0.E0,0.E0,1.E0));
#2221=DIRECTION('',(1.E0,0.E0,0.E0));
#2223=(REPRESENTATION_RELATIONSHIP('','',#2204,#648)REPRESENTATION_RELATIONSHIP_WITH_TRANSFORMATION(#2218)SHAPE_REPRESENTATION_RELATIONSHIP());
#2224=CONTEXT_DEPENDENT_SHAPE_REPRESENTATION(#2223,#2213);
#2225=(LENGTH_UNIT()NAMED_UNIT(*)SI_UNIT(.MILLI.,.METRE.));
#2226=DIMENSIONAL_EXPONENTS(0.E0,0.E0,0.E0,0.E0,0.E0,0.E0,0.E0);
#2227=(NAMED_UNIT(*)PLANE_ANGLE_UNIT()SI_UNIT($,.RADIAN.));
#2228=PLANE_ANGLE_MEASURE_WITH_UNIT(PLANE_ANGLE_MEASURE(1.745329251994E-2),
#2227);
#2229=(CONVERSION_BASED_UNIT('DEGREE',#2228)NAMED_UNIT(#2226)PLANE_ANGLE_UNIT(
));
#2230=(NAMED_UNIT(*)SI_UNIT($,.STERADIAN.)SOLID_ANGLE_UNIT());
#2231=UNCERTAINTY_MEASURE_WITH_UNIT(LENGTH_MEASURE(2.230361814089E-3),#2225,
'closure',
'Maximum model space distance between geometric entities at asserted connectivities');
#2232=(GEOMETRIC_REPRESENTATION_CONTEXT(3)GLOBAL_UNCERTAINTY_ASSIGNED_CONTEXT((
#2231))GLOBAL_UNIT_ASSIGNED_CONTEXT((#2225,#2229,#2230))REPRESENTATION_CONTEXT(
'ID4','3'));
#2233=CARTESIAN_POINT('',(0.E0,0.E0,0.E0));
#2234=DIRECTION('',(0.E0,0.E0,1.E0));
#2235=DIRECTION('',(1.E0,0.E0,0.E0));
#2237=MECHANICAL_CONTEXT('',#637,'mechanical');
#2238=PRODUCT('GBSA-100A_ANY_ASM','GBSA-100A_ANY_ASM','NOT SPECIFIED',(#2237));
#2239=PRODUCT_DEFINITION_FORMATION_WITH_SPECIFIED_SOURCE('1','LAST_VERSION',
#2238,.MADE.);
#2246=CARTESIAN_POINT('',(0.E0,0.E0,0.E0));
#2247=DIRECTION('',(0.E0,0.E0,1.E0));
#2248=DIRECTION('',(1.E0,0.E0,0.E0));
#2249=AXIS2_PLACEMENT_3D('',#2246,#2247,#2248);
#2250=ITEM_DEFINED_TRANSFORMATION('','',#659,#2249);
#2251=CARTESIAN_POINT('',(0.E0,0.E0,0.E0));
#2252=DIRECTION('',(0.E0,0.E0,1.E0));
#2253=DIRECTION('',(1.E0,0.E0,0.E0));
#2255=(REPRESENTATION_RELATIONSHIP('','',#648,#2243)REPRESENTATION_RELATIONSHIP_WITH_TRANSFORMATION(#2250)SHAPE_REPRESENTATION_RELATIONSHIP());
#2256=CONTEXT_DEPENDENT_SHAPE_REPRESENTATION(#2255,#2245);
#2257=(LENGTH_UNIT()NAMED_UNIT(*)SI_UNIT(.MILLI.,.METRE.));
#2258=DIMENSIONAL_EXPONENTS(0.E0,0.E0,0.E0,0.E0,0.E0,0.E0,0.E0);
#2259=(NAMED_UNIT(*)PLANE_ANGLE_UNIT()SI_UNIT($,.RADIAN.));
#2260=PLANE_ANGLE_MEASURE_WITH_UNIT(PLANE_ANGLE_MEASURE(1.745329251994E-2),
#2259);
#2261=(CONVERSION_BASED_UNIT('DEGREE',#2260)NAMED_UNIT(#2258)PLANE_ANGLE_UNIT(
));
#2262=(NAMED_UNIT(*)SI_UNIT($,.STERADIAN.)SOLID_ANGLE_UNIT());
#2263=UNCERTAINTY_MEASURE_WITH_UNIT(LENGTH_MEASURE(9.657749953157E-4),#2257,
'closure',
'Maximum model space distance between geometric entities at asserted connectivities');
#2264=(GEOMETRIC_REPRESENTATION_CONTEXT(3)GLOBAL_UNCERTAINTY_ASSIGNED_CONTEXT((
#2263))GLOBAL_UNIT_ASSIGNED_CONTEXT((#2257,#2261,#2262))REPRESENTATION_CONTEXT(
'ID5','3'));
#2265=CARTESIAN_POINT('',(0.E0,0.E0,0.E0));
#2266=DIRECTION('',(0.E0,0.E0,1.E0));
#2267=DIRECTION('',(1.E0,0.E0,0.E0));
#2270=DESIGN_CONTEXT('',#637,'design');
#2271=MECHANICAL_CONTEXT('',#637,'mechanical');
#2272=PRODUCT('_GBSA-100A_PRT','_GBSA-100A_PRT','NOT SPECIFIED',(#2271));
#2273=PRODUCT_DEFINITION_FORMATION_WITH_SPECIFIED_SOURCE('1','LAST_VERSION',
#2272,.MADE.);
#2279=CARTESIAN_POINT('',(0.E0,0.E0,0.E0));
#2280=DIRECTION('',(0.E0,0.E0,1.E0));
#2281=DIRECTION('',(1.E0,0.E0,0.E0));
#2282=AXIS2_PLACEMENT_3D('',#2279,#2280,#2281);
#2283=ITEM_DEFINED_TRANSFORMATION('','',#2268,#2282);
#2284=CARTESIAN_POINT('',(0.E0,0.E0,0.E0));
#2285=DIRECTION('',(0.E0,0.E0,1.E0));
#2286=DIRECTION('',(1.E0,0.E0,0.E0));
#2288=(REPRESENTATION_RELATIONSHIP('','',#2269,#2243)REPRESENTATION_RELATIONSHIP_WITH_TRANSFORMATION(#2283)SHAPE_REPRESENTATION_RELATIONSHIP());
#2289=CONTEXT_DEPENDENT_SHAPE_REPRESENTATION(#2288,#2278);
#2290=(LENGTH_UNIT()NAMED_UNIT(*)SI_UNIT(.MILLI.,.METRE.));
#2291=DIMENSIONAL_EXPONENTS(0.E0,0.E0,0.E0,0.E0,0.E0,0.E0,0.E0);
#2292=(NAMED_UNIT(*)PLANE_ANGLE_UNIT()SI_UNIT($,.RADIAN.));
#2293=PLANE_ANGLE_MEASURE_WITH_UNIT(PLANE_ANGLE_MEASURE(1.745329251994E-2),
#2292);
#2294=(CONVERSION_BASED_UNIT('DEGREE',#2293)NAMED_UNIT(#2291)PLANE_ANGLE_UNIT(
));
#2295=(NAMED_UNIT(*)SI_UNIT($,.STERADIAN.)SOLID_ANGLE_UNIT());
#2296=UNCERTAINTY_MEASURE_WITH_UNIT(LENGTH_MEASURE(2.230361814089E-3),#2290,
'closure',
'Maximum model space distance between geometric entities at asserted connectivities');
#2297=(GEOMETRIC_REPRESENTATION_CONTEXT(3)GLOBAL_UNCERTAINTY_ASSIGNED_CONTEXT((
#2296))GLOBAL_UNIT_ASSIGNED_CONTEXT((#2290,#2294,#2295))REPRESENTATION_CONTEXT(
'ID6','3'));
#2298=CARTESIAN_POINT('',(0.E0,0.E0,0.E0));
#2299=DIRECTION('',(0.E0,0.E0,1.E0));
#2300=DIRECTION('',(1.E0,0.E0,0.E0));
#2302=MECHANICAL_CONTEXT('',#637,'mechanical');
#2303=PRODUCT('GBSA-100A_ASM','GBSA-100A_ASM','NOT SPECIFIED',(#2302));
#2304=PRODUCT_DEFINITION_FORMATION_WITH_SPECIFIED_SOURCE('1','LAST_VERSION',
#2303,.MADE.);
#2311=CARTESIAN_POINT('',(0.E0,0.E0,0.E0));
#2312=DIRECTION('',(0.E0,0.E0,1.E0));
#2313=DIRECTION('',(1.E0,0.E0,0.E0));
#2314=AXIS2_PLACEMENT_3D('',#2311,#2312,#2313);
#2315=ITEM_DEFINED_TRANSFORMATION('','',#2254,#2314);
#2316=(REPRESENTATION_RELATIONSHIP('','',#2243,#2308)REPRESENTATION_RELATIONSHIP_WITH_TRANSFORMATION(#2315)SHAPE_REPRESENTATION_RELATIONSHIP());
#2317=CONTEXT_DEPENDENT_SHAPE_REPRESENTATION(#2316,#2310);
#2319=DIRECTION('',(0.E0,1.E0,0.E0));
#2320=VECTOR('',#2319,6.E-1);
#2321=CARTESIAN_POINT('',(-1.124093964957E0,-3.E-1,0.E0));
#2322=LINE('',#2321,#2320);
#2323=DIRECTION('',(1.E0,0.E0,0.E0));
#2324=VECTOR('',#2323,6.E-1);
#2325=CARTESIAN_POINT('',(-1.724093964957E0,3.E-1,0.E0));
#2326=LINE('',#2325,#2324);
#2327=CARTESIAN_POINT('',(0.E0,0.E0,0.E0));
#2328=DIRECTION('',(0.E0,0.E0,1.E0));
#2329=DIRECTION('',(-9.851965514038E-1,1.714285714286E-1,0.E0));
#2330=AXIS2_PLACEMENT_3D('',#2327,#2328,#2329);
#2332=CARTESIAN_POINT('',(0.E0,0.E0,0.E0));
#2333=DIRECTION('',(0.E0,0.E0,1.E0));
#2334=DIRECTION('',(-1.E0,0.E0,0.E0));
#2335=AXIS2_PLACEMENT_3D('',#2332,#2333,#2334);
#2337=DIRECTION('',(1.E0,0.E0,0.E0));
#2338=VECTOR('',#2337,6.E-1);
#2339=CARTESIAN_POINT('',(-1.724093964957E0,-3.E-1,0.E0));
#2340=LINE('',#2339,#2338);
#2341=DIRECTION('',(0.E0,1.E0,0.E0));
#2342=VECTOR('',#2341,6.E-1);
#2343=CARTESIAN_POINT('',(-3.E-1,-3.E-1,0.E0));
#2344=LINE('',#2343,#2342);
#2345=DIRECTION('',(1.E0,0.E0,0.E0));
#2346=VECTOR('',#2345,6.E-1);
#2347=CARTESIAN_POINT('',(-3.E-1,-3.E-1,0.E0));
#2348=LINE('',#2347,#2346);
#2349=DIRECTION('',(0.E0,1.E0,0.E0));
#2350=VECTOR('',#2349,6.E-1);
#2351=CARTESIAN_POINT('',(3.E-1,-3.E-1,0.E0));
#2352=LINE('',#2351,#2350);
#2353=DIRECTION('',(1.E0,0.E0,0.E0));
#2354=VECTOR('',#2353,6.E-1);
#2355=CARTESIAN_POINT('',(-3.E-1,3.E-1,0.E0));
#2356=LINE('',#2355,#2354);
#2357=DIRECTION('',(0.E0,1.E0,0.E0));
#2358=VECTOR('',#2357,6.E-1);
#2359=CARTESIAN_POINT('',(1.124093964957E0,-3.E-1,0.E0));
#2360=LINE('',#2359,#2358);
#2361=DIRECTION('',(1.E0,0.E0,0.E0));
#2362=VECTOR('',#2361,6.E-1);
#2363=CARTESIAN_POINT('',(1.124093964957E0,-3.E-1,0.E0));
#2364=LINE('',#2363,#2362);
#2365=CARTESIAN_POINT('',(0.E0,0.E0,0.E0));
#2366=DIRECTION('',(0.E0,0.E0,1.E0));
#2367=DIRECTION('',(9.851965514038E-1,-1.714285714286E-1,0.E0));
#2368=AXIS2_PLACEMENT_3D('',#2365,#2366,#2367);
#2370=CARTESIAN_POINT('',(0.E0,0.E0,0.E0));
#2371=DIRECTION('',(0.E0,0.E0,1.E0));
#2372=DIRECTION('',(1.E0,0.E0,0.E0));
#2373=AXIS2_PLACEMENT_3D('',#2370,#2371,#2372);
#2375=DIRECTION('',(1.E0,0.E0,0.E0));
#2376=VECTOR('',#2375,6.E-1);
#2377=CARTESIAN_POINT('',(1.124093964957E0,3.E-1,0.E0));
#2378=LINE('',#2377,#2376);
#2379=DIRECTION('',(0.E0,0.E0,1.E0));
#2380=VECTOR('',#2379,3.E0);
#2381=CARTESIAN_POINT('',(-1.124093964957E0,-3.E-1,0.E0));
#2382=LINE('',#2381,#2380);
#2383=DIRECTION('',(0.E0,0.E0,1.E0));
#2384=VECTOR('',#2383,3.E0);
#2385=CARTESIAN_POINT('',(-1.724093964957E0,-3.E-1,0.E0));
#2386=LINE('',#2385,#2384);
#2387=DIRECTION('',(1.E0,0.E0,0.E0));
#2388=VECTOR('',#2387,6.E-1);
#2389=CARTESIAN_POINT('',(-1.724093964957E0,-3.E-1,3.E0));
#2390=LINE('',#2389,#2388);
#2391=DIRECTION('',(0.E0,0.E0,1.E0));
#2392=VECTOR('',#2391,3.E0);
#2393=CARTESIAN_POINT('',(-3.E-1,-3.E-1,0.E0));
#2394=LINE('',#2393,#2392);
#2395=DIRECTION('',(1.E0,0.E0,0.E0));
#2396=VECTOR('',#2395,6.E-1);
#2397=CARTESIAN_POINT('',(-3.E-1,-3.E-1,3.E0));
#2398=LINE('',#2397,#2396);
#2399=DIRECTION('',(0.E0,0.E0,1.E0));
#2400=VECTOR('',#2399,3.E0);
#2401=CARTESIAN_POINT('',(3.E-1,-3.E-1,0.E0));
#2402=LINE('',#2401,#2400);
#2403=DIRECTION('',(0.E0,0.E0,1.E0));
#2404=VECTOR('',#2403,3.E0);
#2405=CARTESIAN_POINT('',(1.124093964957E0,-3.E-1,0.E0));
#2406=LINE('',#2405,#2404);
#2407=DIRECTION('',(1.E0,0.E0,0.E0));
#2408=VECTOR('',#2407,6.E-1);
#2409=CARTESIAN_POINT('',(1.124093964957E0,-3.E-1,3.E0));
#2410=LINE('',#2409,#2408);
#2411=DIRECTION('',(0.E0,0.E0,1.E0));
#2412=VECTOR('',#2411,3.E0);
#2413=CARTESIAN_POINT('',(1.724093964957E0,-3.E-1,0.E0));
#2414=LINE('',#2413,#2412);
#2415=DIRECTION('',(0.E0,0.E0,1.E0));
#2416=VECTOR('',#2415,7.7E0);
#2417=CARTESIAN_POINT('',(-1.75E0,0.E0,0.E0));
#2418=LINE('',#2417,#2416);
#2419=DIRECTION('',(0.E0,0.E0,1.E0));
#2420=VECTOR('',#2419,7.7E0);
#2421=CARTESIAN_POINT('',(1.75E0,0.E0,0.E0));
#2422=LINE('',#2421,#2420);
#2423=DIRECTION('',(0.E0,0.E0,1.E0));
#2424=VECTOR('',#2423,3.E0);
#2425=CARTESIAN_POINT('',(-1.124093964957E0,3.E-1,0.E0));
#2426=LINE('',#2425,#2424);
#2427=DIRECTION('',(-1.E0,0.E0,0.E0));
#2428=VECTOR('',#2427,6.E-1);
#2429=CARTESIAN_POINT('',(-1.124093964957E0,3.E-1,3.E0));
#2430=LINE('',#2429,#2428);
#2431=DIRECTION('',(0.E0,0.E0,1.E0));
#2432=VECTOR('',#2431,3.E0);
#2433=CARTESIAN_POINT('',(-1.724093964957E0,3.E-1,0.E0));
#2434=LINE('',#2433,#2432);
#2435=DIRECTION('',(0.E0,0.E0,1.E0));
#2436=VECTOR('',#2435,3.E0);
#2437=CARTESIAN_POINT('',(-3.E-1,3.E-1,0.E0));
#2438=LINE('',#2437,#2436);
#2439=DIRECTION('',(0.E0,0.E0,1.E0));
#2440=VECTOR('',#2439,3.E0);
#2441=CARTESIAN_POINT('',(3.E-1,3.E-1,0.E0));
#2442=LINE('',#2441,#2440);
#2443=DIRECTION('',(-1.E0,0.E0,0.E0));
#2444=VECTOR('',#2443,6.E-1);
#2445=CARTESIAN_POINT('',(3.E-1,3.E-1,3.E0));
#2446=LINE('',#2445,#2444);
#2447=DIRECTION('',(0.E0,0.E0,1.E0));
#2448=VECTOR('',#2447,3.E0);
#2449=CARTESIAN_POINT('',(1.124093964957E0,3.E-1,0.E0));
#2450=LINE('',#2449,#2448);
#2451=DIRECTION('',(0.E0,0.E0,1.E0));
#2452=VECTOR('',#2451,3.E0);
#2453=CARTESIAN_POINT('',(1.724093964957E0,3.E-1,0.E0));
#2454=LINE('',#2453,#2452);
#2455=DIRECTION('',(-1.E0,0.E0,0.E0));
#2456=VECTOR('',#2455,6.E-1);
#2457=CARTESIAN_POINT('',(1.724093964957E0,3.E-1,3.E0));
#2458=LINE('',#2457,#2456);
#2459=DIRECTION('',(0.E0,-1.E0,0.E0));
#2460=VECTOR('',#2459,6.E-1);
#2461=CARTESIAN_POINT('',(3.E-1,3.E-1,3.E0));
#2462=LINE('',#2461,#2460);
#2463=DIRECTION('',(0.E0,-1.E0,0.E0));
#2464=VECTOR('',#2463,6.E-1);
#2465=CARTESIAN_POINT('',(-1.124093964957E0,3.E-1,3.E0));
#2466=LINE('',#2465,#2464);
#2467=CARTESIAN_POINT('',(0.E0,0.E0,3.E0));
#2468=DIRECTION('',(0.E0,0.E0,1.E0));
#2469=DIRECTION('',(-9.851965514038E-1,-1.714285714286E-1,0.E0));
#2470=AXIS2_PLACEMENT_3D('',#2467,#2468,#2469);
#2472=CARTESIAN_POINT('',(0.E0,0.E0,3.E0));
#2473=DIRECTION('',(0.E0,0.E0,1.E0));
#2474=DIRECTION('',(9.851965514038E-1,1.714285714286E-1,0.E0));
#2475=AXIS2_PLACEMENT_3D('',#2472,#2473,#2474);
#2477=DIRECTION('',(0.E0,-1.E0,0.E0));
#2478=VECTOR('',#2477,6.E-1);
#2479=CARTESIAN_POINT('',(-3.E-1,3.E-1,3.E0));
#2480=LINE('',#2479,#2478);
#2481=DIRECTION('',(0.E0,-1.E0,0.E0));
#2482=VECTOR('',#2481,6.E-1);
#2483=CARTESIAN_POINT('',(1.124093964957E0,3.E-1,3.E0));
#2484=LINE('',#2483,#2482);
#2485=CARTESIAN_POINT('',(0.E0,0.E0,7.7E0));
#2486=DIRECTION('',(0.E0,0.E0,1.E0));
#2487=DIRECTION('',(1.E0,0.E0,0.E0));
#2488=AXIS2_PLACEMENT_3D('',#2485,#2486,#2487);
#2490=CARTESIAN_POINT('',(0.E0,0.E0,7.7E0));
#2491=DIRECTION('',(0.E0,0.E0,1.E0));
#2492=DIRECTION('',(-1.E0,0.E0,0.E0));
#2493=AXIS2_PLACEMENT_3D('',#2490,#2491,#2492);
#2495=CARTESIAN_POINT('',(1.75E0,0.E0,7.7E0));
#2496=CARTESIAN_POINT('',(-1.75E0,0.E0,7.7E0));
#2497=VERTEX_POINT('',#2495);
#2498=VERTEX_POINT('',#2496);
#2499=CARTESIAN_POINT('',(1.75E0,0.E0,0.E0));
#2500=VERTEX_POINT('',#2499);
#2501=CARTESIAN_POINT('',(-1.75E0,0.E0,0.E0));
#2502=VERTEX_POINT('',#2501);
#2503=CARTESIAN_POINT('',(1.724093964957E0,3.E-1,0.E0));
#2504=CARTESIAN_POINT('',(1.724093964957E0,3.E-1,3.E0));
#2505=VERTEX_POINT('',#2503);
#2506=VERTEX_POINT('',#2504);
#2507=CARTESIAN_POINT('',(-1.724093964957E0,3.E-1,0.E0));
#2508=CARTESIAN_POINT('',(-1.724093964957E0,3.E-1,3.E0));
#2509=VERTEX_POINT('',#2507);
#2510=VERTEX_POINT('',#2508);
#2511=CARTESIAN_POINT('',(-1.724093964957E0,-3.E-1,0.E0));
#2512=CARTESIAN_POINT('',(-1.724093964957E0,-3.E-1,3.E0));
#2513=VERTEX_POINT('',#2511);
#2514=VERTEX_POINT('',#2512);
#2515=CARTESIAN_POINT('',(1.724093964957E0,-3.E-1,0.E0));
#2516=CARTESIAN_POINT('',(1.724093964957E0,-3.E-1,3.E0));
#2517=VERTEX_POINT('',#2515);
#2518=VERTEX_POINT('',#2516);
#2519=CARTESIAN_POINT('',(-1.124093964957E0,-3.E-1,0.E0));
#2520=CARTESIAN_POINT('',(-1.124093964957E0,3.E-1,0.E0));
#2521=VERTEX_POINT('',#2519);
#2522=VERTEX_POINT('',#2520);
#2523=CARTESIAN_POINT('',(-3.E-1,-3.E-1,0.E0));
#2524=CARTESIAN_POINT('',(-3.E-1,3.E-1,0.E0));
#2525=VERTEX_POINT('',#2523);
#2526=VERTEX_POINT('',#2524);
#2527=CARTESIAN_POINT('',(3.E-1,-3.E-1,0.E0));
#2528=CARTESIAN_POINT('',(3.E-1,3.E-1,0.E0));
#2529=VERTEX_POINT('',#2527);
#2530=VERTEX_POINT('',#2528);
#2531=CARTESIAN_POINT('',(1.124093964957E0,-3.E-1,0.E0));
#2532=CARTESIAN_POINT('',(1.124093964957E0,3.E-1,0.E0));
#2533=VERTEX_POINT('',#2531);
#2534=VERTEX_POINT('',#2532);
#2535=CARTESIAN_POINT('',(-1.124093964957E0,3.E-1,3.E0));
#2536=VERTEX_POINT('',#2535);
#2537=CARTESIAN_POINT('',(-3.E-1,3.E-1,3.E0));
#2538=VERTEX_POINT('',#2537);
#2539=CARTESIAN_POINT('',(3.E-1,3.E-1,3.E0));
#2540=VERTEX_POINT('',#2539);
#2541=CARTESIAN_POINT('',(1.124093964957E0,3.E-1,3.E0));
#2542=VERTEX_POINT('',#2541);
#2543=CARTESIAN_POINT('',(-1.124093964957E0,-3.E-1,3.E0));
#2544=VERTEX_POINT('',#2543);
#2545=CARTESIAN_POINT('',(-3.E-1,-3.E-1,3.E0));
#2546=VERTEX_POINT('',#2545);
#2547=CARTESIAN_POINT('',(3.E-1,-3.E-1,3.E0));
#2548=VERTEX_POINT('',#2547);
#2549=CARTESIAN_POINT('',(1.124093964957E0,-3.E-1,3.E0));
#2550=VERTEX_POINT('',#2549);
#2551=CARTESIAN_POINT('',(0.E0,0.E0,0.E0));
#2552=DIRECTION('',(0.E0,0.E0,1.E0));
#2553=DIRECTION('',(1.E0,0.E0,0.E0));
#2554=AXIS2_PLACEMENT_3D('',#2551,#2552,#2553);
#2555=PLANE('',#2554);
#2557=ORIENTED_EDGE('',*,*,#2556,.T.);
#2559=ORIENTED_EDGE('',*,*,#2558,.F.);
#2561=ORIENTED_EDGE('',*,*,#2560,.T.);
#2563=ORIENTED_EDGE('',*,*,#2562,.T.);
#2565=ORIENTED_EDGE('',*,*,#2564,.T.);
#2566=EDGE_LOOP('',(#2557,#2559,#2561,#2563,#2565));
#2567=FACE_OUTER_BOUND('',#2566,.F.);
#2568=ADVANCED_FACE('',(#2567),#2555,.F.);
#2569=CARTESIAN_POINT('',(0.E0,0.E0,0.E0));
#2570=DIRECTION('',(0.E0,0.E0,1.E0));
#2571=DIRECTION('',(1.E0,0.E0,0.E0));
#2572=AXIS2_PLACEMENT_3D('',#2569,#2570,#2571);
#2573=PLANE('',#2572);
#2575=ORIENTED_EDGE('',*,*,#2574,.F.);
#2577=ORIENTED_EDGE('',*,*,#2576,.T.);
#2579=ORIENTED_EDGE('',*,*,#2578,.T.);
#2581=ORIENTED_EDGE('',*,*,#2580,.F.);
#2582=EDGE_LOOP('',(#2575,#2577,#2579,#2581));
#2583=FACE_OUTER_BOUND('',#2582,.F.);
#2584=ADVANCED_FACE('',(#2583),#2573,.F.);
#2585=CARTESIAN_POINT('',(0.E0,0.E0,0.E0));
#2586=DIRECTION('',(0.E0,0.E0,1.E0));
#2587=DIRECTION('',(1.E0,0.E0,0.E0));
#2588=AXIS2_PLACEMENT_3D('',#2585,#2586,#2587);
#2589=PLANE('',#2588);
#2591=ORIENTED_EDGE('',*,*,#2590,.F.);
#2593=ORIENTED_EDGE('',*,*,#2592,.T.);
#2595=ORIENTED_EDGE('',*,*,#2594,.T.);
#2597=ORIENTED_EDGE('',*,*,#2596,.T.);
#2599=ORIENTED_EDGE('',*,*,#2598,.F.);
#2600=EDGE_LOOP('',(#2591,#2593,#2595,#2597,#2599));
#2601=FACE_OUTER_BOUND('',#2600,.F.);
#2602=ADVANCED_FACE('',(#2601),#2589,.F.);
#2603=CARTESIAN_POINT('',(-1.124093964957E0,2.101676599416E0,
-5.650254271947E-1));
#2604=DIRECTION('',(-1.E0,0.E0,0.E0));
#2605=DIRECTION('',(0.E0,0.E0,1.E0));
#2606=AXIS2_PLACEMENT_3D('',#2603,#2604,#2605);
#2607=PLANE('',#2606);
#2608=ORIENTED_EDGE('',*,*,#2556,.F.);
#2610=ORIENTED_EDGE('',*,*,#2609,.T.);
#2612=ORIENTED_EDGE('',*,*,#2611,.F.);
#2614=ORIENTED_EDGE('',*,*,#2613,.F.);
#2615=EDGE_LOOP('',(#2608,#2610,#2612,#2614));
#2616=FACE_OUTER_BOUND('',#2615,.F.);
#2617=ADVANCED_FACE('',(#2616),#2607,.F.);
#2618=CARTESIAN_POINT('',(0.E0,-3.E-1,0.E0));
#2619=DIRECTION('',(0.E0,1.E0,0.E0));
#2620=DIRECTION('',(-1.E0,0.E0,0.E0));
#2621=AXIS2_PLACEMENT_3D('',#2618,#2619,#2620);
#2622=PLANE('',#2621);
#2623=ORIENTED_EDGE('',*,*,#2609,.F.);
#2624=ORIENTED_EDGE('',*,*,#2564,.F.);
#2626=ORIENTED_EDGE('',*,*,#2625,.T.);
#2628=ORIENTED_EDGE('',*,*,#2627,.T.);
#2629=EDGE_LOOP('',(#2623,#2624,#2626,#2628));
#2630=FACE_OUTER_BOUND('',#2629,.F.);
#2631=ADVANCED_FACE('',(#2630),#2622,.F.);
#2632=CARTESIAN_POINT('',(0.E0,-3.E-1,0.E0));
#2633=DIRECTION('',(0.E0,1.E0,0.E0));
#2634=DIRECTION('',(-1.E0,0.E0,0.E0));
#2635=AXIS2_PLACEMENT_3D('',#2632,#2633,#2634);
#2636=PLANE('',#2635);
#2638=ORIENTED_EDGE('',*,*,#2637,.T.);
#2640=ORIENTED_EDGE('',*,*,#2639,.T.);
#2642=ORIENTED_EDGE('',*,*,#2641,.F.);
#2643=ORIENTED_EDGE('',*,*,#2576,.F.);
#2644=EDGE_LOOP('',(#2638,#2640,#2642,#2643));
#2645=FACE_OUTER_BOUND('',#2644,.F.);
#2646=ADVANCED_FACE('',(#2645),#2636,.F.);
#2647=CARTESIAN_POINT('',(0.E0,-3.E-1,0.E0));
#2648=DIRECTION('',(0.E0,1.E0,0.E0));
#2649=DIRECTION('',(-1.E0,0.E0,0.E0));
#2650=AXIS2_PLACEMENT_3D('',#2647,#2648,#2649);
#2651=PLANE('',#2650);
#2653=ORIENTED_EDGE('',*,*,#2652,.T.);
#2655=ORIENTED_EDGE('',*,*,#2654,.T.);
#2657=ORIENTED_EDGE('',*,*,#2656,.F.);
#2658=ORIENTED_EDGE('',*,*,#2592,.F.);
#2659=EDGE_LOOP('',(#2653,#2655,#2657,#2658));
#2660=FACE_OUTER_BOUND('',#2659,.F.);
#2661=ADVANCED_FACE('',(#2660),#2651,.F.);
#2662=CARTESIAN_POINT('',(0.E0,0.E0,0.E0));
#2663=DIRECTION('',(0.E0,0.E0,1.E0));
#2664=DIRECTION('',(1.E0,0.E0,0.E0));
#2665=AXIS2_PLACEMENT_3D('',#2662,#2663,#2664);
#2666=CYLINDRICAL_SURFACE('',#2665,1.75E0);
#2667=ORIENTED_EDGE('',*,*,#2625,.F.);
#2668=ORIENTED_EDGE('',*,*,#2562,.F.);
#2670=ORIENTED_EDGE('',*,*,#2669,.T.);
#2672=ORIENTED_EDGE('',*,*,#2671,.T.);
#2674=ORIENTED_EDGE('',*,*,#2673,.F.);
#2675=ORIENTED_EDGE('',*,*,#2594,.F.);
#2676=ORIENTED_EDGE('',*,*,#2656,.T.);
#2678=ORIENTED_EDGE('',*,*,#2677,.F.);
#2679=EDGE_LOOP('',(#2667,#2668,#2670,#2672,#2674,#2675,#2676,#2678));
#2680=FACE_OUTER_BOUND('',#2679,.F.);
#2681=ADVANCED_FACE('',(#2680),#2666,.T.);
#2682=CARTESIAN_POINT('',(0.E0,0.E0,0.E0));
#2683=DIRECTION('',(0.E0,0.E0,1.E0));
#2684=DIRECTION('',(1.E0,0.E0,0.E0));
#2685=AXIS2_PLACEMENT_3D('',#2682,#2683,#2684);
#2686=CYLINDRICAL_SURFACE('',#2685,1.75E0);
#2688=ORIENTED_EDGE('',*,*,#2687,.F.);
#2689=ORIENTED_EDGE('',*,*,#2596,.F.);
#2690=ORIENTED_EDGE('',*,*,#2673,.T.);
#2692=ORIENTED_EDGE('',*,*,#2691,.T.);
#2693=ORIENTED_EDGE('',*,*,#2669,.F.);
#2694=ORIENTED_EDGE('',*,*,#2560,.F.);
#2696=ORIENTED_EDGE('',*,*,#2695,.T.);
#2698=ORIENTED_EDGE('',*,*,#2697,.F.);
#2699=EDGE_LOOP('',(#2688,#2689,#2690,#2692,#2693,#2694,#2696,#2698));
#2700=FACE_OUTER_BOUND('',#2699,.F.);
#2701=ADVANCED_FACE('',(#2700),#2686,.T.);
#2702=CARTESIAN_POINT('',(0.E0,3.E-1,0.E0));
#2703=DIRECTION('',(0.E0,-1.E0,0.E0));
#2704=DIRECTION('',(1.E0,0.E0,0.E0));
#2705=AXIS2_PLACEMENT_3D('',#2702,#2703,#2704);
#2706=PLANE('',#2705);
#2707=ORIENTED_EDGE('',*,*,#2613,.T.);
#2709=ORIENTED_EDGE('',*,*,#2708,.T.);
#2710=ORIENTED_EDGE('',*,*,#2695,.F.);
#2711=ORIENTED_EDGE('',*,*,#2558,.T.);
#2712=EDGE_LOOP('',(#2707,#2709,#2710,#2711));
#2713=FACE_OUTER_BOUND('',#2712,.F.);
#2714=ADVANCED_FACE('',(#2713),#2706,.F.);
#2715=CARTESIAN_POINT('',(0.E0,3.E-1,0.E0));
#2716=DIRECTION('',(0.E0,-1.E0,0.E0));
#2717=DIRECTION('',(1.E0,0.E0,0.E0));
#2718=AXIS2_PLACEMENT_3D('',#2715,#2716,#2717);
#2719=PLANE('',#2718);
#2721=ORIENTED_EDGE('',*,*,#2720,.F.);
#2722=ORIENTED_EDGE('',*,*,#2580,.T.);
#2724=ORIENTED_EDGE('',*,*,#2723,.T.);
#2726=ORIENTED_EDGE('',*,*,#2725,.T.);
#2727=EDGE_LOOP('',(#2721,#2722,#2724,#2726));
#2728=FACE_OUTER_BOUND('',#2727,.F.);
#2729=ADVANCED_FACE('',(#2728),#2719,.F.);
#2730=CARTESIAN_POINT('',(0.E0,3.E-1,0.E0));
#2731=DIRECTION('',(0.E0,-1.E0,0.E0));
#2732=DIRECTION('',(1.E0,0.E0,0.E0));
#2733=AXIS2_PLACEMENT_3D('',#2730,#2731,#2732);
#2734=PLANE('',#2733);
#2736=ORIENTED_EDGE('',*,*,#2735,.F.);
#2737=ORIENTED_EDGE('',*,*,#2598,.T.);
#2738=ORIENTED_EDGE('',*,*,#2687,.T.);
#2740=ORIENTED_EDGE('',*,*,#2739,.T.);
#2741=EDGE_LOOP('',(#2736,#2737,#2738,#2740));
#2742=FACE_OUTER_BOUND('',#2741,.F.);
#2743=ADVANCED_FACE('',(#2742),#2734,.F.);
#2744=CARTESIAN_POINT('',(2.752369461805E0,3.E-1,3.E0));
#2745=DIRECTION('',(0.E0,0.E0,1.E0));
#2746=DIRECTION('',(-1.E0,0.E0,0.E0));
#2747=AXIS2_PLACEMENT_3D('',#2744,#2745,#2746);
#2748=PLANE('',#2747);
#2749=ORIENTED_EDGE('',*,*,#2611,.T.);
#2750=ORIENTED_EDGE('',*,*,#2627,.F.);
#2751=ORIENTED_EDGE('',*,*,#2677,.T.);
#2752=ORIENTED_EDGE('',*,*,#2654,.F.);
#2754=ORIENTED_EDGE('',*,*,#2753,.F.);
#2755=ORIENTED_EDGE('',*,*,#2739,.F.);
#2756=ORIENTED_EDGE('',*,*,#2697,.T.);
#2757=ORIENTED_EDGE('',*,*,#2708,.F.);
#2758=EDGE_LOOP('',(#2749,#2750,#2751,#2752,#2754,#2755,#2756,#2757));
#2759=FACE_OUTER_BOUND('',#2758,.F.);
#2761=ORIENTED_EDGE('',*,*,#2760,.T.);
#2762=ORIENTED_EDGE('',*,*,#2639,.F.);
#2764=ORIENTED_EDGE('',*,*,#2763,.F.);
#2765=ORIENTED_EDGE('',*,*,#2725,.F.);
#2766=EDGE_LOOP('',(#2761,#2762,#2764,#2765));
#2767=FACE_BOUND('',#2766,.F.);
#2768=ADVANCED_FACE('',(#2759,#2767),#2748,.F.);
#2769=CARTESIAN_POINT('',(3.E-1,2.101676599416E0,-5.650254271947E-1));
#2770=DIRECTION('',(-1.E0,0.E0,0.E0));
#2771=DIRECTION('',(0.E0,0.E0,1.E0));
#2772=AXIS2_PLACEMENT_3D('',#2769,#2770,#2771);
#2773=PLANE('',#2772);
#2774=ORIENTED_EDGE('',*,*,#2578,.F.);
#2775=ORIENTED_EDGE('',*,*,#2641,.T.);
#2776=ORIENTED_EDGE('',*,*,#2760,.F.);
#2777=ORIENTED_EDGE('',*,*,#2723,.F.);
#2778=EDGE_LOOP('',(#2774,#2775,#2776,#2777));
#2779=FACE_OUTER_BOUND('',#2778,.F.);
#2780=ADVANCED_FACE('',(#2779),#2773,.F.);
#2781=CARTESIAN_POINT('',(-3.E-1,2.101676599416E0,3.E0));
#2782=DIRECTION('',(1.E0,0.E0,0.E0));
#2783=DIRECTION('',(0.E0,0.E0,-1.E0));
#2784=AXIS2_PLACEMENT_3D('',#2781,#2782,#2783);
#2785=PLANE('',#2784);
#2786=ORIENTED_EDGE('',*,*,#2574,.T.);
#2787=ORIENTED_EDGE('',*,*,#2720,.T.);
#2788=ORIENTED_EDGE('',*,*,#2763,.T.);
#2789=ORIENTED_EDGE('',*,*,#2637,.F.);
#2790=EDGE_LOOP('',(#2786,#2787,#2788,#2789));
#2791=FACE_OUTER_BOUND('',#2790,.F.);
#2792=ADVANCED_FACE('',(#2791),#2785,.F.);
#2793=CARTESIAN_POINT('',(1.124093964957E0,2.101676599416E0,3.E0));
#2794=DIRECTION('',(1.E0,0.E0,0.E0));
#2795=DIRECTION('',(0.E0,0.E0,-1.E0));
#2796=AXIS2_PLACEMENT_3D('',#2793,#2794,#2795);
#2797=PLANE('',#2796);
#2798=ORIENTED_EDGE('',*,*,#2590,.T.);
#2799=ORIENTED_EDGE('',*,*,#2735,.T.);
#2800=ORIENTED_EDGE('',*,*,#2753,.T.);
#2801=ORIENTED_EDGE('',*,*,#2652,.F.);
#2802=EDGE_LOOP('',(#2798,#2799,#2800,#2801));
#2803=FACE_OUTER_BOUND('',#2802,.F.);
#2804=ADVANCED_FACE('',(#2803),#2797,.F.);
#2805=CARTESIAN_POINT('',(0.E0,0.E0,7.7E0));
#2806=DIRECTION('',(0.E0,0.E0,1.E0));
#2807=DIRECTION('',(1.E0,0.E0,0.E0));
#2808=AXIS2_PLACEMENT_3D('',#2805,#2806,#2807);
#2809=PLANE('',#2808);
#2810=ORIENTED_EDGE('',*,*,#2691,.F.);
#2811=ORIENTED_EDGE('',*,*,#2671,.F.);
#2812=EDGE_LOOP('',(#2810,#2811));
#2813=FACE_OUTER_BOUND('',#2812,.F.);
#2814=ADVANCED_FACE('',(#2813),#2809,.T.);
#2815=CLOSED_SHELL('',(#2568,#2584,#2602,#2617,#2631,#2646,#2661,#2681,#2701,
#2714,#2729,#2743,#2768,#2780,#2792,#2804,#2814));
#2816=MANIFOLD_SOLID_BREP('',#2815);
#2817=(LENGTH_UNIT()NAMED_UNIT(*)SI_UNIT(.MILLI.,.METRE.));
#2818=DIMENSIONAL_EXPONENTS(0.E0,0.E0,0.E0,0.E0,0.E0,0.E0,0.E0);
#2819=(NAMED_UNIT(*)PLANE_ANGLE_UNIT()SI_UNIT($,.RADIAN.));
#2820=PLANE_ANGLE_MEASURE_WITH_UNIT(PLANE_ANGLE_MEASURE(1.745329251994E-2),
#2819);
#2821=(CONVERSION_BASED_UNIT('DEGREE',#2820)NAMED_UNIT(#2818)PLANE_ANGLE_UNIT(
));
#2822=(NAMED_UNIT(*)SI_UNIT($,.STERADIAN.)SOLID_ANGLE_UNIT());
#2823=UNCERTAINTY_MEASURE_WITH_UNIT(LENGTH_MEASURE(9.154390394966E-4),#2817,
'closure',
'Maximum model space distance between geometric entities at asserted connectivities');
#2824=(GEOMETRIC_REPRESENTATION_CONTEXT(3)GLOBAL_UNCERTAINTY_ASSIGNED_CONTEXT((
#2823))GLOBAL_UNIT_ASSIGNED_CONTEXT((#2817,#2821,#2822))REPRESENTATION_CONTEXT(
'ID7','3'));
#2825=CARTESIAN_POINT('',(0.E0,0.E0,0.E0));
#2826=DIRECTION('',(0.E0,0.E0,1.E0));
#2827=DIRECTION('',(1.E0,0.E0,0.E0));
#2830=DESIGN_CONTEXT('',#637,'design');
#2831=MECHANICAL_CONTEXT('',#637,'mechanical');
#2832=PRODUCT('GPS-ANT-EXT-CONN_PRT','GPS-ANT-EXT-CONN_PRT','NOT SPECIFIED',(
#2831));
#2833=PRODUCT_DEFINITION_FORMATION_WITH_SPECIFIED_SOURCE('1','LAST_VERSION',
#2832,.MADE.);
#2839=CARTESIAN_POINT('',(1.223324820997E1,2.107322475177E1,-1.130578685303E0));
#2840=DIRECTION('',(0.E0,1.E0,0.E0));
#2841=DIRECTION('',(1.E0,0.E0,0.E0));
#2842=AXIS2_PLACEMENT_3D('',#2839,#2840,#2841);
#2843=ITEM_DEFINED_TRANSFORMATION('','',#2828,#2842);
#2844=(REPRESENTATION_RELATIONSHIP('','',#2829,#2308)REPRESENTATION_RELATIONSHIP_WITH_TRANSFORMATION(#2843)SHAPE_REPRESENTATION_RELATIONSHIP());
#2845=CONTEXT_DEPENDENT_SHAPE_REPRESENTATION(#2844,#2838);
#2847=CARTESIAN_POINT('',(2.373001660294E1,2.073468448352E1,-1.E0));
#2848=CARTESIAN_POINT('',(2.340294114655E1,2.089996861042E1,-1.E0));
#2849=CARTESIAN_POINT('',(2.285568113370E1,2.098647302924E1,-1.E0));
#2850=CARTESIAN_POINT('',(2.218994780498E1,2.052074813873E1,-1.E0));
#2851=CARTESIAN_POINT('',(2.207279198770E1,1.985868364706E1,-1.E0));
#2852=CARTESIAN_POINT('',(2.231130425552E1,1.956781236509E1,-1.E0));
#2853=CARTESIAN_POINT('',(2.241129221780E1,1.948716548253E1,-1.E0));
#2855=DIRECTION('',(2.893137831786E-5,5.729092825670E-5,-9.999999979404E-1));
#2856=VECTOR('',#2855,2.000000004119E-1);
#2857=CARTESIAN_POINT('',(2.373001081666E1,2.073467302533E1,-8.E-1));
#2858=LINE('',#2857,#2856);
#2859=CARTESIAN_POINT('',(2.384453873663E1,2.043119793298E1,-1.2E0));
#2860=CARTESIAN_POINT('',(2.377160560007E1,2.048532338816E1,-1.2E0));
#2861=CARTESIAN_POINT('',(2.362096635295E1,2.057276568676E1,-1.2E0));
#2862=CARTESIAN_POINT('',(2.339314908984E1,2.066219815571E1,-1.2E0));
#2863=CARTESIAN_POINT('',(2.316887190888E1,2.070682361405E1,-1.2E0));
#2864=CARTESIAN_POINT('',(2.295208511377E1,2.070176943101E1,-1.2E0));
#2865=CARTESIAN_POINT('',(2.275602908124E1,2.064612761274E1,-1.2E0));
#2866=CARTESIAN_POINT('',(2.259123730487E1,2.054884420659E1,-1.2E0));
#2867=CARTESIAN_POINT('',(2.246820779320E1,2.042299769386E1,-1.2E0));
#2868=CARTESIAN_POINT('',(2.238690193974E1,2.027307003892E1,-1.2E0));
#2869=CARTESIAN_POINT('',(2.234575883991E1,2.011736755881E1,-1.2E0));
#2870=CARTESIAN_POINT('',(2.233993700317E1,1.997613600916E1,-1.2E0));
#2871=CARTESIAN_POINT('',(2.236736558851E1,1.985025435931E1,-1.2E0));
#2872=CARTESIAN_POINT('',(2.243252193840E1,1.973974733963E1,-1.2E0));
#2873=CARTESIAN_POINT('',(2.249834712799E1,1.967389731390E1,-1.2E0));
#2874=CARTESIAN_POINT('',(2.253685348977E1,1.964283939487E1,-1.2E0));
#2876=CARTESIAN_POINT('',(2.396372768230E1,2.059180302390E1,-1.E0));
#2877=CARTESIAN_POINT('',(2.396372768230E1,2.059180302390E1,-1.026179938780E0));
#2878=CARTESIAN_POINT('',(2.395752166199E1,2.058344051637E1,-1.078527611827E0));
#2879=CARTESIAN_POINT('',(2.393101244380E1,2.054771979266E1,-1.145103569275E0));
#2880=CARTESIAN_POINT('',(2.389133685293E1,2.049425760417E1,-1.189586248497E0));
#2881=CARTESIAN_POINT('',(2.386014053313E1,2.045222109022E1,-1.2E0));
#2882=CARTESIAN_POINT('',(2.384453873663E1,2.043119793298E1,-1.2E0));
#2884=CARTESIAN_POINT('',(2.373001660294E1,2.073468448352E1,-1.E0));
#2885=CARTESIAN_POINT('',(2.376059743049E1,2.071924145410E1,-1.E0));
#2886=CARTESIAN_POINT('',(2.383940677250E1,2.067658154234E1,-1.E0));
#2887=CARTESIAN_POINT('',(2.391664405932E1,2.062674492611E1,-1.E0));
#2888=CARTESIAN_POINT('',(2.396372768230E1,2.059180302390E1,-1.E0));
#2890=CARTESIAN_POINT('',(2.356042E1,2.000159765739E1,-1.2E0));
#2891=CARTESIAN_POINT('',(2.356042E1,2.003743099072E1,-1.2E0));
#2892=CARTESIAN_POINT('',(2.354773965944E1,2.010900184634E1,-1.2E0));
#2893=CARTESIAN_POINT('',(2.345255390093E1,2.019764623137E1,-1.2E0));
#2894=CARTESIAN_POINT('',(2.334542E1,2.022607337040E1,-1.2E0));
#2895=CARTESIAN_POINT('',(2.323828609907E1,2.019764623137E1,-1.2E0));
#2896=CARTESIAN_POINT('',(2.314310034056E1,2.010900184634E1,-1.2E0));
#2897=CARTESIAN_POINT('',(2.313042E1,2.003743099072E1,-1.2E0));
#2898=CARTESIAN_POINT('',(2.313042E1,2.000159765739E1,-1.2E0));
#2900=CARTESIAN_POINT('',(2.313042E1,2.000159765739E1,-1.2E0));
#2901=CARTESIAN_POINT('',(2.313042E1,1.996576432406E1,-1.2E0));
#2902=CARTESIAN_POINT('',(2.314310034056E1,1.989419346844E1,-1.2E0));
#2903=CARTESIAN_POINT('',(2.323828609907E1,1.980554908342E1,-1.2E0));
#2904=CARTESIAN_POINT('',(2.334542E1,1.977712194438E1,-1.2E0));
#2905=CARTESIAN_POINT('',(2.345255390093E1,1.980554908342E1,-1.2E0));
#2906=CARTESIAN_POINT('',(2.354773965944E1,1.989419346844E1,-1.2E0));
#2907=CARTESIAN_POINT('',(2.356042E1,1.996576432406E1,-1.2E0));
#2908=CARTESIAN_POINT('',(2.356042E1,2.000159765739E1,-1.2E0));
#2910=CARTESIAN_POINT('',(2.241129221780E1,1.948716548253E1,-1.E0));
#2911=CARTESIAN_POINT('',(2.241129221780E1,1.948716548253E1,-1.026179938780E0));
#2912=CARTESIAN_POINT('',(2.241783003723E1,1.949527122973E1,-1.078527611827E0));
#2913=CARTESIAN_POINT('',(2.244575654614E1,1.952989519325E1,-1.145103569275E0));
#2914=CARTESIAN_POINT('',(2.248755335564E1,1.958171589207E1,-1.189586248497E0));
#2915=CARTESIAN_POINT('',(2.252041755770E1,1.962246172740E1,-1.2E0));
#2916=CARTESIAN_POINT('',(2.253685348977E1,1.964283939487E1,-1.2E0));
#2918=CARTESIAN_POINT('',(2.263331932593E1,1.934817072870E1,-1.E0));
#2919=CARTESIAN_POINT('',(2.260934215683E1,1.935987222568E1,-1.E0));
#2920=CARTESIAN_POINT('',(2.253350846474E1,1.939960509544E1,-1.E0));
#2921=CARTESIAN_POINT('',(2.246009540048E1,1.944780249871E1,-1.E0));
#2922=CARTESIAN_POINT('',(2.241129221780E1,1.948716548253E1,-1.E0));
#2924=CARTESIAN_POINT('',(2.396372768230E1,2.059180302390E1,-1.E0));
#2925=CARTESIAN_POINT('',(2.398726949379E1,2.057433207280E1,-1.E0));
#2926=CARTESIAN_POINT('',(2.403399468592E1,2.053727557466E1,-1.E0));
#2927=CARTESIAN_POINT('',(2.410130661297E1,2.047479540367E1,-1.E0));
#2928=CARTESIAN_POINT('',(2.416602150974E1,2.040188417663E1,-1.E0));
#2929=CARTESIAN_POINT('',(2.421595696290E1,2.032828962921E1,-1.E0));
#2930=CARTESIAN_POINT('',(2.424988786790E1,2.025898997781E1,-1.E0));
#2931=CARTESIAN_POINT('',(2.426757352732E1,2.020917538211E1,-1.E0));
#2932=CARTESIAN_POINT('',(2.427787188372E1,2.016665128313E1,-1.E0));
#2933=CARTESIAN_POINT('',(2.428522340302E1,2.012216625898E1,-1.E0));
#2934=CARTESIAN_POINT('',(2.428799829528E1,2.006887121495E1,-1.E0));
#2935=CARTESIAN_POINT('',(2.428412567113E1,2.000933286579E1,-1.E0));
#2936=CARTESIAN_POINT('',(2.427186923360E1,1.993620409767E1,-1.E0));
#2937=CARTESIAN_POINT('',(2.424683989987E1,1.985266660824E1,-1.E0));
#2938=CARTESIAN_POINT('',(2.420752162228E1,1.976333706203E1,-1.E0));
#2939=CARTESIAN_POINT('',(2.416034354087E1,1.968130863211E1,-1.E0));
#2940=CARTESIAN_POINT('',(2.410702282020E1,1.960513368661E1,-1.E0));
#2941=CARTESIAN_POINT('',(2.404820903316E1,1.953507765145E1,-1.E0));
#2942=CARTESIAN_POINT('',(2.398400861861E1,1.947015060743E1,-1.E0));
#2943=CARTESIAN_POINT('',(2.388846498088E1,1.938903098993E1,-1.E0));
#2944=CARTESIAN_POINT('',(2.378252481942E1,1.932255470008E1,-1.E0));
#2945=CARTESIAN_POINT('',(2.366958341685E1,1.927215442512E1,-1.E0));
#2946=CARTESIAN_POINT('',(2.358126909675E1,1.924205896611E1,-1.E0));
#2947=CARTESIAN_POINT('',(2.349169325443E1,1.922014969551E1,-1.E0));
#2948=CARTESIAN_POINT('',(2.340238332818E1,1.920603143242E1,-1.E0));
#2949=CARTESIAN_POINT('',(2.331315838325E1,1.919888885754E1,-1.E0));
#2950=CARTESIAN_POINT('',(2.322375273475E1,1.919834526921E1,-1.E0));
#2951=CARTESIAN_POINT('',(2.313538445040E1,1.920393642013E1,-1.E0));
#2952=CARTESIAN_POINT('',(2.302042663955E1,1.921882537644E1,-1.E0));
#2953=CARTESIAN_POINT('',(2.288077526975E1,1.925020124379E1,-1.E0));
#2954=CARTESIAN_POINT('',(2.274354874371E1,1.929779991128E1,-1.E0));
#2955=CARTESIAN_POINT('',(2.266181294129E1,1.933426508569E1,-1.E0));
#2956=CARTESIAN_POINT('',(2.263331932593E1,1.934817072870E1,-1.E0));
#2958=CARTESIAN_POINT('',(2.253685348977E1,1.964283939487E1,-1.2E0));
#2959=CARTESIAN_POINT('',(2.258990726037E1,1.960012555374E1,-1.2E0));
#2960=CARTESIAN_POINT('',(2.271058537519E1,1.952487417245E1,-1.2E0));
#2961=CARTESIAN_POINT('',(2.294266259474E1,1.943494938722E1,-1.2E0));
#2962=CARTESIAN_POINT('',(2.320375488233E1,1.939070673730E1,-1.2E0));
#2963=CARTESIAN_POINT('',(2.343667397323E1,1.940582280735E1,-1.2E0));
#2964=CARTESIAN_POINT('',(2.363091591145E1,1.946594347150E1,-1.2E0));
#2965=CARTESIAN_POINT('',(2.378289501124E1,1.955768899350E1,-1.2E0));
#2966=CARTESIAN_POINT('',(2.389775562884E1,1.966289010385E1,-1.2E0));
#2967=CARTESIAN_POINT('',(2.398266551084E1,1.977056125442E1,-1.2E0));
#2968=CARTESIAN_POINT('',(2.404297056655E1,1.987805439748E1,-1.2E0));
#2969=CARTESIAN_POINT('',(2.407882760190E1,1.998178271985E1,-1.2E0));
#2970=CARTESIAN_POINT('',(2.409162310406E1,2.007706175104E1,-1.2E0));
#2971=CARTESIAN_POINT('',(2.407422135385E1,2.016874161669E1,-1.2E0));
#2972=CARTESIAN_POINT('',(2.402543467001E1,2.025955997743E1,-1.2E0));
#2973=CARTESIAN_POINT('',(2.394718621148E1,2.034803900694E1,-1.2E0));
#2974=CARTESIAN_POINT('',(2.388136322182E1,2.040391094224E1,-1.2E0));
#2975=CARTESIAN_POINT('',(2.384453873663E1,2.043119793298E1,-1.2E0));
#2977=DIRECTION('',(5.561344220248E-6,1.139557532689E-5,-9.999999999196E-1));
#2978=VECTOR('',#2977,2.000000000161E-1);
#2979=CARTESIAN_POINT('',(2.263331821366E1,1.934816844959E1,-8.E-1));
#2980=LINE('',#2979,#2978);
#2981=CARTESIAN_POINT('',(2.336001651890E1,2.402780623813E1,-8.E-1));
#2982=DIRECTION('',(0.E0,0.E0,1.E0));
#2983=DIRECTION('',(1.E0,0.E0,0.E0));
#2984=AXIS2_PLACEMENT_3D('',#2981,#2982,#2983);
#2986=CARTESIAN_POINT('',(2.336001651890E1,2.402780623813E1,-8.E-1));
#2987=DIRECTION('',(0.E0,0.E0,1.E0));
#2988=DIRECTION('',(-1.E0,0.E0,0.E0));
#2989=AXIS2_PLACEMENT_3D('',#2986,#2987,#2988);
#2991=CARTESIAN_POINT('',(2.263331821366E1,1.934816844959E1,-8.E-1));
#2992=CARTESIAN_POINT('',(2.266757935481E1,1.933145060224E1,-8.E-1));
#2993=CARTESIAN_POINT('',(2.309090727032E1,1.914583457606E1,-8.E-1));
#2994=CARTESIAN_POINT('',(2.389281709523E1,1.915945598068E1,-8.E-1));
#2995=CARTESIAN_POINT('',(2.449377170190E1,2.018756427134E1,-8.E-1));
#2996=CARTESIAN_POINT('',(2.399406455071E1,2.060123626010E1,-8.E-1));
#2997=CARTESIAN_POINT('',(2.373001081666E1,2.073467302533E1,-8.E-1));
#2999=CARTESIAN_POINT('',(2.373001081666E1,2.073467302533E1,-8.E-1));
#3000=CARTESIAN_POINT('',(2.340293536027E1,2.089995715223E1,-8.E-1));
#3001=CARTESIAN_POINT('',(2.285568256174E1,2.098647585709E1,-8.E-1));
#3002=CARTESIAN_POINT('',(2.218994739692E1,2.052074733066E1,-8.E-1));
#3003=CARTESIAN_POINT('',(2.205531166529E1,1.975989932220E1,-8.E-1));
#3004=CARTESIAN_POINT('',(2.243334211259E1,1.944574750909E1,-8.E-1));
#3005=CARTESIAN_POINT('',(2.263331821366E1,1.934816844959E1,-8.E-1));
#3007=DIRECTION('',(0.E0,-1.E0,0.E0));
#3008=VECTOR('',#3007,5.25E0);
#3009=CARTESIAN_POINT('',(1.064542E1,2.5378276E1,-8.E-1));
#3010=LINE('',#3009,#3008);
#3011=DIRECTION('',(1.E0,0.E0,0.E0));
#3012=VECTOR('',#3011,5.E-1);
#3013=CARTESIAN_POINT('',(9.64542E0,1.9628276E1,-8.E-1));
#3014=LINE('',#3013,#3012);
#3015=DIRECTION('',(1.E0,0.E0,0.E0));
#3016=VECTOR('',#3015,5.E-1);
#3017=CARTESIAN_POINT('',(9.64542E0,3.628276E0,-8.E-1));
#3018=LINE('',#3017,#3016);
#3019=DIRECTION('',(0.E0,1.E0,0.E0));
#3020=VECTOR('',#3019,5.25E0);
#3021=CARTESIAN_POINT('',(1.064542E1,-2.121724E0,-8.E-1));
#3022=LINE('',#3021,#3020);
#3023=DIRECTION('',(1.E0,0.E0,0.E0));
#3024=VECTOR('',#3023,1.28E1);
#3025=CARTESIAN_POINT('',(1.114542E1,-2.621724E0,-8.E-1));
#3026=LINE('',#3025,#3024);
#3027=DIRECTION('',(0.E0,1.E0,0.E0));
#3028=VECTOR('',#3027,5.75E0);
#3029=CARTESIAN_POINT('',(2.444542E1,-2.121724E0,-8.E-1));
#3030=LINE('',#3029,#3028);
#3031=DIRECTION('',(0.E0,-1.E0,0.E0));
#3032=VECTOR('',#3031,5.75E0);
#3033=CARTESIAN_POINT('',(2.444542E1,2.5378276E1,-8.E-1));
#3034=LINE('',#3033,#3032);
#3035=DIRECTION('',(-7.660444431190E-1,0.E0,-6.427876096865E-1));
#3036=VECTOR('',#3035,7.778619134302E-1);
#3037=CARTESIAN_POINT('',(2.416001651890E1,2.402780623813E1,-8.E-1));
#3038=LINE('',#3037,#3036);
#3039=CARTESIAN_POINT('',(2.336001651890E1,2.402780623813E1,-1.3E0));
#3040=DIRECTION('',(0.E0,0.E0,1.E0));
#3041=DIRECTION('',(1.E0,0.E0,0.E0));
#3042=AXIS2_PLACEMENT_3D('',#3039,#3040,#3041);
#3044=CARTESIAN_POINT('',(2.336001651890E1,2.402780623813E1,-1.3E0));
#3045=DIRECTION('',(0.E0,0.E0,1.E0));
#3046=DIRECTION('',(-1.E0,0.E0,0.E0));
#3047=AXIS2_PLACEMENT_3D('',#3044,#3045,#3046);
#3049=DIRECTION('',(7.660444431190E-1,0.E0,-6.427876096865E-1));
#3050=VECTOR('',#3049,7.778619134302E-1);
#3051=CARTESIAN_POINT('',(2.256001651890E1,2.402780623813E1,-8.E-1));
#3052=LINE('',#3051,#3050);
#3053=CARTESIAN_POINT('',(2.356042E1,2.374419504817E1,-1.179885081403E0));
#3054=CARTESIAN_POINT('',(2.356042E1,2.374580154941E1,-1.180985986681E0));
#3055=CARTESIAN_POINT('',(2.356010591248E1,2.374886744900E1,-1.183233053995E0));
#3056=CARTESIAN_POINT('',(2.355873758780E1,2.375300254908E1,-1.186718569752E0));
#3057=CARTESIAN_POINT('',(2.355721048602E1,2.375550034154E1,-1.189167521861E0));
#3058=CARTESIAN_POINT('',(2.355629105133E1,2.375667603308E1,-1.190419031744E0));
#3060=CARTESIAN_POINT('',(2.313219129912E1,2.376765321841E1,-1.181111427839E0));
#3061=CARTESIAN_POINT('',(2.313180388035E1,2.376678318657E1,-1.180348043945E0));
#3062=CARTESIAN_POINT('',(2.313115242723E1,2.376496591191E1,-1.178840206960E0));
#3063=CARTESIAN_POINT('',(2.313055527263E1,2.376200043511E1,-1.176632375205E0));
#3064=CARTESIAN_POINT('',(2.313042E1,2.375987040853E1,-1.175202764876E0));
#3065=CARTESIAN_POINT('',(2.313042E1,2.375876645512E1,-1.174498140940E0));
#3067=CARTESIAN_POINT('',(2.355629105133E1,2.375667603308E1,-1.190419031744E0));
#3068=CARTESIAN_POINT('',(2.352177379810E1,2.374555802860E1,-1.199846036828E0));
#3069=CARTESIAN_POINT('',(2.345219431221E1,2.372889367372E1,-1.213975816909E0));
#3070=CARTESIAN_POINT('',(2.334319334575E1,2.372200107615E1,-1.219820080819E0));
#3071=CARTESIAN_POINT('',(2.323536206912E1,2.373475703789E1,-1.209004244543E0));
#3072=CARTESIAN_POINT('',(2.316635744635E1,2.375488414294E1,-1.191938383310E0));
#3073=CARTESIAN_POINT('',(2.313219129912E1,2.376765321841E1,-1.181111427839E0));
#3075=CARTESIAN_POINT('',(2.313219129912E1,2.376765321841E1,-1.181111427839E0));
#3076=CARTESIAN_POINT('',(2.313659243438E1,2.374166383717E1,-1.203147938939E0));
#3077=CARTESIAN_POINT('',(2.316172030177E1,2.367697567141E1,-1.257997320288E0));
#3078=CARTESIAN_POINT('',(2.333021039293E1,2.360263513184E1,-1.321030992007E0));
#3079=CARTESIAN_POINT('',(2.351465926390E1,2.366220114484E1,-1.270524706600E0));
#3080=CARTESIAN_POINT('',(2.354919242360E1,2.372944889682E1,-1.213505040790E0));
#3081=CARTESIAN_POINT('',(2.355629105133E1,2.375667603308E1,-1.190419031744E0));
#3083=CARTESIAN_POINT('',(2.313042E1,2.000159765739E1,-1.2E0));
#3084=CARTESIAN_POINT('',(2.313042E1,2.059124986903E1,-1.409874667527E0));
#3085=CARTESIAN_POINT('',(2.313042E1,2.188253242068E1,-1.635126423628E0));
#3086=CARTESIAN_POINT('',(2.313042E1,2.317141704642E1,-1.392580602393E0));
#3087=CARTESIAN_POINT('',(2.313042E1,2.375876645512E1,-1.174498140940E0));
#3089=CARTESIAN_POINT('',(2.356042E1,2.000159765739E1,-1.2E0));
#3090=CARTESIAN_POINT('',(2.356042E1,2.058889718197E1,-1.409037276597E0));
#3091=CARTESIAN_POINT('',(2.356042E1,2.187445849333E1,-1.634185480410E0));
#3092=CARTESIAN_POINT('',(2.356042E1,2.315845643575E1,-1.395488082422E0));
#3093=CARTESIAN_POINT('',(2.356042E1,2.374419504817E1,-1.179885081403E0));
#3095=CARTESIAN_POINT('',(2.356042E1,2.374419504817E1,-1.179885081403E0));
#3096=CARTESIAN_POINT('',(2.356042E1,2.373876814164E1,-1.176166123783E0));
#3097=CARTESIAN_POINT('',(2.355696840536E1,2.372736334916E1,-1.169953935179E0));
#3098=CARTESIAN_POINT('',(2.354446813496E1,2.370974939635E1,-1.162948276072E0));
#3099=CARTESIAN_POINT('',(2.352675460368E1,2.369310575702E1,-1.157747339769E0));
#3100=CARTESIAN_POINT('',(2.350449004797E1,2.367764172102E1,-1.153723981379E0));
#3101=CARTESIAN_POINT('',(2.347788430637E1,2.366381837024E1,-1.150600124240E0));
#3102=CARTESIAN_POINT('',(2.344689338907E1,2.365215667146E1,-1.148191865164E0));
#3103=CARTESIAN_POINT('',(2.341114862719E1,2.364338193887E1,-1.146403217305E0));
#3104=CARTESIAN_POINT('',(2.337008750500E1,2.363847287425E1,-1.145205967173E0));
#3105=CARTESIAN_POINT('',(2.332290513159E1,2.363946802079E1,-1.144737557791E0));
#3106=CARTESIAN_POINT('',(2.327908220880E1,2.364694620730E1,-1.145169978164E0));
#3107=CARTESIAN_POINT('',(2.324266537056E1,2.365813171202E1,-1.146294103268E0));
#3108=CARTESIAN_POINT('',(2.321125367952E1,2.367205202830E1,-1.148099235221E0));
#3109=CARTESIAN_POINT('',(2.318491218487E1,2.368775123676E1,-1.150635170824E0));
#3110=CARTESIAN_POINT('',(2.316311152147E1,2.370475482671E1,-1.154068046680E0));
#3111=CARTESIAN_POINT('',(2.314590327805E1,2.372265112444E1,-1.158673131110E0));
#3112=CARTESIAN_POINT('',(2.313381356397E1,2.374121793028E1,-1.165050469252E0));
#3113=CARTESIAN_POINT('',(2.313042E1,2.375313855804E1,-1.170906004766E0));
#3114=CARTESIAN_POINT('',(2.313042E1,2.375876645512E1,-1.174498140940E0));
#3116=DIRECTION('',(0.E0,0.E0,-1.E0));
#3117=VECTOR('',#3116,8.E-1);
#3118=CARTESIAN_POINT('',(2.444542E1,2.5378276E1,0.E0));
#3119=LINE('',#3118,#3117);
#3120=CARTESIAN_POINT('',(2.394542E1,2.5378276E1,0.E0));
#3121=DIRECTION('',(0.E0,0.E0,1.E0));
#3122=DIRECTION('',(1.E0,0.E0,0.E0));
#3123=AXIS2_PLACEMENT_3D('',#3120,#3121,#3122);
#3125=DIRECTION('',(0.E0,0.E0,-1.E0));
#3126=VECTOR('',#3125,8.E-1);
#3127=CARTESIAN_POINT('',(2.394542E1,2.5878276E1,0.E0));
#3128=LINE('',#3127,#3126);
#3129=CARTESIAN_POINT('',(2.394542E1,2.5378276E1,-8.E-1));
#3130=DIRECTION('',(0.E0,0.E0,-1.E0));
#3131=DIRECTION('',(-1.421085471520E-14,1.E0,0.E0));
#3132=AXIS2_PLACEMENT_3D('',#3129,#3130,#3131);
#3134=DIRECTION('',(0.E0,0.E0,1.E0));
#3135=VECTOR('',#3134,8.E-1);
#3136=CARTESIAN_POINT('',(2.504542E1,1.9028276E1,-8.E-1));
#3137=LINE('',#3136,#3135);
#3138=DIRECTION('',(-7.071067811865E-1,7.071067811865E-1,0.E0));
#3139=VECTOR('',#3138,8.485281374239E-1);
#3140=CARTESIAN_POINT('',(2.504542E1,1.9028276E1,0.E0));
#3141=LINE('',#3140,#3139);
#3142=DIRECTION('',(0.E0,0.E0,1.E0));
#3143=VECTOR('',#3142,8.E-1);
#3144=CARTESIAN_POINT('',(2.444542E1,1.9628276E1,-8.E-1));
#3145=LINE('',#3144,#3143);
#3146=DIRECTION('',(-7.071067811866E-1,7.071067811865E-1,0.E0));
#3147=VECTOR('',#3146,8.485281374239E-1);
#3148=CARTESIAN_POINT('',(2.504542E1,1.9028276E1,-8.E-1));
#3149=LINE('',#3148,#3147);
#3150=DIRECTION('',(0.E0,1.E0,0.E0));
#3151=VECTOR('',#3150,1.48E1);
#3152=CARTESIAN_POINT('',(2.504542E1,4.228276E0,0.E0));
#3153=LINE('',#3152,#3151);
#3154=DIRECTION('',(0.E0,-1.E0,0.E0));
#3155=VECTOR('',#3154,1.48E1);
#3156=CARTESIAN_POINT('',(2.504542E1,1.9028276E1,-8.E-1));
#3157=LINE('',#3156,#3155);
#3158=DIRECTION('',(0.E0,0.E0,1.E0));
#3159=VECTOR('',#3158,8.E-1);
#3160=CARTESIAN_POINT('',(2.504542E1,4.228276E0,-8.E-1));
#3161=LINE('',#3160,#3159);
#3162=DIRECTION('',(-7.071067811865E-1,-7.071067811865E-1,0.E0));
#3163=VECTOR('',#3162,8.485281374239E-1);
#3164=CARTESIAN_POINT('',(2.504542E1,4.228276E0,-8.E-1));
#3165=LINE('',#3164,#3163);
#3166=DIRECTION('',(0.E0,0.E0,1.E0));
#3167=VECTOR('',#3166,8.E-1);
#3168=CARTESIAN_POINT('',(2.444542E1,3.628276E0,-8.E-1));
#3169=LINE('',#3168,#3167);
#3170=DIRECTION('',(-7.071067811865E-1,-7.071067811865E-1,0.E0));
#3171=VECTOR('',#3170,8.485281374239E-1);
#3172=CARTESIAN_POINT('',(2.504542E1,4.228276E0,0.E0));
#3173=LINE('',#3172,#3171);
#3174=DIRECTION('',(0.E0,0.E0,1.E0));
#3175=VECTOR('',#3174,8.E-1);
#3176=CARTESIAN_POINT('',(2.444542E1,-2.121724E0,-8.E-1));
#3177=LINE('',#3176,#3175);
#3178=CARTESIAN_POINT('',(2.394542E1,-2.121724E0,-8.E-1));
#3179=DIRECTION('',(0.E0,0.E0,-1.E0));
#3180=DIRECTION('',(1.E0,0.E0,0.E0));
#3181=AXIS2_PLACEMENT_3D('',#3178,#3179,#3180);
#3183=DIRECTION('',(0.E0,0.E0,1.E0));
#3184=VECTOR('',#3183,8.E-1);
#3185=CARTESIAN_POINT('',(2.394542E1,-2.621724E0,-8.E-1));
#3186=LINE('',#3185,#3184);
#3187=CARTESIAN_POINT('',(2.394542E1,-2.121724E0,0.E0));
#3188=DIRECTION('',(0.E0,0.E0,1.E0));
#3189=DIRECTION('',(0.E0,-1.E0,0.E0));
#3190=AXIS2_PLACEMENT_3D('',#3187,#3188,#3189);
#3192=DIRECTION('',(0.E0,0.E0,-1.E0));
#3193=VECTOR('',#3192,8.E-1);
#3194=CARTESIAN_POINT('',(1.064542E1,-2.121724E0,0.E0));
#3195=LINE('',#3194,#3193);
#3196=CARTESIAN_POINT('',(1.114542E1,-2.121724E0,0.E0));
#3197=DIRECTION('',(0.E0,0.E0,1.E0));
#3198=DIRECTION('',(-1.E0,0.E0,0.E0));
#3199=AXIS2_PLACEMENT_3D('',#3196,#3197,#3198);
#3201=DIRECTION('',(0.E0,0.E0,-1.E0));
#3202=VECTOR('',#3201,8.E-1);
#3203=CARTESIAN_POINT('',(1.114542E1,-2.621724E0,0.E0));
#3204=LINE('',#3203,#3202);
#3205=CARTESIAN_POINT('',(1.114542E1,-2.121724E0,-8.E-1));
#3206=DIRECTION('',(0.E0,0.E0,-1.E0));
#3207=DIRECTION('',(0.E0,-1.E0,0.E0));
#3208=AXIS2_PLACEMENT_3D('',#3205,#3206,#3207);
#3210=DIRECTION('',(0.E0,0.E0,1.E0));
#3211=VECTOR('',#3210,8.E-1);
#3212=CARTESIAN_POINT('',(1.064542E1,3.128276E0,-8.E-1));
#3213=LINE('',#3212,#3211);
#3214=CARTESIAN_POINT('',(1.014542E1,3.128276E0,-8.E-1));
#3215=DIRECTION('',(0.E0,0.E0,1.E0));
#3216=DIRECTION('',(1.E0,0.E0,0.E0));
#3217=AXIS2_PLACEMENT_3D('',#3214,#3215,#3216);
#3219=DIRECTION('',(0.E0,0.E0,1.E0));
#3220=VECTOR('',#3219,8.E-1);
#3221=CARTESIAN_POINT('',(1.014542E1,3.628276E0,-8.E-1));
#3222=LINE('',#3221,#3220);
#3223=CARTESIAN_POINT('',(1.014542E1,3.128276E0,0.E0));
#3224=DIRECTION('',(0.E0,0.E0,-1.E0));
#3225=DIRECTION('',(0.E0,1.E0,0.E0));
#3226=AXIS2_PLACEMENT_3D('',#3223,#3224,#3225);
#3228=DIRECTION('',(0.E0,0.E0,1.E0));
#3229=VECTOR('',#3228,8.E-1);
#3230=CARTESIAN_POINT('',(9.64542E0,3.628276E0,-8.E-1));
#3231=LINE('',#3230,#3229);
#3232=CARTESIAN_POINT('',(9.64542E0,4.128276E0,-8.E-1));
#3233=DIRECTION('',(0.E0,0.E0,-1.E0));
#3234=DIRECTION('',(0.E0,-1.E0,0.E0));
#3235=AXIS2_PLACEMENT_3D('',#3232,#3233,#3234);
#3237=DIRECTION('',(0.E0,0.E0,1.E0));
#3238=VECTOR('',#3237,8.E-1);
#3239=CARTESIAN_POINT('',(9.14542E0,4.128276E0,-8.E-1));
#3240=LINE('',#3239,#3238);
#3241=CARTESIAN_POINT('',(9.64542E0,4.128276E0,0.E0));
#3242=DIRECTION('',(0.E0,0.E0,1.E0));
#3243=DIRECTION('',(-1.E0,0.E0,0.E0));
#3244=AXIS2_PLACEMENT_3D('',#3241,#3242,#3243);
#3246=DIRECTION('',(0.E0,1.E0,0.E0));
#3247=VECTOR('',#3246,1.5E1);
#3248=CARTESIAN_POINT('',(9.14542E0,4.128276E0,-8.E-1));
#3249=LINE('',#3248,#3247);
#3250=DIRECTION('',(0.E0,-1.E0,0.E0));
#3251=VECTOR('',#3250,1.5E1);
#3252=CARTESIAN_POINT('',(9.14542E0,1.9128276E1,0.E0));
#3253=LINE('',#3252,#3251);
#3254=DIRECTION('',(0.E0,0.E0,-1.E0));
#3255=VECTOR('',#3254,8.E-1);
#3256=CARTESIAN_POINT('',(9.64542E0,1.9628276E1,0.E0));
#3257=LINE('',#3256,#3255);
#3258=CARTESIAN_POINT('',(9.64542E0,1.9128276E1,0.E0));
#3259=DIRECTION('',(0.E0,0.E0,1.E0));
#3260=DIRECTION('',(0.E0,1.E0,0.E0));
#3261=AXIS2_PLACEMENT_3D('',#3258,#3259,#3260);
#3263=DIRECTION('',(0.E0,0.E0,-1.E0));
#3264=VECTOR('',#3263,8.E-1);
#3265=CARTESIAN_POINT('',(9.14542E0,1.9128276E1,0.E0));
#3266=LINE('',#3265,#3264);
#3267=CARTESIAN_POINT('',(9.64542E0,1.9128276E1,-8.E-1));
#3268=DIRECTION('',(0.E0,0.E0,-1.E0));
#3269=DIRECTION('',(-1.E0,0.E0,0.E0));
#3270=AXIS2_PLACEMENT_3D('',#3267,#3268,#3269);
#3272=DIRECTION('',(0.E0,0.E0,1.E0));
#3273=VECTOR('',#3272,8.E-1);
#3274=CARTESIAN_POINT('',(1.014542E1,1.9628276E1,-8.E-1));
#3275=LINE('',#3274,#3273);
#3276=CARTESIAN_POINT('',(1.014542E1,2.0128276E1,-8.E-1));
#3277=DIRECTION('',(0.E0,0.E0,1.E0));
#3278=DIRECTION('',(0.E0,-1.E0,0.E0));
#3279=AXIS2_PLACEMENT_3D('',#3276,#3277,#3278);
#3281=DIRECTION('',(0.E0,0.E0,1.E0));
#3282=VECTOR('',#3281,8.E-1);
#3283=CARTESIAN_POINT('',(1.064542E1,2.0128276E1,-8.E-1));
#3284=LINE('',#3283,#3282);
#3285=CARTESIAN_POINT('',(1.014542E1,2.0128276E1,0.E0));
#3286=DIRECTION('',(0.E0,0.E0,-1.E0));
#3287=DIRECTION('',(1.E0,0.E0,0.E0));
#3288=AXIS2_PLACEMENT_3D('',#3285,#3286,#3287);
#3290=DIRECTION('',(0.E0,0.E0,1.E0));
#3291=VECTOR('',#3290,8.E-1);
#3292=CARTESIAN_POINT('',(1.064542E1,2.5378276E1,-8.E-1));
#3293=LINE('',#3292,#3291);
#3294=CARTESIAN_POINT('',(1.114542E1,2.5378276E1,-8.E-1));
#3295=DIRECTION('',(0.E0,0.E0,-1.E0));
#3296=DIRECTION('',(-1.E0,0.E0,0.E0));
#3297=AXIS2_PLACEMENT_3D('',#3294,#3295,#3296);
#3299=DIRECTION('',(0.E0,0.E0,1.E0));
#3300=VECTOR('',#3299,8.E-1);
#3301=CARTESIAN_POINT('',(1.114542E1,2.5878276E1,-8.E-1));
#3302=LINE('',#3301,#3300);
#3303=CARTESIAN_POINT('',(1.114542E1,2.5378276E1,0.E0));
#3304=DIRECTION('',(0.E0,0.E0,1.E0));
#3305=DIRECTION('',(0.E0,1.E0,0.E0));
#3306=AXIS2_PLACEMENT_3D('',#3303,#3304,#3305);
#3308=DIRECTION('',(-1.E0,0.E0,0.E0));
#3309=VECTOR('',#3308,1.28E1);
#3310=CARTESIAN_POINT('',(2.394542E1,2.5878276E1,0.E0));
#3311=LINE('',#3310,#3309);
#3312=DIRECTION('',(1.E0,0.E0,0.E0));
#3313=VECTOR('',#3312,1.28E1);
#3314=CARTESIAN_POINT('',(1.114542E1,2.5878276E1,-8.E-1));
#3315=LINE('',#3314,#3313);
#3316=DIRECTION('',(0.E0,-1.E0,0.E0));
#3317=VECTOR('',#3316,5.75E0);
#3318=CARTESIAN_POINT('',(2.444542E1,2.5378276E1,0.E0));
#3319=LINE('',#3318,#3317);
#3320=DIRECTION('',(0.E0,1.E0,0.E0));
#3321=VECTOR('',#3320,5.75E0);
#3322=CARTESIAN_POINT('',(2.444542E1,-2.121724E0,0.E0));
#3323=LINE('',#3322,#3321);
#3324=DIRECTION('',(1.E0,0.E0,0.E0));
#3325=VECTOR('',#3324,1.28E1);
#3326=CARTESIAN_POINT('',(1.114542E1,-2.621724E0,0.E0));
#3327=LINE('',#3326,#3325);
#3328=DIRECTION('',(0.E0,1.E0,0.E0));
#3329=VECTOR('',#3328,5.25E0);
#3330=CARTESIAN_POINT('',(1.064542E1,-2.121724E0,0.E0));
#3331=LINE('',#3330,#3329);
#3332=DIRECTION('',(1.E0,0.E0,0.E0));
#3333=VECTOR('',#3332,5.E-1);
#3334=CARTESIAN_POINT('',(9.64542E0,3.628276E0,0.E0));
#3335=LINE('',#3334,#3333);
#3336=DIRECTION('',(1.E0,0.E0,0.E0));
#3337=VECTOR('',#3336,5.E-1);
#3338=CARTESIAN_POINT('',(9.64542E0,1.9628276E1,0.E0));
#3339=LINE('',#3338,#3337);
#3340=DIRECTION('',(0.E0,-1.E0,0.E0));
#3341=VECTOR('',#3340,5.25E0);
#3342=CARTESIAN_POINT('',(1.064542E1,2.5378276E1,0.E0));
#3343=LINE('',#3342,#3341);
#3344=VERTEX_POINT('',#2859);
#3345=VERTEX_POINT('',#2874);
#3346=VERTEX_POINT('',#2910);
#3347=VERTEX_POINT('',#2847);
#3348=VERTEX_POINT('',#2888);
#3349=VERTEX_POINT('',#2900);
#3350=VERTEX_POINT('',#2908);
#3351=VERTEX_POINT('',#3087);
#3352=VERTEX_POINT('',#3060);
#3353=VERTEX_POINT('',#3081);
#3354=VERTEX_POINT('',#3053);
#3355=CARTESIAN_POINT('',(2.263331821366E1,1.934816844959E1,-8.E-1));
#3356=CARTESIAN_POINT('',(2.263331932593E1,1.934817072870E1,-1.E0));
#3357=VERTEX_POINT('',#3355);
#3358=VERTEX_POINT('',#3356);
#3359=VERTEX_POINT('',#2999);
#3360=CARTESIAN_POINT('',(2.315589331520E1,2.402780623813E1,-1.3E0));
#3361=CARTESIAN_POINT('',(2.356413972260E1,2.402780623813E1,-1.3E0));
#3362=VERTEX_POINT('',#3360);
#3363=VERTEX_POINT('',#3361);
#3364=CARTESIAN_POINT('',(2.416001651890E1,2.402780623813E1,-8.E-1));
#3365=VERTEX_POINT('',#3364);
#3366=CARTESIAN_POINT('',(2.256001651890E1,2.402780623813E1,-8.E-1));
#3367=VERTEX_POINT('',#3366);
#3368=CARTESIAN_POINT('',(1.064542E1,3.128276E0,-8.E-1));
#3369=CARTESIAN_POINT('',(1.064542E1,3.128276E0,0.E0));
#3370=VERTEX_POINT('',#3368);
#3371=VERTEX_POINT('',#3369);
#3372=CARTESIAN_POINT('',(1.014542E1,3.628276E0,-8.E-1));
#3373=CARTESIAN_POINT('',(1.014542E1,3.628276E0,0.E0));
#3374=VERTEX_POINT('',#3372);
#3375=VERTEX_POINT('',#3373);
#3376=CARTESIAN_POINT('',(1.014542E1,1.9628276E1,-8.E-1));
#3377=CARTESIAN_POINT('',(1.014542E1,1.9628276E1,0.E0));
#3378=VERTEX_POINT('',#3376);
#3379=VERTEX_POINT('',#3377);
#3380=CARTESIAN_POINT('',(1.064542E1,2.0128276E1,-8.E-1));
#3381=CARTESIAN_POINT('',(1.064542E1,2.0128276E1,0.E0));
#3382=VERTEX_POINT('',#3380);
#3383=VERTEX_POINT('',#3381);
#3384=CARTESIAN_POINT('',(2.504542E1,1.9028276E1,-8.E-1));
#3385=CARTESIAN_POINT('',(2.504542E1,1.9028276E1,0.E0));
#3386=VERTEX_POINT('',#3384);
#3387=VERTEX_POINT('',#3385);
#3388=CARTESIAN_POINT('',(2.444542E1,1.9628276E1,-8.E-1));
#3389=CARTESIAN_POINT('',(2.444542E1,1.9628276E1,0.E0));
#3390=VERTEX_POINT('',#3388);
#3391=VERTEX_POINT('',#3389);
#3392=CARTESIAN_POINT('',(2.504542E1,4.228276E0,-8.E-1));
#3393=CARTESIAN_POINT('',(2.504542E1,4.228276E0,0.E0));
#3394=VERTEX_POINT('',#3392);
#3395=VERTEX_POINT('',#3393);
#3396=CARTESIAN_POINT('',(2.444542E1,3.628276E0,-8.E-1));
#3397=CARTESIAN_POINT('',(2.444542E1,3.628276E0,0.E0));
#3398=VERTEX_POINT('',#3396);
#3399=VERTEX_POINT('',#3397);
#3400=CARTESIAN_POINT('',(2.444542E1,2.5378276E1,0.E0));
#3401=CARTESIAN_POINT('',(2.444542E1,2.5378276E1,-8.E-1));
#3402=VERTEX_POINT('',#3400);
#3403=VERTEX_POINT('',#3401);
#3404=CARTESIAN_POINT('',(2.394542E1,2.5878276E1,0.E0));
#3405=VERTEX_POINT('',#3404);
#3406=CARTESIAN_POINT('',(2.394542E1,2.5878276E1,-8.E-1));
#3407=VERTEX_POINT('',#3406);
#3408=CARTESIAN_POINT('',(2.444542E1,-2.121724E0,-8.E-1));
#3409=CARTESIAN_POINT('',(2.444542E1,-2.121724E0,0.E0));
#3410=VERTEX_POINT('',#3408);
#3411=VERTEX_POINT('',#3409);
#3412=CARTESIAN_POINT('',(2.394542E1,-2.621724E0,-8.E-1));
#3413=VERTEX_POINT('',#3412);
#3414=CARTESIAN_POINT('',(2.394542E1,-2.621724E0,0.E0));
#3415=VERTEX_POINT('',#3414);
#3416=CARTESIAN_POINT('',(1.064542E1,-2.121724E0,0.E0));
#3417=CARTESIAN_POINT('',(1.064542E1,-2.121724E0,-8.E-1));
#3418=VERTEX_POINT('',#3416);
#3419=VERTEX_POINT('',#3417);
#3420=CARTESIAN_POINT('',(1.114542E1,-2.621724E0,0.E0));
#3421=VERTEX_POINT('',#3420);
#3422=CARTESIAN_POINT('',(1.114542E1,-2.621724E0,-8.E-1));
#3423=VERTEX_POINT('',#3422);
#3424=CARTESIAN_POINT('',(9.64542E0,3.628276E0,-8.E-1));
#3425=CARTESIAN_POINT('',(9.64542E0,3.628276E0,0.E0));
#3426=VERTEX_POINT('',#3424);
#3427=VERTEX_POINT('',#3425);
#3428=CARTESIAN_POINT('',(9.14542E0,4.128276E0,-8.E-1));
#3429=VERTEX_POINT('',#3428);
#3430=CARTESIAN_POINT('',(9.14542E0,4.128276E0,0.E0));
#3431=VERTEX_POINT('',#3430);
#3432=CARTESIAN_POINT('',(9.64542E0,1.9628276E1,0.E0));
#3433=CARTESIAN_POINT('',(9.64542E0,1.9628276E1,-8.E-1));
#3434=VERTEX_POINT('',#3432);
#3435=VERTEX_POINT('',#3433);
#3436=CARTESIAN_POINT('',(9.14542E0,1.9128276E1,0.E0));
#3437=VERTEX_POINT('',#3436);
#3438=CARTESIAN_POINT('',(9.14542E0,1.9128276E1,-8.E-1));
#3439=VERTEX_POINT('',#3438);
#3440=CARTESIAN_POINT('',(1.064542E1,2.5378276E1,-8.E-1));
#3441=CARTESIAN_POINT('',(1.064542E1,2.5378276E1,0.E0));
#3442=VERTEX_POINT('',#3440);
#3443=VERTEX_POINT('',#3441);
#3444=CARTESIAN_POINT('',(1.114542E1,2.5878276E1,-8.E-1));
#3445=VERTEX_POINT('',#3444);
#3446=CARTESIAN_POINT('',(1.114542E1,2.5878276E1,0.E0));
#3447=VERTEX_POINT('',#3446);
#3448=CARTESIAN_POINT('',(2.266034084225E1,1.933533504178E1,-1.E0));
#3449=CARTESIAN_POINT('',(2.265128214866E1,1.933952143003E1,-1.E0));
#3450=CARTESIAN_POINT('',(2.244105928418E1,1.943933436574E1,-1.E0));
#3451=CARTESIAN_POINT('',(2.205531166529E1,1.975989932220E1,-1.E0));
#3452=CARTESIAN_POINT('',(2.218994739692E1,2.052074733066E1,-1.E0));
#3453=CARTESIAN_POINT('',(2.285568256174E1,2.098647585709E1,-1.E0));
#3454=CARTESIAN_POINT('',(2.341254946666E1,2.089843719649E1,-1.E0));
#3455=CARTESIAN_POINT('',(2.374782938560E1,2.072557756667E1,-1.E0));
#3456=CARTESIAN_POINT('',(2.375670889295E1,2.072090881621E1,-1.E0));
#3458=DIRECTION('',(0.E0,0.E0,1.E0));
#3459=VECTOR('',#3458,1.E0);
#3460=SURFACE_OF_LINEAR_EXTRUSION('',#3457,#3459);
#3462=ORIENTED_EDGE('',*,*,#3461,.F.);
#3464=ORIENTED_EDGE('',*,*,#3463,.F.);
#3466=ORIENTED_EDGE('',*,*,#3465,.T.);
#3468=ORIENTED_EDGE('',*,*,#3467,.T.);
#3470=ORIENTED_EDGE('',*,*,#3469,.T.);
#3471=EDGE_LOOP('',(#3462,#3464,#3466,#3468,#3470));
#3472=FACE_OUTER_BOUND('',#3471,.F.);
#3473=ADVANCED_FACE('',(#3472),#3460,.F.);
#3474=CARTESIAN_POINT('',(2.387013950379E1,2.038641353444E1,-1.199006466724E0));
#3475=CARTESIAN_POINT('',(2.389070908743E1,2.041171995416E1,-1.202313972409E0));
#3476=CARTESIAN_POINT('',(2.392859191981E1,2.045832657846E1,-1.193313856815E0));
#3477=CARTESIAN_POINT('',(2.397410777086E1,2.051432397984E1,-1.145103569275E0));
#3478=CARTESIAN_POINT('',(2.400438040649E1,2.055156790451E1,-1.073277805122E0));
#3479=CARTESIAN_POINT('',(2.401012100826E1,2.055863047224E1,-1.013684990411E0));
#3480=CARTESIAN_POINT('',(2.400818208033E1,2.055624504117E1,
-9.814456231522E-1));
#3481=CARTESIAN_POINT('',(2.381947873436E1,2.042745413094E1,-1.199006466724E0));
#3482=CARTESIAN_POINT('',(2.383842133277E1,2.045406801236E1,-1.202313972409E0));
#3483=CARTESIAN_POINT('',(2.387330775990E1,2.050308257807E1,-1.193313856815E0));
#3484=CARTESIAN_POINT('',(2.391522345947E1,2.056197309740E1,-1.145103569275E0));
#3485=CARTESIAN_POINT('',(2.394310163094E1,2.060114123756E1,-1.073277805122E0));
#3486=CARTESIAN_POINT('',(2.394838817031E1,2.060856869440E1,-1.013684990411E0));
#3487=CARTESIAN_POINT('',(2.394660260510E1,2.060606001951E1,
-9.814456231522E-1));
#3488=CARTESIAN_POINT('',(2.372525760696E1,2.049043888358E1,-1.199006466724E0));
#3489=CARTESIAN_POINT('',(2.374182379023E1,2.051859679411E1,-1.202313972409E0));
#3490=CARTESIAN_POINT('',(2.377233359320E1,2.057045498549E1,-1.193313856815E0));
#3491=CARTESIAN_POINT('',(2.380899082183E1,2.063276209313E1,-1.145103569275E0));
#3492=CARTESIAN_POINT('',(2.383337157929E1,2.067420260941E1,-1.073277805122E0));
#3493=CARTESIAN_POINT('',(2.383799490384E1,2.068206097707E1,-1.013684990411E0));
#3494=CARTESIAN_POINT('',(2.383643334402E1,2.067940675908E1,
-9.814456231522E-1));
#3495=CARTESIAN_POINT('',(2.358189436481E1,2.056475806968E1,-1.199006466724E0));
#3496=CARTESIAN_POINT('',(2.359565358861E1,2.059437011342E1,-1.202313972409E0));
#3497=CARTESIAN_POINT('',(2.362099383748E1,2.064890636991E1,-1.193313856815E0));
#3498=CARTESIAN_POINT('',(2.365143989764E1,2.071443114649E1,-1.145103569275E0));
#3499=CARTESIAN_POINT('',(2.367168960108E1,2.075801173743E1,-1.073277805122E0));
#3500=CARTESIAN_POINT('',(2.367552955359E1,2.076627592758E1,-1.013684990411E0));
#3501=CARTESIAN_POINT('',(2.367423258309E1,2.076348464024E1,
-9.814456231522E-1));
#3502=CARTESIAN_POINT('',(2.344638307212E1,2.061998342500E1,-1.199006466724E0));
#3503=CARTESIAN_POINT('',(2.345713750811E1,2.065083428187E1,-1.202313972409E0));
#3504=CARTESIAN_POINT('',(2.347694386409E1,2.070765205027E1,-1.193313856815E0));
#3505=CARTESIAN_POINT('',(2.350074100628E1,2.077591804101E1,-1.145103569275E0));
#3506=CARTESIAN_POINT('',(2.351656850808E1,2.082132181608E1,-1.073277805122E0));
#3507=CARTESIAN_POINT('',(2.351956987822E1,2.082993173675E1,-1.013684990411E0));
#3508=CARTESIAN_POINT('',(2.351855614471E1,2.082702367653E1,
-9.814456231522E-1));
#3509=CARTESIAN_POINT('',(2.330446713058E1,2.066057382501E1,-1.199006466724E0));
#3510=CARTESIAN_POINT('',(2.331159815932E1,2.069247662632E1,-1.202313972409E0));
#3511=CARTESIAN_POINT('',(2.332473131607E1,2.075123175213E1,-1.193313856815E0));
#3512=CARTESIAN_POINT('',(2.334051067494E1,2.082182545875E1,-1.145103569275E0));
#3513=CARTESIAN_POINT('',(2.335100554146E1,2.086877739987E1,-1.073277805122E0));
#3514=CARTESIAN_POINT('',(2.335299568364E1,2.087768089936E1,-1.013684990411E0));
#3515=CARTESIAN_POINT('',(2.335232349936E1,2.087467368086E1,
-9.814456231522E-1));
#3516=CARTESIAN_POINT('',(2.316120770640E1,2.068301856374E1,-1.199006466724E0));
#3517=CARTESIAN_POINT('',(2.316404533601E1,2.071561991220E1,-1.202313972409E0));
#3518=CARTESIAN_POINT('',(2.316927137504E1,2.077566154654E1,-1.193313856815E0));
#3519=CARTESIAN_POINT('',(2.317555040961E1,2.084780098052E1,-1.145103569275E0));
#3520=CARTESIAN_POINT('',(2.317972660144E1,2.089578098636E1,-1.073277805122E0));
#3521=CARTESIAN_POINT('',(2.318051853296E1,2.090487943783E1,-1.013684990411E0));
#3522=CARTESIAN_POINT('',(2.318025105261E1,2.090180637296E1,
-9.814456231522E-1));
#3523=CARTESIAN_POINT('',(2.301364560283E1,2.068430208694E1,-1.199006466724E0));
#3524=CARTESIAN_POINT('',(2.301124746344E1,2.071698190043E1,-1.202313972409E0));
#3525=CARTESIAN_POINT('',(2.300683082993E1,2.077716804314E1,-1.193313856815E0));
#3526=CARTESIAN_POINT('',(2.300152428815E1,2.084948110252E1,-1.145103569275E0));
#3527=CARTESIAN_POINT('',(2.299799490218E1,2.089757658678E1,-1.073277805122E0));
#3528=CARTESIAN_POINT('',(2.299732562450E1,2.090669693643E1,-1.013684990411E0));
#3529=CARTESIAN_POINT('',(2.299755167766E1,2.090361647530E1,
-9.814456231522E-1));
#3530=CARTESIAN_POINT('',(2.289500474201E1,2.066485837564E1,-1.199006466724E0));
#3531=CARTESIAN_POINT('',(2.288773074873E1,2.069676619997E1,-1.202313972409E0));
#3532=CARTESIAN_POINT('',(2.287433429537E1,2.075553057661E1,-1.193313856815E0));
#3533=CARTESIAN_POINT('',(2.285823858821E1,2.082613539802E1,-1.145103569275E0));
#3534=CARTESIAN_POINT('',(2.284753331814E1,2.087309473159E1,-1.073277805122E0));
#3535=CARTESIAN_POINT('',(2.284550327712E1,2.088199963292E1,-1.013684990411E0));
#3536=CARTESIAN_POINT('',(2.284618893751E1,2.087899194094E1,
-9.814456231522E-1));
#3537=CARTESIAN_POINT('',(2.280186368530E1,2.063554144593E1,-1.199006466724E0));
#3538=CARTESIAN_POINT('',(2.279052713116E1,2.066617199761E1,-1.202313972409E0));
#3539=CARTESIAN_POINT('',(2.276964869299E1,2.072258403178E1,-1.193313856815E0));
#3540=CARTESIAN_POINT('',(2.274456345458E1,2.079036253681E1,-1.145103569275E0));
#3541=CARTESIAN_POINT('',(2.272787923876E1,2.083544208468E1,-1.073277805122E0));
#3542=CARTESIAN_POINT('',(2.272471540989E1,2.084399052212E1,-1.013684990411E0));
#3543=CARTESIAN_POINT('',(2.272578401496E1,2.084110322829E1,
-9.814456231522E-1));
#3544=CARTESIAN_POINT('',(2.271280661388E1,2.059747958151E1,-1.199006466724E0));
#3545=CARTESIAN_POINT('',(2.269757615398E1,2.062644535038E1,-1.202313972409E0));
#3546=CARTESIAN_POINT('',(2.266952634171E1,2.067979136780E1,-1.193313856815E0));
#3547=CARTESIAN_POINT('',(2.263582476775E1,2.074388608382E1,-1.145103569275E0));
#3548=CARTESIAN_POINT('',(2.261340981900E1,2.078651554013E1,-1.073277805122E0));
#3549=CARTESIAN_POINT('',(2.260915927088E1,2.079459936656E1,-1.013684990411E0));
#3550=CARTESIAN_POINT('',(2.261059492289E1,2.079186899831E1,
-9.814456231522E-1));
#3551=CARTESIAN_POINT('',(2.263106094299E1,2.054756723180E1,-1.199006466724E0));
#3552=CARTESIAN_POINT('',(2.261211695615E1,2.057429035056E1,-1.202313972409E0));
#3553=CARTESIAN_POINT('',(2.257722797196E1,2.062350609778E1,-1.193313856815E0));
#3554=CARTESIAN_POINT('',(2.253530920010E1,2.068263833472E1,-1.145103569275E0));
#3555=CARTESIAN_POINT('',(2.250742898525E1,2.072196724149E1,-1.073277805122E0));
#3556=CARTESIAN_POINT('',(2.250214205839E1,2.072942518451E1,-1.013684990411E0));
#3557=CARTESIAN_POINT('',(2.250392775448E1,2.072690621270E1,
-9.814456231522E-1));
#3558=CARTESIAN_POINT('',(2.255683820027E1,2.048397694388E1,-1.199006466724E0));
#3559=CARTESIAN_POINT('',(2.253421038321E1,2.050755284198E1,-1.202313972409E0));
#3560=CARTESIAN_POINT('',(2.249253691934E1,2.055097237886E1,-1.193313856815E0));
#3561=CARTESIAN_POINT('',(2.244246666178E1,2.060314052601E1,-1.145103569275E0));
#3562=CARTESIAN_POINT('',(2.240916488607E1,2.063783761007E1,-1.073277805122E0));
#3563=CARTESIAN_POINT('',(2.240284986829E1,2.064441722026E1,-1.013684990411E0));
#3564=CARTESIAN_POINT('',(2.240498280919E1,2.064219491144E1,
-9.814456231522E-1));
#3565=CARTESIAN_POINT('',(2.250797347975E1,2.043130545E1,-1.199006466724E0));
#3566=CARTESIAN_POINT('',(2.248277822382E1,2.045213069367E1,-1.202313972409E0));
#3567=CARTESIAN_POINT('',(2.243637632896E1,2.049048437302E1,-1.193313856815E0));
#3568=CARTESIAN_POINT('',(2.238062490801E1,2.053656594209E1,-1.145103569275E0));
#3569=CARTESIAN_POINT('',(2.234354458515E1,2.056721483731E1,-1.073277805122E0));
#3570=CARTESIAN_POINT('',(2.233651304124E1,2.057302678920E1,-1.013684990411E0));
#3571=CARTESIAN_POINT('',(2.233888799380E1,2.057106376227E1,
-9.814456231522E-1));
#3572=CARTESIAN_POINT('',(2.246593762104E1,2.037361479731E1,-1.199006466724E0));
#3573=CARTESIAN_POINT('',(2.243835854458E1,2.039116319677E1,-1.202313972409E0));
#3574=CARTESIAN_POINT('',(2.238756638714E1,2.042348193920E1,-1.193313856815E0));
#3575=CARTESIAN_POINT('',(2.232654010880E1,2.046231259083E1,-1.145103569275E0));
#3576=CARTESIAN_POINT('',(2.228595147330E1,2.048813889399E1,-1.073277805122E0));
#3577=CARTESIAN_POINT('',(2.227825464785E1,2.049303633746E1,-1.013684990411E0));
#3578=CARTESIAN_POINT('',(2.228085430384E1,2.049138219208E1,
-9.814456231522E-1));
#3579=CARTESIAN_POINT('',(2.243043220784E1,2.030992568124E1,-1.199006466724E0));
#3580=CARTESIAN_POINT('',(2.240104663865E1,2.032420610715E1,-1.202313972409E0));
#3581=CARTESIAN_POINT('',(2.234692747845E1,2.035050624966E1,-1.193313856815E0));
#3582=CARTESIAN_POINT('',(2.228190383898E1,2.038210561260E1,-1.145103569275E0));
#3583=CARTESIAN_POINT('',(2.223865655480E1,2.040312237880E1,-1.073277805122E0));
#3584=CARTESIAN_POINT('',(2.223045556963E1,2.040710778948E1,-1.013684990411E0));
#3585=CARTESIAN_POINT('',(2.223322550906E1,2.040576168948E1,
-9.814456231522E-1));
#3586=CARTESIAN_POINT('',(2.240214045632E1,2.024283526288E1,-1.199006466724E0));
#3587=CARTESIAN_POINT('',(2.237139797704E1,2.025390261913E1,-1.202313972409E0));
#3588=CARTESIAN_POINT('',(2.231477980674E1,2.027428527776E1,-1.193313856815E0));
#3589=CARTESIAN_POINT('',(2.224675363117E1,2.029877484193E1,-1.145103569275E0));
#3590=CARTESIAN_POINT('',(2.220150935739E1,2.031506287425E1,-1.073277805122E0));
#3591=CARTESIAN_POINT('',(2.219292968296E1,2.031815157482E1,-1.013684990411E0));
#3592=CARTESIAN_POINT('',(2.219582752730E1,2.031710834486E1,
-9.814456231522E-1));
#3593=CARTESIAN_POINT('',(2.238128271041E1,2.017366669337E1,-1.199006466724E0));
#3594=CARTESIAN_POINT('',(2.234955980056E1,2.018146800597E1,-1.202313972409E0));
#3595=CARTESIAN_POINT('',(2.229113597936E1,2.019583561899E1,-1.193313856815E0));
#3596=CARTESIAN_POINT('',(2.222094033198E1,2.021309816492E1,-1.145103569275E0));
#3597=CARTESIAN_POINT('',(2.217425314044E1,2.022457950056E1,-1.073277805122E0));
#3598=CARTESIAN_POINT('',(2.216539984543E1,2.022675670695E1,-1.013684990411E0));
#3599=CARTESIAN_POINT('',(2.216839010701E1,2.022602134044E1,
-9.814456231522E-1));
#3600=CARTESIAN_POINT('',(2.236764576347E1,2.010168386082E1,-1.199006466724E0));
#3601=CARTESIAN_POINT('',(2.233525069189E1,2.010597203563E1,-1.202313972409E0));
#3602=CARTESIAN_POINT('',(2.227558895599E1,2.011386953177E1,-1.193313856815E0));
#3603=CARTESIAN_POINT('',(2.220390596625E1,2.012335829581E1,-1.145103569275E0));
#3604=CARTESIAN_POINT('',(2.215622954191E1,2.012966928177E1,-1.073277805122E0));
#3605=CARTESIAN_POINT('',(2.214718865862E1,2.013086603442E1,-1.013684990411E0));
#3606=CARTESIAN_POINT('',(2.215024227944E1,2.013046182294E1,
-9.814456231522E-1));
#3607=CARTESIAN_POINT('',(2.236235501481E1,2.002952412229E1,-1.199006466724E0));
#3608=CARTESIAN_POINT('',(2.232966564641E1,2.002998436665E1,-1.202313972409E0));
#3609=CARTESIAN_POINT('',(2.226946190648E1,2.003083199488E1,-1.193313856815E0));
#3610=CARTESIAN_POINT('',(2.219712770423E1,2.003185041187E1,-1.145103569275E0));
#3611=CARTESIAN_POINT('',(2.214901815782E1,2.003252776198E1,-1.073277805122E0));
#3612=CARTESIAN_POINT('',(2.213989514157E1,2.003265620792E1,-1.013684990411E0));
#3613=CARTESIAN_POINT('',(2.214297650337E1,2.003261282442E1,
-9.814456231522E-1));
#3614=CARTESIAN_POINT('',(2.236601238412E1,1.995755470096E1,-1.199006466724E0));
#3615=CARTESIAN_POINT('',(2.233352714840E1,1.995362968352E1,-1.202313972409E0));
#3616=CARTESIAN_POINT('',(2.227369935796E1,1.994640101130E1,-1.193313856815E0));
#3617=CARTESIAN_POINT('',(2.220181685530E1,1.993771583262E1,-1.145103569275E0));
#3618=CARTESIAN_POINT('',(2.215400773473E1,1.993193931205E1,-1.073277805122E0));
#3619=CARTESIAN_POINT('',(2.214494168824E1,1.993084391010E1,-1.013684990411E0));
#3620=CARTESIAN_POINT('',(2.214800380811E1,1.993121388968E1,
-9.814456231522E-1));
#3621=CARTESIAN_POINT('',(2.237796744915E1,1.989832193107E1,-1.199006466724E0));
#3622=CARTESIAN_POINT('',(2.234630386665E1,1.989007954749E1,-1.202313972409E0));
#3623=CARTESIAN_POINT('',(2.228798930815E1,1.987489961770E1,-1.193313856815E0));
#3624=CARTESIAN_POINT('',(2.221792493882E1,1.985666108114E1,-1.145103569275E0));
#3625=CARTESIAN_POINT('',(2.217132506044E1,1.984453061320E1,-1.073277805122E0));
#3626=CARTESIAN_POINT('',(2.216248832263E1,1.984223031182E1,-1.013684990411E0));
#3627=CARTESIAN_POINT('',(2.216547299190E1,1.984300725451E1,
-9.814456231522E-1));
#3628=CARTESIAN_POINT('',(2.239340065377E1,1.985390752990E1,-1.199006466724E0));
#3629=CARTESIAN_POINT('',(2.236311961915E1,1.984166374805E1,-1.202313972409E0));
#3630=CARTESIAN_POINT('',(2.230735128766E1,1.981911447608E1,-1.193313856815E0));
#3631=CARTESIAN_POINT('',(2.224034618509E1,1.979202174727E1,-1.145103569275E0));
#3632=CARTESIAN_POINT('',(2.219578102793E1,1.977400234768E1,-1.073277805122E0));
#3633=CARTESIAN_POINT('',(2.218733013442E1,1.977058532783E1,-1.013684990411E0));
#3634=CARTESIAN_POINT('',(2.219018448212E1,1.977173944990E1,
-9.814456231522E-1));
#3635=CARTESIAN_POINT('',(2.241338934113E1,1.981073121706E1,-1.199006466724E0));
#3636=CARTESIAN_POINT('',(2.238489704697E1,1.979464078609E1,-1.202313972409E0));
#3637=CARTESIAN_POINT('',(2.233242302403E1,1.976500717221E1,-1.193313856815E0));
#3638=CARTESIAN_POINT('',(2.226937600082E1,1.972940267616E1,-1.145103569275E0));
#3639=CARTESIAN_POINT('',(2.222744336598E1,1.970572209214E1,-1.073277805122E0));
#3640=CARTESIAN_POINT('',(2.221949167785E1,1.970123154152E1,-1.013684990411E0));
#3641=CARTESIAN_POINT('',(2.222217741548E1,1.970274825603E1,
-9.814456231522E-1));
#3642=CARTESIAN_POINT('',(2.244597323104E1,1.976017574102E1,-1.199006466724E0));
#3643=CARTESIAN_POINT('',(2.241999578478E1,1.974026650859E1,-1.202313972409E0));
#3644=CARTESIAN_POINT('',(2.237215333645E1,1.970359983958E1,-1.193313856815E0));
#3645=CARTESIAN_POINT('',(2.231467110465E1,1.965954519687E1,-1.145103569275E0));
#3646=CARTESIAN_POINT('',(2.227643961785E1,1.963024441230E1,-1.073277805122E0));
#3647=CARTESIAN_POINT('',(2.226918977865E1,1.962468810271E1,-1.013684990411E0));
#3648=CARTESIAN_POINT('',(2.227163846195E1,1.962656478468E1,
-9.814456231522E-1));
#3649=CARTESIAN_POINT('',(2.250421909522E1,1.969419172429E1,-1.199006466724E0));
#3650=CARTESIAN_POINT('',(2.248178618074E1,1.967032833780E1,-1.202313972409E0));
#3651=CARTESIAN_POINT('',(2.244047166734E1,1.962637933591E1,-1.193313856815E0));
#3652=CARTESIAN_POINT('',(2.239083268523E1,1.957357504175E1,-1.145103569275E0));
#3653=CARTESIAN_POINT('',(2.235781775124E1,1.953845485572E1,-1.073277805122E0));
#3654=CARTESIAN_POINT('',(2.235155712726E1,1.953179501267E1,-1.013684990411E0));
#3655=CARTESIAN_POINT('',(2.235367169628E1,1.953404442069E1,
-9.814456231522E-1));
#3656=CARTESIAN_POINT('',(2.255413835530E1,1.965303488271E1,-1.199006466724E0));
#3657=CARTESIAN_POINT('',(2.253394871111E1,1.962739204939E1,-1.202313972409E0));
#3658=CARTESIAN_POINT('',(2.249676561007E1,1.958016585493E1,-1.193313856815E0));
#3659=CARTESIAN_POINT('',(2.245209047935E1,1.952342404611E1,-1.145103569275E0));
#3660=CARTESIAN_POINT('',(2.242237700761E1,1.948568501533E1,-1.073277805122E0));
#3661=CARTESIAN_POINT('',(2.241674244013E1,1.947852856060E1,-1.013684990411E0));
#3662=CARTESIAN_POINT('',(2.241864555425E1,1.948094570265E1,
-9.814456231522E-1));
#3663=CARTESIAN_POINT('',(2.258607666322E1,1.963025001806E1,-1.199006466724E0));
#3664=CARTESIAN_POINT('',(2.256711885139E1,1.960371253708E1,-1.202313972409E0));
#3665=CARTESIAN_POINT('',(2.253220440583E1,1.955483867744E1,-1.193313856815E0));
#3666=CARTESIAN_POINT('',(2.249025504238E1,1.949611721507E1,-1.145103569275E0));
#3667=CARTESIAN_POINT('',(2.246235448104E1,1.945706151485E1,-1.073277805122E0));
#3668=CARTESIAN_POINT('',(2.245706369587E1,1.944965538001E1,-1.013684990411E0));
#3669=CARTESIAN_POINT('',(2.245885069513E1,1.945215685324E1,
-9.814456231522E-1));
#3670=B_SPLINE_SURFACE_WITH_KNOTS('',3,3,((#3474,#3475,#3476,#3477,#3478,#3479,
#3480),(#3481,#3482,#3483,#3484,#3485,#3486,#3487),(#3488,#3489,#3490,#3491,
#3492,#3493,#3494),(#3495,#3496,#3497,#3498,#3499,#3500,#3501),(#3502,#3503,
#3504,#3505,#3506,#3507,#3508),(#3509,#3510,#3511,#3512,#3513,#3514,#3515),(
#3516,#3517,#3518,#3519,#3520,#3521,#3522),(#3523,#3524,#3525,#3526,#3527,#3528,
#3529),(#3530,#3531,#3532,#3533,#3534,#3535,#3536),(#3537,#3538,#3539,#3540,
#3541,#3542,#3543),(#3544,#3545,#3546,#3547,#3548,#3549,#3550),(#3551,#3552,
#3553,#3554,#3555,#3556,#3557),(#3558,#3559,#3560,#3561,#3562,#3563,#3564),(
#3565,#3566,#3567,#3568,#3569,#3570,#3571),(#3572,#3573,#3574,#3575,#3576,#3577,
#3578),(#3579,#3580,#3581,#3582,#3583,#3584,#3585),(#3586,#3587,#3588,#3589,
#3590,#3591,#3592),(#3593,#3594,#3595,#3596,#3597,#3598,#3599),(#3600,#3601,
#3602,#3603,#3604,#3605,#3606),(#3607,#3608,#3609,#3610,#3611,#3612,#3613),(
#3614,#3615,#3616,#3617,#3618,#3619,#3620),(#3621,#3622,#3623,#3624,#3625,#3626,
#3627),(#3628,#3629,#3630,#3631,#3632,#3633,#3634),(#3635,#3636,#3637,#3638,
#3639,#3640,#3641),(#3642,#3643,#3644,#3645,#3646,#3647,#3648),(#3649,#3650,
#3651,#3652,#3653,#3654,#3655),(#3656,#3657,#3658,#3659,#3660,#3661,#3662),(
#3663,#3664,#3665,#3666,#3667,#3668,#3669)),.UNSPECIFIED.,.F.,.F.,.F.,(4,1,1,1,
1,1,1,1,1,1,1,1,1,1,1,1,1,1,1,1,1,1,1,1,1,4),(4,1,1,1,4),(-4.725535813397E-5,
1.476729941687E-4,2.953459883373E-4,4.430189825060E-4,5.906919766746E-4,
7.383649708433E-4,8.860379650120E-4,1.033710959181E-3,1.107547456265E-3,
1.181383953349E-3,1.329056947518E-3,1.402893444602E-3,1.476729941687E-3,
1.550566438771E-3,1.624402935855E-3,1.698239432940E-3,1.772075930024E-3,
1.845912427108E-3,1.919748924193E-3,1.993585421277E-3,2.067421918361E-3,
2.104340166903E-3,2.141258415446E-3,2.215094912530E-3,2.288931409614E-3,
2.410023264832E-3),(-6.284932220706E-2,2.5E-1,5.E-1,7.5E-1,1.059140794661E0),
.UNSPECIFIED.);
#3672=ORIENTED_EDGE('',*,*,#3671,.F.);
#3674=ORIENTED_EDGE('',*,*,#3673,.F.);
#3676=ORIENTED_EDGE('',*,*,#3675,.F.);
#3677=ORIENTED_EDGE('',*,*,#3461,.T.);
#3679=ORIENTED_EDGE('',*,*,#3678,.T.);
#3680=EDGE_LOOP('',(#3672,#3674,#3676,#3677,#3679));
#3681=FACE_OUTER_BOUND('',#3680,.F.);
#3682=ADVANCED_FACE('',(#3681),#3670,.T.);
#3683=CARTESIAN_POINT('',(2.263331821366E1,1.934816844959E1,-1.2E0));
#3684=DIRECTION('',(0.E0,0.E0,-1.E0));
#3685=DIRECTION('',(-1.E0,0.E0,0.E0));
#3686=AXIS2_PLACEMENT_3D('',#3683,#3684,#3685);
#3687=PLANE('',#3686);
#3689=ORIENTED_EDGE('',*,*,#3688,.T.);
#3690=ORIENTED_EDGE('',*,*,#3671,.T.);
#3691=EDGE_LOOP('',(#3689,#3690));
#3692=FACE_OUTER_BOUND('',#3691,.F.);
#3694=ORIENTED_EDGE('',*,*,#3693,.F.);
#3696=ORIENTED_EDGE('',*,*,#3695,.F.);
#3697=EDGE_LOOP('',(#3694,#3696));
#3698=FACE_BOUND('',#3697,.F.);
#3699=ADVANCED_FACE('',(#3692,#3698),#3687,.T.);
#3700=CARTESIAN_POINT('',(2.251373431451E1,1.968824397168E1,-1.199040826373E0));
#3701=CARTESIAN_POINT('',(2.249169088692E1,1.966434959865E1,-1.202278928129E0));
#3702=CARTESIAN_POINT('',(2.245105040279E1,1.962029660900E1,-1.193249035166E0));
#3703=CARTESIAN_POINT('',(2.240217609469E1,1.956731841656E1,-1.145103569275E0));
#3704=CARTESIAN_POINT('',(2.236951853205E1,1.953191865939E1,-1.073040707115E0));
#3705=CARTESIAN_POINT('',(2.236339490152E1,1.952528083905E1,-1.013115419532E0));
#3706=CARTESIAN_POINT('',(2.236559356784E1,1.952766412327E1,
-9.806101366340E-1));
#3707=CARTESIAN_POINT('',(2.256094846096E1,1.964495454636E1,-1.199040826373E0));
#3708=CARTESIAN_POINT('',(2.254124718363E1,1.961894418891E1,-1.202278928129E0));
#3709=CARTESIAN_POINT('',(2.250492481746E1,1.957099005316E1,-1.193249035166E0));
#3710=CARTESIAN_POINT('',(2.246124348460E1,1.951332033648E1,-1.145103569275E0));
#3711=CARTESIAN_POINT('',(2.243205584144E1,1.947478572683E1,-1.073040707115E0));
#3712=CARTESIAN_POINT('',(2.242658285668E1,1.946756008924E1,-1.013115419532E0));
#3713=CARTESIAN_POINT('',(2.242854791110E1,1.947015442701E1,
-9.806101366340E-1));
#3714=CARTESIAN_POINT('',(2.265361745478E1,1.958068535624E1,-1.199040826373E0));
#3715=CARTESIAN_POINT('',(2.263737955075E1,1.955238587314E1,-1.202278928129E0));
#3716=CARTESIAN_POINT('',(2.260744245144E1,1.950021137852E1,-1.193249035166E0));
#3717=CARTESIAN_POINT('',(2.257144005021E1,1.943746625186E1,-1.145103569275E0));
#3718=CARTESIAN_POINT('',(2.254738342989E1,1.939554027921E1,-1.073040707115E0));
#3719=CARTESIAN_POINT('',(2.254287256495E1,1.938767872601E1,-1.013115419532E0));
#3720=CARTESIAN_POINT('',(2.254449217389E1,1.939050138687E1,
-9.806101366340E-1));
#3721=CARTESIAN_POINT('',(2.280194494197E1,1.950987043136E1,-1.199040826373E0));
#3722=CARTESIAN_POINT('',(2.278964013927E1,1.947971883392E1,-1.202278928129E0));
#3723=CARTESIAN_POINT('',(2.276695432344E1,1.942412967874E1,-1.193249035166E0));
#3724=CARTESIAN_POINT('',(2.273967232678E1,1.935727807607E1,-1.145103569275E0));
#3725=CARTESIAN_POINT('',(2.272144263618E1,1.931260817717E1,-1.073040707115E0));
#3726=CARTESIAN_POINT('',(2.271802438078E1,1.930423210944E1,-1.013115419532E0));
#3727=CARTESIAN_POINT('',(2.271925169241E1,1.930723950479E1,
-9.806101366340E-1));
#3728=CARTESIAN_POINT('',(2.294134845208E1,1.946151945094E1,-1.199040826373E0));
#3729=CARTESIAN_POINT('',(2.293237470649E1,1.943021311513E1,-1.202278928129E0));
#3730=CARTESIAN_POINT('',(2.291583021205E1,1.937249502033E1,-1.193249035166E0));
#3731=CARTESIAN_POINT('',(2.289593377784E1,1.930308315163E1,-1.145103569275E0));
#3732=CARTESIAN_POINT('',(2.288263908229E1,1.925670249606E1,-1.073040707115E0));
#3733=CARTESIAN_POINT('',(2.288014618946E1,1.924800564377E1,-1.013115419532E0));
#3734=CARTESIAN_POINT('',(2.288104125318E1,1.925112821560E1,
-9.806101366340E-1));
#3735=CARTESIAN_POINT('',(2.305990205701E1,1.943494935886E1,-1.199040826373E0));
#3736=CARTESIAN_POINT('',(2.305405380947E1,1.940293082721E1,-1.202278928129E0));
#3737=CARTESIAN_POINT('',(2.304327165634E1,1.934389968871E1,-1.193249035166E0));
#3738=CARTESIAN_POINT('',(2.303030502258E1,1.927290875166E1,-1.145103569275E0));
#3739=CARTESIAN_POINT('',(2.302164078423E1,1.922547297070E1,-1.073040707115E0));
#3740=CARTESIAN_POINT('',(2.302001615E1,1.921657827150E1,-1.013115419532E0));
#3741=CARTESIAN_POINT('',(2.302059946876E1,1.921977187951E1,
-9.806101366340E-1));
#3742=CARTESIAN_POINT('',(2.315652967907E1,1.942244731998E1,-1.199040826373E0));
#3743=CARTESIAN_POINT('',(2.315339704130E1,1.939007519906E1,-1.202278928129E0));
#3744=CARTESIAN_POINT('',(2.314762153679E1,1.933039216378E1,-1.193249035166E0));
#3745=CARTESIAN_POINT('',(2.314067590627E1,1.925861725467E1,-1.145103569275E0));
#3746=CARTESIAN_POINT('',(2.313603487149E1,1.921065762759E1,-1.073040707115E0));
#3747=CARTESIAN_POINT('',(2.313516462950E1,1.920166470183E1,-1.013115419532E0));
#3748=CARTESIAN_POINT('',(2.313547708659E1,1.920489357771E1,
-9.806101366340E-1));
#3749=CARTESIAN_POINT('',(2.323013624080E1,1.941779980909E1,-1.199040826373E0));
#3750=CARTESIAN_POINT('',(2.322919053148E1,1.938528788308E1,-1.202278928129E0));
#3751=CARTESIAN_POINT('',(2.322744696940E1,1.932534709539E1,-1.193249035166E0));
#3752=CARTESIAN_POINT('',(2.322535015898E1,1.925326221285E1,-1.145103569275E0));
#3753=CARTESIAN_POINT('',(2.322394908099E1,1.920509546310E1,-1.073040707115E0));
#3754=CARTESIAN_POINT('',(2.322368636438E1,1.919606369970E1,-1.013115419532E0));
#3755=CARTESIAN_POINT('',(2.322378069178E1,1.919930652009E1,
-9.806101366340E-1));
#3756=CARTESIAN_POINT('',(2.330384661999E1,1.941826452032E1,-1.199040826373E0));
#3757=CARTESIAN_POINT('',(2.330522614662E1,1.938576428146E1,-1.202278928129E0));
#3758=CARTESIAN_POINT('',(2.330776951834E1,1.932584504084E1,-1.193249035166E0));
#3759=CARTESIAN_POINT('',(2.331082818103E1,1.925378607083E1,-1.145103569275E0));
#3760=CARTESIAN_POINT('',(2.331287196380E1,1.920563663570E1,-1.073040707115E0));
#3761=CARTESIAN_POINT('',(2.331325519419E1,1.919660811897E1,-1.013115419532E0));
#3762=CARTESIAN_POINT('',(2.331311759677E1,1.919984977366E1,
-9.806101366340E-1));
#3763=CARTESIAN_POINT('',(2.337658869160E1,1.942410169058E1,-1.199040826373E0));
#3764=CARTESIAN_POINT('',(2.338041013578E1,1.939179484540E1,-1.202278928129E0));
#3765=CARTESIAN_POINT('',(2.338745556194E1,1.933223215610E1,-1.193249035166E0));
#3766=CARTESIAN_POINT('',(2.339592840218E1,1.926060197524E1,-1.145103569275E0));
#3767=CARTESIAN_POINT('',(2.340158991067E1,1.921273905484E1,-1.073040707115E0));
#3768=CARTESIAN_POINT('',(2.340265150203E1,1.920376426258E1,-1.013115419532E0));
#3769=CARTESIAN_POINT('',(2.340227034168E1,1.920698662770E1,
-9.806101366340E-1));
#3770=CARTESIAN_POINT('',(2.344852980416E1,1.943549229318E1,-1.199040826373E0));
#3771=CARTESIAN_POINT('',(2.345492441714E1,1.940358954772E1,-1.202278928129E0));
#3772=CARTESIAN_POINT('',(2.346671387984E1,1.934477187904E1,-1.193249035166E0));
#3773=CARTESIAN_POINT('',(2.348089190564E1,1.927403766112E1,-1.145103569275E0));
#3774=CARTESIAN_POINT('',(2.349036558995E1,1.922677341857E1,-1.073040707115E0));
#3775=CARTESIAN_POINT('',(2.349214200367E1,1.921791088460E1,-1.013115419532E0));
#3776=CARTESIAN_POINT('',(2.349150418906E1,1.922109294380E1,
-9.806101366340E-1));
#3777=CARTESIAN_POINT('',(2.351984674923E1,1.945295660240E1,-1.199040826373E0));
#3778=CARTESIAN_POINT('',(2.352894639575E1,1.942171237257E1,-1.202278928129E0));
#3779=CARTESIAN_POINT('',(2.354572300812E1,1.936410877977E1,-1.193249035166E0));
#3780=CARTESIAN_POINT('',(2.356589858770E1,1.929483461135E1,-1.145103569275E0));
#3781=CARTESIAN_POINT('',(2.357937980676E1,1.924854596641E1,-1.073040707115E0));
#3782=CARTESIAN_POINT('',(2.358190767467E1,1.923986636707E1,-1.013115419532E0));
#3783=CARTESIAN_POINT('',(2.358100005328E1,1.924298274429E1,
-9.806101366340E-1));
#3784=CARTESIAN_POINT('',(2.358936306203E1,1.947665320438E1,-1.199040826373E0));
#3785=CARTESIAN_POINT('',(2.360124761061E1,1.944635695748E1,-1.202278928129E0));
#3786=CARTESIAN_POINT('',(2.362315862267E1,1.939050111854E1,-1.193249035166E0));
#3787=CARTESIAN_POINT('',(2.364950883914E1,1.932332880158E1,-1.145103569275E0));
#3788=CARTESIAN_POINT('',(2.366711591898E1,1.927844460303E1,-1.073040707115E0));
#3789=CARTESIAN_POINT('',(2.367041742843E1,1.927002835190E1,-1.013115419532E0));
#3790=CARTESIAN_POINT('',(2.366923203398E1,1.927305017495E1,
-9.806101366340E-1));
#3791=CARTESIAN_POINT('',(2.367757199376E1,1.951606039906E1,-1.199040826373E0));
#3792=CARTESIAN_POINT('',(2.369312062799E1,1.948739276371E1,-1.202278928129E0));
#3793=CARTESIAN_POINT('',(2.372178695131E1,1.943453952324E1,-1.193249035166E0));
#3794=CARTESIAN_POINT('',(2.375626111540E1,1.937097813576E1,-1.145103569275E0));
#3795=CARTESIAN_POINT('',(2.377929657548E1,1.932850674182E1,-1.073040707115E0));
#3796=CARTESIAN_POINT('',(2.378361596233E1,1.932054291649E1,-1.013115419532E0));
#3797=CARTESIAN_POINT('',(2.378206510286E1,1.932340229777E1,
-9.806101366340E-1));
#3798=CARTESIAN_POINT('',(2.375942891914E1,1.956737964425E1,-1.199040826373E0));
#3799=CARTESIAN_POINT('',(2.377854545568E1,1.954095750675E1,-1.202278928129E0));
#3800=CARTESIAN_POINT('',(2.381378976133E1,1.949224419047E1,-1.193249035166E0));
#3801=CARTESIAN_POINT('',(2.385617461698E1,1.943366148215E1,-1.145103569275E0));
#3802=CARTESIAN_POINT('',(2.388449596069E1,1.939451681614E1,-1.073040707115E0));
#3803=CARTESIAN_POINT('',(2.388980650535E1,1.938717678669E1,-1.013115419532E0));
#3804=CARTESIAN_POINT('',(2.388789977443E1,1.938981219642E1,
-9.806101366340E-1));
#3805=CARTESIAN_POINT('',(2.383454923578E1,1.963111199404E1,-1.199040826373E0));
#3806=CARTESIAN_POINT('',(2.385669146264E1,1.960726575922E1,-1.202278928129E0));
#3807=CARTESIAN_POINT('',(2.389751409858E1,1.956330151983E1,-1.193249035166E0));
#3808=CARTESIAN_POINT('',(2.394660746272E1,1.951043005860E1,-1.145103569275E0));
#3809=CARTESIAN_POINT('',(2.397941139749E1,1.947510161868E1,-1.073040707115E0));
#3810=CARTESIAN_POINT('',(2.398556247431E1,1.946847717106E1,-1.013115419532E0));
#3811=CARTESIAN_POINT('',(2.398335395351E1,1.947085565385E1,
-9.806101366340E-1));
#3812=CARTESIAN_POINT('',(2.388586162980E1,1.968297079809E1,-1.199040826373E0));
#3813=CARTESIAN_POINT('',(2.390991320132E1,1.966106060723E1,-1.202278928129E0));
#3814=CARTESIAN_POINT('',(2.395425601084E1,1.962066576570E1,-1.193249035166E0));
#3815=CARTESIAN_POINT('',(2.400758274109E1,1.957208686778E1,-1.145103569275E0));
#3816=CARTESIAN_POINT('',(2.404321538943E1,1.953962669671E1,-1.073040707115E0));
#3817=CARTESIAN_POINT('',(2.404989687927E1,1.953354007914E1,-1.013115419532E0));
#3818=CARTESIAN_POINT('',(2.404749791569E1,1.953572545609E1,
-9.806101366340E-1));
#3819=CARTESIAN_POINT('',(2.393283898120E1,1.973898695760E1,-1.199040826373E0));
#3820=CARTESIAN_POINT('',(2.395864410635E1,1.971915675734E1,-1.202278928129E0));
#3821=CARTESIAN_POINT('',(2.400621986447E1,1.968259670171E1,-1.193249035166E0));
#3822=CARTESIAN_POINT('',(2.406343454363E1,1.963862952313E1,-1.145103569275E0));
#3823=CARTESIAN_POINT('',(2.410166509954E1,1.960925087934E1,-1.073040707115E0));
#3824=CARTESIAN_POINT('',(2.410883372391E1,1.960374207998E1,-1.013115419532E0));
#3825=CARTESIAN_POINT('',(2.410625985652E1,1.960571999350E1,
-9.806101366340E-1));
#3826=CARTESIAN_POINT('',(2.397505240876E1,1.979926168021E1,-1.199040826373E0));
#3827=CARTESIAN_POINT('',(2.400250306596E1,1.978178707875E1,-1.202278928129E0));
#3828=CARTESIAN_POINT('',(2.405311261810E1,1.974956993554E1,-1.193249035166E0));
#3829=CARTESIAN_POINT('',(2.411397574258E1,1.971082555006E1,-1.145103569275E0));
#3830=CARTESIAN_POINT('',(2.415464417099E1,1.968493674988E1,-1.073040707115E0));
#3831=CARTESIAN_POINT('',(2.416226992164E1,1.968008233228E1,-1.013115419532E0));
#3832=CARTESIAN_POINT('',(2.415953192480E1,1.968182529251E1,
-9.806101366340E-1));
#3833=CARTESIAN_POINT('',(2.401151927029E1,1.986291965683E1,-1.199040826373E0));
#3834=CARTESIAN_POINT('',(2.404055678176E1,1.984816661581E1,-1.202278928129E0));
#3835=CARTESIAN_POINT('',(2.409409194635E1,1.982096709219E1,-1.193249035166E0));
#3836=CARTESIAN_POINT('',(2.415847341680E1,1.978825690367E1,-1.145103569275E0));
#3837=CARTESIAN_POINT('',(2.420149278599E1,1.976640012304E1,-1.073040707115E0));
#3838=CARTESIAN_POINT('',(2.420955936234E1,1.976230175077E1,-1.013115419532E0));
#3839=CARTESIAN_POINT('',(2.420666308870E1,1.976377325579E1,
-9.806101366340E-1));
#3840=CARTESIAN_POINT('',(2.404075229777E1,1.992944797322E1,-1.199040826373E0));
#3841=CARTESIAN_POINT('',(2.407128392685E1,1.991807290683E1,-1.202278928129E0));
#3842=CARTESIAN_POINT('',(2.412757372942E1,1.989710120435E1,-1.193249035166E0));
#3843=CARTESIAN_POINT('',(2.419526793171E1,1.987188060301E1,-1.145103569275E0));
#3844=CARTESIAN_POINT('',(2.424050085137E1,1.985502832622E1,-1.073040707115E0));
#3845=CARTESIAN_POINT('',(2.424898249131E1,1.985186835015E1,-1.013115419532E0));
#3846=CARTESIAN_POINT('',(2.424593719066E1,1.985300292757E1,
-9.806101366340E-1));
#3847=CARTESIAN_POINT('',(2.405807792139E1,1.998789874571E1,-1.199040826373E0));
#3848=CARTESIAN_POINT('',(2.408975084581E1,1.998024024610E1,-1.202278928129E0));
#3849=CARTESIAN_POINT('',(2.414814480369E1,1.996612061201E1,-1.193249035166E0));
#3850=CARTESIAN_POINT('',(2.421836946635E1,1.994914031855E1,-1.145103569275E0));
#3851=CARTESIAN_POINT('',(2.426529322668E1,1.993779417333E1,-1.073040707115E0));
#3852=CARTESIAN_POINT('',(2.427409191672E1,1.993566665383E1,-1.013115419532E0));
#3853=CARTESIAN_POINT('',(2.427093278044E1,1.993643053164E1,
-9.806101366340E-1));
#3854=CARTESIAN_POINT('',(2.406585270532E1,2.003500526150E1,-1.199040826373E0));
#3855=CARTESIAN_POINT('',(2.409818958130E1,2.003120192711E1,-1.202278928129E0));
#3856=CARTESIAN_POINT('',(2.415780763706E1,2.002418988916E1,-1.193249035166E0));
#3857=CARTESIAN_POINT('',(2.422950440169E1,2.001575720165E1,-1.145103569275E0));
#3858=CARTESIAN_POINT('',(2.427741181304E1,2.001012252300E1,-1.073040707115E0));
#3859=CARTESIAN_POINT('',(2.428639494781E1,2.000906596251E1,-1.013115419532E0));
#3860=CARTESIAN_POINT('',(2.428316958734E1,2.000944531655E1,
-9.806101366340E-1));
#3861=CARTESIAN_POINT('',(2.406813450826E1,2.007071225537E1,-1.199040826373E0));
#3862=CARTESIAN_POINT('',(2.410070706248E1,2.007043950746E1,-1.202278928129E0));
#3863=CARTESIAN_POINT('',(2.416075962769E1,2.006993665430E1,-1.193249035166E0));
#3864=CARTESIAN_POINT('',(2.423297893406E1,2.006933192233E1,-1.145103569275E0));
#3865=CARTESIAN_POINT('',(2.428123550511E1,2.006892784352E1,-1.073040707115E0));
#3866=CARTESIAN_POINT('',(2.429028411094E1,2.006885207456E1,-1.013115419532E0));
#3867=CARTESIAN_POINT('',(2.428703524334E1,2.006887927912E1,
-9.806101366340E-1));
#3868=CARTESIAN_POINT('',(2.406650177854E1,2.009999232572E1,-1.199040826373E0));
#3869=CARTESIAN_POINT('',(2.409890512276E1,2.010327736712E1,-1.202278928129E0));
#3870=CARTESIAN_POINT('',(2.415864572305E1,2.010933385142E1,-1.193249035166E0));
#3871=CARTESIAN_POINT('',(2.423048985992E1,2.011661738866E1,-1.145103569275E0));
#3872=CARTESIAN_POINT('',(2.427849574463E1,2.012148421098E1,-1.073040707115E0));
#3873=CARTESIAN_POINT('',(2.428749734418E1,2.012239679046E1,-1.013115419532E0));
#3874=CARTESIAN_POINT('',(2.428426535401E1,2.012206913226E1,
-9.806101366340E-1));
#3875=CARTESIAN_POINT('',(2.406274604281E1,2.012268444282E1,-1.199040826373E0));
#3876=CARTESIAN_POINT('',(2.409461667605E1,2.012919807705E1,-1.202278928129E0));
#3877=CARTESIAN_POINT('',(2.415337514084E1,2.014120697393E1,-1.193249035166E0));
#3878=CARTESIAN_POINT('',(2.422403816008E1,2.015564889159E1,-1.145103569275E0));
#3879=CARTESIAN_POINT('',(2.427125482804E1,2.016529890710E1,-1.073040707115E0));
#3880=CARTESIAN_POINT('',(2.428010844129E1,2.016710838474E1,-1.013115419532E0));
#3881=CARTESIAN_POINT('',(2.427692958503E1,2.016645869866E1,
-9.806101366340E-1));
#3882=CARTESIAN_POINT('',(2.405729830721E1,2.014527976952E1,-1.199040826373E0));
#3883=CARTESIAN_POINT('',(2.408845032684E1,2.015474582727E1,-1.202278928129E0));
#3884=CARTESIAN_POINT('',(2.414588391578E1,2.017219797569E1,-1.193249035166E0));
#3885=CARTESIAN_POINT('',(2.421495363730E1,2.019318595594E1,-1.145103569275E0));
#3886=CARTESIAN_POINT('',(2.426110567188E1,2.020721001698E1,-1.073040707115E0));
#3887=CARTESIAN_POINT('',(2.426975965536E1,2.020983967337E1,-1.013115419532E0));
#3888=CARTESIAN_POINT('',(2.426665247542E1,2.020889550522E1,
-9.806101366340E-1));
#3889=CARTESIAN_POINT('',(2.404741015952E1,2.017333483366E1,-1.199040826373E0));
#3890=CARTESIAN_POINT('',(2.407740698721E1,2.018602453970E1,-1.202278928129E0));
#3891=CARTESIAN_POINT('',(2.413271080032E1,2.020941998467E1,-1.193249035166E0));
#3892=CARTESIAN_POINT('',(2.419921925017E1,2.023755538241E1,-1.145103569275E0));
#3893=CARTESIAN_POINT('',(2.424365985612E1,2.025635531125E1,-1.073040707115E0));
#3894=CARTESIAN_POINT('',(2.425199292905E1,2.025988049221E1,-1.013115419532E0));
#3895=CARTESIAN_POINT('',(2.424900097082E1,2.025861478936E1,
-9.806101366340E-1));
#3896=CARTESIAN_POINT('',(2.402673715472E1,2.021581142019E1,-1.199040826373E0));
#3897=CARTESIAN_POINT('',(2.405476984053E1,2.023247493086E1,-1.202278928129E0));
#3898=CARTESIAN_POINT('',(2.410645245286E1,2.026319670216E1,-1.193249035166E0));
#3899=CARTESIAN_POINT('',(2.416860604115E1,2.030014275111E1,-1.145103569275E0));
#3900=CARTESIAN_POINT('',(2.421013675087E1,2.032482991201E1,-1.073040707115E0));
#3901=CARTESIAN_POINT('',(2.421792418819E1,2.032945900984E1,-1.013115419532E0));
#3902=CARTESIAN_POINT('',(2.421512813836E1,2.032779694982E1,
-9.806101366340E-1));
#3903=CARTESIAN_POINT('',(2.399294873815E1,2.026611133268E1,-1.199040826373E0));
#3904=CARTESIAN_POINT('',(2.401858926E1,2.028622591536E1,-1.202278928129E0));
#3905=CARTESIAN_POINT('',(2.406586154637E1,2.032331027416E1,-1.193249035166E0));
#3906=CARTESIAN_POINT('',(2.412271126995E1,2.036790798052E1,-1.145103569275E0));
#3907=CARTESIAN_POINT('',(2.416069796441E1,2.039770793976E1,-1.073040707115E0));
#3908=CARTESIAN_POINT('',(2.416782086223E1,2.040329574011E1,-1.013115419532E0));
#3909=CARTESIAN_POINT('',(2.416526341278E1,2.040128946159E1,
-9.806101366340E-1));
#3910=CARTESIAN_POINT('',(2.394464704972E1,2.032074546241E1,-1.199040826373E0));
#3911=CARTESIAN_POINT('',(2.396785597461E1,2.034356777495E1,-1.202278928129E0));
#3912=CARTESIAN_POINT('',(2.401064523411E1,2.038564425453E1,-1.193249035166E0));
#3913=CARTESIAN_POINT('',(2.406210366274E1,2.043624549293E1,-1.145103569275E0));
#3914=CARTESIAN_POINT('',(2.409648792150E1,2.047005698157E1,-1.073040707115E0));
#3915=CARTESIAN_POINT('',(2.410293532540E1,2.047639698514E1,-1.013115419532E0));
#3916=CARTESIAN_POINT('',(2.410062040948E1,2.047412063091E1,
-9.806101366340E-1));
#3917=CARTESIAN_POINT('',(2.387990222085E1,2.038096773875E1,-1.199040826373E0));
#3918=CARTESIAN_POINT('',(2.390060343472E1,2.040609924617E1,-1.202278928129E0));
#3919=CARTESIAN_POINT('',(2.393876933927E1,2.045243308533E1,-1.193249035166E0));
#3920=CARTESIAN_POINT('',(2.398466771421E1,2.050815423086E1,-1.145103569275E0));
#3921=CARTESIAN_POINT('',(2.401533677354E1,2.054538681524E1,-1.073040707115E0));
#3922=CARTESIAN_POINT('',(2.402108753914E1,2.055236830963E1,-1.013115419532E0));
#3923=CARTESIAN_POINT('',(2.401902274856E1,2.054986163055E1,
-9.806101366340E-1));
#3924=CARTESIAN_POINT('',(2.382771075990E1,2.042036333579E1,-1.199040826373E0));
#3925=CARTESIAN_POINT('',(2.384689085974E1,2.044661740055E1,-1.202278928129E0));
#3926=CARTESIAN_POINT('',(2.388225235421E1,2.049502084860E1,-1.193249035166E0));
#3927=CARTESIAN_POINT('',(2.392477814130E1,2.055323090894E1,-1.145103569275E0));
#3928=CARTESIAN_POINT('',(2.395319365468E1,2.059212657346E1,-1.073040707115E0));
#3929=CARTESIAN_POINT('',(2.395852185713E1,2.059941991256E1,-1.013115419532E0));
#3930=CARTESIAN_POINT('',(2.395660878625E1,2.059680126682E1,
-9.806101366340E-1));
#3931=CARTESIAN_POINT('',(2.379470471924E1,2.044287119858E1,-1.199040826373E0));
#3932=CARTESIAN_POINT('',(2.381302728231E1,2.046971589951E1,-1.202278928129E0));
#3933=CARTESIAN_POINT('',(2.384680777449E1,2.051920827712E1,-1.193249035166E0));
#3934=CARTESIAN_POINT('',(2.388743224583E1,2.057872788578E1,-1.145103569275E0));
#3935=CARTESIAN_POINT('',(2.391457730975E1,2.061849858381E1,-1.073040707115E0));
#3936=CARTESIAN_POINT('',(2.391966728979E1,2.062595600074E1,-1.013115419532E0));
#3937=CARTESIAN_POINT('',(2.391783975176E1,2.062327844347E1,
-9.806101366340E-1));
#3938=B_SPLINE_SURFACE_WITH_KNOTS('',3,3,((#3700,#3701,#3702,#3703,#3704,#3705,
#3706),(#3707,#3708,#3709,#3710,#3711,#3712,#3713),(#3714,#3715,#3716,#3717,
#3718,#3719,#3720),(#3721,#3722,#3723,#3724,#3725,#3726,#3727),(#3728,#3729,
#3730,#3731,#3732,#3733,#3734),(#3735,#3736,#3737,#3738,#3739,#3740,#3741),(
#3742,#3743,#3744,#3745,#3746,#3747,#3748),(#3749,#3750,#3751,#3752,#3753,#3754,
#3755),(#3756,#3757,#3758,#3759,#3760,#3761,#3762),(#3763,#3764,#3765,#3766,
#3767,#3768,#3769),(#3770,#3771,#3772,#3773,#3774,#3775,#3776),(#3777,#3778,
#3779,#3780,#3781,#3782,#3783),(#3784,#3785,#3786,#3787,#3788,#3789,#3790),(
#3791,#3792,#3793,#3794,#3795,#3796,#3797),(#3798,#3799,#3800,#3801,#3802,#3803,
#3804),(#3805,#3806,#3807,#3808,#3809,#3810,#3811),(#3812,#3813,#3814,#3815,
#3816,#3817,#3818),(#3819,#3820,#3821,#3822,#3823,#3824,#3825),(#3826,#3827,
#3828,#3829,#3830,#3831,#3832),(#3833,#3834,#3835,#3836,#3837,#3838,#3839),(
#3840,#3841,#3842,#3843,#3844,#3845,#3846),(#3847,#3848,#3849,#3850,#3851,#3852,
#3853),(#3854,#3855,#3856,#3857,#3858,#3859,#3860),(#3861,#3862,#3863,#3864,
#3865,#3866,#3867),(#3868,#3869,#3870,#3871,#3872,#3873,#3874),(#3875,#3876,
#3877,#3878,#3879,#3880,#3881),(#3882,#3883,#3884,#3885,#3886,#3887,#3888),(
#3889,#3890,#3891,#3892,#3893,#3894,#3895),(#3896,#3897,#3898,#3899,#3900,#3901,
#3902),(#3903,#3904,#3905,#3906,#3907,#3908,#3909),(#3910,#3911,#3912,#3913,
#3914,#3915,#3916),(#3917,#3918,#3919,#3920,#3921,#3922,#3923),(#3924,#3925,
#3926,#3927,#3928,#3929,#3930),(#3931,#3932,#3933,#3934,#3935,#3936,#3937)),
.UNSPECIFIED.,.F.,.F.,.F.,(4,1,1,1,1,1,1,1,1,1,1,1,1,1,1,1,1,1,1,1,1,1,1,1,1,1,
1,1,1,1,1,4),(4,1,1,1,4),(2.315512548564E-3,2.510440900867E-3,2.658113895036E-3,
2.805786889204E-3,2.953459883373E-3,3.027296380457E-3,3.101132877541E-3,
3.174969374626E-3,3.248805871710E-3,3.322642368794E-3,3.396478865879E-3,
3.470315362963E-3,3.544151860047E-3,3.691824854216E-3,3.765661351300E-3,
3.839497848385E-3,3.913334345469E-3,3.987170842553E-3,4.061007339638E-3,
4.134843836722E-3,4.208680333806E-3,4.245598582348E-3,4.282516830891E-3,
4.319435079433E-3,4.337894203704E-3,4.356353327975E-3,4.393271576517E-3,
4.430189825059E-3,4.504026322144E-3,4.577862819228E-3,4.651699316312E-3,
4.772791171530E-3),(-6.175639709953E-2,2.5E-1,5.E-1,7.5E-1,1.061811781476E0),
.UNSPECIFIED.);
#3939=ORIENTED_EDGE('',*,*,#3678,.F.);
#3940=ORIENTED_EDGE('',*,*,#3469,.F.);
#3942=ORIENTED_EDGE('',*,*,#3941,.F.);
#3943=ORIENTED_EDGE('',*,*,#3673,.T.);
#3944=ORIENTED_EDGE('',*,*,#3688,.F.);
#3945=EDGE_LOOP('',(#3939,#3940,#3942,#3943,#3944));
#3946=FACE_OUTER_BOUND('',#3945,.F.);
#3947=ADVANCED_FACE('',(#3946),#3938,.T.);
#3948=CARTESIAN_POINT('',(2.370275436329E1,2.074816727422E1,-1.E0));
#3949=CARTESIAN_POINT('',(2.371185428485E1,2.074375412222E1,-1.E0));
#3950=CARTESIAN_POINT('',(2.398556686983E1,2.060827088536E1,-1.E0));
#3951=CARTESIAN_POINT('',(2.449377170190E1,2.018756427134E1,-1.E0));
#3952=CARTESIAN_POINT('',(2.389281709522E1,1.915945598069E1,-1.E0));
#3953=CARTESIAN_POINT('',(2.309090727033E1,1.914583457606E1,-1.E0));
#3954=CARTESIAN_POINT('',(2.265825974487E1,1.933553695917E1,-1.E0));
#3955=CARTESIAN_POINT('',(2.261516724511E1,1.935714782827E1,-1.E0));
#3956=CARTESIAN_POINT('',(2.260618434348E1,1.936177959088E1,-1.E0));
#3958=DIRECTION('',(0.E0,0.E0,1.E0));
#3959=VECTOR('',#3958,1.E0);
#3960=SURFACE_OF_LINEAR_EXTRUSION('',#3957,#3959);
#3961=ORIENTED_EDGE('',*,*,#3467,.F.);
#3963=ORIENTED_EDGE('',*,*,#3962,.T.);
#3964=ORIENTED_EDGE('',*,*,#3463,.T.);
#3965=ORIENTED_EDGE('',*,*,#3675,.T.);
#3966=ORIENTED_EDGE('',*,*,#3941,.T.);
#3967=EDGE_LOOP('',(#3961,#3963,#3964,#3965,#3966));
#3968=FACE_OUTER_BOUND('',#3967,.F.);
#3969=ADVANCED_FACE('',(#3968),#3960,.F.);
#3970=CARTESIAN_POINT('',(2.8587851E1,2.0685357E1,-8.E-1));
#3971=DIRECTION('',(0.E0,0.E0,1.E0));
#3972=DIRECTION('',(1.E0,0.E0,0.E0));
#3973=AXIS2_PLACEMENT_3D('',#3970,#3971,#3972);
#3974=PLANE('',#3973);
#3976=ORIENTED_EDGE('',*,*,#3975,.F.);
#3978=ORIENTED_EDGE('',*,*,#3977,.F.);
#3980=ORIENTED_EDGE('',*,*,#3979,.F.);
#3982=ORIENTED_EDGE('',*,*,#3981,.T.);
#3984=ORIENTED_EDGE('',*,*,#3983,.F.);
#3986=ORIENTED_EDGE('',*,*,#3985,.F.);
#3988=ORIENTED_EDGE('',*,*,#3987,.F.);
#3990=ORIENTED_EDGE('',*,*,#3989,.F.);
#3992=ORIENTED_EDGE('',*,*,#3991,.F.);
#3994=ORIENTED_EDGE('',*,*,#3993,.T.);
#3996=ORIENTED_EDGE('',*,*,#3995,.F.);
#3998=ORIENTED_EDGE('',*,*,#3997,.F.);
#4000=ORIENTED_EDGE('',*,*,#3999,.F.);
#4002=ORIENTED_EDGE('',*,*,#4001,.T.);
#4004=ORIENTED_EDGE('',*,*,#4003,.F.);
#4006=ORIENTED_EDGE('',*,*,#4005,.T.);
#4008=ORIENTED_EDGE('',*,*,#4007,.F.);
#4010=ORIENTED_EDGE('',*,*,#4009,.F.);
#4012=ORIENTED_EDGE('',*,*,#4011,.T.);
#4014=ORIENTED_EDGE('',*,*,#4013,.F.);
#4015=EDGE_LOOP('',(#3976,#3978,#3980,#3982,#3984,#3986,#3988,#3990,#3992,#3994,
#3996,#3998,#4000,#4002,#4004,#4006,#4008,#4010,#4012,#4014));
#4016=FACE_OUTER_BOUND('',#4015,.F.);
#4018=ORIENTED_EDGE('',*,*,#4017,.F.);
#4020=ORIENTED_EDGE('',*,*,#4019,.F.);
#4021=EDGE_LOOP('',(#4018,#4020));
#4022=FACE_BOUND('',#4021,.F.);
#4023=ORIENTED_EDGE('',*,*,#3962,.F.);
#4024=ORIENTED_EDGE('',*,*,#3465,.F.);
#4025=EDGE_LOOP('',(#4023,#4024));
#4026=FACE_BOUND('',#4025,.F.);
#4027=ADVANCED_FACE('',(#4016,#4022,#4026),#3974,.F.);
#4028=CARTESIAN_POINT('',(2.336001651890E1,2.402780623813E1,-1.05E0));
#4029=DIRECTION('',(0.E0,0.E0,1.E0));
#4030=DIRECTION('',(-1.E0,0.E0,0.E0));
#4031=AXIS2_PLACEMENT_3D('',#4028,#4029,#4030);
#4032=CONICAL_SURFACE('',#4031,5.020616018514E-1,5.E1);
#4034=ORIENTED_EDGE('',*,*,#4033,.F.);
#4035=ORIENTED_EDGE('',*,*,#4017,.T.);
#4037=ORIENTED_EDGE('',*,*,#4036,.T.);
#4039=ORIENTED_EDGE('',*,*,#4038,.F.);
#4040=EDGE_LOOP('',(#4034,#4035,#4037,#4039));
#4041=FACE_OUTER_BOUND('',#4040,.F.);
#4042=ADVANCED_FACE('',(#4041),#4032,.T.);
#4043=CARTESIAN_POINT('',(2.336001651890E1,2.402780623813E1,-1.05E0));
#4044=DIRECTION('',(0.E0,0.E0,1.E0));
#4045=DIRECTION('',(-1.E0,0.E0,0.E0));
#4046=AXIS2_PLACEMENT_3D('',#4043,#4044,#4045);
#4047=CONICAL_SURFACE('',#4046,5.020616018514E-1,5.E1);
#4049=ORIENTED_EDGE('',*,*,#4048,.F.);
#4050=ORIENTED_EDGE('',*,*,#4036,.F.);
#4051=ORIENTED_EDGE('',*,*,#4019,.T.);
#4052=ORIENTED_EDGE('',*,*,#4033,.T.);
#4053=EDGE_LOOP('',(#4049,#4050,#4051,#4052));
#4054=FACE_OUTER_BOUND('',#4053,.F.);
#4056=ORIENTED_EDGE('',*,*,#4055,.F.);
#4058=ORIENTED_EDGE('',*,*,#4057,.T.);
#4060=ORIENTED_EDGE('',*,*,#4059,.F.);
#4062=ORIENTED_EDGE('',*,*,#4061,.F.);
#4063=EDGE_LOOP('',(#4056,#4058,#4060,#4062));
#4064=FACE_BOUND('',#4063,.F.);
#4065=ADVANCED_FACE('',(#4054,#4064),#4047,.T.);
#4066=CARTESIAN_POINT('',(2.336001651890E1,2.402780623813E1,-1.3E0));
#4067=DIRECTION('',(0.E0,0.E0,-1.E0));
#4068=DIRECTION('',(-1.E0,0.E0,0.E0));
#4069=AXIS2_PLACEMENT_3D('',#4066,#4067,#4068);
#4070=PLANE('',#4069);
#4071=ORIENTED_EDGE('',*,*,#4038,.T.);
#4072=ORIENTED_EDGE('',*,*,#4048,.T.);
#4073=EDGE_LOOP('',(#4071,#4072));
#4074=FACE_OUTER_BOUND('',#4073,.F.);
#4075=ADVANCED_FACE('',(#4074),#4070,.T.);
#4076=CARTESIAN_POINT('',(2.355956638786E1,2.387366614157E1,-1.123492286759E0));
#4077=CARTESIAN_POINT('',(2.355956638786E1,2.260211068792E1,-1.628969989431E0));
#4078=CARTESIAN_POINT('',(2.355956638786E1,2.123388343271E1,-1.646722672187E0));
#4079=CARTESIAN_POINT('',(2.355956638786E1,1.994964114830E1,-1.174406322104E0));
#4080=CARTESIAN_POINT('',(2.360591126976E1,2.348281574980E1,-1.464250699762E0));
#4081=CARTESIAN_POINT('',(2.360591126976E1,2.212634963675E1,-1.872335753495E0));
#4082=CARTESIAN_POINT('',(2.360591126976E1,2.071361788938E1,-1.768785104378E0));
#4083=CARTESIAN_POINT('',(2.360591126976E1,1.943115352456E1,-1.167271280838E0));
#4084=CARTESIAN_POINT('',(2.308514048413E1,2.348246977249E1,-1.464552336097E0));
#4085=CARTESIAN_POINT('',(2.308514048413E1,2.212592849727E1,-1.872551178719E0));
#4086=CARTESIAN_POINT('',(2.308514048413E1,2.071315735492E1,-1.768893152964E0));
#4087=CARTESIAN_POINT('',(2.308514048413E1,1.943069456390E1,-1.167264964962E0));
#4088=CARTESIAN_POINT('',(2.313126438771E1,2.387358813464E1,-1.123560296206E0));
#4089=CARTESIAN_POINT('',(2.313126438771E1,2.260201573429E1,-1.629018561001E0));
#4090=CARTESIAN_POINT('',(2.313126438771E1,2.123377959677E1,-1.646747033723E0));
#4091=CARTESIAN_POINT('',(2.313126438771E1,1.994953766720E1,-1.174404898074E0));
#4092=(BOUNDED_SURFACE()B_SPLINE_SURFACE(3,3,((#4076,#4077,#4078,#4079),(#4080,
#4081,#4082,#4083),(#4084,#4085,#4086,#4087),(#4088,#4089,#4090,#4091)),
.UNSPECIFIED.,.F.,.F.,.F.)B_SPLINE_SURFACE_WITH_KNOTS((4,4),(4,4),(
-4.668119680904E-2,1.046416023878E0),(-2.E-2,1.02E0),.UNSPECIFIED.)GEOMETRIC_REPRESENTATION_ITEM()RATIONAL_B_SPLINE_SURFACE(((1.100461189797E0,1.052027284812E0,
1.052027284812E0,1.100461189797E0),(3.017044141573E-1,2.884256878702E-1,
2.884256878702E-1,3.017044141573E-1),(3.015106918596E-1,2.882404917499E-1,
2.882404917499E-1,3.015106918596E-1),(1.099880022904E0,1.051471696451E0,
1.051471696451E0,1.099880022904E0)))REPRESENTATION_ITEM('')SURFACE());
#4093=ORIENTED_EDGE('',*,*,#4055,.T.);
#4095=ORIENTED_EDGE('',*,*,#4094,.F.);
#4096=ORIENTED_EDGE('',*,*,#4059,.T.);
#4098=ORIENTED_EDGE('',*,*,#4097,.F.);
#4099=ORIENTED_EDGE('',*,*,#3695,.T.);
#4101=ORIENTED_EDGE('',*,*,#4100,.T.);
#4102=EDGE_LOOP('',(#4093,#4095,#4096,#4098,#4099,#4101));
#4103=FACE_OUTER_BOUND('',#4102,.F.);
#4104=ADVANCED_FACE('',(#4103),#4092,.F.);
#4105=CARTESIAN_POINT('',(2.334542E1,2.378865969625E1,-1.163299942536E0));
#4106=DIRECTION('',(0.E0,6.467200093301E-1,-7.627274936254E-1));
#4107=DIRECTION('',(-1.E0,0.E0,0.E0));
#4108=AXIS2_PLACEMENT_3D('',#4105,#4106,#4107);
#4109=PLANE('',#4108);
#4110=ORIENTED_EDGE('',*,*,#4061,.T.);
#4111=ORIENTED_EDGE('',*,*,#4094,.T.);
#4112=EDGE_LOOP('',(#4110,#4111));
#4113=FACE_OUTER_BOUND('',#4112,.F.);
#4114=ADVANCED_FACE('',(#4113),#4109,.T.);
#4115=CARTESIAN_POINT('',(2.313127343458E1,2.381447315347E1,-1.160374753693E0));
#4116=CARTESIAN_POINT('',(2.313127343458E1,2.254459575055E1,-1.646938322187E0));
#4117=CARTESIAN_POINT('',(2.313127343458E1,2.118488310528E1,-1.651591891734E0));
#4118=CARTESIAN_POINT('',(2.313127343458E1,1.991195397689E1,-1.174099645737E0));
#4119=CARTESIAN_POINT('',(2.308493417145E1,2.420732403477E1,
-8.219377917867E-1));
#4120=CARTESIAN_POINT('',(2.308493417145E1,2.302106318142E1,-1.405561784793E0));
#4121=CARTESIAN_POINT('',(2.308493417145E1,2.170511068500E1,-1.530602775176E0));
#4122=CARTESIAN_POINT('',(2.308493417145E1,2.043043379659E1,-1.181175568301E0));
#4123=CARTESIAN_POINT('',(2.360569507818E1,2.420767012665E1,
-8.216396372206E-1));
#4124=CARTESIAN_POINT('',(2.360569507818E1,2.302148293741E1,-1.405349138052E0));
#4125=CARTESIAN_POINT('',(2.360569507818E1,2.170556899259E1,-1.530496186767E0));
#4126=CARTESIAN_POINT('',(2.360569507818E1,2.043089056444E1,-1.181181802014E0));
#4127=CARTESIAN_POINT('',(2.355957574527E1,2.381455118931E1,-1.160307526626E0));
#4128=CARTESIAN_POINT('',(2.355957574527E1,2.254469039597E1,-1.646890375188E0));
#4129=CARTESIAN_POINT('',(2.355957574527E1,2.118498644321E1,-1.651567858474E0));
#4130=CARTESIAN_POINT('',(2.355957574527E1,1.991205696764E1,-1.174101051297E0));
#4131=(BOUNDED_SURFACE()B_SPLINE_SURFACE(3,3,((#4115,#4116,#4117,#4118),(#4119,
#4120,#4121,#4122),(#4123,#4124,#4125,#4126),(#4127,#4128,#4129,#4130)),
.UNSPECIFIED.,.F.,.F.,.F.)B_SPLINE_SURFACE_WITH_KNOTS((4,4),(4,4),(
-4.667610492728E-2,1.046412191483E0),(-1.379218595021E-2,1.019878278156E0),
.UNSPECIFIED.)GEOMETRIC_REPRESENTATION_ITEM()RATIONAL_B_SPLINE_SURFACE(((
1.099579336746E0,1.052232210271E0,1.052512633937E0,1.100420607746E0),(
3.014684980067E-1,2.884874727852E-1,2.885643557338E-1,3.016991468525E-1),(
3.012758499485E-1,2.883031200192E-1,2.883799538371E-1,3.015063514022E-1),(
1.099001392571E0,1.051679151973E0,1.051959428247E0,1.099842221395E0)))REPRESENTATION_ITEM('')SURFACE());
#4132=ORIENTED_EDGE('',*,*,#4100,.F.);
#4133=ORIENTED_EDGE('',*,*,#3693,.T.);
#4134=ORIENTED_EDGE('',*,*,#4097,.T.);
#4135=ORIENTED_EDGE('',*,*,#4057,.F.);
#4136=EDGE_LOOP('',(#4132,#4133,#4134,#4135));
#4137=FACE_OUTER_BOUND('',#4136,.F.);
#4138=ADVANCED_FACE('',(#4137),#4131,.F.);
#4139=CARTESIAN_POINT('',(2.394542E1,2.5378276E1,4.368744894225E-2));
#4140=DIRECTION('',(0.E0,0.E0,-1.E0));
#4141=DIRECTION('',(0.E0,1.E0,0.E0));
#4142=AXIS2_PLACEMENT_3D('',#4139,#4140,#4141);
#4143=CYLINDRICAL_SURFACE('',#4142,5.E-1);
#4145=ORIENTED_EDGE('',*,*,#4144,.F.);
#4147=ORIENTED_EDGE('',*,*,#4146,.T.);
#4149=ORIENTED_EDGE('',*,*,#4148,.T.);
#4150=ORIENTED_EDGE('',*,*,#3975,.T.);
#4151=EDGE_LOOP('',(#4145,#4147,#4149,#4150));
#4152=FACE_OUTER_BOUND('',#4151,.F.);
#4153=ADVANCED_FACE('',(#4152),#4143,.T.);
#4154=CARTESIAN_POINT('',(2.444542E1,1.9628276E1,-8.E-1));
#4155=DIRECTION('',(-1.E0,0.E0,0.E0));
#4156=DIRECTION('',(0.E0,1.E0,0.E0));
#4157=AXIS2_PLACEMENT_3D('',#4154,#4155,#4156);
#4158=PLANE('',#4157);
#4159=ORIENTED_EDGE('',*,*,#4144,.T.);
#4160=ORIENTED_EDGE('',*,*,#4013,.T.);
#4162=ORIENTED_EDGE('',*,*,#4161,.T.);
#4164=ORIENTED_EDGE('',*,*,#4163,.F.);
#4165=EDGE_LOOP('',(#4159,#4160,#4162,#4164));
#4166=FACE_OUTER_BOUND('',#4165,.F.);
#4167=ADVANCED_FACE('',(#4166),#4158,.F.);
#4168=CARTESIAN_POINT('',(2.504542E1,1.9028276E1,-8.E-1));
#4169=DIRECTION('',(-7.071067811865E-1,-7.071067811865E-1,0.E0));
#4170=DIRECTION('',(0.E0,0.E0,1.E0));
#4171=AXIS2_PLACEMENT_3D('',#4168,#4169,#4170);
#4172=PLANE('',#4171);
#4174=ORIENTED_EDGE('',*,*,#4173,.T.);
#4176=ORIENTED_EDGE('',*,*,#4175,.T.);
#4177=ORIENTED_EDGE('',*,*,#4161,.F.);
#4178=ORIENTED_EDGE('',*,*,#4011,.F.);
#4179=EDGE_LOOP('',(#4174,#4176,#4177,#4178));
#4180=FACE_OUTER_BOUND('',#4179,.F.);
#4181=ADVANCED_FACE('',(#4180),#4172,.F.);
#4182=CARTESIAN_POINT('',(2.504542E1,2.5878276E1,6.E-1));
#4183=DIRECTION('',(-1.E0,0.E0,0.E0));
#4184=DIRECTION('',(0.E0,0.E0,1.E0));
#4185=AXIS2_PLACEMENT_3D('',#4182,#4183,#4184);
#4186=PLANE('',#4185);
#4188=ORIENTED_EDGE('',*,*,#4187,.T.);
#4190=ORIENTED_EDGE('',*,*,#4189,.T.);
#4191=ORIENTED_EDGE('',*,*,#4173,.F.);
#4192=ORIENTED_EDGE('',*,*,#4009,.T.);
#4193=EDGE_LOOP('',(#4188,#4190,#4191,#4192));
#4194=FACE_OUTER_BOUND('',#4193,.F.);
#4195=ADVANCED_FACE('',(#4194),#4186,.F.);
#4196=CARTESIAN_POINT('',(2.504542E1,4.228276E0,-8.E-1));
#4197=DIRECTION('',(7.071067811865E-1,-7.071067811865E-1,0.E0));
#4198=DIRECTION('',(0.E0,0.E0,1.E0));
#4199=AXIS2_PLACEMENT_3D('',#4196,#4197,#4198);
#4200=PLANE('',#4199);
#4201=ORIENTED_EDGE('',*,*,#4187,.F.);
#4202=ORIENTED_EDGE('',*,*,#4007,.T.);
#4204=ORIENTED_EDGE('',*,*,#4203,.T.);
#4206=ORIENTED_EDGE('',*,*,#4205,.F.);
#4207=EDGE_LOOP('',(#4201,#4202,#4204,#4206));
#4208=FACE_OUTER_BOUND('',#4207,.F.);
#4209=ADVANCED_FACE('',(#4208),#4200,.T.);
#4210=CARTESIAN_POINT('',(2.444542E1,-5.793158587889E0,-8.E-1));
#4211=DIRECTION('',(-1.E0,0.E0,0.E0));
#4212=DIRECTION('',(0.E0,1.E0,0.E0));
#4213=AXIS2_PLACEMENT_3D('',#4210,#4211,#4212);
#4214=PLANE('',#4213);
#4216=ORIENTED_EDGE('',*,*,#4215,.T.);
#4218=ORIENTED_EDGE('',*,*,#4217,.T.);
#4219=ORIENTED_EDGE('',*,*,#4203,.F.);
#4220=ORIENTED_EDGE('',*,*,#4005,.F.);
#4221=EDGE_LOOP('',(#4216,#4218,#4219,#4220));
#4222=FACE_OUTER_BOUND('',#4221,.F.);
#4223=ADVANCED_FACE('',(#4222),#4214,.F.);
#4224=CARTESIAN_POINT('',(2.394542E1,-2.121724E0,-8.492748313460E-1));
#4225=DIRECTION('',(0.E0,0.E0,1.E0));
#4226=DIRECTION('',(0.E0,-1.E0,0.E0));
#4227=AXIS2_PLACEMENT_3D('',#4224,#4225,#4226);
#4228=CYLINDRICAL_SURFACE('',#4227,5.E-1);
#4229=ORIENTED_EDGE('',*,*,#4215,.F.);
#4230=ORIENTED_EDGE('',*,*,#4003,.T.);
#4232=ORIENTED_EDGE('',*,*,#4231,.T.);
#4234=ORIENTED_EDGE('',*,*,#4233,.T.);
#4235=EDGE_LOOP('',(#4229,#4230,#4232,#4234));
#4236=FACE_OUTER_BOUND('',#4235,.F.);
#4237=ADVANCED_FACE('',(#4236),#4228,.T.);
#4238=CARTESIAN_POINT('',(9.14542E0,-2.621724E0,-8.E-1));
#4239=DIRECTION('',(0.E0,-1.E0,0.E0));
#4240=DIRECTION('',(1.E0,0.E0,0.E0));
#4241=AXIS2_PLACEMENT_3D('',#4238,#4239,#4240);
#4242=PLANE('',#4241);
#4243=ORIENTED_EDGE('',*,*,#4231,.F.);
#4244=ORIENTED_EDGE('',*,*,#4001,.F.);
#4246=ORIENTED_EDGE('',*,*,#4245,.F.);
#4248=ORIENTED_EDGE('',*,*,#4247,.T.);
#4249=EDGE_LOOP('',(#4243,#4244,#4246,#4248));
#4250=FACE_OUTER_BOUND('',#4249,.F.);
#4251=ADVANCED_FACE('',(#4250),#4242,.T.);
#4252=CARTESIAN_POINT('',(1.114542E1,-2.121724E0,4.368744894225E-2));
#4253=DIRECTION('',(0.E0,0.E0,-1.E0));
#4254=DIRECTION('',(0.E0,-1.E0,0.E0));
#4255=AXIS2_PLACEMENT_3D('',#4252,#4253,#4254);
#4256=CYLINDRICAL_SURFACE('',#4255,5.E-1);
#4258=ORIENTED_EDGE('',*,*,#4257,.F.);
#4260=ORIENTED_EDGE('',*,*,#4259,.T.);
#4261=ORIENTED_EDGE('',*,*,#4245,.T.);
#4262=ORIENTED_EDGE('',*,*,#3999,.T.);
#4263=EDGE_LOOP('',(#4258,#4260,#4261,#4262));
#4264=FACE_OUTER_BOUND('',#4263,.F.);
#4265=ADVANCED_FACE('',(#4264),#4256,.T.);
#4266=CARTESIAN_POINT('',(1.064542E1,3.628276E0,-8.E-1));
#4267=DIRECTION('',(1.E0,0.E0,0.E0));
#4268=DIRECTION('',(0.E0,-1.E0,0.E0));
#4269=AXIS2_PLACEMENT_3D('',#4266,#4267,#4268);
#4270=PLANE('',#4269);
#4271=ORIENTED_EDGE('',*,*,#4257,.T.);
#4272=ORIENTED_EDGE('',*,*,#3997,.T.);
#4274=ORIENTED_EDGE('',*,*,#4273,.T.);
#4276=ORIENTED_EDGE('',*,*,#4275,.F.);
#4277=EDGE_LOOP('',(#4271,#4272,#4274,#4276));
#4278=FACE_OUTER_BOUND('',#4277,.F.);
#4279=ADVANCED_FACE('',(#4278),#4270,.F.);
#4280=CARTESIAN_POINT('',(1.014542E1,3.128276E0,-8.511294502070E-1));
#4281=DIRECTION('',(0.E0,0.E0,1.E0));
#4282=DIRECTION('',(1.E0,0.E0,0.E0));
#4283=AXIS2_PLACEMENT_3D('',#4280,#4281,#4282);
#4284=CYLINDRICAL_SURFACE('',#4283,5.E-1);
#4285=ORIENTED_EDGE('',*,*,#4273,.F.);
#4286=ORIENTED_EDGE('',*,*,#3995,.T.);
#4288=ORIENTED_EDGE('',*,*,#4287,.T.);
#4290=ORIENTED_EDGE('',*,*,#4289,.T.);
#4291=EDGE_LOOP('',(#4285,#4286,#4288,#4290));
#4292=FACE_OUTER_BOUND('',#4291,.F.);
#4293=ADVANCED_FACE('',(#4292),#4284,.F.);
#4294=CARTESIAN_POINT('',(7.182406205533E0,3.628276E0,-8.E-1));
#4295=DIRECTION('',(0.E0,1.E0,0.E0));
#4296=DIRECTION('',(1.E0,0.E0,0.E0));
#4297=AXIS2_PLACEMENT_3D('',#4294,#4295,#4296);
#4298=PLANE('',#4297);
#4300=ORIENTED_EDGE('',*,*,#4299,.T.);
#4302=ORIENTED_EDGE('',*,*,#4301,.T.);
#4303=ORIENTED_EDGE('',*,*,#4287,.F.);
#4304=ORIENTED_EDGE('',*,*,#3993,.F.);
#4305=EDGE_LOOP('',(#4300,#4302,#4303,#4304));
#4306=FACE_OUTER_BOUND('',#4305,.F.);
#4307=ADVANCED_FACE('',(#4306),#4298,.F.);
#4308=CARTESIAN_POINT('',(9.64542E0,4.128276E0,-8.526664704893E-1));
#4309=DIRECTION('',(0.E0,0.E0,1.E0));
#4310=DIRECTION('',(-1.E0,0.E0,0.E0));
#4311=AXIS2_PLACEMENT_3D('',#4308,#4309,#4310);
#4312=CYLINDRICAL_SURFACE('',#4311,5.E-1);
#4313=ORIENTED_EDGE('',*,*,#4299,.F.);
#4314=ORIENTED_EDGE('',*,*,#3991,.T.);
#4316=ORIENTED_EDGE('',*,*,#4315,.T.);
#4318=ORIENTED_EDGE('',*,*,#4317,.T.);
#4319=EDGE_LOOP('',(#4313,#4314,#4316,#4318));
#4320=FACE_OUTER_BOUND('',#4319,.F.);
#4321=ADVANCED_FACE('',(#4320),#4312,.T.);
#4322=CARTESIAN_POINT('',(9.14542E0,3.328276E0,0.E0));
#4323=DIRECTION('',(-1.E0,0.E0,0.E0));
#4324=DIRECTION('',(0.E0,0.E0,1.E0));
#4325=AXIS2_PLACEMENT_3D('',#4322,#4323,#4324);
#4326=PLANE('',#4325);
#4327=ORIENTED_EDGE('',*,*,#4315,.F.);
#4328=ORIENTED_EDGE('',*,*,#3989,.T.);
#4330=ORIENTED_EDGE('',*,*,#4329,.F.);
#4332=ORIENTED_EDGE('',*,*,#4331,.T.);
#4333=EDGE_LOOP('',(#4327,#4328,#4330,#4332));
#4334=FACE_OUTER_BOUND('',#4333,.F.);
#4335=ADVANCED_FACE('',(#4334),#4326,.T.);
#4336=CARTESIAN_POINT('',(9.64542E0,1.9128276E1,4.368744894225E-2));
#4337=DIRECTION('',(0.E0,0.E0,-1.E0));
#4338=DIRECTION('',(-1.E0,0.E0,0.E0));
#4339=AXIS2_PLACEMENT_3D('',#4336,#4337,#4338);
#4340=CYLINDRICAL_SURFACE('',#4339,5.E-1);
#4342=ORIENTED_EDGE('',*,*,#4341,.F.);
#4344=ORIENTED_EDGE('',*,*,#4343,.T.);
#4345=ORIENTED_EDGE('',*,*,#4329,.T.);
#4346=ORIENTED_EDGE('',*,*,#3987,.T.);
#4347=EDGE_LOOP('',(#4342,#4344,#4345,#4346));
#4348=FACE_OUTER_BOUND('',#4347,.F.);
#4349=ADVANCED_FACE('',(#4348),#4340,.T.);
#4350=CARTESIAN_POINT('',(1.064542E1,1.9628276E1,-8.E-1));
#4351=DIRECTION('',(0.E0,-1.E0,0.E0));
#4352=DIRECTION('',(-1.E0,0.E0,0.E0));
#4353=AXIS2_PLACEMENT_3D('',#4350,#4351,#4352);
#4354=PLANE('',#4353);
#4355=ORIENTED_EDGE('',*,*,#4341,.T.);
#4356=ORIENTED_EDGE('',*,*,#3985,.T.);
#4358=ORIENTED_EDGE('',*,*,#4357,.T.);
#4360=ORIENTED_EDGE('',*,*,#4359,.F.);
#4361=EDGE_LOOP('',(#4355,#4356,#4358,#4360));
#4362=FACE_OUTER_BOUND('',#4361,.F.);
#4363=ADVANCED_FACE('',(#4362),#4354,.F.);
#4364=CARTESIAN_POINT('',(1.014542E1,2.0128276E1,-8.511294502070E-1));
#4365=DIRECTION('',(0.E0,0.E0,1.E0));
#4366=DIRECTION('',(0.E0,-1.E0,0.E0));
#4367=AXIS2_PLACEMENT_3D('',#4364,#4365,#4366);
#4368=CYLINDRICAL_SURFACE('',#4367,5.E-1);
#4369=ORIENTED_EDGE('',*,*,#4357,.F.);
#4370=ORIENTED_EDGE('',*,*,#3983,.T.);
#4372=ORIENTED_EDGE('',*,*,#4371,.T.);
#4374=ORIENTED_EDGE('',*,*,#4373,.T.);
#4375=EDGE_LOOP('',(#4369,#4370,#4372,#4374));
#4376=FACE_OUTER_BOUND('',#4375,.F.);
#4377=ADVANCED_FACE('',(#4376),#4368,.F.);
#4378=CARTESIAN_POINT('',(1.064542E1,2.767469040479E1,-8.E-1));
#4379=DIRECTION('',(1.E0,0.E0,0.E0));
#4380=DIRECTION('',(0.E0,-1.E0,0.E0));
#4381=AXIS2_PLACEMENT_3D('',#4378,#4379,#4380);
#4382=PLANE('',#4381);
#4384=ORIENTED_EDGE('',*,*,#4383,.T.);
#4386=ORIENTED_EDGE('',*,*,#4385,.T.);
#4387=ORIENTED_EDGE('',*,*,#4371,.F.);
#4388=ORIENTED_EDGE('',*,*,#3981,.F.);
#4389=EDGE_LOOP('',(#4384,#4386,#4387,#4388));
#4390=FACE_OUTER_BOUND('',#4389,.F.);
#4391=ADVANCED_FACE('',(#4390),#4382,.F.);
#4392=CARTESIAN_POINT('',(1.114542E1,2.5378276E1,-8.526664704893E-1));
#4393=DIRECTION('',(0.E0,0.E0,1.E0));
#4394=DIRECTION('',(0.E0,1.E0,0.E0));
#4395=AXIS2_PLACEMENT_3D('',#4392,#4393,#4394);
#4396=CYLINDRICAL_SURFACE('',#4395,5.E-1);
#4397=ORIENTED_EDGE('',*,*,#4383,.F.);
#4398=ORIENTED_EDGE('',*,*,#3979,.T.);
#4400=ORIENTED_EDGE('',*,*,#4399,.T.);
#4402=ORIENTED_EDGE('',*,*,#4401,.T.);
#4403=EDGE_LOOP('',(#4397,#4398,#4400,#4402));
#4404=FACE_OUTER_BOUND('',#4403,.F.);
#4405=ADVANCED_FACE('',(#4404),#4396,.T.);
#4406=CARTESIAN_POINT('',(3.0045431E1,2.5878276E1,-8.E-1));
#4407=DIRECTION('',(0.E0,1.E0,0.E0));
#4408=DIRECTION('',(0.E0,0.E0,1.E0));
#4409=AXIS2_PLACEMENT_3D('',#4406,#4407,#4408);
#4410=PLANE('',#4409);
#4411=ORIENTED_EDGE('',*,*,#4148,.F.);
#4413=ORIENTED_EDGE('',*,*,#4412,.T.);
#4414=ORIENTED_EDGE('',*,*,#4399,.F.);
#4415=ORIENTED_EDGE('',*,*,#3977,.T.);
#4416=EDGE_LOOP('',(#4411,#4413,#4414,#4415));
#4417=FACE_OUTER_BOUND('',#4416,.F.);
#4418=ADVANCED_FACE('',(#4417),#4410,.T.);
#4419=CARTESIAN_POINT('',(2.8587851E1,2.0685357E1,0.E0));
#4420=DIRECTION('',(0.E0,0.E0,1.E0));
#4421=DIRECTION('',(1.E0,0.E0,0.E0));
#4422=AXIS2_PLACEMENT_3D('',#4419,#4420,#4421);
#4423=PLANE('',#4422);
#4424=ORIENTED_EDGE('',*,*,#4146,.F.);
#4425=ORIENTED_EDGE('',*,*,#4163,.T.);
#4426=ORIENTED_EDGE('',*,*,#4175,.F.);
#4427=ORIENTED_EDGE('',*,*,#4189,.F.);
#4428=ORIENTED_EDGE('',*,*,#4205,.T.);
#4429=ORIENTED_EDGE('',*,*,#4217,.F.);
#4430=ORIENTED_EDGE('',*,*,#4233,.F.);
#4431=ORIENTED_EDGE('',*,*,#4247,.F.);
#4432=ORIENTED_EDGE('',*,*,#4259,.F.);
#4433=ORIENTED_EDGE('',*,*,#4275,.T.);
#4434=ORIENTED_EDGE('',*,*,#4289,.F.);
#4435=ORIENTED_EDGE('',*,*,#4301,.F.);
#4436=ORIENTED_EDGE('',*,*,#4317,.F.);
#4437=ORIENTED_EDGE('',*,*,#4331,.F.);
#4438=ORIENTED_EDGE('',*,*,#4343,.F.);
#4439=ORIENTED_EDGE('',*,*,#4359,.T.);
#4440=ORIENTED_EDGE('',*,*,#4373,.F.);
#4441=ORIENTED_EDGE('',*,*,#4385,.F.);
#4442=ORIENTED_EDGE('',*,*,#4401,.F.);
#4443=ORIENTED_EDGE('',*,*,#4412,.F.);
#4444=EDGE_LOOP('',(#4424,#4425,#4426,#4427,#4428,#4429,#4430,#4431,#4432,#4433,
#4434,#4435,#4436,#4437,#4438,#4439,#4440,#4441,#4442,#4443));
#4445=FACE_OUTER_BOUND('',#4444,.F.);
#4446=ADVANCED_FACE('',(#4445),#4423,.T.);
#4447=CLOSED_SHELL('',(#3473,#3682,#3699,#3947,#3969,#4027,#4042,#4065,#4075,
#4104,#4114,#4138,#4153,#4167,#4181,#4195,#4209,#4223,#4237,#4251,#4265,#4279,
#4293,#4307,#4321,#4335,#4349,#4363,#4377,#4391,#4405,#4418,#4446));
#4448=MANIFOLD_SOLID_BREP('',#4447);
#4449=(LENGTH_UNIT()NAMED_UNIT(*)SI_UNIT(.MILLI.,.METRE.));
#4450=DIMENSIONAL_EXPONENTS(0.E0,0.E0,0.E0,0.E0,0.E0,0.E0,0.E0);
#4451=(NAMED_UNIT(*)PLANE_ANGLE_UNIT()SI_UNIT($,.RADIAN.));
#4452=PLANE_ANGLE_MEASURE_WITH_UNIT(PLANE_ANGLE_MEASURE(1.745329251994E-2),
#4451);
#4453=(CONVERSION_BASED_UNIT('DEGREE',#4452)NAMED_UNIT(#4450)PLANE_ANGLE_UNIT(
));
#4454=(NAMED_UNIT(*)SI_UNIT($,.STERADIAN.)SOLID_ANGLE_UNIT());
#4455=UNCERTAINTY_MEASURE_WITH_UNIT(LENGTH_MEASURE(3.267475089919E-3),#4449,
'closure',
'Maximum model space distance between geometric entities at asserted connectivities');
#4456=(GEOMETRIC_REPRESENTATION_CONTEXT(3)GLOBAL_UNCERTAINTY_ASSIGNED_CONTEXT((
#4455))GLOBAL_UNIT_ASSIGNED_CONTEXT((#4449,#4453,#4454))REPRESENTATION_CONTEXT(
'ID8','3'));
#4457=CARTESIAN_POINT('',(0.E0,0.E0,0.E0));
#4458=DIRECTION('',(0.E0,0.E0,1.E0));
#4459=DIRECTION('',(1.E0,0.E0,0.E0));
#4462=MECHANICAL_CONTEXT('',#637,'mechanical');
#4463=PRODUCT('ANTENNA_PCB_ANY_PRT','ANTENNA_PCB_ANY_PRT','NOT SPECIFIED',
(#4462));
#4464=PRODUCT_DEFINITION_FORMATION_WITH_SPECIFIED_SOURCE('1','LAST_VERSION',
#4463,.MADE.);
#4470=CARTESIAN_POINT('',(0.E0,0.E0,0.E0));
#4471=DIRECTION('',(0.E0,0.E0,1.E0));
#4472=DIRECTION('',(1.E0,0.E0,0.E0));
#4473=AXIS2_PLACEMENT_3D('',#4470,#4471,#4472);
#4474=ITEM_DEFINED_TRANSFORMATION('','',#4460,#4473);
#4475=(REPRESENTATION_RELATIONSHIP('','',#4461,#2308)REPRESENTATION_RELATIONSHIP_WITH_TRANSFORMATION(#4474)SHAPE_REPRESENTATION_RELATIONSHIP());
#4476=CONTEXT_DEPENDENT_SHAPE_REPRESENTATION(#4475,#4469);
#4477=(LENGTH_UNIT()NAMED_UNIT(*)SI_UNIT(.MILLI.,.METRE.));
#4478=DIMENSIONAL_EXPONENTS(0.E0,0.E0,0.E0,0.E0,0.E0,0.E0,0.E0);
#4479=(NAMED_UNIT(*)PLANE_ANGLE_UNIT()SI_UNIT($,.RADIAN.));
#4480=PLANE_ANGLE_MEASURE_WITH_UNIT(PLANE_ANGLE_MEASURE(1.745329251994E-2),
#4479);
#4481=(CONVERSION_BASED_UNIT('DEGREE',#4480)NAMED_UNIT(#4478)PLANE_ANGLE_UNIT(
));
#4482=(NAMED_UNIT(*)SI_UNIT($,.STERADIAN.)SOLID_ANGLE_UNIT());
#4483=UNCERTAINTY_MEASURE_WITH_UNIT(LENGTH_MEASURE(3.599128742137E-3),#4477,
'closure',
'Maximum model space distance between geometric entities at asserted connectivities');
#4484=(GEOMETRIC_REPRESENTATION_CONTEXT(3)GLOBAL_UNCERTAINTY_ASSIGNED_CONTEXT((
#4483))GLOBAL_UNIT_ASSIGNED_CONTEXT((#4477,#4481,#4482))REPRESENTATION_CONTEXT(
'ID9','3'));
#4485=CARTESIAN_POINT('',(0.E0,0.E0,0.E0));
#4486=DIRECTION('',(0.E0,0.E0,1.E0));
#4487=DIRECTION('',(1.E0,0.E0,0.E0));
#4489=DESIGN_CONTEXT('',#637,'design');
#4490=MECHANICAL_CONTEXT('',#637,'mechanical');
#4491=PRODUCT('GPS-ANTENNA-CIRO-15X15_ASM','GPS-ANTENNA-CIRO-15X15_ASM',
'NOT SPECIFIED',(#4490));
#4492=PRODUCT_DEFINITION_FORMATION_WITH_SPECIFIED_SOURCE('1','LAST_VERSION',
#4491,.MADE.);
#4494=PRODUCT_CATEGORY('part','');
#4495=PRODUCT_RELATED_PRODUCT_CATEGORY('assembly','',(#2238,#2303,#4491));
#4496=PRODUCT_CATEGORY_RELATIONSHIP('','',#4494,#4495);
#4497=PRODUCT_CATEGORY('part','');
#4498=PRODUCT_RELATED_PRODUCT_CATEGORY('detail','',(#641,#975,#2207,#2272,#2832,
#4463));
#4499=PRODUCT_CATEGORY_RELATIONSHIP('','',#4497,#4498);
#4500=SECURITY_CLASSIFICATION_LEVEL('unclassified');
#4501=SECURITY_CLASSIFICATION('','',#4500);
#4502=CC_DESIGN_SECURITY_CLASSIFICATION(#4501,(#642,#976,#2208,#2239,#2273,
#2304,#2833,#4464,#4492,#649,#980,#2212,#2244,#2277,#2309,#2837,#4468));
#4503=APPROVAL_STATUS('approved');
#4504=APPROVAL(#4503,'');
#4505=CC_DESIGN_APPROVAL(#4504,(#4501,#642,#976,#2208,#2239,#2273,#2304,#2833,
#4464,#4492,#643,#977,#2209,#2240,#2274,#2305,#2834,#4465,#4493));
#4506=CALENDAR_DATE(108,30,6);
#4507=COORDINATED_UNIVERSAL_TIME_OFFSET(3,0,.BEHIND.);
#4508=LOCAL_TIME(11,10,2.7E1,#4507);
#4509=DATE_AND_TIME(#4506,#4508);
#4510=APPROVAL_DATE_TIME(#4509,#4504);
#4511=DATE_TIME_ROLE('creation_date');
#4512=CC_DESIGN_DATE_AND_TIME_ASSIGNMENT(#4509,#4511,(#643,#977,#2209,#2240,
#2274,#2305,#2834,#4465,#4493));
#4513=DATE_TIME_ROLE('classification_date');
#4514=CC_DESIGN_DATE_AND_TIME_ASSIGNMENT(#4509,#4513,(#4501));
#4515=PERSON('UNSPECIFIED','UNSPECIFIED',$,$,$,$);
#4516=ORGANIZATION('UNSPECIFIED','UNSPECIFIED','UNSPECIFIED');
#4517=PERSON_AND_ORGANIZATION(#4515,#4516);
#4518=APPROVAL_ROLE('approver');
#4519=APPROVAL_PERSON_ORGANIZATION(#4517,#4504,#4518);
#4520=PERSON_AND_ORGANIZATION_ROLE('creator');
#4521=CC_DESIGN_PERSON_AND_ORGANIZATION_ASSIGNMENT(#4517,#4520,(#642,#976,#2208,
#2239,#2273,#2304,#2833,#4464,#4492,#643,#977,#2209,#2240,#2274,#2305,#2834,
#4465,#4493));
#4522=PERSON_AND_ORGANIZATION_ROLE('design_supplier');
#4523=CC_DESIGN_PERSON_AND_ORGANIZATION_ASSIGNMENT(#4517,#4522,(#642,#976,#2208,
#2239,#2273,#2304,#2833,#4464,#4492));
#4524=PERSON_AND_ORGANIZATION_ROLE('classification_officer');
#4525=CC_DESIGN_PERSON_AND_ORGANIZATION_ASSIGNMENT(#4517,#4524,(#4501));
#4526=PERSON_AND_ORGANIZATION_ROLE('design_owner');
#4527=CC_DESIGN_PERSON_AND_ORGANIZATION_ASSIGNMENT(#4517,#4526,(#2238,#2303,
#4491,#641,#975,#2207,#2272,#2832,#4463));
#38=CIRCLE('',#37,5.676750119721E-1);
#107=CIRCLE('',#106,7.136510941645E-1);
#160=CIRCLE('',#159,7.136510941645E-1);
#173=CIRCLE('',#172,5.676750119721E-1);
#297=EDGE_CURVE('',#259,#236,#5,.T.);
#299=EDGE_CURVE('',#258,#259,#9,.T.);
#301=EDGE_CURVE('',#255,#258,#13,.T.);
#303=EDGE_CURVE('',#253,#255,#17,.T.);
#305=EDGE_CURVE('',#261,#253,#21,.T.);
#307=EDGE_CURVE('',#261,#263,#70,.T.);
#309=EDGE_CURVE('',#246,#263,#25,.T.);
#311=EDGE_CURVE('',#246,#237,#209,.T.);
#313=EDGE_CURVE('',#236,#237,#29,.T.);
#324=EDGE_CURVE('',#236,#241,#58,.T.);
#326=EDGE_CURVE('',#267,#241,#33,.T.);
#328=EDGE_CURVE('',#266,#267,#38,.T.);
#330=EDGE_CURVE('',#275,#266,#42,.T.);
#332=EDGE_CURVE('',#259,#275,#46,.T.);
#343=EDGE_CURVE('',#237,#231,#66,.T.);
#345=EDGE_CURVE('',#225,#231,#50,.T.);
#347=EDGE_CURVE('',#233,#225,#54,.T.);
#349=EDGE_CURVE('',#233,#241,#185,.T.);
#360=EDGE_CURVE('',#289,#239,#82,.T.);
#362=EDGE_CURVE('',#231,#239,#62,.T.);
#365=EDGE_CURVE('',#237,#243,#213,.T.);
#367=EDGE_CURVE('',#243,#289,#201,.T.);
#378=EDGE_CURVE('',#277,#261,#74,.T.);
#380=EDGE_CURVE('',#277,#269,#193,.T.);
#382=EDGE_CURVE('',#269,#285,#164,.T.);
#384=EDGE_CURVE('',#285,#287,#155,.T.);
#386=EDGE_CURVE('',#239,#287,#78,.T.);
#389=EDGE_CURVE('',#289,#291,#197,.T.);
#391=EDGE_CURVE('',#263,#291,#86,.T.);
#403=EDGE_CURVE('',#250,#253,#90,.T.);
#405=EDGE_CURVE('',#277,#250,#94,.T.);
#416=EDGE_CURVE('',#255,#251,#115,.T.);
#418=EDGE_CURVE('',#250,#251,#98,.T.);
#430=EDGE_CURVE('',#258,#273,#123,.T.);
#432=EDGE_CURVE('',#271,#273,#102,.T.);
#434=EDGE_CURVE('',#269,#271,#107,.T.);
#436=EDGE_CURVE('',#251,#269,#111,.T.);
#449=EDGE_CURVE('',#273,#275,#119,.T.);
#460=EDGE_CURVE('',#280,#266,#127,.T.);
#462=EDGE_CURVE('',#283,#280,#131,.T.);
#464=EDGE_CURVE('',#283,#271,#168,.T.);
#477=EDGE_CURVE('',#228,#224,#147,.T.);
#479=EDGE_CURVE('',#281,#224,#135,.T.);
#481=EDGE_CURVE('',#280,#281,#139,.T.);
#484=EDGE_CURVE('',#266,#228,#177,.T.);
#495=EDGE_CURVE('',#224,#225,#143,.T.);
#498=EDGE_CURVE('',#228,#229,#173,.T.);
#500=EDGE_CURVE('',#229,#233,#189,.T.);
#515=EDGE_CURVE('',#287,#281,#151,.T.);
#528=EDGE_CURVE('',#285,#283,#160,.T.);
#554=EDGE_CURVE('',#229,#267,#181,.T.);
#590=EDGE_CURVE('',#247,#243,#205,.T.);
#592=EDGE_CURVE('',#247,#291,#217,.T.);
#603=EDGE_CURVE('',#246,#247,#221,.T.);
#635=AXIS2_PLACEMENT_3D('',#632,#633,#634);
#636=ADVANCED_BREP_SHAPE_REPRESENTATION('',(#635,#623),#631);
#643=PRODUCT_DEFINITION('design','',#642,#639);
#644=PRODUCT_DEFINITION_SHAPE('','SHAPE FOR ANTENNA_PCB_COVER_ANY_PRT.',#643);
#645=SHAPE_DEFINITION_REPRESENTATION(#644,#636);
#646=SHAPE_DEFINITION_REPRESENTATION(#647,#648);
#647=PRODUCT_DEFINITION_SHAPE('','SHAPE FOR GBSA-100A_ANY_ASM.',#2240);
#648=SHAPE_REPRESENTATION('',(#659,#654,#990,#985,#2222,#2217,#2236),#2232);
#649=NEXT_ASSEMBLY_USAGE_OCCURRENCE('64','Next assembly relationship',
'ANTENNA_PCB_COVER_ANY',#2240,#643,$);
#650=PRODUCT_DEFINITION_SHAPE('Placement #64',
'Placement of ANTENNA_PCB_COVER_ANY_PRT with respect to GBSA-100A_ANY_ASM',
#649);
#659=AXIS2_PLACEMENT_3D('',#656,#657,#658);
#671=CIRCLE('',#670,3.5E-1);
#680=CIRCLE('',#679,4.5E-1);
#689=CIRCLE('',#688,4.5E-1);
#694=CIRCLE('',#693,3.5E-1);
#703=CIRCLE('',#702,4.5E-1);
#708=CIRCLE('',#707,4.5E-1);
#717=CIRCLE('',#716,6.E-1);
#722=CIRCLE('',#721,6.E-1);
#731=CIRCLE('',#730,1.E0);
#736=CIRCLE('',#735,1.E0);
#741=CIRCLE('',#740,6.E-1);
#746=CIRCLE('',#745,6.E-1);
#755=CIRCLE('',#754,1.E0);
#764=CIRCLE('',#763,1.E0);
#798=EDGE_CURVE('',#770,#772,#680,.T.);
#800=EDGE_CURVE('',#790,#772,#666,.T.);
#802=EDGE_CURVE('',#790,#788,#708,.T.);
#804=EDGE_CURVE('',#788,#770,#698,.T.);
#814=EDGE_CURVE('',#767,#768,#671,.T.);
#816=EDGE_CURVE('',#772,#767,#675,.T.);
#819=EDGE_CURVE('',#770,#768,#684,.T.);
#829=EDGE_CURVE('',#768,#767,#694,.T.);
#841=EDGE_CURVE('',#772,#770,#689,.T.);
#854=EDGE_CURVE('',#788,#790,#703,.T.);
#866=EDGE_CURVE('',#779,#780,#717,.T.);
#868=EDGE_CURVE('',#780,#779,#722,.T.);
#882=EDGE_CURVE('',#782,#779,#712,.T.);
#884=EDGE_CURVE('',#782,#784,#741,.T.);
#886=EDGE_CURVE('',#784,#780,#726,.T.);
#899=EDGE_CURVE('',#784,#782,#746,.T.);
#910=EDGE_CURVE('',#786,#776,#731,.T.);
#912=EDGE_CURVE('',#776,#786,#736,.T.);
#927=EDGE_CURVE('',#775,#776,#750,.T.);
#929=EDGE_CURVE('',#792,#775,#755,.T.);
#931=EDGE_CURVE('',#792,#786,#759,.T.);
#942=EDGE_CURVE('',#775,#792,#764,.T.);
#972=AXIS2_PLACEMENT_3D('',#969,#970,#971);
#973=ADVANCED_BREP_SHAPE_REPRESENTATION('',(#972,#960),#968);
#977=PRODUCT_DEFINITION('design','',#976,#639);
#978=PRODUCT_DEFINITION_SHAPE('','SHAPE FOR _V_L_ANY_PRT.',#977);
#979=SHAPE_DEFINITION_REPRESENTATION(#978,#973);
#980=NEXT_ASSEMBLY_USAGE_OCCURRENCE('65','Next assembly relationship',
'_V_L_ANY',#2240,#977,$);
#981=PRODUCT_DEFINITION_SHAPE('Placement #65',
'Placement of _V_L_ANY_PRT with respect to GBSA-100A_ANY_ASM',#980);
#990=AXIS2_PLACEMENT_3D('',#987,#988,#989);
#998=CIRCLE('',#997,1.75E0);
#1003=CIRCLE('',#1002,1.75E0);
#1012=CIRCLE('',#1011,1.55E0);
#1017=CIRCLE('',#1016,1.55E0);
#1022=CIRCLE('',#1021,1.75E0);
#1027=CIRCLE('',#1026,1.75E0);
#1036=CIRCLE('',#1035,1.55E0);
#1045=CIRCLE('',#1044,1.55E0);
#1050=CIRCLE('',#1049,1.5E0);
#1055=CIRCLE('',#1054,1.5E0);
#1064=CIRCLE('',#1063,9.041232037029E-1);
#1069=CIRCLE('',#1068,9.041232037029E-1);
#1090=CIRCLE('',#1089,2.43E0);
#1107=CIRCLE('',#1106,2.43E0);
#1128=CIRCLE('',#1127,3.83E0);
#1137=CIRCLE('',#1136,2.83E0);
#1146=CIRCLE('',#1145,2.83E0);
#1155=CIRCLE('',#1154,2.83E0);
#1168=CIRCLE('',#1167,3.E0);
#1185=CIRCLE('',#1184,3.E0);
#1202=CIRCLE('',#1201,3.E0);
#1219=CIRCLE('',#1218,4.E0);
#1232=CIRCLE('',#1231,4.E0);
#1241=CIRCLE('',#1240,3.E0);
#1250=CIRCLE('',#1249,3.E0);
#1259=CIRCLE('',#1258,3.E0);
#1280=CIRCLE('',#1279,2.83E0);
#1289=CIRCLE('',#1288,2.43E0);
#1310=CIRCLE('',#1309,2.43E0);
#1319=CIRCLE('',#1318,2.83E0);
#1324=CIRCLE('',#1323,3.43E0);
#1333=CIRCLE('',#1332,3.83E0);
#1358=CIRCLE('',#1357,2.83E0);
#1367=CIRCLE('',#1366,2.43E0);
#1376=CIRCLE('',#1375,6.65E-1);
#1381=CIRCLE('',#1380,6.65E-1);
#1386=CIRCLE('',#1385,6.65E-1);
#1395=CIRCLE('',#1394,6.65E-1);
#1404=CIRCLE('',#1403,3.43E0);
#1421=CIRCLE('',#1420,2.43E0);
#1561=EDGE_CURVE('',#1432,#1433,#1090,.T.);
#1563=EDGE_CURVE('',#1433,#1485,#1098,.T.);
#1565=EDGE_CURVE('',#1485,#1473,#1107,.T.);
#1567=EDGE_CURVE('',#1473,#1462,#1123,.T.);
#1569=EDGE_CURVE('',#1462,#1487,#1421,.T.);
#1571=EDGE_CURVE('',#1487,#1483,#1412,.T.);
#1573=EDGE_CURVE('',#1483,#1481,#1404,.T.);
#1575=EDGE_CURVE('',#1481,#1432,#1425,.T.);
#1579=EDGE_CURVE('',#1550,#1551,#998,.T.);
#1581=EDGE_CURVE('',#1551,#1550,#1003,.T.);
#1591=EDGE_CURVE('',#1554,#1555,#1022,.T.);
#1593=EDGE_CURVE('',#1551,#1554,#1085,.T.);
#1596=EDGE_CURVE('',#1550,#1555,#1007,.T.);
#1607=EDGE_CURVE('',#1555,#1554,#1027,.T.);
#1611=EDGE_CURVE('',#1429,#1428,#1012,.T.);
#1613=EDGE_CURVE('',#1428,#1429,#1017,.T.);
#1624=EDGE_CURVE('',#1451,#1428,#1031,.T.);
#1626=EDGE_CURVE('',#1439,#1451,#1036,.T.);
#1628=EDGE_CURVE('',#1439,#1429,#1040,.T.);
#1639=EDGE_CURVE('',#1451,#1439,#1045,.T.);
#1655=EDGE_CURVE('',#1441,#1443,#1050,.T.);
#1657=EDGE_CURVE('',#1443,#1441,#1055,.T.);
#1667=EDGE_CURVE('',#1441,#1436,#1059,.T.);
#1670=EDGE_CURVE('',#1443,#1437,#1073,.T.);
#1672=EDGE_CURVE('',#1436,#1437,#1064,.T.);
#1682=EDGE_CURVE('',#1437,#1436,#1069,.T.);
#1695=EDGE_CURVE('',#1437,#1445,#1077,.T.);
#1698=EDGE_CURVE('',#1436,#1445,#1081,.T.);
#1731=EDGE_CURVE('',#1477,#1433,#1102,.T.);
#1734=EDGE_CURVE('',#1476,#1432,#1094,.T.);
#1736=EDGE_CURVE('',#1476,#1477,#1155,.T.);
#1746=EDGE_CURVE('',#1471,#1485,#1111,.T.);
#1750=EDGE_CURVE('',#1477,#1471,#1150,.T.);
#1760=EDGE_CURVE('',#1469,#1473,#1115,.T.);
#1764=EDGE_CURVE('',#1471,#1469,#1146,.T.);
#1775=EDGE_CURVE('',#1469,#1463,#1141,.T.);
#1777=EDGE_CURVE('',#1462,#1463,#1119,.T.);
#1788=EDGE_CURVE('',#1510,#1521,#1168,.T.);
#1790=EDGE_CURVE('',#1521,#1518,#1227,.T.);
#1792=EDGE_CURVE('',#1518,#1519,#1219,.T.);
#1794=EDGE_CURVE('',#1519,#1539,#1210,.T.);
#1796=EDGE_CURVE('',#1539,#1537,#1202,.T.);
#1798=EDGE_CURVE('',#1537,#1532,#1193,.T.);
#1800=EDGE_CURVE('',#1532,#1525,#1185,.T.);
#1802=EDGE_CURVE('',#1525,#1510,#1176,.T.);
#1806=EDGE_CURVE('',#1467,#1479,#1128,.T.);
#1808=EDGE_CURVE('',#1466,#1467,#1132,.T.);
#1810=EDGE_CURVE('',#1463,#1466,#1137,.T.);
#1816=EDGE_CURVE('',#1479,#1476,#1159,.T.);
#1826=EDGE_CURVE('',#1510,#1511,#1172,.T.);
#1828=EDGE_CURVE('',#1511,#1523,#1241,.T.);
#1830=EDGE_CURVE('',#1521,#1523,#1163,.T.);
#1841=EDGE_CURVE('',#1525,#1535,#1180,.T.);
#1843=EDGE_CURVE('',#1535,#1511,#1245,.T.);
#1855=EDGE_CURVE('',#1532,#1533,#1189,.T.);
#1857=EDGE_CURVE('',#1533,#1535,#1250,.T.);
#1869=EDGE_CURVE('',#1537,#1529,#1197,.T.);
#1871=EDGE_CURVE('',#1529,#1533,#1254,.T.);
#1883=EDGE_CURVE('',#1539,#1528,#1206,.T.);
#1885=EDGE_CURVE('',#1528,#1529,#1259,.T.);
#1897=EDGE_CURVE('',#1519,#1515,#1214,.T.);
#1899=EDGE_CURVE('',#1515,#1528,#1263,.T.);
#1911=EDGE_CURVE('',#1518,#1514,#1223,.T.);
#1913=EDGE_CURVE('',#1514,#1515,#1232,.T.);
#1926=EDGE_CURVE('',#1523,#1514,#1236,.T.);
#1948=EDGE_CURVE('',#1491,#1503,#1267,.T.);
#1950=EDGE_CURVE('',#1503,#1546,#1280,.T.);
#1952=EDGE_CURVE('',#1546,#1547,#1297,.T.);
#1954=EDGE_CURVE('',#1547,#1494,#1319,.T.);
#1956=EDGE_CURVE('',#1494,#1498,#1345,.T.);
#1958=EDGE_CURVE('',#1498,#1458,#1333,.T.);
#1960=EDGE_CURVE('',#1458,#1507,#1349,.T.);
#1962=EDGE_CURVE('',#1507,#1491,#1358,.T.);
#1972=EDGE_CURVE('',#1502,#1503,#1284,.T.);
#1975=EDGE_CURVE('',#1490,#1491,#1271,.T.);
#1977=EDGE_CURVE('',#1502,#1490,#1275,.T.);
#1987=EDGE_CURVE('',#1541,#1546,#1301,.T.);
#1991=EDGE_CURVE('',#1541,#1502,#1289,.T.);
#2001=EDGE_CURVE('',#1547,#1543,#1293,.T.);
#2005=EDGE_CURVE('',#1543,#1541,#1305,.T.);
#2016=EDGE_CURVE('',#1495,#1543,#1310,.T.);
#2018=EDGE_CURVE('',#1494,#1495,#1314,.T.);
#2029=EDGE_CURVE('',#1459,#1499,#1324,.T.);
#2031=EDGE_CURVE('',#1499,#1495,#1337,.T.);
#2037=EDGE_CURVE('',#1490,#1506,#1367,.T.);
#2039=EDGE_CURVE('',#1506,#1459,#1353,.T.);
#2043=EDGE_CURVE('',#1455,#1449,#1381,.T.);
#2045=EDGE_CURVE('',#1449,#1455,#1386,.T.);
#2055=EDGE_CURVE('',#1498,#1499,#1341,.T.);
#2058=EDGE_CURVE('',#1458,#1459,#1328,.T.);
#2081=EDGE_CURVE('',#1506,#1507,#1362,.T.);
#2106=EDGE_CURVE('',#1454,#1455,#1371,.T.);
#2108=EDGE_CURVE('',#1448,#1454,#1376,.T.);
#2110=EDGE_CURVE('',#1448,#1449,#1390,.T.);
#2123=EDGE_CURVE('',#1454,#1448,#1395,.T.);
#2144=EDGE_CURVE('',#1483,#1467,#1408,.T.);
#2147=EDGE_CURVE('',#1481,#1479,#1399,.T.);
#2158=EDGE_CURVE('',#1487,#1466,#1416,.T.);
#2203=AXIS2_PLACEMENT_3D('',#2200,#2201,#2202);
#2204=ADVANCED_BREP_SHAPE_REPRESENTATION('',(#2203,#2191),#2199);
#2209=PRODUCT_DEFINITION('design','',#2208,#2205);
#2210=PRODUCT_DEFINITION_SHAPE('','SHAPE FOR PATCH_DA15_ANY_PRT.',#2209);
#2211=SHAPE_DEFINITION_REPRESENTATION(#2210,#2204);
#2212=NEXT_ASSEMBLY_USAGE_OCCURRENCE('66','Next assembly relationship',
'PATCH_DA15_ANY',#2240,#2209,$);
#2213=PRODUCT_DEFINITION_SHAPE('Placement #66',
'Placement of PATCH_DA15_ANY_PRT with respect to GBSA-100A_ANY_ASM',#2212);
#2222=AXIS2_PLACEMENT_3D('',#2219,#2220,#2221);
#2236=AXIS2_PLACEMENT_3D('',#2233,#2234,#2235);
#2240=PRODUCT_DEFINITION('design','',#2239,#2205);
#2241=SHAPE_DEFINITION_REPRESENTATION(#2242,#2243);
#2242=PRODUCT_DEFINITION_SHAPE('','SHAPE FOR GBSA-100A_ASM.',#2305);
#2243=SHAPE_REPRESENTATION('',(#2254,#2249,#2287,#2282,#2301),#2297);
#2244=NEXT_ASSEMBLY_USAGE_OCCURRENCE('67','Next assembly relationship',
'GBSA-100A_ANY',#2305,#2240,$);
#2245=PRODUCT_DEFINITION_SHAPE('Placement #67',
'Placement of GBSA-100A_ANY_ASM with respect to GBSA-100A_ASM',#2244);
#2254=AXIS2_PLACEMENT_3D('',#2251,#2252,#2253);
#2268=AXIS2_PLACEMENT_3D('',#2265,#2266,#2267);
#2269=SHAPE_REPRESENTATION('',(#2268),#2264);
#2274=PRODUCT_DEFINITION('design','',#2273,#2270);
#2275=PRODUCT_DEFINITION_SHAPE('','SHAPE FOR _GBSA-100A_PRT.',#2274);
#2276=SHAPE_DEFINITION_REPRESENTATION(#2275,#2269);
#2277=NEXT_ASSEMBLY_USAGE_OCCURRENCE('68','Next assembly relationship',
'_GBSA-100A',#2305,#2274,$);
#2278=PRODUCT_DEFINITION_SHAPE('Placement #68',
'Placement of _GBSA-100A_PRT with respect to GBSA-100A_ASM',#2277);
#2287=AXIS2_PLACEMENT_3D('',#2284,#2285,#2286);
#2301=AXIS2_PLACEMENT_3D('',#2298,#2299,#2300);
#2305=PRODUCT_DEFINITION('design','',#2304,#2270);
#2306=SHAPE_DEFINITION_REPRESENTATION(#2307,#2308);
#2307=PRODUCT_DEFINITION_SHAPE('','SHAPE FOR GPS-ANTENNA-CIRO-15X15_ASM.',
#4493);
#2308=SHAPE_REPRESENTATION('',(#2314,#2842,#4473,#4488),#4484);
#2309=NEXT_ASSEMBLY_USAGE_OCCURRENCE('69','Next assembly relationship',
'GBSA-100A',#4493,#2305,$);
#2310=PRODUCT_DEFINITION_SHAPE('Placement #69',
'Placement of GBSA-100A_ASM with respect to GPS-ANTENNA-CIRO-15X15_ASM',#2309);
#2331=CIRCLE('',#2330,1.75E0);
#2336=CIRCLE('',#2335,1.75E0);
#2369=CIRCLE('',#2368,1.75E0);
#2374=CIRCLE('',#2373,1.75E0);
#2471=CIRCLE('',#2470,1.75E0);
#2476=CIRCLE('',#2475,1.75E0);
#2489=CIRCLE('',#2488,1.75E0);
#2494=CIRCLE('',#2493,1.75E0);
#2556=EDGE_CURVE('',#2521,#2522,#2322,.T.);
#2558=EDGE_CURVE('',#2509,#2522,#2326,.T.);
#2560=EDGE_CURVE('',#2509,#2502,#2331,.T.);
#2562=EDGE_CURVE('',#2502,#2513,#2336,.T.);
#2564=EDGE_CURVE('',#2513,#2521,#2340,.T.);
#2574=EDGE_CURVE('',#2525,#2526,#2344,.T.);
#2576=EDGE_CURVE('',#2525,#2529,#2348,.T.);
#2578=EDGE_CURVE('',#2529,#2530,#2352,.T.);
#2580=EDGE_CURVE('',#2526,#2530,#2356,.T.);
#2590=EDGE_CURVE('',#2533,#2534,#2360,.T.);
#2592=EDGE_CURVE('',#2533,#2517,#2364,.T.);
#2594=EDGE_CURVE('',#2517,#2500,#2369,.T.);
#2596=EDGE_CURVE('',#2500,#2505,#2374,.T.);
#2598=EDGE_CURVE('',#2534,#2505,#2378,.T.);
#2609=EDGE_CURVE('',#2521,#2544,#2382,.T.);
#2611=EDGE_CURVE('',#2536,#2544,#2466,.T.);
#2613=EDGE_CURVE('',#2522,#2536,#2426,.T.);
#2625=EDGE_CURVE('',#2513,#2514,#2386,.T.);
#2627=EDGE_CURVE('',#2514,#2544,#2390,.T.);
#2637=EDGE_CURVE('',#2525,#2546,#2394,.T.);
#2639=EDGE_CURVE('',#2546,#2548,#2398,.T.);
#2641=EDGE_CURVE('',#2529,#2548,#2402,.T.);
#2652=EDGE_CURVE('',#2533,#2550,#2406,.T.);
#2654=EDGE_CURVE('',#2550,#2518,#2410,.T.);
#2656=EDGE_CURVE('',#2517,#2518,#2414,.T.);
#2669=EDGE_CURVE('',#2502,#2498,#2418,.T.);
#2671=EDGE_CURVE('',#2498,#2497,#2494,.T.);
#2673=EDGE_CURVE('',#2500,#2497,#2422,.T.);
#2677=EDGE_CURVE('',#2514,#2518,#2471,.T.);
#2687=EDGE_CURVE('',#2505,#2506,#2454,.T.);
#2691=EDGE_CURVE('',#2497,#2498,#2489,.T.);
#2695=EDGE_CURVE('',#2509,#2510,#2434,.T.);
#2697=EDGE_CURVE('',#2506,#2510,#2476,.T.);
#2708=EDGE_CURVE('',#2536,#2510,#2430,.T.);
#2720=EDGE_CURVE('',#2526,#2538,#2438,.T.);
#2723=EDGE_CURVE('',#2530,#2540,#2442,.T.);
#2725=EDGE_CURVE('',#2540,#2538,#2446,.T.);
#2735=EDGE_CURVE('',#2534,#2542,#2450,.T.);
#2739=EDGE_CURVE('',#2506,#2542,#2458,.T.);
#2753=EDGE_CURVE('',#2542,#2550,#2484,.T.);
#2760=EDGE_CURVE('',#2540,#2548,#2462,.T.);
#2763=EDGE_CURVE('',#2538,#2546,#2480,.T.);
#2828=AXIS2_PLACEMENT_3D('',#2825,#2826,#2827);
#2829=ADVANCED_BREP_SHAPE_REPRESENTATION('',(#2828,#2816),#2824);
#2834=PRODUCT_DEFINITION('design','',#2833,#2830);
#2835=PRODUCT_DEFINITION_SHAPE('','SHAPE FOR GPS-ANT-EXT-CONN_PRT.',#2834);
#2836=SHAPE_DEFINITION_REPRESENTATION(#2835,#2829);
#2837=NEXT_ASSEMBLY_USAGE_OCCURRENCE('70','Next assembly relationship',
'GPS-ANT-EXT-CONN',#4493,#2834,$);
#2838=PRODUCT_DEFINITION_SHAPE('Placement #70',
'Placement of GPS-ANT-EXT-CONN_PRT with respect to GPS-ANTENNA-CIRO-15X15_ASM',
#2837);
#2854=B_SPLINE_CURVE_WITH_KNOTS('',3,(#2847,#2848,#2849,#2850,#2851,#2852,
#2853),.UNSPECIFIED.,.F.,.F.,(4,1,1,1,4),(0.E0,3.743825095879E-1,
5.811006689355E-1,8.598084054486E-1,1.E0),.UNSPECIFIED.);
#2875=B_SPLINE_CURVE_WITH_KNOTS('',3,(#2859,#2860,#2861,#2862,#2863,#2864,#2865,
#2866,#2867,#2868,#2869,#2870,#2871,#2872,#2873,#2874),.UNSPECIFIED.,.F.,.F.,(4,
1,1,1,1,1,1,1,1,1,1,1,1,4),(0.E0,7.692307692308E-2,1.538461538462E-1,
2.307692307692E-1,3.076923076923E-1,3.846153846154E-1,4.615384615385E-1,
5.384615384615E-1,6.153846153846E-1,6.923076923077E-1,7.692307692308E-1,
8.461538461538E-1,9.230769230769E-1,1.E0),.UNSPECIFIED.);
#2883=B_SPLINE_CURVE_WITH_KNOTS('',3,(#2876,#2877,#2878,#2879,#2880,#2881,
#2882),.UNSPECIFIED.,.F.,.F.,(4,1,1,1,4),(0.E0,2.5E-1,5.E-1,7.5E-1,1.E0),
.UNSPECIFIED.);
#2889=B_SPLINE_CURVE_WITH_KNOTS('',3,(#2884,#2885,#2886,#2887,#2888),
.UNSPECIFIED.,.F.,.F.,(4,1,4),(0.E0,3.824646575322E-1,1.E0),.UNSPECIFIED.);
#2899=B_SPLINE_CURVE_WITH_KNOTS('',3,(#2890,#2891,#2892,#2893,#2894,#2895,#2896,
#2897,#2898),.UNSPECIFIED.,.F.,.F.,(4,1,1,1,1,1,4),(0.E0,2.5E-1,3.75E-1,5.E-1,
6.25E-1,7.5E-1,1.E0),.UNSPECIFIED.);
#2909=B_SPLINE_CURVE_WITH_KNOTS('',3,(#2900,#2901,#2902,#2903,#2904,#2905,#2906,
#2907,#2908),.UNSPECIFIED.,.F.,.F.,(4,1,1,1,1,1,4),(0.E0,2.5E-1,3.75E-1,5.E-1,
6.25E-1,7.5E-1,1.E0),.UNSPECIFIED.);
#2917=B_SPLINE_CURVE_WITH_KNOTS('',3,(#2910,#2911,#2912,#2913,#2914,#2915,
#2916),.UNSPECIFIED.,.F.,.F.,(4,1,1,1,4),(0.E0,2.5E-1,5.E-1,7.5E-1,1.E0),
.UNSPECIFIED.);
#2923=B_SPLINE_CURVE_WITH_KNOTS('',3,(#2918,#2919,#2920,#2921,#2922),
.UNSPECIFIED.,.F.,.F.,(4,1,4),(0.E0,3.136404309482E-1,1.E0),.UNSPECIFIED.);
#2957=B_SPLINE_CURVE_WITH_KNOTS('',3,(#2924,#2925,#2926,#2927,#2928,#2929,#2930,
#2931,#2932,#2933,#2934,#2935,#2936,#2937,#2938,#2939,#2940,#2941,#2942,#2943,
#2944,#2945,#2946,#2947,#2948,#2949,#2950,#2951,#2952,#2953,#2954,#2955,#2956),
.UNSPECIFIED.,.F.,.F.,(4,1,1,1,1,1,1,1,1,1,1,1,1,1,1,1,1,1,1,1,1,1,1,1,1,1,1,1,
1,1,4),(0.E0,3.438071257842E-2,6.876142515685E-2,1.031421377353E-1,
1.375228503137E-1,1.547132066029E-1,1.719035628921E-1,1.804987410367E-1,
1.890939191813E-1,2.062842754705E-1,2.234746317598E-1,2.406649880490E-1,
2.750457006274E-1,3.094264132058E-1,3.438071257842E-1,3.781878383627E-1,
4.125685509411E-1,4.469492635195E-1,4.813299760979E-1,5.500914012548E-1,
5.844721138332E-1,6.188528264116E-1,6.532335389900E-1,6.876142515685E-1,
7.219949641469E-1,7.563756767253E-1,7.907563893037E-1,8.251371018822E-1,
8.938985270390E-1,9.626599521959E-1,1.E0),.UNSPECIFIED.);
#2976=B_SPLINE_CURVE_WITH_KNOTS('',3,(#2958,#2959,#2960,#2961,#2962,#2963,#2964,
#2965,#2966,#2967,#2968,#2969,#2970,#2971,#2972,#2973,#2974,#2975),
.UNSPECIFIED.,.F.,.F.,(4,1,1,1,1,1,1,1,1,1,1,1,1,1,1,4),(0.E0,6.666666666667E-2,
1.333333333333E-1,2.E-1,2.666666666667E-1,3.333333333333E-1,4.E-1,
4.666666666667E-1,5.333333333333E-1,6.E-1,6.666666666667E-1,7.333333333333E-1,
8.E-1,8.666666666667E-1,9.333333333333E-1,1.E0),.UNSPECIFIED.);
#2985=CIRCLE('',#2984,8.E-1);
#2990=CIRCLE('',#2989,8.E-1);
#2998=B_SPLINE_CURVE_WITH_KNOTS('',3,(#2991,#2992,#2993,#2994,#2995,#2996,
#2997),.UNSPECIFIED.,.F.,.F.,(4,1,1,1,4),(0.E0,3.659515251170E-2,
4.417114674251E-1,7.235592192051E-1,1.E0),.UNSPECIFIED.);
#3006=B_SPLINE_CURVE_WITH_KNOTS('',3,(#2999,#3000,#3001,#3002,#3003,#3004,
#3005),.UNSPECIFIED.,.F.,.F.,(4,1,1,1,4),(0.E0,3.424189204046E-1,
5.314881400905E-1,7.864006955682E-1,1.E0),.UNSPECIFIED.);
#3043=CIRCLE('',#3042,2.041232037029E-1);
#3048=CIRCLE('',#3047,2.041232037029E-1);
#3059=B_SPLINE_CURVE_WITH_KNOTS('',3,(#3053,#3054,#3055,#3056,#3057,#3058),
.UNSPECIFIED.,.F.,.F.,(4,1,1,4),(0.E0,3.333333333333E-1,6.666666666667E-1,1.E0),
.UNSPECIFIED.);
#3066=B_SPLINE_CURVE_WITH_KNOTS('',3,(#3060,#3061,#3062,#3063,#3064,#3065),
.UNSPECIFIED.,.F.,.F.,(4,1,1,4),(0.E0,3.333333333333E-1,6.666666666667E-1,1.E0),
.UNSPECIFIED.);
#3074=B_SPLINE_CURVE_WITH_KNOTS('',3,(#3067,#3068,#3069,#3070,#3071,#3072,
#3073),.UNSPECIFIED.,.F.,.F.,(4,1,1,1,4),(0.E0,2.5E-1,5.E-1,7.5E-1,1.E0),
.UNSPECIFIED.);
#3082=B_SPLINE_CURVE_WITH_KNOTS('',3,(#3075,#3076,#3077,#3078,#3079,#3080,
#3081),.UNSPECIFIED.,.F.,.F.,(4,1,1,1,4),(0.E0,2.5E-1,5.E-1,7.5E-1,1.E0),
.UNSPECIFIED.);
#3088=B_SPLINE_CURVE_WITH_KNOTS('',3,(#3083,#3084,#3085,#3086,#3087),
.UNSPECIFIED.,.F.,.F.,(4,1,4),(0.E0,5.E-1,1.E0),.UNSPECIFIED.);
#3094=B_SPLINE_CURVE_WITH_KNOTS('',3,(#3089,#3090,#3091,#3092,#3093),
.UNSPECIFIED.,.F.,.F.,(4,1,4),(0.E0,5.E-1,1.E0),.UNSPECIFIED.);
#3115=B_SPLINE_CURVE_WITH_KNOTS('',3,(#3095,#3096,#3097,#3098,#3099,#3100,#3101,
#3102,#3103,#3104,#3105,#3106,#3107,#3108,#3109,#3110,#3111,#3112,#3113,#3114),
.UNSPECIFIED.,.F.,.F.,(4,1,1,1,1,1,1,1,1,1,1,1,1,1,1,1,1,4),(0.E0,
5.882352941176E-2,1.176470588235E-1,1.764705882353E-1,2.352941176471E-1,
2.941176470588E-1,3.529411764706E-1,4.117647058824E-1,4.705882352941E-1,
5.294117647059E-1,5.882352941176E-1,6.470588235294E-1,7.058823529412E-1,
7.647058823529E-1,8.235294117647E-1,8.823529411765E-1,9.411764705882E-1,1.E0),
.UNSPECIFIED.);
#3124=CIRCLE('',#3123,5.E-1);
#3133=CIRCLE('',#3132,5.E-1);
#3182=CIRCLE('',#3181,5.E-1);
#3191=CIRCLE('',#3190,5.E-1);
#3200=CIRCLE('',#3199,5.E-1);
#3209=CIRCLE('',#3208,5.E-1);
#3218=CIRCLE('',#3217,5.E-1);
#3227=CIRCLE('',#3226,5.E-1);
#3236=CIRCLE('',#3235,5.E-1);
#3245=CIRCLE('',#3244,5.E-1);
#3262=CIRCLE('',#3261,5.E-1);
#3271=CIRCLE('',#3270,5.E-1);
#3280=CIRCLE('',#3279,5.E-1);
#3289=CIRCLE('',#3288,5.E-1);
#3298=CIRCLE('',#3297,5.E-1);
#3307=CIRCLE('',#3306,5.E-1);
#3457=B_SPLINE_CURVE_WITH_KNOTS('',3,(#3448,#3449,#3450,#3451,#3452,#3453,#3454,
#3455,#3456),.UNSPECIFIED.,.F.,.F.,(4,1,1,1,1,1,4),(0.E0,9.386848217019E-3,
2.190237167256E-1,4.692074428199E-1,6.547692790429E-1,9.908360578308E-1,1.E0),
.UNSPECIFIED.);
#3461=EDGE_CURVE('',#3347,#3346,#2854,.T.);
#3463=EDGE_CURVE('',#3359,#3347,#2858,.T.);
#3465=EDGE_CURVE('',#3359,#3357,#3006,.T.);
#3467=EDGE_CURVE('',#3357,#3358,#2980,.T.);
#3469=EDGE_CURVE('',#3358,#3346,#2923,.T.);
#3671=EDGE_CURVE('',#3344,#3345,#2875,.T.);
#3673=EDGE_CURVE('',#3348,#3344,#2883,.T.);
#3675=EDGE_CURVE('',#3347,#3348,#2889,.T.);
#3678=EDGE_CURVE('',#3346,#3345,#2917,.T.);
#3688=EDGE_CURVE('',#3345,#3344,#2976,.T.);
#3693=EDGE_CURVE('',#3350,#3349,#2899,.T.);
#3695=EDGE_CURVE('',#3349,#3350,#2909,.T.);
#3941=EDGE_CURVE('',#3348,#3358,#2957,.T.);
#3957=B_SPLINE_CURVE_WITH_KNOTS('',3,(#3948,#3949,#3950,#3951,#3952,#3953,#3954,
#3955,#3956),.UNSPECIFIED.,.F.,.F.,(4,1,1,1,1,1,4),(0.E0,9.314861234871E-3,
2.805431225314E-1,5.570764019045E-1,9.545539137278E-1,9.904590343800E-1,1.E0),
.UNSPECIFIED.);
#3962=EDGE_CURVE('',#3357,#3359,#2998,.T.);
#3975=EDGE_CURVE('',#3407,#3403,#3133,.T.);
#3977=EDGE_CURVE('',#3445,#3407,#3315,.T.);
#3979=EDGE_CURVE('',#3442,#3445,#3298,.T.);
#3981=EDGE_CURVE('',#3442,#3382,#3010,.T.);
#3983=EDGE_CURVE('',#3378,#3382,#3280,.T.);
#3985=EDGE_CURVE('',#3435,#3378,#3014,.T.);
#3987=EDGE_CURVE('',#3439,#3435,#3271,.T.);
#3989=EDGE_CURVE('',#3429,#3439,#3249,.T.);
#3991=EDGE_CURVE('',#3426,#3429,#3236,.T.);
#3993=EDGE_CURVE('',#3426,#3374,#3018,.T.);
#3995=EDGE_CURVE('',#3370,#3374,#3218,.T.);
#3997=EDGE_CURVE('',#3419,#3370,#3022,.T.);
#3999=EDGE_CURVE('',#3423,#3419,#3209,.T.);
#4001=EDGE_CURVE('',#3423,#3413,#3026,.T.);
#4003=EDGE_CURVE('',#3410,#3413,#3182,.T.);
#4005=EDGE_CURVE('',#3410,#3398,#3030,.T.);
#4007=EDGE_CURVE('',#3394,#3398,#3165,.T.);
#4009=EDGE_CURVE('',#3386,#3394,#3157,.T.);
#4011=EDGE_CURVE('',#3386,#3390,#3149,.T.);
#4013=EDGE_CURVE('',#3403,#3390,#3034,.T.);
#4017=EDGE_CURVE('',#3365,#3367,#2985,.T.);
#4019=EDGE_CURVE('',#3367,#3365,#2990,.T.);
#4033=EDGE_CURVE('',#3365,#3363,#3038,.T.);
#4036=EDGE_CURVE('',#3367,#3362,#3052,.T.);
#4038=EDGE_CURVE('',#3363,#3362,#3043,.T.);
#4048=EDGE_CURVE('',#3362,#3363,#3048,.T.);
#4055=EDGE_CURVE('',#3354,#3353,#3059,.T.);
#4057=EDGE_CURVE('',#3354,#3351,#3115,.T.);
#4059=EDGE_CURVE('',#3352,#3351,#3066,.T.);
#4061=EDGE_CURVE('',#3353,#3352,#3074,.T.);
#4094=EDGE_CURVE('',#3352,#3353,#3082,.T.);
#4097=EDGE_CURVE('',#3349,#3351,#3088,.T.);
#4100=EDGE_CURVE('',#3350,#3354,#3094,.T.);
#4144=EDGE_CURVE('',#3402,#3403,#3119,.T.);
#4146=EDGE_CURVE('',#3402,#3405,#3124,.T.);
#4148=EDGE_CURVE('',#3405,#3407,#3128,.T.);
#4161=EDGE_CURVE('',#3390,#3391,#3145,.T.);
#4163=EDGE_CURVE('',#3402,#3391,#3319,.T.);
#4173=EDGE_CURVE('',#3386,#3387,#3137,.T.);
#4175=EDGE_CURVE('',#3387,#3391,#3141,.T.);
#4187=EDGE_CURVE('',#3394,#3395,#3161,.T.);
#4189=EDGE_CURVE('',#3395,#3387,#3153,.T.);
#4203=EDGE_CURVE('',#3398,#3399,#3169,.T.);
#4205=EDGE_CURVE('',#3395,#3399,#3173,.T.);
#4215=EDGE_CURVE('',#3410,#3411,#3177,.T.);
#4217=EDGE_CURVE('',#3411,#3399,#3323,.T.);
#4231=EDGE_CURVE('',#3413,#3415,#3186,.T.);
#4233=EDGE_CURVE('',#3415,#3411,#3191,.T.);
#4245=EDGE_CURVE('',#3421,#3423,#3204,.T.);
#4247=EDGE_CURVE('',#3421,#3415,#3327,.T.);
#4257=EDGE_CURVE('',#3418,#3419,#3195,.T.);
#4259=EDGE_CURVE('',#3418,#3421,#3200,.T.);
#4273=EDGE_CURVE('',#3370,#3371,#3213,.T.);
#4275=EDGE_CURVE('',#3418,#3371,#3331,.T.);
#4287=EDGE_CURVE('',#3374,#3375,#3222,.T.);
#4289=EDGE_CURVE('',#3375,#3371,#3227,.T.);
#4299=EDGE_CURVE('',#3426,#3427,#3231,.T.);
#4301=EDGE_CURVE('',#3427,#3375,#3335,.T.);
#4315=EDGE_CURVE('',#3429,#3431,#3240,.T.);
#4317=EDGE_CURVE('',#3431,#3427,#3245,.T.);
#4329=EDGE_CURVE('',#3437,#3439,#3266,.T.);
#4331=EDGE_CURVE('',#3437,#3431,#3253,.T.);
#4341=EDGE_CURVE('',#3434,#3435,#3257,.T.);
#4343=EDGE_CURVE('',#3434,#3437,#3262,.T.);
#4357=EDGE_CURVE('',#3378,#3379,#3275,.T.);
#4359=EDGE_CURVE('',#3434,#3379,#3339,.T.);
#4371=EDGE_CURVE('',#3382,#3383,#3284,.T.);
#4373=EDGE_CURVE('',#3383,#3379,#3289,.T.);
#4383=EDGE_CURVE('',#3442,#3443,#3293,.T.);
#4385=EDGE_CURVE('',#3443,#3383,#3343,.T.);
#4399=EDGE_CURVE('',#3445,#3447,#3302,.T.);
#4401=EDGE_CURVE('',#3447,#3443,#3307,.T.);
#4412=EDGE_CURVE('',#3405,#3447,#3311,.T.);
#4460=AXIS2_PLACEMENT_3D('',#4457,#4458,#4459);
#4461=ADVANCED_BREP_SHAPE_REPRESENTATION('',(#4460,#4448),#4456);
#4465=PRODUCT_DEFINITION('design','',#4464,#2830);
#4466=PRODUCT_DEFINITION_SHAPE('','SHAPE FOR ANTENNA_PCB_ANY_PRT.',#4465);
#4467=SHAPE_DEFINITION_REPRESENTATION(#4466,#4461);
#4468=NEXT_ASSEMBLY_USAGE_OCCURRENCE('71','Next assembly relationship',
'ANTENNA_PCB_ANY',#4493,#4465,$);
#4469=PRODUCT_DEFINITION_SHAPE('Placement #71',
'Placement of ANTENNA_PCB_ANY_PRT with respect to GPS-ANTENNA-CIRO-15X15_ASM',
#4468);
#4488=AXIS2_PLACEMENT_3D('',#4485,#4486,#4487);
#4493=PRODUCT_DEFINITION('design','',#4492,#4489);
ENDSEC;
END-ISO-10303-21;
