ISO-10303-21;
HEADER;
FILE_DESCRIPTION((''),'2;1');
FILE_NAME('GTC01-A-MKT01_PRT','2008-06-30T',('GRA'),(''),
'PRO/ENGINEER BY PARAMETRIC TECHNOLOGY CORPORATION, 2006170',
'PRO/ENGINEER BY PARAMETRIC TECHNOLOGY CORPORATION, 2006170','');
FILE_SCHEMA(('CONFIG_CONTROL_DESIGN'));
ENDSEC;
DATA;
#2=CARTESIAN_POINT('',(3.099829684623E1,-1.949999995638E0,-2.269977051632E1));
#3=DIRECTION('',(1.E0,0.E0,0.E0));
#4=DIRECTION('',(0.E0,1.E0,0.E0));
#5=AXIS2_PLACEMENT_3D('',#2,#3,#4);
#7=CARTESIAN_POINT('',(3.099829527251E1,-1.949999995638E0,-2.269977051632E1));
#8=DIRECTION('',(1.E0,0.E0,0.E0));
#9=DIRECTION('',(0.E0,-1.E0,0.E0));
#10=AXIS2_PLACEMENT_3D('',#7,#8,#9);
#12=CARTESIAN_POINT('',(3.093262768672E1,-1.949999995638E0,-2.269977051632E1));
#13=DIRECTION('',(-1.E0,0.E0,0.E0));
#14=DIRECTION('',(0.E0,1.E0,0.E0));
#15=AXIS2_PLACEMENT_3D('',#12,#13,#14);
#17=CARTESIAN_POINT('',(3.093262974340E1,-1.949999995638E0,-2.269977051632E1));
#18=DIRECTION('',(-1.E0,0.E0,0.E0));
#19=DIRECTION('',(0.E0,-1.E0,0.E0));
#20=AXIS2_PLACEMENT_3D('',#17,#18,#19);
#22=CARTESIAN_POINT('',(3.103306398799E1,-1.724999995638E0,-2.369977051632E1));
#23=CARTESIAN_POINT('',(3.103428474263E1,-1.774990894738E0,-2.369977051632E1));
#24=CARTESIAN_POINT('',(3.103591258009E1,-1.874979247189E0,-2.369977051632E1));
#25=CARTESIAN_POINT('',(3.103591368817E1,-2.025020696180E0,-2.369977051632E1));
#26=CARTESIAN_POINT('',(3.103428732754E1,-2.125009076007E0,-2.369977051632E1));
#27=CARTESIAN_POINT('',(3.103306731123E1,-2.174999995638E0,-2.369977051632E1));
#29=CARTESIAN_POINT('',(2.183324310544E1,-1.724999995638E0,-2.269976234964E1));
#30=DIRECTION('',(0.E0,1.E0,0.E0));
#31=DIRECTION('',(9.941443341011E-1,0.E0,1.080603672711E-1));
#32=AXIS2_PLACEMENT_3D('',#29,#30,#31);
#34=CARTESIAN_POINT('',(3.103306908663E1,-2.174999995638E0,-2.169977051632E1));
#35=CARTESIAN_POINT('',(3.103428910270E1,-2.125009075991E0,-2.169977051632E1));
#36=CARTESIAN_POINT('',(3.103591546302E1,-2.025020696144E0,-2.169977051632E1));
#37=CARTESIAN_POINT('',(3.103591435494E1,-1.874979247163E0,-2.169977051632E1));
#38=CARTESIAN_POINT('',(3.103428651779E1,-1.774990894727E0,-2.169977051632E1));
#39=CARTESIAN_POINT('',(3.103306576339E1,-1.724999995638E0,-2.169977051632E1));
#41=CARTESIAN_POINT('',(2.183324310544E1,-2.174999995638E0,-2.269976234964E1));
#42=DIRECTION('',(0.E0,-1.E0,0.E0));
#43=DIRECTION('',(9.941441464428E-1,0.E0,-1.080620936942E-1));
#44=AXIS2_PLACEMENT_3D('',#41,#42,#43);
#46=CARTESIAN_POINT('',(3.064900069108E1,-1.949999995638E0,-2.269977051632E1));
#47=DIRECTION('',(-1.E0,0.E0,0.E0));
#48=DIRECTION('',(0.E0,0.E0,-1.E0));
#49=AXIS2_PLACEMENT_3D('',#46,#47,#48);
#51=CARTESIAN_POINT('',(3.083638753629E1,-1.949999740351E0,-2.485165909417E1));
#52=CARTESIAN_POINT('',(3.083638981267E1,-2.074570782260E0,-2.485164781891E1));
#53=CARTESIAN_POINT('',(3.083640226681E1,-2.324557034519E0,-2.482995801839E1));
#54=CARTESIAN_POINT('',(3.083644165244E1,-2.689827382601E0,-2.473224172622E1));
#55=CARTESIAN_POINT('',(3.083646701755E1,-3.033515280997E0,-2.457178999698E1));
#56=CARTESIAN_POINT('',(3.083651589675E1,-3.343661576986E0,-2.435379792969E1));
#57=CARTESIAN_POINT('',(3.083658314621E1,-3.609988012291E0,-2.408617530461E1));
#58=CARTESIAN_POINT('',(3.083664235604E1,-3.825376841800E0,-2.377705434891E1));
#59=CARTESIAN_POINT('',(3.083667842724E1,-3.983853887372E0,-2.343530447131E1));
#60=CARTESIAN_POINT('',(3.083669269120E1,-4.080380601923E0,-2.307204277041E1));
#61=CARTESIAN_POINT('',(3.083669579889E1,-4.112538681739E0,-2.270019521788E1));
#62=CARTESIAN_POINT('',(3.083669339052E1,-4.080574834026E0,-2.232903650929E1));
#63=CARTESIAN_POINT('',(3.083667993882E1,-3.984736945619E0,-2.196673814297E1));
#64=CARTESIAN_POINT('',(3.083664469094E1,-3.826478005623E0,-2.162430565189E1));
#65=CARTESIAN_POINT('',(3.083658595920E1,-3.610997760251E0,-2.131455806860E1));
#66=CARTESIAN_POINT('',(3.083651951582E1,-3.345024770468E0,-2.104694205386E1));
#67=CARTESIAN_POINT('',(3.083647028736E1,-3.035747410623E0,-2.082908773863E1));
#68=CARTESIAN_POINT('',(3.083644630400E1,-2.692644857963E0,-2.066834806627E1));
#69=CARTESIAN_POINT('',(3.083640649197E1,-2.327344846696E0,-2.056998091341E1));
#70=CARTESIAN_POINT('',(3.083638633323E1,-1.948829426992E0,-2.053675186699E1));
#71=CARTESIAN_POINT('',(3.083640081209E1,-1.570954265028E0,-2.057030639821E1));
#72=CARTESIAN_POINT('',(3.083643483057E1,-1.205662719653E0,-2.066896657822E1));
#73=CARTESIAN_POINT('',(3.083645355335E1,-8.629406683987E-1,-2.082986266982E1));
#74=CARTESIAN_POINT('',(3.083649806155E1,-5.537647420606E-1,-2.104794763826E1));
#75=CARTESIAN_POINT('',(3.083656035283E1,-2.880566856592E-1,-2.131574129453E1));
#76=CARTESIAN_POINT('',(3.083661540429E1,-7.352130914778E-2,-2.162453804078E1));
#77=CARTESIAN_POINT('',(3.083664814510E1,8.387443692617E-2,-2.196473873222E1));
#78=CARTESIAN_POINT('',(3.083665982742E1,1.801067040902E-1,-2.232591959143E1));
#79=CARTESIAN_POINT('',(3.083666215813E1,2.018446756921E-1,-2.257518883397E1));
#80=CARTESIAN_POINT('',(3.083666077423E1,2.018558156114E-1,-2.269976951285E1));
#82=CARTESIAN_POINT('',(3.064186733511E1,-1.949999975228E0,-2.480516099162E1));
#83=DIRECTION('',(7.567700392594E-6,-9.999999999713E-1,2.881222617505E-7));
#84=DIRECTION('',(3.489840025636E-2,-2.384611917099E-8,-9.993908653072E-1));
#85=AXIS2_PLACEMENT_3D('',#82,#83,#84);
#87=DIRECTION('',(-9.993907487355E-1,-1.085811480734E-6,-3.490173836146E-2));
#88=VECTOR('',#87,9.994560974854E-1);
#89=CARTESIAN_POINT('',(3.064884717759E1,-1.949999995384E0,-2.500504156370E1));
#90=LINE('',#89,#88);
#91=DIRECTION('',(-9.993907505853E-1,3.490168539441E-2,1.085117577189E-6));
#92=VECTOR('',#91,9.997239111531E-1);
#93=CARTESIAN_POINT('',(3.064911482995E1,3.552617575377E-1,-2.269977051617E1));
#94=LINE('',#93,#92);
#95=CARTESIAN_POINT('',(3.064898463006E1,-1.949999995638E0,-2.269977051632E1));
#96=DIRECTION('',(-1.E0,0.E0,0.E0));
#97=DIRECTION('',(0.E0,1.E0,0.E0));
#98=AXIS2_PLACEMENT_3D('',#95,#96,#97);
#100=CARTESIAN_POINT('',(3.083666077423E1,2.018558156114E-1,-2.269976951285E1));
#101=CARTESIAN_POINT('',(3.083666159911E1,2.018479968502E-1,-2.281150831989E1));
#102=CARTESIAN_POINT('',(3.083665979029E1,1.844260728695E-1,-2.303560478404E1));
#103=CARTESIAN_POINT('',(3.083665009246E1,1.056734838989E-1,-2.336525883941E1));
#104=CARTESIAN_POINT('',(3.083662496580E1,-2.361553629122E-2,
-2.367830840646E1));
#105=CARTESIAN_POINT('',(3.083658107593E1,-1.999437348314E-1,
-2.396699721635E1));
#106=CARTESIAN_POINT('',(3.083652529953E1,-4.197220096649E-1,
-2.422524278736E1));
#107=CARTESIAN_POINT('',(3.083647374958E1,-6.777031902850E-1,
-2.444626487812E1));
#108=CARTESIAN_POINT('',(3.083644388450E1,-9.674726942925E-1,
-2.462428002293E1));
#109=CARTESIAN_POINT('',(3.083642420096E1,-1.281650717875E0,-2.475460154688E1));
#110=CARTESIAN_POINT('',(3.083639455620E1,-1.611960220506E0,-2.483394980303E1));
#111=CARTESIAN_POINT('',(3.083638764064E1,-1.837453553842E0,-2.485165105930E1));
#112=CARTESIAN_POINT('',(3.083638753629E1,-1.949999740351E0,-2.485165909417E1));
#114=CARTESIAN_POINT('',(3.064213508241E1,1.553815736663E-1,-2.269977051446E1));
#115=DIRECTION('',(-9.414210637916E-7,1.246733793385E-8,-9.999999999996E-1));
#116=DIRECTION('',(3.489877928591E-2,9.993908520716E-1,-2.039471016606E-8));
#117=AXIS2_PLACEMENT_3D('',#114,#115,#116);
#119=CARTESIAN_POINT('',(2.965E1,-1.949999995638E0,-2.269977051632E1));
#120=DIRECTION('',(-1.E0,0.E0,0.E0));
#121=DIRECTION('',(0.E0,-1.390892228018E-6,-9.999999999990E-1));
#122=AXIS2_PLACEMENT_3D('',#119,#120,#121);
#124=CARTESIAN_POINT('',(2.965E1,-1.949999995638E0,-2.269977051632E1));
#125=DIRECTION('',(-1.E0,0.E0,0.E0));
#126=DIRECTION('',(0.E0,9.999999999990E-1,1.390892226554E-6));
#127=AXIS2_PLACEMENT_3D('',#124,#125,#126);
#129=DIRECTION('',(0.E0,0.E0,-1.E0));
#130=VECTOR('',#129,1.586941537580E0);
#131=CARTESIAN_POINT('',(2.965E1,-1.429036888287E0,-2.551305846242E1));
#132=LINE('',#131,#130);
#133=DIRECTION('',(0.E0,-1.E0,0.E0));
#134=VECTOR('',#133,3.320963111713E0);
#135=CARTESIAN_POINT('',(2.965E1,-1.95E0,-2.762096311171E1));
#136=LINE('',#135,#134);
#137=DIRECTION('',(0.E0,-1.E0,0.E0));
#138=VECTOR('',#137,2.020963111713E0);
#139=CARTESIAN_POINT('',(2.965E1,-3.25E0,-2.607903688829E1));
#140=LINE('',#139,#138);
#141=DIRECTION('',(-9.986295347546E-1,5.233595624294E-2,0.E0));
#142=VECTOR('',#141,4.005489383992E-1);
#143=CARTESIAN_POINT('',(2.965E1,-2.970963111713E0,-2.58E1));
#144=LINE('',#143,#142);
#145=CARTESIAN_POINT('',(2.965E1,-3.25E0,-2.58E1));
#146=DIRECTION('',(-1.E0,0.E0,0.E0));
#147=DIRECTION('',(0.E0,1.E0,0.E0));
#148=AXIS2_PLACEMENT_3D('',#145,#146,#147);
#150=DIRECTION('',(-9.986295347546E-1,0.E0,-5.233595624294E-2));
#151=VECTOR('',#150,4.005489383992E-1);
#152=CARTESIAN_POINT('',(2.965E1,-3.25E0,-2.607903688829E1));
#153=LINE('',#152,#151);
#154=CARTESIAN_POINT('',(2.925E1,-3.25E0,-2.58E1));
#155=DIRECTION('',(1.E0,0.E0,0.E0));
#156=DIRECTION('',(0.E0,0.E0,-1.E0));
#157=AXIS2_PLACEMENT_3D('',#154,#155,#156);
#159=DIRECTION('',(0.E0,0.E0,1.E0));
#160=VECTOR('',#159,4.419452191063E-1);
#161=CARTESIAN_POINT('',(2.925E1,-2.95E0,-2.58E1));
#162=LINE('',#161,#160);
#163=CARTESIAN_POINT('',(2.965E1,-2.970963111713E0,-2.537252676082E1));
#164=CARTESIAN_POINT('',(2.960548033938E1,-2.968629935166E0,-2.537092040245E1));
#165=CARTESIAN_POINT('',(2.951649116192E1,-2.963966209995E0,-2.536770659869E1));
#166=CARTESIAN_POINT('',(2.938315781806E1,-2.956978505539E0,-2.536288261393E1));
#167=CARTESIAN_POINT('',(2.929436922347E1,-2.952325292471E0,-2.535966442682E1));
#168=CARTESIAN_POINT('',(2.925E1,-2.95E0,-2.535805478089E1));
#170=DIRECTION('',(0.E0,0.E0,-1.E0));
#171=VECTOR('',#170,4.274732391819E-1);
#172=CARTESIAN_POINT('',(2.965E1,-2.970963111713E0,-2.537252676082E1));
#173=LINE('',#172,#171);
#174=CARTESIAN_POINT('',(2.925E1,-3.064783104234E-1,-2.288292100522E1));
#175=CARTESIAN_POINT('',(2.925E1,-2.726428709281E-1,-2.288303644505E1));
#176=CARTESIAN_POINT('',(2.925E1,-2.048267829469E-1,-2.288327518194E1));
#177=CARTESIAN_POINT('',(2.925E1,-1.026612592932E-1,-2.288365723553E1));
#178=CARTESIAN_POINT('',(2.925E1,-3.426818168500E-2,-2.288392808700E1));
#179=CARTESIAN_POINT('',(2.925E1,0.E0,-2.288406760762E1));
#181=CARTESIAN_POINT('',(2.925E1,0.E0,-2.231580740897E1));
#182=CARTESIAN_POINT('',(2.925E1,-3.817019068254E-2,-2.231596284731E1));
#183=CARTESIAN_POINT('',(2.925E1,-1.143376929082E-1,-2.231626361348E1));
#184=CARTESIAN_POINT('',(2.925E1,-2.280794727987E-1,-2.231668487836E1));
#185=CARTESIAN_POINT('',(2.925E1,-3.035493445926E-1,-2.231694602461E1));
#186=CARTESIAN_POINT('',(2.925E1,-3.411963124899E-1,-2.231707175692E1));
#188=DIRECTION('',(0.E0,0.E0,1.E0));
#189=VECTOR('',#188,5.682601986525E-1);
#190=CARTESIAN_POINT('',(2.925E1,0.E0,-2.288406760762E1));
#191=LINE('',#190,#189);
#192=DIRECTION('',(0.E0,-1.E0,0.E0));
#193=VECTOR('',#192,3.E0);
#194=CARTESIAN_POINT('',(2.925E1,-7.E-1,-2.05E1));
#195=LINE('',#194,#193);
#196=DIRECTION('',(0.E0,0.E0,1.E0));
#197=VECTOR('',#196,4.E-1);
#198=CARTESIAN_POINT('',(2.925E1,-7.E-1,-2.09E1));
#199=LINE('',#198,#197);
#200=DIRECTION('',(0.E0,1.E0,0.E0));
#201=VECTOR('',#200,3.E0);
#202=CARTESIAN_POINT('',(2.925E1,-3.7E0,-2.09E1));
#203=LINE('',#202,#201);
#204=DIRECTION('',(0.E0,0.E0,-1.E0));
#205=VECTOR('',#204,4.E-1);
#206=CARTESIAN_POINT('',(2.925E1,-3.7E0,-2.05E1));
#207=LINE('',#206,#205);
#208=DIRECTION('',(0.E0,0.E0,1.E0));
#209=VECTOR('',#208,4.E-1);
#210=CARTESIAN_POINT('',(2.925E1,-7.E-1,-2.49E1));
#211=LINE('',#210,#209);
#212=DIRECTION('',(0.E0,1.E0,0.E0));
#213=VECTOR('',#212,3.E0);
#214=CARTESIAN_POINT('',(2.925E1,-3.7E0,-2.49E1));
#215=LINE('',#214,#213);
#216=DIRECTION('',(0.E0,0.E0,-1.E0));
#217=VECTOR('',#216,4.E-1);
#218=CARTESIAN_POINT('',(2.925E1,-3.7E0,-2.45E1));
#219=LINE('',#218,#217);
#220=DIRECTION('',(0.E0,-1.E0,0.E0));
#221=VECTOR('',#220,3.E0);
#222=CARTESIAN_POINT('',(2.925E1,-7.E-1,-2.45E1));
#223=LINE('',#222,#221);
#224=DIRECTION('',(0.E0,0.E0,1.E0));
#225=VECTOR('',#224,1.4E0);
#226=CARTESIAN_POINT('',(2.925E1,-1.95E0,-2.76E1));
#227=LINE('',#226,#225);
#228=DIRECTION('',(0.E0,0.E0,1.E0));
#229=VECTOR('',#228,1.604433488911E0);
#230=CARTESIAN_POINT('',(2.925E1,-1.45E0,-2.71E1));
#231=LINE('',#230,#229);
#232=DIRECTION('',(0.E0,-1.E0,0.E0));
#233=VECTOR('',#232,2.E0);
#234=CARTESIAN_POINT('',(2.925E1,-3.25E0,-2.61E1));
#235=LINE('',#234,#233);
#236=DIRECTION('',(0.E0,1.E0,0.E0));
#237=VECTOR('',#236,3.3E0);
#238=CARTESIAN_POINT('',(2.925E1,-5.25E0,-2.62E1));
#239=LINE('',#238,#237);
#240=CARTESIAN_POINT('',(2.831378957554E1,-1.863789575536E0,-2.286380805052E1));
#241=CARTESIAN_POINT('',(2.865841144989E1,-1.869806985618E0,-2.286982239146E1));
#242=CARTESIAN_POINT('',(2.900303108334E1,-1.875824470174E0,-2.287583680361E1));
#243=CARTESIAN_POINT('',(2.934765296499E1,-1.881842102039E0,-2.288185136525E1));
#245=CARTESIAN_POINT('',(3.017469415967E1,-2.346302130171E0,-2.289644026367E1));
#246=CARTESIAN_POINT('',(3.018006171325E1,-2.233135384903E0,-2.289644420476E1));
#247=CARTESIAN_POINT('',(3.018582120519E1,-2.014065169530E0,-2.289644724647E1));
#248=CARTESIAN_POINT('',(3.018232521758E1,-1.708687602717E0,-2.289644556615E1));
#249=CARTESIAN_POINT('',(3.016903283943E1,-1.424582870180E0,-2.289644014450E1));
#250=CARTESIAN_POINT('',(3.014840796465E1,-1.165373738881E0,-2.289643209832E1));
#251=CARTESIAN_POINT('',(3.012251709640E1,-9.289201249433E-1,
-2.289642120810E1));
#252=CARTESIAN_POINT('',(3.009292499314E1,-7.129637976130E-1,
-2.289640871764E1));
#253=CARTESIAN_POINT('',(3.006083334161E1,-5.153687940489E-1,
-2.289639534574E1));
#254=CARTESIAN_POINT('',(3.003818135809E1,-3.935858465537E-1,
-2.289638606444E1));
#255=CARTESIAN_POINT('',(3.002672787622E1,-3.353551014003E-1,
-2.289638121224E1));
#257=CARTESIAN_POINT('',(3.017469415967E1,-2.346302130171E0,-2.289644026367E1));
#258=CARTESIAN_POINT('',(3.019378315822E1,-2.376420111117E0,-2.289679734778E1));
#259=CARTESIAN_POINT('',(3.023098433253E1,-2.442501932327E0,-2.290382785667E1));
#260=CARTESIAN_POINT('',(3.027862067635E1,-2.558572889369E0,-2.293216423400E1));
#261=CARTESIAN_POINT('',(3.031291278752E1,-2.690603322283E0,-2.297650513358E1));
#262=CARTESIAN_POINT('',(3.032896692987E1,-2.837684785571E0,-2.303448139334E1));
#263=CARTESIAN_POINT('',(3.032335428182E1,-2.947664762952E0,-2.308137168379E1));
#264=CARTESIAN_POINT('',(3.031507717467E1,-3.004846688334E0,-2.310584496645E1));
#266=CARTESIAN_POINT('',(3.031507717467E1,-3.004846688334E0,-2.310584496645E1));
#267=CARTESIAN_POINT('',(3.033065387368E1,-2.879483572224E0,-2.310586385909E1));
#268=CARTESIAN_POINT('',(3.035503632905E1,-2.637800445517E0,-2.310589142826E1));
#269=CARTESIAN_POINT('',(3.037493055963E1,-2.306077604967E0,-2.310590555281E1));
#270=CARTESIAN_POINT('',(3.038195480502E1,-1.997976074368E0,-2.310590983825E1));
#271=CARTESIAN_POINT('',(3.037848416608E1,-1.708852935627E0,-2.310590802237E1));
#272=CARTESIAN_POINT('',(3.036639378239E1,-1.438863846624E0,-2.310590303321E1));
#273=CARTESIAN_POINT('',(3.034766228675E1,-1.190191260865E0,-2.310589557186E1));
#274=CARTESIAN_POINT('',(3.032404150538E1,-9.619448006860E-1,
-2.310588565528E1));
#275=CARTESIAN_POINT('',(3.029687401156E1,-7.521653851397E-1,
-2.310587391509E1));
#276=CARTESIAN_POINT('',(3.026723196021E1,-5.591638970689E-1,
-2.310586198084E1));
#277=CARTESIAN_POINT('',(3.024619572416E1,-4.397257527681E-1,
-2.310585184996E1));
#278=CARTESIAN_POINT('',(3.023552865618E1,-3.824633135209E-1,
-2.310584732589E1));
#280=CARTESIAN_POINT('',(3.023552865618E1,-3.824633135209E-1,
-2.310584732589E1));
#281=CARTESIAN_POINT('',(3.023553022684E1,-3.768389442444E-1,
-2.308413599488E1));
#282=CARTESIAN_POINT('',(3.022903035017E1,-3.667640380068E-1,
-2.304261591214E1));
#283=CARTESIAN_POINT('',(3.019788916417E1,-3.537908881682E-1,
-2.298169020470E1));
#284=CARTESIAN_POINT('',(3.015220042710E1,-3.449087189901E-1,
-2.293574236928E1));
#285=CARTESIAN_POINT('',(3.009111117395E1,-3.385103872617E-1,
-2.290393723489E1));
#286=CARTESIAN_POINT('',(3.004892604080E1,-3.361828475904E-1,
-2.289676590977E1));
#287=CARTESIAN_POINT('',(3.002672787622E1,-3.353551014003E-1,
-2.289638121224E1));
#289=CARTESIAN_POINT('',(2.934018302993E1,-1.881826497645E0,-2.231815682941E1));
#290=CARTESIAN_POINT('',(2.939396766847E1,-1.882766043506E0,-2.231721814567E1));
#291=CARTESIAN_POINT('',(2.950175140281E1,-1.893290524028E0,-2.231533835483E1));
#292=CARTESIAN_POINT('',(2.966094785526E1,-1.935808425780E0,-2.231256340516E1));
#293=CARTESIAN_POINT('',(2.980970010545E1,-2.003150775971E0,-2.230996538619E1));
#294=CARTESIAN_POINT('',(2.994543840863E1,-2.093373822808E0,-2.230757958527E1));
#295=CARTESIAN_POINT('',(3.006606955448E1,-2.205750489839E0,-2.230543038579E1));
#296=CARTESIAN_POINT('',(3.013324950055E1,-2.293032889133E0,-2.230420241845E1));
#297=CARTESIAN_POINT('',(3.016311235206E1,-2.339278888673E0,-2.230364511179E1));
#299=CARTESIAN_POINT('',(2.183324310544E1,-3.004862309041E0,-2.269976234964E1));
#300=DIRECTION('',(0.E0,1.E0,0.E0));
#301=DIRECTION('',(9.974139410040E-1,0.E0,7.187092799518E-2));
#302=AXIS2_PLACEMENT_3D('',#299,#300,#301);
#304=CARTESIAN_POINT('',(3.017469415967E1,-2.346302130171E0,-2.289644026367E1));
#305=CARTESIAN_POINT('',(3.014502218527E1,-2.299486685127E0,-2.289588520688E1));
#306=CARTESIAN_POINT('',(3.007801452498E1,-2.210963384301E0,-2.289465844485E1));
#307=CARTESIAN_POINT('',(2.995693428889E1,-2.096700447297E0,-2.289249972826E1));
#308=CARTESIAN_POINT('',(2.982050839484E1,-2.005064109058E0,-2.289010123061E1));
#309=CARTESIAN_POINT('',(2.967081682858E1,-1.936657994068E0,-2.288748661455E1));
#310=CARTESIAN_POINT('',(2.951044775988E1,-1.893465840630E0,-2.288469122281E1));
#311=CARTESIAN_POINT('',(2.940184171431E1,-1.882788321517E0,-2.288279710198E1));
#312=CARTESIAN_POINT('',(2.934765296499E1,-1.881842102039E0,-2.288185136525E1));
#314=CARTESIAN_POINT('',(2.934765296499E1,-1.881842102039E0,-2.288185136525E1));
#315=CARTESIAN_POINT('',(2.934992553128E1,-1.881846860250E0,-2.278789453664E1));
#316=CARTESIAN_POINT('',(2.935095583943E1,-1.881849090110E0,-2.259990328015E1));
#317=CARTESIAN_POINT('',(2.934494419379E1,-1.881836471508E0,-2.241201281050E1));
#318=CARTESIAN_POINT('',(2.934018302993E1,-1.881826497645E0,-2.231815682941E1));
#320=DIRECTION('',(9.998476951564E-1,0.E0,1.745240643729E-2));
#321=VECTOR('',#320,9.001370952395E-1);
#322=CARTESIAN_POINT('',(2.835E1,0.E0,-2.233151696741E1));
#323=LINE('',#322,#321);
#324=CARTESIAN_POINT('',(3.002189740085E1,-3.722131047333E-1,
-2.230370079892E1));
#325=CARTESIAN_POINT('',(3.004789839687E1,-5.074172485789E-1,
-2.230368952750E1));
#326=CARTESIAN_POINT('',(3.009548259185E1,-7.917782034357E-1,
-2.230367162782E1));
#327=CARTESIAN_POINT('',(3.014815877665E1,-1.256727988812E0,-2.230364863427E1));
#328=CARTESIAN_POINT('',(3.017600271523E1,-1.768692583415E0,-2.230363669703E1));
#329=CARTESIAN_POINT('',(3.017222947702E1,-2.143911796183E0,-2.230363829837E1));
#330=CARTESIAN_POINT('',(3.016311235206E1,-2.339278888673E0,-2.230364511179E1));
#332=CARTESIAN_POINT('',(3.002189740085E1,-3.722131047333E-1,
-2.230370079892E1));
#333=CARTESIAN_POINT('',(3.004402267110E1,-3.731059204300E-1,
-2.230331752299E1));
#334=CARTESIAN_POINT('',(3.008622489434E1,-3.763780036743E-1,
-2.229620636856E1));
#335=CARTESIAN_POINT('',(3.014872747552E1,-3.871236463622E-1,
-2.226403825276E1));
#336=CARTESIAN_POINT('',(3.019609233091E1,-4.025373764417E-1,
-2.221700863734E1));
#337=CARTESIAN_POINT('',(3.022863323880E1,-4.245410189244E-1,
-2.215444297095E1));
#338=CARTESIAN_POINT('',(3.023551280965E1,-4.410472520759E-1,
-2.211178120515E1));
#339=CARTESIAN_POINT('',(3.023551048366E1,-4.501243700761E-1,
-2.208947363039E1));
#341=CARTESIAN_POINT('',(3.023551048366E1,-4.501243700761E-1,
-2.208947363039E1));
#342=CARTESIAN_POINT('',(3.025963047280E1,-5.854423999794E-1,
-2.208946317081E1));
#343=CARTESIAN_POINT('',(3.030348485227E1,-8.694083683339E-1,
-2.208942392797E1));
#344=CARTESIAN_POINT('',(3.035042673465E1,-1.331953052597E0,-2.208941288988E1));
#345=CARTESIAN_POINT('',(3.037295113725E1,-1.839396117009E0,-2.208939790823E1));
#346=CARTESIAN_POINT('',(3.036328862241E1,-2.392420124981E0,-2.208941323941E1));
#347=CARTESIAN_POINT('',(3.032885653375E1,-2.795687125344E0,-2.208941558791E1));
#348=CARTESIAN_POINT('',(3.030283626067E1,-3.004820626142E0,-2.208944771262E1));
#350=CARTESIAN_POINT('',(3.030283626067E1,-3.004820626142E0,-2.208944771262E1));
#351=CARTESIAN_POINT('',(3.031186112826E1,-2.946679777739E0,-2.211429532008E1));
#352=CARTESIAN_POINT('',(3.031853575255E1,-2.834951876390E0,-2.216211276171E1));
#353=CARTESIAN_POINT('',(3.030313943153E1,-2.686156976786E0,-2.222131027773E1));
#354=CARTESIAN_POINT('',(3.026877336689E1,-2.552692493688E0,-2.226684577548E1));
#355=CARTESIAN_POINT('',(3.022047433867E1,-2.435714845619E0,-2.229603231601E1));
#356=CARTESIAN_POINT('',(3.018255654980E1,-2.369390426587E0,-2.230328222846E1));
#357=CARTESIAN_POINT('',(3.016311235206E1,-2.339278888673E0,-2.230364511179E1));
#359=CARTESIAN_POINT('',(3.023545440371E1,-1.949999995638E0,-2.269977051632E1));
#360=DIRECTION('',(-1.E0,0.E0,0.E0));
#361=DIRECTION('',(0.E0,9.680449472125E-1,-2.507767536601E-1));
#362=AXIS2_PLACEMENT_3D('',#359,#360,#361);
#364=CARTESIAN_POINT('',(3.002189740085E1,-3.722131047333E-1,
-2.230370079892E1));
#365=CARTESIAN_POINT('',(2.993644210061E1,-3.687647480746E-1,
-2.230518113872E1));
#366=CARTESIAN_POINT('',(2.976518924439E1,-3.618640848020E-1,
-2.230814770190E1));
#367=CARTESIAN_POINT('',(2.950796379147E1,-3.515283078923E-1,
-2.231260341271E1));
#368=CARTESIAN_POINT('',(2.933604868845E1,-3.446395996602E-1,
-2.231558127127E1));
#369=CARTESIAN_POINT('',(2.925E1,-3.411963124899E-1,-2.231707175692E1));
#371=CARTESIAN_POINT('',(2.925E1,-1.949999995638E0,-2.269977051632E1));
#372=DIRECTION('',(1.E0,0.E0,0.E0));
#373=DIRECTION('',(0.E0,9.728538469606E-1,2.314203803772E-1));
#374=AXIS2_PLACEMENT_3D('',#371,#372,#373);
#376=CARTESIAN_POINT('',(2.925E1,-3.064783104234E-1,-2.288292100522E1));
#377=CARTESIAN_POINT('',(2.933655997475E1,-3.096869148303E-1,
-2.288442096807E1));
#378=CARTESIAN_POINT('',(2.950950903322E1,-3.161040149882E-1,
-2.288741797744E1));
#379=CARTESIAN_POINT('',(2.976841328072E1,-3.257293113926E-1,
-2.289190462611E1));
#380=CARTESIAN_POINT('',(2.994068317600E1,-3.321465851161E-1,
-2.289489004473E1));
#381=CARTESIAN_POINT('',(3.002672787622E1,-3.353551014003E-1,
-2.289638121224E1));
#383=CARTESIAN_POINT('',(2.831389901153E1,-1.863899011535E0,-2.233606786476E1));
#384=CARTESIAN_POINT('',(2.865599371963E1,-1.869874730163E0,-2.233009762790E1));
#385=CARTESIAN_POINT('',(2.899808833897E1,-1.875850560319E0,-2.232412728369E1));
#386=CARTESIAN_POINT('',(2.934018302993E1,-1.881826497645E0,-2.231815682941E1));
#388=DIRECTION('',(0.E0,0.E0,-1.E0));
#389=VECTOR('',#388,5.187639020096E-1);
#390=CARTESIAN_POINT('',(2.805E1,-1.6E0,-2.234055690163E1));
#391=LINE('',#390,#389);
#392=CARTESIAN_POINT('',(2.805E1,-1.6E0,-2.234055690163E1));
#393=CARTESIAN_POINT('',(2.807940815799E1,-1.629408157994E0,-2.234006459532E1));
#394=CARTESIAN_POINT('',(2.813816718787E1,-1.688167187869E0,-2.233907561967E1));
#395=CARTESIAN_POINT('',(2.822614019304E1,-1.776140193043E0,-2.233757909017E1));
#396=CARTESIAN_POINT('',(2.828466586897E1,-1.834665868967E0,-2.233657300204E1));
#397=CARTESIAN_POINT('',(2.831389901153E1,-1.863899011535E0,-2.233606786476E1));
#399=CARTESIAN_POINT('',(2.831389901153E1,-1.863899011535E0,-2.233606786476E1));
#400=CARTESIAN_POINT('',(2.831385492989E1,-1.863854929894E0,-2.239439569685E1));
#401=CARTESIAN_POINT('',(2.831378786085E1,-1.863787860855E0,-2.251125805035E1));
#402=CARTESIAN_POINT('',(2.831375106590E1,-1.863751065900E0,-2.268717532413E1));
#403=CARTESIAN_POINT('',(2.831376949690E1,-1.863769496901E0,-2.280486198683E1));
#404=CARTESIAN_POINT('',(2.831378957554E1,-1.863789575536E0,-2.286380805052E1));
#406=CARTESIAN_POINT('',(2.805E1,-1.6E0,-2.285932080364E1));
#407=CARTESIAN_POINT('',(2.807940049975E1,-1.629400499754E0,-2.285981300012E1));
#408=CARTESIAN_POINT('',(2.813814120186E1,-1.688141201858E0,-2.286080169818E1));
#409=CARTESIAN_POINT('',(2.822607683910E1,-1.776076839101E0,-2.286229761799E1));
#410=CARTESIAN_POINT('',(2.828457270380E1,-1.834572703800E0,-2.286330319666E1));
#411=CARTESIAN_POINT('',(2.831378957554E1,-1.863789575536E0,-2.286380805052E1));
#413=CARTESIAN_POINT('',(2.805E1,-1.6E0,-2.285932080364E1));
#414=CARTESIAN_POINT('',(2.805E1,-1.452696765239E0,-2.285942597414E1));
#415=CARTESIAN_POINT('',(2.805E1,-1.160054365669E0,-2.285976970904E1));
#416=CARTESIAN_POINT('',(2.805E1,-7.316976683428E-1,-2.286065245849E1));
#417=CARTESIAN_POINT('',(2.805E1,-4.437683864315E-1,-2.286150456907E1));
#418=CARTESIAN_POINT('',(2.805E1,-3.E-1,-2.286199707500E1));
#420=CARTESIAN_POINT('',(2.805E1,-3.E-1,-2.233787843286E1));
#421=CARTESIAN_POINT('',(2.805E1,-4.437472079855E-1,-2.233837118910E1));
#422=CARTESIAN_POINT('',(2.805E1,-7.316497968349E-1,-2.233922409897E1));
#423=CARTESIAN_POINT('',(2.805E1,-1.160138668876E0,-2.234010777868E1));
#424=CARTESIAN_POINT('',(2.805E1,-1.452733557727E0,-2.234045166541E1));
#425=CARTESIAN_POINT('',(2.805E1,-1.6E0,-2.234055690163E1));
#427=DIRECTION('',(0.E0,0.E0,1.E0));
#428=VECTOR('',#427,5.241186421420E-1);
#429=CARTESIAN_POINT('',(2.805E1,-3.E-1,-2.286199707500E1));
#430=LINE('',#429,#428);
#431=CARTESIAN_POINT('',(2.805E1,-3.E-1,-2.286199707500E1));
#432=CARTESIAN_POINT('',(2.808315822777E1,-2.668417722288E-1,
-2.286268944383E1));
#433=CARTESIAN_POINT('',(2.814959148018E1,-2.004085198212E-1,
-2.286408369190E1));
#434=CARTESIAN_POINT('',(2.824959651174E1,-1.004034882552E-1,
-2.286620398561E1));
#435=CARTESIAN_POINT('',(2.831649376875E1,-3.350623125E-2,-2.286763677736E1));
#436=CARTESIAN_POINT('',(2.835E1,0.E0,-2.286835804919E1));
#438=DIRECTION('',(0.E0,0.E0,1.E0));
#439=VECTOR('',#438,5.368410817817E-1);
#440=CARTESIAN_POINT('',(2.835E1,0.E0,-2.286835804919E1));
#441=LINE('',#440,#439);
#442=CARTESIAN_POINT('',(2.805E1,-3.E-1,-2.233787843286E1));
#443=CARTESIAN_POINT('',(2.808316448033E1,-2.668355196717E-1,
-2.233718585898E1));
#444=CARTESIAN_POINT('',(2.814960607883E1,-2.003939211713E-1,
-2.233579129355E1));
#445=CARTESIAN_POINT('',(2.824961191628E1,-1.003880837237E-1,
-2.233367080732E1));
#446=CARTESIAN_POINT('',(2.831650037469E1,-3.349962530546E-2,
-2.233223812419E1));
#447=CARTESIAN_POINT('',(2.835E1,0.E0,-2.233151696741E1));
#449=DIRECTION('',(9.998476951564E-1,0.E0,-1.745240643728E-2));
#450=VECTOR('',#449,9.001370952395E-1);
#451=CARTESIAN_POINT('',(2.835E1,0.E0,-2.286835804919E1));
#452=LINE('',#451,#450);
#453=DIRECTION('',(9.972646886342E-1,5.226442768871E-2,5.226442768872E-2));
#454=VECTOR('',#453,2.506857034539E-1);
#455=CARTESIAN_POINT('',(2.9E1,-7.131019448208E-1,-2.051310194482E1));
#456=LINE('',#455,#454);
#457=DIRECTION('',(9.972646886342E-1,-5.226442768872E-2,5.226442768872E-2));
#458=VECTOR('',#457,2.506857034539E-1);
#459=CARTESIAN_POINT('',(2.9E1,-3.686898055179E0,-2.051310194482E1));
#460=LINE('',#459,#458);
#461=DIRECTION('',(9.972646886342E-1,-5.226442768872E-2,-5.226442768872E-2));
#462=VECTOR('',#461,2.506857034539E-1);
#463=CARTESIAN_POINT('',(2.9E1,-3.686898055179E0,-2.088689805518E1));
#464=LINE('',#463,#462);
#465=DIRECTION('',(9.972646886342E-1,5.226442768871E-2,-5.226442768872E-2));
#466=VECTOR('',#465,2.506857034539E-1);
#467=CARTESIAN_POINT('',(2.9E1,-7.131019448208E-1,-2.088689805518E1));
#468=LINE('',#467,#466);
#469=DIRECTION('',(0.E0,-1.E0,0.E0));
#470=VECTOR('',#469,2.973796110358E0);
#471=CARTESIAN_POINT('',(2.9E1,-7.131019448208E-1,-2.051310194482E1));
#472=LINE('',#471,#470);
#473=DIRECTION('',(0.E0,0.E0,-1.E0));
#474=VECTOR('',#473,3.737961103585E-1);
#475=CARTESIAN_POINT('',(2.9E1,-3.686898055179E0,-2.051310194482E1));
#476=LINE('',#475,#474);
#477=DIRECTION('',(0.E0,1.E0,0.E0));
#478=VECTOR('',#477,2.973796110358E0);
#479=CARTESIAN_POINT('',(2.9E1,-3.686898055179E0,-2.088689805518E1));
#480=LINE('',#479,#478);
#481=DIRECTION('',(0.E0,0.E0,1.E0));
#482=VECTOR('',#481,3.737961103585E-1);
#483=CARTESIAN_POINT('',(2.9E1,-7.131019448208E-1,-2.088689805518E1));
#484=LINE('',#483,#482);
#485=DIRECTION('',(0.E0,0.E0,1.E0));
#486=VECTOR('',#485,3.737961103585E-1);
#487=CARTESIAN_POINT('',(2.9E1,-7.131019448208E-1,-2.488689805518E1));
#488=LINE('',#487,#486);
#489=DIRECTION('',(0.E0,-1.E0,0.E0));
#490=VECTOR('',#489,2.973796110358E0);
#491=CARTESIAN_POINT('',(2.9E1,-7.131019448208E-1,-2.451310194482E1));
#492=LINE('',#491,#490);
#493=DIRECTION('',(0.E0,0.E0,-1.E0));
#494=VECTOR('',#493,3.737961103585E-1);
#495=CARTESIAN_POINT('',(2.9E1,-3.686898055179E0,-2.451310194482E1));
#496=LINE('',#495,#494);
#497=DIRECTION('',(0.E0,1.E0,0.E0));
#498=VECTOR('',#497,2.973796110358E0);
#499=CARTESIAN_POINT('',(2.9E1,-3.686898055179E0,-2.488689805518E1));
#500=LINE('',#499,#498);
#501=DIRECTION('',(9.972646886342E-1,5.226442768871E-2,-5.226442768872E-2));
#502=VECTOR('',#501,2.506857034539E-1);
#503=CARTESIAN_POINT('',(2.9E1,-7.131019448208E-1,-2.488689805518E1));
#504=LINE('',#503,#502);
#505=DIRECTION('',(9.972646886342E-1,5.226442768871E-2,5.226442768872E-2));
#506=VECTOR('',#505,2.506857034539E-1);
#507=CARTESIAN_POINT('',(2.9E1,-7.131019448208E-1,-2.451310194482E1));
#508=LINE('',#507,#506);
#509=DIRECTION('',(9.972646886342E-1,-5.226442768872E-2,5.226442768872E-2));
#510=VECTOR('',#509,2.506857034539E-1);
#511=CARTESIAN_POINT('',(2.9E1,-3.686898055179E0,-2.451310194482E1));
#512=LINE('',#511,#510);
#513=DIRECTION('',(9.972646886342E-1,-5.226442768872E-2,-5.226442768872E-2));
#514=VECTOR('',#513,2.506857034539E-1);
#515=CARTESIAN_POINT('',(2.9E1,-3.686898055179E0,-2.488689805518E1));
#516=LINE('',#515,#514);
#517=DIRECTION('',(9.972646886342E-1,5.226442768871E-2,-5.226442768872E-2));
#518=VECTOR('',#517,2.506857034539E-1);
#519=CARTESIAN_POINT('',(2.9E1,-1.963101944821E0,-2.758689805518E1));
#520=LINE('',#519,#518);
#521=DIRECTION('',(9.972646886342E-1,5.226442768871E-2,5.226442768872E-2));
#522=VECTOR('',#521,2.506857034539E-1);
#523=CARTESIAN_POINT('',(2.9E1,-1.963101944821E0,-2.621310194482E1));
#524=LINE('',#523,#522);
#525=DIRECTION('',(-9.972646886342E-1,5.226442768871E-2,5.226442768871E-2));
#526=VECTOR('',#525,6.517828289801E-1);
#527=CARTESIAN_POINT('',(2.965E1,-5.270963111713E0,-2.762096311171E1));
#528=LINE('',#527,#526);
#529=DIRECTION('',(9.972646886342E-1,-5.226442768871E-2,5.226442768872E-2));
#530=VECTOR('',#529,2.506857034539E-1);
#531=CARTESIAN_POINT('',(2.9E1,-5.236898055179E0,-2.621310194482E1));
#532=LINE('',#531,#530);
#533=DIRECTION('',(0.E0,0.E0,-1.E0));
#534=VECTOR('',#533,1.E-1);
#535=CARTESIAN_POINT('',(2.925E1,-5.25E0,-2.61E1));
#536=LINE('',#535,#534);
#537=DIRECTION('',(-9.972646886342E-1,5.226442768871E-2,-5.226442768871E-2));
#538=VECTOR('',#537,4.010971255262E-1);
#539=CARTESIAN_POINT('',(2.965E1,-5.270963111713E0,-2.607903688829E1));
#540=LINE('',#539,#538);
#541=DIRECTION('',(0.E0,0.E0,1.E0));
#542=VECTOR('',#541,1.541926223426E0);
#543=CARTESIAN_POINT('',(2.965E1,-5.270963111713E0,-2.762096311171E1));
#544=LINE('',#543,#542);
#545=CARTESIAN_POINT('',(2.925E1,-1.95E0,-2.71E1));
#546=DIRECTION('',(-1.E0,0.E0,0.E0));
#547=DIRECTION('',(0.E0,1.E0,0.E0));
#548=AXIS2_PLACEMENT_3D('',#545,#546,#547);
#550=DIRECTION('',(-9.986295347546E-1,0.E0,5.233595624294E-2));
#551=VECTOR('',#550,4.005489383992E-1);
#552=CARTESIAN_POINT('',(2.965E1,-1.95E0,-2.762096311171E1));
#553=LINE('',#552,#551);
#554=CARTESIAN_POINT('',(2.965E1,-1.95E0,-2.71E1));
#555=DIRECTION('',(1.E0,0.E0,0.E0));
#556=DIRECTION('',(0.E0,0.E0,-1.E0));
#557=AXIS2_PLACEMENT_3D('',#554,#555,#556);
#559=DIRECTION('',(-9.986295347546E-1,-5.233595624294E-2,0.E0));
#560=VECTOR('',#559,4.005489383992E-1);
#561=CARTESIAN_POINT('',(2.965E1,-1.429036888287E0,-2.71E1));
#562=LINE('',#561,#560);
#563=CARTESIAN_POINT('',(2.965E1,-1.429036888287E0,-2.551305846242E1));
#564=CARTESIAN_POINT('',(2.960547021691E1,-1.431370595330E0,-2.551111723415E1));
#565=CARTESIAN_POINT('',(2.951646754272E1,-1.436035027835E0,-2.550723323930E1));
#566=CARTESIAN_POINT('',(2.938313420649E1,-1.443022731891E0,-2.550140260326E1));
#567=CARTESIAN_POINT('',(2.929435910417E1,-1.447675237859E0,-2.549751239757E1));
#568=CARTESIAN_POINT('',(2.925E1,-1.45E0,-2.549556651109E1));
#570=CARTESIAN_POINT('',(2.925E1,-1.949999995638E0,-2.269977051632E1));
#571=DIRECTION('',(-1.E0,0.E0,0.E0));
#572=DIRECTION('',(0.E0,-3.520935743624E-1,-9.359648043023E-1));
#573=AXIS2_PLACEMENT_3D('',#570,#571,#572);
#575=CARTESIAN_POINT('',(2.965E1,-1.949999995638E0,-2.269977051632E1));
#576=DIRECTION('',(1.E0,0.E0,0.E0));
#577=DIRECTION('',(0.E0,1.820838054162E-1,-9.832830151107E-1));
#578=AXIS2_PLACEMENT_3D('',#575,#576,#577);
#580=DIRECTION('',(0.E0,1.E0,0.E0));
#581=VECTOR('',#580,3.273796110358E0);
#582=CARTESIAN_POINT('',(2.9E1,-5.236898055179E0,-2.758689805518E1));
#583=LINE('',#582,#581);
#584=DIRECTION('',(0.E0,0.E0,1.E0));
#585=VECTOR('',#584,1.373796110358E0);
#586=CARTESIAN_POINT('',(2.9E1,-1.963101944821E0,-2.758689805518E1));
#587=LINE('',#586,#585);
#588=DIRECTION('',(0.E0,-1.E0,0.E0));
#589=VECTOR('',#588,3.273796110358E0);
#590=CARTESIAN_POINT('',(2.9E1,-1.963101944821E0,-2.621310194482E1));
#591=LINE('',#590,#589);
#592=DIRECTION('',(0.E0,0.E0,-1.E0));
#593=VECTOR('',#592,1.373796110358E0);
#594=CARTESIAN_POINT('',(2.9E1,-5.236898055179E0,-2.621310194482E1));
#595=LINE('',#594,#593);
#596=DIRECTION('',(-9.999999999996E-1,5.568496375203E-14,8.926731101380E-7));
#597=VECTOR('',#596,1.515255540926E-1);
#598=CARTESIAN_POINT('',(3.099835288395E1,-3.249999995638E0,-2.269977051632E1));
#599=LINE('',#598,#597);
#600=DIRECTION('',(-9.999999999996E-1,-4.322902406587E-14,8.938161501312E-7));
#601=VECTOR('',#600,1.515258784308E-1);
#602=CARTESIAN_POINT('',(3.099833359752E1,-6.499999956377E-1,
-2.269977051632E1));
#603=LINE('',#602,#601);
#604=CARTESIAN_POINT('',(3.084677160010E1,-1.949999995638E0,-2.269977051632E1));
#605=DIRECTION('',(1.E0,0.E0,0.E0));
#606=DIRECTION('',(0.E0,1.E0,1.041817517725E-7));
#607=AXIS2_PLACEMENT_3D('',#604,#605,#606);
#609=CARTESIAN_POINT('',(3.084677000001E1,-1.949999995638E0,-2.269977051632E1));
#610=DIRECTION('',(1.E0,0.E0,0.E0));
#611=DIRECTION('',(0.E0,-1.E0,1.040482954496E-7));
#612=AXIS2_PLACEMENT_3D('',#609,#610,#611);
#614=CARTESIAN_POINT('',(3.077999071621E1,-1.949999995638E0,-2.269977051632E1));
#615=DIRECTION('',(-1.E0,0.E0,0.E0));
#616=DIRECTION('',(0.E0,1.E0,5.464994208804E-8));
#617=AXIS2_PLACEMENT_3D('',#614,#615,#616);
#619=CARTESIAN_POINT('',(3.077999280783E1,-1.949999995638E0,-2.269977051632E1));
#620=DIRECTION('',(-1.E0,0.E0,0.E0));
#621=DIRECTION('',(0.E0,-1.E0,1.121002898351E-7));
#622=AXIS2_PLACEMENT_3D('',#619,#620,#621);
#624=CARTESIAN_POINT('',(3.088212378507E1,-1.724999995638E0,-2.369977051632E1));
#625=CARTESIAN_POINT('',(3.088336503494E1,-1.774990740161E0,-2.369977051632E1));
#626=CARTESIAN_POINT('',(3.088502019660E1,-1.874978894951E0,-2.369977051632E1));
#627=CARTESIAN_POINT('',(3.088502132314E1,-2.025021046327E0,-2.369977051632E1));
#628=CARTESIAN_POINT('',(3.088336766289E1,-2.125009229687E0,-2.369977051632E1));
#629=CARTESIAN_POINT('',(3.088212716363E1,-2.174999995638E0,-2.369977051632E1));
#631=CARTESIAN_POINT('',(2.183324310544E1,-2.174999995638E0,-2.269976234964E1));
#632=DIRECTION('',(0.E0,-1.E0,0.E0));
#633=DIRECTION('',(9.939489440917E-1,0.E0,-1.098430541224E-1));
#634=AXIS2_PLACEMENT_3D('',#631,#632,#633);
#636=CARTESIAN_POINT('',(3.088212896864E1,-2.174999995638E0,-2.169977051632E1));
#637=CARTESIAN_POINT('',(3.088336946766E1,-2.125009229667E0,-2.169977051632E1));
#638=CARTESIAN_POINT('',(3.088502312758E1,-2.025021046281E0,-2.169977051632E1));
#639=CARTESIAN_POINT('',(3.088502200103E1,-1.874978894916E0,-2.169977051632E1));
#640=CARTESIAN_POINT('',(3.088336683971E1,-1.774990740146E0,-2.169977051632E1));
#641=CARTESIAN_POINT('',(3.088212559008E1,-1.724999995638E0,-2.169977051632E1));
#643=CARTESIAN_POINT('',(2.183324310544E1,-1.724999995638E0,-2.269976234964E1));
#644=DIRECTION('',(0.E0,1.E0,0.E0));
#645=DIRECTION('',(9.939491378807E-1,0.E0,1.098413005482E-1));
#646=AXIS2_PLACEMENT_3D('',#643,#644,#645);
#648=DIRECTION('',(-9.999999999992E-1,6.109956946171E-14,1.248545285398E-6));
#649=VECTOR('',#648,1.526340281775E-1);
#650=CARTESIAN_POINT('',(3.093273702015E1,-3.649999995638E0,-2.269977051632E1));
#651=LINE('',#650,#649);
#652=DIRECTION('',(-9.999999999998E-1,-2.036646523276E-14,6.086758109962E-7));
#653=VECTOR('',#652,1.526344622605E-1);
#654=CARTESIAN_POINT('',(3.093271160456E1,-2.499999956377E-1,
-2.269977051632E1));
#655=LINE('',#654,#653);
#656=DIRECTION('',(-1.E0,0.E0,0.E0));
#657=VECTOR('',#656,1.509401475993E-1);
#658=CARTESIAN_POINT('',(3.103306731123E1,-2.174999995638E0,-2.369977051632E1));
#659=LINE('',#658,#657);
#660=DIRECTION('',(-1.E0,0.E0,0.E0));
#661=VECTOR('',#660,1.509401179847E-1);
#662=CARTESIAN_POINT('',(3.103306908663E1,-2.174999995638E0,-2.169977051632E1));
#663=LINE('',#662,#661);
#664=DIRECTION('',(-1.E0,0.E0,0.E0));
#665=VECTOR('',#664,1.509401733104E-1);
#666=CARTESIAN_POINT('',(3.103306576339E1,-1.724999995638E0,-2.169977051632E1));
#667=LINE('',#666,#665);
#668=DIRECTION('',(-1.E0,0.E0,0.E0));
#669=VECTOR('',#668,1.509402029250E-1);
#670=CARTESIAN_POINT('',(3.103306398799E1,-1.724999995638E0,-2.369977051632E1));
#671=LINE('',#670,#669);
#672=CARTESIAN_POINT('',(2.965E1,-1.950003250540E0,-2.503992460369E1));
#673=CARTESIAN_POINT('',(2.965E1,3.901540917307E-1,-2.269976726142E1));
#674=VERTEX_POINT('',#672);
#675=VERTEX_POINT('',#673);
#676=CARTESIAN_POINT('',(3.064900069108E1,-1.949999995638E0,-2.500503873083E1));
#677=CARTESIAN_POINT('',(3.064900069108E1,3.552682188777E-1,-2.269977051632E1));
#678=VERTEX_POINT('',#676);
#679=VERTEX_POINT('',#677);
#680=VERTEX_POINT('',#51);
#681=VERTEX_POINT('',#80);
#682=VERTEX_POINT('',#163);
#683=VERTEX_POINT('',#168);
#684=VERTEX_POINT('',#563);
#685=VERTEX_POINT('',#568);
#686=CARTESIAN_POINT('',(2.965E1,-5.270963111713E0,-2.762096311171E1));
#687=CARTESIAN_POINT('',(2.965E1,-5.270963111713E0,-2.607903688829E1));
#688=VERTEX_POINT('',#686);
#689=VERTEX_POINT('',#687);
#690=CARTESIAN_POINT('',(2.925E1,-5.25E0,-2.61E1));
#691=VERTEX_POINT('',#690);
#692=CARTESIAN_POINT('',(2.965E1,-1.95E0,-2.762096311171E1));
#693=CARTESIAN_POINT('',(2.965E1,-1.429036888287E0,-2.71E1));
#694=VERTEX_POINT('',#692);
#695=VERTEX_POINT('',#693);
#696=CARTESIAN_POINT('',(2.925E1,-1.45E0,-2.71E1));
#697=VERTEX_POINT('',#696);
#698=CARTESIAN_POINT('',(2.965E1,-2.970963111713E0,-2.58E1));
#699=CARTESIAN_POINT('',(2.925E1,-2.95E0,-2.58E1));
#700=VERTEX_POINT('',#698);
#701=VERTEX_POINT('',#699);
#702=CARTESIAN_POINT('',(2.965E1,-3.25E0,-2.607903688829E1));
#703=CARTESIAN_POINT('',(2.925E1,-3.25E0,-2.61E1));
#704=VERTEX_POINT('',#702);
#705=VERTEX_POINT('',#703);
#706=VERTEX_POINT('',#174);
#707=VERTEX_POINT('',#179);
#708=CARTESIAN_POINT('',(2.925E1,0.E0,-2.231580740897E1));
#709=VERTEX_POINT('',#708);
#710=VERTEX_POINT('',#186);
#711=CARTESIAN_POINT('',(2.805E1,-3.E-1,-2.286199707500E1));
#712=CARTESIAN_POINT('',(2.805E1,-3.E-1,-2.233787843286E1));
#713=VERTEX_POINT('',#711);
#714=VERTEX_POINT('',#712);
#715=CARTESIAN_POINT('',(2.835E1,0.E0,-2.286835804919E1));
#716=CARTESIAN_POINT('',(2.835E1,0.E0,-2.233151696741E1));
#717=VERTEX_POINT('',#715);
#718=VERTEX_POINT('',#716);
#719=VERTEX_POINT('',#413);
#720=VERTEX_POINT('',#425);
#721=VERTEX_POINT('',#399);
#722=VERTEX_POINT('',#404);
#723=CARTESIAN_POINT('',(2.9E1,-7.131019448208E-1,-2.051310194482E1));
#724=CARTESIAN_POINT('',(2.9E1,-3.686898055179E0,-2.051310194482E1));
#725=VERTEX_POINT('',#723);
#726=VERTEX_POINT('',#724);
#727=CARTESIAN_POINT('',(2.9E1,-3.686898055179E0,-2.088689805518E1));
#728=VERTEX_POINT('',#727);
#729=CARTESIAN_POINT('',(2.9E1,-7.131019448208E-1,-2.088689805518E1));
#730=VERTEX_POINT('',#729);
#731=CARTESIAN_POINT('',(2.9E1,-7.131019448208E-1,-2.488689805518E1));
#732=CARTESIAN_POINT('',(2.9E1,-7.131019448208E-1,-2.451310194482E1));
#733=VERTEX_POINT('',#731);
#734=VERTEX_POINT('',#732);
#735=CARTESIAN_POINT('',(2.9E1,-3.686898055179E0,-2.451310194482E1));
#736=VERTEX_POINT('',#735);
#737=CARTESIAN_POINT('',(2.9E1,-3.686898055179E0,-2.488689805518E1));
#738=VERTEX_POINT('',#737);
#739=CARTESIAN_POINT('',(2.925E1,-7.E-1,-2.05E1));
#740=CARTESIAN_POINT('',(2.925E1,-3.7E0,-2.05E1));
#741=VERTEX_POINT('',#739);
#742=VERTEX_POINT('',#740);
#743=CARTESIAN_POINT('',(2.925E1,-3.7E0,-2.09E1));
#744=VERTEX_POINT('',#743);
#745=CARTESIAN_POINT('',(2.925E1,-7.E-1,-2.09E1));
#746=VERTEX_POINT('',#745);
#747=CARTESIAN_POINT('',(2.925E1,-7.E-1,-2.49E1));
#748=CARTESIAN_POINT('',(2.925E1,-7.E-1,-2.45E1));
#749=VERTEX_POINT('',#747);
#750=VERTEX_POINT('',#748);
#751=CARTESIAN_POINT('',(2.925E1,-3.7E0,-2.45E1));
#752=VERTEX_POINT('',#751);
#753=CARTESIAN_POINT('',(2.925E1,-3.7E0,-2.49E1));
#754=VERTEX_POINT('',#753);
#755=CARTESIAN_POINT('',(2.9E1,-5.236898055179E0,-2.758689805518E1));
#756=VERTEX_POINT('',#755);
#757=CARTESIAN_POINT('',(2.9E1,-1.963101944821E0,-2.621310194482E1));
#758=CARTESIAN_POINT('',(2.925E1,-1.95E0,-2.62E1));
#759=VERTEX_POINT('',#757);
#760=VERTEX_POINT('',#758);
#761=CARTESIAN_POINT('',(2.9E1,-1.963101944821E0,-2.758689805518E1));
#762=VERTEX_POINT('',#761);
#763=CARTESIAN_POINT('',(2.9E1,-5.236898055179E0,-2.621310194482E1));
#764=VERTEX_POINT('',#763);
#765=CARTESIAN_POINT('',(2.925E1,-1.95E0,-2.76E1));
#766=VERTEX_POINT('',#765);
#767=CARTESIAN_POINT('',(2.925E1,-5.25E0,-2.62E1));
#768=VERTEX_POINT('',#767);
#769=CARTESIAN_POINT('',(3.099829684623E1,-6.499999956377E-1,
-2.269977051632E1));
#770=CARTESIAN_POINT('',(3.099829684623E1,-3.249999995638E0,-2.269977051632E1));
#771=VERTEX_POINT('',#769);
#772=VERTEX_POINT('',#770);
#773=CARTESIAN_POINT('',(3.084677160010E1,-6.499999956377E-1,
-2.269977038088E1));
#774=CARTESIAN_POINT('',(3.084677160010E1,-3.249999995638E0,-2.269977038106E1));
#775=VERTEX_POINT('',#773);
#776=VERTEX_POINT('',#774);
#777=CARTESIAN_POINT('',(3.093262768672E1,-2.499999956377E-1,
-2.269977051632E1));
#778=CARTESIAN_POINT('',(3.093262768672E1,-3.649999995638E0,-2.269977051632E1));
#779=VERTEX_POINT('',#777);
#780=VERTEX_POINT('',#778);
#781=CARTESIAN_POINT('',(3.077999071621E1,-2.499999956377E-1,
-2.269977042341E1));
#782=CARTESIAN_POINT('',(3.077999071621E1,-3.649999995638E0,-2.269977032575E1));
#783=VERTEX_POINT('',#781);
#784=VERTEX_POINT('',#782);
#785=VERTEX_POINT('',#22);
#786=VERTEX_POINT('',#27);
#787=VERTEX_POINT('',#624);
#788=VERTEX_POINT('',#629);
#789=CARTESIAN_POINT('',(3.103306908663E1,-2.174999995638E0,-2.169977051632E1));
#790=VERTEX_POINT('',#789);
#791=CARTESIAN_POINT('',(3.088212896864E1,-2.174999995638E0,-2.169977051632E1));
#792=VERTEX_POINT('',#791);
#793=VERTEX_POINT('',#39);
#794=VERTEX_POINT('',#641);
#795=VERTEX_POINT('',#314);
#796=VERTEX_POINT('',#318);
#797=VERTEX_POINT('',#245);
#798=VERTEX_POINT('',#255);
#799=VERTEX_POINT('',#266);
#800=VERTEX_POINT('',#278);
#801=VERTEX_POINT('',#324);
#802=VERTEX_POINT('',#330);
#803=VERTEX_POINT('',#339);
#804=VERTEX_POINT('',#348);
#805=CARTESIAN_POINT('',(3.052561533829E1,-4.144095663556E0,-2.039296649765E1));
#806=CARTESIAN_POINT('',(3.063530440937E1,-3.678749964691E0,-2.036385703393E1));
#807=CARTESIAN_POINT('',(3.079073137679E1,-2.691239392407E0,-2.032260957304E1));
#808=CARTESIAN_POINT('',(3.079072049606E1,-1.208757713802E0,-2.032261246058E1));
#809=CARTESIAN_POINT('',(3.063527965589E1,-2.212517086271E-1,
-2.036386360305E1));
#810=CARTESIAN_POINT('',(3.052558450003E1,2.440902953871E-1,-2.039297468156E1));
#812=CARTESIAN_POINT('',(2.183324310544E1,-5.249999995638E0,-2.269976234964E1));
#813=DIRECTION('',(0.E0,1.E0,0.E0));
#814=AXIS1_PLACEMENT('',#812,#813);
#815=SURFACE_OF_REVOLUTION('',#811,#814);
#817=ORIENTED_EDGE('',*,*,#816,.T.);
#819=ORIENTED_EDGE('',*,*,#818,.T.);
#820=EDGE_LOOP('',(#817,#819));
#821=FACE_OUTER_BOUND('',#820,.F.);
#823=ORIENTED_EDGE('',*,*,#822,.F.);
#825=ORIENTED_EDGE('',*,*,#824,.F.);
#826=EDGE_LOOP('',(#823,#825));
#827=FACE_BOUND('',#826,.F.);
#828=ADVANCED_FACE('',(#821,#827),#815,.T.);
#829=CARTESIAN_POINT('',(3.052561533829E1,-4.144095663556E0,-2.039296649765E1));
#830=CARTESIAN_POINT('',(3.063530440937E1,-3.678749964691E0,-2.036385703393E1));
#831=CARTESIAN_POINT('',(3.079073137679E1,-2.691239392407E0,-2.032260957304E1));
#832=CARTESIAN_POINT('',(3.079072049606E1,-1.208757713802E0,-2.032261246058E1));
#833=CARTESIAN_POINT('',(3.063527965589E1,-2.212517086271E-1,
-2.036386360305E1));
#834=CARTESIAN_POINT('',(3.052558450003E1,2.440902953871E-1,-2.039297468156E1));
#836=CARTESIAN_POINT('',(2.183324310544E1,-5.249999995638E0,-2.269976234964E1));
#837=DIRECTION('',(0.E0,1.E0,0.E0));
#838=AXIS1_PLACEMENT('',#836,#837);
#839=SURFACE_OF_REVOLUTION('',#835,#838);
#841=ORIENTED_EDGE('',*,*,#840,.F.);
#843=ORIENTED_EDGE('',*,*,#842,.F.);
#844=EDGE_LOOP('',(#841,#843));
#845=FACE_OUTER_BOUND('',#844,.F.);
#847=ORIENTED_EDGE('',*,*,#846,.F.);
#849=ORIENTED_EDGE('',*,*,#848,.F.);
#851=ORIENTED_EDGE('',*,*,#850,.F.);
#853=ORIENTED_EDGE('',*,*,#852,.F.);
#854=EDGE_LOOP('',(#847,#849,#851,#853));
#855=FACE_BOUND('',#854,.F.);
#856=ADVANCED_FACE('',(#845,#855),#839,.T.);
#857=CARTESIAN_POINT('',(3.059346490641E1,-1.841624443661E0,-2.499666497382E1));
#858=CARTESIAN_POINT('',(3.059346468773E1,-1.853475916122E0,-2.499722471514E1));
#859=CARTESIAN_POINT('',(3.059346294967E1,-2.000190286326E0,-2.500300947098E1));
#860=CARTESIAN_POINT('',(3.059347386004E1,-2.283807498074E0,-2.498700157058E1));
#861=CARTESIAN_POINT('',(3.059351849910E1,-2.681380806628E0,-2.489255538756E1));
#862=CARTESIAN_POINT('',(3.059354360144E1,-3.057163049174E0,-2.472896363778E1));
#863=CARTESIAN_POINT('',(3.059360037923E1,-3.398102067336E0,-2.450150859593E1));
#864=CARTESIAN_POINT('',(3.059367971942E1,-3.693003695196E0,-2.421796284487E1));
#865=CARTESIAN_POINT('',(3.059374716380E1,-3.932878075601E0,-2.388762042273E1));
#866=CARTESIAN_POINT('',(3.059378267466E1,-4.110620204264E0,-2.352094088929E1));
#867=CARTESIAN_POINT('',(3.059379129005E1,-4.220934190221E0,-2.312989844619E1));
#868=CARTESIAN_POINT('',(3.059379105800E1,-4.261063364866E0,-2.272691057196E1));
#869=CARTESIAN_POINT('',(3.059379209129E1,-4.230415443937E0,-2.232345367828E1));
#870=CARTESIAN_POINT('',(3.059378648273E1,-4.129583337479E0,-2.193042471821E1));
#871=CARTESIAN_POINT('',(3.059375613798E1,-3.960767838765E0,-2.155973519438E1));
#872=CARTESIAN_POINT('',(3.059369294059E1,-3.728815748848E0,-2.122369903333E1));
#873=CARTESIAN_POINT('',(3.059361400216E1,-3.440955166838E0,-2.093337316917E1));
#874=CARTESIAN_POINT('',(3.059355234349E1,-3.106003117069E0,-2.069803830322E1));
#875=CARTESIAN_POINT('',(3.059352717383E1,-2.734376991839E0,-2.052535253799E1));
#876=CARTESIAN_POINT('',(3.059348343890E1,-2.337617566435E0,-2.042090397262E1));
#877=CARTESIAN_POINT('',(3.059346172951E1,-1.928411566480E0,-2.038825568251E1));
#878=CARTESIAN_POINT('',(3.059348131826E1,-1.519943894642E0,-2.042854609323E1));
#879=CARTESIAN_POINT('',(3.059351717029E1,-1.125427121656E0,-2.054028626486E1));
#880=CARTESIAN_POINT('',(3.059353821438E1,-7.571948626149E-1,
-2.071975716160E1));
#881=CARTESIAN_POINT('',(3.059359832768E1,-4.268294971107E-1,
-2.096109464572E1));
#882=CARTESIAN_POINT('',(3.059367247205E1,-1.448118436032E-1,
-2.125616290064E1));
#883=CARTESIAN_POINT('',(3.059372897033E1,8.031058668745E-2,-2.159513946421E1));
#884=CARTESIAN_POINT('',(3.059375361561E1,2.421832303429E-1,-2.196736846195E1));
#885=CARTESIAN_POINT('',(3.059375641479E1,3.364766167690E-1,-2.236179009454E1));
#886=CARTESIAN_POINT('',(3.059375538238E1,3.532027721178E-1,-2.264579946337E1));
#887=CARTESIAN_POINT('',(3.059375539210E1,3.475479304325E-1,-2.279422085018E1));
#888=CARTESIAN_POINT('',(3.059375544365E1,3.468955170937E-1,-2.280804286378E1));
#889=CARTESIAN_POINT('',(3.073513461102E1,-1.839960985011E0,-2.503196225323E1));
#890=CARTESIAN_POINT('',(3.073513438471E1,-1.851994262960E0,-2.503253059462E1));
#891=CARTESIAN_POINT('',(3.073513257512E1,-2.000959203184E0,-2.503840422962E1));
#892=CARTESIAN_POINT('',(3.073514380566E1,-2.288925662807E0,-2.502215037756E1));
#893=CARTESIAN_POINT('',(3.073518940400E1,-2.692605273935E0,-2.492625286668E1));
#894=CARTESIAN_POINT('',(3.073521447341E1,-3.074166711240E0,-2.476014705491E1));
#895=CARTESIAN_POINT('',(3.073527394207E1,-3.420329056771E0,-2.452919701297E1));
#896=CARTESIAN_POINT('',(3.073535615826E1,-3.719752495741E0,-2.424129413340E1));
#897=CARTESIAN_POINT('',(3.073542488360E1,-3.963312101809E0,-2.390587511533E1));
#898=CARTESIAN_POINT('',(3.073545956298E1,-4.143792643270E0,-2.353356040327E1));
#899=CARTESIAN_POINT('',(3.073546643188E1,-4.255810438702E0,-2.313650849453E1));
#900=CARTESIAN_POINT('',(3.073546526866E1,-4.296560347368E0,-2.272732777112E1));
#901=CARTESIAN_POINT('',(3.073546703878E1,-4.265438305549E0,-2.231767083607E1));
#902=CARTESIAN_POINT('',(3.073546317012E1,-4.163048413565E0,-2.191860191018E1));
#903=CARTESIAN_POINT('',(3.073543389029E1,-3.991631051725E0,-2.154221558444E1));
#904=CARTESIAN_POINT('',(3.073536971801E1,-3.756114165116E0,-2.120101529030E1));
#905=CARTESIAN_POINT('',(3.073528804604E1,-3.463838859193E0,-2.090622806279E1));
#906=CARTESIAN_POINT('',(3.073522350961E1,-3.123755523886E0,-2.066727711375E1));
#907=CARTESIAN_POINT('',(3.073519809866E1,-2.746417415134E0,-2.049193760054E1));
#908=CARTESIAN_POINT('',(3.073515362110E1,-2.343561151708E0,-2.038588395022E1));
#909=CARTESIAN_POINT('',(3.073513124458E1,-1.928079344233E0,-2.035273402835E1));
#910=CARTESIAN_POINT('',(3.073515154129E1,-1.513347149846E0,-2.039364349204E1));
#911=CARTESIAN_POINT('',(3.073518782095E1,-1.112765241792E0,-2.050710084787E1));
#912=CARTESIAN_POINT('',(3.073520932170E1,-7.388763824672E-1,
-2.068932969683E1));
#913=CARTESIAN_POINT('',(3.073527233060E1,-4.034498191189E-1,
-2.093437551264E1));
#914=CARTESIAN_POINT('',(3.073534901675E1,-1.171063732462E-1,
-2.123397804237E1));
#915=CARTESIAN_POINT('',(3.073540620525E1,1.114768664315E-1,-2.157816395173E1));
#916=CARTESIAN_POINT('',(3.073542960987E1,2.758450125921E-1,-2.195611340464E1));
#917=CARTESIAN_POINT('',(3.073543067714E1,3.715954288063E-1,-2.235659638504E1));
#918=CARTESIAN_POINT('',(3.073542923040E1,3.885803503447E-1,-2.264497020443E1));
#919=CARTESIAN_POINT('',(3.073542936536E1,3.828380622228E-1,-2.279567243009E1));
#920=CARTESIAN_POINT('',(3.073542943198E1,3.821755591660E-1,-2.280970685108E1));
#921=CARTESIAN_POINT('',(3.084816731244E1,-1.844318729622E0,-2.493963909382E1));
#922=CARTESIAN_POINT('',(3.084816712127E1,-1.855875380067E0,-2.494018490203E1));
#923=CARTESIAN_POINT('',(3.084816548790E1,-1.998939887240E0,-2.494582564483E1));
#924=CARTESIAN_POINT('',(3.084817589309E1,-2.275498982028E0,-2.493021571929E1));
#925=CARTESIAN_POINT('',(3.084821897556E1,-2.663195507859E0,-2.483811436738E1));
#926=CARTESIAN_POINT('',(3.084824413442E1,-3.029655978642E0,-2.467858402940E1));
#927=CARTESIAN_POINT('',(3.084829655782E1,-3.362101544237E0,-2.445677698193E1));
#928=CARTESIAN_POINT('',(3.084837124312E1,-3.649663536242E0,-2.418027146044E1));
#929=CARTESIAN_POINT('',(3.084843661707E1,-3.883580689709E0,-2.385813036406E1));
#930=CARTESIAN_POINT('',(3.084847347729E1,-4.056922433123E0,-2.350055391293E1));
#931=CARTESIAN_POINT('',(3.084848491960E1,-4.164512883869E0,-2.311921966399E1));
#932=CARTESIAN_POINT('',(3.084848619366E1,-4.203652966306E0,-2.272623698280E1));
#933=CARTESIAN_POINT('',(3.084848603524E1,-4.173760363943E0,-2.233279696179E1));
#934=CARTESIAN_POINT('',(3.084847761087E1,-4.075416943529E0,-2.194952557836E1));
#935=CARTESIAN_POINT('',(3.084844553932E1,-3.910779089948E0,-2.158803869383E1));
#936=CARTESIAN_POINT('',(3.084838391656E1,-3.684585184101E0,-2.126034513085E1));
#937=CARTESIAN_POINT('',(3.084830940241E1,-3.403887417085E0,-2.097722772945E1));
#938=CARTESIAN_POINT('',(3.084825240050E1,-3.077280228604E0,-2.074773652665E1));
#939=CARTESIAN_POINT('',(3.084822761969E1,-2.714878719962E0,-2.057933805793E1));
#940=CARTESIAN_POINT('',(3.084818508507E1,-2.327970373566E0,-2.047748271732E1));
#941=CARTESIAN_POINT('',(3.084816445615E1,-1.928946713089E0,-2.044564519830E1));
#942=CARTESIAN_POINT('',(3.084818289873E1,-1.530642934672E0,-2.048493506240E1));
#943=CARTESIAN_POINT('',(3.084821806016E1,-1.145916580237E0,-2.059390108312E1));
#944=CARTESIAN_POINT('',(3.084823836657E1,-7.868304978052E-1,
-2.076891607685E1));
#945=CARTESIAN_POINT('',(3.084829379457E1,-4.646953871538E-1,
-2.100426087759E1));
#946=CARTESIAN_POINT('',(3.084836382574E1,-1.896939414800E-1,
-2.129200300440E1));
#947=CARTESIAN_POINT('',(3.084841920923E1,2.984160670756E-2,-2.162256402697E1));
#948=CARTESIAN_POINT('',(3.084844586836E1,1.877095211571E-1,-2.198555215576E1));
#949=CARTESIAN_POINT('',(3.084845145679E1,2.796762411478E-1,-2.237018158459E1));
#950=CARTESIAN_POINT('',(3.084845112818E1,2.959897623374E-1,-2.264713968082E1));
#951=CARTESIAN_POINT('',(3.084845090678E1,2.904747171089E-1,-2.279187611380E1));
#952=CARTESIAN_POINT('',(3.084845090579E1,2.898384286030E-1,-2.280535495928E1));
#953=CARTESIAN_POINT('',(3.084166944539E1,-1.851193461993E0,-2.479393579077E1));
#954=CARTESIAN_POINT('',(3.084166930385E1,-1.861998324859E0,-2.479444605228E1));
#955=CARTESIAN_POINT('',(3.084166795275E1,-1.995756141371E0,-2.479971940831E1));
#956=CARTESIAN_POINT('',(3.084167705076E1,-2.254324321340E0,-2.478512548354E1));
#957=CARTESIAN_POINT('',(3.084171616531E1,-2.616800934271E0,-2.469901515266E1));
#958=CARTESIAN_POINT('',(3.084174146408E1,-2.959423494827E0,-2.454986225483E1));
#959=CARTESIAN_POINT('',(3.084178277143E1,-3.270242317706E0,-2.434248399342E1));
#960=CARTESIAN_POINT('',(3.084184557482E1,-3.539097810787E0,-2.408396530062E1));
#961=CARTESIAN_POINT('',(3.084190565998E1,-3.757798668203E0,-2.378277940036E1));
#962=CARTESIAN_POINT('',(3.084194595967E1,-3.919864960970E0,-2.344846309645E1));
#963=CARTESIAN_POINT('',(3.084196461764E1,-4.020457096236E0,-2.309193451045E1));
#964=CARTESIAN_POINT('',(3.084196973754E1,-4.057051310007E0,-2.272451534820E1));
#965=CARTESIAN_POINT('',(3.084196653601E1,-4.029103071998E0,-2.235666860647E1));
#966=CARTESIAN_POINT('',(3.084195092374E1,-3.937156470334E0,-2.199832891504E1));
#967=CARTESIAN_POINT('',(3.084191444874E1,-3.783227855689E0,-2.166035655084E1));
#968=CARTESIAN_POINT('',(3.084185684976E1,-3.571747771773E0,-2.135397934634E1));
#969=CARTESIAN_POINT('',(3.084179362892E1,-3.309309900806E0,-2.108927884345E1));
#970=CARTESIAN_POINT('',(3.084174851506E1,-3.003949648526E0,-2.087471630201E1));
#971=CARTESIAN_POINT('',(3.084172472909E1,-2.665122278854E0,-2.071727213257E1));
#972=CARTESIAN_POINT('',(3.084168526059E1,-2.303382324311E0,-2.062204248804E1));
#973=CARTESIAN_POINT('',(3.084166738871E1,-1.930316191287E0,-2.059227605725E1));
#974=CARTESIAN_POINT('',(3.084168290604E1,-1.557923101057E0,-2.062901004612E1));
#975=CARTESIAN_POINT('',(3.084171630259E1,-1.198222981361E0,-2.073088785273E1));
#976=CARTESIAN_POINT('',(3.084173472405E1,-8.624956201783E-1,
-2.089451809816E1));
#977=CARTESIAN_POINT('',(3.084177819072E1,-5.613164888117E-1,
-2.111455346400E1));
#978=CARTESIAN_POINT('',(3.084183772167E1,-3.042043351725E-1,
-2.138357787673E1));
#979=CARTESIAN_POINT('',(3.084189025640E1,-9.894941283999E-2,
-2.169263602995E1));
#980=CARTESIAN_POINT('',(3.084192204811E1,4.864960031065E-2,-2.203201198155E1));
#981=CARTESIAN_POINT('',(3.084193477515E1,1.346345010955E-1,-2.239162135708E1));
#982=CARTESIAN_POINT('',(3.084193619801E1,1.498863520001E-1,-2.265056334038E1));
#983=CARTESIAN_POINT('',(3.084193542521E1,1.447305050032E-1,-2.278588465256E1));
#984=CARTESIAN_POINT('',(3.084193532830E1,1.441356552758E-1,-2.279848669742E1));
#985=(BOUNDED_SURFACE()B_SPLINE_SURFACE(3,3,((#857,#858,#859,#860,#861,#862,
#863,#864,#865,#866,#867,#868,#869,#870,#871,#872,#873,#874,#875,#876,#877,#878,
#879,#880,#881,#882,#883,#884,#885,#886,#887,#888),(#889,#890,#891,#892,#893,
#894,#895,#896,#897,#898,#899,#900,#901,#902,#903,#904,#905,#906,#907,#908,#909,
#910,#911,#912,#913,#914,#915,#916,#917,#918,#919,#920),(#921,#922,#923,#924,
#925,#926,#927,#928,#929,#930,#931,#932,#933,#934,#935,#936,#937,#938,#939,#940,
#941,#942,#943,#944,#945,#946,#947,#948,#949,#950,#951,#952),(#953,#954,#955,
#956,#957,#958,#959,#960,#961,#962,#963,#964,#965,#966,#967,#968,#969,#970,#971,
#972,#973,#974,#975,#976,#977,#978,#979,#980,#981,#982,#983,#984)),
.UNSPECIFIED.,.F.,.F.,.F.)B_SPLINE_SURFACE_WITH_KNOTS((4,4),(4,1,1,1,1,1,1,1,1,
1,1,1,1,1,1,1,1,1,1,1,1,1,1,1,1,1,1,1,1,4),(0.E0,1.E0),(-3.247073609782E-3,0.E0,
3.692865735577E-2,7.404454505850E-2,1.112766763674E-1,1.485081524658E-1,
1.856261165229E-1,2.226594416589E-1,2.596626438512E-1,2.965753323258E-1,
3.332889419402E-1,3.699378213899E-1,4.067541258492E-1,4.437726037203E-1,
4.808406743979E-1,5.179262842337E-1,5.550862665520E-1,5.922906501606E-1,
6.294948099492E-1,6.667881948191E-1,7.040485332231E-1,7.412386770957E-1,
7.784252874956E-1,8.155765894338E-1,8.526257488337E-1,8.895553794563E-1,
9.263747174879E-1,9.631444939866E-1,1.E0,1.003787271669E0),.UNSPECIFIED.)GEOMETRIC_REPRESENTATION_ITEM()RATIONAL_B_SPLINE_SURFACE(((1.251617372553E0,
1.251617372553E0,1.251617372553E0,1.251617372553E0,1.251617372553E0,
1.251617372553E0,1.251617372553E0,1.251617372553E0,1.251617372553E0,
1.251617372553E0,1.251617372553E0,1.251617372553E0,1.251617372553E0,
1.251617372553E0,1.251617372553E0,1.251617372553E0,1.251617372553E0,
1.251617372553E0,1.251617372553E0,1.251617372553E0,1.251617372553E0,
1.251617372553E0,1.251617372553E0,1.251617372553E0,1.251617372553E0,
1.251617372553E0,1.251617372553E0,1.251617372553E0,1.251617372553E0,
1.251617372553E0,1.251617372553E0,1.251617372553E0),(9.161275424824E-1,
9.161275424824E-1,9.161275424824E-1,9.161275424824E-1,9.161275424824E-1,
9.161275424824E-1,9.161275424824E-1,9.161275424824E-1,9.161275424824E-1,
9.161275424824E-1,9.161275424824E-1,9.161275424824E-1,9.161275424824E-1,
9.161275424824E-1,9.161275424824E-1,9.161275424824E-1,9.161275424824E-1,
9.161275424824E-1,9.161275424824E-1,9.161275424824E-1,9.161275424824E-1,
9.161275424824E-1,9.161275424824E-1,9.161275424824E-1,9.161275424824E-1,
9.161275424824E-1,9.161275424824E-1,9.161275424824E-1,9.161275424824E-1,
9.161275424824E-1,9.161275424824E-1,9.161275424824E-1),(9.161275424824E-1,
9.161275424824E-1,9.161275424824E-1,9.161275424824E-1,9.161275424824E-1,
9.161275424824E-1,9.161275424824E-1,9.161275424824E-1,9.161275424824E-1,
9.161275424824E-1,9.161275424824E-1,9.161275424824E-1,9.161275424824E-1,
9.161275424824E-1,9.161275424824E-1,9.161275424824E-1,9.161275424824E-1,
9.161275424824E-1,9.161275424824E-1,9.161275424824E-1,9.161275424824E-1,
9.161275424824E-1,9.161275424824E-1,9.161275424824E-1,9.161275424824E-1,
9.161275424824E-1,9.161275424824E-1,9.161275424824E-1,9.161275424824E-1,
9.161275424824E-1,9.161275424824E-1,9.161275424824E-1),(1.251617372553E0,
1.251617372553E0,1.251617372553E0,1.251617372553E0,1.251617372553E0,
1.251617372553E0,1.251617372553E0,1.251617372553E0,1.251617372553E0,
1.251617372553E0,1.251617372553E0,1.251617372553E0,1.251617372553E0,
1.251617372553E0,1.251617372553E0,1.251617372553E0,1.251617372553E0,
1.251617372553E0,1.251617372553E0,1.251617372553E0,1.251617372553E0,
1.251617372553E0,1.251617372553E0,1.251617372553E0,1.251617372553E0,
1.251617372553E0,1.251617372553E0,1.251617372553E0,1.251617372553E0,
1.251617372553E0,1.251617372553E0,1.251617372553E0)))REPRESENTATION_ITEM('')SURFACE());
#987=ORIENTED_EDGE('',*,*,#986,.T.);
#989=ORIENTED_EDGE('',*,*,#988,.T.);
#990=ORIENTED_EDGE('',*,*,#816,.F.);
#992=ORIENTED_EDGE('',*,*,#991,.F.);
#993=EDGE_LOOP('',(#987,#989,#990,#992));
#994=FACE_OUTER_BOUND('',#993,.F.);
#995=ADVANCED_FACE('',(#994),#985,.T.);
#996=CARTESIAN_POINT('',(3.014957384488E1,-1.949999995638E0,-2.269977051632E1));
#997=DIRECTION('',(-1.E0,0.E0,0.E0));
#998=DIRECTION('',(0.E0,0.E0,-1.E0));
#999=AXIS2_PLACEMENT_3D('',#996,#997,#998);
#1000=CONICAL_SURFACE('',#999,2.322708584290E0,2.E0);
#1001=ORIENTED_EDGE('',*,*,#986,.F.);
#1003=ORIENTED_EDGE('',*,*,#1002,.T.);
#1005=ORIENTED_EDGE('',*,*,#1004,.T.);
#1007=ORIENTED_EDGE('',*,*,#1006,.F.);
#1008=EDGE_LOOP('',(#1001,#1003,#1005,#1007));
#1009=FACE_OUTER_BOUND('',#1008,.F.);
#1010=ADVANCED_FACE('',(#1009),#1000,.T.);
#1011=CARTESIAN_POINT('',(3.014955748748E1,-1.949999995638E0,
-2.269977051632E1));
#1012=DIRECTION('',(-1.E0,0.E0,0.E0));
#1013=DIRECTION('',(0.E0,1.E0,0.E0));
#1014=AXIS2_PLACEMENT_3D('',#1011,#1012,#1013);
#1015=CONICAL_SURFACE('',#1014,2.322708585969E0,2.E0);
#1017=ORIENTED_EDGE('',*,*,#1016,.F.);
#1018=ORIENTED_EDGE('',*,*,#1006,.T.);
#1020=ORIENTED_EDGE('',*,*,#1019,.T.);
#1021=ORIENTED_EDGE('',*,*,#1002,.F.);
#1022=EDGE_LOOP('',(#1017,#1018,#1020,#1021));
#1023=FACE_OUTER_BOUND('',#1022,.F.);
#1024=ADVANCED_FACE('',(#1023),#1015,.T.);
#1025=CARTESIAN_POINT('',(3.059375851882E1,3.491609668485E-1,
-2.266363498424E1));
#1026=CARTESIAN_POINT('',(3.059375864384E1,3.509132789017E-1,
-2.277556671199E1));
#1027=CARTESIAN_POINT('',(3.059375837283E1,3.373131270510E-1,
-2.301281203823E1));
#1028=CARTESIAN_POINT('',(3.059375642762E1,2.609711072605E-1,
-2.336764956798E1));
#1029=CARTESIAN_POINT('',(3.059373798214E1,1.233474604736E-1,
-2.371747553892E1));
#1030=CARTESIAN_POINT('',(3.059369310799E1,-6.931063624360E-2,
-2.404049860503E1));
#1031=CARTESIAN_POINT('',(3.059362732712E1,-3.120963035290E-1,
-2.432826256181E1));
#1032=CARTESIAN_POINT('',(3.059356255585E1,-5.988916315658E-1,
-2.457309543380E1));
#1033=CARTESIAN_POINT('',(3.059352473782E1,-9.220353495746E-1,
-2.476814626136E1));
#1034=CARTESIAN_POINT('',(3.059350511534E1,-1.272635446906E0,
-2.490793461612E1));
#1035=CARTESIAN_POINT('',(3.059347139521E1,-1.630855188810E0,
-2.498649710115E1));
#1036=CARTESIAN_POINT('',(3.059346637946E1,-1.871374890944E0,
-2.500073180585E1));
#1037=CARTESIAN_POINT('',(3.059346790145E1,-1.986125380031E0,
-2.499893547947E1));
#1038=CARTESIAN_POINT('',(3.073543139121E1,3.844735645469E-1,
-2.266307984934E1));
#1039=CARTESIAN_POINT('',(3.073543147961E1,3.862529634523E-1,
-2.277673154626E1));
#1040=CARTESIAN_POINT('',(3.073543151839E1,3.724424749206E-1,
-2.301762243532E1));
#1041=CARTESIAN_POINT('',(3.073543102931E1,2.949206957062E-1,
-2.337791259106E1));
#1042=CARTESIAN_POINT('',(3.073541391887E1,1.551745376281E-1,
-2.373311432683E1));
#1043=CARTESIAN_POINT('',(3.073536895476E1,-4.044737559276E-2,
-2.406110126681E1));
#1044=CARTESIAN_POINT('',(3.073530130870E1,-2.869590571489E-1,
-2.435328705669E1));
#1045=CARTESIAN_POINT('',(3.073523384203E1,-5.781499905995E-1,
-2.460188182122E1));
#1046=CARTESIAN_POINT('',(3.073519411549E1,-9.062463239828E-1,
-2.479992955997E1));
#1047=CARTESIAN_POINT('',(3.073517475641E1,-1.262240537873E0,
-2.494186607060E1));
#1048=CARTESIAN_POINT('',(3.073514015329E1,-1.625959458364E0,
-2.502163568360E1));
#1049=CARTESIAN_POINT('',(3.073513496688E1,-1.870167884258E0,
-2.503608909361E1));
#1050=CARTESIAN_POINT('',(3.073513652306E1,-1.986678343122E0,
-2.503426516907E1));
#1051=CARTESIAN_POINT('',(3.084845107781E1,2.920456264116E-1,
-2.266453241483E1));
#1052=CARTESIAN_POINT('',(3.084845113442E1,2.937545887749E-1,
-2.277368503663E1));
#1053=CARTESIAN_POINT('',(3.084845059710E1,2.804899730551E-1,
-2.300503990108E1));
#1054=CARTESIAN_POINT('',(3.084844619307E1,2.060314153658E-1,
-2.335106757442E1));
#1055=CARTESIAN_POINT('',(3.084842561358E1,7.181094859720E-2,
-2.369220845862E1));
#1056=CARTESIAN_POINT('',(3.084838087405E1,-1.160698346215E-1,
-2.400721184316E1));
#1057=CARTESIAN_POINT('',(3.084831811345E1,-3.528191420970E-1,
-2.428783100363E1));
#1058=CARTESIAN_POINT('',(3.084825770267E1,-6.324734020884E-1,
-2.452658441991E1));
#1059=CARTESIAN_POINT('',(3.084822297838E1,-9.475707265225E-1,
-2.471679177618E1));
#1060=CARTESIAN_POINT('',(3.084820290524E1,-1.289478042099E0,
-2.485310966246E1));
#1061=CARTESIAN_POINT('',(3.084817069730E1,-1.638794130653E0,
-2.492972149255E1));
#1062=CARTESIAN_POINT('',(3.084816576344E1,-1.873329147361E0,
-2.494360241766E1));
#1063=CARTESIAN_POINT('',(3.084816734111E1,-1.985224558438E0,
-2.494185084698E1));
#1064=CARTESIAN_POINT('',(3.084193585287E1,1.462005803179E-1,
-2.266682463942E1));
#1065=CARTESIAN_POINT('',(3.084193590809E1,1.477982223860E-1,
-2.276887695146E1));
#1066=CARTESIAN_POINT('',(3.084193437202E1,1.353967401057E-1,
-2.298518234028E1));
#1067=CARTESIAN_POINT('',(3.084192383007E1,6.578117810823E-2,
-2.330870121249E1));
#1068=CARTESIAN_POINT('',(3.084189776699E1,-5.970873004235E-2,
-2.362765128240E1));
#1069=CARTESIAN_POINT('',(3.084185338597E1,-2.353682571807E-1,
-2.392216405733E1));
#1070=CARTESIAN_POINT('',(3.084179833298E1,-4.567169514379E-1,
-2.418452911824E1));
#1071=CARTESIAN_POINT('',(3.084174905558E1,-7.181791631919E-1,
-2.440775159963E1));
#1072=CARTESIAN_POINT('',(3.084172222187E1,-1.012778656001E0,
-2.458558591140E1));
#1073=CARTESIAN_POINT('',(3.084170103140E1,-1.332445656864E0,
-2.471303645798E1));
#1074=CARTESIAN_POINT('',(3.084167257079E1,-1.659038550911E0,
-2.478466484005E1));
#1075=CARTESIAN_POINT('',(3.084166810961E1,-1.878316635985E0,
-2.479764243830E1));
#1076=CARTESIAN_POINT('',(3.084166967879E1,-1.982933047633E0,
-2.479600499211E1));
#1077=(BOUNDED_SURFACE()B_SPLINE_SURFACE(3,3,((#1025,#1026,#1027,#1028,#1029,
#1030,#1031,#1032,#1033,#1034,#1035,#1036,#1037),(#1038,#1039,#1040,#1041,#1042,
#1043,#1044,#1045,#1046,#1047,#1048,#1049,#1050),(#1051,#1052,#1053,#1054,#1055,
#1056,#1057,#1058,#1059,#1060,#1061,#1062,#1063),(#1064,#1065,#1066,#1067,#1068,
#1069,#1070,#1071,#1072,#1073,#1074,#1075,#1076)),.UNSPECIFIED.,.F.,.F.,.F.)B_SPLINE_SURFACE_WITH_KNOTS((4,4),(4,1,1,1,1,1,1,1,1,1,4),(0.E0,1.E0),(
9.783585113425E-3,9.935306963140E-2,1.992065779701E-1,2.991120753760E-1,
3.989620916287E-1,4.989820303919E-1,5.991849957404E-1,6.994931005714E-1,
7.997988830885E-1,8.999939865827E-1,9.918199093799E-1),.UNSPECIFIED.)GEOMETRIC_REPRESENTATION_ITEM()RATIONAL_B_SPLINE_SURFACE(((1.251612611836E0,
1.251612611836E0,1.251612611836E0,1.251612611836E0,1.251612611836E0,
1.251612611836E0,1.251612611836E0,1.251612611836E0,1.251612611836E0,
1.251612611836E0,1.251612611836E0,1.251612611836E0,1.251612611836E0),(
9.161291293879E-1,9.161291293879E-1,9.161291293879E-1,9.161291293879E-1,
9.161291293879E-1,9.161291293879E-1,9.161291293879E-1,9.161291293879E-1,
9.161291293879E-1,9.161291293879E-1,9.161291293879E-1,9.161291293879E-1,
9.161291293879E-1),(9.161291293879E-1,9.161291293879E-1,9.161291293879E-1,
9.161291293879E-1,9.161291293879E-1,9.161291293879E-1,9.161291293879E-1,
9.161291293879E-1,9.161291293879E-1,9.161291293879E-1,9.161291293879E-1,
9.161291293879E-1,9.161291293879E-1),(1.251612611836E0,1.251612611836E0,
1.251612611836E0,1.251612611836E0,1.251612611836E0,1.251612611836E0,
1.251612611836E0,1.251612611836E0,1.251612611836E0,1.251612611836E0,
1.251612611836E0,1.251612611836E0,1.251612611836E0)))REPRESENTATION_ITEM('')SURFACE());
#1078=ORIENTED_EDGE('',*,*,#1016,.T.);
#1079=ORIENTED_EDGE('',*,*,#991,.T.);
#1080=ORIENTED_EDGE('',*,*,#818,.F.);
#1081=ORIENTED_EDGE('',*,*,#988,.F.);
#1082=EDGE_LOOP('',(#1078,#1079,#1080,#1081));
#1083=FACE_OUTER_BOUND('',#1082,.F.);
#1084=ADVANCED_FACE('',(#1083),#1077,.T.);
#1085=CARTESIAN_POINT('',(2.965E1,0.E0,0.E0));
#1086=DIRECTION('',(-1.E0,0.E0,0.E0));
#1087=DIRECTION('',(0.E0,1.E0,0.E0));
#1088=AXIS2_PLACEMENT_3D('',#1085,#1086,#1087);
#1089=PLANE('',#1088);
#1091=ORIENTED_EDGE('',*,*,#1090,.F.);
#1093=ORIENTED_EDGE('',*,*,#1092,.F.);
#1095=ORIENTED_EDGE('',*,*,#1094,.F.);
#1097=ORIENTED_EDGE('',*,*,#1096,.F.);
#1099=ORIENTED_EDGE('',*,*,#1098,.T.);
#1101=ORIENTED_EDGE('',*,*,#1100,.F.);
#1103=ORIENTED_EDGE('',*,*,#1102,.T.);
#1105=ORIENTED_EDGE('',*,*,#1104,.T.);
#1106=EDGE_LOOP('',(#1091,#1093,#1095,#1097,#1099,#1101,#1103,#1105));
#1107=FACE_OUTER_BOUND('',#1106,.F.);
#1108=ORIENTED_EDGE('',*,*,#1004,.F.);
#1109=ORIENTED_EDGE('',*,*,#1019,.F.);
#1110=EDGE_LOOP('',(#1108,#1109));
#1111=FACE_BOUND('',#1110,.F.);
#1112=ADVANCED_FACE('',(#1107,#1111),#1089,.F.);
#1113=CARTESIAN_POINT('',(2.925E1,-9.030088711795E-1,-2.61E1));
#1114=DIRECTION('',(-5.233595624294E-2,0.E0,9.986295347546E-1));
#1115=DIRECTION('',(0.E0,-1.E0,0.E0));
#1116=AXIS2_PLACEMENT_3D('',#1113,#1114,#1115);
#1117=PLANE('',#1116);
#1119=ORIENTED_EDGE('',*,*,#1118,.F.);
#1120=ORIENTED_EDGE('',*,*,#1090,.T.);
#1122=ORIENTED_EDGE('',*,*,#1121,.T.);
#1124=ORIENTED_EDGE('',*,*,#1123,.F.);
#1125=EDGE_LOOP('',(#1119,#1120,#1122,#1124));
#1126=FACE_OUTER_BOUND('',#1125,.F.);
#1127=ADVANCED_FACE('',(#1126),#1117,.T.);
#1128=CARTESIAN_POINT('',(2.945E1,-3.25E0,-2.58E1));
#1129=DIRECTION('',(-1.E0,0.E0,0.E0));
#1130=DIRECTION('',(0.E0,1.E0,0.E0));
#1131=AXIS2_PLACEMENT_3D('',#1128,#1129,#1130);
#1132=CONICAL_SURFACE('',#1131,2.895184441434E-1,3.E0);
#1134=ORIENTED_EDGE('',*,*,#1133,.F.);
#1135=ORIENTED_EDGE('',*,*,#1092,.T.);
#1136=ORIENTED_EDGE('',*,*,#1118,.T.);
#1138=ORIENTED_EDGE('',*,*,#1137,.T.);
#1139=EDGE_LOOP('',(#1134,#1135,#1136,#1138));
#1140=FACE_OUTER_BOUND('',#1139,.F.);
#1141=ADVANCED_FACE('',(#1140),#1132,.F.);
#1142=CARTESIAN_POINT('',(2.925E1,-2.95E0,1.546991128820E0));
#1143=DIRECTION('',(5.233595624294E-2,9.986295347546E-1,0.E0));
#1144=DIRECTION('',(0.E0,0.E0,1.E0));
#1145=AXIS2_PLACEMENT_3D('',#1142,#1143,#1144);
#1146=PLANE('',#1145);
#1147=ORIENTED_EDGE('',*,*,#1133,.T.);
#1149=ORIENTED_EDGE('',*,*,#1148,.T.);
#1151=ORIENTED_EDGE('',*,*,#1150,.F.);
#1152=ORIENTED_EDGE('',*,*,#1094,.T.);
#1153=EDGE_LOOP('',(#1147,#1149,#1151,#1152));
#1154=FACE_OUTER_BOUND('',#1153,.F.);
#1155=ADVANCED_FACE('',(#1154),#1146,.F.);
#1156=CARTESIAN_POINT('',(2.925E1,0.E0,0.E0));
#1157=DIRECTION('',(-1.E0,0.E0,0.E0));
#1158=DIRECTION('',(0.E0,1.E0,0.E0));
#1159=AXIS2_PLACEMENT_3D('',#1156,#1157,#1158);
#1160=PLANE('',#1159);
#1162=ORIENTED_EDGE('',*,*,#1161,.F.);
#1164=ORIENTED_EDGE('',*,*,#1163,.F.);
#1166=ORIENTED_EDGE('',*,*,#1165,.T.);
#1168=ORIENTED_EDGE('',*,*,#1167,.F.);
#1169=ORIENTED_EDGE('',*,*,#1148,.F.);
#1170=ORIENTED_EDGE('',*,*,#1137,.F.);
#1171=ORIENTED_EDGE('',*,*,#1123,.T.);
#1173=ORIENTED_EDGE('',*,*,#1172,.T.);
#1175=ORIENTED_EDGE('',*,*,#1174,.T.);
#1176=EDGE_LOOP('',(#1162,#1164,#1166,#1168,#1169,#1170,#1171,#1173,#1175));
#1177=FACE_OUTER_BOUND('',#1176,.F.);
#1179=ORIENTED_EDGE('',*,*,#1178,.F.);
#1181=ORIENTED_EDGE('',*,*,#1180,.F.);
#1183=ORIENTED_EDGE('',*,*,#1182,.F.);
#1185=ORIENTED_EDGE('',*,*,#1184,.F.);
#1186=EDGE_LOOP('',(#1179,#1181,#1183,#1185));
#1187=FACE_BOUND('',#1186,.F.);
#1189=ORIENTED_EDGE('',*,*,#1188,.F.);
#1191=ORIENTED_EDGE('',*,*,#1190,.F.);
#1193=ORIENTED_EDGE('',*,*,#1192,.F.);
#1195=ORIENTED_EDGE('',*,*,#1194,.F.);
#1196=EDGE_LOOP('',(#1189,#1191,#1193,#1195));
#1197=FACE_BOUND('',#1196,.F.);
#1199=ORIENTED_EDGE('',*,*,#1198,.F.);
#1201=ORIENTED_EDGE('',*,*,#1200,.F.);
#1203=ORIENTED_EDGE('',*,*,#1202,.F.);
#1205=ORIENTED_EDGE('',*,*,#1204,.F.);
#1206=EDGE_LOOP('',(#1199,#1201,#1203,#1205));
#1207=FACE_BOUND('',#1206,.F.);
#1208=ADVANCED_FACE('',(#1177,#1187,#1197,#1207),#1160,.T.);
#1209=CARTESIAN_POINT('',(3.023551530460E1,3.439213647759E-2,
-2.290141114367E1));
#1210=CARTESIAN_POINT('',(3.023551613378E1,2.293021287420E-2,
-2.290136364036E1));
#1211=CARTESIAN_POINT('',(3.023552513663E1,-1.026438008367E-1,
-2.290084786717E1));
#1212=CARTESIAN_POINT('',(3.023554427699E1,-3.988988995098E-1,
-2.289975131665E1));
#1213=CARTESIAN_POINT('',(3.023556656514E1,-8.572408518442E-1,
-2.289847442963E1));
#1214=CARTESIAN_POINT('',(3.023558207568E1,-1.378298489844E0,
-2.289758583104E1));
#1215=CARTESIAN_POINT('',(3.023558767763E1,-1.885400419163E0,
-2.289726489549E1));
#1216=CARTESIAN_POINT('',(3.023558543749E1,-2.220115451784E0,
-2.289739323315E1));
#1217=CARTESIAN_POINT('',(3.023558302034E1,-2.380907728198E0,
-2.289753171172E1));
#1219=DIRECTION('',(-9.998476951564E-1,0.E0,1.745240643728E-2));
#1220=VECTOR('',#1219,1.E0);
#1221=SURFACE_OF_LINEAR_EXTRUSION('',#1218,#1220);
#1223=ORIENTED_EDGE('',*,*,#1222,.T.);
#1225=ORIENTED_EDGE('',*,*,#1224,.F.);
#1226=ORIENTED_EDGE('',*,*,#1178,.T.);
#1228=ORIENTED_EDGE('',*,*,#1227,.F.);
#1230=ORIENTED_EDGE('',*,*,#1229,.F.);
#1232=ORIENTED_EDGE('',*,*,#1231,.F.);
#1234=ORIENTED_EDGE('',*,*,#1233,.T.);
#1236=ORIENTED_EDGE('',*,*,#1235,.T.);
#1238=ORIENTED_EDGE('',*,*,#1237,.F.);
#1239=EDGE_LOOP('',(#1223,#1225,#1226,#1228,#1230,#1232,#1234,#1236,#1238));
#1240=FACE_OUTER_BOUND('',#1239,.F.);
#1241=ADVANCED_FACE('',(#1240),#1221,.T.);
#1242=CARTESIAN_POINT('',(3.006204440972E1,-3.001322508045E0,
-2.290315302835E1));
#1243=CARTESIAN_POINT('',(3.007386618145E1,-2.908671371295E0,
-2.290316885204E1));
#1244=CARTESIAN_POINT('',(3.009739063469E1,-2.695827149563E0,
-2.290319703300E1));
#1245=CARTESIAN_POINT('',(3.012055871472E1,-2.371792820434E0,
-2.290321850596E1));
#1246=CARTESIAN_POINT('',(3.013044182993E1,-2.037595470676E0,
-2.290322539646E1));
#1247=CARTESIAN_POINT('',(3.012766757538E1,-1.728573487052E0,
-2.290322361392E1));
#1248=CARTESIAN_POINT('',(3.011487677993E1,-1.443080627895E0,
-2.290321692740E1));
#1249=CARTESIAN_POINT('',(3.009444478375E1,-1.181088201851E0,
-2.290320664010E1));
#1250=CARTESIAN_POINT('',(3.006849994154E1,-9.419708787797E-1,
-2.290319279690E1));
#1251=CARTESIAN_POINT('',(3.003871227704E1,-7.237296632760E-1,
-2.290317677073E1));
#1252=CARTESIAN_POINT('',(3.000628089446E1,-5.239414039374E-1,
-2.290315955045E1));
#1253=CARTESIAN_POINT('',(2.998153351882E1,-3.911343176463E-1,
-2.290314636268E1));
#1254=CARTESIAN_POINT('',(2.996827825778E1,-3.245479400725E-1,
-2.290313917802E1));
#1255=CARTESIAN_POINT('',(2.996713162016E1,-3.188195382199E-1,
-2.290313855560E1));
#1256=CARTESIAN_POINT('',(3.023594072208E1,-3.023510103928E0,
-2.285622608369E1));
#1257=CARTESIAN_POINT('',(3.024801047396E1,-2.928908106770E0,
-2.285623834505E1));
#1258=CARTESIAN_POINT('',(3.027202877225E1,-2.711578960694E0,
-2.285625922018E1));
#1259=CARTESIAN_POINT('',(3.029568517905E1,-2.380689305204E0,
-2.285627309616E1));
#1260=CARTESIAN_POINT('',(3.030577570077E1,-2.039442480230E0,
-2.285627659923E1));
#1261=CARTESIAN_POINT('',(3.030294319109E1,-1.723900093198E0,
-2.285627576626E1));
#1262=CARTESIAN_POINT('',(3.028988366799E1,-1.432381155430E0,
-2.285627359491E1));
#1263=CARTESIAN_POINT('',(3.026902108232E1,-1.164844721493E0,
-2.285627053367E1));
#1264=CARTESIAN_POINT('',(3.024253137191E1,-9.206856228538E-1,
-2.285626583846E1));
#1265=CARTESIAN_POINT('',(3.021211925372E1,-6.978496607815E-1,
-2.285626043544E1));
#1266=CARTESIAN_POINT('',(3.017900774144E1,-4.938531417739E-1,
-2.285625488804E1));
#1267=CARTESIAN_POINT('',(3.015374042413E1,-3.582433339883E-1,
-2.285625064823E1));
#1268=CARTESIAN_POINT('',(3.014020616727E1,-2.902493012097E-1,
-2.285624825903E1));
#1269=CARTESIAN_POINT('',(3.013903539160E1,-2.843997804959E-1,
-2.285624805145E1));
#1270=CARTESIAN_POINT('',(3.035901470818E1,-3.039239447494E0,
-2.298866373806E1));
#1271=CARTESIAN_POINT('',(3.037126410812E1,-2.943253190637E0,
-2.298867347876E1));
#1272=CARTESIAN_POINT('',(3.039564017007E1,-2.722742610015E0,
-2.298868918378E1));
#1273=CARTESIAN_POINT('',(3.041965034276E1,-2.386992593387E0,
-2.298869768268E1));
#1274=CARTESIAN_POINT('',(3.042989111905E1,-2.040750733540E0,
-2.298869878794E1));
#1275=CARTESIAN_POINT('',(3.042701640674E1,-1.720589829385E0,
-2.298869862712E1));
#1276=CARTESIAN_POINT('',(3.041376220533E1,-1.424803504474E0,
-2.298869965189E1));
#1277=CARTESIAN_POINT('',(3.039258768140E1,-1.153341012125E0,
-2.298870170544E1));
#1278=CARTESIAN_POINT('',(3.036570324416E1,-9.056119846026E-1,
-2.298870348499E1));
#1279=CARTESIAN_POINT('',(3.033483874390E1,-6.795238599586E-1,
-2.298870560024E1));
#1280=CARTESIAN_POINT('',(3.030123451540E1,-4.725495418837E-1,
-2.298870831335E1));
#1281=CARTESIAN_POINT('',(3.027559052923E1,-3.349568182863E-1,
-2.298871040511E1));
#1282=CARTESIAN_POINT('',(3.026185415538E1,-2.659669151143E-1,
-2.298871140896E1));
#1283=CARTESIAN_POINT('',(3.026066589304E1,-2.600317070085E-1,
-2.298871149490E1));
#1284=CARTESIAN_POINT('',(3.030123444055E1,-3.031891942672E0,
-2.316054102426E1));
#1285=CARTESIAN_POINT('',(3.031340535206E1,-2.936550545123E0,
-2.316055194915E1));
#1286=CARTESIAN_POINT('',(3.033762510659E1,-2.717523315503E0,
-2.316057008217E1));
#1287=CARTESIAN_POINT('',(3.036148071838E1,-2.384043042780E0,
-2.316058110497E1));
#1288=CARTESIAN_POINT('',(3.037165584813E1,-2.040138015689E0,
-2.316058333539E1));
#1289=CARTESIAN_POINT('',(3.036879957424E1,-1.722140103941E0,
-2.316058285917E1));
#1290=CARTESIAN_POINT('',(3.035563042823E1,-1.428353725621E0,
-2.316058238419E1));
#1291=CARTESIAN_POINT('',(3.033459219086E1,-1.158731140982E0,
-2.316058203730E1));
#1292=CARTESIAN_POINT('',(3.030788021070E1,-9.126757847292E-1,
-2.316058077756E1));
#1293=CARTESIAN_POINT('',(3.027721335730E1,-6.881141038662E-1,
-2.316057936292E1));
#1294=CARTESIAN_POINT('',(3.024382439782E1,-4.825385951399E-1,
-2.316057819664E1));
#1295=CARTESIAN_POINT('',(3.021834497929E1,-3.458777806225E-1,
-2.316057731406E1));
#1296=CARTESIAN_POINT('',(3.020469691090E1,-2.773559634190E-1,
-2.316057672368E1));
#1297=CARTESIAN_POINT('',(3.020351628853E1,-2.714610310867E-1,
-2.316057667170E1));
#1298=(BOUNDED_SURFACE()B_SPLINE_SURFACE(3,3,((#1242,#1243,#1244,#1245,#1246,
#1247,#1248,#1249,#1250,#1251,#1252,#1253,#1254,#1255),(#1256,#1257,#1258,#1259,
#1260,#1261,#1262,#1263,#1264,#1265,#1266,#1267,#1268,#1269),(#1270,#1271,#1272,
#1273,#1274,#1275,#1276,#1277,#1278,#1279,#1280,#1281,#1282,#1283),(#1284,#1285,
#1286,#1287,#1288,#1289,#1290,#1291,#1292,#1293,#1294,#1295,#1296,#1297)),
.UNSPECIFIED.,.F.,.F.,.F.)B_SPLINE_SURFACE_WITH_KNOTS((4,4),(4,1,1,1,1,1,1,1,1,
1,1,4),(0.E0,1.E0),(1.735713720261E-1,2.600229256425E-1,3.717543248881E-1,
4.742082102412E-1,5.694363992475E-1,6.577554739429E-1,7.386964919589E-1,
8.126630064281E-1,8.803672074076E-1,9.425598428542E-1,1.E0,1.005407970737E0),
.UNSPECIFIED.)GEOMETRIC_REPRESENTATION_ITEM()RATIONAL_B_SPLINE_SURFACE(((
1.358942432585E0,1.358942432585E0,1.358942432585E0,1.358942432585E0,
1.358942432585E0,1.358942432585E0,1.358942432585E0,1.358942432585E0,
1.358942432585E0,1.358942432585E0,1.358942432585E0,1.358942432585E0,
1.358942432585E0,1.358942432585E0),(8.803525224717E-1,8.803525224717E-1,
8.803525224717E-1,8.803525224717E-1,8.803525224717E-1,8.803525224717E-1,
8.803525224717E-1,8.803525224717E-1,8.803525224717E-1,8.803525224717E-1,
8.803525224717E-1,8.803525224717E-1,8.803525224717E-1,8.803525224717E-1),(
8.803525224717E-1,8.803525224717E-1,8.803525224717E-1,8.803525224717E-1,
8.803525224717E-1,8.803525224717E-1,8.803525224717E-1,8.803525224717E-1,
8.803525224717E-1,8.803525224717E-1,8.803525224717E-1,8.803525224717E-1,
8.803525224717E-1,8.803525224717E-1),(1.358942432585E0,1.358942432585E0,
1.358942432585E0,1.358942432585E0,1.358942432585E0,1.358942432585E0,
1.358942432585E0,1.358942432585E0,1.358942432585E0,1.358942432585E0,
1.358942432585E0,1.358942432585E0,1.358942432585E0,1.358942432585E0)))REPRESENTATION_ITEM('')SURFACE());
#1299=ORIENTED_EDGE('',*,*,#1222,.F.);
#1301=ORIENTED_EDGE('',*,*,#1300,.T.);
#1303=ORIENTED_EDGE('',*,*,#1302,.T.);
#1305=ORIENTED_EDGE('',*,*,#1304,.T.);
#1306=EDGE_LOOP('',(#1299,#1301,#1303,#1305));
#1307=FACE_OUTER_BOUND('',#1306,.F.);
#1308=ADVANCED_FACE('',(#1307),#1298,.F.);
#1309=CARTESIAN_POINT('',(3.030509784786E1,-3.060043364404E0,
-2.313693260245E1));
#1310=CARTESIAN_POINT('',(3.031266544843E1,-3.060045911201E0,
-2.299028046092E1));
#1311=CARTESIAN_POINT('',(3.032187643756E1,-3.060049170061E0,
-2.263058087898E1));
#1312=CARTESIAN_POINT('',(3.030819567398E1,-3.060044351242E0,
-2.227088966010E1));
#1313=CARTESIAN_POINT('',(3.029210805317E1,-3.060038865605E0,
-2.205863004227E1));
#1314=CARTESIAN_POINT('',(3.042844333987E1,-2.378734563886E0,
-2.314322127621E1));
#1315=CARTESIAN_POINT('',(3.043611044135E1,-2.378735647978E0,
-2.299445899336E1));
#1316=CARTESIAN_POINT('',(3.044544254286E1,-2.378737140632E0,
-2.262958575443E1));
#1317=CARTESIAN_POINT('',(3.043158189540E1,-2.378734944259E0,
-2.226472126062E1));
#1318=CARTESIAN_POINT('',(3.041528275360E1,-2.378732573929E0,
-2.204940658940E1));
#1319=CARTESIAN_POINT('',(2.997513800819E1,-1.855857900366E0,
-2.311977882113E1));
#1320=CARTESIAN_POINT('',(2.998239228125E1,-1.855864348094E0,
-2.297888008103E1));
#1321=CARTESIAN_POINT('',(2.999122188831E1,-1.855872321591E0,
-2.263329552603E1));
#1322=CARTESIAN_POINT('',(2.997810757783E1,-1.855860503378E0,
-2.228771943890E1));
#1323=CARTESIAN_POINT('',(2.996268603472E1,-1.855846712150E0,
-2.208378550827E1));
#1324=CARTESIAN_POINT('',(2.928415337400E1,-1.882408770622E0,
-2.308413497732E1));
#1325=CARTESIAN_POINT('',(2.929079119312E1,-1.882423397520E0,
-2.295519328380E1));
#1326=CARTESIAN_POINT('',(2.929887045293E1,-1.882441252682E0,
-2.263893611011E1));
#1327=CARTESIAN_POINT('',(2.928687060630E1,-1.882414763336E0,
-2.232268667501E1));
#1328=CARTESIAN_POINT('',(2.927275953300E1,-1.882383555297E0,
-2.213605901737E1));
#1329=(BOUNDED_SURFACE()B_SPLINE_SURFACE(3,3,((#1309,#1310,#1311,#1312,#1313),(
#1314,#1315,#1316,#1317,#1318),(#1319,#1320,#1321,#1322,#1323),(#1324,#1325,
#1326,#1327,#1328)),.UNSPECIFIED.,.F.,.F.,.F.)B_SPLINE_SURFACE_WITH_KNOTS((4,4),
(4,1,4),(0.E0,1.E0),(3.697141634284E-1,5.000035071776E-1,6.888628046771E-1),
.UNSPECIFIED.)GEOMETRIC_REPRESENTATION_ITEM()RATIONAL_B_SPLINE_SURFACE(((
1.229928143726E0,1.229928143726E0,1.229928143726E0,1.229928143726E0,
1.229928143726E0),(9.233572854245E-1,9.233572854245E-1,9.233572854245E-1,
9.233572854245E-1,9.233572854245E-1),(9.233572854245E-1,9.233572854245E-1,
9.233572854245E-1,9.233572854245E-1,9.233572854245E-1),(1.229928143726E0,
1.229928143726E0,1.229928143726E0,1.229928143726E0,1.229928143726E0)))REPRESENTATION_ITEM('')SURFACE());
#1331=ORIENTED_EDGE('',*,*,#1330,.T.);
#1333=ORIENTED_EDGE('',*,*,#1332,.F.);
#1335=ORIENTED_EDGE('',*,*,#1334,.T.);
#1336=ORIENTED_EDGE('',*,*,#1300,.F.);
#1337=ORIENTED_EDGE('',*,*,#1237,.T.);
#1339=ORIENTED_EDGE('',*,*,#1338,.T.);
#1340=EDGE_LOOP('',(#1331,#1333,#1335,#1336,#1337,#1339));
#1341=FACE_OUTER_BOUND('',#1340,.F.);
#1342=ADVANCED_FACE('',(#1341),#1329,.F.);
#1343=CARTESIAN_POINT('',(3.038050951380E1,-2.373703398912E0,
-2.229982244645E1));
#1344=CARTESIAN_POINT('',(3.038051185630E1,-2.215337309850E0,
-2.229995664799E1));
#1345=CARTESIAN_POINT('',(3.038051401221E1,-1.887364105846E0,
-2.230008016010E1));
#1346=CARTESIAN_POINT('',(3.038050864048E1,-1.391139405560E0,
-2.229977241420E1));
#1347=CARTESIAN_POINT('',(3.038049384440E1,-8.826807364809E-1,
-2.229892474688E1));
#1348=CARTESIAN_POINT('',(3.038047185860E1,-4.198917964180E-1,
-2.229766518165E1));
#1349=CARTESIAN_POINT('',(3.038045237774E1,-1.152095082907E-1,
-2.229654912377E1));
#1350=CARTESIAN_POINT('',(3.038044247788E1,2.285694913280E-2,
-2.229598196135E1));
#1351=CARTESIAN_POINT('',(3.038044165127E1,3.428262030425E-2,
-2.229593460459E1));
#1353=DIRECTION('',(-9.998476951564E-1,0.E0,-1.745240643728E-2));
#1354=VECTOR('',#1353,1.E0);
#1355=SURFACE_OF_LINEAR_EXTRUSION('',#1352,#1354);
#1357=ORIENTED_EDGE('',*,*,#1356,.T.);
#1358=ORIENTED_EDGE('',*,*,#1330,.F.);
#1360=ORIENTED_EDGE('',*,*,#1359,.F.);
#1362=ORIENTED_EDGE('',*,*,#1361,.F.);
#1364=ORIENTED_EDGE('',*,*,#1363,.F.);
#1366=ORIENTED_EDGE('',*,*,#1365,.T.);
#1368=ORIENTED_EDGE('',*,*,#1367,.T.);
#1369=ORIENTED_EDGE('',*,*,#1182,.T.);
#1371=ORIENTED_EDGE('',*,*,#1370,.F.);
#1372=EDGE_LOOP('',(#1357,#1358,#1360,#1362,#1364,#1366,#1368,#1369,#1371));
#1373=FACE_OUTER_BOUND('',#1372,.F.);
#1374=ADVANCED_FACE('',(#1373),#1355,.T.);
#1375=CARTESIAN_POINT('',(2.996227964171E1,-3.554166618890E-1,
-2.229694423278E1));
#1376=CARTESIAN_POINT('',(2.999411800043E1,-5.180395472777E-1,
-2.229692668098E1));
#1377=CARTESIAN_POINT('',(3.005211789419E1,-8.698634076952E-1,
-2.229689528192E1));
#1378=CARTESIAN_POINT('',(3.010845897920E1,-1.436515778423E0,
-2.229686534697E1));
#1379=CARTESIAN_POINT('',(3.012516866582E1,-2.077675444493E0,
-2.229685534283E1));
#1380=CARTESIAN_POINT('',(3.009584842639E1,-2.607157258303E0,
-2.229687546796E1));
#1381=CARTESIAN_POINT('',(3.006017836804E1,-2.922321746842E0,
-2.229691949729E1));
#1382=CARTESIAN_POINT('',(3.005008744100E1,-3.001301695003E0,
-2.229693322088E1));
#1383=CARTESIAN_POINT('',(3.013731917469E1,-3.211367339198E-1,
-2.234465297657E1));
#1384=CARTESIAN_POINT('',(3.016984007867E1,-4.872612909598E-1,
-2.234464712251E1));
#1385=CARTESIAN_POINT('',(3.022907729250E1,-8.466214207644E-1,
-2.234463697632E1));
#1386=CARTESIAN_POINT('',(3.028662627994E1,-1.425474839033E0,
-2.234462719314E1));
#1387=CARTESIAN_POINT('',(3.030369436164E1,-2.080412277715E0,
-2.234462314080E1));
#1388=CARTESIAN_POINT('',(3.027374363953E1,-2.621303755889E0,
-2.234463298815E1));
#1389=CARTESIAN_POINT('',(3.023731172920E1,-2.943230478154E0,
-2.234466582547E1));
#1390=CARTESIAN_POINT('',(3.022700526360E1,-3.023904457087E0,
-2.234467646800E1));
#1391=CARTESIAN_POINT('',(3.025958103610E1,-2.971781255005E-1,
-2.220838816225E1));
#1392=CARTESIAN_POINT('',(3.029259027983E1,-4.657483717907E-1,
-2.220839047884E1));
#1393=CARTESIAN_POINT('',(3.035271275741E1,-8.303723326630E-1,
-2.220839517989E1));
#1394=CARTESIAN_POINT('',(3.041112596144E1,-1.417755537777E0,
-2.220839947747E1));
#1395=CARTESIAN_POINT('',(3.042845046368E1,-2.082324808945E0,
-2.220839958435E1));
#1396=CARTESIAN_POINT('',(3.039804865076E1,-2.631200152995E0,
-2.220840224964E1));
#1397=CARTESIAN_POINT('',(3.036107165864E1,-2.957862894226E0,
-2.220842726843E1));
#1398=CARTESIAN_POINT('',(3.035061098176E1,-3.039723619921E0,
-2.220843575887E1));
#1399=CARTESIAN_POINT('',(3.019730575327E1,-3.093606104741E-1,
-2.203500000027E1));
#1400=CARTESIAN_POINT('',(3.023008285601E1,-4.766848870238E-1,
-2.203499815507E1));
#1401=CARTESIAN_POINT('',(3.028978450775E1,-8.386275018384E-1,
-2.203499529710E1));
#1402=CARTESIAN_POINT('',(3.034778689140E1,-1.421676830797E0,
-2.203499242985E1));
#1403=CARTESIAN_POINT('',(3.036498949971E1,-2.081351936680E0,
-2.203499042105E1));
#1404=CARTESIAN_POINT('',(3.033480212053E1,-2.626181275306E0,
-2.203499673997E1));
#1405=CARTESIAN_POINT('',(3.029808424194E1,-2.950449895820E0,
-2.203502573961E1));
#1406=CARTESIAN_POINT('',(3.028769687188E1,-3.031711148009E0,
-2.203503532619E1));
#1407=(BOUNDED_SURFACE()B_SPLINE_SURFACE(3,3,((#1375,#1376,#1377,#1378,#1379,
#1380,#1381,#1382),(#1383,#1384,#1385,#1386,#1387,#1388,#1389,#1390),(#1391,
#1392,#1393,#1394,#1395,#1396,#1397,#1398),(#1399,#1400,#1401,#1402,#1403,#1404,
#1405,#1406)),.UNSPECIFIED.,.F.,.F.,.F.)B_SPLINE_SURFACE_WITH_KNOTS((4,4),(4,1,
1,1,1,4),(0.E0,1.E0),(6.100145294618E-3,1.595193993017E-1,3.359933787618E-1,
5.329390907690E-1,7.527429964114E-1,8.264258932494E-1),.UNSPECIFIED.)GEOMETRIC_REPRESENTATION_ITEM()RATIONAL_B_SPLINE_SURFACE(((1.368776680545E0,
1.368776680545E0,1.368776680545E0,1.368776680545E0,1.368776680545E0,
1.368776680545E0,1.368776680545E0,1.368776680545E0),(8.770744398183E-1,
8.770744398183E-1,8.770744398183E-1,8.770744398183E-1,8.770744398183E-1,
8.770744398183E-1,8.770744398183E-1,8.770744398183E-1),(8.770744398183E-1,
8.770744398183E-1,8.770744398183E-1,8.770744398183E-1,8.770744398183E-1,
8.770744398183E-1,8.770744398183E-1,8.770744398183E-1),(1.368776680545E0,
1.368776680545E0,1.368776680545E0,1.368776680545E0,1.368776680545E0,
1.368776680545E0,1.368776680545E0,1.368776680545E0)))REPRESENTATION_ITEM('')SURFACE());
#1408=ORIENTED_EDGE('',*,*,#1356,.F.);
#1410=ORIENTED_EDGE('',*,*,#1409,.T.);
#1412=ORIENTED_EDGE('',*,*,#1411,.T.);
#1413=ORIENTED_EDGE('',*,*,#1332,.T.);
#1414=EDGE_LOOP('',(#1408,#1410,#1412,#1413));
#1415=FACE_OUTER_BOUND('',#1414,.F.);
#1416=ADVANCED_FACE('',(#1415),#1407,.F.);
#1417=CARTESIAN_POINT('',(2.974278502481E1,-1.949999995638E0,
-2.269977051632E1));
#1418=DIRECTION('',(-1.E0,0.E0,0.E0));
#1419=DIRECTION('',(0.E0,1.E0,0.E0));
#1420=AXIS2_PLACEMENT_3D('',#1417,#1418,#1419);
#1421=CONICAL_SURFACE('',#1420,1.636486712364E0,2.E0);
#1422=ORIENTED_EDGE('',*,*,#1304,.F.);
#1424=ORIENTED_EDGE('',*,*,#1423,.T.);
#1425=ORIENTED_EDGE('',*,*,#1409,.F.);
#1426=ORIENTED_EDGE('',*,*,#1370,.T.);
#1427=ORIENTED_EDGE('',*,*,#1180,.T.);
#1428=ORIENTED_EDGE('',*,*,#1224,.T.);
#1429=EDGE_LOOP('',(#1422,#1424,#1425,#1426,#1427,#1428));
#1430=FACE_OUTER_BOUND('',#1429,.F.);
#1431=ADVANCED_FACE('',(#1430),#1421,.F.);
#1432=CARTESIAN_POINT('',(2.994849415793E1,-3.601017533250E0,
-2.054612385323E1));
#1433=CARTESIAN_POINT('',(3.000706297393E1,-3.292393881804E0,
-2.053058076578E1));
#1434=CARTESIAN_POINT('',(3.011338216880E1,-2.505623360778E0,
-2.050236560528E1));
#1435=CARTESIAN_POINT('',(3.011337414173E1,-1.412079641206E0,
-2.050236773551E1));
#1436=CARTESIAN_POINT('',(3.001172300112E1,-6.426340102094E-1,
-2.052934408020E1));
#1437=CARTESIAN_POINT('',(2.995815814359E1,-3.508851115979E-1,
-2.054355920903E1));
#1439=CARTESIAN_POINT('',(2.183324310544E1,-5.249999995638E0,
-2.269976234964E1));
#1440=DIRECTION('',(0.E0,1.E0,0.E0));
#1441=AXIS1_PLACEMENT('',#1439,#1440);
#1442=SURFACE_OF_REVOLUTION('',#1438,#1441);
#1443=ORIENTED_EDGE('',*,*,#1302,.F.);
#1444=ORIENTED_EDGE('',*,*,#1334,.F.);
#1445=ORIENTED_EDGE('',*,*,#1411,.F.);
#1446=ORIENTED_EDGE('',*,*,#1423,.F.);
#1447=EDGE_LOOP('',(#1443,#1444,#1445,#1446));
#1448=FACE_OUTER_BOUND('',#1447,.F.);
#1449=ADVANCED_FACE('',(#1448),#1442,.F.);
#1450=CARTESIAN_POINT('',(3.038751277805E1,-1.900004094873E0,
-2.290978573838E1));
#1451=CARTESIAN_POINT('',(3.038751280244E1,-1.900002697344E0,
-2.290652387068E1));
#1452=CARTESIAN_POINT('',(3.038751428707E1,-1.899917642973E0,
-2.270326480279E1));
#1453=CARTESIAN_POINT('',(3.038751355257E1,-1.899959722884E0,
-2.249657255587E1));
#1454=CARTESIAN_POINT('',(3.038751062395E1,-1.900127503277E0,
-2.229348355821E1));
#1455=CARTESIAN_POINT('',(3.038751057640E1,-1.900130227519E0,
-2.229022547018E1));
#1457=DIRECTION('',(-9.998476951564E-1,1.745240643728E-2,0.E0));
#1458=VECTOR('',#1457,1.E0);
#1459=SURFACE_OF_LINEAR_EXTRUSION('',#1456,#1458);
#1460=ORIENTED_EDGE('',*,*,#1338,.F.);
#1461=ORIENTED_EDGE('',*,*,#1235,.F.);
#1463=ORIENTED_EDGE('',*,*,#1462,.F.);
#1464=ORIENTED_EDGE('',*,*,#1359,.T.);
#1465=EDGE_LOOP('',(#1460,#1461,#1463,#1464));
#1466=FACE_OUTER_BOUND('',#1465,.F.);
#1467=ADVANCED_FACE('',(#1466),#1459,.T.);
#1468=CARTESIAN_POINT('',(2.805E1,-1.6E0,-2.23E1));
#1469=DIRECTION('',(-7.071067811865E-1,-7.071067811865E-1,0.E0));
#1470=DIRECTION('',(0.E0,0.E0,-1.E0));
#1471=AXIS2_PLACEMENT_3D('',#1468,#1469,#1470);
#1472=PLANE('',#1471);
#1474=ORIENTED_EDGE('',*,*,#1473,.F.);
#1475=ORIENTED_EDGE('',*,*,#1361,.T.);
#1476=ORIENTED_EDGE('',*,*,#1462,.T.);
#1477=ORIENTED_EDGE('',*,*,#1233,.F.);
#1478=EDGE_LOOP('',(#1474,#1475,#1476,#1477));
#1479=FACE_OUTER_BOUND('',#1478,.F.);
#1480=ADVANCED_FACE('',(#1479),#1472,.T.);
#1481=CARTESIAN_POINT('',(2.805E1,0.E0,0.E0));
#1482=DIRECTION('',(1.E0,0.E0,0.E0));
#1483=DIRECTION('',(0.E0,0.E0,-1.E0));
#1484=AXIS2_PLACEMENT_3D('',#1481,#1482,#1483);
#1485=PLANE('',#1484);
#1486=ORIENTED_EDGE('',*,*,#1473,.T.);
#1487=ORIENTED_EDGE('',*,*,#1231,.T.);
#1489=ORIENTED_EDGE('',*,*,#1488,.T.);
#1490=ORIENTED_EDGE('',*,*,#1363,.T.);
#1491=EDGE_LOOP('',(#1486,#1487,#1489,#1490));
#1492=FACE_OUTER_BOUND('',#1491,.F.);
#1493=ADVANCED_FACE('',(#1492),#1485,.F.);
#1494=CARTESIAN_POINT('',(2.805E1,-3.E-1,-2.29E1));
#1495=DIRECTION('',(-7.071067811865E-1,7.071067811865E-1,0.E0));
#1496=DIRECTION('',(0.E0,0.E0,1.E0));
#1497=AXIS2_PLACEMENT_3D('',#1494,#1495,#1496);
#1498=PLANE('',#1497);
#1499=ORIENTED_EDGE('',*,*,#1488,.F.);
#1500=ORIENTED_EDGE('',*,*,#1229,.T.);
#1502=ORIENTED_EDGE('',*,*,#1501,.T.);
#1503=ORIENTED_EDGE('',*,*,#1365,.F.);
#1504=EDGE_LOOP('',(#1499,#1500,#1502,#1503));
#1505=FACE_OUTER_BOUND('',#1504,.F.);
#1506=ADVANCED_FACE('',(#1505),#1498,.T.);
#1507=CARTESIAN_POINT('',(2.805E1,0.E0,-2.29E1));
#1508=DIRECTION('',(0.E0,1.E0,0.E0));
#1509=DIRECTION('',(0.E0,0.E0,1.E0));
#1510=AXIS2_PLACEMENT_3D('',#1507,#1508,#1509);
#1511=PLANE('',#1510);
#1512=ORIENTED_EDGE('',*,*,#1184,.T.);
#1513=ORIENTED_EDGE('',*,*,#1367,.F.);
#1514=ORIENTED_EDGE('',*,*,#1501,.F.);
#1515=ORIENTED_EDGE('',*,*,#1227,.T.);
#1516=EDGE_LOOP('',(#1512,#1513,#1514,#1515));
#1517=FACE_OUTER_BOUND('',#1516,.F.);
#1518=ADVANCED_FACE('',(#1517),#1511,.T.);
#1519=CARTESIAN_POINT('',(2.925E1,-1.530088711795E-1,-2.05E1));
#1520=DIRECTION('',(-5.233595624294E-2,0.E0,9.986295347546E-1));
#1521=DIRECTION('',(0.E0,-1.E0,0.E0));
#1522=AXIS2_PLACEMENT_3D('',#1519,#1520,#1521);
#1523=PLANE('',#1522);
#1524=ORIENTED_EDGE('',*,*,#1188,.T.);
#1526=ORIENTED_EDGE('',*,*,#1525,.F.);
#1528=ORIENTED_EDGE('',*,*,#1527,.F.);
#1530=ORIENTED_EDGE('',*,*,#1529,.T.);
#1531=EDGE_LOOP('',(#1524,#1526,#1528,#1530));
#1532=FACE_OUTER_BOUND('',#1531,.F.);
#1533=ADVANCED_FACE('',(#1532),#1523,.T.);
#1534=CARTESIAN_POINT('',(2.925E1,-3.7E0,-1.995300887118E1));
#1535=DIRECTION('',(-5.233595624294E-2,-9.986295347546E-1,0.E0));
#1536=DIRECTION('',(0.E0,0.E0,-1.E0));
#1537=AXIS2_PLACEMENT_3D('',#1534,#1535,#1536);
#1538=PLANE('',#1537);
#1539=ORIENTED_EDGE('',*,*,#1194,.T.);
#1541=ORIENTED_EDGE('',*,*,#1540,.F.);
#1543=ORIENTED_EDGE('',*,*,#1542,.F.);
#1544=ORIENTED_EDGE('',*,*,#1525,.T.);
#1545=EDGE_LOOP('',(#1539,#1541,#1543,#1544));
#1546=FACE_OUTER_BOUND('',#1545,.F.);
#1547=ADVANCED_FACE('',(#1546),#1538,.T.);
#1548=CARTESIAN_POINT('',(2.925E1,-4.246991128820E0,-2.09E1));
#1549=DIRECTION('',(-5.233595624294E-2,0.E0,-9.986295347546E-1));
#1550=DIRECTION('',(0.E0,1.E0,0.E0));
#1551=AXIS2_PLACEMENT_3D('',#1548,#1549,#1550);
#1552=PLANE('',#1551);
#1553=ORIENTED_EDGE('',*,*,#1192,.T.);
#1555=ORIENTED_EDGE('',*,*,#1554,.F.);
#1557=ORIENTED_EDGE('',*,*,#1556,.F.);
#1558=ORIENTED_EDGE('',*,*,#1540,.T.);
#1559=EDGE_LOOP('',(#1553,#1555,#1557,#1558));
#1560=FACE_OUTER_BOUND('',#1559,.F.);
#1561=ADVANCED_FACE('',(#1560),#1552,.T.);
#1562=CARTESIAN_POINT('',(2.925E1,-7.E-1,-2.144699112882E1));
#1563=DIRECTION('',(-5.233595624294E-2,9.986295347546E-1,0.E0));
#1564=DIRECTION('',(0.E0,0.E0,1.E0));
#1565=AXIS2_PLACEMENT_3D('',#1562,#1563,#1564);
#1566=PLANE('',#1565);
#1567=ORIENTED_EDGE('',*,*,#1190,.T.);
#1568=ORIENTED_EDGE('',*,*,#1529,.F.);
#1570=ORIENTED_EDGE('',*,*,#1569,.F.);
#1571=ORIENTED_EDGE('',*,*,#1554,.T.);
#1572=EDGE_LOOP('',(#1567,#1568,#1570,#1571));
#1573=FACE_OUTER_BOUND('',#1572,.F.);
#1574=ADVANCED_FACE('',(#1573),#1566,.T.);
#1575=CARTESIAN_POINT('',(2.9E1,0.E0,0.E0));
#1576=DIRECTION('',(1.E0,0.E0,0.E0));
#1577=DIRECTION('',(0.E0,-1.E0,0.E0));
#1578=AXIS2_PLACEMENT_3D('',#1575,#1576,#1577);
#1579=PLANE('',#1578);
#1580=ORIENTED_EDGE('',*,*,#1527,.T.);
#1581=ORIENTED_EDGE('',*,*,#1542,.T.);
#1582=ORIENTED_EDGE('',*,*,#1556,.T.);
#1583=ORIENTED_EDGE('',*,*,#1569,.T.);
#1584=EDGE_LOOP('',(#1580,#1581,#1582,#1583));
#1585=FACE_OUTER_BOUND('',#1584,.F.);
#1586=ADVANCED_FACE('',(#1585),#1579,.F.);
#1587=CARTESIAN_POINT('',(2.9E1,0.E0,0.E0));
#1588=DIRECTION('',(1.E0,0.E0,0.E0));
#1589=DIRECTION('',(0.E0,-1.E0,0.E0));
#1590=AXIS2_PLACEMENT_3D('',#1587,#1588,#1589);
#1591=PLANE('',#1590);
#1593=ORIENTED_EDGE('',*,*,#1592,.T.);
#1595=ORIENTED_EDGE('',*,*,#1594,.T.);
#1597=ORIENTED_EDGE('',*,*,#1596,.T.);
#1599=ORIENTED_EDGE('',*,*,#1598,.T.);
#1600=EDGE_LOOP('',(#1593,#1595,#1597,#1599));
#1601=FACE_OUTER_BOUND('',#1600,.F.);
#1602=ADVANCED_FACE('',(#1601),#1591,.F.);
#1603=CARTESIAN_POINT('',(2.925E1,-7.E-1,-2.544699112882E1));
#1604=DIRECTION('',(-5.233595624294E-2,9.986295347546E-1,0.E0));
#1605=DIRECTION('',(0.E0,0.E0,1.E0));
#1606=AXIS2_PLACEMENT_3D('',#1603,#1604,#1605);
#1607=PLANE('',#1606);
#1608=ORIENTED_EDGE('',*,*,#1198,.T.);
#1610=ORIENTED_EDGE('',*,*,#1609,.F.);
#1611=ORIENTED_EDGE('',*,*,#1592,.F.);
#1613=ORIENTED_EDGE('',*,*,#1612,.T.);
#1614=EDGE_LOOP('',(#1608,#1610,#1611,#1613));
#1615=FACE_OUTER_BOUND('',#1614,.F.);
#1616=ADVANCED_FACE('',(#1615),#1607,.T.);
#1617=CARTESIAN_POINT('',(2.925E1,-1.530088711795E-1,-2.45E1));
#1618=DIRECTION('',(-5.233595624294E-2,0.E0,9.986295347546E-1));
#1619=DIRECTION('',(0.E0,-1.E0,0.E0));
#1620=AXIS2_PLACEMENT_3D('',#1617,#1618,#1619);
#1621=PLANE('',#1620);
#1622=ORIENTED_EDGE('',*,*,#1204,.T.);
#1624=ORIENTED_EDGE('',*,*,#1623,.F.);
#1625=ORIENTED_EDGE('',*,*,#1594,.F.);
#1626=ORIENTED_EDGE('',*,*,#1609,.T.);
#1627=EDGE_LOOP('',(#1622,#1624,#1625,#1626));
#1628=FACE_OUTER_BOUND('',#1627,.F.);
#1629=ADVANCED_FACE('',(#1628),#1621,.T.);
#1630=CARTESIAN_POINT('',(2.925E1,-3.7E0,-2.395300887118E1));
#1631=DIRECTION('',(-5.233595624294E-2,-9.986295347546E-1,0.E0));
#1632=DIRECTION('',(0.E0,0.E0,-1.E0));
#1633=AXIS2_PLACEMENT_3D('',#1630,#1631,#1632);
#1634=PLANE('',#1633);
#1635=ORIENTED_EDGE('',*,*,#1202,.T.);
#1637=ORIENTED_EDGE('',*,*,#1636,.F.);
#1638=ORIENTED_EDGE('',*,*,#1596,.F.);
#1639=ORIENTED_EDGE('',*,*,#1623,.T.);
#1640=EDGE_LOOP('',(#1635,#1637,#1638,#1639));
#1641=FACE_OUTER_BOUND('',#1640,.F.);
#1642=ADVANCED_FACE('',(#1641),#1634,.T.);
#1643=CARTESIAN_POINT('',(2.925E1,-4.246991128820E0,-2.49E1));
#1644=DIRECTION('',(-5.233595624294E-2,0.E0,-9.986295347546E-1));
#1645=DIRECTION('',(0.E0,1.E0,0.E0));
#1646=AXIS2_PLACEMENT_3D('',#1643,#1644,#1645);
#1647=PLANE('',#1646);
#1648=ORIENTED_EDGE('',*,*,#1200,.T.);
#1649=ORIENTED_EDGE('',*,*,#1612,.F.);
#1650=ORIENTED_EDGE('',*,*,#1598,.F.);
#1651=ORIENTED_EDGE('',*,*,#1636,.T.);
#1652=EDGE_LOOP('',(#1648,#1649,#1650,#1651));
#1653=FACE_OUTER_BOUND('',#1652,.F.);
#1654=ADVANCED_FACE('',(#1653),#1647,.T.);
#1655=CARTESIAN_POINT('',(2.925E1,-1.95E0,-2.814699112882E1));
#1656=DIRECTION('',(-5.233595624294E-2,9.986295347546E-1,0.E0));
#1657=DIRECTION('',(0.E0,0.E0,1.E0));
#1658=AXIS2_PLACEMENT_3D('',#1655,#1656,#1657);
#1659=PLANE('',#1658);
#1660=ORIENTED_EDGE('',*,*,#1161,.T.);
#1662=ORIENTED_EDGE('',*,*,#1661,.F.);
#1664=ORIENTED_EDGE('',*,*,#1663,.F.);
#1666=ORIENTED_EDGE('',*,*,#1665,.T.);
#1667=EDGE_LOOP('',(#1660,#1662,#1664,#1666));
#1668=FACE_OUTER_BOUND('',#1667,.F.);
#1669=ADVANCED_FACE('',(#1668),#1659,.T.);
#1670=CARTESIAN_POINT('',(2.925E1,-1.403008871180E0,-2.62E1));
#1671=DIRECTION('',(-5.233595624294E-2,0.E0,9.986295347546E-1));
#1672=DIRECTION('',(0.E0,-1.E0,0.E0));
#1673=AXIS2_PLACEMENT_3D('',#1670,#1671,#1672);
#1674=PLANE('',#1673);
#1675=ORIENTED_EDGE('',*,*,#1174,.F.);
#1677=ORIENTED_EDGE('',*,*,#1676,.F.);
#1679=ORIENTED_EDGE('',*,*,#1678,.F.);
#1680=ORIENTED_EDGE('',*,*,#1661,.T.);
#1681=EDGE_LOOP('',(#1675,#1677,#1679,#1680));
#1682=FACE_OUTER_BOUND('',#1681,.F.);
#1683=ADVANCED_FACE('',(#1682),#1674,.T.);
#1684=CARTESIAN_POINT('',(2.925E1,-5.25E0,5.469911288205E-1));
#1685=DIRECTION('',(-5.233595624294E-2,-9.986295347546E-1,0.E0));
#1686=DIRECTION('',(0.E0,0.E0,-1.E0));
#1687=AXIS2_PLACEMENT_3D('',#1684,#1685,#1686);
#1688=PLANE('',#1687);
#1690=ORIENTED_EDGE('',*,*,#1689,.T.);
#1692=ORIENTED_EDGE('',*,*,#1691,.F.);
#1693=ORIENTED_EDGE('',*,*,#1676,.T.);
#1694=ORIENTED_EDGE('',*,*,#1172,.F.);
#1695=ORIENTED_EDGE('',*,*,#1121,.F.);
#1696=ORIENTED_EDGE('',*,*,#1104,.F.);
#1697=EDGE_LOOP('',(#1690,#1692,#1693,#1694,#1695,#1696));
#1698=FACE_OUTER_BOUND('',#1697,.F.);
#1699=ADVANCED_FACE('',(#1698),#1688,.T.);
#1700=CARTESIAN_POINT('',(2.925E1,9.699112882048E-2,-2.76E1));
#1701=DIRECTION('',(-5.233595624294E-2,0.E0,-9.986295347546E-1));
#1702=DIRECTION('',(0.E0,1.E0,0.E0));
#1703=AXIS2_PLACEMENT_3D('',#1700,#1701,#1702);
#1704=PLANE('',#1703);
#1706=ORIENTED_EDGE('',*,*,#1705,.T.);
#1707=ORIENTED_EDGE('',*,*,#1665,.F.);
#1709=ORIENTED_EDGE('',*,*,#1708,.F.);
#1710=ORIENTED_EDGE('',*,*,#1689,.F.);
#1711=ORIENTED_EDGE('',*,*,#1102,.F.);
#1712=EDGE_LOOP('',(#1706,#1707,#1709,#1710,#1711));
#1713=FACE_OUTER_BOUND('',#1712,.F.);
#1714=ADVANCED_FACE('',(#1713),#1704,.T.);
#1715=CARTESIAN_POINT('',(2.945E1,-1.95E0,-2.71E1));
#1716=DIRECTION('',(1.E0,0.E0,0.E0));
#1717=DIRECTION('',(0.E0,-1.E0,0.E0));
#1718=AXIS2_PLACEMENT_3D('',#1715,#1716,#1717);
#1719=CONICAL_SURFACE('',#1718,5.104815558566E-1,3.E0);
#1720=ORIENTED_EDGE('',*,*,#1163,.T.);
#1721=ORIENTED_EDGE('',*,*,#1705,.F.);
#1722=ORIENTED_EDGE('',*,*,#1100,.T.);
#1724=ORIENTED_EDGE('',*,*,#1723,.T.);
#1725=EDGE_LOOP('',(#1720,#1721,#1722,#1724));
#1726=FACE_OUTER_BOUND('',#1725,.F.);
#1727=ADVANCED_FACE('',(#1726),#1719,.T.);
#1728=CARTESIAN_POINT('',(2.925E1,-1.45E0,1.546991128820E0));
#1729=DIRECTION('',(-5.233595624294E-2,9.986295347546E-1,0.E0));
#1730=DIRECTION('',(0.E0,0.E0,1.E0));
#1731=AXIS2_PLACEMENT_3D('',#1728,#1729,#1730);
#1732=PLANE('',#1731);
#1733=ORIENTED_EDGE('',*,*,#1723,.F.);
#1734=ORIENTED_EDGE('',*,*,#1098,.F.);
#1736=ORIENTED_EDGE('',*,*,#1735,.T.);
#1737=ORIENTED_EDGE('',*,*,#1165,.F.);
#1738=EDGE_LOOP('',(#1733,#1734,#1736,#1737));
#1739=FACE_OUTER_BOUND('',#1738,.F.);
#1740=ADVANCED_FACE('',(#1739),#1732,.T.);
#1741=CARTESIAN_POINT('',(2.945E1,-1.949999995638E0,-2.269977051632E1));
#1742=DIRECTION('',(1.E0,0.E0,0.E0));
#1743=DIRECTION('',(0.E0,-1.E0,0.E0));
#1744=AXIS2_PLACEMENT_3D('',#1741,#1742,#1743);
#1745=CONICAL_SURFACE('',#1744,2.850635643227E0,3.E0);
#1746=ORIENTED_EDGE('',*,*,#1167,.T.);
#1747=ORIENTED_EDGE('',*,*,#1735,.F.);
#1748=ORIENTED_EDGE('',*,*,#1096,.T.);
#1749=ORIENTED_EDGE('',*,*,#1150,.T.);
#1750=EDGE_LOOP('',(#1746,#1747,#1748,#1749));
#1751=FACE_OUTER_BOUND('',#1750,.F.);
#1752=ADVANCED_FACE('',(#1751),#1745,.T.);
#1753=CARTESIAN_POINT('',(2.9E1,0.E0,0.E0));
#1754=DIRECTION('',(1.E0,0.E0,0.E0));
#1755=DIRECTION('',(0.E0,0.E0,-1.E0));
#1756=AXIS2_PLACEMENT_3D('',#1753,#1754,#1755);
#1757=PLANE('',#1756);
#1758=ORIENTED_EDGE('',*,*,#1708,.T.);
#1759=ORIENTED_EDGE('',*,*,#1663,.T.);
#1760=ORIENTED_EDGE('',*,*,#1678,.T.);
#1761=ORIENTED_EDGE('',*,*,#1691,.T.);
#1762=EDGE_LOOP('',(#1758,#1759,#1760,#1761));
#1763=FACE_OUTER_BOUND('',#1762,.F.);
#1764=ADVANCED_FACE('',(#1763),#1757,.F.);
#1765=CARTESIAN_POINT('',(-3.759979200150E1,-1.949999995638E0,
-2.269977051632E1));
#1766=DIRECTION('',(1.E0,0.E0,0.E0));
#1767=DIRECTION('',(0.E0,1.E0,0.E0));
#1768=AXIS2_PLACEMENT_3D('',#1765,#1766,#1767);
#1769=CYLINDRICAL_SURFACE('',#1768,1.3E0);
#1770=ORIENTED_EDGE('',*,*,#840,.T.);
#1772=ORIENTED_EDGE('',*,*,#1771,.T.);
#1774=ORIENTED_EDGE('',*,*,#1773,.F.);
#1776=ORIENTED_EDGE('',*,*,#1775,.F.);
#1777=EDGE_LOOP('',(#1770,#1772,#1774,#1776));
#1778=FACE_OUTER_BOUND('',#1777,.F.);
#1779=ADVANCED_FACE('',(#1778),#1769,.T.);
#1780=CARTESIAN_POINT('',(-3.759979200150E1,-1.949999995638E0,
-2.269977051632E1));
#1781=DIRECTION('',(1.E0,0.E0,0.E0));
#1782=DIRECTION('',(0.E0,1.E0,0.E0));
#1783=AXIS2_PLACEMENT_3D('',#1780,#1781,#1782);
#1784=CYLINDRICAL_SURFACE('',#1783,1.3E0);
#1785=ORIENTED_EDGE('',*,*,#842,.T.);
#1786=ORIENTED_EDGE('',*,*,#1775,.T.);
#1788=ORIENTED_EDGE('',*,*,#1787,.F.);
#1789=ORIENTED_EDGE('',*,*,#1771,.F.);
#1790=EDGE_LOOP('',(#1785,#1786,#1788,#1789));
#1791=FACE_OUTER_BOUND('',#1790,.F.);
#1792=ADVANCED_FACE('',(#1791),#1784,.T.);
#1793=CARTESIAN_POINT('',(3.047453676751E1,-3.683652679720E0,
-2.040652181167E1));
#1794=CARTESIAN_POINT('',(3.053460073710E1,-3.362746485549E0,
-2.039058193793E1));
#1795=CARTESIAN_POINT('',(3.064558425167E1,-2.533438191456E0,
-2.036112895269E1));
#1796=CARTESIAN_POINT('',(3.064557568713E1,-1.366561827947E0,
-2.036113122556E1));
#1797=CARTESIAN_POINT('',(3.053458069811E1,-5.372579865170E-1,
-2.039058725591E1));
#1798=CARTESIAN_POINT('',(3.047451276784E1,-2.163553219910E-1,
-2.040652818074E1));
#1800=CARTESIAN_POINT('',(2.183324310544E1,-5.249999995638E0,
-2.269976234964E1));
#1801=DIRECTION('',(0.E0,1.E0,0.E0));
#1802=AXIS1_PLACEMENT('',#1800,#1801);
#1803=SURFACE_OF_REVOLUTION('',#1799,#1802);
#1805=ORIENTED_EDGE('',*,*,#1804,.T.);
#1807=ORIENTED_EDGE('',*,*,#1806,.T.);
#1808=EDGE_LOOP('',(#1805,#1807));
#1809=FACE_OUTER_BOUND('',#1808,.F.);
#1810=ORIENTED_EDGE('',*,*,#1773,.T.);
#1811=ORIENTED_EDGE('',*,*,#1787,.T.);
#1812=EDGE_LOOP('',(#1810,#1811));
#1813=FACE_BOUND('',#1812,.F.);
#1814=ADVANCED_FACE('',(#1809,#1813),#1803,.T.);
#1815=CARTESIAN_POINT('',(3.047453676751E1,-3.683652679720E0,
-2.040652181167E1));
#1816=CARTESIAN_POINT('',(3.053460073710E1,-3.362746485549E0,
-2.039058193793E1));
#1817=CARTESIAN_POINT('',(3.064558425167E1,-2.533438191456E0,
-2.036112895269E1));
#1818=CARTESIAN_POINT('',(3.064557568713E1,-1.366561827947E0,
-2.036113122556E1));
#1819=CARTESIAN_POINT('',(3.053458069811E1,-5.372579865170E-1,
-2.039058725591E1));
#1820=CARTESIAN_POINT('',(3.047451276784E1,-2.163553219910E-1,
-2.040652818074E1));
#1822=CARTESIAN_POINT('',(2.183324310544E1,-5.249999995638E0,
-2.269976234964E1));
#1823=DIRECTION('',(0.E0,1.E0,0.E0));
#1824=AXIS1_PLACEMENT('',#1822,#1823);
#1825=SURFACE_OF_REVOLUTION('',#1821,#1824);
#1827=ORIENTED_EDGE('',*,*,#1826,.T.);
#1829=ORIENTED_EDGE('',*,*,#1828,.T.);
#1831=ORIENTED_EDGE('',*,*,#1830,.T.);
#1833=ORIENTED_EDGE('',*,*,#1832,.T.);
#1834=EDGE_LOOP('',(#1827,#1829,#1831,#1833));
#1835=FACE_OUTER_BOUND('',#1834,.F.);
#1836=ADVANCED_FACE('',(#1835),#1825,.T.);
#1837=CARTESIAN_POINT('',(-3.759979200150E1,-1.949999995638E0,
-2.269977051632E1));
#1838=DIRECTION('',(1.E0,0.E0,0.E0));
#1839=DIRECTION('',(0.E0,1.E0,0.E0));
#1840=AXIS2_PLACEMENT_3D('',#1837,#1838,#1839);
#1841=CYLINDRICAL_SURFACE('',#1840,1.7E0);
#1842=ORIENTED_EDGE('',*,*,#822,.T.);
#1844=ORIENTED_EDGE('',*,*,#1843,.T.);
#1845=ORIENTED_EDGE('',*,*,#1804,.F.);
#1847=ORIENTED_EDGE('',*,*,#1846,.F.);
#1848=EDGE_LOOP('',(#1842,#1844,#1845,#1847));
#1849=FACE_OUTER_BOUND('',#1848,.F.);
#1850=ADVANCED_FACE('',(#1849),#1841,.F.);
#1851=CARTESIAN_POINT('',(-3.759979200150E1,-1.949999995638E0,
-2.269977051632E1));
#1852=DIRECTION('',(1.E0,0.E0,0.E0));
#1853=DIRECTION('',(0.E0,1.E0,0.E0));
#1854=AXIS2_PLACEMENT_3D('',#1851,#1852,#1853);
#1855=CYLINDRICAL_SURFACE('',#1854,1.7E0);
#1856=ORIENTED_EDGE('',*,*,#824,.T.);
#1857=ORIENTED_EDGE('',*,*,#1846,.T.);
#1858=ORIENTED_EDGE('',*,*,#1806,.F.);
#1859=ORIENTED_EDGE('',*,*,#1843,.F.);
#1860=EDGE_LOOP('',(#1856,#1857,#1858,#1859));
#1861=FACE_OUTER_BOUND('',#1860,.F.);
#1862=ADVANCED_FACE('',(#1861),#1855,.F.);
#1863=CARTESIAN_POINT('',(-3.759979200150E1,-1.724999995638E0,
-2.369977051632E1));
#1864=DIRECTION('',(0.E0,0.E0,1.E0));
#1865=DIRECTION('',(0.E0,-1.E0,0.E0));
#1866=AXIS2_PLACEMENT_3D('',#1863,#1864,#1865);
#1867=PLANE('',#1866);
#1868=ORIENTED_EDGE('',*,*,#846,.T.);
#1870=ORIENTED_EDGE('',*,*,#1869,.T.);
#1871=ORIENTED_EDGE('',*,*,#1826,.F.);
#1873=ORIENTED_EDGE('',*,*,#1872,.F.);
#1874=EDGE_LOOP('',(#1868,#1870,#1871,#1873));
#1875=FACE_OUTER_BOUND('',#1874,.F.);
#1876=ADVANCED_FACE('',(#1875),#1867,.T.);
#1877=CARTESIAN_POINT('',(-3.759979200150E1,-2.174999995638E0,
-2.369977051632E1));
#1878=DIRECTION('',(0.E0,1.E0,0.E0));
#1879=DIRECTION('',(0.E0,0.E0,1.E0));
#1880=AXIS2_PLACEMENT_3D('',#1877,#1878,#1879);
#1881=PLANE('',#1880);
#1882=ORIENTED_EDGE('',*,*,#852,.T.);
#1884=ORIENTED_EDGE('',*,*,#1883,.T.);
#1885=ORIENTED_EDGE('',*,*,#1828,.F.);
#1886=ORIENTED_EDGE('',*,*,#1869,.F.);
#1887=EDGE_LOOP('',(#1882,#1884,#1885,#1886));
#1888=FACE_OUTER_BOUND('',#1887,.F.);
#1889=ADVANCED_FACE('',(#1888),#1881,.T.);
#1890=CARTESIAN_POINT('',(-3.759979200150E1,-2.174999995638E0,
-2.169977051632E1));
#1891=DIRECTION('',(0.E0,0.E0,-1.E0));
#1892=DIRECTION('',(0.E0,1.E0,0.E0));
#1893=AXIS2_PLACEMENT_3D('',#1890,#1891,#1892);
#1894=PLANE('',#1893);
#1895=ORIENTED_EDGE('',*,*,#850,.T.);
#1897=ORIENTED_EDGE('',*,*,#1896,.T.);
#1898=ORIENTED_EDGE('',*,*,#1830,.F.);
#1899=ORIENTED_EDGE('',*,*,#1883,.F.);
#1900=EDGE_LOOP('',(#1895,#1897,#1898,#1899));
#1901=FACE_OUTER_BOUND('',#1900,.F.);
#1902=ADVANCED_FACE('',(#1901),#1894,.T.);
#1903=CARTESIAN_POINT('',(-3.759979200150E1,-1.724999995638E0,
-2.169977051632E1));
#1904=DIRECTION('',(0.E0,-1.E0,0.E0));
#1905=DIRECTION('',(0.E0,0.E0,-1.E0));
#1906=AXIS2_PLACEMENT_3D('',#1903,#1904,#1905);
#1907=PLANE('',#1906);
#1908=ORIENTED_EDGE('',*,*,#848,.T.);
#1909=ORIENTED_EDGE('',*,*,#1872,.T.);
#1910=ORIENTED_EDGE('',*,*,#1832,.F.);
#1911=ORIENTED_EDGE('',*,*,#1896,.F.);
#1912=EDGE_LOOP('',(#1908,#1909,#1910,#1911));
#1913=FACE_OUTER_BOUND('',#1912,.F.);
#1914=ADVANCED_FACE('',(#1913),#1907,.T.);
#1915=CLOSED_SHELL('',(#828,#856,#995,#1010,#1024,#1084,#1112,#1127,#1141,#1155,
#1208,#1241,#1308,#1342,#1374,#1416,#1431,#1449,#1467,#1480,#1493,#1506,#1518,
#1533,#1547,#1561,#1574,#1586,#1602,#1616,#1629,#1642,#1654,#1669,#1683,#1699,
#1714,#1727,#1740,#1752,#1764,#1779,#1792,#1814,#1836,#1850,#1862,#1876,#1889,
#1902,#1914));
#1916=CARTESIAN_POINT('',(2.870585997309E-9,-6.199998762176E0,
-1.439977051632E1));
#1917=DIRECTION('',(0.E0,-1.E0,0.E0));
#1918=DIRECTION('',(1.E0,0.E0,0.E0));
#1919=AXIS2_PLACEMENT_3D('',#1916,#1917,#1918);
#1921=DIRECTION('',(0.E0,1.E0,0.E0));
#1922=VECTOR('',#1921,7.999998152783E0);
#1923=CARTESIAN_POINT('',(-3.099981091045E1,-6.199999072029E0,
-1.439977051632E1));
#1924=LINE('',#1923,#1922);
#1925=CARTESIAN_POINT('',(2.870585997309E-9,1.799998770900E0,
-1.439977051632E1));
#1926=DIRECTION('',(0.E0,1.E0,0.E0));
#1927=DIRECTION('',(-1.E0,0.E0,0.E0));
#1928=AXIS2_PLACEMENT_3D('',#1925,#1926,#1927);
#1930=DIRECTION('',(-3.457069708031E-6,9.999999999940E-1,3.257395106370E-12));
#1931=VECTOR('',#1930,7.999998152830E0);
#1932=CARTESIAN_POINT('',(3.099991928781E1,-6.199999072029E0,
-1.439977051633E1));
#1933=LINE('',#1932,#1931);
#1934=DIRECTION('',(-9.038928442755E-7,1.522220057368E-8,9.999999999996E-1));
#1935=VECTOR('',#1934,5.869999999998E1);
#1936=CARTESIAN_POINT('',(3.099997234632E1,-6.199999965572E0,
-7.309977051629E1));
#1937=LINE('',#1936,#1935);
#1938=DIRECTION('',(4.327420711554E-7,1.522220114453E-8,-9.999999999999E-1));
#1939=VECTOR('',#1938,5.869999035934E1);
#1940=CARTESIAN_POINT('',(3.099989163125E1,1.799999080754E0,-1.439977051631E1));
#1941=LINE('',#1940,#1939);
#1942=DIRECTION('',(6.914138280419E-6,-9.999999999754E-1,-1.205081243829E-6));
#1943=VECTOR('',#1942,7.999999940066E0);
#1944=CARTESIAN_POINT('',(3.099991703321E1,1.799999974297E0,-7.309976087564E1));
#1945=LINE('',#1944,#1943);
#1946=CARTESIAN_POINT('',(3.099981091619E1,-6.199998762176E0,
-1.439977051632E1));
#1947=CARTESIAN_POINT('',(-3.099981091045E1,-6.199998762176E0,
-1.439977051632E1));
#1948=VERTEX_POINT('',#1946);
#1949=VERTEX_POINT('',#1947);
#1950=CARTESIAN_POINT('',(3.099981091619E1,1.799998770900E0,-1.439977051632E1));
#1951=CARTESIAN_POINT('',(-3.099981091045E1,1.799998770900E0,
-1.439977051632E1));
#1952=VERTEX_POINT('',#1950);
#1953=VERTEX_POINT('',#1951);
#1954=CARTESIAN_POINT('',(3.099997234632E1,-6.199999965572E0,
-7.309977051629E1));
#1955=VERTEX_POINT('',#1954);
#1956=CARTESIAN_POINT('',(3.099991703321E1,1.799999974297E0,-7.309976087564E1));
#1957=VERTEX_POINT('',#1956);
#1958=CARTESIAN_POINT('',(2.870585997309E-9,-2.199999991226E0,
-1.439977051632E1));
#1959=DIRECTION('',(0.E0,-1.E0,0.E0));
#1960=DIRECTION('',(-1.E0,0.E0,0.E0));
#1961=AXIS2_PLACEMENT_3D('',#1958,#1959,#1960);
#1962=CYLINDRICAL_SURFACE('',#1961,3.099981091332E1);
#1964=ORIENTED_EDGE('',*,*,#1963,.T.);
#1966=ORIENTED_EDGE('',*,*,#1965,.T.);
#1968=ORIENTED_EDGE('',*,*,#1967,.T.);
#1970=ORIENTED_EDGE('',*,*,#1969,.F.);
#1971=EDGE_LOOP('',(#1964,#1966,#1968,#1970));
#1972=FACE_OUTER_BOUND('',#1971,.F.);
#1973=ADVANCED_FACE('',(#1972),#1962,.T.);
#1974=CARTESIAN_POINT('',(3.099997234631E1,-2.199999995195E0,
-4.374976944207E1));
#1975=DIRECTION('',(9.999999999757E-1,6.914139416014E-6,-9.423017095143E-7));
#1976=DIRECTION('',(6.914138848242E-6,-9.999999999759E-1,-6.025390677673E-7));
#1977=AXIS2_PLACEMENT_3D('',#1974,#1975,#1976);
#1978=PLANE('',#1977);
#1980=ORIENTED_EDGE('',*,*,#1979,.T.);
#1981=ORIENTED_EDGE('',*,*,#1969,.T.);
#1983=ORIENTED_EDGE('',*,*,#1982,.T.);
#1985=ORIENTED_EDGE('',*,*,#1984,.T.);
#1986=EDGE_LOOP('',(#1980,#1981,#1983,#1985));
#1987=FACE_OUTER_BOUND('',#1986,.F.);
#1988=ADVANCED_FACE('',(#1987),#1978,.T.);
#1989=OPEN_SHELL('',(#1973,#1988));
#1991=CARTESIAN_POINT('',(2.870585997309E-9,-6.199999194216E0,
-1.439977051632E1));
#1992=DIRECTION('',(0.E0,1.E0,0.E0));
#1993=DIRECTION('',(-1.E0,0.E0,0.E0));
#1994=AXIS2_PLACEMENT_3D('',#1991,#1992,#1993);
#1996=DIRECTION('',(-3.457069736022E-6,9.999999999940E-1,-5.889991443330E-8));
#1997=VECTOR('',#1996,7.999997536200E0);
#1998=CARTESIAN_POINT('',(3.049991928762E1,-6.199946485294E0,
-1.439977004520E1));
#1999=LINE('',#1998,#1997);
#2000=CARTESIAN_POINT('',(2.870585997309E-9,1.799998338824E0,
-1.439977051632E1));
#2001=DIRECTION('',(0.E0,-1.E0,0.E0));
#2002=DIRECTION('',(1.E0,0.E0,0.E0));
#2003=AXIS2_PLACEMENT_3D('',#2000,#2001,#2002);
#2005=DIRECTION('',(0.E0,-1.E0,0.E0));
#2006=VECTOR('',#2005,7.999997530136E0);
#2007=CARTESIAN_POINT('',(-3.049981091045E1,1.799945627348E0,
-1.439977051632E1));
#2008=LINE('',#2007,#2006);
#2009=DIRECTION('',(9.038894514632E-7,-1.628453112922E-12,-9.999999999996E-1));
#2010=VECTOR('',#2009,5.870000288109E1);
#2011=CARTESIAN_POINT('',(3.049991928762E1,-6.199946485294E0,
-1.439977004520E1));
#2012=LINE('',#2011,#2010);
#2013=DIRECTION('',(-6.914138028419E-6,9.999999999750E-1,1.472476129122E-6));
#2014=VECTOR('',#2013,7.999997536073E0);
#2015=CARTESIAN_POINT('',(3.049997234593E1,-6.199946485390E0,
-7.309977292626E1));
#2016=LINE('',#2015,#2014);
#2017=DIRECTION('',(-4.327390057757E-7,6.382909606308E-12,9.999999999999E-1));
#2018=VECTOR('',#2017,5.869999063007E1);
#2019=CARTESIAN_POINT('',(3.049991703284E1,1.800051050483E0,-7.309976114646E1));
#2020=LINE('',#2019,#2018);
#2021=CARTESIAN_POINT('',(3.049981091619E1,-6.199999194216E0,
-1.439977004520E1));
#2022=CARTESIAN_POINT('',(-3.049981091045E1,-6.199999194216E0,
-1.439977051632E1));
#2023=VERTEX_POINT('',#2021);
#2024=VERTEX_POINT('',#2022);
#2025=CARTESIAN_POINT('',(3.049981091619E1,1.799998338824E0,-1.439977051632E1));
#2026=CARTESIAN_POINT('',(-3.049981091045E1,1.799998338824E0,
-1.439977051632E1));
#2027=VERTEX_POINT('',#2025);
#2028=VERTEX_POINT('',#2026);
#2029=CARTESIAN_POINT('',(3.049997234593E1,-6.199946485390E0,
-7.309977292626E1));
#2030=VERTEX_POINT('',#2029);
#2031=CARTESIAN_POINT('',(3.049991703284E1,1.800051050483E0,-7.309976114646E1));
#2032=VERTEX_POINT('',#2031);
#2033=CARTESIAN_POINT('',(2.870585997309E-9,-2.199999991226E0,
-1.439977051632E1));
#2034=DIRECTION('',(0.E0,-1.E0,0.E0));
#2035=DIRECTION('',(-1.E0,0.E0,0.E0));
#2036=AXIS2_PLACEMENT_3D('',#2033,#2034,#2035);
#2037=CYLINDRICAL_SURFACE('',#2036,3.049981091332E1);
#2039=ORIENTED_EDGE('',*,*,#2038,.T.);
#2041=ORIENTED_EDGE('',*,*,#2040,.T.);
#2043=ORIENTED_EDGE('',*,*,#2042,.T.);
#2045=ORIENTED_EDGE('',*,*,#2044,.T.);
#2046=EDGE_LOOP('',(#2039,#2041,#2043,#2045));
#2047=FACE_OUTER_BOUND('',#2046,.F.);
#2048=ADVANCED_FACE('',(#2047),#2037,.F.);
#2049=CARTESIAN_POINT('',(3.049997234633E1,-2.200003452265E0,
-4.374976897092E1));
#2050=DIRECTION('',(9.999999999757E-1,6.914139416014E-6,-9.423017095143E-7));
#2051=DIRECTION('',(6.914138848242E-6,-9.999999999759E-1,-6.025390677673E-7));
#2052=AXIS2_PLACEMENT_3D('',#2049,#2050,#2051);
#2053=PLANE('',#2052);
#2055=ORIENTED_EDGE('',*,*,#2054,.T.);
#2057=ORIENTED_EDGE('',*,*,#2056,.T.);
#2059=ORIENTED_EDGE('',*,*,#2058,.T.);
#2060=ORIENTED_EDGE('',*,*,#2040,.F.);
#2061=EDGE_LOOP('',(#2055,#2057,#2059,#2060));
#2062=FACE_OUTER_BOUND('',#2061,.F.);
#2063=ADVANCED_FACE('',(#2062),#2053,.F.);
#2064=OPEN_SHELL('',(#2048,#2063));
#2065=MANIFOLD_SOLID_BREP('',#1915);
#2066=SHELL_BASED_SURFACE_MODEL('',(#1989,#2064));
#2067=(LENGTH_UNIT()NAMED_UNIT(*)SI_UNIT(.MILLI.,.METRE.));
#2068=DIMENSIONAL_EXPONENTS(0.E0,0.E0,0.E0,0.E0,0.E0,0.E0,0.E0);
#2069=(NAMED_UNIT(*)PLANE_ANGLE_UNIT()SI_UNIT($,.RADIAN.));
#2070=PLANE_ANGLE_MEASURE_WITH_UNIT(PLANE_ANGLE_MEASURE(1.745329251994E-2),
#2069);
#2071=(CONVERSION_BASED_UNIT('DEGREE',#2070)NAMED_UNIT(#2068)PLANE_ANGLE_UNIT(
));
#2072=(NAMED_UNIT(*)SI_UNIT($,.STERADIAN.)SOLID_ANGLE_UNIT());
#2073=UNCERTAINTY_MEASURE_WITH_UNIT(LENGTH_MEASURE(4.651955327555E-3),#2067,
'closure',
'Maximum model space distance between geometric entities at asserted connectivities');
#2074=(GEOMETRIC_REPRESENTATION_CONTEXT(3)GLOBAL_UNCERTAINTY_ASSIGNED_CONTEXT((
#2073))GLOBAL_UNIT_ASSIGNED_CONTEXT((#2067,#2071,#2072))REPRESENTATION_CONTEXT(
'ID1','3'));
#2077=CARTESIAN_POINT('',(0.E0,0.E0,0.E0));
#2078=DIRECTION('',(0.E0,0.E0,1.E0));
#2079=DIRECTION('',(1.E0,0.E0,0.E0));
#2082=SHAPE_REPRESENTATION_RELATIONSHIP('','',#2081,#2075);
#2083=SHAPE_REPRESENTATION_RELATIONSHIP('','',#2081,#2076);
#2084=APPLICATION_CONTEXT(
'CONFIGURATION CONTROLLED 3D DESIGNS OF MECHANICAL PARTS AND ASSEMBLIES');
#2085=APPLICATION_PROTOCOL_DEFINITION('international standard',
'config_control_design',1994,#2084);
#2086=DESIGN_CONTEXT('',#2084,'design');
#2087=MECHANICAL_CONTEXT('',#2084,'mechanical');
#2088=PRODUCT('GTC01-A-MKT01_PRT','GTC01-A-MKT01_PRT','NOT SPECIFIED',(#2087));
#2089=PRODUCT_DEFINITION_FORMATION_WITH_SPECIFIED_SOURCE('1','LAST_VERSION',
#2088,.MADE.);
#2093=PRODUCT_CATEGORY('part','');
#2094=PRODUCT_RELATED_PRODUCT_CATEGORY('detail','',(#2088));
#2095=PRODUCT_CATEGORY_RELATIONSHIP('','',#2093,#2094);
#2096=SECURITY_CLASSIFICATION_LEVEL('unclassified');
#2097=SECURITY_CLASSIFICATION('','',#2096);
#2098=CC_DESIGN_SECURITY_CLASSIFICATION(#2097,(#2089));
#2099=APPROVAL_STATUS('approved');
#2100=APPROVAL(#2099,'');
#2101=CC_DESIGN_APPROVAL(#2100,(#2097,#2089,#2090));
#2102=CALENDAR_DATE(108,30,6);
#2103=COORDINATED_UNIVERSAL_TIME_OFFSET(3,0,.BEHIND.);
#2104=LOCAL_TIME(11,3,2.5E1,#2103);
#2105=DATE_AND_TIME(#2102,#2104);
#2106=APPROVAL_DATE_TIME(#2105,#2100);
#2107=DATE_TIME_ROLE('creation_date');
#2108=CC_DESIGN_DATE_AND_TIME_ASSIGNMENT(#2105,#2107,(#2090));
#2109=DATE_TIME_ROLE('classification_date');
#2110=CC_DESIGN_DATE_AND_TIME_ASSIGNMENT(#2105,#2109,(#2097));
#2111=PERSON('UNSPECIFIED','UNSPECIFIED',$,$,$,$);
#2112=ORGANIZATION('UNSPECIFIED','UNSPECIFIED','UNSPECIFIED');
#2113=PERSON_AND_ORGANIZATION(#2111,#2112);
#2114=APPROVAL_ROLE('approver');
#2115=APPROVAL_PERSON_ORGANIZATION(#2113,#2100,#2114);
#2116=PERSON_AND_ORGANIZATION_ROLE('creator');
#2117=CC_DESIGN_PERSON_AND_ORGANIZATION_ASSIGNMENT(#2113,#2116,(#2089,#2090));
#2118=PERSON_AND_ORGANIZATION_ROLE('design_supplier');
#2119=CC_DESIGN_PERSON_AND_ORGANIZATION_ASSIGNMENT(#2113,#2118,(#2089));
#2120=PERSON_AND_ORGANIZATION_ROLE('classification_officer');
#2121=CC_DESIGN_PERSON_AND_ORGANIZATION_ASSIGNMENT(#2113,#2120,(#2097));
#2122=PERSON_AND_ORGANIZATION_ROLE('design_owner');
#2123=CC_DESIGN_PERSON_AND_ORGANIZATION_ASSIGNMENT(#2113,#2122,(#2088));
#6=CIRCLE('',#5,1.3E0);
#11=CIRCLE('',#10,1.3E0);
#16=CIRCLE('',#15,1.7E0);
#21=CIRCLE('',#20,1.7E0);
#28=B_SPLINE_CURVE_WITH_KNOTS('',3,(#22,#23,#24,#25,#26,#27),.UNSPECIFIED.,.F.,
.F.,(4,1,1,4),(0.E0,3.333333333333E-1,6.666666666667E-1,1.E0),.UNSPECIFIED.);
#33=CIRCLE('',#32,9.254011054911E0);
#40=B_SPLINE_CURVE_WITH_KNOTS('',3,(#34,#35,#36,#37,#38,#39),.UNSPECIFIED.,.F.,
.F.,(4,1,1,4),(0.E0,3.333333333333E-1,6.666666666667E-1,1.E0),.UNSPECIFIED.);
#45=CIRCLE('',#44,9.254014358688E0);
#50=CIRCLE('',#49,2.305268214515E0);
#81=B_SPLINE_CURVE_WITH_KNOTS('',3,(#51,#52,#53,#54,#55,#56,#57,#58,#59,#60,#61,
#62,#63,#64,#65,#66,#67,#68,#69,#70,#71,#72,#73,#74,#75,#76,#77,#78,#79,#80),
.UNSPECIFIED.,.F.,.F.,(4,1,1,1,1,1,1,1,1,1,1,1,1,1,1,1,1,1,1,1,1,1,1,1,1,1,1,4),
(0.E0,3.703703703704E-2,7.407407407407E-2,1.111111111111E-1,1.481481481481E-1,
1.851851851852E-1,2.222222222222E-1,2.592592592593E-1,2.962962962963E-1,
3.333333333333E-1,3.703703703704E-1,4.074074074074E-1,4.444444444444E-1,
4.814814814815E-1,5.185185185185E-1,5.555555555556E-1,5.925925925926E-1,
6.296296296296E-1,6.666666666667E-1,7.037037037037E-1,7.407407407407E-1,
7.777777777778E-1,8.148148148148E-1,8.518518518519E-1,8.888888888889E-1,
9.259259259259E-1,9.629629629630E-1,1.E0),.UNSPECIFIED.);
#86=CIRCLE('',#85,1.999999750214E-1);
#99=CIRCLE('',#98,2.305268205844E0);
#113=B_SPLINE_CURVE_WITH_KNOTS('',3,(#100,#101,#102,#103,#104,#105,#106,#107,
#108,#109,#110,#111,#112),.UNSPECIFIED.,.F.,.F.,(4,1,1,1,1,1,1,1,1,1,4),(0.E0,
1.E-1,2.E-1,3.E-1,4.E-1,5.E-1,6.E-1,7.E-1,8.E-1,9.E-1,1.E0),.UNSPECIFIED.);
#118=CIRCLE('',#117,1.999999801758E-1);
#123=CIRCLE('',#122,2.340154087371E0);
#128=CIRCLE('',#127,2.340153517837E0);
#149=CIRCLE('',#148,2.790368882868E-1);
#158=CIRCLE('',#157,3.E-1);
#169=B_SPLINE_CURVE_WITH_KNOTS('',3,(#163,#164,#165,#166,#167,#168),
.UNSPECIFIED.,.F.,.F.,(4,1,1,4),(0.E0,3.333333333333E-1,6.666666666667E-1,1.E0),
.UNSPECIFIED.);
#180=B_SPLINE_CURVE_WITH_KNOTS('',3,(#174,#175,#176,#177,#178,#179),
.UNSPECIFIED.,.F.,.F.,(4,1,1,4),(0.E0,3.333333333333E-1,6.666666666667E-1,1.E0),
.UNSPECIFIED.);
#187=B_SPLINE_CURVE_WITH_KNOTS('',3,(#181,#182,#183,#184,#185,#186),
.UNSPECIFIED.,.F.,.F.,(4,1,1,4),(0.E0,3.333333333333E-1,6.666666666667E-1,1.E0),
.UNSPECIFIED.);
#244=B_SPLINE_CURVE_WITH_KNOTS('',3,(#240,#241,#242,#243),.UNSPECIFIED.,.F.,.F.,
(4,4),(0.E0,1.E0),.UNSPECIFIED.);
#256=B_SPLINE_CURVE_WITH_KNOTS('',3,(#245,#246,#247,#248,#249,#250,#251,#252,
#253,#254,#255),.UNSPECIFIED.,.F.,.F.,(4,1,1,1,1,1,1,1,4),(0.E0,1.25E-1,2.5E-1,
3.75E-1,5.E-1,6.25E-1,7.5E-1,8.75E-1,1.E0),.UNSPECIFIED.);
#265=B_SPLINE_CURVE_WITH_KNOTS('',3,(#257,#258,#259,#260,#261,#262,#263,#264),
.UNSPECIFIED.,.F.,.F.,(4,1,1,1,1,4),(0.E0,2.E-1,4.E-1,6.E-1,8.E-1,1.E0),
.UNSPECIFIED.);
#279=B_SPLINE_CURVE_WITH_KNOTS('',3,(#266,#267,#268,#269,#270,#271,#272,#273,
#274,#275,#276,#277,#278),.UNSPECIFIED.,.F.,.F.,(4,1,1,1,1,1,1,1,1,1,4),(0.E0,
1.E-1,2.E-1,3.E-1,4.E-1,5.E-1,6.E-1,7.E-1,8.E-1,9.E-1,1.E0),.UNSPECIFIED.);
#288=B_SPLINE_CURVE_WITH_KNOTS('',3,(#280,#281,#282,#283,#284,#285,#286,#287),
.UNSPECIFIED.,.F.,.F.,(4,1,1,1,1,4),(0.E0,2.E-1,4.E-1,6.E-1,8.E-1,1.E0),
.UNSPECIFIED.);
#298=B_SPLINE_CURVE_WITH_KNOTS('',3,(#289,#290,#291,#292,#293,#294,#295,#296,
#297),.UNSPECIFIED.,.F.,.F.,(4,1,1,1,1,1,4),(0.E0,1.666666666667E-1,
3.333333333333E-1,5.E-1,6.666666666667E-1,8.333333333333E-1,1.E0),
.UNSPECIFIED.);
#303=CIRCLE('',#302,8.491547628260E0);
#313=B_SPLINE_CURVE_WITH_KNOTS('',3,(#304,#305,#306,#307,#308,#309,#310,#311,
#312),.UNSPECIFIED.,.F.,.F.,(4,1,1,1,1,1,4),(0.E0,1.666666666667E-1,
3.333333333333E-1,5.E-1,6.666666666667E-1,8.333333333333E-1,1.E0),
.UNSPECIFIED.);
#319=B_SPLINE_CURVE_WITH_KNOTS('',3,(#314,#315,#316,#317,#318),.UNSPECIFIED.,
.F.,.F.,(4,1,4),(0.E0,5.E-1,1.E0),.UNSPECIFIED.);
#331=B_SPLINE_CURVE_WITH_KNOTS('',3,(#324,#325,#326,#327,#328,#329,#330),
.UNSPECIFIED.,.F.,.F.,(4,1,1,1,4),(0.E0,2.5E-1,5.E-1,7.5E-1,1.E0),
.UNSPECIFIED.);
#340=B_SPLINE_CURVE_WITH_KNOTS('',3,(#332,#333,#334,#335,#336,#337,#338,#339),
.UNSPECIFIED.,.F.,.F.,(4,1,1,1,1,4),(0.E0,2.E-1,4.E-1,6.E-1,8.E-1,1.E0),
.UNSPECIFIED.);
#349=B_SPLINE_CURVE_WITH_KNOTS('',3,(#341,#342,#343,#344,#345,#346,#347,#348),
.UNSPECIFIED.,.F.,.F.,(4,1,1,1,1,4),(0.E0,2.E-1,4.E-1,6.E-1,8.E-1,1.E0),
.UNSPECIFIED.);
#358=B_SPLINE_CURVE_WITH_KNOTS('',3,(#350,#351,#352,#353,#354,#355,#356,#357),
.UNSPECIFIED.,.F.,.F.,(4,1,1,1,1,4),(0.E0,2.E-1,4.E-1,6.E-1,8.E-1,1.E0),
.UNSPECIFIED.);
#363=CIRCLE('',#362,1.619282318548E0);
#370=B_SPLINE_CURVE_WITH_KNOTS('',3,(#364,#365,#366,#367,#368,#369),
.UNSPECIFIED.,.F.,.F.,(4,1,1,4),(0.E0,3.333333333333E-1,6.666666666667E-1,1.E0),
.UNSPECIFIED.);
#375=CIRCLE('',#374,1.653695144624E0);
#382=B_SPLINE_CURVE_WITH_KNOTS('',3,(#376,#377,#378,#379,#380,#381),
.UNSPECIFIED.,.F.,.F.,(4,1,1,4),(0.E0,3.333333333333E-1,6.666666666667E-1,1.E0),
.UNSPECIFIED.);
#387=B_SPLINE_CURVE_WITH_KNOTS('',3,(#383,#384,#385,#386),.UNSPECIFIED.,.F.,.F.,
(4,4),(0.E0,1.E0),.UNSPECIFIED.);
#398=B_SPLINE_CURVE_WITH_KNOTS('',3,(#392,#393,#394,#395,#396,#397),
.UNSPECIFIED.,.F.,.F.,(4,1,1,4),(0.E0,3.333333333333E-1,6.666666666667E-1,1.E0),
.UNSPECIFIED.);
#405=B_SPLINE_CURVE_WITH_KNOTS('',3,(#399,#400,#401,#402,#403,#404),
.UNSPECIFIED.,.F.,.F.,(4,1,1,4),(0.E0,3.333333333333E-1,6.666666666667E-1,1.E0),
.UNSPECIFIED.);
#412=B_SPLINE_CURVE_WITH_KNOTS('',3,(#406,#407,#408,#409,#410,#411),
.UNSPECIFIED.,.F.,.F.,(4,1,1,4),(0.E0,3.333333333333E-1,6.666666666667E-1,1.E0),
.UNSPECIFIED.);
#419=B_SPLINE_CURVE_WITH_KNOTS('',3,(#413,#414,#415,#416,#417,#418),
.UNSPECIFIED.,.F.,.F.,(4,1,1,4),(0.E0,3.333333333333E-1,6.666666666667E-1,1.E0),
.UNSPECIFIED.);
#426=B_SPLINE_CURVE_WITH_KNOTS('',3,(#420,#421,#422,#423,#424,#425),
.UNSPECIFIED.,.F.,.F.,(4,1,1,4),(0.E0,3.333333333333E-1,6.666666666667E-1,1.E0),
.UNSPECIFIED.);
#437=B_SPLINE_CURVE_WITH_KNOTS('',3,(#431,#432,#433,#434,#435,#436),
.UNSPECIFIED.,.F.,.F.,(4,1,1,4),(0.E0,3.333333333333E-1,6.666666666667E-1,1.E0),
.UNSPECIFIED.);
#448=B_SPLINE_CURVE_WITH_KNOTS('',3,(#442,#443,#444,#445,#446,#447),
.UNSPECIFIED.,.F.,.F.,(4,1,1,4),(0.E0,3.333333333333E-1,6.666666666667E-1,1.E0),
.UNSPECIFIED.);
#549=CIRCLE('',#548,5.E-1);
#558=CIRCLE('',#557,5.209631117132E-1);
#569=B_SPLINE_CURVE_WITH_KNOTS('',3,(#563,#564,#565,#566,#567,#568),
.UNSPECIFIED.,.F.,.F.,(4,1,1,4),(0.E0,3.333333333333E-1,6.666666666667E-1,1.E0),
.UNSPECIFIED.);
#574=CIRCLE('',#573,2.840154087371E0);
#579=CIRCLE('',#578,2.861117199084E0);
#608=CIRCLE('',#607,1.3E0);
#613=CIRCLE('',#612,1.3E0);
#618=CIRCLE('',#617,1.7E0);
#623=CIRCLE('',#622,1.7E0);
#630=B_SPLINE_CURVE_WITH_KNOTS('',3,(#624,#625,#626,#627,#628,#629),
.UNSPECIFIED.,.F.,.F.,(4,1,1,4),(0.E0,3.333333333333E-1,6.666666666667E-1,1.E0),
.UNSPECIFIED.);
#635=CIRCLE('',#634,9.103972706020E0);
#642=B_SPLINE_CURVE_WITH_KNOTS('',3,(#636,#637,#638,#639,#640,#641),
.UNSPECIFIED.,.F.,.F.,(4,1,1,4),(0.E0,3.333333333333E-1,6.666666666667E-1,1.E0),
.UNSPECIFIED.);
#647=CIRCLE('',#646,9.103969347900E0);
#811=B_SPLINE_CURVE_WITH_KNOTS('',3,(#805,#806,#807,#808,#809,#810),
.UNSPECIFIED.,.F.,.F.,(4,1,1,4),(0.E0,3.250988940937E-1,6.749024583512E-1,1.E0),
.UNSPECIFIED.);
#816=EDGE_CURVE('',#680,#681,#81,.T.);
#818=EDGE_CURVE('',#681,#680,#113,.T.);
#822=EDGE_CURVE('',#779,#780,#16,.T.);
#824=EDGE_CURVE('',#780,#779,#21,.T.);
#835=B_SPLINE_CURVE_WITH_KNOTS('',3,(#829,#830,#831,#832,#833,#834),
.UNSPECIFIED.,.F.,.F.,(4,1,1,4),(0.E0,3.250988940937E-1,6.749024583512E-1,1.E0),
.UNSPECIFIED.);
#840=EDGE_CURVE('',#771,#772,#6,.T.);
#842=EDGE_CURVE('',#772,#771,#11,.T.);
#846=EDGE_CURVE('',#785,#786,#28,.T.);
#848=EDGE_CURVE('',#793,#785,#33,.T.);
#850=EDGE_CURVE('',#790,#793,#40,.T.);
#852=EDGE_CURVE('',#786,#790,#45,.T.);
#986=EDGE_CURVE('',#678,#679,#50,.T.);
#988=EDGE_CURVE('',#679,#681,#118,.T.);
#991=EDGE_CURVE('',#678,#680,#86,.T.);
#1002=EDGE_CURVE('',#678,#674,#90,.T.);
#1004=EDGE_CURVE('',#674,#675,#123,.T.);
#1006=EDGE_CURVE('',#679,#675,#94,.T.);
#1016=EDGE_CURVE('',#679,#678,#99,.T.);
#1019=EDGE_CURVE('',#675,#674,#128,.T.);
#1090=EDGE_CURVE('',#704,#689,#140,.T.);
#1092=EDGE_CURVE('',#700,#704,#149,.T.);
#1094=EDGE_CURVE('',#682,#700,#173,.T.);
#1096=EDGE_CURVE('',#684,#682,#579,.T.);
#1098=EDGE_CURVE('',#684,#695,#132,.T.);
#1100=EDGE_CURVE('',#694,#695,#558,.T.);
#1102=EDGE_CURVE('',#694,#688,#136,.T.);
#1104=EDGE_CURVE('',#688,#689,#544,.T.);
#1118=EDGE_CURVE('',#704,#705,#153,.T.);
#1121=EDGE_CURVE('',#689,#691,#540,.T.);
#1123=EDGE_CURVE('',#705,#691,#235,.T.);
#1133=EDGE_CURVE('',#700,#701,#144,.T.);
#1137=EDGE_CURVE('',#705,#701,#158,.T.);
#1148=EDGE_CURVE('',#701,#683,#162,.T.);
#1150=EDGE_CURVE('',#682,#683,#169,.T.);
#1161=EDGE_CURVE('',#766,#760,#227,.T.);
#1163=EDGE_CURVE('',#697,#766,#549,.T.);
#1165=EDGE_CURVE('',#697,#685,#231,.T.);
#1167=EDGE_CURVE('',#683,#685,#574,.T.);
#1172=EDGE_CURVE('',#691,#768,#536,.T.);
#1174=EDGE_CURVE('',#768,#760,#239,.T.);
#1178=EDGE_CURVE('',#706,#707,#180,.T.);
#1180=EDGE_CURVE('',#710,#706,#375,.T.);
#1182=EDGE_CURVE('',#709,#710,#187,.T.);
#1184=EDGE_CURVE('',#707,#709,#191,.T.);
#1188=EDGE_CURVE('',#741,#742,#195,.T.);
#1190=EDGE_CURVE('',#746,#741,#199,.T.);
#1192=EDGE_CURVE('',#744,#746,#203,.T.);
#1194=EDGE_CURVE('',#742,#744,#207,.T.);
#1198=EDGE_CURVE('',#749,#750,#211,.T.);
#1200=EDGE_CURVE('',#754,#749,#215,.T.);
#1202=EDGE_CURVE('',#752,#754,#219,.T.);
#1204=EDGE_CURVE('',#750,#752,#223,.T.);
#1218=B_SPLINE_CURVE_WITH_KNOTS('',3,(#1209,#1210,#1211,#1212,#1213,#1214,#1215,
#1216,#1217),.UNSPECIFIED.,.F.,.F.,(4,1,1,1,1,1,4),(0.E0,1.447650134757E-2,
1.585721039468E-1,3.733230824928E-1,5.880740610388E-1,8.028250395849E-1,1.E0),
.UNSPECIFIED.);
#1222=EDGE_CURVE('',#797,#798,#256,.T.);
#1224=EDGE_CURVE('',#706,#798,#382,.T.);
#1227=EDGE_CURVE('',#717,#707,#452,.T.);
#1229=EDGE_CURVE('',#713,#717,#437,.T.);
#1231=EDGE_CURVE('',#719,#713,#419,.T.);
#1233=EDGE_CURVE('',#719,#722,#412,.T.);
#1235=EDGE_CURVE('',#722,#795,#244,.T.);
#1237=EDGE_CURVE('',#797,#795,#313,.T.);
#1300=EDGE_CURVE('',#797,#799,#265,.T.);
#1302=EDGE_CURVE('',#799,#800,#279,.T.);
#1304=EDGE_CURVE('',#800,#798,#288,.T.);
#1330=EDGE_CURVE('',#796,#802,#298,.T.);
#1332=EDGE_CURVE('',#804,#802,#358,.T.);
#1334=EDGE_CURVE('',#804,#799,#303,.T.);
#1338=EDGE_CURVE('',#795,#796,#319,.T.);
#1352=B_SPLINE_CURVE_WITH_KNOTS('',3,(#1343,#1344,#1345,#1346,#1347,#1348,#1349,
#1350,#1351),.UNSPECIFIED.,.F.,.F.,(4,1,1,1,1,1,4),(0.E0,1.948744786950E-1,
4.049931137195E-1,6.151117487440E-1,8.252303837685E-1,9.855346436649E-1,1.E0),
.UNSPECIFIED.);
#1356=EDGE_CURVE('',#801,#802,#331,.T.);
#1359=EDGE_CURVE('',#721,#796,#387,.T.);
#1361=EDGE_CURVE('',#720,#721,#398,.T.);
#1363=EDGE_CURVE('',#714,#720,#426,.T.);
#1365=EDGE_CURVE('',#714,#718,#448,.T.);
#1367=EDGE_CURVE('',#718,#709,#323,.T.);
#1370=EDGE_CURVE('',#801,#710,#370,.T.);
#1409=EDGE_CURVE('',#801,#803,#340,.T.);
#1411=EDGE_CURVE('',#803,#804,#349,.T.);
#1423=EDGE_CURVE('',#800,#803,#363,.T.);
#1438=B_SPLINE_CURVE_WITH_KNOTS('',3,(#1432,#1433,#1434,#1435,#1436,#1437),
.UNSPECIFIED.,.F.,.F.,(4,1,1,4),(0.E0,2.889415160878E-1,7.272418874631E-1,1.E0),
.UNSPECIFIED.);
#1456=B_SPLINE_CURVE_WITH_KNOTS('',3,(#1450,#1451,#1452,#1453,#1454,#1455),
.UNSPECIFIED.,.F.,.F.,(4,1,1,4),(0.E0,1.579466482807E-2,9.842102943298E-1,1.E0),
.UNSPECIFIED.);
#1462=EDGE_CURVE('',#721,#722,#405,.T.);
#1473=EDGE_CURVE('',#720,#719,#391,.T.);
#1488=EDGE_CURVE('',#713,#714,#430,.T.);
#1501=EDGE_CURVE('',#717,#718,#441,.T.);
#1525=EDGE_CURVE('',#726,#742,#460,.T.);
#1527=EDGE_CURVE('',#725,#726,#472,.T.);
#1529=EDGE_CURVE('',#725,#741,#456,.T.);
#1540=EDGE_CURVE('',#728,#744,#464,.T.);
#1542=EDGE_CURVE('',#726,#728,#476,.T.);
#1554=EDGE_CURVE('',#730,#746,#468,.T.);
#1556=EDGE_CURVE('',#728,#730,#480,.T.);
#1569=EDGE_CURVE('',#730,#725,#484,.T.);
#1592=EDGE_CURVE('',#733,#734,#488,.T.);
#1594=EDGE_CURVE('',#734,#736,#492,.T.);
#1596=EDGE_CURVE('',#736,#738,#496,.T.);
#1598=EDGE_CURVE('',#738,#733,#500,.T.);
#1609=EDGE_CURVE('',#734,#750,#508,.T.);
#1612=EDGE_CURVE('',#733,#749,#504,.T.);
#1623=EDGE_CURVE('',#736,#752,#512,.T.);
#1636=EDGE_CURVE('',#738,#754,#516,.T.);
#1661=EDGE_CURVE('',#759,#760,#524,.T.);
#1663=EDGE_CURVE('',#762,#759,#587,.T.);
#1665=EDGE_CURVE('',#762,#766,#520,.T.);
#1676=EDGE_CURVE('',#764,#768,#532,.T.);
#1678=EDGE_CURVE('',#759,#764,#591,.T.);
#1689=EDGE_CURVE('',#688,#756,#528,.T.);
#1691=EDGE_CURVE('',#764,#756,#595,.T.);
#1705=EDGE_CURVE('',#694,#766,#553,.T.);
#1708=EDGE_CURVE('',#756,#762,#583,.T.);
#1723=EDGE_CURVE('',#695,#697,#562,.T.);
#1735=EDGE_CURVE('',#684,#685,#569,.T.);
#1771=EDGE_CURVE('',#772,#776,#599,.T.);
#1773=EDGE_CURVE('',#775,#776,#608,.T.);
#1775=EDGE_CURVE('',#771,#775,#603,.T.);
#1787=EDGE_CURVE('',#776,#775,#613,.T.);
#1799=B_SPLINE_CURVE_WITH_KNOTS('',3,(#1793,#1794,#1795,#1796,#1797,#1798),
.UNSPECIFIED.,.F.,.F.,(4,1,1,4),(0.E0,2.814000243097E-1,7.186022363076E-1,1.E0),
.UNSPECIFIED.);
#1804=EDGE_CURVE('',#783,#784,#618,.T.);
#1806=EDGE_CURVE('',#784,#783,#623,.T.);
#1821=B_SPLINE_CURVE_WITH_KNOTS('',3,(#1815,#1816,#1817,#1818,#1819,#1820),
.UNSPECIFIED.,.F.,.F.,(4,1,1,4),(0.E0,2.814000243097E-1,7.186022363076E-1,1.E0),
.UNSPECIFIED.);
#1826=EDGE_CURVE('',#787,#788,#630,.T.);
#1828=EDGE_CURVE('',#788,#792,#635,.T.);
#1830=EDGE_CURVE('',#792,#794,#642,.T.);
#1832=EDGE_CURVE('',#794,#787,#647,.T.);
#1843=EDGE_CURVE('',#780,#784,#651,.T.);
#1846=EDGE_CURVE('',#779,#783,#655,.T.);
#1869=EDGE_CURVE('',#786,#788,#659,.T.);
#1872=EDGE_CURVE('',#785,#787,#671,.T.);
#1883=EDGE_CURVE('',#790,#792,#663,.T.);
#1896=EDGE_CURVE('',#793,#794,#667,.T.);
#1920=CIRCLE('',#1919,3.099981091332E1);
#1929=CIRCLE('',#1928,3.099981091332E1);
#1963=EDGE_CURVE('',#1948,#1949,#1920,.T.);
#1965=EDGE_CURVE('',#1949,#1953,#1924,.T.);
#1967=EDGE_CURVE('',#1953,#1952,#1929,.T.);
#1969=EDGE_CURVE('',#1948,#1952,#1933,.T.);
#1979=EDGE_CURVE('',#1955,#1948,#1937,.T.);
#1982=EDGE_CURVE('',#1952,#1957,#1941,.T.);
#1984=EDGE_CURVE('',#1957,#1955,#1945,.T.);
#1995=CIRCLE('',#1994,3.049981091332E1);
#2004=CIRCLE('',#2003,3.049981091332E1);
#2038=EDGE_CURVE('',#2024,#2023,#1995,.T.);
#2040=EDGE_CURVE('',#2023,#2027,#1999,.T.);
#2042=EDGE_CURVE('',#2027,#2028,#2004,.T.);
#2044=EDGE_CURVE('',#2028,#2024,#2008,.T.);
#2054=EDGE_CURVE('',#2023,#2030,#2012,.T.);
#2056=EDGE_CURVE('',#2030,#2032,#2016,.T.);
#2058=EDGE_CURVE('',#2032,#2027,#2020,.T.);
#2075=ADVANCED_BREP_SHAPE_REPRESENTATION('',(#2065),#2074);
#2076=MANIFOLD_SURFACE_SHAPE_REPRESENTATION('',(#2066),#2074);
#2080=AXIS2_PLACEMENT_3D('',#2077,#2078,#2079);
#2081=SHAPE_REPRESENTATION('',(#2080),#2074);
#2090=PRODUCT_DEFINITION('design','',#2089,#2086);
#2091=PRODUCT_DEFINITION_SHAPE('','SHAPE FOR GTC01-A-MKT01_PRT.',#2090);
#2092=SHAPE_DEFINITION_REPRESENTATION(#2091,#2081);
ENDSEC;
END-ISO-10303-21;
