ISO-10303-21;
HEADER;
FILE_DESCRIPTION((''),'2;1');
FILE_NAME('ID-GTC-REAR-RING_PRT','2008-06-30T',('GRA'),(''),
'PRO/ENGINEER BY PARAMETRIC TECHNOLOGY CORPORATION, 2006170',
'PRO/ENGINEER BY PARAMETRIC TECHNOLOGY CORPORATION, 2006170','');
FILE_SCHEMA(('CONFIG_CONTROL_DESIGN'));
ENDSEC;
DATA;
#1=CARTESIAN_POINT('',(2.999341550214E1,1.229999268968E1,-6.007043670983E0));
#2=CARTESIAN_POINT('',(2.981859054857E1,1.229999267354E1,-8.482559248704E0));
#3=CARTESIAN_POINT('',(2.811708291362E1,1.229999723016E1,-1.027140643155E1));
#4=CARTESIAN_POINT('',(2.599990701360E1,1.229999726197E1,-1.076372687602E1));
#6=CARTESIAN_POINT('',(2.999341692373E1,6.900000012033E1,-6.007044577269E0));
#7=CARTESIAN_POINT('',(2.981859178601E1,6.900000010419E1,-8.482559919150E0));
#8=CARTESIAN_POINT('',(2.811708401942E1,6.899999787039E1,-1.027140725457E1));
#9=CARTESIAN_POINT('',(2.599990824303E1,6.899999790220E1,-1.076372765959E1));
#11=DIRECTION('',(-2.168305408819E-8,-1.E0,1.381962412095E-8));
#12=VECTOR('',#11,5.670000064023E1);
#13=CARTESIAN_POINT('',(2.599990824303E1,6.899999790220E1,-1.076372765959E1));
#14=LINE('',#13,#12);
#15=DIRECTION('',(2.592369752996E-12,-2.792568202534E-7,-1.E0));
#16=VECTOR('',#15,4.863727804065E0);
#17=CARTESIAN_POINT('',(2.599990701358E1,1.229999862020E1,-5.899999071955E0));
#18=LINE('',#17,#16);
#19=DIRECTION('',(1.366644190358E-10,-3.437011615548E-7,-9.999999999999E-1));
#20=VECTOR('',#19,4.863727685221E0);
#21=CARTESIAN_POINT('',(2.599990824236E1,6.899999957387E1,-5.899999974371E0));
#22=LINE('',#21,#20);
#23=CARTESIAN_POINT('',(2.599990824303E1,6.899999790220E1,-1.076372765959E1));
#24=CARTESIAN_POINT('',(2.599990825716E1,6.986264050632E1,-1.076372776292E1));
#25=CARTESIAN_POINT('',(2.591354158970E1,7.158583075535E1,-1.074946398783E1));
#26=CARTESIAN_POINT('',(2.553243027022E1,7.412822902671E1,-1.074146646016E1));
#27=CARTESIAN_POINT('',(2.489792340375E1,7.663642807238E1,-1.073335715769E1));
#28=CARTESIAN_POINT('',(2.402002156520E1,7.906096060716E1,-1.072798319671E1));
#29=CARTESIAN_POINT('',(2.290907350270E1,8.138717239894E1,-1.072557856631E1));
#30=CARTESIAN_POINT('',(2.152917382519E1,8.365877427096E1,-1.072596711322E1));
#31=CARTESIAN_POINT('',(1.990755823150E1,8.579489601331E1,-1.072861717590E1));
#32=CARTESIAN_POINT('',(1.808650450864E1,8.774031746690E1,-1.073324605403E1));
#33=CARTESIAN_POINT('',(1.610098863664E1,8.947103955885E1,-1.073859986739E1));
#34=CARTESIAN_POINT('',(1.393836412895E1,9.100153881092E1,-1.074446815649E1));
#35=CARTESIAN_POINT('',(1.162249823912E1,9.230769544698E1,-1.075003032191E1));
#36=CARTESIAN_POINT('',(9.199713743677E0,9.336563471817E1,-1.075511925624E1));
#37=CARTESIAN_POINT('',(6.679624194768E0,9.417338378231E1,-1.075923110574E1));
#38=CARTESIAN_POINT('',(4.095344288780E0,9.472071212434E1,-1.076220727962E1));
#39=CARTESIAN_POINT('',(1.457524662479E0,9.500381853901E1,-1.076378905693E1));
#40=CARTESIAN_POINT('',(-1.182876753423E0,9.501774533646E1,-1.076382781197E1));
#41=CARTESIAN_POINT('',(-3.823354874503E0,9.476256784309E1,-1.076239546260E1));
#42=CARTESIAN_POINT('',(-6.414411832556E0,9.424229681392E1,-1.075961561922E1));
#43=CARTESIAN_POINT('',(-8.942728726788E0,9.346108295044E1,-1.075564171907E1));
#44=CARTESIAN_POINT('',(-1.137503659691E1,9.242939390513E1,-1.075060283201E1));
#45=CARTESIAN_POINT('',(-1.370356173607E1,9.114853238166E1,-1.074498741434E1));
#46=CARTESIAN_POINT('',(-1.588469503552E1,8.963965690349E1,-1.073911787257E1));
#47=CARTESIAN_POINT('',(-1.789201934283E1,8.792580765925E1,-1.073371856332E1));
#48=CARTESIAN_POINT('',(-1.972062611818E1,8.601283584686E1,-1.072900102180E1));
#49=CARTESIAN_POINT('',(-2.135531017158E1,8.391003999441E1,-1.072615674115E1));
#50=CARTESIAN_POINT('',(-2.276435040293E1,8.165353795530E1,-1.072560409345E1));
#51=CARTESIAN_POINT('',(-2.392846870173E1,7.928306298248E1,-1.072768932810E1));
#52=CARTESIAN_POINT('',(-2.484834912906E1,7.680276801594E1,-1.073300373331E1));
#53=CARTESIAN_POINT('',(-2.551175853251E1,7.424139552074E1,-1.074128883567E1));
#54=CARTESIAN_POINT('',(-2.591137737139E1,7.162832618530E1,-1.074912528982E1));
#55=CARTESIAN_POINT('',(-2.599990848564E1,6.987524499245E1,-1.076372677882E1));
#56=CARTESIAN_POINT('',(-2.599990848568E1,6.899999455796E1,-1.076372677306E1));
#58=CARTESIAN_POINT('',(-2.599990848568E1,6.899999455796E1,-1.076372677306E1));
#59=CARTESIAN_POINT('',(-2.811716929331E1,6.899999244367E1,-1.027146695938E1));
#60=CARTESIAN_POINT('',(-2.981858713021E1,6.900000288525E1,-8.482631422649E0));
#61=CARTESIAN_POINT('',(-2.999341720229E1,6.900000012437E1,-6.007044578275E0));
#63=CARTESIAN_POINT('',(-2.999341720229E1,6.900000012437E1,-6.007044578275E0));
#64=CARTESIAN_POINT('',(-2.999341150900E1,6.997554041211E1,-6.007045013490E0));
#65=CARTESIAN_POINT('',(-2.989718062718E1,7.192822509381E1,-6.007630221923E0));
#66=CARTESIAN_POINT('',(-2.946936651848E1,7.482654164738E1,-6.009011245913E0));
#67=CARTESIAN_POINT('',(-2.875262946306E1,7.767910167974E1,-6.010707103498E0));
#68=CARTESIAN_POINT('',(-2.785305003459E1,8.020165854671E1,-6.012227798204E0));
#69=CARTESIAN_POINT('',(-2.692230067091E1,8.225756692953E1,-6.013338032750E0));
#70=CARTESIAN_POINT('',(-2.598014758796E1,8.401057459212E1,-6.014160963737E0));
#71=CARTESIAN_POINT('',(-2.499341361101E1,8.559915253271E1,-6.014772157812E0));
#72=CARTESIAN_POINT('',(-2.389448247643E1,8.714664436591E1,-6.015194811384E0));
#73=CARTESIAN_POINT('',(-2.260164711078E1,8.874046592230E1,-6.015430455491E0));
#74=CARTESIAN_POINT('',(-2.099093119269E1,9.046161842308E1,-6.015427632783E0));
#75=CARTESIAN_POINT('',(-1.896760926686E1,9.227358642444E1,-6.015007892199E0));
#76=CARTESIAN_POINT('',(-1.690047002988E1,9.380684222985E1,-6.014263696462E0));
#77=CARTESIAN_POINT('',(-1.500279608269E1,9.499021278400E1,-6.013386206062E0));
#78=CARTESIAN_POINT('',(-1.326901404991E1,9.591201971866E1,-6.012474584460E0));
#79=CARTESIAN_POINT('',(-1.167098771689E1,9.664038985441E1,-6.011594663400E0));
#80=CARTESIAN_POINT('',(-1.019879202033E1,9.721450786014E1,-6.010773391122E0));
#81=CARTESIAN_POINT('',(-8.876452455039E0,9.765585464206E1,-6.010043104830E0));
#82=CARTESIAN_POINT('',(-7.677752567021E0,9.799887819214E1,-6.009410004171E0));
#83=CARTESIAN_POINT('',(-6.582049318908E0,9.826664282605E1,-6.008868420456E0));
#84=CARTESIAN_POINT('',(-5.550033506938E0,9.847969589661E1,-6.008401675506E0));
#85=CARTESIAN_POINT('',(-4.594603242271E0,9.864305409559E1,-6.008014478284E0));
#86=CARTESIAN_POINT('',(-3.732063394532E0,9.876335715341E1,-6.007708295590E0));
#87=CARTESIAN_POINT('',(-2.945823063418E0,9.885101414334E1,-6.007471402960E0));
#88=CARTESIAN_POINT('',(-2.227019874444E0,9.891289449625E1,-6.007294951102E0));
#89=CARTESIAN_POINT('',(-1.567663720145E0,9.895441707239E1,-6.007170699837E0));
#90=CARTESIAN_POINT('',(-9.627208569080E-1,9.897975684352E1,-6.007091299174E0));
#91=CARTESIAN_POINT('',(-4.032987926280E-1,9.899225806113E1,-6.007049987003E0));
#92=CARTESIAN_POINT('',(1.080099291373E-1,9.899465831077E1,-6.007040641132E0));
#93=CARTESIAN_POINT('',(6.240644942946E-1,9.898842335369E1,-6.007059663996E0));
#94=CARTESIAN_POINT('',(1.162447790318E0,9.897244427242E1,-6.007108668357E0));
#95=CARTESIAN_POINT('',(1.734727216237E0,9.894489711290E1,-6.007191271169E0));
#96=CARTESIAN_POINT('',(2.353989670483E0,9.890279699674E1,-6.007313543726E0));
#97=CARTESIAN_POINT('',(3.032485206731E0,9.884195796748E1,-6.007483503948E0));
#98=CARTESIAN_POINT('',(3.782943299267E0,9.875657936106E1,-6.007711112298E0));
#99=CARTESIAN_POINT('',(4.614826554620E0,9.863961204541E1,-6.008006305806E0));
#100=CARTESIAN_POINT('',(5.546837224273E0,9.848009794071E1,-6.008382778226E0));
#101=CARTESIAN_POINT('',(6.559588129388E0,9.827149732646E1,-6.008838709283E0));
#102=CARTESIAN_POINT('',(7.630957418418E0,9.801095440603E1,-6.009365557183E0));
#103=CARTESIAN_POINT('',(8.801586138172E0,9.767854857740E1,-6.009980534034E0));
#104=CARTESIAN_POINT('',(1.009115492753E1,9.725257997470E1,-6.010689501748E0));
#105=CARTESIAN_POINT('',(1.152712594332E1,9.670005729785E1,-6.011488885836E0));
#106=CARTESIAN_POINT('',(1.308998112029E1,9.599871007832E1,-6.012348609768E0));
#107=CARTESIAN_POINT('',(1.478429534742E1,9.511369481975E1,-6.013243969080E0));
#108=CARTESIAN_POINT('',(1.663380980335E1,9.398400078548E1,-6.014118973308E0));
#109=CARTESIAN_POINT('',(1.865308753071E1,9.252492687231E1,-6.014880932331E0));
#110=CARTESIAN_POINT('',(2.071470165883E1,9.073129617879E1,-6.015370556086E0));
#111=CARTESIAN_POINT('',(2.241583633714E1,8.895504944412E1,-6.015425580798E0));
#112=CARTESIAN_POINT('',(2.376600441029E1,8.731659877202E1,-6.015210488221E0));
#113=CARTESIAN_POINT('',(2.490955306085E1,8.572654595018E1,-6.014797683652E0));
#114=CARTESIAN_POINT('',(2.592324996091E1,8.410993855793E1,-6.014190193710E0));
#115=CARTESIAN_POINT('',(2.688311072534E1,8.233778939734E1,-6.013367119371E0));
#116=CARTESIAN_POINT('',(2.782893651195E1,8.026366710813E1,-6.012251386387E0));
#117=CARTESIAN_POINT('',(2.874653952556E1,7.770401919016E1,-6.010713014516E0));
#118=CARTESIAN_POINT('',(2.947050454545E1,7.482229595395E1,-6.009007044208E0));
#119=CARTESIAN_POINT('',(2.989681655678E1,7.192992598925E1,-6.007627723987E0));
#120=CARTESIAN_POINT('',(2.999341102881E1,6.997544192311E1,-6.007045026281E0));
#121=CARTESIAN_POINT('',(2.999341692373E1,6.900000012033E1,-6.007044577269E0));
#123=CARTESIAN_POINT('',(-2.989366589923E1,6.900000014765E1,-5.899999974373E0));
#124=CARTESIAN_POINT('',(-2.989365464054E1,6.997545100462E1,-5.899999989898E0));
#125=CARTESIAN_POINT('',(-2.979783686595E1,7.191641288035E1,-5.900000020787E0));
#126=CARTESIAN_POINT('',(-2.937158950231E1,7.480718822398E1,-5.900000066796E0));
#127=CARTESIAN_POINT('',(-2.865741178741E1,7.764984077088E1,-5.900000112039E0));
#128=CARTESIAN_POINT('',(-2.776098680717E1,8.016430866165E1,-5.900000152058E0));
#129=CARTESIAN_POINT('',(-2.683344000797E1,8.221349412012E1,-5.900000184672E0));
#130=CARTESIAN_POINT('',(-2.589446412643E1,8.396086733089E1,-5.900000212483E0));
#131=CARTESIAN_POINT('',(-2.491108381564E1,8.554422957080E1,-5.900000237683E0));
#132=CARTESIAN_POINT('',(-2.381584007018E1,8.708666020070E1,-5.900000262232E0));
#133=CARTESIAN_POINT('',(-2.252725812658E1,8.867531046872E1,-5.900000287516E0));
#134=CARTESIAN_POINT('',(-2.092191152254E1,9.039074698012E1,-5.900000314818E0));
#135=CARTESIAN_POINT('',(-1.890520728133E1,9.219672892041E1,-5.900000343562E0));
#136=CARTESIAN_POINT('',(-1.684474678437E1,9.372491212625E1,-5.900000367884E0));
#137=CARTESIAN_POINT('',(-1.495331031997E1,9.490425904177E1,-5.900000386654E0));
#138=CARTESIAN_POINT('',(-1.322513556093E1,9.582296106594E1,-5.900000401276E0));
#139=CARTESIAN_POINT('',(-1.163232203949E1,9.654884199875E1,-5.900000412828E0));
#140=CARTESIAN_POINT('',(-1.016500509020E1,9.712096265013E1,-5.900000421934E0));
#141=CARTESIAN_POINT('',(-8.847007592265E0,9.756078350969E1,-5.900000428934E0));
#142=CARTESIAN_POINT('',(-7.652245220738E0,9.790261807343E1,-5.900000434375E0));
#143=CARTESIAN_POINT('',(-6.560150642641E0,9.816945120805E1,-5.900000438622E0));
#144=CARTESIAN_POINT('',(-5.531559688286E0,9.838175699496E1,-5.900000442001E0));
#145=CARTESIAN_POINT('',(-4.579317433255E0,9.854453867234E1,-5.900000444591E0));
#146=CARTESIAN_POINT('',(-3.719643186007E0,9.866441844467E1,-5.900000446499E0));
#147=CARTESIAN_POINT('',(-2.936014348111E0,9.875176655551E1,-5.900000447889E0));
#148=CARTESIAN_POINT('',(-2.219597942655E0,9.881342861813E1,-5.900000448871E0));
#149=CARTESIAN_POINT('',(-1.562432900611E0,9.885480433465E1,-5.900000449529E0));
#150=CARTESIAN_POINT('',(-9.595034362565E-1,9.888005416254E1,
-5.900000449931E0));
#151=CARTESIAN_POINT('',(-4.019468427918E-1,9.889251075849E1,
-5.900000450129E0));
#152=CARTESIAN_POINT('',(1.076502353329E-1,9.889490228519E1,-5.900000450168E0));
#153=CARTESIAN_POINT('',(6.219780641959E-1,9.888868949235E1,-5.900000450069E0));
#154=CARTESIAN_POINT('',(1.158566816004E0,9.887276707676E1,-5.900000449815E0));
#155=CARTESIAN_POINT('',(1.728942740760E0,9.884531731374E1,-5.900000449378E0));
#156=CARTESIAN_POINT('',(2.346148858980E0,9.880336566636E1,-5.900000448711E0));
#157=CARTESIAN_POINT('',(3.022393436660E0,9.874274074318E1,-5.900000447746E0));
#158=CARTESIAN_POINT('',(3.770361225470E0,9.865766236989E1,-5.900000446392E0));
#159=CARTESIAN_POINT('',(4.599483127448E0,9.854110589602E1,-5.900000444537E0));
#160=CARTESIAN_POINT('',(5.528385825484E0,9.838215397505E1,-5.900000442007E0));
#161=CARTESIAN_POINT('',(6.537772886324E0,9.817428510945E1,-5.900000438698E0));
#162=CARTESIAN_POINT('',(7.605612156401E0,9.791464838600E1,-5.900000434566E0));
#163=CARTESIAN_POINT('',(8.772394722281E0,9.758339439961E1,-5.900000429294E0));
#164=CARTESIAN_POINT('',(1.005773265361E1,9.715889667644E1,-5.900000422538E0));
#165=CARTESIAN_POINT('',(1.148894692170E1,9.660829489220E1,-5.900000413775E0));
#166=CARTESIAN_POINT('',(1.304669522340E1,9.590934760101E1,-5.900000402651E0));
#167=CARTESIAN_POINT('',(1.473553183801E1,9.502731294647E1,-5.900000388612E0));
#168=CARTESIAN_POINT('',(1.657898331671E1,9.390145145011E1,-5.900000370694E0));
#169=CARTESIAN_POINT('',(1.859171239816E1,9.244722855138E1,-5.900000347549E0));
#170=CARTESIAN_POINT('',(2.064662641274E1,9.065949538082E1,-5.900000319096E0));
#171=CARTESIAN_POINT('',(2.234207501362E1,8.888916990457E1,-5.900000290920E0));
#172=CARTESIAN_POINT('',(2.368779925668E1,8.725604303034E1,-5.900000264928E0));
#173=CARTESIAN_POINT('',(2.482752186137E1,8.567117835897E1,-5.900000239704E0));
#174=CARTESIAN_POINT('',(2.583776822967E1,8.405988877365E1,-5.900000214059E0));
#175=CARTESIAN_POINT('',(2.679439261527E1,8.229343612892E1,-5.900000185945E0));
#176=CARTESIAN_POINT('',(2.773697026983E1,8.022607974931E1,-5.900000153041E0));
#177=CARTESIAN_POINT('',(2.865135383400E1,7.767463942265E1,-5.900000112433E0));
#178=CARTESIAN_POINT('',(2.937272998115E1,7.480292377919E1,-5.900000066729E0));
#179=CARTESIAN_POINT('',(2.979747768577E1,7.191806644628E1,-5.900000020813E0));
#180=CARTESIAN_POINT('',(2.989365390768E1,6.997533889631E1,-5.899999989896E0));
#181=CARTESIAN_POINT('',(2.989366556990E1,6.900000348833E1,-5.899999974373E0));
#183=CARTESIAN_POINT('',(-2.989366489179E1,6.900000005751E1,-5.999999974371E0));
#184=DIRECTION('',(1.483459080134E-6,9.999999999989E-1,-1.591572959234E-8));
#185=DIRECTION('',(-9.975156285472E-1,1.478652364995E-6,-7.044551654963E-2));
#186=AXIS2_PLACEMENT_3D('',#183,#184,#185);
#188=DIRECTION('',(-2.507207541706E-8,-1.E0,1.598387078624E-8));
#189=VECTOR('',#188,5.670000743065E1);
#190=CARTESIAN_POINT('',(2.999341692373E1,6.900000012033E1,-6.007044577269E0));
#191=LINE('',#190,#189);
#192=DIRECTION('',(-2.496789839005E-8,-1.E0,1.591562710703E-8));
#193=VECTOR('',#192,5.670000745147E1);
#194=CARTESIAN_POINT('',(2.989366556990E1,6.900000348833E1,-5.899999974373E0));
#195=LINE('',#194,#193);
#196=CARTESIAN_POINT('',(2.989366540467E1,6.900000011912E1,-5.999999974371E0));
#197=DIRECTION('',(-1.624004550380E-8,-1.E0,1.591563588352E-8));
#198=DIRECTION('',(9.975155760292E-1,-1.732090026962E-8,-7.044626022141E-2));
#199=AXIS2_PLACEMENT_3D('',#196,#197,#198);
#201=CARTESIAN_POINT('',(2.999341550214E1,1.229999268968E1,-6.007043670983E0));
#202=CARTESIAN_POINT('',(2.999340928223E1,1.132191938886E1,-6.007044121479E0));
#203=CARTESIAN_POINT('',(2.989626754E1,9.362019224661E0,-6.007629633208E0));
#204=CARTESIAN_POINT('',(2.946773265835E1,6.462236741219E0,-6.009014164962E0));
#205=CARTESIAN_POINT('',(2.873935942301E1,3.571320043686E0,-6.010727066387E0));
#206=CARTESIAN_POINT('',(2.781676365498E1,1.006031181760E0,-6.012267919412E0));
#207=CARTESIAN_POINT('',(2.686705978130E1,-1.070218847950E0,-6.013382469112E0));
#208=CARTESIAN_POINT('',(2.590278688082E1,-2.845226917831E0,-6.014204214085E0));
#209=CARTESIAN_POINT('',(2.488278014266E1,-4.466690697249E0,-6.014809718259E0));
#210=CARTESIAN_POINT('',(2.372937183153E1,-6.064417401456E0,-6.015218970694E0));
#211=CARTESIAN_POINT('',(2.236628709338E1,-7.711462875983E0,-6.015428291007E0));
#212=CARTESIAN_POINT('',(2.064332744882E1,-9.499745716021E0,-6.015359608545E0));
#213=CARTESIAN_POINT('',(1.857254900191E1,-1.128837103224E1,-6.014853834912E0));
#214=CARTESIAN_POINT('',(1.655784111369E1,-1.273410214935E1,-6.014085004837E0));
#215=CARTESIAN_POINT('',(1.471387222452E1,-1.385323612002E1,-6.013206687969E0));
#216=CARTESIAN_POINT('',(1.302450387259E1,-1.473027263491E1,-6.012311662810E0));
#217=CARTESIAN_POINT('',(1.146585037346E1,-1.542541117022E1,-6.011453452798E0));
#218=CARTESIAN_POINT('',(1.003555685710E1,-1.597227970709E1,-6.010657050510E0));
#219=CARTESIAN_POINT('',(8.751451576146E0,-1.639383066974E1,-6.009951983173E0));
#220=CARTESIAN_POINT('',(7.585563755900E0,-1.672282049452E1,-6.009340872302E0));
#221=CARTESIAN_POINT('',(6.518250534766E0,-1.698072555918E1,-6.008817597520E0));
#222=CARTESIAN_POINT('',(5.507843694200E0,-1.718738734539E1,-6.008364503876E0));
#223=CARTESIAN_POINT('',(4.581061235178E0,-1.734480841855E1,-6.007991825773E0));
#224=CARTESIAN_POINT('',(3.753298932903E0,-1.746030795844E1,-6.007699659746E0));
#225=CARTESIAN_POINT('',(3.006871310343E0,-1.754452530250E1,-6.007474692954E0));
#226=CARTESIAN_POINT('',(2.332003567217E0,-1.760450130769E1,-6.007306871776E0));
#227=CARTESIAN_POINT('',(1.716020557260E0,-1.764595950913E1,-6.007186301203E0));
#228=CARTESIAN_POINT('',(1.146643848205E0,-1.767304032416E1,-6.007105009374E0));
#229=CARTESIAN_POINT('',(6.107617573887E-1,-1.768868557214E1,
-6.007056990321E0));
#230=CARTESIAN_POINT('',(9.687784739030E-2,-1.769468637709E1,
-6.007038695359E0));
#231=CARTESIAN_POINT('',(-4.128500102013E-1,-1.769211788869E1,
-6.007048571002E0));
#232=CARTESIAN_POINT('',(-9.705257050217E-1,-1.767949154823E1,
-6.007090232144E0));
#233=CARTESIAN_POINT('',(-1.573434887354E0,-1.765409795710E1,
-6.007169739760E0));
#234=CARTESIAN_POINT('',(-2.230457476804E0,-1.761261850974E1,
-6.007293799800E0));
#235=CARTESIAN_POINT('',(-2.946580593110E0,-1.755091486247E1,
-6.007469697654E0));
#236=CARTESIAN_POINT('',(-3.729781171891E0,-1.746361535614E1,
-6.007705613863E0));
#237=CARTESIAN_POINT('',(-4.589097846824E0,-1.734387211331E1,
-6.008010429404E0));
#238=CARTESIAN_POINT('',(-5.540986234371E0,-1.718136625049E1,
-6.008395815379E0));
#239=CARTESIAN_POINT('',(-6.570114291578E0,-1.696929340697E1,
-6.008860754942E0));
#240=CARTESIAN_POINT('',(-7.662203462874E0,-1.670294574771E1,
-6.009400013968E0));
#241=CARTESIAN_POINT('',(-8.856946192356E0,-1.636183068977E1,
-6.010030483542E0));
#242=CARTESIAN_POINT('',(-1.017493888578E1,-1.592303981790E1,
-6.010757992905E0));
#243=CARTESIAN_POINT('',(-1.164285433517E1,-1.535218077038E1,
-6.011576933139E0));
#244=CARTESIAN_POINT('',(-1.323708219580E1,-1.462765292218E1,
-6.012455182244E0));
#245=CARTESIAN_POINT('',(-1.496696139018E1,-1.371070270944E1,
-6.013366055298E0));
#246=CARTESIAN_POINT('',(-1.685983398971E1,-1.253422724630E1,
-6.014244689631E0));
#247=CARTESIAN_POINT('',(-1.892370057447E1,-1.100922523313E1,
-6.014992866550E0));
#248=CARTESIAN_POINT('',(-2.095393698659E1,-9.198150986669E0,
-6.015422079483E0));
#249=CARTESIAN_POINT('',(-2.257569093990E1,-7.470558031093E0,
-6.015431283073E0));
#250=CARTESIAN_POINT('',(-2.387502058951E1,-5.872423083237E0,
-6.015198662196E0));
#251=CARTESIAN_POINT('',(-2.497867232502E1,-4.321465931947E0,
-6.014778055951E0));
#252=CARTESIAN_POINT('',(-2.596815156754E1,-2.731381623924E0,
-6.014168416081E0));
#253=CARTESIAN_POINT('',(-2.691207772757E1,-9.782747068349E-1,
-6.013347075597E0));
#254=CARTESIAN_POINT('',(-2.784431355367E1,1.076702612210E0,-6.012238969581E0));
#255=CARTESIAN_POINT('',(-2.874632967113E1,3.599727097436E0,-6.010718916519E0));
#256=CARTESIAN_POINT('',(-2.946644014612E1,6.457442433330E0,-6.009018650538E0));
#257=CARTESIAN_POINT('',(-2.989668590272E1,9.363967567191E0,-6.007631995230E0));
#258=CARTESIAN_POINT('',(-2.999341145597E1,1.132181500468E1,-6.007044078746E0));
#259=CARTESIAN_POINT('',(-2.999341725897E1,1.230000012148E1,-6.007043659213E0));
#261=CARTESIAN_POINT('',(2.989366415422E1,1.229999603686E1,-5.899999071957E0));
#262=CARTESIAN_POINT('',(2.989365185270E1,1.132199473566E1,-5.899999056392E0));
#263=CARTESIAN_POINT('',(2.979692982914E1,9.373908237602E0,-5.899999025383E0));
#264=CARTESIAN_POINT('',(2.936996653127E1,6.481648256978E0,-5.899998979352E0));
#265=CARTESIAN_POINT('',(2.864419637365E1,3.600772137007E0,-5.899998933501E0));
#266=CARTESIAN_POINT('',(2.772483767063E1,1.043712000896E0,-5.899998892804E0));
#267=CARTESIAN_POINT('',(2.677839357146E1,-1.025766385017E0,-5.899998859867E0));
#268=CARTESIAN_POINT('',(2.581737185479E1,-2.795066819507E0,-5.899998831707E0));
#269=CARTESIAN_POINT('',(2.480083753537E1,-4.411194426598E0,-5.899998805985E0));
#270=CARTESIAN_POINT('',(2.365128483329E1,-6.003710629886E0,-5.899998780639E0));
#271=CARTESIAN_POINT('',(2.229268566023E1,-7.645402808296E0,-5.899998754511E0));
#272=CARTESIAN_POINT('',(2.057548374370E1,-9.427722166640E0,-5.899998726144E0));
#273=CARTESIAN_POINT('',(1.851142572408E1,-1.121047039306E1,-5.899998697771E0));
#274=CARTESIAN_POINT('',(1.650325988512E1,-1.265138598944E1,-5.899998674837E0));
#275=CARTESIAN_POINT('',(1.466533138699E1,-1.376672439038E1,-5.899998657086E0));
#276=CARTESIAN_POINT('',(1.298142616662E1,-1.464080513928E1,-5.899998643175E0));
#277=CARTESIAN_POINT('',(1.142786982287E1,-1.533356264607E1,-5.899998632149E0));
#278=CARTESIAN_POINT('',(1.000231420854E1,-1.587852947027E1,-5.899998623475E0));
#279=CARTESIAN_POINT('',(8.722421632492E0,-1.629862459446E1,-5.899998616789E0));
#280=CARTESIAN_POINT('',(7.560365110893E0,-1.662647401522E1,-5.899998611571E0));
#281=CARTESIAN_POINT('',(6.496569339308E0,-1.688348171654E1,-5.899998607481E0));
#282=CARTESIAN_POINT('',(5.489520404665E0,-1.708941807324E1,-5.899998604203E0));
#283=CARTESIAN_POINT('',(4.565827864976E0,-1.724628435238E1,-5.899998601707E0));
#284=CARTESIAN_POINT('',(3.740813449963E0,-1.736137809208E1,-5.899998599875E0));
#285=CARTESIAN_POINT('',(2.996862863914E0,-1.744529921856E1,-5.899998598539E0));
#286=CARTESIAN_POINT('',(2.324234253406E0,-1.750506408930E1,-5.899998597588E0));
#287=CARTESIAN_POINT('',(1.710296901141E0,-1.754637603545E1,-5.899998596931E0));
#288=CARTESIAN_POINT('',(1.142814260016E0,-1.757336106344E1,-5.899998596501E0));
#289=CARTESIAN_POINT('',(6.087185470440E-1,-1.758895079978E1,
-5.899998596253E0));
#290=CARTESIAN_POINT('',(9.655438074521E-2,-1.759493025252E1,
-5.899998596158E0));
#291=CARTESIAN_POINT('',(-4.114673969394E-1,-1.759237106666E1,
-5.899998596199E0));
#292=CARTESIAN_POINT('',(-9.672835959842E-1,-1.757978976129E1,
-5.899998596399E0));
#293=CARTESIAN_POINT('',(-1.568186313790E0,-1.755448626608E1,
-5.899998596801E0));
#294=CARTESIAN_POINT('',(-2.223025690759E0,-1.751315347996E1,
-5.899998597459E0));
#295=CARTESIAN_POINT('',(-2.936771068311E0,-1.745166744528E1,
-5.899998598438E0));
#296=CARTESIAN_POINT('',(-3.717370420314E0,-1.736467549023E1,
-5.899998599822E0));
#297=CARTESIAN_POINT('',(-4.573832406167E0,-1.724535347865E1,
-5.899998601722E0));
#298=CARTESIAN_POINT('',(-5.522544933647E0,-1.708342100125E1,
-5.899998604299E0));
#299=CARTESIAN_POINT('',(-6.548257506042E0,-1.687209196085E1,
-5.899998607662E0));
#300=CARTESIAN_POINT('',(-7.636749932450E0,-1.660667077264E1,
-5.899998611887E0));
#301=CARTESIAN_POINT('',(-8.827568291551E0,-1.626673794590E1,
-5.899998617297E0));
#302=CARTESIAN_POINT('',(-1.014123406090E1,-1.582946374908E1,
-5.899998624256E0));
#303=CARTESIAN_POINT('',(-1.160428515256E1,-1.526059053321E1,
-5.899998633310E0));
#304=CARTESIAN_POINT('',(-1.319331149435E1,-1.453853913775E1,
-5.899998644802E0));
#305=CARTESIAN_POINT('',(-1.491759678745E1,-1.362467710388E1,
-5.899998659347E0));
#306=CARTESIAN_POINT('',(-1.680424958966E1,-1.245220077701E1,
-5.899998678008E0));
#307=CARTESIAN_POINT('',(-1.886144580508E1,-1.093224619484E1,
-5.899998702199E0));
#308=CARTESIAN_POINT('',(-2.088504654115E1,-9.127151677494E0,
-5.899998730928E0));
#309=CARTESIAN_POINT('',(-2.250139131777E1,-7.405299743641E0,
-5.899998758332E0));
#310=CARTESIAN_POINT('',(-2.379644591294E1,-5.812350954103E0,
-5.899998783685E0));
#311=CARTESIAN_POINT('',(-2.489639562270E1,-4.266464873386E0,
-5.899998808289E0));
#312=CARTESIAN_POINT('',(-2.588251112549E1,-2.681602501371E0,
-5.899998833513E0));
#313=CARTESIAN_POINT('',(-2.682325426731E1,-9.341301116941E-1,
-5.899998861325E0));
#314=CARTESIAN_POINT('',(-2.775228377656E1,1.114130321195E0,-5.899998893924E0));
#315=CARTESIAN_POINT('',(-2.865113675947E1,3.629066221104E0,-5.899998933951E0));
#316=CARTESIAN_POINT('',(-2.936867572224E1,6.476854763323E0,-5.899998979276E0));
#317=CARTESIAN_POINT('',(-2.979734525613E1,9.375830492654E0,-5.899999025414E0));
#318=CARTESIAN_POINT('',(-2.989365448746E1,1.132189102655E1,-5.899999056389E0));
#319=CARTESIAN_POINT('',(-2.989366596475E1,1.230000012966E1,-5.899999071956E0));
#321=CARTESIAN_POINT('',(2.989366283031E1,1.229999276460E1,-5.999999071954E0));
#322=DIRECTION('',(-1.577189006424E-6,-9.999999999988E-1,1.591564212575E-8));
#323=DIRECTION('',(9.975156637720E-1,-1.574391923498E-6,-7.044501775828E-2));
#324=AXIS2_PLACEMENT_3D('',#321,#322,#323);
#326=CARTESIAN_POINT('',(-2.599990867712E1,1.229999770748E1,-1.076372672456E1));
#327=CARTESIAN_POINT('',(-2.599990867717E1,1.142476663819E1,-1.076372672585E1));
#328=CARTESIAN_POINT('',(-2.591138220726E1,9.671752946615E0,-1.074912659482E1));
#329=CARTESIAN_POINT('',(-2.551179506824E1,7.058811651568E0,-1.074128989856E1));
#330=CARTESIAN_POINT('',(-2.484847054492E1,4.497633487633E0,-1.073300579792E1));
#331=CARTESIAN_POINT('',(-2.392867190911E1,2.017421580851E0,-1.072769104311E1));
#332=CARTESIAN_POINT('',(-2.276473047853E1,-3.528292899930E-1,
-1.072560539994E1));
#333=CARTESIAN_POINT('',(-2.135598345838E1,-2.609057281048E0,
-1.072615704531E1));
#334=CARTESIAN_POINT('',(-1.972156348242E1,-4.711738960749E0,
-1.072899970595E1));
#335=CARTESIAN_POINT('',(-1.789317881011E1,-6.624712521278E0,
-1.073371618817E1));
#336=CARTESIAN_POINT('',(-1.588595812982E1,-8.338674967646E0,
-1.073911489067E1));
#337=CARTESIAN_POINT('',(-1.370530382001E1,-9.847440160771E0,
-1.074498338975E1));
#338=CARTESIAN_POINT('',(-1.137705324387E1,-1.112840926590E1,
-1.075059843519E1));
#339=CARTESIAN_POINT('',(-8.944982081035E0,-1.216026013102E1,
-1.075563789128E1));
#340=CARTESIAN_POINT('',(-6.416649802482E0,-1.294172593395E1,
-1.075961259111E1));
#341=CARTESIAN_POINT('',(-3.825930759624E0,-1.346217483769E1,
-1.076239344498E1));
#342=CARTESIAN_POINT('',(-1.185690622351E0,-1.371761269489E1,
-1.076382681198E1));
#343=CARTESIAN_POINT('',(1.454605195233E0,-1.370398085385E1,-1.076378997036E1));
#344=CARTESIAN_POINT('',(4.092487800151E0,-1.342117025404E1,-1.076220945369E1));
#345=CARTESIAN_POINT('',(6.676853751796E0,-1.287411327029E1,-1.075923478753E1));
#346=CARTESIAN_POINT('',(9.196775402707E0,-1.206673692962E1,-1.075512430185E1));
#347=CARTESIAN_POINT('',(1.161962806625E1,-1.100912289930E1,-1.075003660044E1));
#348=CARTESIAN_POINT('',(1.393563000045E1,-9.703280070997E0,-1.074447480722E1));
#349=CARTESIAN_POINT('',(1.609872403675E1,-8.172823799847E0,-1.073860588928E1));
#350=CARTESIAN_POINT('',(1.808421724255E1,-6.442506632184E0,-1.073325188321E1));
#351=CARTESIAN_POINT('',(1.990537331089E1,-4.497478263172E0,-1.072862185311E1));
#352=CARTESIAN_POINT('',(2.152729273638E1,-2.361551454971E0,-1.072596883183E1));
#353=CARTESIAN_POINT('',(2.290781021649E1,-8.958038650522E-2,
-1.072557716150E1));
#354=CARTESIAN_POINT('',(2.401942443389E1,2.237550678200E0,-1.072798056807E1));
#355=CARTESIAN_POINT('',(2.489756771438E1,4.662384712741E0,-1.073335361877E1));
#356=CARTESIAN_POINT('',(2.553227540649E1,7.170941848238E0,-1.074146468576E1));
#357=CARTESIAN_POINT('',(2.591350238101E1,9.713666115022E0,-1.074945982442E1));
#358=CARTESIAN_POINT('',(2.599990699946E1,1.143717776798E1,-1.076372687856E1));
#359=CARTESIAN_POINT('',(2.599990701360E1,1.229999726197E1,-1.076372687602E1));
#361=DIRECTION('',(-3.853858338332E-12,-2.755307768549E-7,-1.E0));
#362=VECTOR('',#361,4.863727652601E0);
#363=CARTESIAN_POINT('',(-2.599990867710E1,1.229999904758E1,-5.899999071955E0));
#364=LINE('',#363,#362);
#365=DIRECTION('',(-3.367079758410E-9,-1.E0,1.591563587034E-8));
#366=VECTOR('',#365,5.670000095367E1);
#367=CARTESIAN_POINT('',(-2.599990848619E1,6.900000000126E1,-5.899999974371E0));
#368=LINE('',#367,#366);
#369=CARTESIAN_POINT('',(-9.536742764699E-7,1.229999904633E1,
-5.899998799971E0));
#370=DIRECTION('',(0.E0,0.E0,-1.E0));
#371=DIRECTION('',(1.E0,-1.638953417364E-8,0.E0));
#372=AXIS2_PLACEMENT_3D('',#369,#370,#371);
#374=DIRECTION('',(2.167155320149E-8,1.E0,-1.591563588600E-8));
#375=VECTOR('',#374,5.670000095367E1);
#376=CARTESIAN_POINT('',(2.599990701358E1,1.229999862020E1,-5.899999071955E0));
#377=LINE('',#376,#375);
#378=CARTESIAN_POINT('',(0.E0,6.9E1,-5.900000246355E0));
#379=DIRECTION('',(0.E0,0.E0,-1.E0));
#380=DIRECTION('',(-1.E0,4.842874749683E-11,0.E0));
#381=AXIS2_PLACEMENT_3D('',#378,#379,#380);
#383=DIRECTION('',(9.996186515692E-10,1.E0,-1.620919600694E-8));
#384=VECTOR('',#383,5.670000000289E1);
#385=CARTESIAN_POINT('',(-2.999341725897E1,1.230000012148E1,-6.007043659213E0));
#386=LINE('',#385,#384);
#387=DIRECTION('',(1.155649951225E-9,1.E0,-1.591563350134E-8));
#388=VECTOR('',#387,5.670000001799E1);
#389=CARTESIAN_POINT('',(-2.989366596475E1,1.230000012966E1,-5.899999071956E0));
#390=LINE('',#389,#388);
#391=CARTESIAN_POINT('',(-2.989366596530E1,1.230000011738E1,-5.999999071955E0));
#392=DIRECTION('',(1.189426074116E-9,1.E0,-1.591563589736E-8));
#393=DIRECTION('',(-9.975155902890E-1,6.528111384796E-11,-7.044605830210E-2));
#394=AXIS2_PLACEMENT_3D('',#391,#392,#393);
#396=CARTESIAN_POINT('',(-2.999341725897E1,1.230000012148E1,-6.007043659213E0));
#397=CARTESIAN_POINT('',(-2.981859259728E1,1.230000012378E1,-8.482559391431E0));
#398=CARTESIAN_POINT('',(-2.811708458347E1,1.229999770702E1,-1.027140604616E1));
#399=CARTESIAN_POINT('',(-2.599990867712E1,1.229999770748E1,-1.076372672456E1));
#401=DIRECTION('',(3.376416183255E-9,1.E0,-8.555046545159E-10));
#402=VECTOR('',#401,5.669999685048E1);
#403=CARTESIAN_POINT('',(-2.599990867712E1,1.229999770748E1,-1.076372672456E1));
#404=LINE('',#403,#402);
#405=DIRECTION('',(1.049855183170E-10,-1.119161969828E-6,-9.999999999994E-1));
#406=VECTOR('',#405,4.863726798694E0);
#407=CARTESIAN_POINT('',(-2.599990848619E1,6.900000000126E1,-5.899999974371E0));
#408=LINE('',#407,#406);
#409=VERTEX_POINT('',#63);
#410=VERTEX_POINT('',#121);
#411=VERTEX_POINT('',#123);
#412=VERTEX_POINT('',#181);
#413=CARTESIAN_POINT('',(2.999341550214E1,1.229999268968E1,-6.007043670983E0));
#414=VERTEX_POINT('',#413);
#415=CARTESIAN_POINT('',(2.989366415422E1,1.229999603686E1,-5.899999071957E0));
#416=VERTEX_POINT('',#415);
#417=VERTEX_POINT('',#259);
#418=VERTEX_POINT('',#319);
#419=CARTESIAN_POINT('',(2.599990824303E1,6.899999790220E1,-1.076372765959E1));
#420=CARTESIAN_POINT('',(2.599990701360E1,1.229999726197E1,-1.076372687602E1));
#421=VERTEX_POINT('',#419);
#422=VERTEX_POINT('',#420);
#423=VERTEX_POINT('',#56);
#424=CARTESIAN_POINT('',(-2.599990867712E1,1.229999770748E1,-1.076372672456E1));
#425=VERTEX_POINT('',#424);
#426=CARTESIAN_POINT('',(-2.599990848619E1,6.900000000126E1,-5.899999974371E0));
#427=CARTESIAN_POINT('',(-2.599990867710E1,1.229999904758E1,-5.899999071955E0));
#428=VERTEX_POINT('',#426);
#429=VERTEX_POINT('',#427);
#430=CARTESIAN_POINT('',(2.599981697375E1,6.899999957388E1,-5.900000246355E0));
#431=VERTEX_POINT('',#430);
#432=CARTESIAN_POINT('',(2.599990701358E1,1.229999862020E1,-5.899999071955E0));
#433=VERTEX_POINT('',#432);
#434=CARTESIAN_POINT('',(2.593676298923E1,1.229999337763E1,-1.077799698214E1));
#435=CARTESIAN_POINT('',(2.810214411433E1,1.229999334488E1,-1.030271165065E1));
#436=CARTESIAN_POINT('',(2.984740614098E1,1.229999332961E1,-8.475304584667E0));
#437=CARTESIAN_POINT('',(2.999772407744E1,1.229999334662E1,-5.940721346093E0));
#439=DIRECTION('',(1.681965146766E-8,1.E0,-7.708439969347E-9));
#440=VECTOR('',#439,1.E0);
#441=SURFACE_OF_LINEAR_EXTRUSION('',#438,#440);
#443=ORIENTED_EDGE('',*,*,#442,.T.);
#445=ORIENTED_EDGE('',*,*,#444,.F.);
#447=ORIENTED_EDGE('',*,*,#446,.F.);
#449=ORIENTED_EDGE('',*,*,#448,.T.);
#450=EDGE_LOOP('',(#443,#445,#447,#449));
#451=FACE_OUTER_BOUND('',#450,.F.);
#452=ADVANCED_FACE('',(#451),#441,.F.);
#453=CARTESIAN_POINT('',(2.599999858168E1,1.229999262690E1,8.979646553625E0));
#454=DIRECTION('',(1.E0,-1.638953398997E-8,0.E0));
#455=DIRECTION('',(1.638953398997E-8,1.E0,0.E0));
#456=AXIS2_PLACEMENT_3D('',#453,#454,#455);
#457=PLANE('',#456);
#458=ORIENTED_EDGE('',*,*,#442,.F.);
#460=ORIENTED_EDGE('',*,*,#459,.F.);
#462=ORIENTED_EDGE('',*,*,#461,.F.);
#464=ORIENTED_EDGE('',*,*,#463,.T.);
#465=EDGE_LOOP('',(#458,#460,#462,#464));
#466=FACE_OUTER_BOUND('',#465,.F.);
#467=ADVANCED_FACE('',(#466),#457,.F.);
#468=CARTESIAN_POINT('',(0.E0,6.9E1,8.979646553625E0));
#469=DIRECTION('',(0.E0,0.E0,1.E0));
#470=DIRECTION('',(1.E0,0.E0,0.E0));
#471=AXIS2_PLACEMENT_3D('',#468,#469,#470);
#472=CYLINDRICAL_SURFACE('',#471,2.599981697375E1);
#474=ORIENTED_EDGE('',*,*,#473,.T.);
#476=ORIENTED_EDGE('',*,*,#475,.F.);
#478=ORIENTED_EDGE('',*,*,#477,.T.);
#479=ORIENTED_EDGE('',*,*,#459,.T.);
#480=EDGE_LOOP('',(#474,#476,#478,#479));
#481=FACE_OUTER_BOUND('',#480,.F.);
#482=ADVANCED_FACE('',(#481),#472,.F.);
#483=CARTESIAN_POINT('',(2.591625269390E1,6.820086529042E1,-1.077743338279E1));
#484=CARTESIAN_POINT('',(2.806844970343E1,6.822546455112E1,-1.030088979142E1));
#485=CARTESIAN_POINT('',(2.983723889695E1,6.817007383925E1,-8.471407160542E0));
#486=CARTESIAN_POINT('',(2.998634478085E1,6.816288693412E1,-5.934698963466E0));
#487=CARTESIAN_POINT('',(2.598177461352E1,6.929094957490E1,-1.077743381554E1));
#488=CARTESIAN_POINT('',(2.817402030606E1,6.923555763736E1,-1.030089016417E1));
#489=CARTESIAN_POINT('',(2.987305656698E1,6.931363684410E1,-8.471407290328E0));
#490=CARTESIAN_POINT('',(3.001857602623E1,6.931152666417E1,-5.934698966190E0));
#491=CARTESIAN_POINT('',(2.583889321388E1,7.131765868903E1,-1.077743270912E1));
#492=CARTESIAN_POINT('',(2.793177470081E1,7.149136318307E1,-1.030088922960E1));
#493=CARTESIAN_POINT('',(2.980621160946E1,7.133989947003E1,-8.471406958902E0));
#494=CARTESIAN_POINT('',(2.995976679212E1,7.138531561210E1,-5.934698963416E0));
#495=CARTESIAN_POINT('',(2.525554481194E1,7.493051062427E1,-1.077743271348E1));
#496=CARTESIAN_POINT('',(2.725653883965E1,7.533560031576E1,-1.030088924146E1));
#497=CARTESIAN_POINT('',(2.923959165539E1,7.523759352801E1,-8.471406971576E0));
#498=CARTESIAN_POINT('',(2.942034834527E1,7.536245457675E1,-5.934698966448E0));
#499=CARTESIAN_POINT('',(2.396526839199E1,7.901943976269E1,-1.077743271357E1));
#500=CARTESIAN_POINT('',(2.580739180459E1,7.977351088498E1,-1.030088924508E1));
#501=CARTESIAN_POINT('',(2.788359027649E1,7.983269435618E1,-8.471406995370E0));
#502=CARTESIAN_POINT('',(2.809831682131E1,8.005415504870E1,-5.934698969574E0));
#503=CARTESIAN_POINT('',(2.152979173106E1,8.352402013911E1,-1.077743270673E1));
#504=CARTESIAN_POINT('',(2.313635137620E1,8.467655186920E1,-1.030088923501E1));
#505=CARTESIAN_POINT('',(2.510247632919E1,8.515923689029E1,-8.471407034695E0));
#506=CARTESIAN_POINT('',(2.531303122955E1,8.548332560101E1,-5.934698972309E0));
#507=CARTESIAN_POINT('',(1.828168139655E1,8.747732937463E1,-1.077743270513E1));
#508=CARTESIAN_POINT('',(1.959033735424E1,8.900051208529E1,-1.030088923807E1));
#509=CARTESIAN_POINT('',(2.124406397254E1,8.995214650159E1,-8.471407081274E0));
#510=CARTESIAN_POINT('',(2.139093164123E1,9.033433176520E1,-5.934698973715E0));
#511=CARTESIAN_POINT('',(1.434731274164E1,9.071718277054E1,-1.077743271232E1));
#512=CARTESIAN_POINT('',(1.531594868620E1,9.254004231703E1,-1.030088926190E1));
#513=CARTESIAN_POINT('',(1.650459008502E1,9.389876717429E1,-8.471407131518E0));
#514=CARTESIAN_POINT('',(1.654848909246E1,9.427121975771E1,-5.934698973642E0));
#515=CARTESIAN_POINT('',(9.876945998624E0,9.312152973523E1,-1.077743271952E1));
#516=CARTESIAN_POINT('',(1.049196856E1,9.515322200925E1,-1.030088928576E1));
#517=CARTESIAN_POINT('',(1.117053838681E1,9.677722552915E1,-8.471407181718E0));
#518=CARTESIAN_POINT('',(1.111910742734E1,9.707363675183E1,-5.934698972139E0));
#519=CARTESIAN_POINT('',(5.045715966586E0,9.460154540092E1,-1.077743272281E1));
#520=CARTESIAN_POINT('',(5.326729039603E0,9.674664162323E1,-1.030088930011E1));
#521=CARTESIAN_POINT('',(5.567100033481E0,9.848422073483E1,-8.471407228370E0));
#522=CARTESIAN_POINT('',(5.481172952229E0,9.867536774573E1,-5.934698969408E0));
#523=CARTESIAN_POINT('',(1.692857967874E0,9.493820399550E1,-1.077743272013E1));
#524=CARTESIAN_POINT('',(1.780838207056E0,9.710400919370E1,-1.030088929780E1));
#525=CARTESIAN_POINT('',(1.838402443969E0,9.884889771068E1,-8.471407254957E0));
#526=CARTESIAN_POINT('',(1.796871018222E0,9.899679659892E1,-5.934698966990E0));
#527=CARTESIAN_POINT('',(-1.649613095412E0,9.494060671070E1,-1.077743271665E1));
#528=CARTESIAN_POINT('',(-1.735335453872E0,9.710658063527E1,-1.030088929315E1));
#529=CARTESIAN_POINT('',(-1.791442279302E0,9.885155288880E1,-8.471407278062E0));
#530=CARTESIAN_POINT('',(-1.750965998E0,9.899935052930E1,-5.934698964335E0));
#531=CARTESIAN_POINT('',(-4.995479896601E0,9.461073147782E1,-1.077743271301E1));
#532=CARTESIAN_POINT('',(-5.273828552385E0,9.675631850734E1,-1.030088928862E1));
#533=CARTESIAN_POINT('',(-5.511988249935E0,9.849390097450E1,-8.471407305048E0));
#534=CARTESIAN_POINT('',(-5.426847564392E0,9.868458471826E1,-5.934698971767E0));
#535=CARTESIAN_POINT('',(-9.819063799059E0,9.314525649187E1,-1.077743271129E1));
#536=CARTESIAN_POINT('',(-1.043151465859E1,9.517794762398E1,-1.030088928833E1));
#537=CARTESIAN_POINT('',(-1.110905904988E1,9.680150668704E1,-8.471407330480E0));
#538=CARTESIAN_POINT('',(-1.105906069888E1,9.709676523221E1,-5.934698973768E0));
#539=CARTESIAN_POINT('',(-1.428586014261E1,9.075691575183E1,-1.077743271463E1));
#540=CARTESIAN_POINT('',(-1.525224157343E1,9.258141943208E1,-1.030088929874E1));
#541=CARTESIAN_POINT('',(-1.644164857120E1,9.393946893493E1,-8.471407349422E0));
#542=CARTESIAN_POINT('',(-1.648776050046E1,9.431033367664E1,-5.934698976682E0));
#543=CARTESIAN_POINT('',(-1.822455670172E1,8.753381813960E1,-1.077743272225E1));
#544=CARTESIAN_POINT('',(-1.953206127325E1,8.905830885168E1,-1.030088931796E1));
#545=CARTESIAN_POINT('',(-2.119025195434E1,9.000601627696E1,-8.471407360953E0));
#546=CARTESIAN_POINT('',(-2.134083022063E1,9.038499323232E1,-5.934698977488E0));
#547=CARTESIAN_POINT('',(-2.148303947761E1,8.359322544279E1,-1.077743273266E1));
#548=CARTESIAN_POINT('',(-2.308994408533E1,8.474538893468E1,-1.030088934276E1));
#549=CARTESIAN_POINT('',(-2.506473373438E1,8.521735386777E1,-8.471407366728E0));
#550=CARTESIAN_POINT('',(-2.528060797465E1,8.553514212092E1,-5.934698976841E0));
#551=CARTESIAN_POINT('',(-2.393359819725E1,7.909672313377E1,-1.077743274027E1));
#552=CARTESIAN_POINT('',(-2.577715326221E1,7.984689783349E1,-1.030088936045E1));
#553=CARTESIAN_POINT('',(-2.786378314685E1,7.988396916780E1,-8.471407367799E0));
#554=CARTESIAN_POINT('',(-2.808417655718E1,8.009367221763E1,-5.934698974651E0));
#555=CARTESIAN_POINT('',(-2.524500720694E1,7.498471878451E1,-1.077743273165E1));
#556=CARTESIAN_POINT('',(-2.724624527042E1,7.538639155373E1,-1.030088934033E1));
#557=CARTESIAN_POINT('',(-2.923325127398E1,7.527076926304E1,-8.471407365740E0));
#558=CARTESIAN_POINT('',(-2.941593545382E1,7.538654934743E1,-5.934698971818E0));
#559=CARTESIAN_POINT('',(-2.583270670510E1,7.136748099545E1,-1.077743271669E1));
#560=CARTESIAN_POINT('',(-2.792447282075E1,7.154292661301E1,-1.030088930550E1));
#561=CARTESIAN_POINT('',(-2.980050487580E1,7.138751732183E1,-8.471407362927E0));
#562=CARTESIAN_POINT('',(-2.995439501231E1,7.143172075058E1,-5.934698968940E0));
#563=CARTESIAN_POINT('',(-2.597706651026E1,6.935949614660E1,-1.077743257842E1));
#564=CARTESIAN_POINT('',(-2.816594027681E1,6.931237514601E1,-1.030088915984E1));
#565=CARTESIAN_POINT('',(-2.987084127482E1,6.938461740729E1,-8.471407325113E0));
#566=CARTESIAN_POINT('',(-3.001659947120E1,6.938514364426E1,-5.934698966784E0));
#567=CARTESIAN_POINT('',(-2.592170047507E1,6.830042266687E1,-1.077743261608E1));
#568=CARTESIAN_POINT('',(-2.807727580762E1,6.831803282212E1,-1.030088918921E1));
#569=CARTESIAN_POINT('',(-2.984022946526E1,6.827293946043E1,-8.471407336098E0));
#570=CARTESIAN_POINT('',(-2.998905067881E1,6.826566912570E1,-5.934698965978E0));
#571=B_SPLINE_SURFACE_WITH_KNOTS('',3,3,((#483,#484,#485,#486),(#487,#488,#489,
#490),(#491,#492,#493,#494),(#495,#496,#497,#498),(#499,#500,#501,#502),(#503,
#504,#505,#506),(#507,#508,#509,#510),(#511,#512,#513,#514),(#515,#516,#517,
#518),(#519,#520,#521,#522),(#523,#524,#525,#526),(#527,#528,#529,#530),(#531,
#532,#533,#534),(#535,#536,#537,#538),(#539,#540,#541,#542),(#543,#544,#545,
#546),(#547,#548,#549,#550),(#551,#552,#553,#554),(#555,#556,#557,#558),(#559,
#560,#561,#562),(#563,#564,#565,#566),(#567,#568,#569,#570)),.UNSPECIFIED.,.F.,
.F.,.F.,(4,1,1,1,1,1,1,1,1,1,1,1,1,1,1,1,1,1,1,4),(4,4),(-9.936761027799E-3,
3.1223E-2,6.2445E-2,1.24889E-1,1.87349E-1,2.49809E-1,3.12293E-1,3.74777E-1,
4.37261E-1,4.99745E-1,5.00255E-1,5.62644E-1,6.25032E-1,6.87421E-1,7.49809E-1,
8.12349E-1,8.74889E-1,9.37445E-1,9.68723E-1,1.008692277376E0),
(1.442085188250E-1,9.961205582223E-1),.UNSPECIFIED.);
#572=ORIENTED_EDGE('',*,*,#473,.F.);
#573=ORIENTED_EDGE('',*,*,#448,.F.);
#575=ORIENTED_EDGE('',*,*,#574,.F.);
#577=ORIENTED_EDGE('',*,*,#576,.F.);
#578=EDGE_LOOP('',(#572,#573,#575,#577));
#579=FACE_OUTER_BOUND('',#578,.F.);
#580=ADVANCED_FACE('',(#579),#571,.T.);
#581=CARTESIAN_POINT('',(-2.994710466528E1,6.805902196658E1,-6.073015615115E0));
#582=CARTESIAN_POINT('',(-2.995616941489E1,6.834510098815E1,-6.073015619668E0));
#583=CARTESIAN_POINT('',(-2.997786217232E1,6.960680693562E1,-6.073015639749E0));
#584=CARTESIAN_POINT('',(-2.987394706011E1,7.184616983585E1,-6.073015675389E0));
#585=CARTESIAN_POINT('',(-2.945387396879E1,7.473660906770E1,-6.073015721393E0));
#586=CARTESIAN_POINT('',(-2.877584159560E1,7.748465972768E1,-6.073015765130E0));
#587=CARTESIAN_POINT('',(-2.791803351270E1,7.995619762725E1,-6.073015804466E0));
#588=CARTESIAN_POINT('',(-2.697692873429E1,8.207966170782E1,-6.073015838262E0));
#589=CARTESIAN_POINT('',(-2.600628448889E1,8.390591822116E1,-6.073015867328E0));
#590=CARTESIAN_POINT('',(-2.498417341239E1,8.555959300907E1,-6.073015893647E0));
#591=CARTESIAN_POINT('',(-2.384781565983E1,8.715910728270E1,-6.073015919105E0));
#592=CARTESIAN_POINT('',(-2.251047391981E1,8.880023993463E1,-6.073015945224E0));
#593=CARTESIAN_POINT('',(-2.089258897317E1,9.051167697109E1,-6.073015972463E0));
#594=CARTESIAN_POINT('',(-1.901981133180E1,9.218652417966E1,-6.073015999119E0));
#595=CARTESIAN_POINT('',(-1.704041040606E1,9.367346821093E1,-6.073016022785E0));
#596=CARTESIAN_POINT('',(-1.513217200001E1,9.488036635272E1,-6.073016041993E0));
#597=CARTESIAN_POINT('',(-1.337275609515E1,9.582654381694E1,-6.073016057052E0));
#598=CARTESIAN_POINT('',(-1.176118111589E1,9.656849342944E1,-6.073016068861E0));
#599=CARTESIAN_POINT('',(-1.028906488673E1,9.714872972960E1,-6.073016078096E0));
#600=CARTESIAN_POINT('',(-8.951250154518E0,9.760013941234E1,-6.073016085280E0));
#601=CARTESIAN_POINT('',(-7.737110540097E0,9.795094189270E1,-6.073016090864E0));
#602=CARTESIAN_POINT('',(-6.623143716412E0,9.822537313717E1,-6.073016095231E0));
#603=CARTESIAN_POINT('',(-5.593002138462E0,9.843961747175E1,-6.073016098641E0));
#604=CARTESIAN_POINT('',(-4.642173096262E0,9.860392446446E1,-6.073016101256E0));
#605=CARTESIAN_POINT('',(-3.772404805048E0,9.872670125766E1,-6.073016103210E0));
#606=CARTESIAN_POINT('',(-2.980500386608E0,9.881604986319E1,-6.073016104632E0));
#607=CARTESIAN_POINT('',(-2.257231954230E0,9.887915437463E1,-6.073016105637E0));
#608=CARTESIAN_POINT('',(-1.594588674569E0,9.892155813983E1,-6.073016106312E0));
#609=CARTESIAN_POINT('',(-9.858052248937E-1,9.894757088452E1,
-6.073016106726E0));
#610=CARTESIAN_POINT('',(-4.238161676270E-1,9.896060256586E1,
-6.073016106933E0));
#611=CARTESIAN_POINT('',(1.089778892630E-1,9.896330915995E1,-6.073016106976E0));
#612=CARTESIAN_POINT('',(6.355652266076E-1,9.895677502627E1,-6.073016106872E0));
#613=CARTESIAN_POINT('',(1.180343105706E0,9.894032890830E1,-6.073016106610E0));
#614=CARTESIAN_POINT('',(1.759350695869E0,9.891202171466E1,-6.073016106160E0));
#615=CARTESIAN_POINT('',(2.385300364236E0,9.886884643644E1,-6.073016105473E0));
#616=CARTESIAN_POINT('',(3.070677089901E0,9.880652700318E1,-6.073016104481E0));
#617=CARTESIAN_POINT('',(3.827597260765E0,9.871929593229E1,-6.073016103092E0));
#618=CARTESIAN_POINT('',(4.667606432259E0,9.859962837701E1,-6.073016101188E0));
#619=CARTESIAN_POINT('',(5.593626060739E0,9.843927390634E1,-6.073016098636E0));
#620=CARTESIAN_POINT('',(6.600963110951E0,9.823018220288E1,-6.073016095308E0));
#621=CARTESIAN_POINT('',(7.690625388611E0,9.796304629119E1,-6.073016091056E0));
#622=CARTESIAN_POINT('',(8.876504280963E0,9.762301540818E1,-6.073016085644E0));
#623=CARTESIAN_POINT('',(1.018221812899E1,9.718696274955E1,-6.073016078704E0));
#624=CARTESIAN_POINT('',(1.161960363690E1,9.662780464300E1,-6.073016069805E0));
#625=CARTESIAN_POINT('',(1.319369662032E1,9.591412877198E1,-6.073016058446E0));
#626=CARTESIAN_POINT('',(1.491141401424E1,9.500659550969E1,-6.073016044002E0));
#627=CARTESIAN_POINT('',(1.677910836662E1,9.385020190755E1,-6.073016025598E0));
#628=CARTESIAN_POINT('',(1.874463810901E1,9.240886804116E1,-6.073016002658E0));
#629=CARTESIAN_POINT('',(2.064685907430E1,9.074940498920E1,-6.073015976247E0));
#630=CARTESIAN_POINT('',(2.232308924396E1,8.901445054687E1,-6.073015948634E0));
#631=CARTESIAN_POINT('',(2.371908630305E1,8.732919305092E1,-6.073015921812E0));
#632=CARTESIAN_POINT('',(2.489823214359E1,8.569029068393E1,-6.073015895727E0));
#633=CARTESIAN_POINT('',(2.594961680622E1,8.400587773171E1,-6.073015868919E0));
#634=CARTESIAN_POINT('',(2.694086303303E1,8.215514728165E1,-6.073015839463E0));
#635=CARTESIAN_POINT('',(2.789933148823E1,8.000609068759E1,-6.073015805260E0));
#636=CARTESIAN_POINT('',(2.877016188363E1,7.750736672375E1,-6.073015765491E0));
#637=CARTESIAN_POINT('',(2.945387030287E1,7.473884363474E1,-6.073015721428E0));
#638=CARTESIAN_POINT('',(2.987461677635E1,7.183944905345E1,-6.073015675283E0));
#639=CARTESIAN_POINT('',(2.997789271268E1,6.960215669473E1,-6.073015639675E0));
#640=CARTESIAN_POINT('',(2.995609720969E1,6.834289310643E1,-6.073015619633E0));
#641=CARTESIAN_POINT('',(2.994711627945E1,6.805932935797E1,-6.073015615120E0));
#642=CARTESIAN_POINT('',(-3.008106605628E1,6.805476788343E1,-5.947592726929E0));
#643=CARTESIAN_POINT('',(-3.009017108676E1,6.834214451810E1,-5.947592731503E0));
#644=CARTESIAN_POINT('',(-3.011196039039E1,6.960955440722E1,-5.947592751675E0));
#645=CARTESIAN_POINT('',(-3.000758180578E1,7.185893601975E1,-5.947592787475E0));
#646=CARTESIAN_POINT('',(-2.958561420653E1,7.476239032017E1,-5.947592833685E0));
#647=CARTESIAN_POINT('',(-2.890456372360E1,7.752267580571E1,-5.947592877617E0));
#648=CARTESIAN_POINT('',(-2.804290802293E1,8.000530064456E1,-5.947592917130E0));
#649=CARTESIAN_POINT('',(-2.709758577998E1,8.213827744567E1,-5.947592951077E0));
#650=CARTESIAN_POINT('',(-2.612264239853E1,8.397262391594E1,-5.947592980272E0));
#651=CARTESIAN_POINT('',(-2.509593122104E1,8.563374303897E1,-5.947593006710E0));
#652=CARTESIAN_POINT('',(-2.395448517753E1,8.724041577692E1,-5.947593032281E0));
#653=CARTESIAN_POINT('',(-2.261123144487E1,8.888880569641E1,-5.947593058516E0));
#654=CARTESIAN_POINT('',(-2.098606193611E1,9.060794892524E1,-5.947593085878E0));
#655=CARTESIAN_POINT('',(-1.910493157399E1,9.229026243977E1,-5.947593112653E0));
#656=CARTESIAN_POINT('',(-1.711674869375E1,9.378380646515E1,-5.947593136423E0));
#657=CARTESIAN_POINT('',(-1.519989039503E1,9.499615772904E1,-5.947593155719E0));
#658=CARTESIAN_POINT('',(-1.343266330360E1,9.594653283025E1,-5.947593170845E0));
#659=CARTESIAN_POINT('',(-1.181391124793E1,9.669178906194E1,-5.947593182706E0));
#660=CARTESIAN_POINT('',(-1.033514479381E1,9.727464661486E1,-5.947593191982E0));
#661=CARTESIAN_POINT('',(-8.991351140422E0,9.772807286990E1,-5.947593199199E0));
#662=CARTESIAN_POINT('',(-7.771800026488E0,9.808043893472E1,-5.947593204807E0));
#663=CARTESIAN_POINT('',(-6.652865328803E0,9.835609420345E1,-5.947593209194E0));
#664=CARTESIAN_POINT('',(-5.618102649060E0,9.857129988231E1,-5.947593212619E0));
#665=CARTESIAN_POINT('',(-4.662987556075E0,9.873634755484E1,-5.947593215246E0));
#666=CARTESIAN_POINT('',(-3.789318227896E0,9.885967486256E1,-5.947593217209E0));
#667=CARTESIAN_POINT('',(-2.993866455370E0,9.894942371012E1,-5.947593218637E0));
#668=CARTESIAN_POINT('',(-2.267360870951E0,9.901281064480E1,-5.947593219646E0));
#669=CARTESIAN_POINT('',(-1.601750974406E0,9.905540426818E1,-5.947593220324E0));
#670=CARTESIAN_POINT('',(-9.902386677310E-1,9.908153362603E1,
-5.947593220740E0));
#671=CARTESIAN_POINT('',(-4.257264885507E-1,9.909462385967E1,
-5.947593220948E0));
#672=CARTESIAN_POINT('',(1.094688285233E-1,9.909734266445E1,-5.947593220992E0));
#673=CARTESIAN_POINT('',(6.384286465660E-1,9.909077907312E1,-5.947593220887E0));
#674=CARTESIAN_POINT('',(1.185651824197E0,9.907425909519E1,-5.947593220624E0));
#675=CARTESIAN_POINT('',(1.767253681066E0,9.904582505628E1,-5.947593220172E0));
#676=CARTESIAN_POINT('',(2.396004320307E0,9.900245656245E1,-5.947593219481E0));
#677=CARTESIAN_POINT('',(3.084446876185E0,9.893985837356E1,-5.947593218485E0));
#678=CARTESIAN_POINT('',(3.844755695630E0,9.885223677824E1,-5.947593217091E0));
#679=CARTESIAN_POINT('',(4.688530658588E0,9.873203289512E1,-5.947593215178E0));
#680=CARTESIAN_POINT('',(5.618723521725E0,9.857095576494E1,-5.947593212614E0));
#681=CARTESIAN_POINT('',(6.630583993907E0,9.836092491115E1,-5.947593209271E0));
#682=CARTESIAN_POINT('',(7.725108188100E0,9.809259689577E1,-5.947593205E0));
#683=CARTESIAN_POINT('',(8.916274180738E0,9.775104993992E1,-5.947593199565E0));
#684=CARTESIAN_POINT('',(1.022781903357E1,9.731305079134E1,-5.947593192593E0));
#685=CARTESIAN_POINT('',(1.167169645564E1,9.675136720781E1,-5.947593183654E0));
#686=CARTESIAN_POINT('',(1.325281104513E1,9.603450572546E1,-5.947593172245E0));
#687=CARTESIAN_POINT('',(1.497814855605E1,9.512294863999E1,-5.947593157737E0));
#688=CARTESIAN_POINT('',(1.685426069547E1,9.396134278715E1,-5.947593139249E0));
#689=CARTESIAN_POINT('',(1.882855199870E1,9.251358077074E1,-5.947593116207E0));
#690=CARTESIAN_POINT('',(2.073921533803E1,9.084675628512E1,-5.947593089678E0));
#691=CARTESIAN_POINT('',(2.242301643767E1,8.910396661191E1,-5.947593061941E0));
#692=CARTESIAN_POINT('',(2.382518690387E1,8.741125228031E1,-5.947593035E0));
#693=CARTESIAN_POINT('',(2.500959831077E1,8.576503597491E1,-5.947593008800E0));
#694=CARTESIAN_POINT('',(2.606572359243E1,8.407302685192E1,-5.947592981870E0));
#695=CARTESIAN_POINT('',(2.706136080507E1,8.221409569571E1,-5.947592952284E0));
#696=CARTESIAN_POINT('',(2.802411948312E1,8.005542393502E1,-5.947592917927E0));
#697=CARTESIAN_POINT('',(2.889885981703E1,7.754548065049E1,-5.947592877980E0));
#698=CARTESIAN_POINT('',(2.958561027522E1,7.476463548079E1,-5.947592833721E0));
#699=CARTESIAN_POINT('',(3.000825457180E1,7.185218519388E1,-5.947592787368E0));
#700=CARTESIAN_POINT('',(3.011199105706E1,6.960488263429E1,-5.947592751600E0));
#701=CARTESIAN_POINT('',(3.009009856029E1,6.833992712361E1,-5.947592731468E0));
#702=CARTESIAN_POINT('',(3.008107772736E1,6.805507752687E1,-5.947592726934E0));
#703=CARTESIAN_POINT('',(-2.996175530829E1,6.805855672419E1,-5.808146795636E0));
#704=CARTESIAN_POINT('',(-2.997082446321E1,6.834477765878E1,-5.808146800192E0));
#705=CARTESIAN_POINT('',(-2.999252777938E1,6.960710741593E1,-5.808146820282E0));
#706=CARTESIAN_POINT('',(-2.988856197967E1,7.184756600931E1,-5.808146855941E0));
#707=CARTESIAN_POINT('',(-2.946828169611E1,7.473942862981E1,-5.808146901967E0));
#708=CARTESIAN_POINT('',(-2.878991924835E1,7.748881734742E1,-5.808146945725E0));
#709=CARTESIAN_POINT('',(-2.793169037201E1,7.996156776642E1,-5.808146985080E0));
#710=CARTESIAN_POINT('',(-2.699012435199E1,8.208607220251E1,-5.808147018893E0));
#711=CARTESIAN_POINT('',(-2.601900993302E1,8.391321347130E1,-5.808147047973E0));
#712=CARTESIAN_POINT('',(-2.499639576800E1,8.556770240645E1,-5.808147074305E0));
#713=CARTESIAN_POINT('',(-2.385948153619E1,8.716799956315E1,-5.808147099775E0));
#714=CARTESIAN_POINT('',(-2.252149323306E1,8.880992590374E1,-5.808147125907E0));
#715=CARTESIAN_POINT('',(-2.090281161270E1,9.052220572536E1,-5.808147153160E0));
#716=CARTESIAN_POINT('',(-1.902912047880E1,9.219786948400E1,-5.808147179829E0));
#717=CARTESIAN_POINT('',(-1.704875911753E1,9.368553532143E1,-5.808147203506E0));
#718=CARTESIAN_POINT('',(-1.513957799978E1,9.489302984211E1,-5.808147222724E0));
#719=CARTESIAN_POINT('',(-1.337930782709E1,9.583966637951E1,-5.808147237790E0));
#720=CARTESIAN_POINT('',(-1.176694792926E1,9.658197761931E1,-5.808147249605E0));
#721=CARTESIAN_POINT('',(-1.029410440046E1,9.716250059192E1,-5.808147258844E0));
#722=CARTESIAN_POINT('',(-8.955635785516E0,9.761413081641E1,-5.808147266032E0));
#723=CARTESIAN_POINT('',(-7.740904344249E0,9.796510429766E1,-5.808147271618E0));
#724=CARTESIAN_POINT('',(-6.626394210675E0,9.823966940715E1,-5.808147275988E0));
#725=CARTESIAN_POINT('',(-5.595747247463E0,9.845401887882E1,-5.808147279399E0));
#726=CARTESIAN_POINT('',(-4.644449462743E0,9.861840687573E1,-5.808147282016E0));
#727=CARTESIAN_POINT('',(-3.774254535917E0,9.874124387577E1,-5.808147283971E0));
#728=CARTESIAN_POINT('',(-2.981962162277E0,9.883063625364E1,-5.808147285393E0));
#729=CARTESIAN_POINT('',(-2.258339699842E0,9.889377165220E1,-5.808147286398E0));
#730=CARTESIAN_POINT('',(-1.595371977111E0,9.893619618118E1,-5.808147287074E0));
#731=CARTESIAN_POINT('',(-9.862900868964E-1,9.896222167923E1,
-5.808147287488E0));
#732=CARTESIAN_POINT('',(-4.240250892400E-1,9.897525976412E1,
-5.808147287695E0));
#733=CARTESIAN_POINT('',(1.090315806721E-1,9.897796769363E1,-5.808147287738E0));
#734=CARTESIAN_POINT('',(6.358783835799E-1,9.897143033832E1,-5.808147287634E0));
#735=CARTESIAN_POINT('',(1.180923691939E0,9.895497614268E1,-5.808147287372E0));
#736=CARTESIAN_POINT('',(1.760215003219E0,9.892665507665E1,-5.808147286922E0));
#737=CARTESIAN_POINT('',(2.386470998835E0,9.888345866747E1,-5.808147286234E0));
#738=CARTESIAN_POINT('',(3.072183018002E0,9.882110874819E1,-5.808147285242E0));
#739=CARTESIAN_POINT('',(3.829473787292E0,9.873383496773E1,-5.808147283853E0));
#740=CARTESIAN_POINT('',(4.669894803318E0,9.861410875713E1,-5.808147281947E0));
#741=CARTESIAN_POINT('',(5.596370836220E0,9.845367525304E1,-5.808147279394E0));
#742=CARTESIAN_POINT('',(6.604202588972E0,9.824448083973E1,-5.808147276064E0));
#743=CARTESIAN_POINT('',(7.694396588518E0,9.797721455401E1,-5.808147271811E0));
#744=CARTESIAN_POINT('',(8.880853702837E0,9.763701786620E1,-5.808147266396E0));
#745=CARTESIAN_POINT('',(1.018720525676E1,9.720075233034E1,-5.808147259453E0));
#746=CARTESIAN_POINT('',(1.162530075071E1,9.664131802583E1,-5.808147250549E0));
#747=CARTESIAN_POINT('',(1.320016164975E1,9.592729376149E1,-5.808147239185E0));
#748=CARTESIAN_POINT('',(1.491871241523E1,9.501932043512E1,-5.808147224734E0));
#749=CARTESIAN_POINT('',(1.678732737609E1,9.386235679691E1,-5.808147206320E0));
#750=CARTESIAN_POINT('',(1.875381532367E1,9.242031991803E1,-5.808147183369E0));
#751=CARTESIAN_POINT('',(2.065695958639E1,9.076005178532E1,-5.808147156945E0));
#752=CARTESIAN_POINT('',(2.233401774830E1,8.902424044557E1,-5.808147129318E0));
#753=CARTESIAN_POINT('',(2.373068996E1,8.733816743527E1,-5.808147102484E0));
#754=CARTESIAN_POINT('',(2.491041166746E1,8.569846518184E1,-5.808147076387E0));
#755=CARTESIAN_POINT('',(2.596231478631E1,8.401322147692E1,-5.808147049565E0));
#756=CARTESIAN_POINT('',(2.695404123183E1,8.216159415937E1,-5.808147020095E0));
#757=CARTESIAN_POINT('',(2.791297888582E1,8.001148600580E1,-5.808146985875E0));
#758=CARTESIAN_POINT('',(2.878423689035E1,7.751153504468E1,-5.808146946086E0));
#759=CARTESIAN_POINT('',(2.946827800117E1,7.474166435541E1,-5.808146902002E0));
#760=CARTESIAN_POINT('',(2.988923202944E1,7.184084194122E1,-5.808146855834E0));
#761=CARTESIAN_POINT('',(2.999255833355E1,6.960245482020E1,-5.808146820208E0));
#762=CARTESIAN_POINT('',(2.997075222287E1,6.834256873670E1,-5.808146800156E0));
#763=CARTESIAN_POINT('',(2.996176692868E1,6.805886436188E1,-5.808146795641E0));
#764=CARTESIAN_POINT('',(-2.981723555944E1,6.806314609930E1,-5.921229470837E0));
#765=CARTESIAN_POINT('',(-2.982626125872E1,6.834796714758E1,-5.921229475370E0));
#766=CARTESIAN_POINT('',(-2.984786041925E1,6.960414339879E1,-5.921229495362E0));
#767=CARTESIAN_POINT('',(-2.974439462117E1,7.183379364080E1,-5.921229530849E0));
#768=CARTESIAN_POINT('',(-2.932615816389E1,7.471161539157E1,-5.921229576651E0));
#769=CARTESIAN_POINT('',(-2.865105170249E1,7.744780497840E1,-5.921229620199E0));
#770=CARTESIAN_POINT('',(-2.779697369938E1,7.990859462521E1,-5.921229659364E0));
#771=CARTESIAN_POINT('',(-2.685995754939E1,8.202283658215E1,-5.921229693014E0));
#772=CARTESIAN_POINT('',(-2.589348110900E1,8.384125027252E1,-5.921229721955E0));
#773=CARTESIAN_POINT('',(-2.487582960849E1,8.548770813669E1,-5.921229748160E0));
#774=CARTESIAN_POINT('',(-2.374440470851E1,8.708028262450E1,-5.921229773506E0));
#775=CARTESIAN_POINT('',(-2.241279436015E1,8.871437970565E1,-5.921229799514E0));
#776=CARTESIAN_POINT('',(-2.080197144505E1,9.041834596037E1,-5.921229826634E0));
#777=CARTESIAN_POINT('',(-1.893729136349E1,9.208595494552E1,-5.921229853175E0));
#778=CARTESIAN_POINT('',(-1.696640411897E1,9.356650060090E1,-5.921229876739E0));
#779=CARTESIAN_POINT('',(-1.506652228300E1,9.476811220390E1,-5.921229895863E0));
#780=CARTESIAN_POINT('',(-1.331467894668E1,9.571022026157E1,-5.921229910857E0));
#781=CARTESIAN_POINT('',(-1.171006179675E1,9.644896426627E1,-5.921229922615E0));
#782=CARTESIAN_POINT('',(-1.024439263987E1,9.702665938835E1,-5.921229931809E0));
#783=CARTESIAN_POINT('',(-8.912374183290E0,9.747611410153E1,-5.921229938963E0));
#784=CARTESIAN_POINT('',(-7.703480756579E0,9.782540076218E1,-5.921229944522E0));
#785=CARTESIAN_POINT('',(-6.594330047069E0,9.809864537420E1,-5.921229948871E0));
#786=CARTESIAN_POINT('',(-5.568668404370E0,9.831195773187E1,-5.921229952266E0));
#787=CARTESIAN_POINT('',(-4.621994481634E0,9.847554667123E1,-5.921229954869E0));
#788=CARTESIAN_POINT('',(-3.756008057556E0,9.859778976715E1,-5.921229956815E0));
#789=CARTESIAN_POINT('',(-2.967542627768E0,9.868675035735E1,-5.921229958231E0));
#790=CARTESIAN_POINT('',(-2.247412458123E0,9.874958107307E1,-5.921229959231E0));
#791=CARTESIAN_POINT('',(-1.587645170410E0,9.879180077994E1,-5.921229959903E0));
#792=CARTESIAN_POINT('',(-9.815072159472E-1,9.881770047379E1,
-5.921229960315E0));
#793=CARTESIAN_POINT('',(-4.219642036517E-1,9.883067539150E1,
-5.921229960521E0));
#794=CARTESIAN_POINT('',(1.085019473348E-1,9.883337014792E1,-5.921229960564E0));
#795=CARTESIAN_POINT('',(6.327892790990E-1,9.882686457200E1,-5.921229960461E0));
#796=CARTESIAN_POINT('',(1.175196559238E0,9.881049005770E1,-5.921229960200E0));
#797=CARTESIAN_POINT('',(1.751689132987E0,9.878230583444E1,-5.921229959751E0));
#798=CARTESIAN_POINT('',(2.374923395221E0,9.873931786944E1,-5.921229959067E0));
#799=CARTESIAN_POINT('',(3.057327946400E0,9.867726867630E1,-5.921229958080E0));
#800=CARTESIAN_POINT('',(3.810962985943E0,9.859041620001E1,-5.921229956697E0));
#801=CARTESIAN_POINT('',(4.647321404288E0,9.847126858870E1,-5.921229954801E0));
#802=CARTESIAN_POINT('',(5.569295283099E0,9.831161470154E1,-5.921229952260E0));
#803=CARTESIAN_POINT('',(6.572247093936E0,9.810343345904E1,-5.921229948947E0));
#804=CARTESIAN_POINT('',(7.657195978072E0,9.783745323436E1,-5.921229944714E0));
#805=CARTESIAN_POINT('',(8.837949281766E0,9.749889211084E1,-5.921229939325E0));
#806=CARTESIAN_POINT('',(1.013801025193E1,9.706472648031E1,-5.921229932415E0));
#807=CARTESIAN_POINT('',(1.156910216227E1,9.650801670184E1,-5.921229923555E0));
#808=CARTESIAN_POINT('',(1.313638803735E1,9.579742912731E1,-5.921229912245E0));
#809=CARTESIAN_POINT('',(1.484671809547E1,9.489379676747E1,-5.921229897863E0));
#810=CARTESIAN_POINT('',(1.670625180940E1,9.374245619094E1,-5.921229879539E0));
#811=CARTESIAN_POINT('',(1.866328764124E1,9.230735410588E1,-5.921229856699E0));
#812=CARTESIAN_POINT('',(2.055732413220E1,9.065502760871E1,-5.921229830401E0));
#813=CARTESIAN_POINT('',(2.222621465049E1,8.892766904472E1,-5.921229802909E0));
#814=CARTESIAN_POINT('',(2.361622688920E1,8.724964059119E1,-5.921229776202E0));
#815=CARTESIAN_POINT('',(2.479026801719E1,8.561782873464E1,-5.921229750230E0));
#816=CARTESIAN_POINT('',(2.583705687838E1,8.394077990351E1,-5.921229723539E0));
#817=CARTESIAN_POINT('',(2.682404625625E1,8.209799964245E1,-5.921229694210E0));
#818=CARTESIAN_POINT('',(2.777835554737E1,7.995826448855E1,-5.921229660155E0));
#819=CARTESIAN_POINT('',(2.864539544603E1,7.747041711488E1,-5.921229620559E0));
#820=CARTESIAN_POINT('',(2.932615475526E1,7.471383968863E1,-5.921229576687E0));
#821=CARTESIAN_POINT('',(2.974506138080E1,7.182710198410E1,-5.921229530742E0));
#822=CARTESIAN_POINT('',(2.984789083716E1,6.959951403219E1,-5.921229495289E0));
#823=CARTESIAN_POINT('',(2.982618936496E1,6.834576848804E1,-5.921229475335E0));
#824=CARTESIAN_POINT('',(2.981724711845E1,6.806345130746E1,-5.921229470841E0));
#825=(BOUNDED_SURFACE()B_SPLINE_SURFACE(3,3,((#581,#582,#583,#584,#585,#586,
#587,#588,#589,#590,#591,#592,#593,#594,#595,#596,#597,#598,#599,#600,#601,#602,
#603,#604,#605,#606,#607,#608,#609,#610,#611,#612,#613,#614,#615,#616,#617,#618,
#619,#620,#621,#622,#623,#624,#625,#626,#627,#628,#629,#630,#631,#632,#633,#634,
#635,#636,#637,#638,#639,#640,#641),(#642,#643,#644,#645,#646,#647,#648,#649,
#650,#651,#652,#653,#654,#655,#656,#657,#658,#659,#660,#661,#662,#663,#664,#665,
#666,#667,#668,#669,#670,#671,#672,#673,#674,#675,#676,#677,#678,#679,#680,#681,
#682,#683,#684,#685,#686,#687,#688,#689,#690,#691,#692,#693,#694,#695,#696,#697,
#698,#699,#700,#701,#702),(#703,#704,#705,#706,#707,#708,#709,#710,#711,#712,
#713,#714,#715,#716,#717,#718,#719,#720,#721,#722,#723,#724,#725,#726,#727,#728,
#729,#730,#731,#732,#733,#734,#735,#736,#737,#738,#739,#740,#741,#742,#743,#744,
#745,#746,#747,#748,#749,#750,#751,#752,#753,#754,#755,#756,#757,#758,#759,#760,
#761,#762,#763),(#764,#765,#766,#767,#768,#769,#770,#771,#772,#773,#774,#775,
#776,#777,#778,#779,#780,#781,#782,#783,#784,#785,#786,#787,#788,#789,#790,#791,
#792,#793,#794,#795,#796,#797,#798,#799,#800,#801,#802,#803,#804,#805,#806,#807,
#808,#809,#810,#811,#812,#813,#814,#815,#816,#817,#818,#819,#820,#821,#822,#823,
#824)),.UNSPECIFIED.,.F.,.F.,.F.)B_SPLINE_SURFACE_WITH_KNOTS((4,4),(4,1,1,1,1,1,
1,1,1,1,1,1,1,1,1,1,1,1,1,1,1,1,1,1,1,1,1,1,1,1,1,1,1,1,1,1,1,1,1,1,1,1,1,1,1,1,
1,1,1,1,1,1,1,1,1,1,1,1,4),(0.E0,1.E0),(-9.111312136933E-3,0.E0,
3.104652394094E-2,6.210588145780E-2,9.281272913825E-2,1.209869371563E-1,
1.452578201478E-1,1.666613409453E-1,1.867605045490E-1,2.070868022116E-1,
2.290632531443E-1,2.540849630309E-1,2.819612448744E-1,3.089202120590E-1,
3.327820851954E-1,3.537504766218E-1,3.724536203312E-1,3.892142257670E-1,
4.040854698748E-1,4.173728576233E-1,4.294244402903E-1,4.405899079705E-1,
4.508525382240E-1,4.601282498030E-1,4.685414570844E-1,4.762125453156E-1,
4.832321417231E-1,4.896721050596E-1,4.956039604413E-1,5.011216646047E-1,
5.066279971179E-1,5.123634063816E-1,5.184666233871E-1,5.250763037335E-1,
5.323307368830E-1,5.403674739497E-1,5.493228370570E-1,5.593310825482E-1,
5.702722282282E-1,5.820589312594E-1,5.950294776927E-1,6.095240695421E-1,
6.258553891707E-1,6.440924467320E-1,6.644993863712E-1,6.876429707988E-1,
7.139412181547E-1,7.419822765546E-1,7.678773279419E-1,7.906314014919E-1,
8.115710169744E-1,8.320874887411E-1,8.537800830931E-1,8.783383116030E-1,
9.069024593581E-1,9.378807635484E-1,9.689509338384E-1,1.E0,1.009031191310E0),
.UNSPECIFIED.)GEOMETRIC_REPRESENTATION_ITEM()RATIONAL_B_SPLINE_SURFACE(((
1.915255124554E0,1.915255124554E0,1.915255124554E0,1.915255124554E0,
1.915255124554E0,1.915255124554E0,1.915255124554E0,1.915255124554E0,
1.915255124554E0,1.915255124554E0,1.915255124554E0,1.915255124554E0,
1.915255124554E0,1.915255124554E0,1.915255124554E0,1.915255124554E0,
1.915255124554E0,1.915255124554E0,1.915255124554E0,1.915255124554E0,
1.915255124554E0,1.915255124554E0,1.915255124554E0,1.915255124554E0,
1.915255124554E0,1.915255124554E0,1.915255124554E0,1.915255124554E0,
1.915255124554E0,1.915255124554E0,1.915255124554E0,1.915255124554E0,
1.915255124554E0,1.915255124554E0,1.915255124554E0,1.915255124554E0,
1.915255124554E0,1.915255124554E0,1.915255124554E0,1.915255124554E0,
1.915255124554E0,1.915255124554E0,1.915255124554E0,1.915255124554E0,
1.915255124554E0,1.915255124554E0,1.915255124554E0,1.915255124554E0,
1.915255124554E0,1.915255124554E0,1.915255124554E0,1.915255124554E0,
1.915255124554E0,1.915255124554E0,1.915255124554E0,1.915255124554E0,
1.915255124554E0,1.915255124554E0,1.915255124554E0,1.915255124554E0,
1.915255124554E0),(6.949149584819E-1,6.949149584819E-1,6.949149584819E-1,
6.949149584819E-1,6.949149584819E-1,6.949149584819E-1,6.949149584819E-1,
6.949149584819E-1,6.949149584819E-1,6.949149584819E-1,6.949149584819E-1,
6.949149584819E-1,6.949149584819E-1,6.949149584819E-1,6.949149584819E-1,
6.949149584819E-1,6.949149584819E-1,6.949149584819E-1,6.949149584819E-1,
6.949149584819E-1,6.949149584819E-1,6.949149584819E-1,6.949149584819E-1,
6.949149584819E-1,6.949149584819E-1,6.949149584819E-1,6.949149584819E-1,
6.949149584819E-1,6.949149584819E-1,6.949149584819E-1,6.949149584819E-1,
6.949149584819E-1,6.949149584819E-1,6.949149584819E-1,6.949149584819E-1,
6.949149584819E-1,6.949149584819E-1,6.949149584819E-1,6.949149584819E-1,
6.949149584819E-1,6.949149584819E-1,6.949149584819E-1,6.949149584819E-1,
6.949149584819E-1,6.949149584819E-1,6.949149584819E-1,6.949149584819E-1,
6.949149584819E-1,6.949149584819E-1,6.949149584819E-1,6.949149584819E-1,
6.949149584819E-1,6.949149584819E-1,6.949149584819E-1,6.949149584819E-1,
6.949149584819E-1,6.949149584819E-1,6.949149584819E-1,6.949149584819E-1,
6.949149584819E-1,6.949149584819E-1),(6.949149584819E-1,6.949149584819E-1,
6.949149584819E-1,6.949149584819E-1,6.949149584819E-1,6.949149584819E-1,
6.949149584819E-1,6.949149584819E-1,6.949149584819E-1,6.949149584819E-1,
6.949149584819E-1,6.949149584819E-1,6.949149584819E-1,6.949149584819E-1,
6.949149584819E-1,6.949149584819E-1,6.949149584819E-1,6.949149584819E-1,
6.949149584819E-1,6.949149584819E-1,6.949149584819E-1,6.949149584819E-1,
6.949149584819E-1,6.949149584819E-1,6.949149584819E-1,6.949149584819E-1,
6.949149584819E-1,6.949149584819E-1,6.949149584819E-1,6.949149584819E-1,
6.949149584819E-1,6.949149584819E-1,6.949149584819E-1,6.949149584819E-1,
6.949149584819E-1,6.949149584819E-1,6.949149584819E-1,6.949149584819E-1,
6.949149584819E-1,6.949149584819E-1,6.949149584819E-1,6.949149584819E-1,
6.949149584819E-1,6.949149584819E-1,6.949149584819E-1,6.949149584819E-1,
6.949149584819E-1,6.949149584819E-1,6.949149584819E-1,6.949149584819E-1,
6.949149584819E-1,6.949149584819E-1,6.949149584819E-1,6.949149584819E-1,
6.949149584819E-1,6.949149584819E-1,6.949149584819E-1,6.949149584819E-1,
6.949149584819E-1,6.949149584819E-1,6.949149584819E-1),(1.915255124554E0,
1.915255124554E0,1.915255124554E0,1.915255124554E0,1.915255124554E0,
1.915255124554E0,1.915255124554E0,1.915255124554E0,1.915255124554E0,
1.915255124554E0,1.915255124554E0,1.915255124554E0,1.915255124554E0,
1.915255124554E0,1.915255124554E0,1.915255124554E0,1.915255124554E0,
1.915255124554E0,1.915255124554E0,1.915255124554E0,1.915255124554E0,
1.915255124554E0,1.915255124554E0,1.915255124554E0,1.915255124554E0,
1.915255124554E0,1.915255124554E0,1.915255124554E0,1.915255124554E0,
1.915255124554E0,1.915255124554E0,1.915255124554E0,1.915255124554E0,
1.915255124554E0,1.915255124554E0,1.915255124554E0,1.915255124554E0,
1.915255124554E0,1.915255124554E0,1.915255124554E0,1.915255124554E0,
1.915255124554E0,1.915255124554E0,1.915255124554E0,1.915255124554E0,
1.915255124554E0,1.915255124554E0,1.915255124554E0,1.915255124554E0,
1.915255124554E0,1.915255124554E0,1.915255124554E0,1.915255124554E0,
1.915255124554E0,1.915255124554E0,1.915255124554E0,1.915255124554E0,
1.915255124554E0,1.915255124554E0,1.915255124554E0,1.915255124554E0)))REPRESENTATION_ITEM('')SURFACE());
#826=ORIENTED_EDGE('',*,*,#574,.T.);
#828=ORIENTED_EDGE('',*,*,#827,.T.);
#830=ORIENTED_EDGE('',*,*,#829,.F.);
#832=ORIENTED_EDGE('',*,*,#831,.F.);
#833=EDGE_LOOP('',(#826,#828,#830,#832));
#834=FACE_OUTER_BOUND('',#833,.F.);
#835=ADVANCED_FACE('',(#834),#825,.T.);
#836=CARTESIAN_POINT('',(2.989366540608E1,6.908654634857E1,-5.999999975749E0));
#837=DIRECTION('',(-1.624004550380E-8,-1.E0,1.591563588352E-8));
#838=DIRECTION('',(9.975155760205E-1,-1.732089537433E-8,-7.044626034485E-2));
#839=AXIS2_PLACEMENT_3D('',#836,#837,#838);
#840=CYLINDRICAL_SURFACE('',#839,1.E-1);
#841=ORIENTED_EDGE('',*,*,#446,.T.);
#843=ORIENTED_EDGE('',*,*,#842,.T.);
#845=ORIENTED_EDGE('',*,*,#844,.F.);
#846=ORIENTED_EDGE('',*,*,#827,.F.);
#847=EDGE_LOOP('',(#841,#843,#845,#846));
#848=FACE_OUTER_BOUND('',#847,.F.);
#849=ADVANCED_FACE('',(#848),#840,.T.);
#850=CARTESIAN_POINT('',(2.994710682874E1,1.324097212164E1,-6.073013831259E0));
#851=CARTESIAN_POINT('',(2.995612097138E1,1.295643330350E1,-6.073013826730E0));
#852=CARTESIAN_POINT('',(2.997792827528E1,1.169354830075E1,-6.073013806631E0));
#853=CARTESIAN_POINT('',(2.987386858191E1,9.449948555384E0,-6.073013770922E0));
#854=CARTESIAN_POINT('',(2.945049604743E1,6.542504620528E0,-6.073013724648E0));
#855=CARTESIAN_POINT('',(2.876276201753E1,3.766823881153E0,-6.073013680472E0));
#856=CARTESIAN_POINT('',(2.788718384425E1,1.262819998461E0,-6.073013640619E0));
#857=CARTESIAN_POINT('',(2.692403109418E1,-8.897400937715E-1,
-6.073013606360E0));
#858=CARTESIAN_POINT('',(2.592773457164E1,-2.743926500383E0,-6.073013576849E0));
#859=CARTESIAN_POINT('',(2.486945724193E1,-4.433468188218E0,-6.073013549959E0));
#860=CARTESIAN_POINT('',(2.368034924830E1,-6.079689351099E0,-6.073013523758E0));
#861=CARTESIAN_POINT('',(2.227044570535E1,-7.773742259817E0,-6.073013496796E0));
#862=CARTESIAN_POINT('',(2.057979115832E1,-9.513303254695E0,-6.073013469110E0));
#863=CARTESIAN_POINT('',(1.866829554720E1,-1.116977841369E1,-6.073013442746E0));
#864=CARTESIAN_POINT('',(1.670199824912E1,-1.260187015148E1,-6.073013419954E0));
#865=CARTESIAN_POINT('',(1.483872912025E1,-1.374790802505E1,-6.073013401714E0));
#866=CARTESIAN_POINT('',(1.312624849739E1,-1.464697891329E1,-6.073013387404E0));
#867=CARTESIAN_POINT('',(1.155733520402E1,-1.535383631337E1,-6.073013376154E0));
#868=CARTESIAN_POINT('',(1.012523988780E1,-1.590738757374E1,-6.073013367344E0));
#869=CARTESIAN_POINT('',(8.824876529729E0,-1.633891144894E1,-6.073013360476E0));
#870=CARTESIAN_POINT('',(7.643815311538E0,-1.667540002563E1,-6.073013355121E0));
#871=CARTESIAN_POINT('',(6.558181549224E0,-1.693979497570E1,-6.073013350913E0));
#872=CARTESIAN_POINT('',(5.554782530452E0,-1.714660506003E1,-6.073013347621E0));
#873=CARTESIAN_POINT('',(4.632833023640E0,-1.730505695800E1,-6.073013345099E0));
#874=CARTESIAN_POINT('',(3.797186555945E0,-1.742316795571E1,-6.073013343220E0));
#875=CARTESIAN_POINT('',(3.044312069149E0,-1.750920792471E1,-6.073013341850E0));
#876=CARTESIAN_POINT('',(2.362629336795E0,-1.757062970528E1,-6.073013340873E0));
#877=CARTESIAN_POINT('',(1.740001169497E0,-1.761313868700E1,-6.073013340196E0));
#878=CARTESIAN_POINT('',(1.163928522994E0,-1.764095926210E1,-6.073013339753E0));
#879=CARTESIAN_POINT('',(6.216906116744E-1,-1.765705561445E1,
-6.073013339497E0));
#880=CARTESIAN_POINT('',(9.722970922458E-2,-1.766333981675E1,
-6.073013339397E0));
#881=CARTESIAN_POINT('',(-4.337043493253E-1,-1.766045066873E1,
-6.073013339443E0));
#882=CARTESIAN_POINT('',(-9.938780814044E-1,-1.764729147899E1,
-6.073013339652E0));
#883=CARTESIAN_POINT('',(-1.600641825919E0,-1.762121940192E1,
-6.073013340067E0));
#884=CARTESIAN_POINT('',(-2.260962881418E0,-1.757885332642E1,
-6.073013340742E0));
#885=CARTESIAN_POINT('',(-2.981586790890E0,-1.751591819936E1,
-6.073013341743E0));
#886=CARTESIAN_POINT('',(-3.770548374990E0,-1.742690938256E1,
-6.073013343160E0));
#887=CARTESIAN_POINT('',(-4.637143097433E0,-1.730468120776E1,
-6.073013345105E0));
#888=CARTESIAN_POINT('',(-5.584761423499E0,-1.714115020047E1,
-6.073013347708E0));
#889=CARTESIAN_POINT('',(-6.611586646891E0,-1.692795635902E1,
-6.073013351101E0));
#890=CARTESIAN_POINT('',(-7.722037982169E0,-1.665492177239E1,
-6.073013355447E0));
#891=CARTESIAN_POINT('',(-8.932280227350E0,-1.630601037385E1,-6.073013361E0));
#892=CARTESIAN_POINT('',(-1.026597813223E1,-1.585708229902E1,
-6.073013368145E0));
#893=CARTESIAN_POINT('',(-1.173400434516E1,-1.527999939790E1,
-6.073013377329E0));
#894=CARTESIAN_POINT('',(-1.334154471903E1,-1.454198074802E1,
-6.073013389075E0));
#895=CARTESIAN_POINT('',(-1.509681008964E1,-1.360083888791E1,
-6.073013404054E0));
#896=CARTESIAN_POINT('',(-1.700164226079E1,-1.240004345528E1,
-6.073013423166E0));
#897=CARTESIAN_POINT('',(-1.898119418990E1,-1.091813357141E1,
-6.073013446751E0));
#898=CARTESIAN_POINT('',(-2.085893577525E1,-9.244569895018E0,
-6.073013473387E0));
#899=CARTESIAN_POINT('',(-2.248432261520E1,-7.530285186308E0,
-6.073013500671E0));
#900=CARTESIAN_POINT('',(-2.382842370139E1,-5.884758679972E0,
-6.073013526861E0));
#901=CARTESIAN_POINT('',(-2.496938280653E1,-4.282023369061E0,
-6.073013552369E0));
#902=CARTESIAN_POINT('',(-2.599448214178E1,-2.626575254930E0,
-6.073013578717E0));
#903=CARTESIAN_POINT('',(-2.696716899572E1,-7.997746287156E-1,
-6.073013607791E0));
#904=CARTESIAN_POINT('',(-2.791029162008E1,1.324041795836E0,-6.073013641593E0));
#905=CARTESIAN_POINT('',(-2.877068817499E1,3.797490820715E0,-6.073013680960E0));
#906=CARTESIAN_POINT('',(-2.945151182658E1,6.550186616457E0,-6.073013724771E0));
#907=CARTESIAN_POINT('',(-2.987360991133E1,9.447569292609E0,-6.073013770884E0));
#908=CARTESIAN_POINT('',(-2.997791136715E1,1.169155758573E1,-6.073013806599E0));
#909=CARTESIAN_POINT('',(-2.995615686846E1,1.295524031542E1,-6.073013826711E0));
#910=CARTESIAN_POINT('',(-2.994711599566E1,1.324066920212E1,-6.073013831254E0));
#911=CARTESIAN_POINT('',(3.008106491509E1,1.324522531340E1,-5.947590725080E0));
#912=CARTESIAN_POINT('',(3.009011909381E1,1.295939622682E1,-5.947590720531E0));
#913=CARTESIAN_POINT('',(3.011202340992E1,1.169080304692E1,-5.947590700340E0));
#914=CARTESIAN_POINT('',(3.000749975156E1,9.437165501502E0,-5.947590664472E0));
#915=CARTESIAN_POINT('',(2.958221738972E1,6.516629070787E0,-5.947590617990E0));
#916=CARTESIAN_POINT('',(2.889142412997E1,3.728596939636E0,-5.947590573617E0));
#917=CARTESIAN_POINT('',(2.801191347054E1,1.213346669407E0,-5.947590533585E0));
#918=CARTESIAN_POINT('',(2.704445126243E1,-9.488401443958E-1,
-5.947590499172E0));
#919=CARTESIAN_POINT('',(2.604374108203E1,-2.811243426201E0,-5.947590469531E0));
#920=CARTESIAN_POINT('',(2.498069044161E1,-4.508406854626E0,-5.947590442519E0));
#921=CARTESIAN_POINT('',(2.378627572904E1,-6.161969863757E0,-5.947590416202E0));
#922=CARTESIAN_POINT('',(2.237013618060E1,-7.863520172227E0,-5.947590389121E0));
#923=CARTESIAN_POINT('',(2.067184242553E1,-9.610940190418E0,-5.947590361309E0));
#924=CARTESIAN_POINT('',(1.875187151205E1,-1.127475658574E1,-5.947590334829E0));
#925=CARTESIAN_POINT('',(1.677679850627E1,-1.271324300993E1,-5.947590311934E0));
#926=CARTESIAN_POINT('',(1.490513876716E1,-1.386444171441E1,-5.947590293612E0));
#927=CARTESIAN_POINT('',(1.318506209008E1,-1.476749874772E1,-5.947590279239E0));
#928=CARTESIAN_POINT('',(1.160914616693E1,-1.547751309497E1,-5.947590267939E0));
#929=CARTESIAN_POINT('',(1.017058401732E1,-1.603356404143E1,-5.947590259089E0));
#930=CARTESIAN_POINT('',(8.864415262775E0,-1.646701362663E1,-5.947590252191E0));
#931=CARTESIAN_POINT('',(7.678088496942E0,-1.680500246929E1,-5.947590246811E0));
#932=CARTESIAN_POINT('',(6.587610529778E0,-1.707057737756E1,-5.947590242584E0));
#933=CARTESIAN_POINT('',(5.579703766905E0,-1.727831676025E1,-5.947590239278E0));
#934=CARTESIAN_POINT('',(4.653600672343E0,-1.743748250397E1,-5.947590236745E0));
#935=CARTESIAN_POINT('',(3.814208298051E0,-1.755612281620E1,-5.947590234857E0));
#936=CARTESIAN_POINT('',(3.057963541388E0,-1.764254794518E1,-5.947590233481E0));
#937=CARTESIAN_POINT('',(2.373231582541E0,-1.770424446023E1,-5.947590232499E0));
#938=CARTESIAN_POINT('',(1.747817302137E0,-1.774694367665E1,-5.947590231820E0));
#939=CARTESIAN_POINT('',(1.169163457532E0,-1.777488892024E1,-5.947590231375E0));
#940=CARTESIAN_POINT('',(6.244915814391E-1,-1.779105756557E1,
-5.947590231118E0));
#941=CARTESIAN_POINT('',(9.766751587784E-2,-1.779737010062E1,
-5.947590231017E0));
#942=CARTESIAN_POINT('',(-4.356590458263E-1,-1.779446791970E1,
-5.947590231063E0));
#943=CARTESIAN_POINT('',(-9.983476318988E-1,-1.778124960989E1,
-5.947590231274E0));
#944=CARTESIAN_POINT('',(-1.607831043393E0,-1.775506065920E1,
-5.947590231690E0));
#945=CARTESIAN_POINT('',(-2.271108231585E0,-1.771250490053E1,
-5.947590232368E0));
#946=CARTESIAN_POINT('',(-2.994957379936E0,-1.764928811479E1,
-5.947590233374E0));
#947=CARTESIAN_POINT('',(-3.787453047057E0,-1.755988058842E1,
-5.947590234797E0));
#948=CARTESIAN_POINT('',(-4.657934463673E0,-1.743710437230E1,
-5.947590236751E0));
#949=CARTESIAN_POINT('',(-5.609824095479E0,-1.727283623288E1,
-5.947590239365E0));
#950=CARTESIAN_POINT('',(-6.641255878789E0,-1.705868569465E1,
-5.947590242774E0));
#951=CARTESIAN_POINT('',(-7.756659413806E0,-1.678443330990E1,
-5.947590247139E0));
#952=CARTESIAN_POINT('',(-8.972295667419E0,-1.643396678156E1,
-5.947590252717E0));
#953=CARTESIAN_POINT('',(-1.031195310218E1,-1.598303356013E1,
-5.947590259893E0));
#954=CARTESIAN_POINT('',(-1.178661105829E1,-1.540334365752E1,
-5.947590269120E0));
#955=CARTESIAN_POINT('',(-1.340131196517E1,-1.466203526228E1,
-5.947590280918E0));
#956=CARTESIAN_POINT('',(-1.516436896075E1,-1.371671863953E1,
-5.947590295963E0));
#957=CARTESIAN_POINT('',(-1.707780375652E1,-1.251049893227E1,
-5.947590315161E0));
#958=CARTESIAN_POINT('',(-1.906614239906E1,-1.102200824795E1,
-5.947590338851E0));
#959=CARTESIAN_POINT('',(-2.095225346021E1,-9.340988825230E0,
-5.947590365606E0));
#960=CARTESIAN_POINT('',(-2.258496181422E1,-7.618981955259E0,
-5.947590393013E0));
#961=CARTESIAN_POINT('',(-2.393500455516E1,-5.966178760871E0,
-5.947590419318E0));
#962=CARTESIAN_POINT('',(-2.508107070141E1,-4.356273301637E0,
-5.947590444941E0));
#963=CARTESIAN_POINT('',(-2.611078473324E1,-2.693371114244E0,
-5.947590471407E0));
#964=CARTESIAN_POINT('',(-2.708777974694E1,-8.584779512423E-1,
-5.947590500610E0));
#965=CARTESIAN_POINT('',(-2.803512774889E1,1.274850035058E0,-5.947590534564E0));
#966=CARTESIAN_POINT('',(-2.889938437967E1,3.759396899371E0,-5.947590574107E0));
#967=CARTESIAN_POINT('',(-2.958323801414E1,6.524346230447E0,-5.947590618113E0));
#968=CARTESIAN_POINT('',(-3.000723984915E1,9.434775544778E0,-5.947590664434E0));
#969=CARTESIAN_POINT('',(-3.011200644020E1,1.168880281360E1,-5.947590700308E0));
#970=CARTESIAN_POINT('',(-3.009015513233E1,1.295819822922E1,-5.947590720512E0));
#971=CARTESIAN_POINT('',(-3.008107409065E1,1.324492172052E1,-5.947590725075E0));
#972=CARTESIAN_POINT('',(2.996175468987E1,1.324143719769E1,-5.808147336264E0));
#973=CARTESIAN_POINT('',(2.997077321032E1,1.295675729308E1,-5.808147331733E0));
#974=CARTESIAN_POINT('',(2.999259112218E1,1.169324812058E1,-5.808147311624E0));
#975=CARTESIAN_POINT('',(2.988848069581E1,9.448550775916E0,-5.808147275898E0));
#976=CARTESIAN_POINT('',(2.946489932820E1,6.539675221168E0,-5.808147229601E0));
#977=CARTESIAN_POINT('',(2.877683078193E1,3.762643899112E0,-5.808147185403E0));
#978=CARTESIAN_POINT('',(2.790082260466E1,1.257410262193E0,-5.808147145531E0));
#979=CARTESIAN_POINT('',(2.693719863001E1,-8.962024793008E-1,
-5.808147111255E0));
#980=CARTESIAN_POINT('',(2.594041948899E1,-2.751287373268E0,-5.808147081730E0));
#981=CARTESIAN_POINT('',(2.488162021399E1,-4.441662472514E0,-5.808147054827E0));
#982=CARTESIAN_POINT('',(2.369193194870E1,-6.088686441311E0,-5.808147028613E0));
#983=CARTESIAN_POINT('',(2.228134651976E1,-7.783559165192E0,-5.808147001638E0));
#984=CARTESIAN_POINT('',(2.058985665131E1,-9.523979517539E0,-5.808146973938E0));
#985=CARTESIAN_POINT('',(1.867743429470E1,-1.118125741576E1,-5.808146947562E0));
#986=CARTESIAN_POINT('',(1.671017740283E1,-1.261404839076E1,-5.808146924758E0));
#987=CARTESIAN_POINT('',(1.484599078927E1,-1.376065058363E1,-5.808146906509E0));
#988=CARTESIAN_POINT('',(1.313267956371E1,-1.466015734328E1,-5.808146892193E0));
#989=CARTESIAN_POINT('',(1.156300055660E1,-1.536735994480E1,-5.808146880937E0));
#990=CARTESIAN_POINT('',(1.013019811414E1,-1.592118453733E1,-5.808146872123E0));
#991=CARTESIAN_POINT('',(8.829199955710E0,-1.635291898237E1,-5.808146865251E0));
#992=CARTESIAN_POINT('',(7.647562967793E0,-1.668957160804E1,-5.808146859893E0));
#993=CARTESIAN_POINT('',(6.561399508155E0,-1.695409558254E1,-5.808146855683E0));
#994=CARTESIAN_POINT('',(5.557507582897E0,-1.716100728248E1,-5.808146852390E0));
#995=CARTESIAN_POINT('',(4.635103895391E0,-1.731953723706E1,-5.808146849867E0));
#996=CARTESIAN_POINT('',(3.799047825550E0,-1.743770611350E1,-5.808146847986E0));
#997=CARTESIAN_POINT('',(3.045804811208E0,-1.752378819844E1,-5.808146846616E0));
#998=CARTESIAN_POINT('',(2.363788656307E0,-1.758524002029E1,-5.808146845638E0));
#999=CARTESIAN_POINT('',(1.740855837017E0,-1.762776980353E1,-5.808146844961E0));
#1000=CARTESIAN_POINT('',(1.164500945281E0,-1.765560401070E1,
-5.808146844518E0));
#1001=CARTESIAN_POINT('',(6.219968881916E-1,-1.767170826804E1,
-5.808146844262E0));
#1002=CARTESIAN_POINT('',(9.727758189306E-2,-1.767799556844E1,
-5.808146844162E0));
#1003=CARTESIAN_POINT('',(-4.339180887394E-1,-1.767510499531E1,
-5.808146844208E0));
#1004=CARTESIAN_POINT('',(-9.943668115492E-1,-1.766193934099E1,
-5.808146844417E0));
#1005=CARTESIAN_POINT('',(-1.601427942398E0,-1.763585448419E1,
-5.808146844833E0));
#1006=CARTESIAN_POINT('',(-2.262072240953E0,-1.759346766748E1,
-5.808146845507E0));
#1007=CARTESIAN_POINT('',(-2.983048819326E0,-1.753050174200E1,
-5.808146846509E0));
#1008=CARTESIAN_POINT('',(-3.772396843385E0,-1.744144932766E1,
-5.808146847927E0));
#1009=CARTESIAN_POINT('',(-4.639416562617E0,-1.731916122641E1,
-5.808146849873E0));
#1010=CARTESIAN_POINT('',(-5.587501941438E0,-1.715554961623E1,
-5.808146852477E0));
#1011=CARTESIAN_POINT('',(-6.614830876489E0,-1.694225116324E1,
-5.808146855872E0));
#1012=CARTESIAN_POINT('',(-7.725823717965E0,-1.666908341452E1,
-5.808146860219E0));
#1013=CARTESIAN_POINT('',(-8.936655779622E0,-1.632000196784E1,
-5.808146865775E0));
#1014=CARTESIAN_POINT('',(-1.027100533882E1,-1.587085463704E1,
-5.808146872924E0));
#1015=CARTESIAN_POINT('',(-1.173975671032E1,-1.529348666918E1,
-5.808146882113E0));
#1016=CARTESIAN_POINT('',(-1.334808006412E1,-1.455510829683E1,
-5.808146893865E0));
#1017=CARTESIAN_POINT('',(-1.510419742241E1,-1.361350994063E1,
-5.808146908851E0));
#1018=CARTESIAN_POINT('',(-1.700997026131E1,-1.241212138201E1,
-5.808146927972E0));
#1019=CARTESIAN_POINT('',(-1.899048298764E1,-1.092949191E1,-5.808146951569E0));
#1020=CARTESIAN_POINT('',(-2.086913974671E1,-9.255112973102E0,
-5.808146978217E0));
#1021=CARTESIAN_POINT('',(-2.249532716932E1,-7.539983872323E0,
-5.808147005515E0));
#1022=CARTESIAN_POINT('',(-2.384007795525E1,-5.893661684897E0,
-5.808147031717E0));
#1023=CARTESIAN_POINT('',(-2.498159549797E1,-4.290142342655E0,
-5.808147057238E0));
#1024=CARTESIAN_POINT('',(-2.600719943459E1,-2.633879150965E0,
-5.808147083599E0));
#1025=CARTESIAN_POINT('',(-2.698035737115E1,-8.061936333767E-1,
-5.808147112687E0));
#1026=CARTESIAN_POINT('',(-2.792394202618E1,1.318662848101E0,
-5.808147146506E0));
#1027=CARTESIAN_POINT('',(-2.878476066725E1,3.793325383978E0,
-5.808147185892E0));
#1028=CARTESIAN_POINT('',(-2.946591563717E1,6.547361062132E0,
-5.808147229724E0));
#1029=CARTESIAN_POINT('',(-2.988822189053E1,9.446170343795E0,
-5.808147275860E0));
#1030=CARTESIAN_POINT('',(-2.999257420731E1,1.169125636476E1,
-5.808147311592E0));
#1031=CARTESIAN_POINT('',(-2.997080912287E1,1.295556375723E1,
-5.808147331714E0));
#1032=CARTESIAN_POINT('',(-2.996176385773E1,1.324113420454E1,
-5.808147336259E0));
#1033=CARTESIAN_POINT('',(2.981723670502E1,1.323684872773E1,-5.921228599760E0));
#1034=CARTESIAN_POINT('',(2.982621203337E1,1.295356080326E1,-5.921228595251E0));
#1035=CARTESIAN_POINT('',(2.984792528556E1,1.169620978276E1,-5.921228575239E0));
#1036=CARTESIAN_POINT('',(2.974431539848E1,9.462341516623E0,-5.921228539686E0));
#1037=CARTESIAN_POINT('',(2.932279440967E1,6.567590537475E0,-5.921228493614E0));
#1038=CARTESIAN_POINT('',(2.863802625194E1,3.803884265799E0,-5.921228449628E0));
#1039=CARTESIAN_POINT('',(2.776626055819E1,1.310783567681E0,-5.921228409949E0));
#1040=CARTESIAN_POINT('',(2.680728575560E1,-8.324435790362E-1,
-5.921228375838E0));
#1041=CARTESIAN_POINT('',(2.581526820051E1,-2.678663862609E0,
-5.921228346454E0));
#1042=CARTESIAN_POINT('',(2.476161851567E1,-4.360816400448E0,
-5.921228319682E0));
#1043=CARTESIAN_POINT('',(2.357765529729E1,-5.999919766212E0,
-5.921228293594E0));
#1044=CARTESIAN_POINT('',(2.217379745734E1,-7.686704071296E0,
-5.921228266748E0));
#1045=CARTESIAN_POINT('',(2.049054899470E1,-9.418645874546E0,
-5.921228239183E0));
#1046=CARTESIAN_POINT('',(1.858727004743E1,-1.106800382773E1,
-5.921228212933E0));
#1047=CARTESIAN_POINT('',(1.662948065116E1,-1.249389602404E1,
-5.921228190239E0));
#1048=CARTESIAN_POINT('',(1.477434607855E1,-1.363493055837E1,
-5.921228172078E0));
#1049=CARTESIAN_POINT('',(1.306922970317E1,-1.453013694567E1,
-5.921228157830E0));
#1050=CARTESIAN_POINT('',(1.150710534224E1,-1.523393373827E1,
-5.921228146629E0));
#1051=CARTESIAN_POINT('',(1.008127951281E1,-1.578506159479E1,
-5.921228137858E0));
#1052=CARTESIAN_POINT('',(8.786544389493E0,-1.621471852636E1,
-5.921228131019E0));
#1053=CARTESIAN_POINT('',(7.610588031651E0,-1.654975262028E1,
-5.921228125687E0));
#1054=CARTESIAN_POINT('',(6.529650644901E0,-1.681300362063E1,
-5.921228121497E0));
#1055=CARTESIAN_POINT('',(5.530621808623E0,-1.701891276575E1,
-5.921228118220E0));
#1056=CARTESIAN_POINT('',(4.612699135649E0,-1.717667260221E1,
-5.921228115709E0));
#1057=CARTESIAN_POINT('',(3.780684261733E0,-1.729427043834E1,
-5.921228113838E0));
#1058=CARTESIAN_POINT('',(3.031077195192E0,-1.737993700118E1,
-5.921228112474E0));
#1059=CARTESIAN_POINT('',(2.352350636910E0,-1.744109243127E1,
-5.921228111501E0));
#1060=CARTESIAN_POINT('',(1.732423559661E0,-1.748341698363E1,
-5.921228110827E0));
#1061=CARTESIAN_POINT('',(1.158853341536E0,-1.751111669472E1,
-5.921228110386E0));
#1062=CARTESIAN_POINT('',(6.189751183454E-1,-1.752714296023E1,
-5.921228110131E0));
#1063=CARTESIAN_POINT('',(9.680526299839E-2,-1.753339969441E1,
-5.921228110032E0));
#1064=CARTESIAN_POINT('',(-4.318093037680E-1,-1.753052318157E1,
-5.921228110077E0));
#1065=CARTESIAN_POINT('',(-9.895449269720E-1,-1.751742130773E1,
-5.921228110286E0));
#1066=CARTESIAN_POINT('',(-1.593671999847E0,-1.749146253769E1,
-5.921228110699E0));
#1067=CARTESIAN_POINT('',(-2.251127134154E0,-1.744928035685E1,
-5.921228111370E0));
#1068=CARTESIAN_POINT('',(-2.968624228488E0,-1.738661829317E1,
-5.921228112368E0));
#1069=CARTESIAN_POINT('',(-3.754159578222E0,-1.729799601863E1,
-5.921228113778E0));
#1070=CARTESIAN_POINT('',(-4.616986215686E0,-1.717629916073E1,
-5.921228115715E0));
#1071=CARTESIAN_POINT('',(-5.560463582293E0,-1.701348279071E1,
-5.921228118306E0));
#1072=CARTESIAN_POINT('',(-6.582822822908E0,-1.680121645077E1,
-5.921228121685E0));
#1073=CARTESIAN_POINT('',(-7.688473083384E0,-1.652936249904E1,
-5.921228126012E0));
#1074=CARTESIAN_POINT('',(-8.893485927629E0,-1.618195877283E1,
-5.921228131541E0));
#1075=CARTESIAN_POINT('',(-1.022140616798E1,-1.573497465408E1,
-5.921228138655E0));
#1076=CARTESIAN_POINT('',(-1.168300301685E1,-1.516041919730E1,
-5.921228147799E0));
#1077=CARTESIAN_POINT('',(-1.328360137376E1,-1.442558990050E1,
-5.921228159494E0));
#1078=CARTESIAN_POINT('',(-1.503131289430E1,-1.348849540294E1,
-5.921228174409E0));
#1079=CARTESIAN_POINT('',(-1.692780496480E1,-1.229295871381E1,
-5.921228193437E0));
#1080=CARTESIAN_POINT('',(-1.889883832223E1,-1.081742880590E1,
-5.921228216921E0));
#1081=CARTESIAN_POINT('',(-2.076846584080E1,-9.151093350837E0,
-5.921228243441E0));
#1082=CARTESIAN_POINT('',(-2.238675459537E1,-7.444295148284E0,
-5.921228270606E0));
#1083=CARTESIAN_POINT('',(-2.372509534668E1,-5.805823269281E0,
-5.921228296683E0));
#1084=CARTESIAN_POINT('',(-2.486110326090E1,-4.210039297220E0,
-5.921228322081E0));
#1085=CARTESIAN_POINT('',(-2.588172872502E1,-2.561817782414E0,
-5.921228348314E0));
#1086=CARTESIAN_POINT('',(-2.685023889013E1,-7.428627352339E-1,
-5.921228377264E0));
#1087=CARTESIAN_POINT('',(-2.778926508161E1,1.371732389323E0,
-5.921228410919E0));
#1088=CARTESIAN_POINT('',(-2.864591935753E1,3.834422244529E0,
-5.921228450114E0));
#1089=CARTESIAN_POINT('',(-2.932380549142E1,6.575238442756E0,
-5.921228493736E0));
#1090=CARTESIAN_POINT('',(-2.974405792213E1,9.459972621454E0,
-5.921228539648E0));
#1091=CARTESIAN_POINT('',(-2.984790843713E1,1.169422829557E1,
-5.921228575208E0));
#1092=CARTESIAN_POINT('',(-2.982624779332E1,1.295237267183E1,
-5.921228595232E0));
#1093=CARTESIAN_POINT('',(-2.981724586358E1,1.323654646102E1,
-5.921228599755E0));
#1094=(BOUNDED_SURFACE()B_SPLINE_SURFACE(3,3,((#850,#851,#852,#853,#854,#855,
#856,#857,#858,#859,#860,#861,#862,#863,#864,#865,#866,#867,#868,#869,#870,#871,
#872,#873,#874,#875,#876,#877,#878,#879,#880,#881,#882,#883,#884,#885,#886,#887,
#888,#889,#890,#891,#892,#893,#894,#895,#896,#897,#898,#899,#900,#901,#902,#903,
#904,#905,#906,#907,#908,#909,#910),(#911,#912,#913,#914,#915,#916,#917,#918,
#919,#920,#921,#922,#923,#924,#925,#926,#927,#928,#929,#930,#931,#932,#933,#934,
#935,#936,#937,#938,#939,#940,#941,#942,#943,#944,#945,#946,#947,#948,#949,#950,
#951,#952,#953,#954,#955,#956,#957,#958,#959,#960,#961,#962,#963,#964,#965,#966,
#967,#968,#969,#970,#971),(#972,#973,#974,#975,#976,#977,#978,#979,#980,#981,
#982,#983,#984,#985,#986,#987,#988,#989,#990,#991,#992,#993,#994,#995,#996,#997,
#998,#999,#1000,#1001,#1002,#1003,#1004,#1005,#1006,#1007,#1008,#1009,#1010,
#1011,#1012,#1013,#1014,#1015,#1016,#1017,#1018,#1019,#1020,#1021,#1022,#1023,
#1024,#1025,#1026,#1027,#1028,#1029,#1030,#1031,#1032),(#1033,#1034,#1035,#1036,
#1037,#1038,#1039,#1040,#1041,#1042,#1043,#1044,#1045,#1046,#1047,#1048,#1049,
#1050,#1051,#1052,#1053,#1054,#1055,#1056,#1057,#1058,#1059,#1060,#1061,#1062,
#1063,#1064,#1065,#1066,#1067,#1068,#1069,#1070,#1071,#1072,#1073,#1074,#1075,
#1076,#1077,#1078,#1079,#1080,#1081,#1082,#1083,#1084,#1085,#1086,#1087,#1088,
#1089,#1090,#1091,#1092,#1093)),.UNSPECIFIED.,.F.,.F.,.F.)B_SPLINE_SURFACE_WITH_KNOTS((4,4),(4,1,1,1,1,1,1,1,1,1,1,1,1,1,1,1,1,1,1,1,1,1,1,1,1,1,1,1,1,1,1,1,1,1,
1,1,1,1,1,1,1,1,1,1,1,1,1,1,1,1,1,1,1,1,1,1,1,1,4),(0.E0,1.E0),(
-9.062365301957E-3,0.E0,3.113356329766E-2,6.228946919115E-2,9.336293096070E-2,
1.219978079728E-1,1.465986472619E-1,1.683410146956E-1,1.889383723596E-1,
2.100021637269E-1,2.329255347303E-1,2.590246390416E-1,2.871159859615E-1,
3.133207736072E-1,3.363551999167E-1,3.566735602113E-1,3.748366643362E-1,
3.910918321835E-1,4.055159090091E-1,4.184267656986E-1,4.301658533783E-1,
4.410695443668E-1,4.510258333546E-1,4.599330876621E-1,4.679258226441E-1,
4.751404415301E-1,4.817145526183E-1,4.877864849881E-1,4.934949216269E-1,
4.989785839123E-1,5.044783588408E-1,5.103918503368E-1,5.168106536835E-1,
5.238058656627E-1,5.314489205095E-1,5.398305143338E-1,5.490719095670E-1,
5.592983764047E-1,5.704298308574E-1,5.824418844536E-1,5.956840424774E-1,
6.105047502002E-1,6.272124208686E-1,6.458619435748E-1,6.667688444204E-1,
6.905547826648E-1,7.174572640902E-1,7.453750233623E-1,7.705029630602E-1,
7.925615086446E-1,8.129439937650E-1,8.330736870342E-1,8.544889936279E-1,
8.787640262385E-1,9.069594077353E-1,9.377260602851E-1,9.688694754584E-1,1.E0,
1.009090701679E0),.UNSPECIFIED.)GEOMETRIC_REPRESENTATION_ITEM()RATIONAL_B_SPLINE_SURFACE(((1.915242927221E0,1.915242927221E0,1.915242927221E0,1.915242927221E0,
1.915242927221E0,1.915242927221E0,1.915242927221E0,1.915242927221E0,
1.915242927221E0,1.915242927221E0,1.915242927221E0,1.915242927221E0,
1.915242927221E0,1.915242927221E0,1.915242927221E0,1.915242927221E0,
1.915242927221E0,1.915242927221E0,1.915242927221E0,1.915242927221E0,
1.915242927221E0,1.915242927221E0,1.915242927221E0,1.915242927221E0,
1.915242927221E0,1.915242927221E0,1.915242927221E0,1.915242927221E0,
1.915242927221E0,1.915242927221E0,1.915242927221E0,1.915242927221E0,
1.915242927221E0,1.915242927221E0,1.915242927221E0,1.915242927221E0,
1.915242927221E0,1.915242927221E0,1.915242927221E0,1.915242927221E0,
1.915242927221E0,1.915242927221E0,1.915242927221E0,1.915242927221E0,
1.915242927221E0,1.915242927221E0,1.915242927221E0,1.915242927221E0,
1.915242927221E0,1.915242927221E0,1.915242927221E0,1.915242927221E0,
1.915242927221E0,1.915242927221E0,1.915242927221E0,1.915242927221E0,
1.915242927221E0,1.915242927221E0,1.915242927221E0,1.915242927221E0,
1.915242927221E0),(6.949190242595E-1,6.949190242595E-1,6.949190242595E-1,
6.949190242595E-1,6.949190242595E-1,6.949190242595E-1,6.949190242595E-1,
6.949190242595E-1,6.949190242595E-1,6.949190242595E-1,6.949190242595E-1,
6.949190242595E-1,6.949190242595E-1,6.949190242595E-1,6.949190242595E-1,
6.949190242595E-1,6.949190242595E-1,6.949190242595E-1,6.949190242595E-1,
6.949190242595E-1,6.949190242595E-1,6.949190242595E-1,6.949190242595E-1,
6.949190242595E-1,6.949190242595E-1,6.949190242595E-1,6.949190242595E-1,
6.949190242595E-1,6.949190242595E-1,6.949190242595E-1,6.949190242595E-1,
6.949190242595E-1,6.949190242595E-1,6.949190242595E-1,6.949190242595E-1,
6.949190242595E-1,6.949190242595E-1,6.949190242595E-1,6.949190242595E-1,
6.949190242595E-1,6.949190242595E-1,6.949190242595E-1,6.949190242595E-1,
6.949190242595E-1,6.949190242595E-1,6.949190242595E-1,6.949190242595E-1,
6.949190242595E-1,6.949190242595E-1,6.949190242595E-1,6.949190242595E-1,
6.949190242595E-1,6.949190242595E-1,6.949190242595E-1,6.949190242595E-1,
6.949190242595E-1,6.949190242595E-1,6.949190242595E-1,6.949190242595E-1,
6.949190242595E-1,6.949190242595E-1),(6.949190242595E-1,6.949190242595E-1,
6.949190242595E-1,6.949190242595E-1,6.949190242595E-1,6.949190242595E-1,
6.949190242595E-1,6.949190242595E-1,6.949190242595E-1,6.949190242595E-1,
6.949190242595E-1,6.949190242595E-1,6.949190242595E-1,6.949190242595E-1,
6.949190242595E-1,6.949190242595E-1,6.949190242595E-1,6.949190242595E-1,
6.949190242595E-1,6.949190242595E-1,6.949190242595E-1,6.949190242595E-1,
6.949190242595E-1,6.949190242595E-1,6.949190242595E-1,6.949190242595E-1,
6.949190242595E-1,6.949190242595E-1,6.949190242595E-1,6.949190242595E-1,
6.949190242595E-1,6.949190242595E-1,6.949190242595E-1,6.949190242595E-1,
6.949190242595E-1,6.949190242595E-1,6.949190242595E-1,6.949190242595E-1,
6.949190242595E-1,6.949190242595E-1,6.949190242595E-1,6.949190242595E-1,
6.949190242595E-1,6.949190242595E-1,6.949190242595E-1,6.949190242595E-1,
6.949190242595E-1,6.949190242595E-1,6.949190242595E-1,6.949190242595E-1,
6.949190242595E-1,6.949190242595E-1,6.949190242595E-1,6.949190242595E-1,
6.949190242595E-1,6.949190242595E-1,6.949190242595E-1,6.949190242595E-1,
6.949190242595E-1,6.949190242595E-1,6.949190242595E-1),(1.915242927221E0,
1.915242927221E0,1.915242927221E0,1.915242927221E0,1.915242927221E0,
1.915242927221E0,1.915242927221E0,1.915242927221E0,1.915242927221E0,
1.915242927221E0,1.915242927221E0,1.915242927221E0,1.915242927221E0,
1.915242927221E0,1.915242927221E0,1.915242927221E0,1.915242927221E0,
1.915242927221E0,1.915242927221E0,1.915242927221E0,1.915242927221E0,
1.915242927221E0,1.915242927221E0,1.915242927221E0,1.915242927221E0,
1.915242927221E0,1.915242927221E0,1.915242927221E0,1.915242927221E0,
1.915242927221E0,1.915242927221E0,1.915242927221E0,1.915242927221E0,
1.915242927221E0,1.915242927221E0,1.915242927221E0,1.915242927221E0,
1.915242927221E0,1.915242927221E0,1.915242927221E0,1.915242927221E0,
1.915242927221E0,1.915242927221E0,1.915242927221E0,1.915242927221E0,
1.915242927221E0,1.915242927221E0,1.915242927221E0,1.915242927221E0,
1.915242927221E0,1.915242927221E0,1.915242927221E0,1.915242927221E0,
1.915242927221E0,1.915242927221E0,1.915242927221E0,1.915242927221E0,
1.915242927221E0,1.915242927221E0,1.915242927221E0,1.915242927221E0)))REPRESENTATION_ITEM('')SURFACE());
#1096=ORIENTED_EDGE('',*,*,#1095,.T.);
#1098=ORIENTED_EDGE('',*,*,#1097,.T.);
#1100=ORIENTED_EDGE('',*,*,#1099,.F.);
#1101=ORIENTED_EDGE('',*,*,#842,.F.);
#1102=EDGE_LOOP('',(#1096,#1098,#1100,#1101));
#1103=FACE_OUTER_BOUND('',#1102,.F.);
#1104=ADVANCED_FACE('',(#1103),#1094,.T.);
#1105=CARTESIAN_POINT('',(-2.591607862377E1,1.309828578026E1,
-1.077744412707E1));
#1106=CARTESIAN_POINT('',(-2.598200478478E1,1.201062498707E1,
-1.077744412746E1));
#1107=CARTESIAN_POINT('',(-2.583811917999E1,9.966104389803E0,
-1.077744413727E1));
#1108=CARTESIAN_POINT('',(-2.524494571618E1,6.315234025465E0,
-1.077744414197E1));
#1109=CARTESIAN_POINT('',(-2.393354437645E1,2.203269905138E0,
-1.077744413575E1));
#1110=CARTESIAN_POINT('',(-2.148300593080E1,-2.293197094669E0,
-1.077744410493E1));
#1111=CARTESIAN_POINT('',(-1.822451392255E1,-6.233800911939E0,
-1.077744409188E1));
#1112=CARTESIAN_POINT('',(-1.428580007023E1,-9.456902404684E0,
-1.077744410700E1));
#1113=CARTESIAN_POINT('',(-9.818957608968E0,-1.184525023961E1,
-1.077744412019E1));
#1114=CARTESIAN_POINT('',(-4.995375531920E0,-1.331070004025E1,
-1.077744412002E1));
#1115=CARTESIAN_POINT('',(-1.649565859989E0,-1.364055457933E1,
-1.077744411303E1));
#1116=CARTESIAN_POINT('',(1.692848042015E0,-1.363815245907E1,
-1.077744409871E1));
#1117=CARTESIAN_POINT('',(5.045675271157E0,-1.330150291672E1,
-1.077744408457E1));
#1118=CARTESIAN_POINT('',(9.876923767878E0,-1.182148297833E1,
-1.077744407897E1));
#1119=CARTESIAN_POINT('',(1.434728216269E1,-9.417142752919E0,
-1.077744407866E1));
#1120=CARTESIAN_POINT('',(1.828164393585E1,-6.177297647880E0,
-1.077744407625E1));
#1121=CARTESIAN_POINT('',(2.152974803715E1,-2.223998610335E0,
-1.077744406002E1));
#1122=CARTESIAN_POINT('',(2.396523351550E1,2.280594893953E0,-1.077744403950E1));
#1123=CARTESIAN_POINT('',(2.525551016874E1,6.369544391787E0,-1.077744404312E1));
#1124=CARTESIAN_POINT('',(2.583346190691E1,9.949043876334E0,-1.077744405838E1));
#1125=CARTESIAN_POINT('',(2.597675473961E1,1.193941241009E1,-1.077744407596E1));
#1126=CARTESIAN_POINT('',(2.592174165583E1,1.300008682086E1,-1.077744408116E1));
#1127=CARTESIAN_POINT('',(-2.806837842770E1,1.307406401713E1,
-1.030090327941E1));
#1128=CARTESIAN_POINT('',(-2.817438083007E1,1.206554885149E1,
-1.030090328044E1));
#1129=CARTESIAN_POINT('',(-2.793081423415E1,9.792742134994E0,
-1.030090330314E1));
#1130=CARTESIAN_POINT('',(-2.724626502362E1,5.913530280868E0,
-1.030090331373E1));
#1131=CARTESIAN_POINT('',(-2.577717368814E1,1.453052891694E0,
-1.030090329848E1));
#1132=CARTESIAN_POINT('',(-2.308997746038E1,-3.445414363554E0,
-1.030090322523E1));
#1133=CARTESIAN_POINT('',(-1.953207497126E1,-7.758359623913E0,
-1.030090319199E1));
#1134=CARTESIAN_POINT('',(-1.525222661977E1,-1.128148536122E1,
-1.030090322242E1));
#1135=CARTESIAN_POINT('',(-1.043144026572E1,-1.387802943016E1,
-1.030090324836E1));
#1136=CARTESIAN_POINT('',(-5.273746144195E0,-1.545637887519E1,
-1.030090323890E1));
#1137=CARTESIAN_POINT('',(-1.735306922521E0,-1.580662099878E1,
-1.030090322523E1));
#1138=CARTESIAN_POINT('',(1.780815056572E0,-1.580405162198E1,
-1.030090317722E1));
#1139=CARTESIAN_POINT('',(5.326681274560E0,-1.544669417194E1,
-1.030090312898E1));
#1140=CARTESIAN_POINT('',(1.049195407856E1,-1.385326740833E1,
-1.030090309189E1));
#1141=CARTESIAN_POINT('',(1.531593948862E1,-1.124008900388E1,
-1.030090306788E1));
#1142=CARTESIAN_POINT('',(1.959033527541E1,-7.700558610329E0,
-1.030090304156E1));
#1143=CARTESIAN_POINT('',(2.313635758838E1,-3.376596658074E0,
-1.030090298760E1));
#1144=CARTESIAN_POINT('',(2.580742233574E1,1.526474245601E0,-1.030090292923E1));
#1145=CARTESIAN_POINT('',(2.725658327587E1,5.964424512058E0,-1.030090293364E1));
#1146=CARTESIAN_POINT('',(2.792558214327E1,9.773184578779E0,-1.030090296908E1));
#1147=CARTESIAN_POINT('',(2.816569422116E1,1.198694957837E1,-1.030090301114E1));
#1148=CARTESIAN_POINT('',(2.807740163913E1,1.298215972187E1,-1.030090302472E1));
#1149=CARTESIAN_POINT('',(-2.983727865659E1,1.313086840962E1,
-8.471310657265E0));
#1150=CARTESIAN_POINT('',(-2.987333573486E1,1.198530048002E1,
-8.471310658204E0));
#1151=CARTESIAN_POINT('',(-2.980589638966E1,9.948560066108E0,
-8.471310659151E0));
#1152=CARTESIAN_POINT('',(-2.923336297717E1,6.029188894194E0,
-8.471310657667E0));
#1153=CARTESIAN_POINT('',(-2.786390513394E1,1.416010548767E0,
-8.471310651261E0));
#1154=CARTESIAN_POINT('',(-2.506486895966E1,-3.917373535263E0,
-8.471310635677E0));
#1155=CARTESIAN_POINT('',(-2.119035273004E1,-8.706092765697E0,
-8.471310613691E0));
#1156=CARTESIAN_POINT('',(-1.644169374447E1,-1.263958720291E1,
-8.471310583149E0));
#1157=CARTESIAN_POINT('',(-1.110901363317E1,-1.550165659231E1,
-8.471310552850E0));
#1158=CARTESIAN_POINT('',(-5.511914683191E0,-1.719403234373E1,
-8.471310488585E0));
#1159=CARTESIAN_POINT('',(-1.791421729701E0,-1.755166240721E1,
-8.471310508781E0));
#1160=CARTESIAN_POINT('',(1.838374905372E0,-1.754900892458E1,
-8.471310399702E0));
#1161=CARTESIAN_POINT('',(5.567053902392E0,-1.718434163550E1,
-8.471310286038E0));
#1162=CARTESIAN_POINT('',(1.117055406191E1,-1.547733049183E1,
-8.471310110610E0));
#1163=CARTESIAN_POINT('',(1.650464242080E1,-1.259885543258E1,
-8.471309941471E0));
#1164=CARTESIAN_POINT('',(2.124415137428E1,-8.652208752775E0,
-8.471309790772E0));
#1165=CARTESIAN_POINT('',(2.510258918278E1,-3.859269317008E0,-8.47130967E0));
#1166=CARTESIAN_POINT('',(2.788373032886E1,1.467328428520E0,-8.471309588663E0));
#1167=CARTESIAN_POINT('',(2.923973007667E1,6.062469665690E0,-8.471309559306E0));
#1168=CARTESIAN_POINT('',(2.980110221153E1,9.924187091330E0,-8.471309560381E0));
#1169=CARTESIAN_POINT('',(2.987079286452E1,1.191668987946E1,-8.471309570954E0));
#1170=CARTESIAN_POINT('',(2.984039497814E1,1.302617492491E1,-8.471309582132E0));
#1171=CARTESIAN_POINT('',(-2.998631055800E1,1.313880819221E1,
-5.934455596064E0));
#1172=CARTESIAN_POINT('',(-3.001871861562E1,1.198630096252E1,
-5.934455597061E0));
#1173=CARTESIAN_POINT('',(-2.995941467918E1,9.904998251711E0,
-5.934455598756E0));
#1174=CARTESIAN_POINT('',(-2.941593785362E1,5.913380275747E0,
-5.934455601599E0));
#1175=CARTESIAN_POINT('',(-2.808418329166E1,1.206280071224E0,
-5.934455604359E0));
#1176=CARTESIAN_POINT('',(-2.528062961537E1,-4.235171250387E0,
-5.934455606193E0));
#1177=CARTESIAN_POINT('',(-2.134082485874E1,-9.085054426866E0,
-5.934455607228E0));
#1178=CARTESIAN_POINT('',(-1.648771199095E1,-1.301040771234E1,
-5.934455603910E0));
#1179=CARTESIAN_POINT('',(-1.105893904314E1,-1.579684285596E1,
-5.934455609248E0));
#1180=CARTESIAN_POINT('',(-5.426720154171E0,-1.738462414015E1,
-5.934455575352E0));
#1181=CARTESIAN_POINT('',(-1.750908680670E0,-1.769936416901E1,
-5.934455646934E0));
#1182=CARTESIAN_POINT('',(1.796866410230E0,-1.769681124745E1,
-5.934455539776E0));
#1183=CARTESIAN_POINT('',(5.481131721139E0,-1.737539612927E1,
-5.934455428792E0));
#1184=CARTESIAN_POINT('',(1.111910016350E1,-1.577366831558E1,
-5.934455256323E0));
#1185=CARTESIAN_POINT('',(1.654849074060E1,-1.297126016918E1,
-5.934455088236E0));
#1186=CARTESIAN_POINT('',(2.139094342789E1,-9.034374368792E0,
-5.934454935825E0));
#1187=CARTESIAN_POINT('',(2.531304941297E1,-4.183363409253E0,
-5.934454809589E0));
#1188=CARTESIAN_POINT('',(2.809835051117E1,1.245845635617E0,-5.934454716639E0));
#1189=CARTESIAN_POINT('',(2.942037914372E1,5.937586572981E0,-5.934454669060E0));
#1190=CARTESIAN_POINT('',(2.995480362450E1,9.878020186516E0,-5.934454646527E0));
#1191=CARTESIAN_POINT('',(3.001649691196E1,1.191716472461E1,-5.934454640268E0));
#1192=CARTESIAN_POINT('',(2.998910038429E1,1.303283340447E1,-5.934454641471E0));
#1193=B_SPLINE_SURFACE_WITH_KNOTS('',3,3,((#1105,#1106,#1107,#1108,#1109,#1110,
#1111,#1112,#1113,#1114,#1115,#1116,#1117,#1118,#1119,#1120,#1121,#1122,#1123,
#1124,#1125,#1126),(#1127,#1128,#1129,#1130,#1131,#1132,#1133,#1134,#1135,#1136,
#1137,#1138,#1139,#1140,#1141,#1142,#1143,#1144,#1145,#1146,#1147,#1148),(#1149,
#1150,#1151,#1152,#1153,#1154,#1155,#1156,#1157,#1158,#1159,#1160,#1161,#1162,
#1163,#1164,#1165,#1166,#1167,#1168,#1169,#1170),(#1171,#1172,#1173,#1174,#1175,
#1176,#1177,#1178,#1179,#1180,#1181,#1182,#1183,#1184,#1185,#1186,#1187,#1188,
#1189,#1190,#1191,#1192)),.UNSPECIFIED.,.F.,.F.,.F.,(4,4),(4,1,1,1,1,1,1,1,1,1,
1,1,1,1,1,1,1,1,1,4),(1.442017343847E-1,9.961478021049E-1),(-9.936670496951E-3,
3.1278E-2,6.2556E-2,1.25111E-1,1.87651E-1,2.50191E-1,3.1258E-1,3.74969E-1,
4.37358E-1,4.99746E-1,5.00254E-1,5.62739E-1,6.25223E-1,6.87707E-1,7.50191E-1,
8.12651E-1,8.75111E-1,9.37556E-1,9.68778E-1,1.008692271665E0),.UNSPECIFIED.);
#1195=ORIENTED_EDGE('',*,*,#1194,.F.);
#1197=ORIENTED_EDGE('',*,*,#1196,.F.);
#1198=ORIENTED_EDGE('',*,*,#1095,.F.);
#1199=ORIENTED_EDGE('',*,*,#444,.T.);
#1200=EDGE_LOOP('',(#1195,#1197,#1198,#1199));
#1201=FACE_OUTER_BOUND('',#1200,.F.);
#1202=ADVANCED_FACE('',(#1201),#1193,.F.);
#1203=CARTESIAN_POINT('',(-9.536742764699E-7,1.229999904633E1,
8.979646553625E0));
#1204=DIRECTION('',(0.E0,0.E0,1.E0));
#1205=DIRECTION('',(1.E0,0.E0,0.E0));
#1206=AXIS2_PLACEMENT_3D('',#1203,#1204,#1205);
#1207=CYLINDRICAL_SURFACE('',#1206,2.599981639916E1);
#1208=ORIENTED_EDGE('',*,*,#1194,.T.);
#1209=ORIENTED_EDGE('',*,*,#463,.F.);
#1211=ORIENTED_EDGE('',*,*,#1210,.T.);
#1213=ORIENTED_EDGE('',*,*,#1212,.T.);
#1214=EDGE_LOOP('',(#1208,#1209,#1211,#1213));
#1215=FACE_OUTER_BOUND('',#1214,.F.);
#1216=ADVANCED_FACE('',(#1215),#1207,.F.);
#1217=CARTESIAN_POINT('',(3.612017392588E1,-2.5E1,-5.899998478301E0));
#1218=DIRECTION('',(0.E0,-1.591563588613E-8,-1.E0));
#1219=DIRECTION('',(0.E0,1.E0,-1.591563588613E-8));
#1220=AXIS2_PLACEMENT_3D('',#1217,#1218,#1219);
#1221=PLANE('',#1220);
#1222=ORIENTED_EDGE('',*,*,#829,.T.);
#1223=ORIENTED_EDGE('',*,*,#844,.T.);
#1224=ORIENTED_EDGE('',*,*,#1099,.T.);
#1226=ORIENTED_EDGE('',*,*,#1225,.T.);
#1227=EDGE_LOOP('',(#1222,#1223,#1224,#1226));
#1228=FACE_OUTER_BOUND('',#1227,.F.);
#1230=ORIENTED_EDGE('',*,*,#1229,.T.);
#1231=ORIENTED_EDGE('',*,*,#1210,.F.);
#1232=ORIENTED_EDGE('',*,*,#461,.T.);
#1233=ORIENTED_EDGE('',*,*,#477,.F.);
#1234=EDGE_LOOP('',(#1230,#1231,#1232,#1233));
#1235=FACE_BOUND('',#1234,.F.);
#1236=ADVANCED_FACE('',(#1228,#1235),#1221,.F.);
#1237=CARTESIAN_POINT('',(-2.989366596541E1,1.221344983607E1,
-5.999999070577E0));
#1238=DIRECTION('',(1.189426074116E-9,1.E0,-1.591563589736E-8));
#1239=DIRECTION('',(-9.975155903069E-1,6.527724212232E-11,-7.044605804988E-2));
#1240=AXIS2_PLACEMENT_3D('',#1237,#1238,#1239);
#1241=CYLINDRICAL_SURFACE('',#1240,1.E-1);
#1243=ORIENTED_EDGE('',*,*,#1242,.T.);
#1244=ORIENTED_EDGE('',*,*,#831,.T.);
#1245=ORIENTED_EDGE('',*,*,#1225,.F.);
#1246=ORIENTED_EDGE('',*,*,#1097,.F.);
#1247=EDGE_LOOP('',(#1243,#1244,#1245,#1246));
#1248=FACE_OUTER_BOUND('',#1247,.F.);
#1249=ADVANCED_FACE('',(#1248),#1241,.T.);
#1250=CARTESIAN_POINT('',(-2.593676442764E1,6.899999706729E1,
-1.077799698828E1));
#1251=CARTESIAN_POINT('',(-2.810214554330E1,6.899999706685E1,
-1.030271140070E1));
#1252=CARTESIAN_POINT('',(-2.984740792459E1,6.899999706516E1,
-8.475304674793E0));
#1253=CARTESIAN_POINT('',(-2.999772555175E1,6.899999706281E1,
-5.940721277729E0));
#1255=DIRECTION('',(0.E0,-1.E0,-9.266078760643E-10));
#1256=VECTOR('',#1255,1.E0);
#1257=SURFACE_OF_LINEAR_EXTRUSION('',#1254,#1256);
#1259=ORIENTED_EDGE('',*,*,#1258,.T.);
#1260=ORIENTED_EDGE('',*,*,#576,.T.);
#1261=ORIENTED_EDGE('',*,*,#1242,.F.);
#1262=ORIENTED_EDGE('',*,*,#1196,.T.);
#1263=EDGE_LOOP('',(#1259,#1260,#1261,#1262));
#1264=FACE_OUTER_BOUND('',#1263,.F.);
#1265=ADVANCED_FACE('',(#1264),#1257,.F.);
#1266=CARTESIAN_POINT('',(-2.599999999863E1,6.899999999981E1,8.979646553625E0));
#1267=DIRECTION('',(-1.E0,4.842806066929E-11,0.E0));
#1268=DIRECTION('',(-4.842806066929E-11,-1.E0,0.E0));
#1269=AXIS2_PLACEMENT_3D('',#1266,#1267,#1268);
#1270=PLANE('',#1269);
#1271=ORIENTED_EDGE('',*,*,#1258,.F.);
#1272=ORIENTED_EDGE('',*,*,#1212,.F.);
#1273=ORIENTED_EDGE('',*,*,#1229,.F.);
#1274=ORIENTED_EDGE('',*,*,#475,.T.);
#1275=EDGE_LOOP('',(#1271,#1272,#1273,#1274));
#1276=FACE_OUTER_BOUND('',#1275,.F.);
#1277=ADVANCED_FACE('',(#1276),#1270,.F.);
#1278=CLOSED_SHELL('',(#452,#467,#482,#580,#835,#849,#1104,#1202,#1216,#1236,
#1249,#1265,#1277));
#1279=CARTESIAN_POINT('',(0.E0,-4.223428579469E-1,7.1E0));
#1280=CARTESIAN_POINT('',(4.087732832075E0,-4.223428554634E-1,7.1E0));
#1281=CARTESIAN_POINT('',(1.253689191091E1,-8.452913956975E-1,7.1E0));
#1282=CARTESIAN_POINT('',(1.769560940584E1,-2.569415974308E0,7.1E0));
#1283=CARTESIAN_POINT('',(1.238197935418E1,-8.903255702225E0,7.1E0));
#1284=CARTESIAN_POINT('',(4.040692316345E0,-1.1109E1,7.1E0));
#1285=CARTESIAN_POINT('',(0.E0,-1.1109E1,7.1E0));
#1287=CARTESIAN_POINT('',(0.E0,-8.412E0,4.6E0));
#1288=CARTESIAN_POINT('',(2.966073445900E0,-8.412E0,4.6E0));
#1289=CARTESIAN_POINT('',(9.089002107556E0,-7.298477791261E0,4.6E0));
#1290=CARTESIAN_POINT('',(1.298947527674E1,-4.100975382273E0,4.6E0));
#1291=CARTESIAN_POINT('',(9.202716700500E0,-3.230588929822E0,4.6E0));
#1292=CARTESIAN_POINT('',(3.000603277715E0,-3.017072099131E0,4.6E0));
#1293=CARTESIAN_POINT('',(0.E0,-3.017072095406E0,4.6E0));
#1295=CARTESIAN_POINT('',(0.E0,-1.1109E1,7.1E0));
#1296=CARTESIAN_POINT('',(-4.040692316345E0,-1.1109E1,7.1E0));
#1297=CARTESIAN_POINT('',(-1.238197935418E1,-8.903255702225E0,7.1E0));
#1298=CARTESIAN_POINT('',(-1.769560940584E1,-2.569415974308E0,7.1E0));
#1299=CARTESIAN_POINT('',(-1.253689191091E1,-8.452913956975E-1,7.1E0));
#1300=CARTESIAN_POINT('',(-4.087732832075E0,-4.223428554634E-1,7.1E0));
#1301=CARTESIAN_POINT('',(0.E0,-4.223428579469E-1,7.1E0));
#1303=CARTESIAN_POINT('',(0.E0,-4.223428579469E-1,7.1E0));
#1304=CARTESIAN_POINT('',(0.E0,-1.500217121075E0,6.449858005842E0));
#1305=CARTESIAN_POINT('',(0.E0,-2.381230830085E0,5.576066157222E0));
#1306=CARTESIAN_POINT('',(0.E0,-3.017072095406E0,4.6E0));
#1308=CARTESIAN_POINT('',(0.E0,-3.017072095406E0,4.6E0));
#1309=CARTESIAN_POINT('',(-3.000603277715E0,-3.017072099131E0,4.6E0));
#1310=CARTESIAN_POINT('',(-9.202716700500E0,-3.230588929822E0,4.6E0));
#1311=CARTESIAN_POINT('',(-1.298947527674E1,-4.100975382273E0,4.6E0));
#1312=CARTESIAN_POINT('',(-9.089002107556E0,-7.298477791261E0,4.6E0));
#1313=CARTESIAN_POINT('',(-2.966073445900E0,-8.412E0,4.6E0));
#1314=CARTESIAN_POINT('',(0.E0,-8.412E0,4.6E0));
#1316=CARTESIAN_POINT('',(0.E0,-8.412E0,4.6E0));
#1317=CARTESIAN_POINT('',(0.E0,-9.157345671972E0,5.576066191991E0));
#1318=CARTESIAN_POINT('',(0.E0,-1.004529673744E1,6.397916353991E0));
#1319=CARTESIAN_POINT('',(0.E0,-1.1109E1,7.1E0));
#1321=VERTEX_POINT('',#1293);
#1322=VERTEX_POINT('',#1287);
#1323=VERTEX_POINT('',#1285);
#1324=VERTEX_POINT('',#1279);
#1325=CARTESIAN_POINT('',(-5.720401468618E-1,-4.051837212504E-1,
7.111087274972E0));
#1326=CARTESIAN_POINT('',(3.728435284876E0,-3.859603027519E-1,
7.111083499963E0));
#1327=CARTESIAN_POINT('',(1.249050538995E1,-8.067421537312E-1,
7.111166258502E0));
#1328=CARTESIAN_POINT('',(1.772241358121E1,-2.559954157698E0,7.111490844557E0));
#1329=CARTESIAN_POINT('',(1.233632879644E1,-8.991273273590E0,7.111870440288E0));
#1330=CARTESIAN_POINT('',(3.754656222990E0,-1.120353868422E1,7.111988767556E0));
#1331=CARTESIAN_POINT('',(-4.877072777939E-1,-1.112253528253E1,
7.111984427057E0));
#1332=CARTESIAN_POINT('',(-5.207775786498E-1,-1.498375512076E0,
6.455449459657E0));
#1333=CARTESIAN_POINT('',(3.394316817156E0,-1.483976849859E0,6.455671890438E0));
#1334=CARTESIAN_POINT('',(1.137118716332E1,-1.799094897264E0,6.450795598921E0));
#1335=CARTESIAN_POINT('',(1.613424472636E1,-3.120742041595E0,6.431670367184E0));
#1336=CARTESIAN_POINT('',(1.123082658105E1,-8.317334198747E0,6.409303860097E0));
#1337=CARTESIAN_POINT('',(3.418188126820E0,-1.011013480961E1,6.402331790956E0));
#1338=CARTESIAN_POINT('',(-4.440020944479E-1,-1.004449374190E1,
6.402587541475E0));
#1339=CARTESIAN_POINT('',(-4.695150133320E-1,-2.390181637427E0,
5.569900749279E0));
#1340=CARTESIAN_POINT('',(3.060198368628E0,-2.379001995006E0,5.569897782118E0));
#1341=CARTESIAN_POINT('',(1.025186898508E1,-2.623658360166E0,5.569962830420E0));
#1342=CARTESIAN_POINT('',(1.454607592402E1,-3.651806374435E0,5.570217955415E0));
#1343=CARTESIAN_POINT('',(1.012532439033E1,-7.775136185652E0,5.570516318075E0));
#1344=CARTESIAN_POINT('',(3.081720035410E0,-9.198803612795E0,5.570609323437E0));
#1345=CARTESIAN_POINT('',(-4.002969117401E-1,-9.146678606915E0,
5.570605911800E0));
#1346=CARTESIAN_POINT('',(-4.182524451141E-1,-3.030474508291E0,
4.580344209840E0));
#1347=CARTESIAN_POINT('',(2.726079900868E0,-3.020841970891E0,4.580344239527E0));
#1348=CARTESIAN_POINT('',(9.132550758364E0,-3.231689584396E0,4.580343588709E0));
#1349=CARTESIAN_POINT('',(1.295790706906E1,-4.110094395985E0,4.580341036143E0));
#1350=CARTESIAN_POINT('',(9.019822174888E0,-7.328281026099E0,4.580338050977E0));
#1351=CARTESIAN_POINT('',(2.745251939229E0,-8.435221237029E0,4.580337120444E0));
#1352=CARTESIAN_POINT('',(-3.565917283926E-1,-8.394689929171E0,
4.580337154578E0));
#1353=B_SPLINE_SURFACE_WITH_KNOTS('',3,3,((#1325,#1326,#1327,#1328,#1329,#1330,
#1331),(#1332,#1333,#1334,#1335,#1336,#1337,#1338),(#1339,#1340,#1341,#1342,
#1343,#1344,#1345),(#1346,#1347,#1348,#1349,#1350,#1351,#1352)),.UNSPECIFIED.,
.F.,.F.,.F.,(4,4),(4,1,1,1,4),(-5.695582476060E-3,1.006707885170E0),(
-9.618291032538E-3,2.06915E-1,4.48429E-1,7.60107E-1,1.009598365409E0),
.UNSPECIFIED.);
#1355=ORIENTED_EDGE('',*,*,#1354,.T.);
#1357=ORIENTED_EDGE('',*,*,#1356,.F.);
#1359=ORIENTED_EDGE('',*,*,#1358,.T.);
#1361=ORIENTED_EDGE('',*,*,#1360,.F.);
#1362=EDGE_LOOP('',(#1355,#1357,#1359,#1361));
#1363=FACE_OUTER_BOUND('',#1362,.F.);
#1364=ADVANCED_FACE('',(#1363),#1353,.T.);
#1365=CARTESIAN_POINT('',(5.720401468618E-1,-4.051837212504E-1,
7.111087274972E0));
#1366=CARTESIAN_POINT('',(-3.728435284876E0,-3.859603027519E-1,
7.111083499963E0));
#1367=CARTESIAN_POINT('',(-1.249050538995E1,-8.067421537312E-1,
7.111166258502E0));
#1368=CARTESIAN_POINT('',(-1.772241358121E1,-2.559954157698E0,
7.111490844557E0));
#1369=CARTESIAN_POINT('',(-1.233632879644E1,-8.991273273590E0,
7.111870440288E0));
#1370=CARTESIAN_POINT('',(-3.754656222990E0,-1.120353868422E1,
7.111988767556E0));
#1371=CARTESIAN_POINT('',(4.877072777939E-1,-1.112253528253E1,
7.111984427057E0));
#1372=CARTESIAN_POINT('',(5.207775786498E-1,-1.498375512076E0,
6.455449459657E0));
#1373=CARTESIAN_POINT('',(-3.394316817156E0,-1.483976849859E0,
6.455671890438E0));
#1374=CARTESIAN_POINT('',(-1.137118716332E1,-1.799094897264E0,
6.450795598921E0));
#1375=CARTESIAN_POINT('',(-1.613424472636E1,-3.120742041595E0,
6.431670367184E0));
#1376=CARTESIAN_POINT('',(-1.123082658105E1,-8.317334198747E0,
6.409303860097E0));
#1377=CARTESIAN_POINT('',(-3.418188126820E0,-1.011013480961E1,
6.402331790956E0));
#1378=CARTESIAN_POINT('',(4.440020944479E-1,-1.004449374190E1,
6.402587541475E0));
#1379=CARTESIAN_POINT('',(4.695150133320E-1,-2.390181637427E0,
5.569900749279E0));
#1380=CARTESIAN_POINT('',(-3.060198368628E0,-2.379001995006E0,
5.569897782118E0));
#1381=CARTESIAN_POINT('',(-1.025186898508E1,-2.623658360166E0,
5.569962830420E0));
#1382=CARTESIAN_POINT('',(-1.454607592402E1,-3.651806374435E0,
5.570217955415E0));
#1383=CARTESIAN_POINT('',(-1.012532439033E1,-7.775136185652E0,
5.570516318075E0));
#1384=CARTESIAN_POINT('',(-3.081720035410E0,-9.198803612795E0,
5.570609323437E0));
#1385=CARTESIAN_POINT('',(4.002969117401E-1,-9.146678606915E0,
5.570605911800E0));
#1386=CARTESIAN_POINT('',(4.182524451141E-1,-3.030474508291E0,
4.580344209840E0));
#1387=CARTESIAN_POINT('',(-2.726079900868E0,-3.020841970891E0,
4.580344239527E0));
#1388=CARTESIAN_POINT('',(-9.132550758364E0,-3.231689584396E0,
4.580343588709E0));
#1389=CARTESIAN_POINT('',(-1.295790706906E1,-4.110094395985E0,
4.580341036143E0));
#1390=CARTESIAN_POINT('',(-9.019822174888E0,-7.328281026099E0,
4.580338050977E0));
#1391=CARTESIAN_POINT('',(-2.745251939229E0,-8.435221237029E0,
4.580337120444E0));
#1392=CARTESIAN_POINT('',(3.565917283926E-1,-8.394689929171E0,
4.580337154578E0));
#1393=B_SPLINE_SURFACE_WITH_KNOTS('',3,3,((#1365,#1366,#1367,#1368,#1369,#1370,
#1371),(#1372,#1373,#1374,#1375,#1376,#1377,#1378),(#1379,#1380,#1381,#1382,
#1383,#1384,#1385),(#1386,#1387,#1388,#1389,#1390,#1391,#1392)),.UNSPECIFIED.,
.F.,.F.,.F.,(4,4),(4,1,1,1,4),(-5.695582476060E-3,1.006707885170E0),(
-9.618291032538E-3,2.06915E-1,4.48429E-1,7.60107E-1,1.009598365409E0),
.UNSPECIFIED.);
#1395=ORIENTED_EDGE('',*,*,#1394,.T.);
#1396=ORIENTED_EDGE('',*,*,#1360,.T.);
#1398=ORIENTED_EDGE('',*,*,#1397,.T.);
#1399=ORIENTED_EDGE('',*,*,#1356,.T.);
#1400=EDGE_LOOP('',(#1395,#1396,#1398,#1399));
#1401=FACE_OUTER_BOUND('',#1400,.F.);
#1402=ADVANCED_FACE('',(#1401),#1393,.F.);
#1403=OPEN_SHELL('',(#1364,#1402));
#1404=MANIFOLD_SOLID_BREP('',#1278);
#1405=SHELL_BASED_SURFACE_MODEL('',(#1403));
#1406=(LENGTH_UNIT()NAMED_UNIT(*)SI_UNIT(.MILLI.,.METRE.));
#1407=DIMENSIONAL_EXPONENTS(0.E0,0.E0,0.E0,0.E0,0.E0,0.E0,0.E0);
#1408=(NAMED_UNIT(*)PLANE_ANGLE_UNIT()SI_UNIT($,.RADIAN.));
#1409=PLANE_ANGLE_MEASURE_WITH_UNIT(PLANE_ANGLE_MEASURE(1.745329251994E-2),
#1408);
#1410=(CONVERSION_BASED_UNIT('DEGREE',#1409)NAMED_UNIT(#1407)PLANE_ANGLE_UNIT(
));
#1411=(NAMED_UNIT(*)SI_UNIT($,.STERADIAN.)SOLID_ANGLE_UNIT());
#1412=UNCERTAINTY_MEASURE_WITH_UNIT(LENGTH_MEASURE(5.530783467778E-3),#1406,
'closure',
'Maximum model space distance between geometric entities at asserted connectivities');
#1413=(GEOMETRIC_REPRESENTATION_CONTEXT(3)GLOBAL_UNCERTAINTY_ASSIGNED_CONTEXT((
#1412))GLOBAL_UNIT_ASSIGNED_CONTEXT((#1406,#1410,#1411))REPRESENTATION_CONTEXT(
'ID1','3'));
#1416=CARTESIAN_POINT('',(0.E0,0.E0,0.E0));
#1417=DIRECTION('',(0.E0,0.E0,1.E0));
#1418=DIRECTION('',(1.E0,0.E0,0.E0));
#1421=SHAPE_REPRESENTATION_RELATIONSHIP('','',#1420,#1414);
#1422=SHAPE_REPRESENTATION_RELATIONSHIP('','',#1420,#1415);
#1423=APPLICATION_CONTEXT(
'CONFIGURATION CONTROLLED 3D DESIGNS OF MECHANICAL PARTS AND ASSEMBLIES');
#1424=APPLICATION_PROTOCOL_DEFINITION('international standard',
'config_control_design',1994,#1423);
#1425=DESIGN_CONTEXT('',#1423,'design');
#1426=MECHANICAL_CONTEXT('',#1423,'mechanical');
#1427=PRODUCT('ID-GTC-REAR-RING_PRT','ID-GTC-REAR-RING_PRT','NOT SPECIFIED',(
#1426));
#1428=PRODUCT_DEFINITION_FORMATION_WITH_SPECIFIED_SOURCE('1','LAST_VERSION',
#1427,.MADE.);
#1432=PRODUCT_CATEGORY('part','');
#1433=PRODUCT_RELATED_PRODUCT_CATEGORY('detail','',(#1427));
#1434=PRODUCT_CATEGORY_RELATIONSHIP('','',#1432,#1433);
#1435=SECURITY_CLASSIFICATION_LEVEL('unclassified');
#1436=SECURITY_CLASSIFICATION('','',#1435);
#1437=CC_DESIGN_SECURITY_CLASSIFICATION(#1436,(#1428));
#1438=APPROVAL_STATUS('approved');
#1439=APPROVAL(#1438,'');
#1440=CC_DESIGN_APPROVAL(#1439,(#1436,#1428,#1429));
#1441=CALENDAR_DATE(108,30,6);
#1442=COORDINATED_UNIVERSAL_TIME_OFFSET(3,0,.BEHIND.);
#1443=LOCAL_TIME(11,3,3.1E1,#1442);
#1444=DATE_AND_TIME(#1441,#1443);
#1445=APPROVAL_DATE_TIME(#1444,#1439);
#1446=DATE_TIME_ROLE('creation_date');
#1447=CC_DESIGN_DATE_AND_TIME_ASSIGNMENT(#1444,#1446,(#1429));
#1448=DATE_TIME_ROLE('classification_date');
#1449=CC_DESIGN_DATE_AND_TIME_ASSIGNMENT(#1444,#1448,(#1436));
#1450=PERSON('UNSPECIFIED','UNSPECIFIED',$,$,$,$);
#1451=ORGANIZATION('UNSPECIFIED','UNSPECIFIED','UNSPECIFIED');
#1452=PERSON_AND_ORGANIZATION(#1450,#1451);
#1453=APPROVAL_ROLE('approver');
#1454=APPROVAL_PERSON_ORGANIZATION(#1452,#1439,#1453);
#1455=PERSON_AND_ORGANIZATION_ROLE('creator');
#1456=CC_DESIGN_PERSON_AND_ORGANIZATION_ASSIGNMENT(#1452,#1455,(#1428,#1429));
#1457=PERSON_AND_ORGANIZATION_ROLE('design_supplier');
#1458=CC_DESIGN_PERSON_AND_ORGANIZATION_ASSIGNMENT(#1452,#1457,(#1428));
#1459=PERSON_AND_ORGANIZATION_ROLE('classification_officer');
#1460=CC_DESIGN_PERSON_AND_ORGANIZATION_ASSIGNMENT(#1452,#1459,(#1436));
#1461=PERSON_AND_ORGANIZATION_ROLE('design_owner');
#1462=CC_DESIGN_PERSON_AND_ORGANIZATION_ASSIGNMENT(#1452,#1461,(#1427));
#5=B_SPLINE_CURVE_WITH_KNOTS('',3,(#1,#2,#3,#4),.UNSPECIFIED.,.F.,.F.,(4,4),(
0.E0,1.E0),.UNSPECIFIED.);
#10=B_SPLINE_CURVE_WITH_KNOTS('',3,(#6,#7,#8,#9),.UNSPECIFIED.,.F.,.F.,(4,4),(
0.E0,1.E0),.UNSPECIFIED.);
#57=B_SPLINE_CURVE_WITH_KNOTS('',3,(#23,#24,#25,#26,#27,#28,#29,#30,#31,#32,#33,
#34,#35,#36,#37,#38,#39,#40,#41,#42,#43,#44,#45,#46,#47,#48,#49,#50,#51,#52,#53,
#54,#55,#56),.UNSPECIFIED.,.F.,.F.,(4,1,1,1,1,1,1,1,1,1,1,1,1,1,1,1,1,1,1,1,1,1,
1,1,1,1,1,1,1,1,1,4),(0.E0,3.225806451613E-2,6.451612903226E-2,
9.677419354839E-2,1.290322580645E-1,1.612903225806E-1,1.935483870968E-1,
2.258064516129E-1,2.580645161290E-1,2.903225806452E-1,3.225806451613E-1,
3.548387096774E-1,3.870967741935E-1,4.193548387097E-1,4.516129032258E-1,
4.838709677419E-1,5.161290322581E-1,5.483870967742E-1,5.806451612903E-1,
6.129032258065E-1,6.451612903226E-1,6.774193548387E-1,7.096774193548E-1,
7.419354838710E-1,7.741935483871E-1,8.064516129032E-1,8.387096774194E-1,
8.709677419355E-1,9.032258064516E-1,9.354838709677E-1,9.677419354839E-1,1.E0),
.UNSPECIFIED.);
#62=B_SPLINE_CURVE_WITH_KNOTS('',3,(#58,#59,#60,#61),.UNSPECIFIED.,.F.,.F.,(4,
4),(0.E0,1.E0),.UNSPECIFIED.);
#122=B_SPLINE_CURVE_WITH_KNOTS('',3,(#63,#64,#65,#66,#67,#68,#69,#70,#71,#72,
#73,#74,#75,#76,#77,#78,#79,#80,#81,#82,#83,#84,#85,#86,#87,#88,#89,#90,#91,#92,
#93,#94,#95,#96,#97,#98,#99,#100,#101,#102,#103,#104,#105,#106,#107,#108,#109,
#110,#111,#112,#113,#114,#115,#116,#117,#118,#119,#120,#121),.UNSPECIFIED.,.F.,
.F.,(4,1,1,1,1,1,1,1,1,1,1,1,1,1,1,1,1,1,1,1,1,1,1,1,1,1,1,1,1,1,1,1,1,1,1,1,1,
1,1,1,1,1,1,1,1,1,1,1,1,1,1,1,1,1,1,1,4),(0.E0,1.785714285714E-2,
3.571428571429E-2,5.357142857143E-2,7.142857142857E-2,8.928571428571E-2,
1.071428571429E-1,1.25E-1,1.428571428571E-1,1.607142857143E-1,1.785714285714E-1,
1.964285714286E-1,2.142857142857E-1,2.321428571429E-1,2.5E-1,2.678571428571E-1,
2.857142857143E-1,3.035714285714E-1,3.214285714286E-1,3.392857142857E-1,
3.571428571429E-1,3.75E-1,3.928571428571E-1,4.107142857143E-1,4.285714285714E-1,
4.464285714286E-1,4.642857142857E-1,4.821428571429E-1,5.E-1,5.178571428571E-1,
5.357142857143E-1,5.535714285714E-1,5.714285714286E-1,5.892857142857E-1,
6.071428571429E-1,6.25E-1,6.428571428571E-1,6.607142857143E-1,6.785714285714E-1,
6.964285714286E-1,7.142857142857E-1,7.321428571429E-1,7.5E-1,7.678571428571E-1,
7.857142857143E-1,8.035714285714E-1,8.214285714286E-1,8.392857142857E-1,
8.571428571429E-1,8.75E-1,8.928571428571E-1,9.107142857143E-1,9.285714285714E-1,
9.464285714286E-1,9.642857142857E-1,9.821428571429E-1,1.E0),.UNSPECIFIED.);
#182=B_SPLINE_CURVE_WITH_KNOTS('',3,(#123,#124,#125,#126,#127,#128,#129,#130,
#131,#132,#133,#134,#135,#136,#137,#138,#139,#140,#141,#142,#143,#144,#145,#146,
#147,#148,#149,#150,#151,#152,#153,#154,#155,#156,#157,#158,#159,#160,#161,#162,
#163,#164,#165,#166,#167,#168,#169,#170,#171,#172,#173,#174,#175,#176,#177,#178,
#179,#180,#181),.UNSPECIFIED.,.F.,.F.,(4,1,1,1,1,1,1,1,1,1,1,1,1,1,1,1,1,1,1,1,
1,1,1,1,1,1,1,1,1,1,1,1,1,1,1,1,1,1,1,1,1,1,1,1,1,1,1,1,1,1,1,1,1,1,1,1,4),
(0.E0,1.785714285714E-2,3.571428571429E-2,5.357142857143E-2,7.142857142857E-2,
8.928571428571E-2,1.071428571429E-1,1.25E-1,1.428571428571E-1,1.607142857143E-1,
1.785714285714E-1,1.964285714286E-1,2.142857142857E-1,2.321428571429E-1,2.5E-1,
2.678571428571E-1,2.857142857143E-1,3.035714285714E-1,3.214285714286E-1,
3.392857142857E-1,3.571428571429E-1,3.75E-1,3.928571428571E-1,4.107142857143E-1,
4.285714285714E-1,4.464285714286E-1,4.642857142857E-1,4.821428571429E-1,5.E-1,
5.178571428571E-1,5.357142857143E-1,5.535714285714E-1,5.714285714286E-1,
5.892857142857E-1,6.071428571429E-1,6.25E-1,6.428571428571E-1,6.607142857143E-1,
6.785714285714E-1,6.964285714286E-1,7.142857142857E-1,7.321428571429E-1,7.5E-1,
7.678571428571E-1,7.857142857143E-1,8.035714285714E-1,8.214285714286E-1,
8.392857142857E-1,8.571428571429E-1,8.75E-1,8.928571428571E-1,9.107142857143E-1,
9.285714285714E-1,9.464285714286E-1,9.642857142857E-1,9.821428571429E-1,1.E0),
.UNSPECIFIED.);
#187=CIRCLE('',#186,1.E-1);
#200=CIRCLE('',#199,1.E-1);
#260=B_SPLINE_CURVE_WITH_KNOTS('',3,(#201,#202,#203,#204,#205,#206,#207,#208,
#209,#210,#211,#212,#213,#214,#215,#216,#217,#218,#219,#220,#221,#222,#223,#224,
#225,#226,#227,#228,#229,#230,#231,#232,#233,#234,#235,#236,#237,#238,#239,#240,
#241,#242,#243,#244,#245,#246,#247,#248,#249,#250,#251,#252,#253,#254,#255,#256,
#257,#258,#259),.UNSPECIFIED.,.F.,.F.,(4,1,1,1,1,1,1,1,1,1,1,1,1,1,1,1,1,1,1,1,
1,1,1,1,1,1,1,1,1,1,1,1,1,1,1,1,1,1,1,1,1,1,1,1,1,1,1,1,1,1,1,1,1,1,1,1,4),
(0.E0,1.785714285714E-2,3.571428571429E-2,5.357142857143E-2,7.142857142857E-2,
8.928571428571E-2,1.071428571429E-1,1.25E-1,1.428571428571E-1,1.607142857143E-1,
1.785714285714E-1,1.964285714286E-1,2.142857142857E-1,2.321428571429E-1,2.5E-1,
2.678571428571E-1,2.857142857143E-1,3.035714285714E-1,3.214285714286E-1,
3.392857142857E-1,3.571428571429E-1,3.75E-1,3.928571428571E-1,4.107142857143E-1,
4.285714285714E-1,4.464285714286E-1,4.642857142857E-1,4.821428571429E-1,5.E-1,
5.178571428571E-1,5.357142857143E-1,5.535714285714E-1,5.714285714286E-1,
5.892857142857E-1,6.071428571429E-1,6.25E-1,6.428571428571E-1,6.607142857143E-1,
6.785714285714E-1,6.964285714286E-1,7.142857142857E-1,7.321428571429E-1,7.5E-1,
7.678571428571E-1,7.857142857143E-1,8.035714285714E-1,8.214285714286E-1,
8.392857142857E-1,8.571428571429E-1,8.75E-1,8.928571428571E-1,9.107142857143E-1,
9.285714285714E-1,9.464285714286E-1,9.642857142857E-1,9.821428571429E-1,1.E0),
.UNSPECIFIED.);
#320=B_SPLINE_CURVE_WITH_KNOTS('',3,(#261,#262,#263,#264,#265,#266,#267,#268,
#269,#270,#271,#272,#273,#274,#275,#276,#277,#278,#279,#280,#281,#282,#283,#284,
#285,#286,#287,#288,#289,#290,#291,#292,#293,#294,#295,#296,#297,#298,#299,#300,
#301,#302,#303,#304,#305,#306,#307,#308,#309,#310,#311,#312,#313,#314,#315,#316,
#317,#318,#319),.UNSPECIFIED.,.F.,.F.,(4,1,1,1,1,1,1,1,1,1,1,1,1,1,1,1,1,1,1,1,
1,1,1,1,1,1,1,1,1,1,1,1,1,1,1,1,1,1,1,1,1,1,1,1,1,1,1,1,1,1,1,1,1,1,1,1,4),
(0.E0,1.785714285714E-2,3.571428571429E-2,5.357142857143E-2,7.142857142857E-2,
8.928571428571E-2,1.071428571429E-1,1.25E-1,1.428571428571E-1,1.607142857143E-1,
1.785714285714E-1,1.964285714286E-1,2.142857142857E-1,2.321428571429E-1,2.5E-1,
2.678571428571E-1,2.857142857143E-1,3.035714285714E-1,3.214285714286E-1,
3.392857142857E-1,3.571428571429E-1,3.75E-1,3.928571428571E-1,4.107142857143E-1,
4.285714285714E-1,4.464285714286E-1,4.642857142857E-1,4.821428571429E-1,5.E-1,
5.178571428571E-1,5.357142857143E-1,5.535714285714E-1,5.714285714286E-1,
5.892857142857E-1,6.071428571429E-1,6.25E-1,6.428571428571E-1,6.607142857143E-1,
6.785714285714E-1,6.964285714286E-1,7.142857142857E-1,7.321428571429E-1,7.5E-1,
7.678571428571E-1,7.857142857143E-1,8.035714285714E-1,8.214285714286E-1,
8.392857142857E-1,8.571428571429E-1,8.75E-1,8.928571428571E-1,9.107142857143E-1,
9.285714285714E-1,9.464285714286E-1,9.642857142857E-1,9.821428571429E-1,1.E0),
.UNSPECIFIED.);
#325=CIRCLE('',#324,1.E-1);
#360=B_SPLINE_CURVE_WITH_KNOTS('',3,(#326,#327,#328,#329,#330,#331,#332,#333,
#334,#335,#336,#337,#338,#339,#340,#341,#342,#343,#344,#345,#346,#347,#348,#349,
#350,#351,#352,#353,#354,#355,#356,#357,#358,#359),.UNSPECIFIED.,.F.,.F.,(4,1,1,
1,1,1,1,1,1,1,1,1,1,1,1,1,1,1,1,1,1,1,1,1,1,1,1,1,1,1,1,4),(0.E0,
3.225806451613E-2,6.451612903226E-2,9.677419354839E-2,1.290322580645E-1,
1.612903225806E-1,1.935483870968E-1,2.258064516129E-1,2.580645161290E-1,
2.903225806452E-1,3.225806451613E-1,3.548387096774E-1,3.870967741935E-1,
4.193548387097E-1,4.516129032258E-1,4.838709677419E-1,5.161290322581E-1,
5.483870967742E-1,5.806451612903E-1,6.129032258065E-1,6.451612903226E-1,
6.774193548387E-1,7.096774193548E-1,7.419354838710E-1,7.741935483871E-1,
8.064516129032E-1,8.387096774194E-1,8.709677419355E-1,9.032258064516E-1,
9.354838709677E-1,9.677419354839E-1,1.E0),.UNSPECIFIED.);
#373=CIRCLE('',#372,2.599981639916E1);
#382=CIRCLE('',#381,2.599981697375E1);
#395=CIRCLE('',#394,1.E-1);
#400=B_SPLINE_CURVE_WITH_KNOTS('',3,(#396,#397,#398,#399),.UNSPECIFIED.,.F.,.F.,
(4,4),(0.E0,1.E0),.UNSPECIFIED.);
#438=B_SPLINE_CURVE_WITH_KNOTS('',3,(#434,#435,#436,#437),.UNSPECIFIED.,.F.,.F.,
(4,4),(0.E0,1.E0),.UNSPECIFIED.);
#442=EDGE_CURVE('',#421,#422,#14,.T.);
#444=EDGE_CURVE('',#414,#422,#5,.T.);
#446=EDGE_CURVE('',#410,#414,#191,.T.);
#448=EDGE_CURVE('',#410,#421,#10,.T.);
#459=EDGE_CURVE('',#431,#421,#22,.T.);
#461=EDGE_CURVE('',#433,#431,#377,.T.);
#463=EDGE_CURVE('',#433,#422,#18,.T.);
#473=EDGE_CURVE('',#421,#423,#57,.T.);
#475=EDGE_CURVE('',#428,#423,#408,.T.);
#477=EDGE_CURVE('',#428,#431,#382,.T.);
#574=EDGE_CURVE('',#409,#410,#122,.T.);
#576=EDGE_CURVE('',#423,#409,#62,.T.);
#827=EDGE_CURVE('',#410,#412,#200,.T.);
#829=EDGE_CURVE('',#411,#412,#182,.T.);
#831=EDGE_CURVE('',#409,#411,#187,.T.);
#842=EDGE_CURVE('',#414,#416,#325,.T.);
#844=EDGE_CURVE('',#412,#416,#195,.T.);
#1095=EDGE_CURVE('',#414,#417,#260,.T.);
#1097=EDGE_CURVE('',#417,#418,#395,.T.);
#1099=EDGE_CURVE('',#416,#418,#320,.T.);
#1194=EDGE_CURVE('',#425,#422,#360,.T.);
#1196=EDGE_CURVE('',#417,#425,#400,.T.);
#1210=EDGE_CURVE('',#433,#429,#373,.T.);
#1212=EDGE_CURVE('',#429,#425,#364,.T.);
#1225=EDGE_CURVE('',#418,#411,#390,.T.);
#1229=EDGE_CURVE('',#428,#429,#368,.T.);
#1242=EDGE_CURVE('',#417,#409,#386,.T.);
#1254=B_SPLINE_CURVE_WITH_KNOTS('',3,(#1250,#1251,#1252,#1253),.UNSPECIFIED.,
.F.,.F.,(4,4),(0.E0,1.E0),.UNSPECIFIED.);
#1258=EDGE_CURVE('',#425,#423,#404,.T.);
#1286=B_SPLINE_CURVE_WITH_KNOTS('',3,(#1279,#1280,#1281,#1282,#1283,#1284,
#1285),.UNSPECIFIED.,.F.,.F.,(4,1,1,1,4),(0.E0,2.06915E-1,4.48429E-1,7.60107E-1,
1.E0),.UNSPECIFIED.);
#1294=B_SPLINE_CURVE_WITH_KNOTS('',3,(#1287,#1288,#1289,#1290,#1291,#1292,
#1293),.UNSPECIFIED.,.F.,.F.,(4,1,1,1,4),(0.E0,2.39893E-1,5.51571E-1,7.93085E-1,
1.E0),.UNSPECIFIED.);
#1302=B_SPLINE_CURVE_WITH_KNOTS('',3,(#1295,#1296,#1297,#1298,#1299,#1300,
#1301),.UNSPECIFIED.,.F.,.F.,(4,1,1,1,4),(0.E0,2.39893E-1,5.51571E-1,7.93085E-1,
1.E0),.UNSPECIFIED.);
#1307=B_SPLINE_CURVE_WITH_KNOTS('',3,(#1303,#1304,#1305,#1306),.UNSPECIFIED.,
.F.,.F.,(4,4),(0.E0,1.E0),.UNSPECIFIED.);
#1315=B_SPLINE_CURVE_WITH_KNOTS('',3,(#1308,#1309,#1310,#1311,#1312,#1313,
#1314),.UNSPECIFIED.,.F.,.F.,(4,1,1,1,4),(0.E0,2.06915E-1,4.48429E-1,7.60107E-1,
1.E0),.UNSPECIFIED.);
#1320=B_SPLINE_CURVE_WITH_KNOTS('',3,(#1316,#1317,#1318,#1319),.UNSPECIFIED.,
.F.,.F.,(4,4),(0.E0,1.E0),.UNSPECIFIED.);
#1354=EDGE_CURVE('',#1324,#1323,#1286,.T.);
#1356=EDGE_CURVE('',#1322,#1323,#1320,.T.);
#1358=EDGE_CURVE('',#1322,#1321,#1294,.T.);
#1360=EDGE_CURVE('',#1324,#1321,#1307,.T.);
#1394=EDGE_CURVE('',#1323,#1324,#1302,.T.);
#1397=EDGE_CURVE('',#1321,#1322,#1315,.T.);
#1414=ADVANCED_BREP_SHAPE_REPRESENTATION('',(#1404),#1413);
#1415=MANIFOLD_SURFACE_SHAPE_REPRESENTATION('',(#1405),#1413);
#1419=AXIS2_PLACEMENT_3D('',#1416,#1417,#1418);
#1420=SHAPE_REPRESENTATION('',(#1419),#1413);
#1429=PRODUCT_DEFINITION('design','',#1428,#1425);
#1430=PRODUCT_DEFINITION_SHAPE('','SHAPE FOR ID-GTC-REAR-RING_PRT.',#1429);
#1431=SHAPE_DEFINITION_REPRESENTATION(#1430,#1420);
ENDSEC;
END-ISO-10303-21;
