ISO-10303-21;
HEADER;
FILE_DESCRIPTION((''),'2;1');
FILE_NAME('SPEAKER-AAC_PRT','2008-06-30T',('GRA'),(''),
'PRO/ENGINEER BY PARAMETRIC TECHNOLOGY CORPORATION, 2006170',
'PRO/ENGINEER BY PARAMETRIC TECHNOLOGY CORPORATION, 2006170','');
FILE_SCHEMA(('CONFIG_CONTROL_DESIGN'));
ENDSEC;
DATA;
#1=DIRECTION('',(0.E0,0.E0,-1.E0));
#2=VECTOR('',#1,1.E0);
#3=CARTESIAN_POINT('',(-7.5E0,1.5E0,5.E-1));
#4=LINE('',#3,#2);
#5=DIRECTION('',(0.E0,1.E0,0.E0));
#6=VECTOR('',#5,1.E0);
#7=CARTESIAN_POINT('',(-7.5E0,5.E-1,5.E-1));
#8=LINE('',#7,#6);
#9=DIRECTION('',(7.071067811868E-1,0.E0,7.071067811863E-1));
#10=VECTOR('',#9,6.012709268226E-1);
#11=CARTESIAN_POINT('',(-5.292241504725E0,1.5E0,-5.999348285911E0));
#12=LINE('',#11,#10);
#13=DIRECTION('',(-1.E0,0.E0,0.E0));
#14=VECTOR('',#13,1.E0);
#15=CARTESIAN_POINT('',(-7.5E0,1.5E0,-5.E-1));
#16=LINE('',#15,#14);
#17=DIRECTION('',(-2.486899575160E-14,-1.E0,0.E0));
#18=VECTOR('',#17,1.E0);
#19=CARTESIAN_POINT('',(-8.5E0,1.5E0,-5.E-1));
#20=LINE('',#19,#18);
#21=DIRECTION('',(0.E0,1.E0,0.E0));
#22=VECTOR('',#21,1.E0);
#23=CARTESIAN_POINT('',(-7.5E0,5.E-1,-5.E-1));
#24=LINE('',#23,#22);
#25=DIRECTION('',(0.E0,0.E0,1.E0));
#26=VECTOR('',#25,1.E0);
#27=CARTESIAN_POINT('',(-8.5E0,1.5E0,-5.E-1));
#28=LINE('',#27,#26);
#29=DIRECTION('',(-8.715574274769E-2,-9.961946980917E-1,0.E0));
#30=VECTOR('',#29,8.532468619118E-1);
#31=CARTESIAN_POINT('',(-8.425634636003E0,2.35E0,4.55E0));
#32=LINE('',#31,#30);
#33=DIRECTION('',(0.E0,0.E0,-1.E0));
#34=VECTOR('',#33,4.05E0);
#35=CARTESIAN_POINT('',(-8.5E0,1.5E0,4.55E0));
#36=LINE('',#35,#34);
#37=DIRECTION('',(0.E0,0.E0,-1.E0));
#38=VECTOR('',#37,4.05E0);
#39=CARTESIAN_POINT('',(-8.5E0,1.5E0,-5.E-1));
#40=LINE('',#39,#38);
#41=DIRECTION('',(-8.715574274769E-2,-9.961946980917E-1,0.E0));
#42=VECTOR('',#41,8.532468619118E-1);
#43=CARTESIAN_POINT('',(-8.425634636003E0,2.35E0,-4.55E0));
#44=LINE('',#43,#42);
#45=DIRECTION('',(1.E0,0.E0,-1.942974879387E-14));
#46=VECTOR('',#45,1.919916413905E0);
#47=CARTESIAN_POINT('',(-8.5E0,1.5E0,-4.55E0));
#48=LINE('',#47,#46);
#49=DIRECTION('',(7.627885251542E-14,1.E0,0.E0));
#50=VECTOR('',#49,8.5E-1);
#51=CARTESIAN_POINT('',(-6.580083586095E0,1.5E0,-4.55E0));
#52=LINE('',#51,#50);
#53=CARTESIAN_POINT('',(0.E0,1.5E0,0.E0));
#54=DIRECTION('',(0.E0,-1.E0,0.E0));
#55=DIRECTION('',(-8.225104482619E-1,0.E0,-5.6875E-1));
#56=AXIS2_PLACEMENT_3D('',#53,#54,#55);
#58=DIRECTION('',(-2.423458259467E-13,1.E0,-7.105427357601E-14));
#59=VECTOR('',#58,7.E-1);
#60=CARTESIAN_POINT('',(-5.574185536225E0,2.75E0,-4.867078755038E0));
#61=LINE('',#60,#59);
#62=DIRECTION('',(-7.071067811861E-1,0.E0,-7.071067811870E-1));
#63=VECTOR('',#62,4.509714654468E-1);
#64=CARTESIAN_POINT('',(-5.574185536225E0,3.45E0,-4.867078755038E0));
#65=LINE('',#64,#63);
#66=DIRECTION('',(-9.366245153201E-14,-1.E0,9.769962616701E-14));
#67=VECTOR('',#66,1.1E0);
#68=CARTESIAN_POINT('',(-5.893070517564E0,3.45E0,-5.185963736377E0));
#69=LINE('',#68,#67);
#70=DIRECTION('',(-7.071067811858E-1,0.E0,-7.071067811873E-1));
#71=VECTOR('',#70,1.502994613758E-1);
#72=CARTESIAN_POINT('',(-5.893070517564E0,2.35E0,-5.185963736377E0));
#73=LINE('',#72,#71);
#74=DIRECTION('',(7.732376830331E-14,-1.E0,-7.732376830331E-14));
#75=VECTOR('',#74,8.5E-1);
#76=CARTESIAN_POINT('',(-5.999348285911E0,2.35E0,-5.292241504725E0));
#77=LINE('',#76,#75);
#78=DIRECTION('',(7.071067811861E-1,0.E0,7.071067811870E-1));
#79=VECTOR('',#78,6.012709268227E-1);
#80=CARTESIAN_POINT('',(-5.999348285911E0,1.5E0,-5.292241504725E0));
#81=LINE('',#80,#79);
#82=DIRECTION('',(4.831690603169E-13,1.E0,-4.352074256531E-13));
#83=VECTOR('',#82,5.E-1);
#84=CARTESIAN_POINT('',(-5.469657145544E0,2.25E0,-4.040154787902E0));
#85=LINE('',#84,#83);
#86=DIRECTION('',(-1.243449787580E-13,-1.E0,3.375077994860E-13));
#87=VECTOR('',#86,1.E-1);
#88=CARTESIAN_POINT('',(-5.528009883791E0,2.75E0,-4.820903102605E0));
#89=LINE('',#88,#87);
#90=CARTESIAN_POINT('',(-5.952273952503E0,2.25E0,-4.396639033893E0));
#91=DIRECTION('',(0.E0,-1.E0,0.E0));
#92=DIRECTION('',(9.303166487994E-1,0.E0,-3.667573216265E-1));
#93=AXIS2_PLACEMENT_3D('',#90,#91,#92);
#95=DIRECTION('',(2.842170943040E-14,1.E0,-2.131628207280E-14));
#96=VECTOR('',#95,5.E-1);
#97=CARTESIAN_POINT('',(-4.040154787902E0,2.25E0,-5.469657145543E0));
#98=LINE('',#97,#96);
#99=CARTESIAN_POINT('',(0.E0,2.25E0,0.E0));
#100=DIRECTION('',(0.E0,-1.E0,0.E0));
#101=DIRECTION('',(1.045284632677E-1,0.E0,-9.945218953683E-1));
#102=AXIS2_PLACEMENT_3D('',#99,#100,#101);
#104=CARTESIAN_POINT('',(0.E0,2.25E0,0.E0));
#105=DIRECTION('',(0.E0,-1.E0,0.E0));
#106=DIRECTION('',(6.946583704590E-1,0.E0,-7.193398003387E-1));
#107=AXIS2_PLACEMENT_3D('',#104,#105,#106);
#109=CARTESIAN_POINT('',(0.E0,2.25E0,0.E0));
#110=DIRECTION('',(0.E0,-1.E0,0.E0));
#111=DIRECTION('',(-1.045284632677E-1,0.E0,9.945218953683E-1));
#112=AXIS2_PLACEMENT_3D('',#109,#110,#111);
#114=CARTESIAN_POINT('',(0.E0,2.25E0,0.E0));
#115=DIRECTION('',(0.E0,-1.E0,0.E0));
#116=DIRECTION('',(-6.946583704590E-1,0.E0,7.193398003387E-1));
#117=AXIS2_PLACEMENT_3D('',#114,#115,#116);
#119=CARTESIAN_POINT('',(0.E0,2.25E0,0.E0));
#120=DIRECTION('',(0.E0,-1.E0,0.E0));
#121=DIRECTION('',(-8.225104482619E-1,0.E0,-5.6875E-1));
#122=AXIS2_PLACEMENT_3D('',#119,#120,#121);
#124=CARTESIAN_POINT('',(-4.396639033893E0,2.25E0,-5.952273952503E0));
#125=DIRECTION('',(0.E0,1.E0,0.E0));
#126=DIRECTION('',(-3.667573216266E-1,0.E0,9.303166487994E-1));
#127=AXIS2_PLACEMENT_3D('',#124,#125,#126);
#129=CARTESIAN_POINT('',(0.E0,2.25E0,0.E0));
#130=DIRECTION('',(0.E0,-1.E0,0.E0));
#131=DIRECTION('',(-5.941404099856E-1,0.E0,-8.043613449329E-1));
#132=AXIS2_PLACEMENT_3D('',#129,#130,#131);
#134=CARTESIAN_POINT('',(-1.946807064562E0,2.25E0,-5.991656052659E0));
#135=DIRECTION('',(0.E0,-1.E0,0.E0));
#136=DIRECTION('',(3.090169943749E-1,0.E0,9.510565162952E-1));
#137=AXIS2_PLACEMENT_3D('',#134,#135,#136);
#139=DIRECTION('',(1.527666881884E-13,-1.E0,-4.855375361027E-14));
#140=VECTOR('',#139,7.5E-1);
#141=CARTESIAN_POINT('',(-2.101315561750E0,2.25E0,-6.467184310807E0));
#142=LINE('',#141,#140);
#143=CARTESIAN_POINT('',(-1.946807064562E0,1.5E0,-5.991656052659E0));
#144=DIRECTION('',(0.E0,-1.E0,0.E0));
#145=DIRECTION('',(3.090169943749E-1,0.E0,9.510565162952E-1));
#146=AXIS2_PLACEMENT_3D('',#143,#144,#145);
#148=CARTESIAN_POINT('',(0.E0,1.5E0,0.E0));
#149=DIRECTION('',(0.E0,-1.E0,0.E0));
#150=DIRECTION('',(-3.090169943749E-1,0.E0,-9.510565162952E-1));
#151=AXIS2_PLACEMENT_3D('',#148,#149,#150);
#153=CARTESIAN_POINT('',(0.E0,1.5E0,0.E0));
#154=DIRECTION('',(0.E0,-1.E0,0.E0));
#155=DIRECTION('',(3.420201433257E-1,0.E0,-9.396926207859E-1));
#156=AXIS2_PLACEMENT_3D('',#153,#154,#155);
#158=CARTESIAN_POINT('',(0.E0,1.5E0,0.E0));
#159=DIRECTION('',(0.E0,-1.E0,0.E0));
#160=DIRECTION('',(-3.420201433257E-1,0.E0,9.396926207859E-1));
#161=AXIS2_PLACEMENT_3D('',#158,#159,#160);
#163=CARTESIAN_POINT('',(0.E0,1.5E0,0.E0));
#164=DIRECTION('',(0.E0,-1.E0,0.E0));
#165=DIRECTION('',(3.090169943749E-1,0.E0,9.510565162952E-1));
#166=AXIS2_PLACEMENT_3D('',#163,#164,#165);
#168=DIRECTION('',(8.225104482620E-1,0.E0,-5.687499999999E-1));
#169=VECTOR('',#168,2.705109637486E0);
#170=CARTESIAN_POINT('',(-6.344353334486E0,1.5E0,4.873313120167E0));
#171=LINE('',#170,#169);
#172=DIRECTION('',(2.331468351713E-13,1.E0,3.197442310920E-13));
#173=VECTOR('',#172,4.E-1);
#174=CARTESIAN_POINT('',(-4.119372393960E0,1.1E0,3.334782013847E0));
#175=LINE('',#174,#173);
#176=CARTESIAN_POINT('',(0.E0,1.5E0,0.E0));
#177=DIRECTION('',(0.E0,1.E0,0.E0));
#178=DIRECTION('',(-7.772400743321E-1,0.E0,6.292041535561E-1));
#179=AXIS2_PLACEMENT_3D('',#176,#177,#178);
#181=CARTESIAN_POINT('',(0.E0,1.5E0,0.E0));
#182=DIRECTION('',(0.E0,1.E0,0.E0));
#183=DIRECTION('',(-1.E0,0.E0,0.E0));
#184=AXIS2_PLACEMENT_3D('',#181,#182,#183);
#186=CARTESIAN_POINT('',(0.E0,1.1E0,0.E0));
#187=DIRECTION('',(0.E0,-1.E0,0.E0));
#188=DIRECTION('',(-7.772400743321E-1,0.E0,6.292041535560E-1));
#189=AXIS2_PLACEMENT_3D('',#186,#187,#188);
#191=DIRECTION('',(8.225104482619E-1,0.E0,-5.6875E-1));
#192=VECTOR('',#191,2.705109637486E0);
#193=CARTESIAN_POINT('',(-6.344353334486E0,1.1E0,4.873313120167E0));
#194=LINE('',#193,#192);
#195=DIRECTION('',(-8.225104482619E-1,0.E0,5.6875E-1));
#196=VECTOR('',#195,2.7E0);
#197=CARTESIAN_POINT('',(-4.359305375788E0,1.5E0,3.014375E0));
#198=LINE('',#197,#196);
#199=DIRECTION('',(8.225104482619E-1,0.E0,-5.6875E-1));
#200=VECTOR('',#199,2.7E0);
#201=CARTESIAN_POINT('',(-6.580083586095E0,1.1E0,4.55E0));
#202=LINE('',#201,#200);
#203=DIRECTION('',(-1.909583602355E-13,1.E0,2.886579864025E-14));
#204=VECTOR('',#203,4.E-1);
#205=CARTESIAN_POINT('',(-4.359305375788E0,1.1E0,3.014375E0));
#206=LINE('',#205,#204);
#207=DIRECTION('',(7.836868409119E-14,-1.E0,-7.627885251542E-14));
#208=VECTOR('',#207,8.5E-1);
#209=CARTESIAN_POINT('',(-5.292241504725E0,2.35E0,-5.999348285911E0));
#210=LINE('',#209,#208);
#211=CARTESIAN_POINT('',(0.E0,1.5E0,0.E0));
#212=DIRECTION('',(0.E0,-1.E0,0.E0));
#213=DIRECTION('',(-6.615301880906E-1,0.E0,-7.499185357389E-1));
#214=AXIS2_PLACEMENT_3D('',#211,#212,#213);
#216=CARTESIAN_POINT('',(0.E0,1.1E0,0.E0));
#217=DIRECTION('',(0.E0,-1.E0,0.E0));
#218=DIRECTION('',(-5.426758790752E-1,0.E0,-8.399421946003E-1));
#219=AXIS2_PLACEMENT_3D('',#216,#217,#218);
#221=CARTESIAN_POINT('',(0.E0,1.5E0,0.E0));
#222=DIRECTION('',(0.E0,-1.E0,0.E0));
#223=DIRECTION('',(-5.E-1,0.E0,-8.660254037844E-1));
#224=AXIS2_PLACEMENT_3D('',#221,#222,#223);
#226=DIRECTION('',(-7.105427357601E-14,-1.E0,5.062616992291E-13));
#227=VECTOR('',#226,4.E-1);
#228=CARTESIAN_POINT('',(-6.344353334486E0,1.5E0,4.873313120167E0));
#229=LINE('',#228,#227);
#230=CARTESIAN_POINT('',(0.E0,1.1E0,0.E0));
#231=DIRECTION('',(0.E0,-1.E0,0.E0));
#232=DIRECTION('',(-7.930441668108E-1,0.E0,6.091641400209E-1));
#233=AXIS2_PLACEMENT_3D('',#230,#231,#232);
#235=DIRECTION('',(0.E0,1.E0,-7.327471962526E-14));
#236=VECTOR('',#235,4.E-1);
#237=CARTESIAN_POINT('',(-6.580083586095E0,1.1E0,4.55E0));
#238=LINE('',#237,#236);
#239=DIRECTION('',(-2.030122102172E-14,-1.E0,-2.880235732456E-13));
#240=VECTOR('',#239,7.E-1);
#241=CARTESIAN_POINT('',(-4.867078755038E0,3.45E0,-5.574185536225E0));
#242=LINE('',#241,#240);
#243=DIRECTION('',(1.421085471520E-13,1.E0,-3.286260152890E-13));
#244=VECTOR('',#243,1.E-1);
#245=CARTESIAN_POINT('',(-4.820903102605E0,2.65E0,-5.528009883791E0));
#246=LINE('',#245,#244);
#247=CARTESIAN_POINT('',(0.E0,2.25E0,0.E0));
#248=DIRECTION('',(0.E0,1.E0,0.E0));
#249=DIRECTION('',(-6.502385108266E-1,0.E0,-7.597301356653E-1));
#250=AXIS2_PLACEMENT_3D('',#247,#248,#249);
#252=DIRECTION('',(-1.820765760385E-13,1.E0,3.885780586188E-13));
#253=VECTOR('',#252,4.E-1);
#254=CARTESIAN_POINT('',(-5.394083963224E0,2.25E0,-4.616693426869E0));
#255=LINE('',#254,#253);
#256=CARTESIAN_POINT('',(0.E0,2.65E0,0.E0));
#257=DIRECTION('',(0.E0,-1.E0,0.E0));
#258=DIRECTION('',(-7.597301356653E-1,0.E0,-6.502385108266E-1));
#259=AXIS2_PLACEMENT_3D('',#256,#257,#258);
#261=DIRECTION('',(2.264854970235E-13,-1.E0,8.881784197001E-14));
#262=VECTOR('',#261,4.E-1);
#263=CARTESIAN_POINT('',(-4.616693426869E0,2.65E0,-5.394083963224E0));
#264=LINE('',#263,#262);
#265=CARTESIAN_POINT('',(-5.952273952503E0,2.65E0,-4.396639033893E0));
#266=DIRECTION('',(0.E0,1.E0,0.E0));
#267=DIRECTION('',(9.303166487995E-1,0.E0,-3.667573216264E-1));
#268=AXIS2_PLACEMENT_3D('',#265,#266,#267);
#270=DIRECTION('',(-7.071067811905E-1,0.E0,-7.071067811826E-1));
#271=VECTOR('',#270,6.530223392285E-2);
#272=CARTESIAN_POINT('',(-5.528009883791E0,2.65E0,-4.820903102605E0));
#273=LINE('',#272,#271);
#274=DIRECTION('',(7.071067811842E-1,0.E0,7.071067811889E-1));
#275=VECTOR('',#274,6.530223392269E-2);
#276=CARTESIAN_POINT('',(-4.867078755038E0,2.65E0,-5.574185536225E0));
#277=LINE('',#276,#275);
#278=CARTESIAN_POINT('',(-4.396639033893E0,2.65E0,-5.952273952503E0));
#279=DIRECTION('',(0.E0,1.E0,0.E0));
#280=DIRECTION('',(-7.071067811865E-1,0.E0,7.071067811865E-1));
#281=AXIS2_PLACEMENT_3D('',#278,#279,#280);
#283=CARTESIAN_POINT('',(0.E0,2.65E0,0.E0));
#284=DIRECTION('',(0.E0,1.E0,0.E0));
#285=DIRECTION('',(-6.577133452754E-1,0.E0,-7.532683157060E-1));
#286=AXIS2_PLACEMENT_3D('',#283,#284,#285);
#288=DIRECTION('',(8.418386760636E-14,-1.E0,1.119877137883E-13));
#289=VECTOR('',#288,1.15E0);
#290=CARTESIAN_POINT('',(-5.574185536225E0,2.65E0,-4.867078755038E0));
#291=LINE('',#290,#289);
#292=CARTESIAN_POINT('',(0.E0,1.5E0,0.E0));
#293=DIRECTION('',(0.E0,-1.E0,0.E0));
#294=DIRECTION('',(-7.532683157061E-1,0.E0,-6.577133452754E-1));
#295=AXIS2_PLACEMENT_3D('',#292,#293,#294);
#297=DIRECTION('',(1.390192309096E-14,1.E0,1.737740386370E-13));
#298=VECTOR('',#297,1.15E0);
#299=CARTESIAN_POINT('',(-4.867078755038E0,1.5E0,-5.574185536225E0));
#300=LINE('',#299,#298);
#301=CARTESIAN_POINT('',(-4.396639033893E0,2.75E0,-5.952273952503E0));
#302=DIRECTION('',(0.E0,-1.E0,0.E0));
#303=DIRECTION('',(5.941404099855E-1,0.E0,8.043613449329E-1));
#304=AXIS2_PLACEMENT_3D('',#301,#302,#303);
#306=DIRECTION('',(-7.071067811818E-1,0.E0,-7.071067811913E-1));
#307=VECTOR('',#306,6.530223392282E-2);
#308=CARTESIAN_POINT('',(-4.820903102605E0,2.75E0,-5.528009883791E0));
#309=LINE('',#308,#307);
#310=CARTESIAN_POINT('',(0.E0,2.75E0,0.E0));
#311=DIRECTION('',(0.E0,-1.E0,0.E0));
#312=DIRECTION('',(-6.577133452754E-1,0.E0,-7.532683157061E-1));
#313=AXIS2_PLACEMENT_3D('',#310,#311,#312);
#315=DIRECTION('',(7.071067811902E-1,0.E0,7.071067811829E-1));
#316=VECTOR('',#315,6.530223392268E-2);
#317=CARTESIAN_POINT('',(-5.574185536225E0,2.75E0,-4.867078755038E0));
#318=LINE('',#317,#316);
#319=CARTESIAN_POINT('',(-5.952273952503E0,2.75E0,-4.396639033893E0));
#320=DIRECTION('',(0.E0,-1.E0,0.E0));
#321=DIRECTION('',(7.071067811865E-1,0.E0,-7.071067811865E-1));
#322=AXIS2_PLACEMENT_3D('',#319,#320,#321);
#324=CARTESIAN_POINT('',(0.E0,2.75E0,0.E0));
#325=DIRECTION('',(0.E0,1.E0,0.E0));
#326=DIRECTION('',(-8.043613449329E-1,0.E0,-5.941404099856E-1));
#327=AXIS2_PLACEMENT_3D('',#324,#325,#326);
#329=CARTESIAN_POINT('',(0.E0,3.45E0,0.E0));
#330=DIRECTION('',(0.E0,-1.E0,0.E0));
#331=DIRECTION('',(-6.606323231054E-1,0.E0,-7.507096200718E-1));
#332=AXIS2_PLACEMENT_3D('',#329,#330,#331);
#334=DIRECTION('',(-1.E0,0.E0,-4.770883772903E-13));
#335=VECTOR('',#334,4.021194977435E-1);
#336=CARTESIAN_POINT('',(-6.783804242459E0,3.45E0,3.95E0));
#337=LINE('',#336,#335);
#338=DIRECTION('',(1.E0,0.E0,1.546119741219E-13));
#339=VECTOR('',#338,4.021194977432E-1);
#340=CARTESIAN_POINT('',(-7.185923740202E0,3.45E0,-3.95E0));
#341=LINE('',#340,#339);
#342=CARTESIAN_POINT('',(0.E0,3.45E0,0.E0));
#343=DIRECTION('',(0.E0,-1.E0,0.E0));
#344=DIRECTION('',(-8.641788843896E-1,0.E0,-5.031847133758E-1));
#345=AXIS2_PLACEMENT_3D('',#342,#343,#344);
#347=CARTESIAN_POINT('',(0.E0,3.45E0,0.E0));
#348=DIRECTION('',(0.E0,1.E0,0.E0));
#349=DIRECTION('',(-7.532683157061E-1,0.E0,-6.577133452754E-1));
#350=AXIS2_PLACEMENT_3D('',#347,#348,#349);
#352=DIRECTION('',(-7.071067811869E-1,0.E0,-7.071067811862E-1));
#353=VECTOR('',#352,4.509714654470E-1);
#354=CARTESIAN_POINT('',(-4.867078755038E0,3.45E0,-5.574185536225E0));
#355=LINE('',#354,#353);
#356=DIRECTION('',(1.291895883200E-13,-1.E0,-9.366245153201E-14));
#357=VECTOR('',#356,1.1E0);
#358=CARTESIAN_POINT('',(-5.185963736377E0,3.45E0,-5.893070517564E0));
#359=LINE('',#358,#357);
#360=CARTESIAN_POINT('',(0.E0,2.35E0,0.E0));
#361=DIRECTION('',(0.E0,-1.E0,0.E0));
#362=DIRECTION('',(-6.606323231054E-1,0.E0,-7.507096200718E-1));
#363=AXIS2_PLACEMENT_3D('',#360,#361,#362);
#365=DIRECTION('',(1.978215571150E-13,1.E0,1.534126361300E-14));
#366=VECTOR('',#365,1.1E0);
#367=CARTESIAN_POINT('',(-6.783804242459E0,2.35E0,3.95E0));
#368=LINE('',#367,#366);
#369=DIRECTION('',(-1.E0,0.E0,-2.021265877705E-14));
#370=VECTOR('',#369,1.845551049908E0);
#371=CARTESIAN_POINT('',(-6.580083586095E0,2.35E0,4.55E0));
#372=LINE('',#371,#370);
#373=DIRECTION('',(0.E0,0.E0,-1.E0));
#374=VECTOR('',#373,6.E-1);
#375=CARTESIAN_POINT('',(-8.425634636003E0,2.35E0,4.55E0));
#376=LINE('',#375,#374);
#377=DIRECTION('',(-7.071067811879E-1,0.E0,-7.071067811852E-1));
#378=VECTOR('',#377,1.502994613758E-1);
#379=CARTESIAN_POINT('',(-5.185963736377E0,2.35E0,-5.893070517564E0));
#380=LINE('',#379,#378);
#381=CARTESIAN_POINT('',(0.E0,2.35E0,0.E0));
#382=DIRECTION('',(0.E0,-1.E0,0.E0));
#383=DIRECTION('',(-6.615301880906E-1,0.E0,-7.499185357389E-1));
#384=AXIS2_PLACEMENT_3D('',#381,#382,#383);
#386=DIRECTION('',(2.821272627283E-14,-1.E0,0.E0));
#387=VECTOR('',#386,8.5E-1);
#388=CARTESIAN_POINT('',(-6.580083586095E0,2.35E0,4.55E0));
#389=LINE('',#388,#387);
#390=DIRECTION('',(-1.E0,0.E0,-2.266804025952E-14));
#391=VECTOR('',#390,1.919916413905E0);
#392=CARTESIAN_POINT('',(-6.580083586095E0,1.5E0,4.55E0));
#393=LINE('',#392,#391);
#394=DIRECTION('',(-1.E0,0.E0,-2.677793756775E-14));
#395=VECTOR('',#394,1.641830393544E0);
#396=CARTESIAN_POINT('',(-6.783804242459E0,2.35E0,3.95E0));
#397=LINE('',#396,#395);
#398=DIRECTION('',(8.715574274750E-2,9.961946980918E-1,0.E0));
#399=VECTOR('',#398,1.254774796929E0);
#400=CARTESIAN_POINT('',(-8.425634636003E0,2.35E0,3.95E0));
#401=LINE('',#400,#399);
#402=DIRECTION('',(-1.E0,-2.317977780525E-14,2.231544710743E-13));
#403=VECTOR('',#402,1.130350066393E0);
#404=CARTESIAN_POINT('',(-7.185923740202E0,3.6E0,3.95E0));
#405=LINE('',#404,#403);
#406=DIRECTION('',(0.E0,0.E0,-1.E0));
#407=VECTOR('',#406,7.9E0);
#408=CARTESIAN_POINT('',(-8.316273806596E0,3.6E0,3.95E0));
#409=LINE('',#408,#407);
#410=DIRECTION('',(-1.E0,-2.317977780525E-14,3.535898309275E-14));
#411=VECTOR('',#410,1.130350066394E0);
#412=CARTESIAN_POINT('',(-7.185923740202E0,3.6E0,-3.95E0));
#413=LINE('',#412,#411);
#414=DIRECTION('',(-8.715574274750E-2,-9.961946980918E-1,0.E0));
#415=VECTOR('',#414,1.254774796929E0);
#416=CARTESIAN_POINT('',(-8.316273806596E0,3.6E0,-3.95E0));
#417=LINE('',#416,#415);
#418=DIRECTION('',(1.E0,0.E0,2.596648491418E-14));
#419=VECTOR('',#418,1.641830393544E0);
#420=CARTESIAN_POINT('',(-8.425634636003E0,2.35E0,-3.95E0));
#421=LINE('',#420,#419);
#422=DIRECTION('',(1.E0,0.E0,-1.732513609461E-14));
#423=VECTOR('',#422,1.845551049908E0);
#424=CARTESIAN_POINT('',(-8.425634636003E0,2.35E0,-4.55E0));
#425=LINE('',#424,#423);
#426=CARTESIAN_POINT('',(0.E0,2.35E0,0.E0));
#427=DIRECTION('',(0.E0,-1.E0,0.E0));
#428=DIRECTION('',(-8.225104482619E-1,0.E0,-5.6875E-1));
#429=AXIS2_PLACEMENT_3D('',#426,#427,#428);
#431=DIRECTION('',(0.E0,0.E0,-1.E0));
#432=VECTOR('',#431,6.E-1);
#433=CARTESIAN_POINT('',(-8.425634636003E0,2.35E0,-3.95E0));
#434=LINE('',#433,#432);
#435=DIRECTION('',(1.501828964220E-13,-1.E0,6.863196879501E-14));
#436=VECTOR('',#435,1.1E0);
#437=CARTESIAN_POINT('',(-6.783804242459E0,3.45E0,-3.95E0));
#438=LINE('',#437,#436);
#439=CARTESIAN_POINT('',(0.E0,2.35E0,0.E0));
#440=DIRECTION('',(0.E0,-1.E0,0.E0));
#441=DIRECTION('',(-8.641788843896E-1,0.E0,-5.031847133758E-1));
#442=AXIS2_PLACEMENT_3D('',#439,#440,#441);
#444=CARTESIAN_POINT('',(0.E0,3.6E0,0.E0));
#445=DIRECTION('',(0.E0,-1.E0,0.E0));
#446=DIRECTION('',(-8.763321634393E-1,0.E0,4.817073170731E-1));
#447=AXIS2_PLACEMENT_3D('',#444,#445,#446);
#449=DIRECTION('',(-6.750155989721E-13,-1.E0,-3.671137468094E-13));
#450=VECTOR('',#449,1.5E-1);
#451=CARTESIAN_POINT('',(-7.185923740202E0,3.6E0,-3.95E0));
#452=LINE('',#451,#450);
#453=CARTESIAN_POINT('',(0.E0,3.45E0,0.E0));
#454=DIRECTION('',(0.E0,1.E0,0.E0));
#455=DIRECTION('',(-8.763321634393E-1,0.E0,-4.817073170732E-1));
#456=AXIS2_PLACEMENT_3D('',#453,#454,#455);
#458=DIRECTION('',(-8.348877145181E-13,1.E0,-7.963999829978E-13));
#459=VECTOR('',#458,1.5E-1);
#460=CARTESIAN_POINT('',(-7.185923740202E0,3.45E0,3.95E0));
#461=LINE('',#460,#459);
#462=DIRECTION('',(5.E-1,0.E0,8.660254037845E-1));
#463=VECTOR('',#462,2.705109637485E0);
#464=CARTESIAN_POINT('',(-4.341407032601E0,1.5E0,-6.719537556802E0));
#465=LINE('',#464,#463);
#466=DIRECTION('',(-5.E-1,0.E0,-8.660254037845E-1));
#467=VECTOR('',#466,2.705109637485E0);
#468=CARTESIAN_POINT('',(-2.988852213859E0,1.1E0,-4.376843890718E0));
#469=LINE('',#468,#467);
#470=DIRECTION('',(1.421085471520E-13,1.E0,5.639932965096E-13));
#471=VECTOR('',#470,4.E-1);
#472=CARTESIAN_POINT('',(-4.341407032601E0,1.1E0,-6.719537556802E0));
#473=LINE('',#472,#471);
#474=CARTESIAN_POINT('',(0.E0,1.1E0,0.E0));
#475=DIRECTION('',(0.E0,1.E0,0.E0));
#476=DIRECTION('',(-5.E-1,0.E0,-8.660254037844E-1));
#477=AXIS2_PLACEMENT_3D('',#474,#475,#476);
#479=DIRECTION('',(-1.565414464721E-13,1.E0,1.088018564133E-13));
#480=VECTOR('',#479,4.E-1);
#481=CARTESIAN_POINT('',(-2.988852213859E0,1.1E0,-4.376843890718E0));
#482=LINE('',#481,#480);
#483=CARTESIAN_POINT('',(0.E0,1.5E0,0.E0));
#484=DIRECTION('',(0.E0,1.E0,0.E0));
#485=DIRECTION('',(-5.639343799733E-1,0.E0,-8.258196020222E-1));
#486=AXIS2_PLACEMENT_3D('',#483,#484,#485);
#488=DIRECTION('',(0.E0,-1.E0,1.085551401856E-14));
#489=VECTOR('',#488,1.5E0);
#490=CARTESIAN_POINT('',(-5.3E0,1.5E0,-1.585057678282E-14));
#491=LINE('',#490,#489);
#492=DIRECTION('',(0.E0,1.E0,0.E0));
#493=VECTOR('',#492,1.5E0);
#494=CARTESIAN_POINT('',(5.3E0,0.E0,0.E0));
#495=LINE('',#494,#493);
#496=CARTESIAN_POINT('',(0.E0,1.5E0,0.E0));
#497=DIRECTION('',(0.E0,1.E0,0.E0));
#498=DIRECTION('',(1.E0,0.E0,0.E0));
#499=AXIS2_PLACEMENT_3D('',#496,#497,#498);
#501=DIRECTION('',(-5.E-1,0.E0,-8.660254037844E-1));
#502=VECTOR('',#501,2.7E0);
#503=CARTESIAN_POINT('',(-2.65E0,1.5E0,-4.589934640058E0));
#504=LINE('',#503,#502);
#505=DIRECTION('',(-3.130828929443E-13,-1.E0,-4.862776847858E-13));
#506=VECTOR('',#505,4.E-1);
#507=CARTESIAN_POINT('',(-4.E0,1.5E0,-6.928203230276E0));
#508=LINE('',#507,#506);
#509=DIRECTION('',(5.E-1,0.E0,8.660254037845E-1));
#510=VECTOR('',#509,2.7E0);
#511=CARTESIAN_POINT('',(-4.E0,1.1E0,-6.928203230276E0));
#512=LINE('',#511,#510);
#513=DIRECTION('',(1.687538997430E-13,1.E0,-5.595524044111E-13));
#514=VECTOR('',#513,4.E-1);
#515=CARTESIAN_POINT('',(-2.65E0,1.1E0,-4.589934640058E0));
#516=LINE('',#515,#514);
#517=CARTESIAN_POINT('',(0.E0,0.E0,0.E0));
#518=DIRECTION('',(0.E0,1.E0,0.E0));
#519=DIRECTION('',(-1.E0,0.E0,0.E0));
#520=AXIS2_PLACEMENT_3D('',#517,#518,#519);
#522=CARTESIAN_POINT('',(0.E0,0.E0,0.E0));
#523=DIRECTION('',(0.E0,1.E0,0.E0));
#524=DIRECTION('',(1.E0,0.E0,0.E0));
#525=AXIS2_PLACEMENT_3D('',#522,#523,#524);
#527=CARTESIAN_POINT('',(0.E0,0.E0,0.E0));
#528=DIRECTION('',(0.E0,1.E0,0.E0));
#529=DIRECTION('',(-1.E0,0.E0,0.E0));
#530=AXIS2_PLACEMENT_3D('',#527,#528,#529);
#532=CARTESIAN_POINT('',(0.E0,0.E0,0.E0));
#533=DIRECTION('',(0.E0,1.E0,0.E0));
#534=DIRECTION('',(1.E0,0.E0,0.E0));
#535=AXIS2_PLACEMENT_3D('',#532,#533,#534);
#537=DIRECTION('',(0.E0,1.E0,0.E0));
#538=VECTOR('',#537,1.81E0);
#539=CARTESIAN_POINT('',(-5.025E0,0.E0,0.E0));
#540=LINE('',#539,#538);
#541=DIRECTION('',(0.E0,-1.E0,0.E0));
#542=VECTOR('',#541,1.81E0);
#543=CARTESIAN_POINT('',(5.025E0,1.81E0,0.E0));
#544=LINE('',#543,#542);
#545=CARTESIAN_POINT('',(0.E0,1.81E0,0.E0));
#546=DIRECTION('',(0.E0,1.E0,0.E0));
#547=DIRECTION('',(1.E0,0.E0,0.E0));
#548=AXIS2_PLACEMENT_3D('',#545,#546,#547);
#550=CARTESIAN_POINT('',(0.E0,1.81E0,0.E0));
#551=DIRECTION('',(0.E0,1.E0,0.E0));
#552=DIRECTION('',(-1.E0,0.E0,0.E0));
#553=AXIS2_PLACEMENT_3D('',#550,#551,#552);
#555=CARTESIAN_POINT('',(0.E0,1.81E0,0.E0));
#556=DIRECTION('',(0.E0,1.E0,0.E0));
#557=DIRECTION('',(-1.E0,0.E0,0.E0));
#558=AXIS2_PLACEMENT_3D('',#555,#556,#557);
#560=DIRECTION('',(0.E0,-1.E0,0.E0));
#561=VECTOR('',#560,2.5E-1);
#562=CARTESIAN_POINT('',(5.3E0,2.06E0,0.E0));
#563=LINE('',#562,#561);
#564=CARTESIAN_POINT('',(0.E0,1.81E0,0.E0));
#565=DIRECTION('',(0.E0,1.E0,0.E0));
#566=DIRECTION('',(1.E0,0.E0,0.E0));
#567=AXIS2_PLACEMENT_3D('',#564,#565,#566);
#569=DIRECTION('',(0.E0,1.E0,0.E0));
#570=VECTOR('',#569,2.5E-1);
#571=CARTESIAN_POINT('',(-5.3E0,1.81E0,0.E0));
#572=LINE('',#571,#570);
#573=CARTESIAN_POINT('',(0.E0,2.06E0,0.E0));
#574=DIRECTION('',(0.E0,1.E0,0.E0));
#575=DIRECTION('',(1.E0,0.E0,0.E0));
#576=AXIS2_PLACEMENT_3D('',#573,#574,#575);
#578=CARTESIAN_POINT('',(0.E0,2.06E0,0.E0));
#579=DIRECTION('',(0.E0,1.E0,0.E0));
#580=DIRECTION('',(-1.E0,0.E0,0.E0));
#581=AXIS2_PLACEMENT_3D('',#578,#579,#580);
#583=CARTESIAN_POINT('',(0.E0,2.25E0,0.E0));
#584=DIRECTION('',(0.E0,-1.E0,0.E0));
#585=DIRECTION('',(1.E0,0.E0,0.E0));
#586=AXIS2_PLACEMENT_3D('',#583,#584,#585);
#588=CARTESIAN_POINT('',(0.E0,2.06E0,0.E0));
#589=DIRECTION('',(0.E0,1.E0,0.E0));
#590=DIRECTION('',(-1.E0,0.E0,0.E0));
#591=AXIS2_PLACEMENT_3D('',#588,#589,#590);
#593=CARTESIAN_POINT('',(0.E0,2.25E0,0.E0));
#594=DIRECTION('',(0.E0,-1.E0,0.E0));
#595=DIRECTION('',(-1.E0,0.E0,0.E0));
#596=AXIS2_PLACEMENT_3D('',#593,#594,#595);
#598=DIRECTION('',(0.E0,-1.E0,0.E0));
#599=VECTOR('',#598,1.9E-1);
#600=CARTESIAN_POINT('',(5.025E0,2.25E0,0.E0));
#601=LINE('',#600,#599);
#602=CARTESIAN_POINT('',(0.E0,2.06E0,0.E0));
#603=DIRECTION('',(0.E0,1.E0,0.E0));
#604=DIRECTION('',(1.E0,0.E0,0.E0));
#605=AXIS2_PLACEMENT_3D('',#602,#603,#604);
#607=DIRECTION('',(0.E0,1.E0,0.E0));
#608=VECTOR('',#607,1.9E-1);
#609=CARTESIAN_POINT('',(-5.025E0,2.06E0,0.E0));
#610=LINE('',#609,#608);
#611=CARTESIAN_POINT('',(6.585293185862E-1,2.25E0,-6.265487940820E0));
#612=DIRECTION('',(0.E0,-1.E0,0.E0));
#613=DIRECTION('',(1.045284632677E-1,0.E0,-9.945218953683E-1));
#614=AXIS2_PLACEMENT_3D('',#611,#612,#613);
#616=CARTESIAN_POINT('',(6.585293185862E-1,1.5E0,-6.265487940820E0));
#617=DIRECTION('',(0.E0,1.E0,0.E0));
#618=DIRECTION('',(-1.045284632677E-1,0.E0,9.945218953683E-1));
#619=AXIS2_PLACEMENT_3D('',#616,#617,#618);
#621=DIRECTION('',(1.003641614261E-13,1.E0,1.326346440086E-13));
#622=VECTOR('',#621,7.5E-1);
#623=CARTESIAN_POINT('',(7.107935502200E-1,1.5E0,-6.762748888504E0));
#624=LINE('',#623,#622);
#625=CARTESIAN_POINT('',(0.E0,2.25E0,0.E0));
#626=DIRECTION('',(0.E0,1.E0,0.E0));
#627=DIRECTION('',(1.045284632678E-1,0.E0,-9.945218953683E-1));
#628=AXIS2_PLACEMENT_3D('',#625,#626,#627);
#630=DIRECTION('',(-2.543150875075E-13,-1.E0,8.289665250535E-14));
#631=VECTOR('',#630,7.5E-1);
#632=CARTESIAN_POINT('',(-1.792298567374E0,2.25E0,-5.516127794512E0));
#633=LINE('',#632,#631);
#634=CARTESIAN_POINT('',(0.E0,1.5E0,0.E0));
#635=DIRECTION('',(0.E0,-1.E0,0.E0));
#636=DIRECTION('',(-3.090169943749E-1,0.E0,-9.510565162952E-1));
#637=AXIS2_PLACEMENT_3D('',#634,#635,#636);
#639=DIRECTION('',(2.941350866574E-13,1.E0,-9.592326932761E-14));
#640=VECTOR('',#639,7.5E-1);
#641=CARTESIAN_POINT('',(6.062650869526E-1,1.5E0,-5.768226993136E0));
#642=LINE('',#641,#640);
#643=CARTESIAN_POINT('',(2.154726902952E0,2.25E0,-5.920063510951E0));
#644=DIRECTION('',(0.E0,-1.E0,0.E0));
#645=DIRECTION('',(-3.420201433257E-1,0.E0,9.396926207859E-1));
#646=AXIS2_PLACEMENT_3D('',#643,#644,#645);
#648=DIRECTION('',(-2.131628207280E-14,-1.E0,5.565918096787E-14));
#649=VECTOR('',#648,7.5E-1);
#650=CARTESIAN_POINT('',(2.325736974615E0,2.25E0,-6.389909821344E0));
#651=LINE('',#650,#649);
#652=CARTESIAN_POINT('',(2.154726902952E0,1.5E0,-5.920063510951E0));
#653=DIRECTION('',(0.E0,1.E0,0.E0));
#654=DIRECTION('',(3.420201433257E-1,0.E0,-9.396926207859E-1));
#655=AXIS2_PLACEMENT_3D('',#652,#653,#654);
#657=CARTESIAN_POINT('',(0.E0,2.25E0,0.E0));
#658=DIRECTION('',(0.E0,1.E0,0.E0));
#659=DIRECTION('',(6.946583704591E-1,0.E0,-7.193398003386E-1));
#660=AXIS2_PLACEMENT_3D('',#657,#658,#659);
#662=DIRECTION('',(0.E0,-1.E0,0.E0));
#663=VECTOR('',#662,7.5E-1);
#664=CARTESIAN_POINT('',(1.983716831289E0,2.25E0,-5.450217200558E0));
#665=LINE('',#664,#663);
#666=CARTESIAN_POINT('',(0.E0,1.5E0,0.E0));
#667=DIRECTION('',(0.E0,-1.E0,0.E0));
#668=DIRECTION('',(3.420201433257E-1,0.E0,-9.396926207859E-1));
#669=AXIS2_PLACEMENT_3D('',#666,#667,#668);
#671=CARTESIAN_POINT('',(4.376347733892E0,2.25E0,-4.531840742134E0));
#672=DIRECTION('',(0.E0,-1.E0,0.E0));
#673=DIRECTION('',(6.946583704590E-1,0.E0,-7.193398003386E-1));
#674=AXIS2_PLACEMENT_3D('',#671,#672,#673);
#676=DIRECTION('',(0.E0,-1.E0,-3.351393237002E-13));
#677=VECTOR('',#676,7.5E-1);
#678=CARTESIAN_POINT('',(4.029018548663E0,2.25E0,-4.172170841964E0));
#679=LINE('',#678,#677);
#680=CARTESIAN_POINT('',(4.376347733892E0,1.5E0,-4.531840742134E0));
#681=DIRECTION('',(0.E0,1.E0,0.E0));
#682=DIRECTION('',(-6.946583704589E-1,0.E0,7.193398003387E-1));
#683=AXIS2_PLACEMENT_3D('',#680,#681,#682);
#685=DIRECTION('',(4.950114392462E-13,1.E0,1.397400713662E-13));
#686=VECTOR('',#685,7.5E-1);
#687=CARTESIAN_POINT('',(4.723676919121E0,1.5E0,-4.891510642303E0));
#688=LINE('',#687,#686);
#689=CARTESIAN_POINT('',(-2.154726902952E0,2.25E0,5.920063510951E0));
#690=DIRECTION('',(0.E0,-1.E0,0.E0));
#691=DIRECTION('',(3.420201433257E-1,0.E0,-9.396926207859E-1));
#692=AXIS2_PLACEMENT_3D('',#689,#690,#691);
#694=DIRECTION('',(2.013204417987E-14,-1.E0,-5.210646728907E-14));
#695=VECTOR('',#694,7.5E-1);
#696=CARTESIAN_POINT('',(-2.325736974615E0,2.25E0,6.389909821344E0));
#697=LINE('',#696,#695);
#698=CARTESIAN_POINT('',(-2.154726902952E0,1.5E0,5.920063510951E0));
#699=DIRECTION('',(0.E0,1.E0,0.E0));
#700=DIRECTION('',(-3.420201433257E-1,0.E0,9.396926207859E-1));
#701=AXIS2_PLACEMENT_3D('',#698,#699,#700);
#703=CARTESIAN_POINT('',(0.E0,2.25E0,0.E0));
#704=DIRECTION('',(0.E0,1.E0,0.E0));
#705=DIRECTION('',(-6.946583704591E-1,0.E0,7.193398003386E-1));
#706=AXIS2_PLACEMENT_3D('',#703,#704,#705);
#708=DIRECTION('',(0.E0,-1.E0,0.E0));
#709=VECTOR('',#708,7.5E-1);
#710=CARTESIAN_POINT('',(-1.983716831289E0,2.25E0,5.450217200558E0));
#711=LINE('',#710,#709);
#712=CARTESIAN_POINT('',(0.E0,1.5E0,0.E0));
#713=DIRECTION('',(0.E0,-1.E0,0.E0));
#714=DIRECTION('',(-3.420201433257E-1,0.E0,9.396926207859E-1));
#715=AXIS2_PLACEMENT_3D('',#712,#713,#714);
#717=CARTESIAN_POINT('',(-4.376347733892E0,2.25E0,4.531840742134E0));
#718=DIRECTION('',(0.E0,-1.E0,0.E0));
#719=DIRECTION('',(-6.946583704590E-1,0.E0,7.193398003387E-1));
#720=AXIS2_PLACEMENT_3D('',#717,#718,#719);
#722=DIRECTION('',(0.E0,-1.E0,3.457974647366E-13));
#723=VECTOR('',#722,7.5E-1);
#724=CARTESIAN_POINT('',(-4.029018548663E0,2.25E0,4.172170841964E0));
#725=LINE('',#724,#723);
#726=CARTESIAN_POINT('',(-4.376347733892E0,1.5E0,4.531840742134E0));
#727=DIRECTION('',(0.E0,1.E0,0.E0));
#728=DIRECTION('',(6.946583704590E-1,0.E0,-7.193398003387E-1));
#729=AXIS2_PLACEMENT_3D('',#726,#727,#728);
#731=DIRECTION('',(-4.050093593833E-13,1.E0,-3.079018521627E-14));
#732=VECTOR('',#731,7.5E-1);
#733=CARTESIAN_POINT('',(-4.723676919121E0,1.5E0,4.891510642303E0));
#734=LINE('',#733,#732);
#735=CARTESIAN_POINT('',(1.946807064562E0,2.25E0,5.991656052659E0));
#736=DIRECTION('',(0.E0,-1.E0,0.E0));
#737=DIRECTION('',(-3.090169943749E-1,0.E0,-9.510565162952E-1));
#738=AXIS2_PLACEMENT_3D('',#735,#736,#737);
#740=DIRECTION('',(2.255973186038E-13,-1.E0,-3.931669804539E-13));
#741=VECTOR('',#740,7.5E-1);
#742=CARTESIAN_POINT('',(2.101315561749E0,2.25E0,6.467184310807E0));
#743=LINE('',#742,#741);
#744=CARTESIAN_POINT('',(1.946807064562E0,1.5E0,5.991656052659E0));
#745=DIRECTION('',(0.E0,1.E0,0.E0));
#746=DIRECTION('',(3.090169943749E-1,0.E0,9.510565162952E-1));
#747=AXIS2_PLACEMENT_3D('',#744,#745,#746);
#749=CARTESIAN_POINT('',(0.E0,2.25E0,0.E0));
#750=DIRECTION('',(0.E0,1.E0,0.E0));
#751=DIRECTION('',(-1.045284632678E-1,0.E0,9.945218953683E-1));
#752=AXIS2_PLACEMENT_3D('',#749,#750,#751);
#754=DIRECTION('',(2.522426711948E-13,-1.E0,-8.052817671948E-14));
#755=VECTOR('',#754,7.5E-1);
#756=CARTESIAN_POINT('',(1.792298567374E0,2.25E0,5.516127794512E0));
#757=LINE('',#756,#755);
#758=CARTESIAN_POINT('',(0.E0,1.5E0,0.E0));
#759=DIRECTION('',(0.E0,-1.E0,0.E0));
#760=DIRECTION('',(3.090169943749E-1,0.E0,9.510565162952E-1));
#761=AXIS2_PLACEMENT_3D('',#758,#759,#760);
#763=CARTESIAN_POINT('',(-6.585293185862E-1,2.25E0,6.265487940820E0));
#764=DIRECTION('',(0.E0,-1.E0,0.E0));
#765=DIRECTION('',(-1.045284632677E-1,0.E0,9.945218953683E-1));
#766=AXIS2_PLACEMENT_3D('',#763,#764,#765);
#768=DIRECTION('',(2.939870569207E-13,-1.E0,-9.473903143468E-14));
#769=VECTOR('',#768,7.5E-1);
#770=CARTESIAN_POINT('',(-6.062650869528E-1,2.25E0,5.768226993136E0));
#771=LINE('',#770,#769);
#772=CARTESIAN_POINT('',(-6.585293185862E-1,1.5E0,6.265487940820E0));
#773=DIRECTION('',(0.E0,1.E0,0.E0));
#774=DIRECTION('',(1.045284632677E-1,0.E0,-9.945218953683E-1));
#775=AXIS2_PLACEMENT_3D('',#772,#773,#774);
#777=DIRECTION('',(-1.025846074754E-13,1.E0,-1.361873576874E-13));
#778=VECTOR('',#777,7.5E-1);
#779=CARTESIAN_POINT('',(-7.107935502200E-1,1.5E0,6.762748888504E0));
#780=LINE('',#779,#778);
#781=DIRECTION('',(8.225104482619E-1,0.E0,-5.6875E-1));
#782=VECTOR('',#781,1.5E0);
#783=CARTESIAN_POINT('',(-5.593071048181E0,2.35E0,3.8675E0));
#784=LINE('',#783,#782);
#785=DIRECTION('',(1.332267629550E-13,-1.E0,-1.110223024625E-13));
#786=VECTOR('',#785,1.E-1);
#787=CARTESIAN_POINT('',(-4.359305375788E0,2.35E0,3.014375E0));
#788=LINE('',#787,#786);
#789=DIRECTION('',(-8.225104482619E-1,0.E0,5.687499999999E-1));
#790=VECTOR('',#789,1.5E0);
#791=CARTESIAN_POINT('',(-4.359305375788E0,2.25E0,3.014375E0));
#792=LINE('',#791,#790);
#793=DIRECTION('',(-7.993605777301E-14,1.E0,2.531308496145E-13));
#794=VECTOR('',#793,1.E-1);
#795=CARTESIAN_POINT('',(-5.593071048181E0,2.25E0,3.8675E0));
#796=LINE('',#795,#794);
#797=CARTESIAN_POINT('',(0.E0,2.35E0,0.E0));
#798=DIRECTION('',(0.E0,-1.E0,0.E0));
#799=DIRECTION('',(-8.225104482619E-1,0.E0,5.6875E-1));
#800=AXIS2_PLACEMENT_3D('',#797,#798,#799);
#802=DIRECTION('',(-8.225104482619E-1,0.E0,-5.687499999999E-1));
#803=VECTOR('',#802,1.5E0);
#804=CARTESIAN_POINT('',(-4.359305375788E0,2.35E0,-3.014375E0));
#805=LINE('',#804,#803);
#806=DIRECTION('',(-3.907985046681E-13,-1.E0,5.506706202141E-13));
#807=VECTOR('',#806,1.E-1);
#808=CARTESIAN_POINT('',(-5.593071048181E0,2.35E0,-3.8675E0));
#809=LINE('',#808,#807);
#810=DIRECTION('',(8.225104482620E-1,0.E0,5.687499999999E-1));
#811=VECTOR('',#810,1.5E0);
#812=CARTESIAN_POINT('',(-5.593071048181E0,2.25E0,-3.8675E0));
#813=LINE('',#812,#811);
#814=CARTESIAN_POINT('',(0.E0,2.25E0,0.E0));
#815=DIRECTION('',(0.E0,1.E0,0.E0));
#816=DIRECTION('',(-8.225104482619E-1,0.E0,-5.6875E-1));
#817=AXIS2_PLACEMENT_3D('',#814,#815,#816);
#819=CARTESIAN_POINT('',(0.E0,2.35E0,0.E0));
#820=DIRECTION('',(0.E0,-1.E0,0.E0));
#821=DIRECTION('',(-8.225104482619E-1,0.E0,5.6875E-1));
#822=AXIS2_PLACEMENT_3D('',#819,#820,#821);
#824=DIRECTION('',(-3.019806626980E-13,-1.E0,-1.776356839400E-14));
#825=VECTOR('',#824,1.E-1);
#826=CARTESIAN_POINT('',(-4.359305375788E0,2.35E0,-3.014375E0));
#827=LINE('',#826,#825);
#828=DIRECTION('',(1.E0,0.E0,0.E0));
#829=VECTOR('',#828,1.E0);
#830=CARTESIAN_POINT('',(-8.5E0,1.5E0,5.E-1));
#831=LINE('',#830,#829);
#832=DIRECTION('',(2.486899575160E-14,1.E0,0.E0));
#833=VECTOR('',#832,1.E0);
#834=CARTESIAN_POINT('',(-8.5E0,5.E-1,5.E-1));
#835=LINE('',#834,#833);
#836=DIRECTION('',(0.E0,0.E0,1.E0));
#837=VECTOR('',#836,1.E0);
#838=CARTESIAN_POINT('',(-8.5E0,5.E-1,-5.E-1));
#839=LINE('',#838,#837);
#840=DIRECTION('',(1.E0,0.E0,0.E0));
#841=VECTOR('',#840,1.E0);
#842=CARTESIAN_POINT('',(-8.5E0,5.E-1,5.E-1));
#843=LINE('',#842,#841);
#844=DIRECTION('',(0.E0,0.E0,-1.E0));
#845=VECTOR('',#844,1.E0);
#846=CARTESIAN_POINT('',(-7.5E0,5.E-1,5.E-1));
#847=LINE('',#846,#845);
#848=DIRECTION('',(-1.E0,0.E0,0.E0));
#849=VECTOR('',#848,1.E0);
#850=CARTESIAN_POINT('',(-7.5E0,5.E-1,-5.E-1));
#851=LINE('',#850,#849);
#852=CARTESIAN_POINT('',(-2.65E0,1.5E0,-4.589934640058E0));
#853=CARTESIAN_POINT('',(-4.E0,1.5E0,-6.928203230276E0));
#854=VERTEX_POINT('',#852);
#855=VERTEX_POINT('',#853);
#856=CARTESIAN_POINT('',(-6.344353334486E0,1.5E0,4.873313120167E0));
#857=CARTESIAN_POINT('',(-6.344353334486E0,1.1E0,4.873313120167E0));
#858=VERTEX_POINT('',#856);
#859=VERTEX_POINT('',#857);
#860=CARTESIAN_POINT('',(-4.E0,1.1E0,-6.928203230276E0));
#861=CARTESIAN_POINT('',(-2.65E0,1.1E0,-4.589934640058E0));
#862=VERTEX_POINT('',#860);
#863=VERTEX_POINT('',#861);
#864=CARTESIAN_POINT('',(-4.119372393960E0,1.1E0,3.334782013847E0));
#865=VERTEX_POINT('',#864);
#866=CARTESIAN_POINT('',(-6.580083586095E0,1.1E0,4.55E0));
#867=CARTESIAN_POINT('',(-4.359305375788E0,1.1E0,3.014375E0));
#868=VERTEX_POINT('',#866);
#869=VERTEX_POINT('',#867);
#870=CARTESIAN_POINT('',(-2.988852213859E0,1.1E0,-4.376843890718E0));
#871=CARTESIAN_POINT('',(-2.988852213859E0,1.5E0,-4.376843890718E0));
#872=VERTEX_POINT('',#870);
#873=VERTEX_POINT('',#871);
#874=CARTESIAN_POINT('',(-4.341407032601E0,1.1E0,-6.719537556802E0));
#875=VERTEX_POINT('',#874);
#876=CARTESIAN_POINT('',(-6.580083586095E0,1.5E0,4.55E0));
#877=VERTEX_POINT('',#876);
#878=CARTESIAN_POINT('',(-5.593071048181E0,2.35E0,3.8675E0));
#879=CARTESIAN_POINT('',(-4.359305375788E0,2.35E0,3.014375E0));
#880=VERTEX_POINT('',#878);
#881=VERTEX_POINT('',#879);
#882=CARTESIAN_POINT('',(-4.359305375788E0,2.35E0,-3.014375E0));
#883=CARTESIAN_POINT('',(-5.593071048181E0,2.35E0,-3.8675E0));
#884=VERTEX_POINT('',#882);
#885=VERTEX_POINT('',#883);
#886=CARTESIAN_POINT('',(-6.783804242459E0,2.35E0,-3.95E0));
#887=CARTESIAN_POINT('',(-5.893070517564E0,2.35E0,-5.185963736377E0));
#888=VERTEX_POINT('',#886);
#889=VERTEX_POINT('',#887);
#890=CARTESIAN_POINT('',(-5.893070517564E0,3.45E0,-5.185963736377E0));
#891=VERTEX_POINT('',#890);
#892=CARTESIAN_POINT('',(-5.185963736377E0,3.45E0,-5.893070517564E0));
#893=CARTESIAN_POINT('',(-5.185963736377E0,2.35E0,-5.893070517564E0));
#894=VERTEX_POINT('',#892);
#895=VERTEX_POINT('',#893);
#896=CARTESIAN_POINT('',(-5.574185536225E0,3.45E0,-4.867078755038E0));
#897=VERTEX_POINT('',#896);
#898=CARTESIAN_POINT('',(-4.359305375788E0,1.5E0,3.014375E0));
#899=VERTEX_POINT('',#898);
#900=CARTESIAN_POINT('',(-4.867078755038E0,3.45E0,-5.574185536225E0));
#901=VERTEX_POINT('',#900);
#902=CARTESIAN_POINT('',(-5.999348285911E0,2.35E0,-5.292241504725E0));
#903=VERTEX_POINT('',#902);
#904=CARTESIAN_POINT('',(-5.292241504725E0,2.35E0,-5.999348285911E0));
#905=VERTEX_POINT('',#904);
#906=CARTESIAN_POINT('',(-5.999348285911E0,1.5E0,-5.292241504725E0));
#907=VERTEX_POINT('',#906);
#908=CARTESIAN_POINT('',(-5.574185536225E0,1.5E0,-4.867078755038E0));
#909=VERTEX_POINT('',#908);
#910=CARTESIAN_POINT('',(-5.292241504725E0,1.5E0,-5.999348285911E0));
#911=CARTESIAN_POINT('',(-4.867078755038E0,1.5E0,-5.574185536225E0));
#912=VERTEX_POINT('',#910);
#913=VERTEX_POINT('',#911);
#914=CARTESIAN_POINT('',(-5.025E0,1.81E0,0.E0));
#915=CARTESIAN_POINT('',(5.025E0,1.81E0,0.E0));
#916=VERTEX_POINT('',#914);
#917=VERTEX_POINT('',#915);
#918=CARTESIAN_POINT('',(-5.3E0,1.81E0,0.E0));
#919=CARTESIAN_POINT('',(-5.3E0,2.06E0,0.E0));
#920=VERTEX_POINT('',#918);
#921=VERTEX_POINT('',#919);
#922=CARTESIAN_POINT('',(5.3E0,2.06E0,0.E0));
#923=CARTESIAN_POINT('',(5.3E0,1.81E0,0.E0));
#924=VERTEX_POINT('',#922);
#925=VERTEX_POINT('',#923);
#926=CARTESIAN_POINT('',(-6.783804242459E0,2.35E0,3.95E0));
#927=VERTEX_POINT('',#926);
#928=CARTESIAN_POINT('',(-4.341407032601E0,1.5E0,-6.719537556802E0));
#929=VERTEX_POINT('',#928);
#930=CARTESIAN_POINT('',(-4.119372393960E0,1.5E0,3.334782013847E0));
#931=VERTEX_POINT('',#930);
#932=CARTESIAN_POINT('',(-6.580083586095E0,1.5E0,-4.55E0));
#933=CARTESIAN_POINT('',(-6.580083586095E0,2.35E0,-4.55E0));
#934=VERTEX_POINT('',#932);
#935=VERTEX_POINT('',#933);
#936=CARTESIAN_POINT('',(5.3E0,0.E0,0.E0));
#937=CARTESIAN_POINT('',(-5.3E0,0.E0,0.E0));
#938=VERTEX_POINT('',#936);
#939=VERTEX_POINT('',#937);
#940=CARTESIAN_POINT('',(5.3E0,1.5E0,0.E0));
#941=VERTEX_POINT('',#940);
#942=CARTESIAN_POINT('',(-5.3E0,1.5E0,-1.585057678282E-14));
#943=VERTEX_POINT('',#942);
#944=CARTESIAN_POINT('',(5.025E0,2.25E0,0.E0));
#945=CARTESIAN_POINT('',(-5.025E0,2.25E0,0.E0));
#946=VERTEX_POINT('',#944);
#947=VERTEX_POINT('',#945);
#948=CARTESIAN_POINT('',(5.025E0,2.06E0,0.E0));
#949=VERTEX_POINT('',#948);
#950=CARTESIAN_POINT('',(-5.025E0,0.E0,0.E0));
#951=VERTEX_POINT('',#950);
#952=CARTESIAN_POINT('',(-5.025E0,2.06E0,0.E0));
#953=VERTEX_POINT('',#952);
#954=CARTESIAN_POINT('',(5.025E0,0.E0,0.E0));
#955=VERTEX_POINT('',#954);
#956=CARTESIAN_POINT('',(-4.867078755038E0,2.65E0,-5.574185536225E0));
#957=CARTESIAN_POINT('',(-5.574185536225E0,2.65E0,-4.867078755038E0));
#958=VERTEX_POINT('',#956);
#959=VERTEX_POINT('',#957);
#960=CARTESIAN_POINT('',(-6.580083586095E0,2.35E0,4.55E0));
#961=VERTEX_POINT('',#960);
#962=CARTESIAN_POINT('',(-4.040154787902E0,2.25E0,-5.469657145543E0));
#963=CARTESIAN_POINT('',(-4.040154787902E0,2.75E0,-5.469657145543E0));
#964=VERTEX_POINT('',#962);
#965=VERTEX_POINT('',#963);
#966=CARTESIAN_POINT('',(-5.394083963224E0,2.25E0,-4.616693426869E0));
#967=CARTESIAN_POINT('',(-5.394083963224E0,2.65E0,-4.616693426869E0));
#968=VERTEX_POINT('',#966);
#969=VERTEX_POINT('',#967);
#970=CARTESIAN_POINT('',(-4.616693426869E0,2.65E0,-5.394083963224E0));
#971=CARTESIAN_POINT('',(-4.616693426869E0,2.25E0,-5.394083963224E0));
#972=VERTEX_POINT('',#970);
#973=VERTEX_POINT('',#971);
#974=CARTESIAN_POINT('',(-4.867078755038E0,2.75E0,-5.574185536225E0));
#975=CARTESIAN_POINT('',(-5.574185536225E0,2.75E0,-4.867078755038E0));
#976=VERTEX_POINT('',#974);
#977=VERTEX_POINT('',#975);
#978=CARTESIAN_POINT('',(-4.820903102605E0,2.75E0,-5.528009883791E0));
#979=VERTEX_POINT('',#978);
#980=CARTESIAN_POINT('',(-4.820903102605E0,2.65E0,-5.528009883791E0));
#981=VERTEX_POINT('',#980);
#982=CARTESIAN_POINT('',(2.325736974615E0,1.5E0,-6.389909821344E0));
#983=CARTESIAN_POINT('',(4.723676919121E0,1.5E0,-4.891510642303E0));
#984=VERTEX_POINT('',#982);
#985=VERTEX_POINT('',#983);
#986=CARTESIAN_POINT('',(1.983716831289E0,1.5E0,-5.450217200558E0));
#987=VERTEX_POINT('',#986);
#988=CARTESIAN_POINT('',(7.107935502200E-1,2.25E0,-6.762748888504E0));
#989=CARTESIAN_POINT('',(6.062650869530E-1,2.25E0,-5.768226993136E0));
#990=VERTEX_POINT('',#988);
#991=VERTEX_POINT('',#989);
#992=CARTESIAN_POINT('',(-4.723676919121E0,2.25E0,4.891510642303E0));
#993=CARTESIAN_POINT('',(-4.029018548663E0,2.25E0,4.172170841964E0));
#994=VERTEX_POINT('',#992);
#995=VERTEX_POINT('',#993);
#996=CARTESIAN_POINT('',(-1.983716831289E0,2.25E0,5.450217200558E0));
#997=CARTESIAN_POINT('',(-2.325736974615E0,2.25E0,6.389909821344E0));
#998=VERTEX_POINT('',#996);
#999=VERTEX_POINT('',#997);
#1000=CARTESIAN_POINT('',(1.792298567375E0,2.25E0,5.516127794511E0));
#1001=CARTESIAN_POINT('',(2.101315561749E0,2.25E0,6.467184310807E0));
#1002=VERTEX_POINT('',#1000);
#1003=VERTEX_POINT('',#1001);
#1004=CARTESIAN_POINT('',(-5.528009883791E0,2.65E0,-4.820903102605E0));
#1005=VERTEX_POINT('',#1004);
#1006=CARTESIAN_POINT('',(-5.528009883791E0,2.75E0,-4.820903102605E0));
#1007=CARTESIAN_POINT('',(-5.469657145543E0,2.75E0,-4.040154787902E0));
#1008=VERTEX_POINT('',#1006);
#1009=VERTEX_POINT('',#1007);
#1010=CARTESIAN_POINT('',(-1.792298567375E0,2.25E0,-5.516127794511E0));
#1011=CARTESIAN_POINT('',(-2.101315561749E0,2.25E0,-6.467184310807E0));
#1012=VERTEX_POINT('',#1010);
#1013=VERTEX_POINT('',#1011);
#1014=CARTESIAN_POINT('',(-5.469657145543E0,2.25E0,-4.040154787901E0));
#1015=VERTEX_POINT('',#1014);
#1016=CARTESIAN_POINT('',(-2.101315561750E0,1.5E0,-6.467184310807E0));
#1017=CARTESIAN_POINT('',(7.107935502198E-1,1.5E0,-6.762748888504E0));
#1018=VERTEX_POINT('',#1016);
#1019=VERTEX_POINT('',#1017);
#1020=CARTESIAN_POINT('',(-1.792298567375E0,1.5E0,-5.516127794511E0));
#1021=VERTEX_POINT('',#1020);
#1022=CARTESIAN_POINT('',(-6.062650869530E-1,2.25E0,5.768226993136E0));
#1023=VERTEX_POINT('',#1022);
#1024=CARTESIAN_POINT('',(-7.107935502200E-1,2.25E0,6.762748888504E0));
#1025=VERTEX_POINT('',#1024);
#1026=CARTESIAN_POINT('',(6.062650869524E-1,1.5E0,-5.768226993136E0));
#1027=VERTEX_POINT('',#1026);
#1028=CARTESIAN_POINT('',(-1.983716831289E0,1.5E0,5.450217200558E0));
#1029=CARTESIAN_POINT('',(-4.029018548662E0,1.5E0,4.172170841964E0));
#1030=VERTEX_POINT('',#1028);
#1031=VERTEX_POINT('',#1029);
#1032=CARTESIAN_POINT('',(-4.723676919121E0,1.5E0,4.891510642303E0));
#1033=VERTEX_POINT('',#1032);
#1034=CARTESIAN_POINT('',(1.983716831289E0,2.25E0,-5.450217200558E0));
#1035=CARTESIAN_POINT('',(2.325736974615E0,2.25E0,-6.389909821344E0));
#1036=VERTEX_POINT('',#1034);
#1037=VERTEX_POINT('',#1035);
#1038=CARTESIAN_POINT('',(-2.325736974615E0,1.5E0,6.389909821344E0));
#1039=VERTEX_POINT('',#1038);
#1040=CARTESIAN_POINT('',(4.029018548663E0,2.25E0,-4.172170841964E0));
#1041=VERTEX_POINT('',#1040);
#1042=CARTESIAN_POINT('',(4.029018548662E0,1.5E0,-4.172170841964E0));
#1043=VERTEX_POINT('',#1042);
#1044=CARTESIAN_POINT('',(4.723676919122E0,2.25E0,-4.891510642303E0));
#1045=VERTEX_POINT('',#1044);
#1046=CARTESIAN_POINT('',(1.792298567375E0,1.5E0,5.516127794512E0));
#1047=CARTESIAN_POINT('',(-6.062650869524E-1,1.5E0,5.768226993136E0));
#1048=VERTEX_POINT('',#1046);
#1049=VERTEX_POINT('',#1047);
#1050=CARTESIAN_POINT('',(2.101315561750E0,1.5E0,6.467184310807E0));
#1051=VERTEX_POINT('',#1050);
#1052=CARTESIAN_POINT('',(-7.107935502198E-1,1.5E0,6.762748888504E0));
#1053=VERTEX_POINT('',#1052);
#1054=CARTESIAN_POINT('',(-8.316273806596E0,3.6E0,3.95E0));
#1055=CARTESIAN_POINT('',(-8.316273806596E0,3.6E0,-3.95E0));
#1056=VERTEX_POINT('',#1054);
#1057=VERTEX_POINT('',#1055);
#1058=CARTESIAN_POINT('',(-8.425634636003E0,2.35E0,-4.55E0));
#1059=CARTESIAN_POINT('',(-8.5E0,1.5E0,-4.55E0));
#1060=VERTEX_POINT('',#1058);
#1061=VERTEX_POINT('',#1059);
#1062=CARTESIAN_POINT('',(-8.5E0,1.5E0,-5.E-1));
#1063=CARTESIAN_POINT('',(-8.5E0,1.5E0,5.E-1));
#1064=VERTEX_POINT('',#1062);
#1065=VERTEX_POINT('',#1063);
#1066=CARTESIAN_POINT('',(-8.425634636003E0,2.35E0,4.55E0));
#1067=CARTESIAN_POINT('',(-8.5E0,1.5E0,4.55E0));
#1068=VERTEX_POINT('',#1066);
#1069=VERTEX_POINT('',#1067);
#1070=CARTESIAN_POINT('',(-7.5E0,5.E-1,5.E-1));
#1071=CARTESIAN_POINT('',(-7.5E0,1.5E0,5.E-1));
#1072=VERTEX_POINT('',#1070);
#1073=VERTEX_POINT('',#1071);
#1074=CARTESIAN_POINT('',(-7.5E0,5.E-1,-5.E-1));
#1075=CARTESIAN_POINT('',(-7.5E0,1.5E0,-5.E-1));
#1076=VERTEX_POINT('',#1074);
#1077=VERTEX_POINT('',#1075);
#1078=CARTESIAN_POINT('',(-8.5E0,5.E-1,5.E-1));
#1079=VERTEX_POINT('',#1078);
#1080=CARTESIAN_POINT('',(-8.5E0,5.E-1,-5.E-1));
#1081=VERTEX_POINT('',#1080);
#1082=CARTESIAN_POINT('',(-8.425634636003E0,2.35E0,-3.95E0));
#1083=VERTEX_POINT('',#1082);
#1084=CARTESIAN_POINT('',(-8.425634636003E0,2.35E0,3.95E0));
#1085=VERTEX_POINT('',#1084);
#1086=CARTESIAN_POINT('',(-5.593071048181E0,2.25E0,3.8675E0));
#1087=VERTEX_POINT('',#1086);
#1088=CARTESIAN_POINT('',(-5.593071048181E0,2.25E0,-3.8675E0));
#1089=VERTEX_POINT('',#1088);
#1090=CARTESIAN_POINT('',(-4.359305375788E0,2.25E0,3.014375E0));
#1091=VERTEX_POINT('',#1090);
#1092=CARTESIAN_POINT('',(-4.359305375788E0,2.25E0,-3.014375E0));
#1093=VERTEX_POINT('',#1092);
#1094=CARTESIAN_POINT('',(-7.185923740202E0,3.45E0,-3.95E0));
#1095=CARTESIAN_POINT('',(-7.185923740202E0,3.45E0,3.95E0));
#1096=VERTEX_POINT('',#1094);
#1097=VERTEX_POINT('',#1095);
#1098=CARTESIAN_POINT('',(-7.185923740202E0,3.6E0,3.95E0));
#1099=VERTEX_POINT('',#1098);
#1100=CARTESIAN_POINT('',(-7.185923740202E0,3.6E0,-3.95E0));
#1101=VERTEX_POINT('',#1100);
#1102=CARTESIAN_POINT('',(-6.783804242459E0,3.45E0,-3.95E0));
#1103=VERTEX_POINT('',#1102);
#1104=CARTESIAN_POINT('',(-6.783804242459E0,3.45E0,3.95E0));
#1105=VERTEX_POINT('',#1104);
#1106=CARTESIAN_POINT('',(-7.5E0,1.E0,0.E0));
#1107=DIRECTION('',(1.E0,0.E0,0.E0));
#1108=DIRECTION('',(0.E0,0.E0,1.E0));
#1109=AXIS2_PLACEMENT_3D('',#1106,#1107,#1108);
#1110=PLANE('',#1109);
#1112=ORIENTED_EDGE('',*,*,#1111,.T.);
#1114=ORIENTED_EDGE('',*,*,#1113,.F.);
#1116=ORIENTED_EDGE('',*,*,#1115,.F.);
#1118=ORIENTED_EDGE('',*,*,#1117,.T.);
#1119=EDGE_LOOP('',(#1112,#1114,#1116,#1118));
#1120=FACE_OUTER_BOUND('',#1119,.F.);
#1121=ADVANCED_FACE('',(#1120),#1110,.T.);
#1122=CARTESIAN_POINT('',(-5.744426106929E0,1.5E0,-1.084768778401E0));
#1123=DIRECTION('',(0.E0,1.E0,0.E0));
#1124=DIRECTION('',(-1.E0,0.E0,0.E0));
#1125=AXIS2_PLACEMENT_3D('',#1122,#1123,#1124);
#1126=PLANE('',#1125);
#1128=ORIENTED_EDGE('',*,*,#1127,.F.);
#1129=ORIENTED_EDGE('',*,*,#1111,.F.);
#1131=ORIENTED_EDGE('',*,*,#1130,.F.);
#1133=ORIENTED_EDGE('',*,*,#1132,.F.);
#1135=ORIENTED_EDGE('',*,*,#1134,.F.);
#1137=ORIENTED_EDGE('',*,*,#1136,.F.);
#1139=ORIENTED_EDGE('',*,*,#1138,.F.);
#1141=ORIENTED_EDGE('',*,*,#1140,.F.);
#1143=ORIENTED_EDGE('',*,*,#1142,.F.);
#1145=ORIENTED_EDGE('',*,*,#1144,.F.);
#1147=ORIENTED_EDGE('',*,*,#1146,.T.);
#1149=ORIENTED_EDGE('',*,*,#1148,.F.);
#1151=ORIENTED_EDGE('',*,*,#1150,.F.);
#1153=ORIENTED_EDGE('',*,*,#1152,.F.);
#1155=ORIENTED_EDGE('',*,*,#1154,.F.);
#1157=ORIENTED_EDGE('',*,*,#1156,.F.);
#1158=EDGE_LOOP('',(#1128,#1129,#1131,#1133,#1135,#1137,#1139,#1141,#1143,#1145,
#1147,#1149,#1151,#1153,#1155,#1157));
#1159=FACE_OUTER_BOUND('',#1158,.F.);
#1160=ADVANCED_FACE('',(#1159),#1126,.F.);
#1161=CARTESIAN_POINT('',(-8.E0,1.E0,-5.E-1));
#1162=DIRECTION('',(0.E0,0.E0,1.E0));
#1163=DIRECTION('',(1.E0,0.E0,0.E0));
#1164=AXIS2_PLACEMENT_3D('',#1161,#1162,#1163);
#1165=PLANE('',#1164);
#1166=ORIENTED_EDGE('',*,*,#1127,.T.);
#1168=ORIENTED_EDGE('',*,*,#1167,.T.);
#1170=ORIENTED_EDGE('',*,*,#1169,.F.);
#1171=ORIENTED_EDGE('',*,*,#1113,.T.);
#1172=EDGE_LOOP('',(#1166,#1168,#1170,#1171));
#1173=FACE_OUTER_BOUND('',#1172,.F.);
#1174=ADVANCED_FACE('',(#1173),#1165,.F.);
#1175=CARTESIAN_POINT('',(-8.5E0,1.E0,0.E0));
#1176=DIRECTION('',(1.E0,0.E0,0.E0));
#1177=DIRECTION('',(0.E0,0.E0,-1.E0));
#1178=AXIS2_PLACEMENT_3D('',#1175,#1176,#1177);
#1179=PLANE('',#1178);
#1181=ORIENTED_EDGE('',*,*,#1180,.T.);
#1183=ORIENTED_EDGE('',*,*,#1182,.F.);
#1185=ORIENTED_EDGE('',*,*,#1184,.F.);
#1186=ORIENTED_EDGE('',*,*,#1167,.F.);
#1187=EDGE_LOOP('',(#1181,#1183,#1185,#1186));
#1188=FACE_OUTER_BOUND('',#1187,.F.);
#1189=ADVANCED_FACE('',(#1188),#1179,.F.);
#1190=CARTESIAN_POINT('',(-8.408136903298E0,2.55E0,0.E0));
#1191=DIRECTION('',(9.961946980917E-1,-8.715574274783E-2,0.E0));
#1192=DIRECTION('',(8.715574274783E-2,9.961946980917E-1,0.E0));
#1193=AXIS2_PLACEMENT_3D('',#1190,#1191,#1192);
#1194=PLANE('',#1193);
#1196=ORIENTED_EDGE('',*,*,#1195,.F.);
#1198=ORIENTED_EDGE('',*,*,#1197,.F.);
#1200=ORIENTED_EDGE('',*,*,#1199,.F.);
#1202=ORIENTED_EDGE('',*,*,#1201,.F.);
#1204=ORIENTED_EDGE('',*,*,#1203,.F.);
#1206=ORIENTED_EDGE('',*,*,#1205,.F.);
#1208=ORIENTED_EDGE('',*,*,#1207,.T.);
#1209=ORIENTED_EDGE('',*,*,#1132,.T.);
#1210=ORIENTED_EDGE('',*,*,#1180,.F.);
#1211=ORIENTED_EDGE('',*,*,#1156,.T.);
#1212=EDGE_LOOP('',(#1196,#1198,#1200,#1202,#1204,#1206,#1208,#1209,#1210,
#1211));
#1213=FACE_OUTER_BOUND('',#1212,.F.);
#1214=ADVANCED_FACE('',(#1213),#1194,.F.);
#1215=CARTESIAN_POINT('',(-7.540041793047E0,1.925E0,-4.55E0));
#1216=DIRECTION('',(0.E0,0.E0,1.E0));
#1217=DIRECTION('',(1.E0,0.E0,0.E0));
#1218=AXIS2_PLACEMENT_3D('',#1215,#1216,#1217);
#1219=PLANE('',#1218);
#1220=ORIENTED_EDGE('',*,*,#1195,.T.);
#1221=ORIENTED_EDGE('',*,*,#1154,.T.);
#1223=ORIENTED_EDGE('',*,*,#1222,.T.);
#1225=ORIENTED_EDGE('',*,*,#1224,.F.);
#1226=EDGE_LOOP('',(#1220,#1221,#1223,#1225));
#1227=FACE_OUTER_BOUND('',#1226,.F.);
#1228=ADVANCED_FACE('',(#1227),#1219,.F.);
#1229=CARTESIAN_POINT('',(0.E0,2.377923816185E0,0.E0));
#1230=DIRECTION('',(0.E0,-1.E0,0.E0));
#1231=DIRECTION('',(-1.E0,0.E0,0.E0));
#1232=AXIS2_PLACEMENT_3D('',#1229,#1230,#1231);
#1233=CYLINDRICAL_SURFACE('',#1232,8.E0);
#1235=ORIENTED_EDGE('',*,*,#1234,.F.);
#1237=ORIENTED_EDGE('',*,*,#1236,.F.);
#1238=ORIENTED_EDGE('',*,*,#1222,.F.);
#1239=ORIENTED_EDGE('',*,*,#1152,.T.);
#1240=EDGE_LOOP('',(#1235,#1237,#1238,#1239));
#1241=FACE_OUTER_BOUND('',#1240,.F.);
#1242=ADVANCED_FACE('',(#1241),#1233,.T.);
#1243=CARTESIAN_POINT('',(-5.763679084851E0,2.475E0,-5.056572303665E0));
#1244=DIRECTION('',(7.071067811865E-1,0.E0,-7.071067811865E-1));
#1245=DIRECTION('',(7.071067811865E-1,0.E0,7.071067811865E-1));
#1246=AXIS2_PLACEMENT_3D('',#1243,#1244,#1245);
#1247=PLANE('',#1246);
#1249=ORIENTED_EDGE('',*,*,#1248,.F.);
#1251=ORIENTED_EDGE('',*,*,#1250,.F.);
#1253=ORIENTED_EDGE('',*,*,#1252,.T.);
#1255=ORIENTED_EDGE('',*,*,#1254,.T.);
#1257=ORIENTED_EDGE('',*,*,#1256,.T.);
#1259=ORIENTED_EDGE('',*,*,#1258,.T.);
#1260=ORIENTED_EDGE('',*,*,#1234,.T.);
#1261=ORIENTED_EDGE('',*,*,#1150,.T.);
#1263=ORIENTED_EDGE('',*,*,#1262,.F.);
#1265=ORIENTED_EDGE('',*,*,#1264,.F.);
#1266=EDGE_LOOP('',(#1249,#1251,#1253,#1255,#1257,#1259,#1260,#1261,#1263,
#1265));
#1267=FACE_OUTER_BOUND('',#1266,.F.);
#1268=ADVANCED_FACE('',(#1267),#1247,.T.);
#1269=CARTESIAN_POINT('',(-5.952273952503E0,2.777923816185E0,
-4.396639033893E0));
#1270=DIRECTION('',(0.E0,-1.E0,0.E0));
#1271=DIRECTION('',(7.071067811865E-1,0.E0,-7.071067811865E-1));
#1272=AXIS2_PLACEMENT_3D('',#1269,#1270,#1271);
#1273=CYLINDRICAL_SURFACE('',#1272,6.000000000001E-1);
#1275=ORIENTED_EDGE('',*,*,#1274,.T.);
#1277=ORIENTED_EDGE('',*,*,#1276,.F.);
#1278=ORIENTED_EDGE('',*,*,#1248,.T.);
#1280=ORIENTED_EDGE('',*,*,#1279,.F.);
#1282=ORIENTED_EDGE('',*,*,#1281,.F.);
#1284=ORIENTED_EDGE('',*,*,#1283,.T.);
#1285=EDGE_LOOP('',(#1275,#1277,#1278,#1280,#1282,#1284));
#1286=FACE_OUTER_BOUND('',#1285,.F.);
#1287=ADVANCED_FACE('',(#1286),#1273,.T.);
#1288=CARTESIAN_POINT('',(0.E0,2.777923816185E0,0.E0));
#1289=DIRECTION('',(0.E0,-1.E0,0.E0));
#1290=DIRECTION('',(-1.E0,0.E0,0.E0));
#1291=AXIS2_PLACEMENT_3D('',#1288,#1289,#1290);
#1292=CYLINDRICAL_SURFACE('',#1291,6.8E0);
#1294=ORIENTED_EDGE('',*,*,#1293,.F.);
#1296=ORIENTED_EDGE('',*,*,#1295,.F.);
#1298=ORIENTED_EDGE('',*,*,#1297,.F.);
#1300=ORIENTED_EDGE('',*,*,#1299,.F.);
#1302=ORIENTED_EDGE('',*,*,#1301,.F.);
#1304=ORIENTED_EDGE('',*,*,#1303,.F.);
#1306=ORIENTED_EDGE('',*,*,#1305,.F.);
#1308=ORIENTED_EDGE('',*,*,#1307,.F.);
#1310=ORIENTED_EDGE('',*,*,#1309,.F.);
#1312=ORIENTED_EDGE('',*,*,#1311,.T.);
#1314=ORIENTED_EDGE('',*,*,#1313,.F.);
#1315=ORIENTED_EDGE('',*,*,#1274,.F.);
#1317=ORIENTED_EDGE('',*,*,#1316,.F.);
#1319=ORIENTED_EDGE('',*,*,#1318,.F.);
#1321=ORIENTED_EDGE('',*,*,#1320,.F.);
#1323=ORIENTED_EDGE('',*,*,#1322,.F.);
#1325=ORIENTED_EDGE('',*,*,#1324,.F.);
#1327=ORIENTED_EDGE('',*,*,#1326,.F.);
#1329=ORIENTED_EDGE('',*,*,#1328,.F.);
#1331=ORIENTED_EDGE('',*,*,#1330,.F.);
#1333=ORIENTED_EDGE('',*,*,#1332,.F.);
#1335=ORIENTED_EDGE('',*,*,#1334,.F.);
#1337=ORIENTED_EDGE('',*,*,#1336,.F.);
#1339=ORIENTED_EDGE('',*,*,#1338,.F.);
#1340=EDGE_LOOP('',(#1294,#1296,#1298,#1300,#1302,#1304,#1306,#1308,#1310,#1312,
#1314,#1315,#1317,#1319,#1321,#1323,#1325,#1327,#1329,#1331,#1333,#1335,#1337,
#1339));
#1341=FACE_OUTER_BOUND('',#1340,.F.);
#1342=ADVANCED_FACE('',(#1341),#1292,.F.);
#1343=CARTESIAN_POINT('',(6.034690610974E-1,2.25E0,0.E0));
#1344=DIRECTION('',(0.E0,1.E0,0.E0));
#1345=DIRECTION('',(-1.E0,0.E0,0.E0));
#1346=AXIS2_PLACEMENT_3D('',#1343,#1344,#1345);
#1347=PLANE('',#1346);
#1349=ORIENTED_EDGE('',*,*,#1348,.F.);
#1351=ORIENTED_EDGE('',*,*,#1350,.F.);
#1353=ORIENTED_EDGE('',*,*,#1352,.F.);
#1354=ORIENTED_EDGE('',*,*,#1301,.T.);
#1356=ORIENTED_EDGE('',*,*,#1355,.F.);
#1358=ORIENTED_EDGE('',*,*,#1357,.F.);
#1360=ORIENTED_EDGE('',*,*,#1359,.F.);
#1361=ORIENTED_EDGE('',*,*,#1293,.T.);
#1363=ORIENTED_EDGE('',*,*,#1362,.F.);
#1365=ORIENTED_EDGE('',*,*,#1364,.F.);
#1367=ORIENTED_EDGE('',*,*,#1366,.F.);
#1368=ORIENTED_EDGE('',*,*,#1332,.T.);
#1370=ORIENTED_EDGE('',*,*,#1369,.F.);
#1372=ORIENTED_EDGE('',*,*,#1371,.F.);
#1374=ORIENTED_EDGE('',*,*,#1373,.F.);
#1375=ORIENTED_EDGE('',*,*,#1324,.T.);
#1377=ORIENTED_EDGE('',*,*,#1376,.F.);
#1379=ORIENTED_EDGE('',*,*,#1378,.F.);
#1381=ORIENTED_EDGE('',*,*,#1380,.F.);
#1382=ORIENTED_EDGE('',*,*,#1316,.T.);
#1383=ORIENTED_EDGE('',*,*,#1283,.F.);
#1385=ORIENTED_EDGE('',*,*,#1384,.F.);
#1387=ORIENTED_EDGE('',*,*,#1386,.T.);
#1388=ORIENTED_EDGE('',*,*,#1309,.T.);
#1389=EDGE_LOOP('',(#1349,#1351,#1353,#1354,#1356,#1358,#1360,#1361,#1363,#1365,
#1367,#1368,#1370,#1372,#1374,#1375,#1377,#1379,#1381,#1382,#1383,#1385,#1387,
#1388));
#1390=FACE_OUTER_BOUND('',#1389,.F.);
#1392=ORIENTED_EDGE('',*,*,#1391,.F.);
#1394=ORIENTED_EDGE('',*,*,#1393,.F.);
#1395=EDGE_LOOP('',(#1392,#1394));
#1396=FACE_BOUND('',#1395,.F.);
#1397=ADVANCED_FACE('',(#1390,#1396),#1347,.T.);
#1398=CARTESIAN_POINT('',(-1.946807064562E0,2.277923816185E0,
-5.991656052659E0));
#1399=DIRECTION('',(0.E0,-1.E0,0.E0));
#1400=DIRECTION('',(0.E0,0.E0,-1.E0));
#1401=AXIS2_PLACEMENT_3D('',#1398,#1399,#1400);
#1402=CYLINDRICAL_SURFACE('',#1401,5.E-1);
#1403=ORIENTED_EDGE('',*,*,#1348,.T.);
#1404=ORIENTED_EDGE('',*,*,#1307,.T.);
#1406=ORIENTED_EDGE('',*,*,#1405,.F.);
#1408=ORIENTED_EDGE('',*,*,#1407,.F.);
#1409=EDGE_LOOP('',(#1403,#1404,#1406,#1408));
#1410=FACE_OUTER_BOUND('',#1409,.F.);
#1411=ADVANCED_FACE('',(#1410),#1402,.F.);
#1412=CARTESIAN_POINT('',(8.280574426886E-1,1.5E0,7.066631568238E-4));
#1413=DIRECTION('',(0.E0,1.E0,0.E0));
#1414=DIRECTION('',(-1.E0,0.E0,0.E0));
#1415=AXIS2_PLACEMENT_3D('',#1412,#1413,#1414);
#1416=PLANE('',#1415);
#1418=ORIENTED_EDGE('',*,*,#1417,.F.);
#1420=ORIENTED_EDGE('',*,*,#1419,.F.);
#1422=ORIENTED_EDGE('',*,*,#1421,.F.);
#1424=ORIENTED_EDGE('',*,*,#1423,.F.);
#1426=ORIENTED_EDGE('',*,*,#1425,.F.);
#1427=EDGE_LOOP('',(#1418,#1420,#1422,#1424,#1426));
#1428=FACE_OUTER_BOUND('',#1427,.F.);
#1429=ORIENTED_EDGE('',*,*,#1405,.T.);
#1430=ORIENTED_EDGE('',*,*,#1305,.T.);
#1432=ORIENTED_EDGE('',*,*,#1431,.F.);
#1434=ORIENTED_EDGE('',*,*,#1433,.F.);
#1435=EDGE_LOOP('',(#1429,#1430,#1432,#1434));
#1436=FACE_BOUND('',#1435,.F.);
#1438=ORIENTED_EDGE('',*,*,#1437,.F.);
#1439=ORIENTED_EDGE('',*,*,#1297,.T.);
#1441=ORIENTED_EDGE('',*,*,#1440,.F.);
#1443=ORIENTED_EDGE('',*,*,#1442,.F.);
#1444=EDGE_LOOP('',(#1438,#1439,#1441,#1443));
#1445=FACE_BOUND('',#1444,.F.);
#1447=ORIENTED_EDGE('',*,*,#1446,.F.);
#1448=ORIENTED_EDGE('',*,*,#1328,.T.);
#1450=ORIENTED_EDGE('',*,*,#1449,.F.);
#1452=ORIENTED_EDGE('',*,*,#1451,.F.);
#1453=EDGE_LOOP('',(#1447,#1448,#1450,#1452));
#1454=FACE_BOUND('',#1453,.F.);
#1456=ORIENTED_EDGE('',*,*,#1455,.F.);
#1457=ORIENTED_EDGE('',*,*,#1336,.T.);
#1459=ORIENTED_EDGE('',*,*,#1458,.F.);
#1461=ORIENTED_EDGE('',*,*,#1460,.F.);
#1462=EDGE_LOOP('',(#1456,#1457,#1459,#1461));
#1463=FACE_BOUND('',#1462,.F.);
#1464=ADVANCED_FACE('',(#1428,#1436,#1445,#1454,#1463),#1416,.F.);
#1465=CARTESIAN_POINT('',(-5.231862864223E0,1.3E0,4.104047567007E0));
#1466=DIRECTION('',(5.687499999998E-1,0.E0,8.225104482620E-1));
#1467=DIRECTION('',(-8.225104482620E-1,0.E0,5.687499999998E-1));
#1468=AXIS2_PLACEMENT_3D('',#1465,#1466,#1467);
#1469=PLANE('',#1468);
#1471=ORIENTED_EDGE('',*,*,#1470,.F.);
#1473=ORIENTED_EDGE('',*,*,#1472,.F.);
#1475=ORIENTED_EDGE('',*,*,#1474,.F.);
#1476=ORIENTED_EDGE('',*,*,#1417,.T.);
#1477=EDGE_LOOP('',(#1471,#1473,#1475,#1476));
#1478=FACE_OUTER_BOUND('',#1477,.F.);
#1479=ADVANCED_FACE('',(#1478),#1469,.T.);
#1480=CARTESIAN_POINT('',(0.E0,1.53E0,0.E0));
#1481=DIRECTION('',(0.E0,-1.E0,0.E0));
#1482=DIRECTION('',(-1.E0,0.E0,0.E0));
#1483=AXIS2_PLACEMENT_3D('',#1480,#1481,#1482);
#1484=CYLINDRICAL_SURFACE('',#1483,5.3E0);
#1486=ORIENTED_EDGE('',*,*,#1485,.F.);
#1487=ORIENTED_EDGE('',*,*,#1470,.T.);
#1488=ORIENTED_EDGE('',*,*,#1425,.T.);
#1490=ORIENTED_EDGE('',*,*,#1489,.F.);
#1492=ORIENTED_EDGE('',*,*,#1491,.F.);
#1494=ORIENTED_EDGE('',*,*,#1493,.F.);
#1495=ORIENTED_EDGE('',*,*,#1138,.T.);
#1497=ORIENTED_EDGE('',*,*,#1496,.F.);
#1498=EDGE_LOOP('',(#1486,#1487,#1488,#1490,#1492,#1494,#1495,#1497));
#1499=FACE_OUTER_BOUND('',#1498,.F.);
#1500=ADVANCED_FACE('',(#1499),#1484,.T.);
#1501=CARTESIAN_POINT('',(-5.349727990028E0,1.1E0,3.943844060084E0));
#1502=DIRECTION('',(0.E0,1.E0,0.E0));
#1503=DIRECTION('',(0.E0,0.E0,-1.E0));
#1504=AXIS2_PLACEMENT_3D('',#1501,#1502,#1503);
#1505=PLANE('',#1504);
#1506=ORIENTED_EDGE('',*,*,#1485,.T.);
#1508=ORIENTED_EDGE('',*,*,#1507,.F.);
#1510=ORIENTED_EDGE('',*,*,#1509,.F.);
#1511=ORIENTED_EDGE('',*,*,#1472,.T.);
#1512=EDGE_LOOP('',(#1506,#1508,#1510,#1511));
#1513=FACE_OUTER_BOUND('',#1512,.F.);
#1514=ADVANCED_FACE('',(#1513),#1505,.F.);
#1515=CARTESIAN_POINT('',(-5.469694480942E0,1.3E0,3.7821875E0));
#1516=DIRECTION('',(5.687500000001E-1,0.E0,8.225104482619E-1));
#1517=DIRECTION('',(8.225104482619E-1,0.E0,-5.687500000001E-1));
#1518=AXIS2_PLACEMENT_3D('',#1515,#1516,#1517);
#1519=PLANE('',#1518);
#1520=ORIENTED_EDGE('',*,*,#1136,.T.);
#1522=ORIENTED_EDGE('',*,*,#1521,.F.);
#1523=ORIENTED_EDGE('',*,*,#1507,.T.);
#1524=ORIENTED_EDGE('',*,*,#1496,.T.);
#1525=EDGE_LOOP('',(#1520,#1522,#1523,#1524));
#1526=FACE_OUTER_BOUND('',#1525,.F.);
#1527=ADVANCED_FACE('',(#1526),#1519,.F.);
#1528=CARTESIAN_POINT('',(0.E0,2.377923816185E0,0.E0));
#1529=DIRECTION('',(0.E0,-1.E0,0.E0));
#1530=DIRECTION('',(-1.E0,0.E0,0.E0));
#1531=AXIS2_PLACEMENT_3D('',#1528,#1529,#1530);
#1532=CYLINDRICAL_SURFACE('',#1531,8.E0);
#1534=ORIENTED_EDGE('',*,*,#1533,.T.);
#1535=ORIENTED_EDGE('',*,*,#1144,.T.);
#1537=ORIENTED_EDGE('',*,*,#1536,.F.);
#1539=ORIENTED_EDGE('',*,*,#1538,.T.);
#1541=ORIENTED_EDGE('',*,*,#1540,.F.);
#1542=ORIENTED_EDGE('',*,*,#1419,.T.);
#1543=ORIENTED_EDGE('',*,*,#1474,.T.);
#1544=ORIENTED_EDGE('',*,*,#1509,.T.);
#1545=ORIENTED_EDGE('',*,*,#1521,.T.);
#1547=ORIENTED_EDGE('',*,*,#1546,.F.);
#1549=ORIENTED_EDGE('',*,*,#1548,.F.);
#1550=EDGE_LOOP('',(#1534,#1535,#1537,#1539,#1541,#1542,#1543,#1544,#1545,#1547,
#1549));
#1551=FACE_OUTER_BOUND('',#1550,.F.);
#1552=ADVANCED_FACE('',(#1551),#1532,.T.);
#1553=CARTESIAN_POINT('',(-5.056572303665E0,2.475E0,-5.763679084851E0));
#1554=DIRECTION('',(7.071067811865E-1,0.E0,-7.071067811865E-1));
#1555=DIRECTION('',(-7.071067811865E-1,0.E0,-7.071067811865E-1));
#1556=AXIS2_PLACEMENT_3D('',#1553,#1554,#1555);
#1557=PLANE('',#1556);
#1559=ORIENTED_EDGE('',*,*,#1558,.F.);
#1561=ORIENTED_EDGE('',*,*,#1560,.F.);
#1563=ORIENTED_EDGE('',*,*,#1562,.F.);
#1564=ORIENTED_EDGE('',*,*,#1146,.F.);
#1565=ORIENTED_EDGE('',*,*,#1533,.F.);
#1567=ORIENTED_EDGE('',*,*,#1566,.F.);
#1569=ORIENTED_EDGE('',*,*,#1568,.F.);
#1571=ORIENTED_EDGE('',*,*,#1570,.F.);
#1573=ORIENTED_EDGE('',*,*,#1572,.T.);
#1575=ORIENTED_EDGE('',*,*,#1574,.F.);
#1576=EDGE_LOOP('',(#1559,#1561,#1563,#1564,#1565,#1567,#1569,#1571,#1573,
#1575));
#1577=FACE_OUTER_BOUND('',#1576,.F.);
#1578=ADVANCED_FACE('',(#1577),#1557,.F.);
#1579=CARTESIAN_POINT('',(-4.396639033893E0,2.222076183815E0,
-5.952273952503E0));
#1580=DIRECTION('',(0.E0,1.E0,0.E0));
#1581=DIRECTION('',(-7.071067811865E-1,0.E0,7.071067811865E-1));
#1582=AXIS2_PLACEMENT_3D('',#1579,#1580,#1581);
#1583=CYLINDRICAL_SURFACE('',#1582,6.000000000001E-1);
#1584=ORIENTED_EDGE('',*,*,#1311,.F.);
#1585=ORIENTED_EDGE('',*,*,#1386,.F.);
#1587=ORIENTED_EDGE('',*,*,#1586,.F.);
#1589=ORIENTED_EDGE('',*,*,#1588,.F.);
#1590=ORIENTED_EDGE('',*,*,#1558,.T.);
#1592=ORIENTED_EDGE('',*,*,#1591,.F.);
#1593=EDGE_LOOP('',(#1584,#1585,#1587,#1589,#1590,#1592));
#1594=FACE_OUTER_BOUND('',#1593,.F.);
#1595=ADVANCED_FACE('',(#1594),#1583,.T.);
#1596=CARTESIAN_POINT('',(0.E0,2.222076183815E0,0.E0));
#1597=DIRECTION('',(0.E0,1.E0,0.E0));
#1598=DIRECTION('',(0.E0,0.E0,1.E0));
#1599=AXIS2_PLACEMENT_3D('',#1596,#1597,#1598);
#1600=CYLINDRICAL_SURFACE('',#1599,7.1E0);
#1601=ORIENTED_EDGE('',*,*,#1384,.T.);
#1602=ORIENTED_EDGE('',*,*,#1281,.T.);
#1604=ORIENTED_EDGE('',*,*,#1603,.T.);
#1605=ORIENTED_EDGE('',*,*,#1586,.T.);
#1606=EDGE_LOOP('',(#1601,#1602,#1604,#1605));
#1607=FACE_OUTER_BOUND('',#1606,.F.);
#1608=ADVANCED_FACE('',(#1607),#1600,.F.);
#1609=CARTESIAN_POINT('',(-5.095439481547E0,2.65E0,-5.095439481547E0));
#1610=DIRECTION('',(0.E0,1.E0,0.E0));
#1611=DIRECTION('',(0.E0,0.E0,1.E0));
#1612=AXIS2_PLACEMENT_3D('',#1609,#1610,#1611);
#1613=PLANE('',#1612);
#1614=ORIENTED_EDGE('',*,*,#1603,.F.);
#1615=ORIENTED_EDGE('',*,*,#1279,.T.);
#1616=ORIENTED_EDGE('',*,*,#1264,.T.);
#1618=ORIENTED_EDGE('',*,*,#1617,.F.);
#1619=ORIENTED_EDGE('',*,*,#1560,.T.);
#1620=ORIENTED_EDGE('',*,*,#1588,.T.);
#1621=EDGE_LOOP('',(#1614,#1615,#1616,#1618,#1619,#1620));
#1622=FACE_OUTER_BOUND('',#1621,.F.);
#1623=ADVANCED_FACE('',(#1622),#1613,.T.);
#1624=CARTESIAN_POINT('',(0.E0,1.472076183815E0,0.E0));
#1625=DIRECTION('',(0.E0,1.E0,0.E0));
#1626=DIRECTION('',(0.E0,0.E0,1.E0));
#1627=AXIS2_PLACEMENT_3D('',#1624,#1625,#1626);
#1628=CYLINDRICAL_SURFACE('',#1627,7.4E0);
#1629=ORIENTED_EDGE('',*,*,#1617,.T.);
#1630=ORIENTED_EDGE('',*,*,#1262,.T.);
#1631=ORIENTED_EDGE('',*,*,#1148,.T.);
#1632=ORIENTED_EDGE('',*,*,#1562,.T.);
#1633=EDGE_LOOP('',(#1629,#1630,#1631,#1632));
#1634=FACE_OUTER_BOUND('',#1633,.F.);
#1635=ADVANCED_FACE('',(#1634),#1628,.T.);
#1636=CARTESIAN_POINT('',(4.177004065382E-4,2.75E0,4.177172032311E-4));
#1637=DIRECTION('',(0.E0,1.E0,0.E0));
#1638=DIRECTION('',(-1.E0,0.E0,0.E0));
#1639=AXIS2_PLACEMENT_3D('',#1636,#1637,#1638);
#1640=PLANE('',#1639);
#1641=ORIENTED_EDGE('',*,*,#1591,.T.);
#1642=ORIENTED_EDGE('',*,*,#1574,.T.);
#1644=ORIENTED_EDGE('',*,*,#1643,.T.);
#1645=ORIENTED_EDGE('',*,*,#1250,.T.);
#1646=ORIENTED_EDGE('',*,*,#1276,.T.);
#1647=ORIENTED_EDGE('',*,*,#1313,.T.);
#1648=EDGE_LOOP('',(#1641,#1642,#1644,#1645,#1646,#1647));
#1649=FACE_OUTER_BOUND('',#1648,.F.);
#1650=ADVANCED_FACE('',(#1649),#1640,.T.);
#1651=CARTESIAN_POINT('',(0.E0,3.477923816185E0,0.E0));
#1652=DIRECTION('',(0.E0,-1.E0,0.E0));
#1653=DIRECTION('',(-1.E0,0.E0,0.E0));
#1654=AXIS2_PLACEMENT_3D('',#1651,#1652,#1653);
#1655=CYLINDRICAL_SURFACE('',#1654,7.4E0);
#1656=ORIENTED_EDGE('',*,*,#1572,.F.);
#1658=ORIENTED_EDGE('',*,*,#1657,.F.);
#1659=ORIENTED_EDGE('',*,*,#1252,.F.);
#1660=ORIENTED_EDGE('',*,*,#1643,.F.);
#1661=EDGE_LOOP('',(#1656,#1658,#1659,#1660));
#1662=FACE_OUTER_BOUND('',#1661,.F.);
#1663=ADVANCED_FACE('',(#1662),#1655,.F.);
#1664=CARTESIAN_POINT('',(-1.748814755166E-1,3.45E0,-2.121428300956E-4));
#1665=DIRECTION('',(0.E0,1.E0,0.E0));
#1666=DIRECTION('',(-1.E0,0.E0,0.E0));
#1667=AXIS2_PLACEMENT_3D('',#1664,#1665,#1666);
#1668=PLANE('',#1667);
#1670=ORIENTED_EDGE('',*,*,#1669,.T.);
#1672=ORIENTED_EDGE('',*,*,#1671,.T.);
#1674=ORIENTED_EDGE('',*,*,#1673,.F.);
#1676=ORIENTED_EDGE('',*,*,#1675,.T.);
#1678=ORIENTED_EDGE('',*,*,#1677,.T.);
#1679=ORIENTED_EDGE('',*,*,#1254,.F.);
#1680=ORIENTED_EDGE('',*,*,#1657,.T.);
#1681=ORIENTED_EDGE('',*,*,#1570,.T.);
#1682=EDGE_LOOP('',(#1670,#1672,#1674,#1676,#1678,#1679,#1680,#1681));
#1683=FACE_OUTER_BOUND('',#1682,.F.);
#1684=ADVANCED_FACE('',(#1683),#1668,.T.);
#1685=CARTESIAN_POINT('',(0.E0,3.477923816185E0,0.E0));
#1686=DIRECTION('',(0.E0,-1.E0,0.E0));
#1687=DIRECTION('',(-1.E0,0.E0,0.E0));
#1688=AXIS2_PLACEMENT_3D('',#1685,#1686,#1687);
#1689=CYLINDRICAL_SURFACE('',#1688,7.85E0);
#1690=ORIENTED_EDGE('',*,*,#1669,.F.);
#1691=ORIENTED_EDGE('',*,*,#1568,.T.);
#1693=ORIENTED_EDGE('',*,*,#1692,.T.);
#1695=ORIENTED_EDGE('',*,*,#1694,.T.);
#1696=EDGE_LOOP('',(#1690,#1691,#1693,#1695));
#1697=FACE_OUTER_BOUND('',#1696,.F.);
#1698=ADVANCED_FACE('',(#1697),#1689,.T.);
#1699=CARTESIAN_POINT('',(-2.127554205307E-1,2.35E0,-2.429290510406E-4));
#1700=DIRECTION('',(0.E0,1.E0,0.E0));
#1701=DIRECTION('',(-1.E0,0.E0,0.E0));
#1702=AXIS2_PLACEMENT_3D('',#1699,#1700,#1701);
#1703=PLANE('',#1702);
#1705=ORIENTED_EDGE('',*,*,#1704,.T.);
#1706=ORIENTED_EDGE('',*,*,#1205,.T.);
#1708=ORIENTED_EDGE('',*,*,#1707,.F.);
#1709=ORIENTED_EDGE('',*,*,#1692,.F.);
#1710=ORIENTED_EDGE('',*,*,#1566,.T.);
#1711=ORIENTED_EDGE('',*,*,#1548,.T.);
#1712=EDGE_LOOP('',(#1705,#1706,#1708,#1709,#1710,#1711));
#1713=FACE_OUTER_BOUND('',#1712,.F.);
#1714=ADVANCED_FACE('',(#1713),#1703,.T.);
#1715=CARTESIAN_POINT('',(-7.540041793048E0,1.925E0,4.55E0));
#1716=DIRECTION('',(0.E0,0.E0,1.E0));
#1717=DIRECTION('',(-1.E0,0.E0,0.E0));
#1718=AXIS2_PLACEMENT_3D('',#1715,#1716,#1717);
#1719=PLANE('',#1718);
#1720=ORIENTED_EDGE('',*,*,#1207,.F.);
#1721=ORIENTED_EDGE('',*,*,#1704,.F.);
#1722=ORIENTED_EDGE('',*,*,#1546,.T.);
#1723=ORIENTED_EDGE('',*,*,#1134,.T.);
#1724=EDGE_LOOP('',(#1720,#1721,#1722,#1723));
#1725=FACE_OUTER_BOUND('',#1724,.F.);
#1726=ADVANCED_FACE('',(#1725),#1719,.T.);
#1727=CARTESIAN_POINT('',(-7.604719439231E0,2.975E0,3.95E0));
#1728=DIRECTION('',(0.E0,0.E0,1.E0));
#1729=DIRECTION('',(-1.E0,0.E0,0.E0));
#1730=AXIS2_PLACEMENT_3D('',#1727,#1728,#1729);
#1731=PLANE('',#1730);
#1733=ORIENTED_EDGE('',*,*,#1732,.F.);
#1735=ORIENTED_EDGE('',*,*,#1734,.F.);
#1736=ORIENTED_EDGE('',*,*,#1671,.F.);
#1737=ORIENTED_EDGE('',*,*,#1694,.F.);
#1738=ORIENTED_EDGE('',*,*,#1707,.T.);
#1739=ORIENTED_EDGE('',*,*,#1203,.T.);
#1740=EDGE_LOOP('',(#1733,#1735,#1736,#1737,#1738,#1739));
#1741=FACE_OUTER_BOUND('',#1740,.F.);
#1742=ADVANCED_FACE('',(#1741),#1731,.T.);
#1743=CARTESIAN_POINT('',(-7.751098773399E0,3.6E0,-1.199040866595E-13));
#1744=DIRECTION('',(0.E0,1.E0,0.E0));
#1745=DIRECTION('',(0.E0,0.E0,1.E0));
#1746=AXIS2_PLACEMENT_3D('',#1743,#1744,#1745);
#1747=PLANE('',#1746);
#1749=ORIENTED_EDGE('',*,*,#1748,.F.);
#1751=ORIENTED_EDGE('',*,*,#1750,.F.);
#1752=ORIENTED_EDGE('',*,*,#1732,.T.);
#1753=ORIENTED_EDGE('',*,*,#1201,.T.);
#1754=EDGE_LOOP('',(#1749,#1751,#1752,#1753));
#1755=FACE_OUTER_BOUND('',#1754,.F.);
#1756=ADVANCED_FACE('',(#1755),#1747,.T.);
#1757=CARTESIAN_POINT('',(-7.604719439231E0,2.975E0,-3.95E0));
#1758=DIRECTION('',(0.E0,0.E0,1.E0));
#1759=DIRECTION('',(1.E0,0.E0,0.E0));
#1760=AXIS2_PLACEMENT_3D('',#1757,#1758,#1759);
#1761=PLANE('',#1760);
#1762=ORIENTED_EDGE('',*,*,#1748,.T.);
#1763=ORIENTED_EDGE('',*,*,#1199,.T.);
#1765=ORIENTED_EDGE('',*,*,#1764,.T.);
#1767=ORIENTED_EDGE('',*,*,#1766,.F.);
#1768=ORIENTED_EDGE('',*,*,#1675,.F.);
#1770=ORIENTED_EDGE('',*,*,#1769,.F.);
#1771=EDGE_LOOP('',(#1762,#1763,#1765,#1767,#1768,#1770));
#1772=FACE_OUTER_BOUND('',#1771,.F.);
#1773=ADVANCED_FACE('',(#1772),#1761,.F.);
#1774=CARTESIAN_POINT('',(-7.159352576783E0,2.35E0,-4.621120752362E0));
#1775=DIRECTION('',(0.E0,1.E0,0.E0));
#1776=DIRECTION('',(-1.E0,0.E0,0.E0));
#1777=AXIS2_PLACEMENT_3D('',#1774,#1775,#1776);
#1778=PLANE('',#1777);
#1779=ORIENTED_EDGE('',*,*,#1224,.T.);
#1780=ORIENTED_EDGE('',*,*,#1236,.T.);
#1781=ORIENTED_EDGE('',*,*,#1258,.F.);
#1783=ORIENTED_EDGE('',*,*,#1782,.F.);
#1784=ORIENTED_EDGE('',*,*,#1764,.F.);
#1785=ORIENTED_EDGE('',*,*,#1197,.T.);
#1786=EDGE_LOOP('',(#1779,#1780,#1781,#1783,#1784,#1785));
#1787=FACE_OUTER_BOUND('',#1786,.F.);
#1788=ADVANCED_FACE('',(#1787),#1778,.T.);
#1789=CARTESIAN_POINT('',(0.E0,3.477923816185E0,0.E0));
#1790=DIRECTION('',(0.E0,-1.E0,0.E0));
#1791=DIRECTION('',(-1.E0,0.E0,0.E0));
#1792=AXIS2_PLACEMENT_3D('',#1789,#1790,#1791);
#1793=CYLINDRICAL_SURFACE('',#1792,7.85E0);
#1794=ORIENTED_EDGE('',*,*,#1677,.F.);
#1795=ORIENTED_EDGE('',*,*,#1766,.T.);
#1796=ORIENTED_EDGE('',*,*,#1782,.T.);
#1797=ORIENTED_EDGE('',*,*,#1256,.F.);
#1798=EDGE_LOOP('',(#1794,#1795,#1796,#1797));
#1799=FACE_OUTER_BOUND('',#1798,.F.);
#1800=ADVANCED_FACE('',(#1799),#1793,.T.);
#1801=CARTESIAN_POINT('',(0.E0,3.422076183815E0,0.E0));
#1802=DIRECTION('',(0.E0,1.E0,0.E0));
#1803=DIRECTION('',(0.E0,0.E0,1.E0));
#1804=AXIS2_PLACEMENT_3D('',#1801,#1802,#1803);
#1805=CYLINDRICAL_SURFACE('',#1804,8.2E0);
#1806=ORIENTED_EDGE('',*,*,#1750,.T.);
#1807=ORIENTED_EDGE('',*,*,#1769,.T.);
#1808=ORIENTED_EDGE('',*,*,#1673,.T.);
#1809=ORIENTED_EDGE('',*,*,#1734,.T.);
#1810=EDGE_LOOP('',(#1806,#1807,#1808,#1809));
#1811=FACE_OUTER_BOUND('',#1810,.F.);
#1812=ADVANCED_FACE('',(#1811),#1805,.F.);
#1813=CARTESIAN_POINT('',(-3.665129623230E0,1.3E0,-5.548190723760E0));
#1814=DIRECTION('',(8.660254037845E-1,0.E0,-4.999999999999E-1));
#1815=DIRECTION('',(-4.999999999999E-1,0.E0,-8.660254037845E-1));
#1816=AXIS2_PLACEMENT_3D('',#1813,#1814,#1815);
#1817=PLANE('',#1816);
#1818=ORIENTED_EDGE('',*,*,#1142,.T.);
#1820=ORIENTED_EDGE('',*,*,#1819,.F.);
#1822=ORIENTED_EDGE('',*,*,#1821,.T.);
#1823=ORIENTED_EDGE('',*,*,#1536,.T.);
#1824=EDGE_LOOP('',(#1818,#1820,#1822,#1823));
#1825=FACE_OUTER_BOUND('',#1824,.F.);
#1826=ADVANCED_FACE('',(#1825),#1817,.F.);
#1827=CARTESIAN_POINT('',(0.E0,1.53E0,0.E0));
#1828=DIRECTION('',(0.E0,-1.E0,0.E0));
#1829=DIRECTION('',(-1.E0,0.E0,0.E0));
#1830=AXIS2_PLACEMENT_3D('',#1827,#1828,#1829);
#1831=CYLINDRICAL_SURFACE('',#1830,5.3E0);
#1833=ORIENTED_EDGE('',*,*,#1832,.T.);
#1834=ORIENTED_EDGE('',*,*,#1819,.T.);
#1835=ORIENTED_EDGE('',*,*,#1140,.T.);
#1836=ORIENTED_EDGE('',*,*,#1493,.T.);
#1838=ORIENTED_EDGE('',*,*,#1837,.F.);
#1839=ORIENTED_EDGE('',*,*,#1489,.T.);
#1840=ORIENTED_EDGE('',*,*,#1423,.T.);
#1842=ORIENTED_EDGE('',*,*,#1841,.F.);
#1843=EDGE_LOOP('',(#1833,#1834,#1835,#1836,#1838,#1839,#1840,#1842));
#1844=FACE_OUTER_BOUND('',#1843,.F.);
#1845=ADVANCED_FACE('',(#1844),#1831,.T.);
#1846=CARTESIAN_POINT('',(-3.495703516301E0,1.1E0,-5.652523560497E0));
#1847=DIRECTION('',(0.E0,1.E0,0.E0));
#1848=DIRECTION('',(0.E0,0.E0,-1.E0));
#1849=AXIS2_PLACEMENT_3D('',#1846,#1847,#1848);
#1850=PLANE('',#1849);
#1851=ORIENTED_EDGE('',*,*,#1832,.F.);
#1853=ORIENTED_EDGE('',*,*,#1852,.F.);
#1854=ORIENTED_EDGE('',*,*,#1538,.F.);
#1855=ORIENTED_EDGE('',*,*,#1821,.F.);
#1856=EDGE_LOOP('',(#1851,#1853,#1854,#1855));
#1857=FACE_OUTER_BOUND('',#1856,.F.);
#1858=ADVANCED_FACE('',(#1857),#1850,.F.);
#1859=CARTESIAN_POINT('',(-3.325E0,1.3E0,-5.759068935167E0));
#1860=DIRECTION('',(8.660254037845E-1,0.E0,-5.E-1));
#1861=DIRECTION('',(5.E-1,0.E0,8.660254037845E-1));
#1862=AXIS2_PLACEMENT_3D('',#1859,#1860,#1861);
#1863=PLANE('',#1862);
#1864=ORIENTED_EDGE('',*,*,#1421,.T.);
#1865=ORIENTED_EDGE('',*,*,#1540,.T.);
#1866=ORIENTED_EDGE('',*,*,#1852,.T.);
#1867=ORIENTED_EDGE('',*,*,#1841,.T.);
#1868=EDGE_LOOP('',(#1864,#1865,#1866,#1867));
#1869=FACE_OUTER_BOUND('',#1868,.F.);
#1870=ADVANCED_FACE('',(#1869),#1863,.T.);
#1871=CARTESIAN_POINT('',(0.E0,0.E0,0.E0));
#1872=DIRECTION('',(0.E0,1.E0,0.E0));
#1873=DIRECTION('',(-1.E0,0.E0,0.E0));
#1874=AXIS2_PLACEMENT_3D('',#1871,#1872,#1873);
#1875=PLANE('',#1874);
#1876=ORIENTED_EDGE('',*,*,#1491,.T.);
#1877=ORIENTED_EDGE('',*,*,#1837,.T.);
#1878=EDGE_LOOP('',(#1876,#1877));
#1879=FACE_OUTER_BOUND('',#1878,.F.);
#1881=ORIENTED_EDGE('',*,*,#1880,.F.);
#1883=ORIENTED_EDGE('',*,*,#1882,.F.);
#1884=EDGE_LOOP('',(#1881,#1883));
#1885=FACE_BOUND('',#1884,.F.);
#1886=ADVANCED_FACE('',(#1879,#1885),#1875,.F.);
#1887=CARTESIAN_POINT('',(0.E0,1.8462E0,0.E0));
#1888=DIRECTION('',(0.E0,-1.E0,0.E0));
#1889=DIRECTION('',(-1.E0,0.E0,0.E0));
#1890=AXIS2_PLACEMENT_3D('',#1887,#1888,#1889);
#1891=CYLINDRICAL_SURFACE('',#1890,5.025E0);
#1892=ORIENTED_EDGE('',*,*,#1880,.T.);
#1894=ORIENTED_EDGE('',*,*,#1893,.F.);
#1896=ORIENTED_EDGE('',*,*,#1895,.F.);
#1898=ORIENTED_EDGE('',*,*,#1897,.F.);
#1899=EDGE_LOOP('',(#1892,#1894,#1896,#1898));
#1900=FACE_OUTER_BOUND('',#1899,.F.);
#1901=ADVANCED_FACE('',(#1900),#1891,.F.);
#1902=CARTESIAN_POINT('',(0.E0,1.8462E0,0.E0));
#1903=DIRECTION('',(0.E0,-1.E0,0.E0));
#1904=DIRECTION('',(-1.E0,0.E0,0.E0));
#1905=AXIS2_PLACEMENT_3D('',#1902,#1903,#1904);
#1906=CYLINDRICAL_SURFACE('',#1905,5.025E0);
#1907=ORIENTED_EDGE('',*,*,#1882,.T.);
#1908=ORIENTED_EDGE('',*,*,#1897,.T.);
#1910=ORIENTED_EDGE('',*,*,#1909,.F.);
#1911=ORIENTED_EDGE('',*,*,#1893,.T.);
#1912=EDGE_LOOP('',(#1907,#1908,#1910,#1911));
#1913=FACE_OUTER_BOUND('',#1912,.F.);
#1914=ADVANCED_FACE('',(#1913),#1906,.F.);
#1915=CARTESIAN_POINT('',(0.E0,1.81E0,0.E0));
#1916=DIRECTION('',(0.E0,1.E0,0.E0));
#1917=DIRECTION('',(-1.E0,0.E0,0.E0));
#1918=AXIS2_PLACEMENT_3D('',#1915,#1916,#1917);
#1919=PLANE('',#1918);
#1921=ORIENTED_EDGE('',*,*,#1920,.F.);
#1923=ORIENTED_EDGE('',*,*,#1922,.F.);
#1924=EDGE_LOOP('',(#1921,#1923));
#1925=FACE_OUTER_BOUND('',#1924,.F.);
#1926=ORIENTED_EDGE('',*,*,#1909,.T.);
#1927=ORIENTED_EDGE('',*,*,#1895,.T.);
#1928=EDGE_LOOP('',(#1926,#1927));
#1929=FACE_BOUND('',#1928,.F.);
#1930=ADVANCED_FACE('',(#1925,#1929),#1919,.T.);
#1931=CARTESIAN_POINT('',(0.E0,2.087923816185E0,0.E0));
#1932=DIRECTION('',(0.E0,-1.E0,0.E0));
#1933=DIRECTION('',(-1.E0,0.E0,0.E0));
#1934=AXIS2_PLACEMENT_3D('',#1931,#1932,#1933);
#1935=CYLINDRICAL_SURFACE('',#1934,5.3E0);
#1937=ORIENTED_EDGE('',*,*,#1936,.F.);
#1939=ORIENTED_EDGE('',*,*,#1938,.F.);
#1941=ORIENTED_EDGE('',*,*,#1940,.F.);
#1942=ORIENTED_EDGE('',*,*,#1920,.T.);
#1943=EDGE_LOOP('',(#1937,#1939,#1941,#1942));
#1944=FACE_OUTER_BOUND('',#1943,.F.);
#1945=ADVANCED_FACE('',(#1944),#1935,.F.);
#1946=CARTESIAN_POINT('',(0.E0,2.087923816185E0,0.E0));
#1947=DIRECTION('',(0.E0,-1.E0,0.E0));
#1948=DIRECTION('',(-1.E0,0.E0,0.E0));
#1949=AXIS2_PLACEMENT_3D('',#1946,#1947,#1948);
#1950=CYLINDRICAL_SURFACE('',#1949,5.3E0);
#1951=ORIENTED_EDGE('',*,*,#1936,.T.);
#1952=ORIENTED_EDGE('',*,*,#1922,.T.);
#1953=ORIENTED_EDGE('',*,*,#1940,.T.);
#1955=ORIENTED_EDGE('',*,*,#1954,.F.);
#1956=EDGE_LOOP('',(#1951,#1952,#1953,#1955));
#1957=FACE_OUTER_BOUND('',#1956,.F.);
#1958=ADVANCED_FACE('',(#1957),#1950,.F.);
#1959=CARTESIAN_POINT('',(0.E0,2.06E0,0.E0));
#1960=DIRECTION('',(0.E0,1.E0,0.E0));
#1961=DIRECTION('',(-1.E0,0.E0,0.E0));
#1962=AXIS2_PLACEMENT_3D('',#1959,#1960,#1961);
#1963=PLANE('',#1962);
#1964=ORIENTED_EDGE('',*,*,#1954,.T.);
#1965=ORIENTED_EDGE('',*,*,#1938,.T.);
#1966=EDGE_LOOP('',(#1964,#1965));
#1967=FACE_OUTER_BOUND('',#1966,.F.);
#1969=ORIENTED_EDGE('',*,*,#1968,.F.);
#1971=ORIENTED_EDGE('',*,*,#1970,.F.);
#1972=EDGE_LOOP('',(#1969,#1971));
#1973=FACE_BOUND('',#1972,.F.);
#1974=ADVANCED_FACE('',(#1967,#1973),#1963,.F.);
#1975=CARTESIAN_POINT('',(0.E0,2.277923816185E0,0.E0));
#1976=DIRECTION('',(0.E0,-1.E0,0.E0));
#1977=DIRECTION('',(-1.E0,0.E0,0.E0));
#1978=AXIS2_PLACEMENT_3D('',#1975,#1976,#1977);
#1979=CYLINDRICAL_SURFACE('',#1978,5.025E0);
#1980=ORIENTED_EDGE('',*,*,#1391,.T.);
#1982=ORIENTED_EDGE('',*,*,#1981,.F.);
#1983=ORIENTED_EDGE('',*,*,#1968,.T.);
#1985=ORIENTED_EDGE('',*,*,#1984,.F.);
#1986=EDGE_LOOP('',(#1980,#1982,#1983,#1985));
#1987=FACE_OUTER_BOUND('',#1986,.F.);
#1988=ADVANCED_FACE('',(#1987),#1979,.F.);
#1989=CARTESIAN_POINT('',(0.E0,2.277923816185E0,0.E0));
#1990=DIRECTION('',(0.E0,-1.E0,0.E0));
#1991=DIRECTION('',(-1.E0,0.E0,0.E0));
#1992=AXIS2_PLACEMENT_3D('',#1989,#1990,#1991);
#1993=CYLINDRICAL_SURFACE('',#1992,5.025E0);
#1994=ORIENTED_EDGE('',*,*,#1393,.T.);
#1995=ORIENTED_EDGE('',*,*,#1984,.T.);
#1996=ORIENTED_EDGE('',*,*,#1970,.T.);
#1997=ORIENTED_EDGE('',*,*,#1981,.T.);
#1998=EDGE_LOOP('',(#1994,#1995,#1996,#1997));
#1999=FACE_OUTER_BOUND('',#1998,.F.);
#2000=ADVANCED_FACE('',(#1999),#1993,.F.);
#2001=CARTESIAN_POINT('',(6.585293185862E-1,2.277923816185E0,
-6.265487940820E0));
#2002=DIRECTION('',(0.E0,-1.E0,0.E0));
#2003=DIRECTION('',(0.E0,0.E0,-1.E0));
#2004=AXIS2_PLACEMENT_3D('',#2001,#2002,#2003);
#2005=CYLINDRICAL_SURFACE('',#2004,5.E-1);
#2006=ORIENTED_EDGE('',*,*,#1352,.T.);
#2008=ORIENTED_EDGE('',*,*,#2007,.F.);
#2009=ORIENTED_EDGE('',*,*,#1431,.T.);
#2010=ORIENTED_EDGE('',*,*,#1303,.T.);
#2011=EDGE_LOOP('',(#2006,#2008,#2009,#2010));
#2012=FACE_OUTER_BOUND('',#2011,.F.);
#2013=ADVANCED_FACE('',(#2012),#2005,.F.);
#2014=CARTESIAN_POINT('',(0.E0,2.277923816185E0,0.E0));
#2015=DIRECTION('',(0.E0,-1.E0,0.E0));
#2016=DIRECTION('',(0.E0,0.E0,-1.E0));
#2017=AXIS2_PLACEMENT_3D('',#2014,#2015,#2016);
#2018=CYLINDRICAL_SURFACE('',#2017,5.8E0);
#2019=ORIENTED_EDGE('',*,*,#1350,.T.);
#2020=ORIENTED_EDGE('',*,*,#1407,.T.);
#2021=ORIENTED_EDGE('',*,*,#1433,.T.);
#2022=ORIENTED_EDGE('',*,*,#2007,.T.);
#2023=EDGE_LOOP('',(#2019,#2020,#2021,#2022));
#2024=FACE_OUTER_BOUND('',#2023,.F.);
#2025=ADVANCED_FACE('',(#2024),#2018,.T.);
#2026=CARTESIAN_POINT('',(2.154726902952E0,2.277923816185E0,-5.920063510951E0));
#2027=DIRECTION('',(0.E0,-1.E0,0.E0));
#2028=DIRECTION('',(0.E0,0.E0,-1.E0));
#2029=AXIS2_PLACEMENT_3D('',#2026,#2027,#2028);
#2030=CYLINDRICAL_SURFACE('',#2029,5.E-1);
#2031=ORIENTED_EDGE('',*,*,#1355,.T.);
#2032=ORIENTED_EDGE('',*,*,#1299,.T.);
#2033=ORIENTED_EDGE('',*,*,#1437,.T.);
#2035=ORIENTED_EDGE('',*,*,#2034,.F.);
#2036=EDGE_LOOP('',(#2031,#2032,#2033,#2035));
#2037=FACE_OUTER_BOUND('',#2036,.F.);
#2038=ADVANCED_FACE('',(#2037),#2030,.F.);
#2039=CARTESIAN_POINT('',(0.E0,2.277923816185E0,0.E0));
#2040=DIRECTION('',(0.E0,-1.E0,0.E0));
#2041=DIRECTION('',(0.E0,0.E0,-1.E0));
#2042=AXIS2_PLACEMENT_3D('',#2039,#2040,#2041);
#2043=CYLINDRICAL_SURFACE('',#2042,5.8E0);
#2044=ORIENTED_EDGE('',*,*,#1357,.T.);
#2045=ORIENTED_EDGE('',*,*,#2034,.T.);
#2046=ORIENTED_EDGE('',*,*,#1442,.T.);
#2048=ORIENTED_EDGE('',*,*,#2047,.F.);
#2049=EDGE_LOOP('',(#2044,#2045,#2046,#2048));
#2050=FACE_OUTER_BOUND('',#2049,.F.);
#2051=ADVANCED_FACE('',(#2050),#2043,.T.);
#2052=CARTESIAN_POINT('',(4.376347733892E0,2.277923816185E0,-4.531840742134E0));
#2053=DIRECTION('',(0.E0,-1.E0,0.E0));
#2054=DIRECTION('',(0.E0,0.E0,-1.E0));
#2055=AXIS2_PLACEMENT_3D('',#2052,#2053,#2054);
#2056=CYLINDRICAL_SURFACE('',#2055,5.E-1);
#2057=ORIENTED_EDGE('',*,*,#1359,.T.);
#2058=ORIENTED_EDGE('',*,*,#2047,.T.);
#2059=ORIENTED_EDGE('',*,*,#1440,.T.);
#2060=ORIENTED_EDGE('',*,*,#1295,.T.);
#2061=EDGE_LOOP('',(#2057,#2058,#2059,#2060));
#2062=FACE_OUTER_BOUND('',#2061,.F.);
#2063=ADVANCED_FACE('',(#2062),#2056,.F.);
#2064=CARTESIAN_POINT('',(-2.154726902952E0,2.277923816185E0,5.920063510951E0));
#2065=DIRECTION('',(0.E0,-1.E0,0.E0));
#2066=DIRECTION('',(0.E0,0.E0,-1.E0));
#2067=AXIS2_PLACEMENT_3D('',#2064,#2065,#2066);
#2068=CYLINDRICAL_SURFACE('',#2067,5.E-1);
#2069=ORIENTED_EDGE('',*,*,#1369,.T.);
#2070=ORIENTED_EDGE('',*,*,#1330,.T.);
#2071=ORIENTED_EDGE('',*,*,#1446,.T.);
#2073=ORIENTED_EDGE('',*,*,#2072,.F.);
#2074=EDGE_LOOP('',(#2069,#2070,#2071,#2073));
#2075=FACE_OUTER_BOUND('',#2074,.F.);
#2076=ADVANCED_FACE('',(#2075),#2068,.F.);
#2077=CARTESIAN_POINT('',(0.E0,2.277923816185E0,0.E0));
#2078=DIRECTION('',(0.E0,-1.E0,0.E0));
#2079=DIRECTION('',(0.E0,0.E0,-1.E0));
#2080=AXIS2_PLACEMENT_3D('',#2077,#2078,#2079);
#2081=CYLINDRICAL_SURFACE('',#2080,5.8E0);
#2082=ORIENTED_EDGE('',*,*,#1371,.T.);
#2083=ORIENTED_EDGE('',*,*,#2072,.T.);
#2084=ORIENTED_EDGE('',*,*,#1451,.T.);
#2086=ORIENTED_EDGE('',*,*,#2085,.F.);
#2087=EDGE_LOOP('',(#2082,#2083,#2084,#2086));
#2088=FACE_OUTER_BOUND('',#2087,.F.);
#2089=ADVANCED_FACE('',(#2088),#2081,.T.);
#2090=CARTESIAN_POINT('',(-4.376347733892E0,2.277923816185E0,4.531840742134E0));
#2091=DIRECTION('',(0.E0,-1.E0,0.E0));
#2092=DIRECTION('',(0.E0,0.E0,-1.E0));
#2093=AXIS2_PLACEMENT_3D('',#2090,#2091,#2092);
#2094=CYLINDRICAL_SURFACE('',#2093,5.E-1);
#2095=ORIENTED_EDGE('',*,*,#1373,.T.);
#2096=ORIENTED_EDGE('',*,*,#2085,.T.);
#2097=ORIENTED_EDGE('',*,*,#1449,.T.);
#2098=ORIENTED_EDGE('',*,*,#1326,.T.);
#2099=EDGE_LOOP('',(#2095,#2096,#2097,#2098));
#2100=FACE_OUTER_BOUND('',#2099,.F.);
#2101=ADVANCED_FACE('',(#2100),#2094,.F.);
#2102=CARTESIAN_POINT('',(1.946807064562E0,2.277923816185E0,5.991656052659E0));
#2103=DIRECTION('',(0.E0,-1.E0,0.E0));
#2104=DIRECTION('',(0.E0,0.E0,-1.E0));
#2105=AXIS2_PLACEMENT_3D('',#2102,#2103,#2104);
#2106=CYLINDRICAL_SURFACE('',#2105,5.E-1);
#2107=ORIENTED_EDGE('',*,*,#1362,.T.);
#2108=ORIENTED_EDGE('',*,*,#1338,.T.);
#2109=ORIENTED_EDGE('',*,*,#1455,.T.);
#2111=ORIENTED_EDGE('',*,*,#2110,.F.);
#2112=EDGE_LOOP('',(#2107,#2108,#2109,#2111));
#2113=FACE_OUTER_BOUND('',#2112,.F.);
#2114=ADVANCED_FACE('',(#2113),#2106,.F.);
#2115=CARTESIAN_POINT('',(0.E0,2.277923816185E0,0.E0));
#2116=DIRECTION('',(0.E0,-1.E0,0.E0));
#2117=DIRECTION('',(0.E0,0.E0,-1.E0));
#2118=AXIS2_PLACEMENT_3D('',#2115,#2116,#2117);
#2119=CYLINDRICAL_SURFACE('',#2118,5.8E0);
#2120=ORIENTED_EDGE('',*,*,#1364,.T.);
#2121=ORIENTED_EDGE('',*,*,#2110,.T.);
#2122=ORIENTED_EDGE('',*,*,#1460,.T.);
#2124=ORIENTED_EDGE('',*,*,#2123,.F.);
#2125=EDGE_LOOP('',(#2120,#2121,#2122,#2124));
#2126=FACE_OUTER_BOUND('',#2125,.F.);
#2127=ADVANCED_FACE('',(#2126),#2119,.T.);
#2128=CARTESIAN_POINT('',(-6.585293185862E-1,2.277923816185E0,
6.265487940820E0));
#2129=DIRECTION('',(0.E0,-1.E0,0.E0));
#2130=DIRECTION('',(0.E0,0.E0,-1.E0));
#2131=AXIS2_PLACEMENT_3D('',#2128,#2129,#2130);
#2132=CYLINDRICAL_SURFACE('',#2131,5.E-1);
#2133=ORIENTED_EDGE('',*,*,#1366,.T.);
#2134=ORIENTED_EDGE('',*,*,#2123,.T.);
#2135=ORIENTED_EDGE('',*,*,#1458,.T.);
#2136=ORIENTED_EDGE('',*,*,#1334,.T.);
#2137=EDGE_LOOP('',(#2133,#2134,#2135,#2136));
#2138=FACE_OUTER_BOUND('',#2137,.F.);
#2139=ADVANCED_FACE('',(#2138),#2132,.F.);
#2140=CARTESIAN_POINT('',(-4.976188211984E0,2.3E0,3.4409375E0));
#2141=DIRECTION('',(5.687499999999E-1,0.E0,8.225104482620E-1));
#2142=DIRECTION('',(-8.225104482620E-1,0.E0,5.687499999999E-1));
#2143=AXIS2_PLACEMENT_3D('',#2140,#2141,#2142);
#2144=PLANE('',#2143);
#2146=ORIENTED_EDGE('',*,*,#2145,.T.);
#2148=ORIENTED_EDGE('',*,*,#2147,.T.);
#2149=ORIENTED_EDGE('',*,*,#1376,.T.);
#2150=ORIENTED_EDGE('',*,*,#1322,.T.);
#2151=EDGE_LOOP('',(#2146,#2148,#2149,#2150));
#2152=FACE_OUTER_BOUND('',#2151,.F.);
#2153=ADVANCED_FACE('',(#2152),#2144,.T.);
#2154=CARTESIAN_POINT('',(-5.579652687894E0,2.35E0,1.865174681370E-14));
#2155=DIRECTION('',(0.E0,1.E0,0.E0));
#2156=DIRECTION('',(-1.E0,0.E0,0.E0));
#2157=AXIS2_PLACEMENT_3D('',#2154,#2155,#2156);
#2158=PLANE('',#2157);
#2160=ORIENTED_EDGE('',*,*,#2159,.F.);
#2162=ORIENTED_EDGE('',*,*,#2161,.F.);
#2163=ORIENTED_EDGE('',*,*,#2145,.F.);
#2164=ORIENTED_EDGE('',*,*,#1320,.T.);
#2165=EDGE_LOOP('',(#2160,#2162,#2163,#2164));
#2166=FACE_OUTER_BOUND('',#2165,.F.);
#2167=ADVANCED_FACE('',(#2166),#2158,.T.);
#2168=CARTESIAN_POINT('',(-4.976188211984E0,2.3E0,-3.4409375E0));
#2169=DIRECTION('',(-5.687499999999E-1,0.E0,8.225104482620E-1));
#2170=DIRECTION('',(8.225104482620E-1,0.E0,5.687499999999E-1));
#2171=AXIS2_PLACEMENT_3D('',#2168,#2169,#2170);
#2172=PLANE('',#2171);
#2173=ORIENTED_EDGE('',*,*,#2159,.T.);
#2174=ORIENTED_EDGE('',*,*,#1318,.T.);
#2175=ORIENTED_EDGE('',*,*,#1380,.T.);
#2177=ORIENTED_EDGE('',*,*,#2176,.F.);
#2178=EDGE_LOOP('',(#2173,#2174,#2175,#2177));
#2179=FACE_OUTER_BOUND('',#2178,.F.);
#2180=ADVANCED_FACE('',(#2179),#2172,.F.);
#2181=CARTESIAN_POINT('',(0.E0,2.377923816185E0,0.E0));
#2182=DIRECTION('',(0.E0,-1.E0,0.E0));
#2183=DIRECTION('',(0.E0,0.E0,-1.E0));
#2184=AXIS2_PLACEMENT_3D('',#2181,#2182,#2183);
#2185=CYLINDRICAL_SURFACE('',#2184,5.3E0);
#2186=ORIENTED_EDGE('',*,*,#1378,.T.);
#2187=ORIENTED_EDGE('',*,*,#2147,.F.);
#2188=ORIENTED_EDGE('',*,*,#2161,.T.);
#2189=ORIENTED_EDGE('',*,*,#2176,.T.);
#2190=EDGE_LOOP('',(#2186,#2187,#2188,#2189));
#2191=FACE_OUTER_BOUND('',#2190,.F.);
#2192=ADVANCED_FACE('',(#2191),#2185,.F.);
#2193=CARTESIAN_POINT('',(-8.E0,1.E0,5.E-1));
#2194=DIRECTION('',(0.E0,0.E0,1.E0));
#2195=DIRECTION('',(-1.E0,0.E0,0.E0));
#2196=AXIS2_PLACEMENT_3D('',#2193,#2194,#2195);
#2197=PLANE('',#2196);
#2198=ORIENTED_EDGE('',*,*,#1130,.T.);
#2199=ORIENTED_EDGE('',*,*,#1117,.F.);
#2201=ORIENTED_EDGE('',*,*,#2200,.F.);
#2202=ORIENTED_EDGE('',*,*,#1182,.T.);
#2203=EDGE_LOOP('',(#2198,#2199,#2201,#2202));
#2204=FACE_OUTER_BOUND('',#2203,.F.);
#2205=ADVANCED_FACE('',(#2204),#2197,.T.);
#2206=CARTESIAN_POINT('',(-8.E0,5.E-1,0.E0));
#2207=DIRECTION('',(0.E0,1.E0,0.E0));
#2208=DIRECTION('',(0.E0,0.E0,-1.E0));
#2209=AXIS2_PLACEMENT_3D('',#2206,#2207,#2208);
#2210=PLANE('',#2209);
#2211=ORIENTED_EDGE('',*,*,#1184,.T.);
#2212=ORIENTED_EDGE('',*,*,#2200,.T.);
#2213=ORIENTED_EDGE('',*,*,#1115,.T.);
#2214=ORIENTED_EDGE('',*,*,#1169,.T.);
#2215=EDGE_LOOP('',(#2211,#2212,#2213,#2214));
#2216=FACE_OUTER_BOUND('',#2215,.F.);
#2217=ADVANCED_FACE('',(#2216),#2210,.F.);
#2218=CLOSED_SHELL('',(#1121,#1160,#1174,#1189,#1214,#1228,#1242,#1268,#1287,
#1342,#1397,#1411,#1464,#1479,#1500,#1514,#1527,#1552,#1578,#1595,#1608,#1623,
#1635,#1650,#1663,#1684,#1698,#1714,#1726,#1742,#1756,#1773,#1788,#1800,#1812,
#1826,#1845,#1858,#1870,#1886,#1901,#1914,#1930,#1945,#1958,#1974,#1988,#2000,
#2013,#2025,#2038,#2051,#2063,#2076,#2089,#2101,#2114,#2127,#2139,#2153,#2167,
#2180,#2192,#2205,#2217));
#2219=MANIFOLD_SOLID_BREP('',#2218);
#2220=DIRECTION('',(0.E0,-1.E0,0.E0));
#2221=VECTOR('',#2220,5.1E-1);
#2222=CARTESIAN_POINT('',(1.E0,5.1E-1,0.E0));
#2223=LINE('',#2222,#2221);
#2224=CARTESIAN_POINT('',(0.E0,0.E0,0.E0));
#2225=DIRECTION('',(0.E0,1.E0,0.E0));
#2226=DIRECTION('',(1.E0,0.E0,0.E0));
#2227=AXIS2_PLACEMENT_3D('',#2224,#2225,#2226);
#2229=DIRECTION('',(0.E0,1.E0,0.E0));
#2230=VECTOR('',#2229,5.1E-1);
#2231=CARTESIAN_POINT('',(-1.E0,0.E0,0.E0));
#2232=LINE('',#2231,#2230);
#2233=CARTESIAN_POINT('',(0.E0,5.1E-1,0.E0));
#2234=DIRECTION('',(0.E0,-1.E0,0.E0));
#2235=DIRECTION('',(-1.E0,0.E0,0.E0));
#2236=AXIS2_PLACEMENT_3D('',#2233,#2234,#2235);
#2238=CARTESIAN_POINT('',(0.E0,5.1E-1,0.E0));
#2239=DIRECTION('',(0.E0,-1.E0,0.E0));
#2240=DIRECTION('',(1.E0,0.E0,0.E0));
#2241=AXIS2_PLACEMENT_3D('',#2238,#2239,#2240);
#2243=CARTESIAN_POINT('',(0.E0,0.E0,0.E0));
#2244=DIRECTION('',(0.E0,1.E0,0.E0));
#2245=DIRECTION('',(-1.E0,0.E0,0.E0));
#2246=AXIS2_PLACEMENT_3D('',#2243,#2244,#2245);
#2248=CARTESIAN_POINT('',(0.E0,5.1E-1,0.E0));
#2249=DIRECTION('',(0.E0,-1.E0,0.E0));
#2250=DIRECTION('',(-1.E0,0.E0,0.E0));
#2251=AXIS2_PLACEMENT_3D('',#2248,#2249,#2250);
#2253=CARTESIAN_POINT('',(0.E0,5.1E-1,0.E0));
#2254=DIRECTION('',(0.E0,-1.E0,0.E0));
#2255=DIRECTION('',(1.E0,0.E0,0.E0));
#2256=AXIS2_PLACEMENT_3D('',#2253,#2254,#2255);
#2258=DIRECTION('',(0.E0,-1.E0,0.E0));
#2259=VECTOR('',#2258,1.8E0);
#2260=CARTESIAN_POINT('',(4.515E0,2.31E0,0.E0));
#2261=LINE('',#2260,#2259);
#2262=DIRECTION('',(0.E0,1.E0,0.E0));
#2263=VECTOR('',#2262,1.8E0);
#2264=CARTESIAN_POINT('',(-4.515E0,5.1E-1,0.E0));
#2265=LINE('',#2264,#2263);
#2266=CARTESIAN_POINT('',(0.E0,2.31E0,0.E0));
#2267=DIRECTION('',(0.E0,-1.E0,0.E0));
#2268=DIRECTION('',(-1.E0,0.E0,0.E0));
#2269=AXIS2_PLACEMENT_3D('',#2266,#2267,#2268);
#2271=CARTESIAN_POINT('',(0.E0,2.31E0,0.E0));
#2272=DIRECTION('',(0.E0,-1.E0,0.E0));
#2273=DIRECTION('',(1.E0,0.E0,0.E0));
#2274=AXIS2_PLACEMENT_3D('',#2271,#2272,#2273);
#2276=CARTESIAN_POINT('',(0.E0,2.31E0,0.E0));
#2277=DIRECTION('',(0.E0,-1.E0,0.E0));
#2278=DIRECTION('',(-1.E0,0.E0,0.E0));
#2279=AXIS2_PLACEMENT_3D('',#2276,#2277,#2278);
#2281=CARTESIAN_POINT('',(0.E0,2.31E0,0.E0));
#2282=DIRECTION('',(0.E0,-1.E0,0.E0));
#2283=DIRECTION('',(1.E0,0.E0,0.E0));
#2284=AXIS2_PLACEMENT_3D('',#2281,#2282,#2283);
#2286=DIRECTION('',(0.E0,1.E0,0.E0));
#2287=VECTOR('',#2286,2.5E-1);
#2288=CARTESIAN_POINT('',(5.025E0,2.06E0,0.E0));
#2289=LINE('',#2288,#2287);
#2290=DIRECTION('',(0.E0,-1.E0,0.E0));
#2291=VECTOR('',#2290,2.5E-1);
#2292=CARTESIAN_POINT('',(-5.025E0,2.31E0,0.E0));
#2293=LINE('',#2292,#2291);
#2294=CARTESIAN_POINT('',(0.E0,2.06E0,0.E0));
#2295=DIRECTION('',(0.E0,-1.E0,0.E0));
#2296=DIRECTION('',(-1.E0,0.E0,0.E0));
#2297=AXIS2_PLACEMENT_3D('',#2294,#2295,#2296);
#2299=CARTESIAN_POINT('',(0.E0,2.06E0,0.E0));
#2300=DIRECTION('',(0.E0,-1.E0,0.E0));
#2301=DIRECTION('',(1.E0,0.E0,0.E0));
#2302=AXIS2_PLACEMENT_3D('',#2299,#2300,#2301);
#2304=CARTESIAN_POINT('',(0.E0,2.06E0,0.E0));
#2305=DIRECTION('',(0.E0,-1.E0,0.E0));
#2306=DIRECTION('',(-1.E0,0.E0,0.E0));
#2307=AXIS2_PLACEMENT_3D('',#2304,#2305,#2306);
#2309=CARTESIAN_POINT('',(0.E0,2.06E0,0.E0));
#2310=DIRECTION('',(0.E0,-1.E0,0.E0));
#2311=DIRECTION('',(1.E0,0.E0,0.E0));
#2312=AXIS2_PLACEMENT_3D('',#2309,#2310,#2311);
#2314=DIRECTION('',(0.E0,1.E0,0.E0));
#2315=VECTOR('',#2314,2.5E-1);
#2316=CARTESIAN_POINT('',(5.3E0,1.81E0,0.E0));
#2317=LINE('',#2316,#2315);
#2318=DIRECTION('',(0.E0,-1.E0,0.E0));
#2319=VECTOR('',#2318,2.5E-1);
#2320=CARTESIAN_POINT('',(-5.3E0,2.06E0,0.E0));
#2321=LINE('',#2320,#2319);
#2322=CARTESIAN_POINT('',(0.E0,1.81E0,0.E0));
#2323=DIRECTION('',(0.E0,-1.E0,0.E0));
#2324=DIRECTION('',(-1.E0,0.E0,0.E0));
#2325=AXIS2_PLACEMENT_3D('',#2322,#2323,#2324);
#2327=CARTESIAN_POINT('',(0.E0,1.81E0,0.E0));
#2328=DIRECTION('',(0.E0,-1.E0,0.E0));
#2329=DIRECTION('',(1.E0,0.E0,0.E0));
#2330=AXIS2_PLACEMENT_3D('',#2327,#2328,#2329);
#2332=CARTESIAN_POINT('',(0.E0,1.81E0,0.E0));
#2333=DIRECTION('',(0.E0,-1.E0,0.E0));
#2334=DIRECTION('',(-1.E0,0.E0,0.E0));
#2335=AXIS2_PLACEMENT_3D('',#2332,#2333,#2334);
#2337=CARTESIAN_POINT('',(0.E0,1.81E0,0.E0));
#2338=DIRECTION('',(0.E0,-1.E0,0.E0));
#2339=DIRECTION('',(1.E0,0.E0,0.E0));
#2340=AXIS2_PLACEMENT_3D('',#2337,#2338,#2339);
#2342=DIRECTION('',(0.E0,1.E0,0.E0));
#2343=VECTOR('',#2342,1.81E0);
#2344=CARTESIAN_POINT('',(5.025E0,0.E0,0.E0));
#2345=LINE('',#2344,#2343);
#2346=DIRECTION('',(0.E0,-1.E0,0.E0));
#2347=VECTOR('',#2346,1.81E0);
#2348=CARTESIAN_POINT('',(-5.025E0,1.81E0,0.E0));
#2349=LINE('',#2348,#2347);
#2350=CARTESIAN_POINT('',(0.E0,0.E0,0.E0));
#2351=DIRECTION('',(0.E0,-1.E0,0.E0));
#2352=DIRECTION('',(-1.E0,0.E0,0.E0));
#2353=AXIS2_PLACEMENT_3D('',#2350,#2351,#2352);
#2355=CARTESIAN_POINT('',(0.E0,0.E0,0.E0));
#2356=DIRECTION('',(0.E0,-1.E0,0.E0));
#2357=DIRECTION('',(1.E0,0.E0,0.E0));
#2358=AXIS2_PLACEMENT_3D('',#2355,#2356,#2357);
#2360=CARTESIAN_POINT('',(-4.515E0,2.31E0,0.E0));
#2361=CARTESIAN_POINT('',(4.515E0,2.31E0,0.E0));
#2362=VERTEX_POINT('',#2360);
#2363=VERTEX_POINT('',#2361);
#2364=CARTESIAN_POINT('',(-5.025E0,2.31E0,0.E0));
#2365=CARTESIAN_POINT('',(5.025E0,2.31E0,0.E0));
#2366=VERTEX_POINT('',#2364);
#2367=VERTEX_POINT('',#2365);
#2368=CARTESIAN_POINT('',(-5.025E0,2.06E0,0.E0));
#2369=CARTESIAN_POINT('',(5.025E0,2.06E0,0.E0));
#2370=VERTEX_POINT('',#2368);
#2371=VERTEX_POINT('',#2369);
#2372=CARTESIAN_POINT('',(-5.3E0,2.06E0,0.E0));
#2373=CARTESIAN_POINT('',(5.3E0,2.06E0,0.E0));
#2374=VERTEX_POINT('',#2372);
#2375=VERTEX_POINT('',#2373);
#2376=CARTESIAN_POINT('',(-5.3E0,1.81E0,0.E0));
#2377=CARTESIAN_POINT('',(5.3E0,1.81E0,0.E0));
#2378=VERTEX_POINT('',#2376);
#2379=VERTEX_POINT('',#2377);
#2380=CARTESIAN_POINT('',(-5.025E0,1.81E0,0.E0));
#2381=CARTESIAN_POINT('',(5.025E0,1.81E0,0.E0));
#2382=VERTEX_POINT('',#2380);
#2383=VERTEX_POINT('',#2381);
#2384=CARTESIAN_POINT('',(-5.025E0,0.E0,0.E0));
#2385=CARTESIAN_POINT('',(5.025E0,0.E0,0.E0));
#2386=VERTEX_POINT('',#2384);
#2387=VERTEX_POINT('',#2385);
#2388=CARTESIAN_POINT('',(4.515E0,5.1E-1,0.E0));
#2389=CARTESIAN_POINT('',(-4.515E0,5.1E-1,0.E0));
#2390=VERTEX_POINT('',#2388);
#2391=VERTEX_POINT('',#2389);
#2392=CARTESIAN_POINT('',(-1.E0,0.E0,0.E0));
#2393=CARTESIAN_POINT('',(1.E0,0.E0,0.E0));
#2394=VERTEX_POINT('',#2392);
#2395=VERTEX_POINT('',#2393);
#2396=CARTESIAN_POINT('',(-1.E0,5.1E-1,0.E0));
#2397=VERTEX_POINT('',#2396);
#2398=CARTESIAN_POINT('',(1.E0,5.1E-1,0.E0));
#2399=VERTEX_POINT('',#2398);
#2400=CARTESIAN_POINT('',(0.E0,5.282011204051E-1,0.E0));
#2401=DIRECTION('',(0.E0,-1.E0,0.E0));
#2402=DIRECTION('',(-1.E0,0.E0,0.E0));
#2403=AXIS2_PLACEMENT_3D('',#2400,#2401,#2402);
#2404=CYLINDRICAL_SURFACE('',#2403,1.E0);
#2406=ORIENTED_EDGE('',*,*,#2405,.T.);
#2408=ORIENTED_EDGE('',*,*,#2407,.T.);
#2410=ORIENTED_EDGE('',*,*,#2409,.T.);
#2412=ORIENTED_EDGE('',*,*,#2411,.T.);
#2413=EDGE_LOOP('',(#2406,#2408,#2410,#2412));
#2414=FACE_OUTER_BOUND('',#2413,.F.);
#2415=ADVANCED_FACE('',(#2414),#2404,.F.);
#2416=CARTESIAN_POINT('',(0.E0,5.282011204051E-1,0.E0));
#2417=DIRECTION('',(0.E0,-1.E0,0.E0));
#2418=DIRECTION('',(-1.E0,0.E0,0.E0));
#2419=AXIS2_PLACEMENT_3D('',#2416,#2417,#2418);
#2420=CYLINDRICAL_SURFACE('',#2419,1.E0);
#2421=ORIENTED_EDGE('',*,*,#2405,.F.);
#2423=ORIENTED_EDGE('',*,*,#2422,.T.);
#2424=ORIENTED_EDGE('',*,*,#2409,.F.);
#2426=ORIENTED_EDGE('',*,*,#2425,.T.);
#2427=EDGE_LOOP('',(#2421,#2423,#2424,#2426));
#2428=FACE_OUTER_BOUND('',#2427,.F.);
#2429=ADVANCED_FACE('',(#2428),#2420,.F.);
#2430=CARTESIAN_POINT('',(0.E0,5.1E-1,0.E0));
#2431=DIRECTION('',(0.E0,1.E0,0.E0));
#2432=DIRECTION('',(-1.E0,0.E0,0.E0));
#2433=AXIS2_PLACEMENT_3D('',#2430,#2431,#2432);
#2434=PLANE('',#2433);
#2436=ORIENTED_EDGE('',*,*,#2435,.T.);
#2438=ORIENTED_EDGE('',*,*,#2437,.T.);
#2439=EDGE_LOOP('',(#2436,#2438));
#2440=FACE_OUTER_BOUND('',#2439,.F.);
#2441=ORIENTED_EDGE('',*,*,#2422,.F.);
#2442=ORIENTED_EDGE('',*,*,#2411,.F.);
#2443=EDGE_LOOP('',(#2441,#2442));
#2444=FACE_BOUND('',#2443,.F.);
#2445=ADVANCED_FACE('',(#2440,#2444),#2434,.T.);
#2446=CARTESIAN_POINT('',(0.E0,2.346E0,0.E0));
#2447=DIRECTION('',(0.E0,-1.E0,0.E0));
#2448=DIRECTION('',(-1.E0,0.E0,0.E0));
#2449=AXIS2_PLACEMENT_3D('',#2446,#2447,#2448);
#2450=CYLINDRICAL_SURFACE('',#2449,4.515E0);
#2452=ORIENTED_EDGE('',*,*,#2451,.T.);
#2453=ORIENTED_EDGE('',*,*,#2435,.F.);
#2455=ORIENTED_EDGE('',*,*,#2454,.T.);
#2457=ORIENTED_EDGE('',*,*,#2456,.T.);
#2458=EDGE_LOOP('',(#2452,#2453,#2455,#2457));
#2459=FACE_OUTER_BOUND('',#2458,.F.);
#2460=ADVANCED_FACE('',(#2459),#2450,.F.);
#2461=CARTESIAN_POINT('',(0.E0,2.346E0,0.E0));
#2462=DIRECTION('',(0.E0,-1.E0,0.E0));
#2463=DIRECTION('',(-1.E0,0.E0,0.E0));
#2464=AXIS2_PLACEMENT_3D('',#2461,#2462,#2463);
#2465=CYLINDRICAL_SURFACE('',#2464,4.515E0);
#2466=ORIENTED_EDGE('',*,*,#2451,.F.);
#2468=ORIENTED_EDGE('',*,*,#2467,.T.);
#2469=ORIENTED_EDGE('',*,*,#2454,.F.);
#2470=ORIENTED_EDGE('',*,*,#2437,.F.);
#2471=EDGE_LOOP('',(#2466,#2468,#2469,#2470));
#2472=FACE_OUTER_BOUND('',#2471,.F.);
#2473=ADVANCED_FACE('',(#2472),#2465,.F.);
#2474=CARTESIAN_POINT('',(0.E0,2.31E0,0.E0));
#2475=DIRECTION('',(0.E0,1.E0,0.E0));
#2476=DIRECTION('',(-1.E0,0.E0,0.E0));
#2477=AXIS2_PLACEMENT_3D('',#2474,#2475,#2476);
#2478=PLANE('',#2477);
#2480=ORIENTED_EDGE('',*,*,#2479,.T.);
#2482=ORIENTED_EDGE('',*,*,#2481,.T.);
#2483=EDGE_LOOP('',(#2480,#2482));
#2484=FACE_OUTER_BOUND('',#2483,.F.);
#2485=ORIENTED_EDGE('',*,*,#2467,.F.);
#2486=ORIENTED_EDGE('',*,*,#2456,.F.);
#2487=EDGE_LOOP('',(#2485,#2486));
#2488=FACE_BOUND('',#2487,.F.);
#2489=ADVANCED_FACE('',(#2484,#2488),#2478,.T.);
#2490=CARTESIAN_POINT('',(0.E0,2.328201120405E0,0.E0));
#2491=DIRECTION('',(0.E0,-1.E0,0.E0));
#2492=DIRECTION('',(-1.E0,0.E0,0.E0));
#2493=AXIS2_PLACEMENT_3D('',#2490,#2491,#2492);
#2494=CYLINDRICAL_SURFACE('',#2493,5.025E0);
#2496=ORIENTED_EDGE('',*,*,#2495,.T.);
#2497=ORIENTED_EDGE('',*,*,#2479,.F.);
#2499=ORIENTED_EDGE('',*,*,#2498,.T.);
#2501=ORIENTED_EDGE('',*,*,#2500,.T.);
#2502=EDGE_LOOP('',(#2496,#2497,#2499,#2501));
#2503=FACE_OUTER_BOUND('',#2502,.F.);
#2504=ADVANCED_FACE('',(#2503),#2494,.T.);
#2505=CARTESIAN_POINT('',(0.E0,2.328201120405E0,0.E0));
#2506=DIRECTION('',(0.E0,-1.E0,0.E0));
#2507=DIRECTION('',(-1.E0,0.E0,0.E0));
#2508=AXIS2_PLACEMENT_3D('',#2505,#2506,#2507);
#2509=CYLINDRICAL_SURFACE('',#2508,5.025E0);
#2510=ORIENTED_EDGE('',*,*,#2495,.F.);
#2512=ORIENTED_EDGE('',*,*,#2511,.T.);
#2513=ORIENTED_EDGE('',*,*,#2498,.F.);
#2514=ORIENTED_EDGE('',*,*,#2481,.F.);
#2515=EDGE_LOOP('',(#2510,#2512,#2513,#2514));
#2516=FACE_OUTER_BOUND('',#2515,.F.);
#2517=ADVANCED_FACE('',(#2516),#2509,.T.);
#2518=CARTESIAN_POINT('',(0.E0,2.06E0,0.E0));
#2519=DIRECTION('',(0.E0,1.E0,0.E0));
#2520=DIRECTION('',(-1.E0,0.E0,0.E0));
#2521=AXIS2_PLACEMENT_3D('',#2518,#2519,#2520);
#2522=PLANE('',#2521);
#2524=ORIENTED_EDGE('',*,*,#2523,.T.);
#2526=ORIENTED_EDGE('',*,*,#2525,.T.);
#2527=EDGE_LOOP('',(#2524,#2526));
#2528=FACE_OUTER_BOUND('',#2527,.F.);
#2529=ORIENTED_EDGE('',*,*,#2511,.F.);
#2530=ORIENTED_EDGE('',*,*,#2500,.F.);
#2531=EDGE_LOOP('',(#2529,#2530));
#2532=FACE_BOUND('',#2531,.F.);
#2533=ADVANCED_FACE('',(#2528,#2532),#2522,.T.);
#2534=CARTESIAN_POINT('',(0.E0,2.078201120405E0,0.E0));
#2535=DIRECTION('',(0.E0,-1.E0,0.E0));
#2536=DIRECTION('',(-1.E0,0.E0,0.E0));
#2537=AXIS2_PLACEMENT_3D('',#2534,#2535,#2536);
#2538=CYLINDRICAL_SURFACE('',#2537,5.3E0);
#2540=ORIENTED_EDGE('',*,*,#2539,.T.);
#2541=ORIENTED_EDGE('',*,*,#2523,.F.);
#2543=ORIENTED_EDGE('',*,*,#2542,.T.);
#2545=ORIENTED_EDGE('',*,*,#2544,.T.);
#2546=EDGE_LOOP('',(#2540,#2541,#2543,#2545));
#2547=FACE_OUTER_BOUND('',#2546,.F.);
#2548=ADVANCED_FACE('',(#2547),#2538,.T.);
#2549=CARTESIAN_POINT('',(0.E0,2.078201120405E0,0.E0));
#2550=DIRECTION('',(0.E0,-1.E0,0.E0));
#2551=DIRECTION('',(-1.E0,0.E0,0.E0));
#2552=AXIS2_PLACEMENT_3D('',#2549,#2550,#2551);
#2553=CYLINDRICAL_SURFACE('',#2552,5.3E0);
#2554=ORIENTED_EDGE('',*,*,#2539,.F.);
#2556=ORIENTED_EDGE('',*,*,#2555,.T.);
#2557=ORIENTED_EDGE('',*,*,#2542,.F.);
#2558=ORIENTED_EDGE('',*,*,#2525,.F.);
#2559=EDGE_LOOP('',(#2554,#2556,#2557,#2558));
#2560=FACE_OUTER_BOUND('',#2559,.F.);
#2561=ADVANCED_FACE('',(#2560),#2553,.T.);
#2562=CARTESIAN_POINT('',(0.E0,1.81E0,0.E0));
#2563=DIRECTION('',(0.E0,1.E0,0.E0));
#2564=DIRECTION('',(-1.E0,0.E0,0.E0));
#2565=AXIS2_PLACEMENT_3D('',#2562,#2563,#2564);
#2566=PLANE('',#2565);
#2567=ORIENTED_EDGE('',*,*,#2555,.F.);
#2568=ORIENTED_EDGE('',*,*,#2544,.F.);
#2569=EDGE_LOOP('',(#2567,#2568));
#2570=FACE_OUTER_BOUND('',#2569,.F.);
#2572=ORIENTED_EDGE('',*,*,#2571,.T.);
#2574=ORIENTED_EDGE('',*,*,#2573,.T.);
#2575=EDGE_LOOP('',(#2572,#2574));
#2576=FACE_BOUND('',#2575,.F.);
#2577=ADVANCED_FACE('',(#2570,#2576),#2566,.F.);
#2578=CARTESIAN_POINT('',(0.E0,1.8462E0,0.E0));
#2579=DIRECTION('',(0.E0,-1.E0,0.E0));
#2580=DIRECTION('',(-1.E0,0.E0,0.E0));
#2581=AXIS2_PLACEMENT_3D('',#2578,#2579,#2580);
#2582=CYLINDRICAL_SURFACE('',#2581,5.025E0);
#2584=ORIENTED_EDGE('',*,*,#2583,.T.);
#2585=ORIENTED_EDGE('',*,*,#2571,.F.);
#2587=ORIENTED_EDGE('',*,*,#2586,.T.);
#2589=ORIENTED_EDGE('',*,*,#2588,.T.);
#2590=EDGE_LOOP('',(#2584,#2585,#2587,#2589));
#2591=FACE_OUTER_BOUND('',#2590,.F.);
#2592=ADVANCED_FACE('',(#2591),#2582,.T.);
#2593=CARTESIAN_POINT('',(0.E0,1.8462E0,0.E0));
#2594=DIRECTION('',(0.E0,-1.E0,0.E0));
#2595=DIRECTION('',(-1.E0,0.E0,0.E0));
#2596=AXIS2_PLACEMENT_3D('',#2593,#2594,#2595);
#2597=CYLINDRICAL_SURFACE('',#2596,5.025E0);
#2598=ORIENTED_EDGE('',*,*,#2583,.F.);
#2600=ORIENTED_EDGE('',*,*,#2599,.T.);
#2601=ORIENTED_EDGE('',*,*,#2586,.F.);
#2602=ORIENTED_EDGE('',*,*,#2573,.F.);
#2603=EDGE_LOOP('',(#2598,#2600,#2601,#2602));
#2604=FACE_OUTER_BOUND('',#2603,.F.);
#2605=ADVANCED_FACE('',(#2604),#2597,.T.);
#2606=CARTESIAN_POINT('',(0.E0,0.E0,0.E0));
#2607=DIRECTION('',(0.E0,1.E0,0.E0));
#2608=DIRECTION('',(-1.E0,0.E0,0.E0));
#2609=AXIS2_PLACEMENT_3D('',#2606,#2607,#2608);
#2610=PLANE('',#2609);
#2611=ORIENTED_EDGE('',*,*,#2599,.F.);
#2612=ORIENTED_EDGE('',*,*,#2588,.F.);
#2613=EDGE_LOOP('',(#2611,#2612));
#2614=FACE_OUTER_BOUND('',#2613,.F.);
#2615=ORIENTED_EDGE('',*,*,#2407,.F.);
#2616=ORIENTED_EDGE('',*,*,#2425,.F.);
#2617=EDGE_LOOP('',(#2615,#2616));
#2618=FACE_BOUND('',#2617,.F.);
#2619=ADVANCED_FACE('',(#2614,#2618),#2610,.F.);
#2620=CLOSED_SHELL('',(#2415,#2429,#2445,#2460,#2473,#2489,#2504,#2517,#2533,
#2548,#2561,#2577,#2592,#2605,#2619));
#2621=MANIFOLD_SOLID_BREP('',#2620);
#2622=CARTESIAN_POINT('',(2.355997137182E0,1.4E0,5.950569509685E0));
#2623=DIRECTION('',(0.E0,1.E0,0.E0));
#2624=DIRECTION('',(3.681245526847E-1,0.E0,9.297764858882E-1));
#2625=AXIS2_PLACEMENT_3D('',#2622,#2623,#2624);
#2627=DIRECTION('',(8.926193117986E-13,1.E0,-3.552713678800E-13));
#2628=VECTOR('',#2627,1.E-1);
#2629=CARTESIAN_POINT('',(2.171934860840E0,1.4E0,5.485681266741E0));
#2630=LINE('',#2629,#2628);
#2631=CARTESIAN_POINT('',(2.355997137182E0,1.5E0,5.950569509685E0));
#2632=DIRECTION('',(0.E0,-1.E0,0.E0));
#2633=DIRECTION('',(-3.681245526846E-1,0.E0,-9.297764858883E-1));
#2634=AXIS2_PLACEMENT_3D('',#2631,#2632,#2633);
#2636=DIRECTION('',(6.616929226766E-13,-1.E0,-9.503509090791E-13));
#2637=VECTOR('',#2636,1.E-1);
#2638=CARTESIAN_POINT('',(2.540059413524E0,1.5E0,6.415457752629E0));
#2639=LINE('',#2638,#2637);
#2640=CARTESIAN_POINT('',(0.E0,1.4E0,0.E0));
#2641=DIRECTION('',(0.E0,-1.E0,0.E0));
#2642=DIRECTION('',(-4.531003609542E-1,0.E0,-8.914595127672E-1));
#2643=AXIS2_PLACEMENT_3D('',#2640,#2641,#2642);
#2645=DIRECTION('',(8.290375725550E-1,0.E0,-5.591929034708E-1));
#2646=VECTOR('',#2645,2.217936516029E0);
#2647=CARTESIAN_POINT('',(-5.734954010680E0,1.4E0,4.833249682706E0));
#2648=LINE('',#2647,#2646);
#2649=DIRECTION('',(-1.918465386552E-12,-1.E0,-2.282618538629E-12));
#2650=VECTOR('',#2649,1.E-1);
#2651=CARTESIAN_POINT('',(-5.734954010680E0,1.5E0,4.833249682707E0));
#2652=LINE('',#2651,#2650);
#2653=CARTESIAN_POINT('',(0.E0,1.4E0,0.E0));
#2654=DIRECTION('',(0.E0,1.E0,0.E0));
#2655=DIRECTION('',(-7.351323217643E-1,0.E0,6.779236457725E-1));
#2656=AXIS2_PLACEMENT_3D('',#2653,#2654,#2655);
#2658=DIRECTION('',(-2.651212582805E-12,-1.E0,-3.210764987216E-12));
#2659=VECTOR('',#2658,1.E-1);
#2660=CARTESIAN_POINT('',(-3.896201305350E0,1.5E0,3.592995322594E0));
#2661=LINE('',#2660,#2659);
#2662=DIRECTION('',(-4.999999999999E-1,0.E0,-8.660254037845E-1));
#2663=VECTOR('',#2662,2.204441632651E0);
#2664=CARTESIAN_POINT('',(-2.296031890831E0,1.4E0,-4.776843890718E0));
#2665=LINE('',#2664,#2663);
#2666=DIRECTION('',(0.E0,1.E0,-1.776356839400E-14));
#2667=VECTOR('',#2666,1.E-1);
#2668=CARTESIAN_POINT('',(-3.398252707156E0,1.4E0,-6.685946345754E0));
#2669=LINE('',#2668,#2667);
#2670=DIRECTION('',(-6.172840016916E-13,-1.E0,-1.278976924368E-12));
#2671=VECTOR('',#2670,1.E-1);
#2672=CARTESIAN_POINT('',(-2.296031890831E0,1.5E0,-4.776843890718E0));
#2673=LINE('',#2672,#2671);
#2674=CARTESIAN_POINT('',(0.E0,1.5E0,0.E0));
#2675=DIRECTION('',(0.E0,-1.E0,0.E0));
#2676=DIRECTION('',(-4.531003609542E-1,0.E0,-8.914595127672E-1));
#2677=AXIS2_PLACEMENT_3D('',#2674,#2675,#2676);
#2679=DIRECTION('',(8.290375725550E-1,0.E0,-5.591929034708E-1));
#2680=VECTOR('',#2679,2.217936516029E0);
#2681=CARTESIAN_POINT('',(-5.734954010680E0,1.5E0,4.833249682707E0));
#2682=LINE('',#2681,#2680);
#2683=CARTESIAN_POINT('',(0.E0,1.5E0,0.E0));
#2684=DIRECTION('',(0.E0,1.E0,0.E0));
#2685=DIRECTION('',(-7.351323217641E-1,0.E0,6.779236457726E-1));
#2686=AXIS2_PLACEMENT_3D('',#2683,#2684,#2685);
#2688=DIRECTION('',(-4.999999999999E-1,0.E0,-8.660254037845E-1));
#2689=VECTOR('',#2688,2.204441632652E0);
#2690=CARTESIAN_POINT('',(-2.296031890831E0,1.5E0,-4.776843890718E0));
#2691=LINE('',#2690,#2689);
#2692=CARTESIAN_POINT('',(0.E0,1.4E0,0.E0));
#2693=DIRECTION('',(0.E0,-1.E0,0.E0));
#2694=DIRECTION('',(-2.486898871648E-1,0.E0,-9.685831611286E-1));
#2695=AXIS2_PLACEMENT_3D('',#2692,#2693,#2694);
#2697=CARTESIAN_POINT('',(0.E0,1.5E0,0.E0));
#2698=DIRECTION('',(0.E0,1.E0,0.E0));
#2699=DIRECTION('',(7.384553406259E-1,0.E0,-6.743023875837E-1));
#2700=AXIS2_PLACEMENT_3D('',#2697,#2698,#2699);
#2702=CARTESIAN_POINT('',(4.726114180006E0,1.4E0,-4.315535280536E0));
#2703=DIRECTION('',(0.E0,1.E0,0.E0));
#2704=DIRECTION('',(-7.384553406258E-1,0.E0,6.743023875838E-1));
#2705=AXIS2_PLACEMENT_3D('',#2702,#2703,#2704);
#2707=CARTESIAN_POINT('',(4.726114180006E0,1.5E0,-4.315535280536E0));
#2708=DIRECTION('',(0.E0,-1.E0,0.E0));
#2709=DIRECTION('',(7.384553406259E-1,0.E0,-6.743023875837E-1));
#2710=AXIS2_PLACEMENT_3D('',#2707,#2708,#2709);
#2712=DIRECTION('',(0.E0,-1.E0,0.E0));
#2713=VECTOR('',#2712,1.E-1);
#2714=CARTESIAN_POINT('',(4.356886509693E0,1.5E0,-3.978384086744E0));
#2715=LINE('',#2714,#2713);
#2716=CARTESIAN_POINT('',(0.E0,1.4E0,0.E0));
#2717=DIRECTION('',(0.E0,1.E0,0.E0));
#2718=DIRECTION('',(7.384553406258E-1,0.E0,-6.743023875838E-1));
#2719=AXIS2_PLACEMENT_3D('',#2716,#2717,#2718);
#2721=CARTESIAN_POINT('',(0.E0,1.5E0,0.E0));
#2722=DIRECTION('',(0.E0,-1.E0,0.E0));
#2723=DIRECTION('',(-2.486898871649E-1,0.E0,-9.685831611286E-1));
#2724=AXIS2_PLACEMENT_3D('',#2721,#2722,#2723);
#2726=DIRECTION('',(-2.042810365310E-12,-1.E0,-2.753353101070E-13));
#2727=VECTOR('',#2726,1.E-1);
#2728=CARTESIAN_POINT('',(5.095341850319E0,1.5E0,-4.652686474328E0));
#2729=LINE('',#2728,#2727);
#2730=CARTESIAN_POINT('',(-1.591615277855E0,1.4E0,-6.198932231223E0));
#2731=DIRECTION('',(0.E0,1.E0,0.E0));
#2732=DIRECTION('',(-2.486898871648E-1,0.E0,-9.685831611286E-1));
#2733=AXIS2_PLACEMENT_3D('',#2730,#2731,#2732);
#2735=DIRECTION('',(-1.012523398458E-12,1.E0,2.664535259100E-13));
#2736=VECTOR('',#2735,1.E-1);
#2737=CARTESIAN_POINT('',(-1.467270334272E0,1.4E0,-5.714640650659E0));
#2738=LINE('',#2737,#2736);
#2739=CARTESIAN_POINT('',(-1.591615277855E0,1.5E0,-6.198932231223E0));
#2740=DIRECTION('',(0.E0,-1.E0,0.E0));
#2741=DIRECTION('',(2.486898871653E-1,0.E0,9.685831611285E-1));
#2742=AXIS2_PLACEMENT_3D('',#2739,#2740,#2741);
#2744=DIRECTION('',(-1.709743457923E-12,-1.E0,9.148237722911E-13));
#2745=VECTOR('',#2744,1.E-1);
#2746=CARTESIAN_POINT('',(-1.715960221437E0,1.5E0,-6.683223811787E0));
#2747=LINE('',#2746,#2745);
#2748=CARTESIAN_POINT('',(0.E0,1.4E0,0.E0));
#2749=DIRECTION('',(0.E0,-1.E0,0.E0));
#2750=DIRECTION('',(3.681245526847E-1,0.E0,9.297764858882E-1));
#2751=AXIS2_PLACEMENT_3D('',#2748,#2749,#2750);
#2753=CARTESIAN_POINT('',(0.E0,1.5E0,0.E0));
#2754=DIRECTION('',(0.E0,1.E0,0.E0));
#2755=DIRECTION('',(-6.481199010631E-1,0.E0,7.615383075367E-1));
#2756=AXIS2_PLACEMENT_3D('',#2753,#2754,#2755);
#2758=CARTESIAN_POINT('',(-4.147967366804E0,1.4E0,4.873845168235E0));
#2759=DIRECTION('',(0.E0,1.E0,0.E0));
#2760=DIRECTION('',(6.481199010632E-1,0.E0,-7.615383075367E-1));
#2761=AXIS2_PLACEMENT_3D('',#2758,#2759,#2760);
#2763=CARTESIAN_POINT('',(-4.147967366804E0,1.5E0,4.873845168235E0));
#2764=DIRECTION('',(0.E0,-1.E0,0.E0));
#2765=DIRECTION('',(-6.481199010631E-1,0.E0,7.615383075367E-1));
#2766=AXIS2_PLACEMENT_3D('',#2763,#2764,#2765);
#2768=DIRECTION('',(-1.301181384861E-12,-1.E0,-1.127986593019E-12));
#2769=VECTOR('',#2768,1.E-1);
#2770=CARTESIAN_POINT('',(-3.823907416272E0,1.5E0,4.493076014467E0));
#2771=LINE('',#2770,#2769);
#2772=CARTESIAN_POINT('',(0.E0,1.4E0,0.E0));
#2773=DIRECTION('',(0.E0,1.E0,0.E0));
#2774=DIRECTION('',(-6.481199010631E-1,0.E0,7.615383075368E-1));
#2775=AXIS2_PLACEMENT_3D('',#2772,#2773,#2774);
#2777=CARTESIAN_POINT('',(0.E0,1.5E0,0.E0));
#2778=DIRECTION('',(0.E0,-1.E0,0.E0));
#2779=DIRECTION('',(3.681245526847E-1,0.E0,9.297764858883E-1));
#2780=AXIS2_PLACEMENT_3D('',#2777,#2778,#2779);
#2782=DIRECTION('',(1.820765760385E-12,-1.E0,2.513544927751E-12));
#2783=VECTOR('',#2782,1.E-1);
#2784=CARTESIAN_POINT('',(-4.472027317336E0,1.5E0,5.254614322003E0));
#2785=LINE('',#2784,#2783);
#2786=CARTESIAN_POINT('',(-4.472027317336E0,1.5E0,5.254614322003E0));
#2787=CARTESIAN_POINT('',(-4.472027317335E0,1.4E0,5.254614322004E0));
#2788=VERTEX_POINT('',#2786);
#2789=VERTEX_POINT('',#2787);
#2790=CARTESIAN_POINT('',(2.540059413524E0,1.5E0,6.415457752629E0));
#2791=CARTESIAN_POINT('',(2.540059413524E0,1.4E0,6.415457752629E0));
#2792=VERTEX_POINT('',#2790);
#2793=VERTEX_POINT('',#2791);
#2794=CARTESIAN_POINT('',(2.171934860840E0,1.4E0,5.485681266741E0));
#2795=CARTESIAN_POINT('',(2.171934860840E0,1.5E0,5.485681266741E0));
#2796=VERTEX_POINT('',#2794);
#2797=VERTEX_POINT('',#2795);
#2798=CARTESIAN_POINT('',(-3.823907416272E0,1.5E0,4.493076014467E0));
#2799=CARTESIAN_POINT('',(-3.823907416272E0,1.4E0,4.493076014467E0));
#2800=VERTEX_POINT('',#2798);
#2801=VERTEX_POINT('',#2799);
#2802=CARTESIAN_POINT('',(-3.896201305350E0,1.5E0,3.592995322595E0));
#2803=CARTESIAN_POINT('',(-2.296031890831E0,1.5E0,-4.776843890718E0));
#2804=VERTEX_POINT('',#2802);
#2805=VERTEX_POINT('',#2803);
#2806=CARTESIAN_POINT('',(-3.398252707156E0,1.5E0,-6.685946345754E0));
#2807=VERTEX_POINT('',#2806);
#2808=CARTESIAN_POINT('',(-5.734954010680E0,1.5E0,4.833249682706E0));
#2809=VERTEX_POINT('',#2808);
#2810=CARTESIAN_POINT('',(4.356886509693E0,1.4E0,-3.978384086744E0));
#2811=CARTESIAN_POINT('',(5.095341850319E0,1.4E0,-4.652686474328E0));
#2812=VERTEX_POINT('',#2810);
#2813=VERTEX_POINT('',#2811);
#2814=CARTESIAN_POINT('',(-1.715960221437E0,1.4E0,-6.683223811788E0));
#2815=VERTEX_POINT('',#2814);
#2816=CARTESIAN_POINT('',(-1.467270334272E0,1.4E0,-5.714640650659E0));
#2817=VERTEX_POINT('',#2816);
#2818=CARTESIAN_POINT('',(5.095341850319E0,1.5E0,-4.652686474328E0));
#2819=VERTEX_POINT('',#2818);
#2820=CARTESIAN_POINT('',(-1.715960221437E0,1.5E0,-6.683223811787E0));
#2821=VERTEX_POINT('',#2820);
#2822=CARTESIAN_POINT('',(-1.467270334273E0,1.5E0,-5.714640650659E0));
#2823=VERTEX_POINT('',#2822);
#2824=CARTESIAN_POINT('',(4.356886509693E0,1.5E0,-3.978384086744E0));
#2825=VERTEX_POINT('',#2824);
#2826=CARTESIAN_POINT('',(-3.896201305351E0,1.4E0,3.592995322594E0));
#2827=VERTEX_POINT('',#2826);
#2828=CARTESIAN_POINT('',(-2.296031890831E0,1.4E0,-4.776843890718E0));
#2829=VERTEX_POINT('',#2828);
#2830=CARTESIAN_POINT('',(-3.398252707156E0,1.4E0,-6.685946345754E0));
#2831=VERTEX_POINT('',#2830);
#2832=CARTESIAN_POINT('',(-5.734954010680E0,1.4E0,4.833249682706E0));
#2833=VERTEX_POINT('',#2832);
#2834=CARTESIAN_POINT('',(2.355997137182E0,1.368773558406E0,5.950569509685E0));
#2835=DIRECTION('',(0.E0,1.E0,0.E0));
#2836=DIRECTION('',(1.E0,0.E0,0.E0));
#2837=AXIS2_PLACEMENT_3D('',#2834,#2835,#2836);
#2838=CYLINDRICAL_SURFACE('',#2837,5.E-1);
#2840=ORIENTED_EDGE('',*,*,#2839,.T.);
#2842=ORIENTED_EDGE('',*,*,#2841,.T.);
#2844=ORIENTED_EDGE('',*,*,#2843,.T.);
#2846=ORIENTED_EDGE('',*,*,#2845,.T.);
#2847=EDGE_LOOP('',(#2840,#2842,#2844,#2846));
#2848=FACE_OUTER_BOUND('',#2847,.F.);
#2849=ADVANCED_FACE('',(#2848),#2838,.F.);
#2850=CARTESIAN_POINT('',(8.827636055270E-1,1.4E0,1.056018740666E-4));
#2851=DIRECTION('',(0.E0,1.E0,0.E0));
#2852=DIRECTION('',(1.E0,0.E0,0.E0));
#2853=AXIS2_PLACEMENT_3D('',#2850,#2851,#2852);
#2854=PLANE('',#2853);
#2856=ORIENTED_EDGE('',*,*,#2855,.F.);
#2858=ORIENTED_EDGE('',*,*,#2857,.F.);
#2860=ORIENTED_EDGE('',*,*,#2859,.F.);
#2862=ORIENTED_EDGE('',*,*,#2861,.F.);
#2863=EDGE_LOOP('',(#2856,#2858,#2860,#2862));
#2864=FACE_OUTER_BOUND('',#2863,.F.);
#2866=ORIENTED_EDGE('',*,*,#2865,.F.);
#2868=ORIENTED_EDGE('',*,*,#2867,.F.);
#2870=ORIENTED_EDGE('',*,*,#2869,.F.);
#2872=ORIENTED_EDGE('',*,*,#2871,.F.);
#2873=EDGE_LOOP('',(#2866,#2868,#2870,#2872));
#2874=FACE_BOUND('',#2873,.F.);
#2876=ORIENTED_EDGE('',*,*,#2875,.F.);
#2877=ORIENTED_EDGE('',*,*,#2839,.F.);
#2879=ORIENTED_EDGE('',*,*,#2878,.F.);
#2881=ORIENTED_EDGE('',*,*,#2880,.F.);
#2882=EDGE_LOOP('',(#2876,#2877,#2879,#2881));
#2883=FACE_BOUND('',#2882,.F.);
#2884=ADVANCED_FACE('',(#2864,#2874,#2883),#2854,.F.);
#2885=CARTESIAN_POINT('',(0.E0,1.368773558406E0,0.E0));
#2886=DIRECTION('',(0.E0,1.E0,0.E0));
#2887=DIRECTION('',(1.E0,0.E0,0.E0));
#2888=AXIS2_PLACEMENT_3D('',#2885,#2886,#2887);
#2889=CYLINDRICAL_SURFACE('',#2888,7.5E0);
#2890=ORIENTED_EDGE('',*,*,#2855,.T.);
#2892=ORIENTED_EDGE('',*,*,#2891,.F.);
#2894=ORIENTED_EDGE('',*,*,#2893,.F.);
#2896=ORIENTED_EDGE('',*,*,#2895,.F.);
#2897=EDGE_LOOP('',(#2890,#2892,#2894,#2896));
#2898=FACE_OUTER_BOUND('',#2897,.F.);
#2899=ADVANCED_FACE('',(#2898),#2889,.T.);
#2900=CARTESIAN_POINT('',(-4.815577658015E0,1.45E0,4.213122502650E0));
#2901=DIRECTION('',(5.591929034709E-1,0.E0,8.290375725549E-1));
#2902=DIRECTION('',(-8.290375725549E-1,0.E0,5.591929034709E-1));
#2903=AXIS2_PLACEMENT_3D('',#2900,#2901,#2902);
#2904=PLANE('',#2903);
#2905=ORIENTED_EDGE('',*,*,#2861,.T.);
#2907=ORIENTED_EDGE('',*,*,#2906,.F.);
#2909=ORIENTED_EDGE('',*,*,#2908,.F.);
#2910=ORIENTED_EDGE('',*,*,#2891,.T.);
#2911=EDGE_LOOP('',(#2905,#2907,#2909,#2910));
#2912=FACE_OUTER_BOUND('',#2911,.F.);
#2913=ADVANCED_FACE('',(#2912),#2904,.F.);
#2914=CARTESIAN_POINT('',(0.E0,1.368773558406E0,0.E0));
#2915=DIRECTION('',(0.E0,1.E0,0.E0));
#2916=DIRECTION('',(1.E0,0.E0,0.E0));
#2917=AXIS2_PLACEMENT_3D('',#2914,#2915,#2916);
#2918=CYLINDRICAL_SURFACE('',#2917,5.3E0);
#2919=ORIENTED_EDGE('',*,*,#2859,.T.);
#2921=ORIENTED_EDGE('',*,*,#2920,.F.);
#2923=ORIENTED_EDGE('',*,*,#2922,.F.);
#2924=ORIENTED_EDGE('',*,*,#2906,.T.);
#2925=EDGE_LOOP('',(#2919,#2921,#2923,#2924));
#2926=FACE_OUTER_BOUND('',#2925,.F.);
#2927=ADVANCED_FACE('',(#2926),#2918,.F.);
#2928=CARTESIAN_POINT('',(-2.847142298994E0,1.45E0,-5.731395118236E0));
#2929=DIRECTION('',(8.660254037844E-1,0.E0,-5.E-1));
#2930=DIRECTION('',(5.E-1,0.E0,8.660254037844E-1));
#2931=AXIS2_PLACEMENT_3D('',#2928,#2929,#2930);
#2932=PLANE('',#2931);
#2933=ORIENTED_EDGE('',*,*,#2857,.T.);
#2934=ORIENTED_EDGE('',*,*,#2895,.T.);
#2936=ORIENTED_EDGE('',*,*,#2935,.F.);
#2937=ORIENTED_EDGE('',*,*,#2920,.T.);
#2938=EDGE_LOOP('',(#2933,#2934,#2936,#2937));
#2939=FACE_OUTER_BOUND('',#2938,.F.);
#2940=ADVANCED_FACE('',(#2939),#2932,.F.);
#2941=CARTESIAN_POINT('',(8.827636063514E-1,1.5E0,1.056115759268E-4));
#2942=DIRECTION('',(0.E0,1.E0,0.E0));
#2943=DIRECTION('',(1.E0,0.E0,0.E0));
#2944=AXIS2_PLACEMENT_3D('',#2941,#2942,#2943);
#2945=PLANE('',#2944);
#2946=ORIENTED_EDGE('',*,*,#2893,.T.);
#2947=ORIENTED_EDGE('',*,*,#2908,.T.);
#2948=ORIENTED_EDGE('',*,*,#2922,.T.);
#2949=ORIENTED_EDGE('',*,*,#2935,.T.);
#2950=EDGE_LOOP('',(#2946,#2947,#2948,#2949));
#2951=FACE_OUTER_BOUND('',#2950,.F.);
#2953=ORIENTED_EDGE('',*,*,#2952,.F.);
#2955=ORIENTED_EDGE('',*,*,#2954,.F.);
#2957=ORIENTED_EDGE('',*,*,#2956,.F.);
#2959=ORIENTED_EDGE('',*,*,#2958,.F.);
#2960=EDGE_LOOP('',(#2953,#2955,#2957,#2959));
#2961=FACE_BOUND('',#2960,.F.);
#2963=ORIENTED_EDGE('',*,*,#2962,.F.);
#2965=ORIENTED_EDGE('',*,*,#2964,.F.);
#2967=ORIENTED_EDGE('',*,*,#2966,.F.);
#2968=ORIENTED_EDGE('',*,*,#2843,.F.);
#2969=EDGE_LOOP('',(#2963,#2965,#2967,#2968));
#2970=FACE_BOUND('',#2969,.F.);
#2971=ADVANCED_FACE('',(#2951,#2961,#2970),#2945,.T.);
#2972=CARTESIAN_POINT('',(0.E0,1.368773558406E0,0.E0));
#2973=DIRECTION('',(0.E0,1.E0,0.E0));
#2974=DIRECTION('',(1.E0,0.E0,0.E0));
#2975=AXIS2_PLACEMENT_3D('',#2972,#2973,#2974);
#2976=CYLINDRICAL_SURFACE('',#2975,5.9E0);
#2977=ORIENTED_EDGE('',*,*,#2865,.T.);
#2979=ORIENTED_EDGE('',*,*,#2978,.F.);
#2980=ORIENTED_EDGE('',*,*,#2952,.T.);
#2982=ORIENTED_EDGE('',*,*,#2981,.F.);
#2983=EDGE_LOOP('',(#2977,#2979,#2980,#2982));
#2984=FACE_OUTER_BOUND('',#2983,.F.);
#2985=ADVANCED_FACE('',(#2984),#2976,.T.);
#2986=CARTESIAN_POINT('',(4.726114180006E0,1.368773558406E0,-4.315535280536E0));
#2987=DIRECTION('',(0.E0,1.E0,0.E0));
#2988=DIRECTION('',(1.E0,0.E0,0.E0));
#2989=AXIS2_PLACEMENT_3D('',#2986,#2987,#2988);
#2990=CYLINDRICAL_SURFACE('',#2989,5.E-1);
#2991=ORIENTED_EDGE('',*,*,#2871,.T.);
#2993=ORIENTED_EDGE('',*,*,#2992,.F.);
#2994=ORIENTED_EDGE('',*,*,#2954,.T.);
#2995=ORIENTED_EDGE('',*,*,#2978,.T.);
#2996=EDGE_LOOP('',(#2991,#2993,#2994,#2995));
#2997=FACE_OUTER_BOUND('',#2996,.F.);
#2998=ADVANCED_FACE('',(#2997),#2990,.F.);
#2999=CARTESIAN_POINT('',(0.E0,1.368773558406E0,0.E0));
#3000=DIRECTION('',(0.E0,1.E0,0.E0));
#3001=DIRECTION('',(1.E0,0.E0,0.E0));
#3002=AXIS2_PLACEMENT_3D('',#2999,#3000,#3001);
#3003=CYLINDRICAL_SURFACE('',#3002,6.9E0);
#3004=ORIENTED_EDGE('',*,*,#2869,.T.);
#3006=ORIENTED_EDGE('',*,*,#3005,.F.);
#3007=ORIENTED_EDGE('',*,*,#2956,.T.);
#3008=ORIENTED_EDGE('',*,*,#2992,.T.);
#3009=EDGE_LOOP('',(#3004,#3006,#3007,#3008));
#3010=FACE_OUTER_BOUND('',#3009,.F.);
#3011=ADVANCED_FACE('',(#3010),#3003,.F.);
#3012=CARTESIAN_POINT('',(-1.591615277855E0,1.368773558406E0,
-6.198932231223E0));
#3013=DIRECTION('',(0.E0,1.E0,0.E0));
#3014=DIRECTION('',(1.E0,0.E0,0.E0));
#3015=AXIS2_PLACEMENT_3D('',#3012,#3013,#3014);
#3016=CYLINDRICAL_SURFACE('',#3015,5.E-1);
#3017=ORIENTED_EDGE('',*,*,#2867,.T.);
#3018=ORIENTED_EDGE('',*,*,#2981,.T.);
#3019=ORIENTED_EDGE('',*,*,#2958,.T.);
#3020=ORIENTED_EDGE('',*,*,#3005,.T.);
#3021=EDGE_LOOP('',(#3017,#3018,#3019,#3020));
#3022=FACE_OUTER_BOUND('',#3021,.F.);
#3023=ADVANCED_FACE('',(#3022),#3016,.F.);
#3024=CARTESIAN_POINT('',(0.E0,1.368773558406E0,0.E0));
#3025=DIRECTION('',(0.E0,1.E0,0.E0));
#3026=DIRECTION('',(1.E0,0.E0,0.E0));
#3027=AXIS2_PLACEMENT_3D('',#3024,#3025,#3026);
#3028=CYLINDRICAL_SURFACE('',#3027,5.9E0);
#3029=ORIENTED_EDGE('',*,*,#2875,.T.);
#3031=ORIENTED_EDGE('',*,*,#3030,.F.);
#3032=ORIENTED_EDGE('',*,*,#2962,.T.);
#3033=ORIENTED_EDGE('',*,*,#2841,.F.);
#3034=EDGE_LOOP('',(#3029,#3031,#3032,#3033));
#3035=FACE_OUTER_BOUND('',#3034,.F.);
#3036=ADVANCED_FACE('',(#3035),#3028,.T.);
#3037=CARTESIAN_POINT('',(-4.147967366804E0,1.368773558406E0,4.873845168235E0));
#3038=DIRECTION('',(0.E0,1.E0,0.E0));
#3039=DIRECTION('',(1.E0,0.E0,0.E0));
#3040=AXIS2_PLACEMENT_3D('',#3037,#3038,#3039);
#3041=CYLINDRICAL_SURFACE('',#3040,5.E-1);
#3042=ORIENTED_EDGE('',*,*,#2880,.T.);
#3044=ORIENTED_EDGE('',*,*,#3043,.F.);
#3045=ORIENTED_EDGE('',*,*,#2964,.T.);
#3046=ORIENTED_EDGE('',*,*,#3030,.T.);
#3047=EDGE_LOOP('',(#3042,#3044,#3045,#3046));
#3048=FACE_OUTER_BOUND('',#3047,.F.);
#3049=ADVANCED_FACE('',(#3048),#3041,.F.);
#3050=CARTESIAN_POINT('',(0.E0,1.368773558406E0,0.E0));
#3051=DIRECTION('',(0.E0,1.E0,0.E0));
#3052=DIRECTION('',(1.E0,0.E0,0.E0));
#3053=AXIS2_PLACEMENT_3D('',#3050,#3051,#3052);
#3054=CYLINDRICAL_SURFACE('',#3053,6.9E0);
#3055=ORIENTED_EDGE('',*,*,#2878,.T.);
#3056=ORIENTED_EDGE('',*,*,#2845,.F.);
#3057=ORIENTED_EDGE('',*,*,#2966,.T.);
#3058=ORIENTED_EDGE('',*,*,#3043,.T.);
#3059=EDGE_LOOP('',(#3055,#3056,#3057,#3058));
#3060=FACE_OUTER_BOUND('',#3059,.F.);
#3061=ADVANCED_FACE('',(#3060),#3054,.F.);
#3062=CLOSED_SHELL('',(#2849,#2884,#2899,#2913,#2927,#2940,#2971,#2985,#2998,
#3011,#3023,#3036,#3049,#3061));
#3063=MANIFOLD_SOLID_BREP('',#3062);
#3064=CARTESIAN_POINT('',(0.E0,1.3E0,0.E0));
#3065=DIRECTION('',(0.E0,-1.E0,0.E0));
#3066=DIRECTION('',(-4.296094051927E-1,0.E0,-9.030148165839E-1));
#3067=AXIS2_PLACEMENT_3D('',#3064,#3065,#3066);
#3069=DIRECTION('',(8.290375725551E-1,0.E0,-5.591929034707E-1));
#3070=VECTOR('',#3069,2.217936516029E0);
#3071=CARTESIAN_POINT('',(-5.734954010680E0,1.3E0,4.833249682706E0));
#3072=LINE('',#3071,#3070);
#3073=DIRECTION('',(-1.918465386552E-12,-1.E0,-2.300382107023E-12));
#3074=VECTOR('',#3073,1.E-1);
#3075=CARTESIAN_POINT('',(-5.734954010680E0,1.4E0,4.833249682707E0));
#3076=LINE('',#3075,#3074);
#3077=CARTESIAN_POINT('',(0.E0,1.3E0,0.E0));
#3078=DIRECTION('',(0.E0,1.E0,0.E0));
#3079=DIRECTION('',(-7.351323217642E-1,0.E0,6.779236457725E-1));
#3080=AXIS2_PLACEMENT_3D('',#3077,#3078,#3079);
#3082=DIRECTION('',(-1.429967255717E-12,-1.E0,-1.776356839400E-12));
#3083=VECTOR('',#3082,1.E-1);
#3084=CARTESIAN_POINT('',(-3.896201305350E0,1.4E0,3.592995322595E0));
#3085=LINE('',#3084,#3083);
#3086=DIRECTION('',(-4.771587602595E-1,0.E0,-8.788171126620E-1));
#3087=VECTOR('',#3086,2.204441632652E0);
#3088=CARTESIAN_POINT('',(-2.170201902445E0,1.3E0,-4.835310093740E0));
#3089=LINE('',#3088,#3087);
#3090=DIRECTION('',(-1.776356839400E-14,1.E0,0.E0));
#3091=VECTOR('',#3090,1.E-1);
#3092=CARTESIAN_POINT('',(-3.222070538945E0,1.3E0,-6.772611124379E0));
#3093=LINE('',#3092,#3091);
#3094=DIRECTION('',(1.998401444325E-13,-1.E0,4.529709940471E-13));
#3095=VECTOR('',#3094,1.E-1);
#3096=CARTESIAN_POINT('',(-2.170201902445E0,1.4E0,-4.835310093740E0));
#3097=LINE('',#3096,#3095);
#3098=CARTESIAN_POINT('',(0.E0,1.4E0,0.E0));
#3099=DIRECTION('',(0.E0,-1.E0,0.E0));
#3100=DIRECTION('',(-4.296094051927E-1,0.E0,-9.030148165839E-1));
#3101=AXIS2_PLACEMENT_3D('',#3098,#3099,#3100);
#3103=DIRECTION('',(8.290375725550E-1,0.E0,-5.591929034708E-1));
#3104=VECTOR('',#3103,2.217936516029E0);
#3105=CARTESIAN_POINT('',(-5.734954010680E0,1.4E0,4.833249682707E0));
#3106=LINE('',#3105,#3104);
#3107=CARTESIAN_POINT('',(0.E0,1.4E0,0.E0));
#3108=DIRECTION('',(0.E0,1.E0,0.E0));
#3109=DIRECTION('',(-7.351323217641E-1,0.E0,6.779236457726E-1));
#3110=AXIS2_PLACEMENT_3D('',#3107,#3108,#3109);
#3112=DIRECTION('',(-4.771587602595E-1,0.E0,-8.788171126620E-1));
#3113=VECTOR('',#3112,2.204441632652E0);
#3114=CARTESIAN_POINT('',(-2.170201902445E0,1.4E0,-4.835310093740E0));
#3115=LINE('',#3114,#3113);
#3116=CARTESIAN_POINT('',(-3.896201305350E0,1.4E0,3.592995322595E0));
#3117=CARTESIAN_POINT('',(-3.896201305350E0,1.3E0,3.592995322594E0));
#3118=VERTEX_POINT('',#3116);
#3119=VERTEX_POINT('',#3117);
#3120=CARTESIAN_POINT('',(-2.170201902445E0,1.4E0,-4.835310093740E0));
#3121=CARTESIAN_POINT('',(-2.170201902445E0,1.3E0,-4.835310093740E0));
#3122=VERTEX_POINT('',#3120);
#3123=VERTEX_POINT('',#3121);
#3124=CARTESIAN_POINT('',(-3.222070538945E0,1.3E0,-6.772611124379E0));
#3125=CARTESIAN_POINT('',(-3.222070538945E0,1.4E0,-6.772611124379E0));
#3126=VERTEX_POINT('',#3124);
#3127=VERTEX_POINT('',#3125);
#3128=CARTESIAN_POINT('',(-5.734954010680E0,1.4E0,4.833249682707E0));
#3129=CARTESIAN_POINT('',(-5.734954010680E0,1.3E0,4.833249682706E0));
#3130=VERTEX_POINT('',#3128);
#3131=VERTEX_POINT('',#3129);
#3132=CARTESIAN_POINT('',(8.832046628718E-1,1.3E0,2.364728461535E-4));
#3133=DIRECTION('',(0.E0,1.E0,0.E0));
#3134=DIRECTION('',(1.E0,0.E0,0.E0));
#3135=AXIS2_PLACEMENT_3D('',#3132,#3133,#3134);
#3136=PLANE('',#3135);
#3138=ORIENTED_EDGE('',*,*,#3137,.F.);
#3140=ORIENTED_EDGE('',*,*,#3139,.F.);
#3142=ORIENTED_EDGE('',*,*,#3141,.F.);
#3144=ORIENTED_EDGE('',*,*,#3143,.F.);
#3145=EDGE_LOOP('',(#3138,#3140,#3142,#3144));
#3146=FACE_OUTER_BOUND('',#3145,.F.);
#3147=ADVANCED_FACE('',(#3146),#3136,.F.);
#3148=CARTESIAN_POINT('',(0.E0,1.269009237543E0,0.E0));
#3149=DIRECTION('',(0.E0,1.E0,0.E0));
#3150=DIRECTION('',(1.E0,0.E0,0.E0));
#3151=AXIS2_PLACEMENT_3D('',#3148,#3149,#3150);
#3152=CYLINDRICAL_SURFACE('',#3151,7.5E0);
#3153=ORIENTED_EDGE('',*,*,#3137,.T.);
#3155=ORIENTED_EDGE('',*,*,#3154,.F.);
#3157=ORIENTED_EDGE('',*,*,#3156,.F.);
#3159=ORIENTED_EDGE('',*,*,#3158,.F.);
#3160=EDGE_LOOP('',(#3153,#3155,#3157,#3159));
#3161=FACE_OUTER_BOUND('',#3160,.F.);
#3162=ADVANCED_FACE('',(#3161),#3152,.T.);
#3163=CARTESIAN_POINT('',(-4.815577658015E0,1.35E0,4.213122502650E0));
#3164=DIRECTION('',(5.591929034709E-1,0.E0,8.290375725549E-1));
#3165=DIRECTION('',(-8.290375725549E-1,0.E0,5.591929034709E-1));
#3166=AXIS2_PLACEMENT_3D('',#3163,#3164,#3165);
#3167=PLANE('',#3166);
#3168=ORIENTED_EDGE('',*,*,#3143,.T.);
#3170=ORIENTED_EDGE('',*,*,#3169,.F.);
#3172=ORIENTED_EDGE('',*,*,#3171,.F.);
#3173=ORIENTED_EDGE('',*,*,#3154,.T.);
#3174=EDGE_LOOP('',(#3168,#3170,#3172,#3173));
#3175=FACE_OUTER_BOUND('',#3174,.F.);
#3176=ADVANCED_FACE('',(#3175),#3167,.F.);
#3177=CARTESIAN_POINT('',(0.E0,1.269009237543E0,0.E0));
#3178=DIRECTION('',(0.E0,1.E0,0.E0));
#3179=DIRECTION('',(1.E0,0.E0,0.E0));
#3180=AXIS2_PLACEMENT_3D('',#3177,#3178,#3179);
#3181=CYLINDRICAL_SURFACE('',#3180,5.3E0);
#3182=ORIENTED_EDGE('',*,*,#3141,.T.);
#3184=ORIENTED_EDGE('',*,*,#3183,.F.);
#3186=ORIENTED_EDGE('',*,*,#3185,.F.);
#3187=ORIENTED_EDGE('',*,*,#3169,.T.);
#3188=EDGE_LOOP('',(#3182,#3184,#3186,#3187));
#3189=FACE_OUTER_BOUND('',#3188,.F.);
#3190=ADVANCED_FACE('',(#3189),#3181,.F.);
#3191=CARTESIAN_POINT('',(-2.696136220695E0,1.35E0,-5.803960609059E0));
#3192=DIRECTION('',(8.788171126622E-1,0.E0,-4.771587602592E-1));
#3193=DIRECTION('',(4.771587602592E-1,0.E0,8.788171126622E-1));
#3194=AXIS2_PLACEMENT_3D('',#3191,#3192,#3193);
#3195=PLANE('',#3194);
#3196=ORIENTED_EDGE('',*,*,#3139,.T.);
#3197=ORIENTED_EDGE('',*,*,#3158,.T.);
#3199=ORIENTED_EDGE('',*,*,#3198,.F.);
#3200=ORIENTED_EDGE('',*,*,#3183,.T.);
#3201=EDGE_LOOP('',(#3196,#3197,#3199,#3200));
#3202=FACE_OUTER_BOUND('',#3201,.F.);
#3203=ADVANCED_FACE('',(#3202),#3195,.F.);
#3204=CARTESIAN_POINT('',(8.832046614452E-1,1.4E0,2.364776575563E-4));
#3205=DIRECTION('',(0.E0,1.E0,0.E0));
#3206=DIRECTION('',(1.E0,0.E0,0.E0));
#3207=AXIS2_PLACEMENT_3D('',#3204,#3205,#3206);
#3208=PLANE('',#3207);
#3209=ORIENTED_EDGE('',*,*,#3156,.T.);
#3210=ORIENTED_EDGE('',*,*,#3171,.T.);
#3211=ORIENTED_EDGE('',*,*,#3185,.T.);
#3212=ORIENTED_EDGE('',*,*,#3198,.T.);
#3213=EDGE_LOOP('',(#3209,#3210,#3211,#3212));
#3214=FACE_OUTER_BOUND('',#3213,.F.);
#3215=ADVANCED_FACE('',(#3214),#3208,.T.);
#3216=CLOSED_SHELL('',(#3147,#3162,#3176,#3190,#3203,#3215));
#3217=MANIFOLD_SOLID_BREP('',#3216);
#3218=DIRECTION('',(7.071067811871E-1,0.E0,7.071067811859E-1));
#3219=VECTOR('',#3218,5.505661007990E-1);
#3220=CARTESIAN_POINT('',(-5.898925243551E0,1.15E0,-5.403950496720E0));
#3221=LINE('',#3220,#3219);
#3222=DIRECTION('',(2.715288311655E-13,1.E0,-3.451207573692E-13));
#3223=VECTOR('',#3222,3.5E-1);
#3224=CARTESIAN_POINT('',(-5.509616220184E0,1.15E0,-5.014641473354E0));
#3225=LINE('',#3224,#3223);
#3226=DIRECTION('',(-7.071067811871E-1,0.E0,-7.071067811859E-1));
#3227=VECTOR('',#3226,5.505661007989E-1);
#3228=CARTESIAN_POINT('',(-5.509616220184E0,1.5E0,-5.014641473354E0));
#3229=LINE('',#3228,#3227);
#3230=DIRECTION('',(-3.730349362741E-13,-1.E0,2.360016943775E-13));
#3231=VECTOR('',#3230,3.5E-1);
#3232=CARTESIAN_POINT('',(-5.898925243551E0,1.5E0,-5.403950496720E0));
#3233=LINE('',#3232,#3231);
#3234=DIRECTION('',(0.E0,1.E0,-2.664535259100E-14));
#3235=VECTOR('',#3234,5.E-2);
#3236=CARTESIAN_POINT('',(-6.E0,1.1E0,-3.2E0));
#3237=LINE('',#3236,#3235);
#3238=DIRECTION('',(0.E0,0.E0,1.E0));
#3239=VECTOR('',#3238,2.5E0);
#3240=CARTESIAN_POINT('',(-6.E0,1.15E0,-3.2E0));
#3241=LINE('',#3240,#3239);
#3242=DIRECTION('',(0.E0,0.E0,-1.E0));
#3243=VECTOR('',#3242,2.5E0);
#3244=CARTESIAN_POINT('',(-6.E0,1.1E0,-7.E-1));
#3245=LINE('',#3244,#3243);
#3246=DIRECTION('',(1.E0,0.E0,1.640421737650E-13));
#3247=VECTOR('',#3246,8.067351309602E-1);
#3248=CARTESIAN_POINT('',(-6.E0,1.1E0,-3.2E0));
#3249=LINE('',#3248,#3247);
#3250=DIRECTION('',(-1.421085471520E-12,1.E0,-1.065814103640E-12));
#3251=VECTOR('',#3250,5.E-2);
#3252=CARTESIAN_POINT('',(-5.193264869040E0,1.1E0,-3.2E0));
#3253=LINE('',#3252,#3251);
#3254=DIRECTION('',(-1.E0,0.E0,-9.908587677083E-14));
#3255=VECTOR('',#3254,8.067351309601E-1);
#3256=CARTESIAN_POINT('',(-5.193264869040E0,1.15E0,-3.2E0));
#3257=LINE('',#3256,#3255);
#3258=DIRECTION('',(-7.071067811866E-1,0.E0,-7.071067811865E-1));
#3259=VECTOR('',#3258,1.652343958297E0);
#3260=CARTESIAN_POINT('',(-3.846257855590E0,1.1E0,-4.341232602420E0));
#3261=LINE('',#3260,#3259);
#3262=DIRECTION('',(8.290375725551E-1,0.E0,-5.591929034706E-1));
#3263=VECTOR('',#3262,8.100047338473E-1);
#3264=CARTESIAN_POINT('',(-6.671524358307E0,1.1E0,4.5E0));
#3265=LINE('',#3264,#3263);
#3266=DIRECTION('',(-7.071067811867E-1,0.E0,-7.071067811864E-1));
#3267=VECTOR('',#3266,1.652343958297E0);
#3268=CARTESIAN_POINT('',(-3.846257855590E0,1.15E0,-4.341232602420E0));
#3269=LINE('',#3268,#3267);
#3270=CARTESIAN_POINT('',(0.E0,1.1E0,0.E0));
#3271=DIRECTION('',(0.E0,1.E0,0.E0));
#3272=DIRECTION('',(-6.631479061362E-1,0.E0,-7.484883797276E-1));
#3273=AXIS2_PLACEMENT_3D('',#3270,#3271,#3272);
#3275=DIRECTION('',(2.184918912462E-12,1.E0,-2.664535259100E-13));
#3276=VECTOR('',#3275,5.E-2);
#3277=CARTESIAN_POINT('',(-5.757603668194E0,1.1E0,7.E-1));
#3278=LINE('',#3277,#3276);
#3279=CARTESIAN_POINT('',(0.E0,1.15E0,0.E0));
#3280=DIRECTION('',(0.E0,-1.E0,0.E0));
#3281=DIRECTION('',(-9.926902876196E-1,0.E0,1.206896551724E-1));
#3282=AXIS2_PLACEMENT_3D('',#3279,#3280,#3281);
#3284=DIRECTION('',(0.E0,-1.E0,0.E0));
#3285=VECTOR('',#3284,5.E-2);
#3286=CARTESIAN_POINT('',(-3.846257855590E0,1.15E0,-4.341232602420E0));
#3287=LINE('',#3286,#3285);
#3288=DIRECTION('',(1.E0,0.E0,-1.290958944245E-14));
#3289=VECTOR('',#3288,2.442396331806E0);
#3290=CARTESIAN_POINT('',(-8.2E0,1.15E0,7.E-1));
#3291=LINE('',#3290,#3289);
#3292=DIRECTION('',(-1.E0,0.E0,0.E0));
#3293=VECTOR('',#3292,2.442396331806E0);
#3294=CARTESIAN_POINT('',(-5.757603668194E0,1.1E0,7.E-1));
#3295=LINE('',#3294,#3293);
#3296=DIRECTION('',(-3.552713678800E-14,1.E0,0.E0));
#3297=VECTOR('',#3296,5.E-2);
#3298=CARTESIAN_POINT('',(-8.2E0,1.1E0,7.E-1));
#3299=LINE('',#3298,#3297);
#3300=DIRECTION('',(8.290375725549E-1,0.E0,-5.591929034709E-1));
#3301=VECTOR('',#3300,1.737307691024E0);
#3302=CARTESIAN_POINT('',(-6.E0,1.15E0,4.047051101055E0));
#3303=LINE('',#3302,#3301);
#3304=DIRECTION('',(0.E0,0.E0,1.E0));
#3305=VECTOR('',#3304,2.9E0);
#3306=CARTESIAN_POINT('',(-8.2E0,1.1E0,7.E-1));
#3307=LINE('',#3306,#3305);
#3308=DIRECTION('',(0.E0,1.E0,0.E0));
#3309=VECTOR('',#3308,5.E-2);
#3310=CARTESIAN_POINT('',(-8.2E0,1.1E0,3.6E0));
#3311=LINE('',#3310,#3309);
#3312=DIRECTION('',(0.E0,0.E0,-1.E0));
#3313=VECTOR('',#3312,2.9E0);
#3314=CARTESIAN_POINT('',(-8.2E0,1.15E0,3.6E0));
#3315=LINE('',#3314,#3313);
#3316=DIRECTION('',(0.E0,1.E0,0.E0));
#3317=VECTOR('',#3316,5.E-2);
#3318=CARTESIAN_POINT('',(-6.E0,1.1E0,3.6E0));
#3319=LINE('',#3318,#3317);
#3320=DIRECTION('',(-1.E0,0.E0,0.E0));
#3321=VECTOR('',#3320,2.2E0);
#3322=CARTESIAN_POINT('',(-6.E0,1.15E0,3.6E0));
#3323=LINE('',#3322,#3321);
#3324=DIRECTION('',(1.E0,0.E0,0.E0));
#3325=VECTOR('',#3324,2.2E0);
#3326=CARTESIAN_POINT('',(-8.2E0,1.1E0,3.6E0));
#3327=LINE('',#3326,#3325);
#3328=DIRECTION('',(-1.509929395944E-13,0.E0,1.E0));
#3329=VECTOR('',#3328,4.470511010549E-1);
#3330=CARTESIAN_POINT('',(-6.E0,1.1E0,3.6E0));
#3331=LINE('',#3330,#3329);
#3332=DIRECTION('',(0.E0,1.E0,0.E0));
#3333=VECTOR('',#3332,5.E-2);
#3334=CARTESIAN_POINT('',(-6.E0,1.1E0,4.047051101055E0));
#3335=LINE('',#3334,#3333);
#3336=DIRECTION('',(1.509929395944E-13,0.E0,-1.E0));
#3337=VECTOR('',#3336,4.470511010549E-1);
#3338=CARTESIAN_POINT('',(-6.E0,1.15E0,4.047051101055E0));
#3339=LINE('',#3338,#3337);
#3340=DIRECTION('',(8.290375725550E-1,0.E0,-5.591929034709E-1));
#3341=VECTOR('',#3340,2.547312424871E0);
#3342=CARTESIAN_POINT('',(-6.671524358307E0,1.5E0,4.5E0));
#3343=LINE('',#3342,#3341);
#3344=DIRECTION('',(1.E0,0.E0,-2.055402802970E-14));
#3345=VECTOR('',#3344,1.728475641693E0);
#3346=CARTESIAN_POINT('',(-8.4E0,1.5E0,4.5E0));
#3347=LINE('',#3346,#3345);
#3348=DIRECTION('',(0.E0,-1.E0,0.E0));
#3349=VECTOR('',#3348,4.E-1);
#3350=CARTESIAN_POINT('',(-6.671524358307E0,1.5E0,4.5E0));
#3351=LINE('',#3350,#3349);
#3352=DIRECTION('',(-1.E0,0.E0,2.158172943118E-14));
#3353=VECTOR('',#3352,1.728475641693E0);
#3354=CARTESIAN_POINT('',(-6.671524358307E0,1.1E0,4.5E0));
#3355=LINE('',#3354,#3353);
#3356=DIRECTION('',(0.E0,1.E0,0.E0));
#3357=VECTOR('',#3356,4.E-1);
#3358=CARTESIAN_POINT('',(-8.4E0,1.1E0,4.5E0));
#3359=LINE('',#3358,#3357);
#3360=DIRECTION('',(0.E0,0.E0,1.E0));
#3361=VECTOR('',#3360,3.975E0);
#3362=CARTESIAN_POINT('',(-8.4E0,1.5E0,5.25E-1));
#3363=LINE('',#3362,#3361);
#3364=DIRECTION('',(0.E0,0.E0,-1.E0));
#3365=VECTOR('',#3364,3.975E0);
#3366=CARTESIAN_POINT('',(-8.4E0,1.1E0,4.5E0));
#3367=LINE('',#3366,#3365);
#3368=DIRECTION('',(0.E0,1.E0,0.E0));
#3369=VECTOR('',#3368,4.E-1);
#3370=CARTESIAN_POINT('',(-8.4E0,1.1E0,5.25E-1));
#3371=LINE('',#3370,#3369);
#3372=DIRECTION('',(-1.E0,0.E0,0.E0));
#3373=VECTOR('',#3372,9.5E-1);
#3374=CARTESIAN_POINT('',(-7.45E0,1.5E0,5.25E-1));
#3375=LINE('',#3374,#3373);
#3376=DIRECTION('',(1.E0,0.E0,0.E0));
#3377=VECTOR('',#3376,9.5E-1);
#3378=CARTESIAN_POINT('',(-8.4E0,1.1E0,5.25E-1));
#3379=LINE('',#3378,#3377);
#3380=DIRECTION('',(0.E0,1.E0,0.E0));
#3381=VECTOR('',#3380,4.E-1);
#3382=CARTESIAN_POINT('',(-7.45E0,1.1E0,5.25E-1));
#3383=LINE('',#3382,#3381);
#3384=DIRECTION('',(0.E0,0.E0,1.E0));
#3385=VECTOR('',#3384,1.05E0);
#3386=CARTESIAN_POINT('',(-7.45E0,1.5E0,-5.25E-1));
#3387=LINE('',#3386,#3385);
#3388=DIRECTION('',(0.E0,0.E0,-1.E0));
#3389=VECTOR('',#3388,1.05E0);
#3390=CARTESIAN_POINT('',(-7.45E0,1.1E0,5.25E-1));
#3391=LINE('',#3390,#3389);
#3392=DIRECTION('',(0.E0,1.E0,0.E0));
#3393=VECTOR('',#3392,4.E-1);
#3394=CARTESIAN_POINT('',(-7.45E0,1.1E0,-5.25E-1));
#3395=LINE('',#3394,#3393);
#3396=DIRECTION('',(1.E0,0.E0,0.E0));
#3397=VECTOR('',#3396,9.5E-1);
#3398=CARTESIAN_POINT('',(-8.4E0,1.5E0,-5.25E-1));
#3399=LINE('',#3398,#3397);
#3400=DIRECTION('',(-1.E0,0.E0,0.E0));
#3401=VECTOR('',#3400,9.5E-1);
#3402=CARTESIAN_POINT('',(-7.45E0,1.1E0,-5.25E-1));
#3403=LINE('',#3402,#3401);
#3404=DIRECTION('',(0.E0,1.E0,0.E0));
#3405=VECTOR('',#3404,4.E-1);
#3406=CARTESIAN_POINT('',(-8.4E0,1.1E0,-5.25E-1));
#3407=LINE('',#3406,#3405);
#3408=DIRECTION('',(0.E0,0.E0,1.E0));
#3409=VECTOR('',#3408,3.975E0);
#3410=CARTESIAN_POINT('',(-8.4E0,1.5E0,-4.5E0));
#3411=LINE('',#3410,#3409);
#3412=DIRECTION('',(0.E0,0.E0,-1.E0));
#3413=VECTOR('',#3412,3.975E0);
#3414=CARTESIAN_POINT('',(-8.4E0,1.1E0,-5.25E-1));
#3415=LINE('',#3414,#3413);
#3416=DIRECTION('',(0.E0,1.E0,0.E0));
#3417=VECTOR('',#3416,4.E-1);
#3418=CARTESIAN_POINT('',(-8.4E0,1.1E0,-4.5E0));
#3419=LINE('',#3418,#3417);
#3420=DIRECTION('',(-1.E0,0.E0,-1.094292536261E-14));
#3421=VECTOR('',#3420,1.785621722339E0);
#3422=CARTESIAN_POINT('',(-6.614378277661E0,1.5E0,-4.5E0));
#3423=LINE('',#3422,#3421);
#3424=DIRECTION('',(1.E0,0.E0,-4.178207865723E-14));
#3425=VECTOR('',#3424,1.785621722339E0);
#3426=CARTESIAN_POINT('',(-8.4E0,1.1E0,-4.5E0));
#3427=LINE('',#3426,#3425);
#3428=DIRECTION('',(3.375077994860E-13,1.E0,2.353672812205E-13));
#3429=VECTOR('',#3428,4.E-1);
#3430=CARTESIAN_POINT('',(-6.614378277661E0,1.1E0,-4.5E0));
#3431=LINE('',#3430,#3429);
#3432=CARTESIAN_POINT('',(0.E0,1.15E0,0.E0));
#3433=DIRECTION('',(0.E0,-1.E0,0.E0));
#3434=DIRECTION('',(-7.75E-1,0.E0,-6.319612329882E-1));
#3435=AXIS2_PLACEMENT_3D('',#3432,#3433,#3434);
#3437=CARTESIAN_POINT('',(0.E0,1.5E0,0.E0));
#3438=DIRECTION('',(0.E0,1.E0,0.E0));
#3439=DIRECTION('',(-7.373656554438E-1,0.E0,-6.754938120900E-1));
#3440=AXIS2_PLACEMENT_3D('',#3437,#3438,#3439);
#3442=CARTESIAN_POINT('',(0.E0,1.1E0,0.E0));
#3443=DIRECTION('',(0.E0,-1.E0,0.E0));
#3444=DIRECTION('',(-8.267972847077E-1,0.E0,-5.625E-1));
#3445=AXIS2_PLACEMENT_3D('',#3442,#3443,#3444);
#3447=DIRECTION('',(-2.842170943040E-13,1.E0,3.055333763768E-12));
#3448=VECTOR('',#3447,5.E-2);
#3449=CARTESIAN_POINT('',(-6.2E0,1.1E0,-5.055689863906E0));
#3450=LINE('',#3449,#3448);
#3451=DIRECTION('',(2.275139128889E-13,0.E0,1.E0));
#3452=VECTOR('',#3451,7.144031270057E-1);
#3453=CARTESIAN_POINT('',(-6.2E0,1.1E0,-5.055689863906E0));
#3454=LINE('',#3453,#3452);
#3455=DIRECTION('',(0.E0,1.E0,0.E0));
#3456=VECTOR('',#3455,5.E-2);
#3457=CARTESIAN_POINT('',(-6.2E0,1.1E0,-4.341286736900E0));
#3458=LINE('',#3457,#3456);
#3459=DIRECTION('',(-2.486490851245E-13,0.E0,-1.E0));
#3460=VECTOR('',#3459,7.144031270056E-1);
#3461=CARTESIAN_POINT('',(-6.2E0,1.15E0,-4.341286736900E0));
#3462=LINE('',#3461,#3460);
#3463=DIRECTION('',(-3.907985046681E-13,1.E0,4.209965709379E-12));
#3464=VECTOR('',#3463,5.E-2);
#3465=CARTESIAN_POINT('',(-5.324488287878E0,1.1E0,-3.728246836282E0));
#3466=LINE('',#3465,#3464);
#3467=DIRECTION('',(-8.191520442889E-1,0.E0,-5.735764363512E-1));
#3468=VECTOR('',#3467,1.068802450321E0);
#3469=CARTESIAN_POINT('',(-5.324488287878E0,1.15E0,-3.728246836282E0));
#3470=LINE('',#3469,#3468);
#3471=DIRECTION('',(8.191520442890E-1,0.E0,5.735764363510E-1));
#3472=VECTOR('',#3471,1.068802450321E0);
#3473=CARTESIAN_POINT('',(-6.2E0,1.1E0,-4.341286736900E0));
#3474=LINE('',#3473,#3472);
#3475=CARTESIAN_POINT('',(0.E0,1.1E0,0.E0));
#3476=DIRECTION('',(0.E0,1.E0,0.E0));
#3477=DIRECTION('',(-8.191520442890E-1,0.E0,-5.735764363511E-1));
#3478=AXIS2_PLACEMENT_3D('',#3475,#3476,#3477);
#3480=DIRECTION('',(-1.278976924368E-12,1.E0,4.254374630364E-12));
#3481=VECTOR('',#3480,5.E-2);
#3482=CARTESIAN_POINT('',(-5.412023651094E0,1.1E0,-3.6E0));
#3483=LINE('',#3482,#3481);
#3484=CARTESIAN_POINT('',(0.E0,1.15E0,0.E0));
#3485=DIRECTION('',(0.E0,-1.E0,0.E0));
#3486=DIRECTION('',(-8.326190232452E-1,0.E0,-5.538461538461E-1));
#3487=AXIS2_PLACEMENT_3D('',#3484,#3485,#3486);
#3489=DIRECTION('',(1.E0,0.E0,4.444115517579E-14));
#3490=VECTOR('',#3489,2.787976348906E0);
#3491=CARTESIAN_POINT('',(-8.2E0,1.15E0,-3.6E0));
#3492=LINE('',#3491,#3490);
#3493=DIRECTION('',(-1.E0,0.E0,3.137959702377E-14));
#3494=VECTOR('',#3493,2.787976348906E0);
#3495=CARTESIAN_POINT('',(-5.412023651094E0,1.1E0,-3.6E0));
#3496=LINE('',#3495,#3494);
#3497=DIRECTION('',(0.E0,1.E0,0.E0));
#3498=VECTOR('',#3497,5.E-2);
#3499=CARTESIAN_POINT('',(-8.2E0,1.1E0,-3.6E0));
#3500=LINE('',#3499,#3498);
#3501=DIRECTION('',(0.E0,0.E0,1.E0));
#3502=VECTOR('',#3501,2.9E0);
#3503=CARTESIAN_POINT('',(-8.2E0,1.1E0,-3.6E0));
#3504=LINE('',#3503,#3502);
#3505=DIRECTION('',(0.E0,1.E0,-1.110223024625E-14));
#3506=VECTOR('',#3505,5.E-2);
#3507=CARTESIAN_POINT('',(-8.2E0,1.1E0,-7.E-1));
#3508=LINE('',#3507,#3506);
#3509=DIRECTION('',(0.E0,0.E0,-1.E0));
#3510=VECTOR('',#3509,2.9E0);
#3511=CARTESIAN_POINT('',(-8.2E0,1.15E0,-7.E-1));
#3512=LINE('',#3511,#3510);
#3513=DIRECTION('',(1.E0,0.E0,0.E0));
#3514=VECTOR('',#3513,2.2E0);
#3515=CARTESIAN_POINT('',(-8.2E0,1.1E0,-7.E-1));
#3516=LINE('',#3515,#3514);
#3517=DIRECTION('',(0.E0,1.E0,1.776356839400E-14));
#3518=VECTOR('',#3517,5.E-2);
#3519=CARTESIAN_POINT('',(-6.E0,1.1E0,-7.E-1));
#3520=LINE('',#3519,#3518);
#3521=DIRECTION('',(-1.E0,0.E0,0.E0));
#3522=VECTOR('',#3521,2.2E0);
#3523=CARTESIAN_POINT('',(-6.E0,1.15E0,-7.E-1));
#3524=LINE('',#3523,#3522);
#3525=CARTESIAN_POINT('',(0.E0,1.1E0,0.E0));
#3526=DIRECTION('',(0.E0,-1.E0,0.E0));
#3527=DIRECTION('',(-7.395458013670E-1,0.E0,-6.731062380341E-1));
#3528=AXIS2_PLACEMENT_3D('',#3525,#3526,#3527);
#3530=DIRECTION('',(-4.227729277773E-12,1.E0,4.387601393319E-12));
#3531=VECTOR('',#3530,5.E-2);
#3532=CARTESIAN_POINT('',(-5.014641473354E0,1.1E0,-5.509616220184E0));
#3533=LINE('',#3532,#3531);
#3534=CARTESIAN_POINT('',(0.E0,1.5E0,0.E0));
#3535=DIRECTION('',(0.E0,1.E0,0.E0));
#3536=DIRECTION('',(-6.731062380340E-1,0.E0,-7.395458013671E-1));
#3537=AXIS2_PLACEMENT_3D('',#3534,#3535,#3536);
#3539=DIRECTION('',(7.071067811865E-1,0.E0,7.071067811866E-1));
#3540=VECTOR('',#3539,1.351823243338E0);
#3541=CARTESIAN_POINT('',(-5.509616220184E0,1.15E0,-5.014641473354E0));
#3542=LINE('',#3541,#3540);
#3543=DIRECTION('',(-7.071067811865E-1,0.E0,-7.071067811866E-1));
#3544=VECTOR('',#3543,1.351823243338E0);
#3545=CARTESIAN_POINT('',(-4.553732837854E0,1.1E0,-4.058758091024E0));
#3546=LINE('',#3545,#3544);
#3547=DIRECTION('',(2.025046796916E-12,1.E0,-2.131628207280E-13));
#3548=VECTOR('',#3547,5.E-2);
#3549=CARTESIAN_POINT('',(-5.509616220184E0,1.1E0,-5.014641473354E0));
#3550=LINE('',#3549,#3548);
#3551=CARTESIAN_POINT('',(0.E0,1.1E0,0.E0));
#3552=DIRECTION('',(0.E0,-1.E0,0.E0));
#3553=DIRECTION('',(-8.513548965639E-1,0.E0,-5.245901639344E-1));
#3554=AXIS2_PLACEMENT_3D('',#3551,#3552,#3553);
#3556=DIRECTION('',(3.552713678800E-13,1.E0,2.664535259100E-13));
#3557=VECTOR('',#3556,5.E-2);
#3558=CARTESIAN_POINT('',(-4.553732837854E0,1.1E0,-4.058758091024E0));
#3559=LINE('',#3558,#3557);
#3560=CARTESIAN_POINT('',(0.E0,1.15E0,0.E0));
#3561=DIRECTION('',(0.E0,1.E0,0.E0));
#3562=DIRECTION('',(-7.465135799761E-1,0.E0,-6.653701788563E-1));
#3563=AXIS2_PLACEMENT_3D('',#3560,#3561,#3562);
#3565=DIRECTION('',(-7.071067811862E-1,0.E0,-7.071067811869E-1));
#3566=VECTOR('',#3565,5.505661007989E-1);
#3567=CARTESIAN_POINT('',(-5.014641473354E0,1.15E0,-5.509616220184E0));
#3568=LINE('',#3567,#3566);
#3569=DIRECTION('',(7.071067811862E-1,0.E0,7.071067811869E-1));
#3570=VECTOR('',#3569,5.505661007989E-1);
#3571=CARTESIAN_POINT('',(-5.403950496720E0,1.5E0,-5.898925243551E0));
#3572=LINE('',#3571,#3570);
#3573=DIRECTION('',(-4.567774729886E-14,-1.E0,2.639158732823E-13));
#3574=VECTOR('',#3573,3.5E-1);
#3575=CARTESIAN_POINT('',(-5.014641473354E0,1.5E0,-5.509616220184E0));
#3576=LINE('',#3575,#3574);
#3577=CARTESIAN_POINT('',(0.E0,1.15E0,0.E0));
#3578=DIRECTION('',(0.E0,-1.E0,0.E0));
#3579=DIRECTION('',(-6.754938120900E-1,0.E0,-7.373656554438E-1));
#3580=AXIS2_PLACEMENT_3D('',#3577,#3578,#3579);
#3582=CARTESIAN_POINT('',(0.E0,1.5E0,0.E0));
#3583=DIRECTION('',(0.E0,1.E0,0.E0));
#3584=DIRECTION('',(-5.426758790752E-1,0.E0,-8.399421946003E-1));
#3585=AXIS2_PLACEMENT_3D('',#3582,#3583,#3584);
#3587=DIRECTION('',(0.E0,-1.E0,5.684341886081E-13));
#3588=VECTOR('',#3587,3.5E-1);
#3589=CARTESIAN_POINT('',(-5.403950496720E0,1.5E0,-5.898925243551E0));
#3590=LINE('',#3589,#3588);
#3591=DIRECTION('',(5.E-1,0.E0,8.660254037844E-1));
#3592=VECTOR('',#3591,2.504558481414E0);
#3593=CARTESIAN_POINT('',(-4.341407032601E0,1.15E0,-6.719537556803E0));
#3594=LINE('',#3593,#3592);
#3595=DIRECTION('',(-5.E-1,0.E0,-8.660254037844E-1));
#3596=VECTOR('',#3595,2.504558481414E0);
#3597=CARTESIAN_POINT('',(-3.089127791894E0,1.5E0,-4.550526286634E0));
#3598=LINE('',#3597,#3596);
#3599=DIRECTION('',(-2.207757786112E-13,-1.E0,-3.476584099969E-13));
#3600=VECTOR('',#3599,3.5E-1);
#3601=CARTESIAN_POINT('',(-4.341407032601E0,1.5E0,-6.719537556803E0));
#3602=LINE('',#3601,#3600);
#3603=CARTESIAN_POINT('',(0.E0,1.15E0,0.E0));
#3604=DIRECTION('',(0.E0,1.E0,0.E0));
#3605=DIRECTION('',(-5.616595985262E-1,0.E0,-8.273684157516E-1));
#3606=AXIS2_PLACEMENT_3D('',#3603,#3604,#3605);
#3608=DIRECTION('',(-8.120488408687E-14,1.E0,-1.218073261303E-13));
#3609=VECTOR('',#3608,3.5E-1);
#3610=CARTESIAN_POINT('',(-4.559706649053E0,1.15E0,3.075560969089E0));
#3611=LINE('',#3610,#3609);
#3612=CARTESIAN_POINT('',(0.E0,1.5E0,0.E0));
#3613=DIRECTION('',(0.E0,-1.E0,0.E0));
#3614=DIRECTION('',(-8.290375725551E-1,0.E0,5.591929034707E-1));
#3615=AXIS2_PLACEMENT_3D('',#3612,#3613,#3614);
#3617=DIRECTION('',(-8.501136302844E-14,-1.E0,-5.582835780972E-14));
#3618=VECTOR('',#3617,3.5E-1);
#3619=CARTESIAN_POINT('',(-3.089127791894E0,1.5E0,-4.550526286634E0));
#3620=LINE('',#3619,#3618);
#3621=CARTESIAN_POINT('',(-6.2E0,1.1E0,-5.055689863906E0));
#3622=CARTESIAN_POINT('',(-6.2E0,1.1E0,-4.341286736900E0));
#3623=VERTEX_POINT('',#3621);
#3624=VERTEX_POINT('',#3622);
#3625=CARTESIAN_POINT('',(-8.2E0,1.1E0,-7.E-1));
#3626=CARTESIAN_POINT('',(-6.E0,1.1E0,-7.E-1));
#3627=VERTEX_POINT('',#3625);
#3628=VERTEX_POINT('',#3626);
#3629=CARTESIAN_POINT('',(-8.2E0,1.1E0,-3.6E0));
#3630=VERTEX_POINT('',#3629);
#3631=CARTESIAN_POINT('',(-8.2E0,1.1E0,7.E-1));
#3632=CARTESIAN_POINT('',(-8.2E0,1.1E0,3.6E0));
#3633=VERTEX_POINT('',#3631);
#3634=VERTEX_POINT('',#3632);
#3635=CARTESIAN_POINT('',(-6.E0,1.15E0,-7.E-1));
#3636=CARTESIAN_POINT('',(-8.2E0,1.15E0,-7.E-1));
#3637=VERTEX_POINT('',#3635);
#3638=VERTEX_POINT('',#3636);
#3639=CARTESIAN_POINT('',(-6.614378277661E0,1.1E0,-4.5E0));
#3640=CARTESIAN_POINT('',(-6.614378277661E0,1.5E0,-4.5E0));
#3641=VERTEX_POINT('',#3639);
#3642=VERTEX_POINT('',#3640);
#3643=CARTESIAN_POINT('',(-8.4E0,1.1E0,-4.5E0));
#3644=CARTESIAN_POINT('',(-8.4E0,1.5E0,-4.5E0));
#3645=VERTEX_POINT('',#3643);
#3646=VERTEX_POINT('',#3644);
#3647=CARTESIAN_POINT('',(-8.4E0,1.1E0,-5.25E-1));
#3648=CARTESIAN_POINT('',(-8.4E0,1.5E0,-5.25E-1));
#3649=VERTEX_POINT('',#3647);
#3650=VERTEX_POINT('',#3648);
#3651=CARTESIAN_POINT('',(-7.45E0,1.1E0,-5.25E-1));
#3652=CARTESIAN_POINT('',(-7.45E0,1.5E0,-5.25E-1));
#3653=VERTEX_POINT('',#3651);
#3654=VERTEX_POINT('',#3652);
#3655=CARTESIAN_POINT('',(-7.45E0,1.1E0,5.25E-1));
#3656=CARTESIAN_POINT('',(-7.45E0,1.5E0,5.25E-1));
#3657=VERTEX_POINT('',#3655);
#3658=VERTEX_POINT('',#3656);
#3659=CARTESIAN_POINT('',(-8.2E0,1.15E0,-3.6E0));
#3660=VERTEX_POINT('',#3659);
#3661=CARTESIAN_POINT('',(-8.2E0,1.15E0,3.6E0));
#3662=CARTESIAN_POINT('',(-8.2E0,1.15E0,7.E-1));
#3663=VERTEX_POINT('',#3661);
#3664=VERTEX_POINT('',#3662);
#3665=CARTESIAN_POINT('',(-4.341407032601E0,1.5E0,-6.719537556803E0));
#3666=CARTESIAN_POINT('',(-5.403950496720E0,1.5E0,-5.898925243551E0));
#3667=VERTEX_POINT('',#3665);
#3668=VERTEX_POINT('',#3666);
#3669=CARTESIAN_POINT('',(-5.014641473354E0,1.5E0,-5.509616220184E0));
#3670=VERTEX_POINT('',#3669);
#3671=CARTESIAN_POINT('',(-5.509616220184E0,1.5E0,-5.014641473354E0));
#3672=VERTEX_POINT('',#3671);
#3673=CARTESIAN_POINT('',(-5.898925243551E0,1.5E0,-5.403950496720E0));
#3674=VERTEX_POINT('',#3673);
#3675=CARTESIAN_POINT('',(-8.4E0,1.5E0,5.25E-1));
#3676=VERTEX_POINT('',#3675);
#3677=CARTESIAN_POINT('',(-8.4E0,1.5E0,4.5E0));
#3678=VERTEX_POINT('',#3677);
#3679=CARTESIAN_POINT('',(-6.671524358307E0,1.5E0,4.5E0));
#3680=VERTEX_POINT('',#3679);
#3681=CARTESIAN_POINT('',(-4.559706649053E0,1.5E0,3.075560969089E0));
#3682=VERTEX_POINT('',#3681);
#3683=CARTESIAN_POINT('',(-8.4E0,1.1E0,5.25E-1));
#3684=VERTEX_POINT('',#3683);
#3685=CARTESIAN_POINT('',(-8.4E0,1.1E0,4.5E0));
#3686=VERTEX_POINT('',#3685);
#3687=CARTESIAN_POINT('',(-6.671524358307E0,1.1E0,4.5E0));
#3688=VERTEX_POINT('',#3687);
#3689=CARTESIAN_POINT('',(-3.089127791894E0,1.5E0,-4.550526286634E0));
#3690=VERTEX_POINT('',#3689);
#3691=CARTESIAN_POINT('',(-6.2E0,1.15E0,-5.055689863906E0));
#3692=VERTEX_POINT('',#3691);
#3693=CARTESIAN_POINT('',(-5.898925243551E0,1.15E0,-5.403950496720E0));
#3694=VERTEX_POINT('',#3693);
#3695=CARTESIAN_POINT('',(-3.846257855590E0,1.15E0,-4.341232602420E0));
#3696=CARTESIAN_POINT('',(-3.846257855590E0,1.1E0,-4.341232602420E0));
#3697=VERTEX_POINT('',#3695);
#3698=VERTEX_POINT('',#3696);
#3699=CARTESIAN_POINT('',(-5.193264869040E0,1.15E0,-3.2E0));
#3700=CARTESIAN_POINT('',(-6.E0,1.15E0,-3.2E0));
#3701=VERTEX_POINT('',#3699);
#3702=VERTEX_POINT('',#3700);
#3703=CARTESIAN_POINT('',(-5.412023651094E0,1.15E0,-3.6E0));
#3704=CARTESIAN_POINT('',(-5.324488287878E0,1.15E0,-3.728246836282E0));
#3705=VERTEX_POINT('',#3703);
#3706=VERTEX_POINT('',#3704);
#3707=CARTESIAN_POINT('',(-6.E0,1.15E0,4.047051101055E0));
#3708=CARTESIAN_POINT('',(-6.E0,1.15E0,3.6E0));
#3709=VERTEX_POINT('',#3707);
#3710=VERTEX_POINT('',#3708);
#3711=CARTESIAN_POINT('',(-5.324488287878E0,1.1E0,-3.728246836282E0));
#3712=VERTEX_POINT('',#3711);
#3713=CARTESIAN_POINT('',(-6.E0,1.1E0,-3.2E0));
#3714=VERTEX_POINT('',#3713);
#3715=CARTESIAN_POINT('',(-6.E0,1.1E0,3.6E0));
#3716=VERTEX_POINT('',#3715);
#3717=CARTESIAN_POINT('',(-6.2E0,1.15E0,-4.341286736900E0));
#3718=VERTEX_POINT('',#3717);
#3719=CARTESIAN_POINT('',(-3.089127791894E0,1.15E0,-4.550526286634E0));
#3720=VERTEX_POINT('',#3719);
#3721=CARTESIAN_POINT('',(-4.559706649053E0,1.15E0,3.075560969089E0));
#3722=VERTEX_POINT('',#3721);
#3723=CARTESIAN_POINT('',(-6.E0,1.1E0,4.047051101055E0));
#3724=VERTEX_POINT('',#3723);
#3725=CARTESIAN_POINT('',(-5.014641473354E0,1.15E0,-5.509616220184E0));
#3726=VERTEX_POINT('',#3725);
#3727=CARTESIAN_POINT('',(-5.014641473354E0,1.1E0,-5.509616220184E0));
#3728=VERTEX_POINT('',#3727);
#3729=CARTESIAN_POINT('',(-4.553732837854E0,1.1E0,-4.058758091024E0));
#3730=CARTESIAN_POINT('',(-5.509616220184E0,1.1E0,-5.014641473354E0));
#3731=VERTEX_POINT('',#3729);
#3732=VERTEX_POINT('',#3730);
#3733=CARTESIAN_POINT('',(-5.509616220184E0,1.15E0,-5.014641473354E0));
#3734=CARTESIAN_POINT('',(-4.553732837854E0,1.15E0,-4.058758091024E0));
#3735=VERTEX_POINT('',#3733);
#3736=VERTEX_POINT('',#3734);
#3737=CARTESIAN_POINT('',(-5.412023651094E0,1.1E0,-3.6E0));
#3738=VERTEX_POINT('',#3737);
#3739=CARTESIAN_POINT('',(-5.757603668194E0,1.1E0,7.E-1));
#3740=VERTEX_POINT('',#3739);
#3741=CARTESIAN_POINT('',(-5.757603668194E0,1.15E0,7.E-1));
#3742=VERTEX_POINT('',#3741);
#3743=CARTESIAN_POINT('',(-4.341407032601E0,1.15E0,-6.719537556803E0));
#3744=VERTEX_POINT('',#3743);
#3745=CARTESIAN_POINT('',(-5.193264869040E0,1.1E0,-3.2E0));
#3746=VERTEX_POINT('',#3745);
#3747=CARTESIAN_POINT('',(-5.403950496720E0,1.15E0,-5.898925243551E0));
#3748=VERTEX_POINT('',#3747);
#3749=CARTESIAN_POINT('',(-5.704270731867E0,1.325E0,-5.209295985037E0));
#3750=DIRECTION('',(-7.071067811857E-1,0.E0,7.071067811874E-1));
#3751=DIRECTION('',(7.071067811874E-1,0.E0,7.071067811857E-1));
#3752=AXIS2_PLACEMENT_3D('',#3749,#3750,#3751);
#3753=PLANE('',#3752);
#3755=ORIENTED_EDGE('',*,*,#3754,.T.);
#3757=ORIENTED_EDGE('',*,*,#3756,.T.);
#3759=ORIENTED_EDGE('',*,*,#3758,.T.);
#3761=ORIENTED_EDGE('',*,*,#3760,.T.);
#3762=EDGE_LOOP('',(#3755,#3757,#3759,#3761));
#3763=FACE_OUTER_BOUND('',#3762,.F.);
#3764=ADVANCED_FACE('',(#3763),#3753,.F.);
#3765=CARTESIAN_POINT('',(-6.376866418927E0,1.15E0,-3.051975248360E0));
#3766=DIRECTION('',(0.E0,1.E0,0.E0));
#3767=DIRECTION('',(0.E0,0.E0,-1.E0));
#3768=AXIS2_PLACEMENT_3D('',#3765,#3766,#3767);
#3769=PLANE('',#3768);
#3771=ORIENTED_EDGE('',*,*,#3770,.F.);
#3773=ORIENTED_EDGE('',*,*,#3772,.F.);
#3775=ORIENTED_EDGE('',*,*,#3774,.F.);
#3777=ORIENTED_EDGE('',*,*,#3776,.F.);
#3778=ORIENTED_EDGE('',*,*,#3754,.F.);
#3780=ORIENTED_EDGE('',*,*,#3779,.F.);
#3782=ORIENTED_EDGE('',*,*,#3781,.F.);
#3784=ORIENTED_EDGE('',*,*,#3783,.F.);
#3786=ORIENTED_EDGE('',*,*,#3785,.F.);
#3788=ORIENTED_EDGE('',*,*,#3787,.F.);
#3790=ORIENTED_EDGE('',*,*,#3789,.F.);
#3792=ORIENTED_EDGE('',*,*,#3791,.F.);
#3793=EDGE_LOOP('',(#3771,#3773,#3775,#3777,#3778,#3780,#3782,#3784,#3786,#3788,
#3790,#3792));
#3794=FACE_OUTER_BOUND('',#3793,.F.);
#3795=ADVANCED_FACE('',(#3794),#3769,.F.);
#3796=CARTESIAN_POINT('',(-6.E0,1.125E0,-1.95E0));
#3797=DIRECTION('',(1.E0,0.E0,0.E0));
#3798=DIRECTION('',(0.E0,0.E0,-1.E0));
#3799=AXIS2_PLACEMENT_3D('',#3796,#3797,#3798);
#3800=PLANE('',#3799);
#3802=ORIENTED_EDGE('',*,*,#3801,.T.);
#3803=ORIENTED_EDGE('',*,*,#3770,.T.);
#3805=ORIENTED_EDGE('',*,*,#3804,.F.);
#3807=ORIENTED_EDGE('',*,*,#3806,.T.);
#3808=EDGE_LOOP('',(#3802,#3803,#3805,#3807));
#3809=FACE_OUTER_BOUND('',#3808,.F.);
#3810=ADVANCED_FACE('',(#3809),#3800,.F.);
#3811=CARTESIAN_POINT('',(-5.596632434520E0,1.125E0,-3.2E0));
#3812=DIRECTION('',(0.E0,0.E0,1.E0));
#3813=DIRECTION('',(1.E0,0.E0,0.E0));
#3814=AXIS2_PLACEMENT_3D('',#3811,#3812,#3813);
#3815=PLANE('',#3814);
#3817=ORIENTED_EDGE('',*,*,#3816,.T.);
#3819=ORIENTED_EDGE('',*,*,#3818,.T.);
#3820=ORIENTED_EDGE('',*,*,#3772,.T.);
#3821=ORIENTED_EDGE('',*,*,#3801,.F.);
#3822=EDGE_LOOP('',(#3817,#3819,#3820,#3821));
#3823=FACE_OUTER_BOUND('',#3822,.F.);
#3824=ADVANCED_FACE('',(#3823),#3815,.F.);
#3825=CARTESIAN_POINT('',(-6.123128927795E0,1.1E0,-5.048081100923E-1));
#3826=DIRECTION('',(0.E0,1.E0,0.E0));
#3827=DIRECTION('',(0.E0,0.E0,-1.E0));
#3828=AXIS2_PLACEMENT_3D('',#3825,#3826,#3827);
#3829=PLANE('',#3828);
#3831=ORIENTED_EDGE('',*,*,#3830,.T.);
#3833=ORIENTED_EDGE('',*,*,#3832,.F.);
#3835=ORIENTED_EDGE('',*,*,#3834,.F.);
#3837=ORIENTED_EDGE('',*,*,#3836,.F.);
#3838=ORIENTED_EDGE('',*,*,#3816,.F.);
#3839=ORIENTED_EDGE('',*,*,#3806,.F.);
#3841=ORIENTED_EDGE('',*,*,#3840,.F.);
#3843=ORIENTED_EDGE('',*,*,#3842,.F.);
#3845=ORIENTED_EDGE('',*,*,#3844,.F.);
#3847=ORIENTED_EDGE('',*,*,#3846,.F.);
#3849=ORIENTED_EDGE('',*,*,#3848,.F.);
#3851=ORIENTED_EDGE('',*,*,#3850,.F.);
#3853=ORIENTED_EDGE('',*,*,#3852,.F.);
#3855=ORIENTED_EDGE('',*,*,#3854,.F.);
#3857=ORIENTED_EDGE('',*,*,#3856,.F.);
#3859=ORIENTED_EDGE('',*,*,#3858,.F.);
#3861=ORIENTED_EDGE('',*,*,#3860,.F.);
#3863=ORIENTED_EDGE('',*,*,#3862,.F.);
#3865=ORIENTED_EDGE('',*,*,#3864,.F.);
#3867=ORIENTED_EDGE('',*,*,#3866,.F.);
#3869=ORIENTED_EDGE('',*,*,#3868,.T.);
#3871=ORIENTED_EDGE('',*,*,#3870,.F.);
#3873=ORIENTED_EDGE('',*,*,#3872,.F.);
#3875=ORIENTED_EDGE('',*,*,#3874,.F.);
#3877=ORIENTED_EDGE('',*,*,#3876,.F.);
#3879=ORIENTED_EDGE('',*,*,#3878,.F.);
#3880=EDGE_LOOP('',(#3831,#3833,#3835,#3837,#3838,#3839,#3841,#3843,#3845,#3847,
#3849,#3851,#3853,#3855,#3857,#3859,#3861,#3863,#3865,#3867,#3869,#3871,#3873,
#3875,#3877,#3879));
#3881=FACE_OUTER_BOUND('',#3880,.F.);
#3882=ADVANCED_FACE('',(#3881),#3829,.F.);
#3883=CARTESIAN_POINT('',(-4.430449664472E0,1.125E0,-4.925424411303E0));
#3884=DIRECTION('',(7.071067811865E-1,0.E0,-7.071067811865E-1));
#3885=DIRECTION('',(-7.071067811865E-1,0.E0,-7.071067811865E-1));
#3886=AXIS2_PLACEMENT_3D('',#3883,#3884,#3885);
#3887=PLANE('',#3886);
#3888=ORIENTED_EDGE('',*,*,#3830,.F.);
#3890=ORIENTED_EDGE('',*,*,#3889,.F.);
#3892=ORIENTED_EDGE('',*,*,#3891,.T.);
#3894=ORIENTED_EDGE('',*,*,#3893,.F.);
#3895=EDGE_LOOP('',(#3888,#3890,#3892,#3894));
#3896=FACE_OUTER_BOUND('',#3895,.F.);
#3897=ADVANCED_FACE('',(#3896),#3887,.T.);
#3898=CARTESIAN_POINT('',(0.E0,1.164903371320E0,0.E0));
#3899=DIRECTION('',(0.E0,-1.E0,0.E0));
#3900=DIRECTION('',(0.E0,0.E0,-1.E0));
#3901=AXIS2_PLACEMENT_3D('',#3898,#3899,#3900);
#3902=CYLINDRICAL_SURFACE('',#3901,5.8E0);
#3903=ORIENTED_EDGE('',*,*,#3878,.T.);
#3905=ORIENTED_EDGE('',*,*,#3904,.T.);
#3907=ORIENTED_EDGE('',*,*,#3906,.T.);
#3908=ORIENTED_EDGE('',*,*,#3889,.T.);
#3909=EDGE_LOOP('',(#3903,#3905,#3907,#3908));
#3910=FACE_OUTER_BOUND('',#3909,.F.);
#3911=ADVANCED_FACE('',(#3910),#3902,.F.);
#3912=CARTESIAN_POINT('',(-6.978801834097E0,1.125E0,7.E-1));
#3913=DIRECTION('',(0.E0,0.E0,1.E0));
#3914=DIRECTION('',(-1.E0,0.E0,0.E0));
#3915=AXIS2_PLACEMENT_3D('',#3912,#3913,#3914);
#3916=PLANE('',#3915);
#3918=ORIENTED_EDGE('',*,*,#3917,.T.);
#3919=ORIENTED_EDGE('',*,*,#3904,.F.);
#3920=ORIENTED_EDGE('',*,*,#3876,.T.);
#3922=ORIENTED_EDGE('',*,*,#3921,.T.);
#3923=EDGE_LOOP('',(#3918,#3919,#3920,#3922));
#3924=FACE_OUTER_BOUND('',#3923,.F.);
#3925=ADVANCED_FACE('',(#3924),#3916,.T.);
#3926=CARTESIAN_POINT('',(-5.644563895947E0,1.15E0,-1.336243227874E0));
#3927=DIRECTION('',(0.E0,1.E0,0.E0));
#3928=DIRECTION('',(0.E0,0.E0,-1.E0));
#3929=AXIS2_PLACEMENT_3D('',#3926,#3927,#3928);
#3930=PLANE('',#3929);
#3931=ORIENTED_EDGE('',*,*,#3891,.F.);
#3932=ORIENTED_EDGE('',*,*,#3906,.F.);
#3933=ORIENTED_EDGE('',*,*,#3917,.F.);
#3935=ORIENTED_EDGE('',*,*,#3934,.F.);
#3937=ORIENTED_EDGE('',*,*,#3936,.F.);
#3939=ORIENTED_EDGE('',*,*,#3938,.F.);
#3941=ORIENTED_EDGE('',*,*,#3940,.T.);
#3943=ORIENTED_EDGE('',*,*,#3942,.F.);
#3945=ORIENTED_EDGE('',*,*,#3944,.F.);
#3947=ORIENTED_EDGE('',*,*,#3946,.F.);
#3949=ORIENTED_EDGE('',*,*,#3948,.F.);
#3950=EDGE_LOOP('',(#3931,#3932,#3933,#3935,#3937,#3939,#3941,#3943,#3945,#3947,
#3949));
#3951=FACE_OUTER_BOUND('',#3950,.F.);
#3952=ADVANCED_FACE('',(#3951),#3930,.F.);
#3953=CARTESIAN_POINT('',(-8.2E0,1.125E0,2.15E0));
#3954=DIRECTION('',(1.E0,0.E0,0.E0));
#3955=DIRECTION('',(0.E0,0.E0,1.E0));
#3956=AXIS2_PLACEMENT_3D('',#3953,#3954,#3955);
#3957=PLANE('',#3956);
#3958=ORIENTED_EDGE('',*,*,#3874,.T.);
#3960=ORIENTED_EDGE('',*,*,#3959,.T.);
#3961=ORIENTED_EDGE('',*,*,#3934,.T.);
#3962=ORIENTED_EDGE('',*,*,#3921,.F.);
#3963=EDGE_LOOP('',(#3958,#3960,#3961,#3962));
#3964=FACE_OUTER_BOUND('',#3963,.F.);
#3965=ADVANCED_FACE('',(#3964),#3957,.T.);
#3966=CARTESIAN_POINT('',(-7.1E0,1.125E0,3.6E0));
#3967=DIRECTION('',(0.E0,0.E0,1.E0));
#3968=DIRECTION('',(1.E0,0.E0,0.E0));
#3969=AXIS2_PLACEMENT_3D('',#3966,#3967,#3968);
#3970=PLANE('',#3969);
#3972=ORIENTED_EDGE('',*,*,#3971,.T.);
#3973=ORIENTED_EDGE('',*,*,#3936,.T.);
#3974=ORIENTED_EDGE('',*,*,#3959,.F.);
#3975=ORIENTED_EDGE('',*,*,#3872,.T.);
#3976=EDGE_LOOP('',(#3972,#3973,#3974,#3975));
#3977=FACE_OUTER_BOUND('',#3976,.F.);
#3978=ADVANCED_FACE('',(#3977),#3970,.F.);
#3979=CARTESIAN_POINT('',(-6.E0,1.125E0,3.823525550528E0));
#3980=DIRECTION('',(1.E0,0.E0,0.E0));
#3981=DIRECTION('',(0.E0,0.E0,1.E0));
#3982=AXIS2_PLACEMENT_3D('',#3979,#3980,#3981);
#3983=PLANE('',#3982);
#3984=ORIENTED_EDGE('',*,*,#3870,.T.);
#3986=ORIENTED_EDGE('',*,*,#3985,.T.);
#3987=ORIENTED_EDGE('',*,*,#3938,.T.);
#3988=ORIENTED_EDGE('',*,*,#3971,.F.);
#3989=EDGE_LOOP('',(#3984,#3986,#3987,#3988));
#3990=FACE_OUTER_BOUND('',#3989,.F.);
#3991=ADVANCED_FACE('',(#3990),#3983,.T.);
#3992=CARTESIAN_POINT('',(-5.615615503680E0,1.3E0,3.787780484545E0));
#3993=DIRECTION('',(5.591929034708E-1,0.E0,8.290375725550E-1));
#3994=DIRECTION('',(-8.290375725550E-1,0.E0,5.591929034708E-1));
#3995=AXIS2_PLACEMENT_3D('',#3992,#3993,#3994);
#3996=PLANE('',#3995);
#3997=ORIENTED_EDGE('',*,*,#3940,.F.);
#3998=ORIENTED_EDGE('',*,*,#3985,.F.);
#3999=ORIENTED_EDGE('',*,*,#3868,.F.);
#4001=ORIENTED_EDGE('',*,*,#4000,.F.);
#4003=ORIENTED_EDGE('',*,*,#4002,.T.);
#4005=ORIENTED_EDGE('',*,*,#4004,.F.);
#4006=EDGE_LOOP('',(#3997,#3998,#3999,#4001,#4003,#4005));
#4007=FACE_OUTER_BOUND('',#4006,.F.);
#4008=ADVANCED_FACE('',(#4007),#3996,.T.);
#4009=CARTESIAN_POINT('',(-7.535762179154E0,1.3E0,4.5E0));
#4010=DIRECTION('',(0.E0,0.E0,1.E0));
#4011=DIRECTION('',(-1.E0,0.E0,0.E0));
#4012=AXIS2_PLACEMENT_3D('',#4009,#4010,#4011);
#4013=PLANE('',#4012);
#4015=ORIENTED_EDGE('',*,*,#4014,.T.);
#4016=ORIENTED_EDGE('',*,*,#4000,.T.);
#4017=ORIENTED_EDGE('',*,*,#3866,.T.);
#4019=ORIENTED_EDGE('',*,*,#4018,.T.);
#4020=EDGE_LOOP('',(#4015,#4016,#4017,#4019));
#4021=FACE_OUTER_BOUND('',#4020,.F.);
#4022=ADVANCED_FACE('',(#4021),#4013,.T.);
#4023=CARTESIAN_POINT('',(-5.744563895947E0,1.5E0,-1.109768778401E0));
#4024=DIRECTION('',(0.E0,1.E0,0.E0));
#4025=DIRECTION('',(0.E0,0.E0,-1.E0));
#4026=AXIS2_PLACEMENT_3D('',#4023,#4024,#4025);
#4027=PLANE('',#4026);
#4028=ORIENTED_EDGE('',*,*,#4002,.F.);
#4029=ORIENTED_EDGE('',*,*,#4014,.F.);
#4031=ORIENTED_EDGE('',*,*,#4030,.F.);
#4033=ORIENTED_EDGE('',*,*,#4032,.F.);
#4035=ORIENTED_EDGE('',*,*,#4034,.F.);
#4037=ORIENTED_EDGE('',*,*,#4036,.F.);
#4039=ORIENTED_EDGE('',*,*,#4038,.F.);
#4041=ORIENTED_EDGE('',*,*,#4040,.F.);
#4043=ORIENTED_EDGE('',*,*,#4042,.F.);
#4044=ORIENTED_EDGE('',*,*,#3758,.F.);
#4046=ORIENTED_EDGE('',*,*,#4045,.F.);
#4048=ORIENTED_EDGE('',*,*,#4047,.F.);
#4050=ORIENTED_EDGE('',*,*,#4049,.F.);
#4052=ORIENTED_EDGE('',*,*,#4051,.F.);
#4054=ORIENTED_EDGE('',*,*,#4053,.F.);
#4055=EDGE_LOOP('',(#4028,#4029,#4031,#4033,#4035,#4037,#4039,#4041,#4043,#4044,
#4046,#4048,#4050,#4052,#4054));
#4056=FACE_OUTER_BOUND('',#4055,.F.);
#4057=ADVANCED_FACE('',(#4056),#4027,.T.);
#4058=CARTESIAN_POINT('',(-8.4E0,1.3E0,2.5125E0));
#4059=DIRECTION('',(1.E0,0.E0,0.E0));
#4060=DIRECTION('',(0.E0,0.E0,-1.E0));
#4061=AXIS2_PLACEMENT_3D('',#4058,#4059,#4060);
#4062=PLANE('',#4061);
#4063=ORIENTED_EDGE('',*,*,#4030,.T.);
#4064=ORIENTED_EDGE('',*,*,#4018,.F.);
#4065=ORIENTED_EDGE('',*,*,#3864,.T.);
#4067=ORIENTED_EDGE('',*,*,#4066,.T.);
#4068=EDGE_LOOP('',(#4063,#4064,#4065,#4067));
#4069=FACE_OUTER_BOUND('',#4068,.F.);
#4070=ADVANCED_FACE('',(#4069),#4062,.F.);
#4071=CARTESIAN_POINT('',(-7.925E0,1.3E0,5.25E-1));
#4072=DIRECTION('',(0.E0,0.E0,1.E0));
#4073=DIRECTION('',(1.E0,0.E0,0.E0));
#4074=AXIS2_PLACEMENT_3D('',#4071,#4072,#4073);
#4075=PLANE('',#4074);
#4076=ORIENTED_EDGE('',*,*,#4032,.T.);
#4077=ORIENTED_EDGE('',*,*,#4066,.F.);
#4078=ORIENTED_EDGE('',*,*,#3862,.T.);
#4080=ORIENTED_EDGE('',*,*,#4079,.T.);
#4081=EDGE_LOOP('',(#4076,#4077,#4078,#4080));
#4082=FACE_OUTER_BOUND('',#4081,.F.);
#4083=ADVANCED_FACE('',(#4082),#4075,.F.);
#4084=CARTESIAN_POINT('',(-7.45E0,1.3E0,0.E0));
#4085=DIRECTION('',(1.E0,0.E0,0.E0));
#4086=DIRECTION('',(0.E0,0.E0,-1.E0));
#4087=AXIS2_PLACEMENT_3D('',#4084,#4085,#4086);
#4088=PLANE('',#4087);
#4089=ORIENTED_EDGE('',*,*,#4034,.T.);
#4090=ORIENTED_EDGE('',*,*,#4079,.F.);
#4091=ORIENTED_EDGE('',*,*,#3860,.T.);
#4093=ORIENTED_EDGE('',*,*,#4092,.T.);
#4094=EDGE_LOOP('',(#4089,#4090,#4091,#4093));
#4095=FACE_OUTER_BOUND('',#4094,.F.);
#4096=ADVANCED_FACE('',(#4095),#4088,.F.);
#4097=CARTESIAN_POINT('',(-7.925E0,1.3E0,-5.25E-1));
#4098=DIRECTION('',(0.E0,0.E0,1.E0));
#4099=DIRECTION('',(-1.E0,0.E0,0.E0));
#4100=AXIS2_PLACEMENT_3D('',#4097,#4098,#4099);
#4101=PLANE('',#4100);
#4102=ORIENTED_EDGE('',*,*,#4036,.T.);
#4103=ORIENTED_EDGE('',*,*,#4092,.F.);
#4104=ORIENTED_EDGE('',*,*,#3858,.T.);
#4106=ORIENTED_EDGE('',*,*,#4105,.T.);
#4107=EDGE_LOOP('',(#4102,#4103,#4104,#4106));
#4108=FACE_OUTER_BOUND('',#4107,.F.);
#4109=ADVANCED_FACE('',(#4108),#4101,.T.);
#4110=CARTESIAN_POINT('',(-8.4E0,1.3E0,-2.5125E0));
#4111=DIRECTION('',(1.E0,0.E0,0.E0));
#4112=DIRECTION('',(0.E0,0.E0,-1.E0));
#4113=AXIS2_PLACEMENT_3D('',#4110,#4111,#4112);
#4114=PLANE('',#4113);
#4115=ORIENTED_EDGE('',*,*,#4038,.T.);
#4116=ORIENTED_EDGE('',*,*,#4105,.F.);
#4117=ORIENTED_EDGE('',*,*,#3856,.T.);
#4119=ORIENTED_EDGE('',*,*,#4118,.T.);
#4120=EDGE_LOOP('',(#4115,#4116,#4117,#4119));
#4121=FACE_OUTER_BOUND('',#4120,.F.);
#4122=ADVANCED_FACE('',(#4121),#4114,.F.);
#4123=CARTESIAN_POINT('',(-7.507189138831E0,1.3E0,-4.5E0));
#4124=DIRECTION('',(0.E0,0.E0,1.E0));
#4125=DIRECTION('',(1.E0,0.E0,0.E0));
#4126=AXIS2_PLACEMENT_3D('',#4123,#4124,#4125);
#4127=PLANE('',#4126);
#4128=ORIENTED_EDGE('',*,*,#4040,.T.);
#4129=ORIENTED_EDGE('',*,*,#4118,.F.);
#4130=ORIENTED_EDGE('',*,*,#3854,.T.);
#4132=ORIENTED_EDGE('',*,*,#4131,.T.);
#4133=EDGE_LOOP('',(#4128,#4129,#4130,#4132));
#4134=FACE_OUTER_BOUND('',#4133,.F.);
#4135=ADVANCED_FACE('',(#4134),#4127,.F.);
#4136=CARTESIAN_POINT('',(0.E0,1.514903371320E0,0.E0));
#4137=DIRECTION('',(0.E0,-1.E0,0.E0));
#4138=DIRECTION('',(0.E0,0.E0,-1.E0));
#4139=AXIS2_PLACEMENT_3D('',#4136,#4137,#4138);
#4140=CYLINDRICAL_SURFACE('',#4139,8.E0);
#4141=ORIENTED_EDGE('',*,*,#3779,.T.);
#4142=ORIENTED_EDGE('',*,*,#3760,.F.);
#4143=ORIENTED_EDGE('',*,*,#4042,.T.);
#4144=ORIENTED_EDGE('',*,*,#4131,.F.);
#4145=ORIENTED_EDGE('',*,*,#3852,.T.);
#4147=ORIENTED_EDGE('',*,*,#4146,.T.);
#4148=EDGE_LOOP('',(#4141,#4142,#4143,#4144,#4145,#4147));
#4149=FACE_OUTER_BOUND('',#4148,.F.);
#4150=ADVANCED_FACE('',(#4149),#4140,.T.);
#4151=CARTESIAN_POINT('',(-6.2E0,1.125E0,-4.698488300403E0));
#4152=DIRECTION('',(1.E0,0.E0,0.E0));
#4153=DIRECTION('',(0.E0,0.E0,1.E0));
#4154=AXIS2_PLACEMENT_3D('',#4151,#4152,#4153);
#4155=PLANE('',#4154);
#4156=ORIENTED_EDGE('',*,*,#3850,.T.);
#4158=ORIENTED_EDGE('',*,*,#4157,.T.);
#4159=ORIENTED_EDGE('',*,*,#3781,.T.);
#4160=ORIENTED_EDGE('',*,*,#4146,.F.);
#4161=EDGE_LOOP('',(#4156,#4158,#4159,#4160));
#4162=FACE_OUTER_BOUND('',#4161,.F.);
#4163=ADVANCED_FACE('',(#4162),#4155,.T.);
#4164=CARTESIAN_POINT('',(-5.762244143939E0,1.125E0,-4.034766786591E0));
#4165=DIRECTION('',(-5.735764363517E-1,0.E0,8.191520442885E-1));
#4166=DIRECTION('',(8.191520442885E-1,0.E0,5.735764363517E-1));
#4167=AXIS2_PLACEMENT_3D('',#4164,#4165,#4166);
#4168=PLANE('',#4167);
#4170=ORIENTED_EDGE('',*,*,#4169,.T.);
#4171=ORIENTED_EDGE('',*,*,#3783,.T.);
#4172=ORIENTED_EDGE('',*,*,#4157,.F.);
#4173=ORIENTED_EDGE('',*,*,#3848,.T.);
#4174=EDGE_LOOP('',(#4170,#4171,#4172,#4173));
#4175=FACE_OUTER_BOUND('',#4174,.F.);
#4176=ADVANCED_FACE('',(#4175),#4168,.F.);
#4177=CARTESIAN_POINT('',(0.E0,1.164903371320E0,0.E0));
#4178=DIRECTION('',(0.E0,-1.E0,0.E0));
#4179=DIRECTION('',(0.E0,0.E0,-1.E0));
#4180=AXIS2_PLACEMENT_3D('',#4177,#4178,#4179);
#4181=CYLINDRICAL_SURFACE('',#4180,6.5E0);
#4182=ORIENTED_EDGE('',*,*,#3846,.T.);
#4184=ORIENTED_EDGE('',*,*,#4183,.T.);
#4185=ORIENTED_EDGE('',*,*,#3785,.T.);
#4186=ORIENTED_EDGE('',*,*,#4169,.F.);
#4187=EDGE_LOOP('',(#4182,#4184,#4185,#4186));
#4188=FACE_OUTER_BOUND('',#4187,.F.);
#4189=ADVANCED_FACE('',(#4188),#4181,.F.);
#4190=CARTESIAN_POINT('',(-6.806011825547E0,1.125E0,-3.6E0));
#4191=DIRECTION('',(0.E0,0.E0,1.E0));
#4192=DIRECTION('',(-1.E0,0.E0,0.E0));
#4193=AXIS2_PLACEMENT_3D('',#4190,#4191,#4192);
#4194=PLANE('',#4193);
#4195=ORIENTED_EDGE('',*,*,#3787,.T.);
#4196=ORIENTED_EDGE('',*,*,#4183,.F.);
#4197=ORIENTED_EDGE('',*,*,#3844,.T.);
#4199=ORIENTED_EDGE('',*,*,#4198,.T.);
#4200=EDGE_LOOP('',(#4195,#4196,#4197,#4199));
#4201=FACE_OUTER_BOUND('',#4200,.F.);
#4202=ADVANCED_FACE('',(#4201),#4194,.T.);
#4203=CARTESIAN_POINT('',(-8.2E0,1.125E0,-2.15E0));
#4204=DIRECTION('',(1.E0,0.E0,0.E0));
#4205=DIRECTION('',(0.E0,0.E0,1.E0));
#4206=AXIS2_PLACEMENT_3D('',#4203,#4204,#4205);
#4207=PLANE('',#4206);
#4208=ORIENTED_EDGE('',*,*,#3842,.T.);
#4210=ORIENTED_EDGE('',*,*,#4209,.T.);
#4211=ORIENTED_EDGE('',*,*,#3789,.T.);
#4212=ORIENTED_EDGE('',*,*,#4198,.F.);
#4213=EDGE_LOOP('',(#4208,#4210,#4211,#4212));
#4214=FACE_OUTER_BOUND('',#4213,.F.);
#4215=ADVANCED_FACE('',(#4214),#4207,.T.);
#4216=CARTESIAN_POINT('',(-7.1E0,1.125E0,-7.E-1));
#4217=DIRECTION('',(0.E0,0.E0,1.E0));
#4218=DIRECTION('',(1.E0,0.E0,0.E0));
#4219=AXIS2_PLACEMENT_3D('',#4216,#4217,#4218);
#4220=PLANE('',#4219);
#4221=ORIENTED_EDGE('',*,*,#3840,.T.);
#4222=ORIENTED_EDGE('',*,*,#3804,.T.);
#4223=ORIENTED_EDGE('',*,*,#3791,.T.);
#4224=ORIENTED_EDGE('',*,*,#4209,.F.);
#4225=EDGE_LOOP('',(#4221,#4222,#4223,#4224));
#4226=FACE_OUTER_BOUND('',#4225,.F.);
#4227=ADVANCED_FACE('',(#4226),#4220,.F.);
#4228=CARTESIAN_POINT('',(0.E0,1.514903371320E0,0.E0));
#4229=DIRECTION('',(0.E0,-1.E0,0.E0));
#4230=DIRECTION('',(0.E0,0.E0,-1.E0));
#4231=AXIS2_PLACEMENT_3D('',#4228,#4229,#4230);
#4232=CYLINDRICAL_SURFACE('',#4231,7.45E0);
#4234=ORIENTED_EDGE('',*,*,#4233,.F.);
#4235=ORIENTED_EDGE('',*,*,#3832,.T.);
#4236=ORIENTED_EDGE('',*,*,#3893,.T.);
#4238=ORIENTED_EDGE('',*,*,#4237,.F.);
#4239=ORIENTED_EDGE('',*,*,#4045,.T.);
#4240=ORIENTED_EDGE('',*,*,#3756,.F.);
#4241=EDGE_LOOP('',(#4234,#4235,#4236,#4238,#4239,#4240));
#4242=FACE_OUTER_BOUND('',#4241,.F.);
#4243=ADVANCED_FACE('',(#4242),#4232,.T.);
#4244=CARTESIAN_POINT('',(-5.031674529020E0,1.125E0,-4.536699782188E0));
#4245=DIRECTION('',(7.071067811865E-1,0.E0,-7.071067811865E-1));
#4246=DIRECTION('',(7.071067811865E-1,0.E0,7.071067811865E-1));
#4247=AXIS2_PLACEMENT_3D('',#4244,#4245,#4246);
#4248=PLANE('',#4247);
#4249=ORIENTED_EDGE('',*,*,#3776,.T.);
#4251=ORIENTED_EDGE('',*,*,#4250,.F.);
#4252=ORIENTED_EDGE('',*,*,#3834,.T.);
#4253=ORIENTED_EDGE('',*,*,#4233,.T.);
#4254=EDGE_LOOP('',(#4249,#4251,#4252,#4253));
#4255=FACE_OUTER_BOUND('',#4254,.F.);
#4256=ADVANCED_FACE('',(#4255),#4248,.F.);
#4257=CARTESIAN_POINT('',(0.E0,1.164903371320E0,0.E0));
#4258=DIRECTION('',(0.E0,-1.E0,0.E0));
#4259=DIRECTION('',(0.E0,0.E0,-1.E0));
#4260=AXIS2_PLACEMENT_3D('',#4257,#4258,#4259);
#4261=CYLINDRICAL_SURFACE('',#4260,6.1E0);
#4262=ORIENTED_EDGE('',*,*,#3836,.T.);
#4263=ORIENTED_EDGE('',*,*,#4250,.T.);
#4264=ORIENTED_EDGE('',*,*,#3774,.T.);
#4265=ORIENTED_EDGE('',*,*,#3818,.F.);
#4266=EDGE_LOOP('',(#4262,#4263,#4264,#4265));
#4267=FACE_OUTER_BOUND('',#4266,.F.);
#4268=ADVANCED_FACE('',(#4267),#4261,.T.);
#4269=CARTESIAN_POINT('',(-5.209295985037E0,1.325E0,-5.704270731867E0));
#4270=DIRECTION('',(7.071067811874E-1,0.E0,-7.071067811857E-1));
#4271=DIRECTION('',(-7.071067811857E-1,0.E0,-7.071067811874E-1));
#4272=AXIS2_PLACEMENT_3D('',#4269,#4270,#4271);
#4273=PLANE('',#4272);
#4274=ORIENTED_EDGE('',*,*,#3948,.T.);
#4276=ORIENTED_EDGE('',*,*,#4275,.F.);
#4277=ORIENTED_EDGE('',*,*,#4047,.T.);
#4278=ORIENTED_EDGE('',*,*,#4237,.T.);
#4279=EDGE_LOOP('',(#4274,#4276,#4277,#4278));
#4280=FACE_OUTER_BOUND('',#4279,.F.);
#4281=ADVANCED_FACE('',(#4280),#4273,.F.);
#4282=CARTESIAN_POINT('',(0.E0,1.514903371320E0,0.E0));
#4283=DIRECTION('',(0.E0,-1.E0,0.E0));
#4284=DIRECTION('',(0.E0,0.E0,-1.E0));
#4285=AXIS2_PLACEMENT_3D('',#4282,#4283,#4284);
#4286=CYLINDRICAL_SURFACE('',#4285,8.E0);
#4287=ORIENTED_EDGE('',*,*,#3946,.T.);
#4289=ORIENTED_EDGE('',*,*,#4288,.F.);
#4290=ORIENTED_EDGE('',*,*,#4049,.T.);
#4291=ORIENTED_EDGE('',*,*,#4275,.T.);
#4292=EDGE_LOOP('',(#4287,#4289,#4290,#4291));
#4293=FACE_OUTER_BOUND('',#4292,.F.);
#4294=ADVANCED_FACE('',(#4293),#4286,.T.);
#4295=CARTESIAN_POINT('',(-3.715267412248E0,1.325E0,-5.635031921718E0));
#4296=DIRECTION('',(8.660254037843E-1,0.E0,-5.000000000002E-1));
#4297=DIRECTION('',(5.000000000002E-1,0.E0,8.660254037843E-1));
#4298=AXIS2_PLACEMENT_3D('',#4295,#4296,#4297);
#4299=PLANE('',#4298);
#4300=ORIENTED_EDGE('',*,*,#3944,.T.);
#4302=ORIENTED_EDGE('',*,*,#4301,.F.);
#4303=ORIENTED_EDGE('',*,*,#4051,.T.);
#4304=ORIENTED_EDGE('',*,*,#4288,.T.);
#4305=EDGE_LOOP('',(#4300,#4302,#4303,#4304));
#4306=FACE_OUTER_BOUND('',#4305,.F.);
#4307=ADVANCED_FACE('',(#4306),#4299,.T.);
#4308=CARTESIAN_POINT('',(0.E0,1.514903371320E0,0.E0));
#4309=DIRECTION('',(0.E0,-1.E0,0.E0));
#4310=DIRECTION('',(0.E0,0.E0,-1.E0));
#4311=AXIS2_PLACEMENT_3D('',#4308,#4309,#4310);
#4312=CYLINDRICAL_SURFACE('',#4311,5.5E0);
#4313=ORIENTED_EDGE('',*,*,#3942,.T.);
#4314=ORIENTED_EDGE('',*,*,#4004,.T.);
#4315=ORIENTED_EDGE('',*,*,#4053,.T.);
#4316=ORIENTED_EDGE('',*,*,#4301,.T.);
#4317=EDGE_LOOP('',(#4313,#4314,#4315,#4316));
#4318=FACE_OUTER_BOUND('',#4317,.F.);
#4319=ADVANCED_FACE('',(#4318),#4312,.F.);
#4320=CLOSED_SHELL('',(#3764,#3795,#3810,#3824,#3882,#3897,#3911,#3925,#3952,
#3965,#3978,#3991,#4008,#4022,#4057,#4070,#4083,#4096,#4109,#4122,#4135,#4150,
#4163,#4176,#4189,#4202,#4215,#4227,#4243,#4256,#4268,#4281,#4294,#4307,#4319));
#4321=MANIFOLD_SOLID_BREP('',#4320);
#4322=DIRECTION('',(0.E0,0.E0,-1.E0));
#4323=VECTOR('',#4322,2.9E0);
#4324=CARTESIAN_POINT('',(-6.E0,1.15E0,3.6E0));
#4325=LINE('',#4324,#4323);
#4326=DIRECTION('',(-1.E0,0.E0,0.E0));
#4327=VECTOR('',#4326,2.2E0);
#4328=CARTESIAN_POINT('',(-6.E0,1.15E0,7.E-1));
#4329=LINE('',#4328,#4327);
#4330=DIRECTION('',(0.E0,1.E0,0.E0));
#4331=VECTOR('',#4330,5.E-2);
#4332=CARTESIAN_POINT('',(-6.E0,1.1E0,7.E-1));
#4333=LINE('',#4332,#4331);
#4334=DIRECTION('',(0.E0,0.E0,1.E0));
#4335=VECTOR('',#4334,2.9E0);
#4336=CARTESIAN_POINT('',(-8.2E0,1.15E0,7.E-1));
#4337=LINE('',#4336,#4335);
#4338=DIRECTION('',(0.E0,1.E0,0.E0));
#4339=VECTOR('',#4338,5.E-2);
#4340=CARTESIAN_POINT('',(-8.2E0,1.1E0,7.E-1));
#4341=LINE('',#4340,#4339);
#4342=DIRECTION('',(1.E0,0.E0,0.E0));
#4343=VECTOR('',#4342,2.2E0);
#4344=CARTESIAN_POINT('',(-8.2E0,1.15E0,3.6E0));
#4345=LINE('',#4344,#4343);
#4346=DIRECTION('',(0.E0,-1.E0,0.E0));
#4347=VECTOR('',#4346,5.E-2);
#4348=CARTESIAN_POINT('',(-6.E0,1.15E0,3.6E0));
#4349=LINE('',#4348,#4347);
#4350=DIRECTION('',(0.E0,1.E0,0.E0));
#4351=VECTOR('',#4350,5.E-2);
#4352=CARTESIAN_POINT('',(-8.2E0,1.1E0,3.6E0));
#4353=LINE('',#4352,#4351);
#4354=DIRECTION('',(0.E0,0.E0,-1.E0));
#4355=VECTOR('',#4354,2.9E0);
#4356=CARTESIAN_POINT('',(-6.E0,1.1E0,3.6E0));
#4357=LINE('',#4356,#4355);
#4358=DIRECTION('',(-1.E0,0.E0,0.E0));
#4359=VECTOR('',#4358,2.2E0);
#4360=CARTESIAN_POINT('',(-6.E0,1.1E0,7.E-1));
#4361=LINE('',#4360,#4359);
#4362=DIRECTION('',(0.E0,0.E0,1.E0));
#4363=VECTOR('',#4362,2.9E0);
#4364=CARTESIAN_POINT('',(-8.2E0,1.1E0,7.E-1));
#4365=LINE('',#4364,#4363);
#4366=DIRECTION('',(1.E0,0.E0,0.E0));
#4367=VECTOR('',#4366,2.2E0);
#4368=CARTESIAN_POINT('',(-8.2E0,1.1E0,3.6E0));
#4369=LINE('',#4368,#4367);
#4370=CARTESIAN_POINT('',(-8.2E0,1.1E0,3.6E0));
#4371=CARTESIAN_POINT('',(-8.2E0,1.15E0,3.6E0));
#4372=VERTEX_POINT('',#4370);
#4373=VERTEX_POINT('',#4371);
#4374=CARTESIAN_POINT('',(-8.2E0,1.1E0,7.E-1));
#4375=CARTESIAN_POINT('',(-8.2E0,1.15E0,7.E-1));
#4376=VERTEX_POINT('',#4374);
#4377=VERTEX_POINT('',#4375);
#4378=CARTESIAN_POINT('',(-6.E0,1.1E0,7.E-1));
#4379=CARTESIAN_POINT('',(-6.E0,1.15E0,7.E-1));
#4380=VERTEX_POINT('',#4378);
#4381=VERTEX_POINT('',#4379);
#4382=CARTESIAN_POINT('',(-6.E0,1.15E0,3.6E0));
#4383=CARTESIAN_POINT('',(-6.E0,1.1E0,3.6E0));
#4384=VERTEX_POINT('',#4382);
#4385=VERTEX_POINT('',#4383);
#4386=CARTESIAN_POINT('',(-7.1E0,1.15E0,2.15E0));
#4387=DIRECTION('',(0.E0,1.E0,0.E0));
#4388=DIRECTION('',(0.E0,0.E0,-1.E0));
#4389=AXIS2_PLACEMENT_3D('',#4386,#4387,#4388);
#4390=PLANE('',#4389);
#4392=ORIENTED_EDGE('',*,*,#4391,.F.);
#4394=ORIENTED_EDGE('',*,*,#4393,.F.);
#4396=ORIENTED_EDGE('',*,*,#4395,.F.);
#4398=ORIENTED_EDGE('',*,*,#4397,.F.);
#4399=EDGE_LOOP('',(#4392,#4394,#4396,#4398));
#4400=FACE_OUTER_BOUND('',#4399,.F.);
#4401=ADVANCED_FACE('',(#4400),#4390,.T.);
#4402=CARTESIAN_POINT('',(-6.E0,1.125E0,2.15E0));
#4403=DIRECTION('',(1.E0,0.E0,0.E0));
#4404=DIRECTION('',(0.E0,0.E0,-1.E0));
#4405=AXIS2_PLACEMENT_3D('',#4402,#4403,#4404);
#4406=PLANE('',#4405);
#4407=ORIENTED_EDGE('',*,*,#4391,.T.);
#4409=ORIENTED_EDGE('',*,*,#4408,.F.);
#4411=ORIENTED_EDGE('',*,*,#4410,.F.);
#4413=ORIENTED_EDGE('',*,*,#4412,.F.);
#4414=EDGE_LOOP('',(#4407,#4409,#4411,#4413));
#4415=FACE_OUTER_BOUND('',#4414,.F.);
#4416=ADVANCED_FACE('',(#4415),#4406,.T.);
#4417=CARTESIAN_POINT('',(-7.1E0,1.125E0,7.E-1));
#4418=DIRECTION('',(0.E0,0.E0,1.E0));
#4419=DIRECTION('',(-1.E0,0.E0,0.E0));
#4420=AXIS2_PLACEMENT_3D('',#4417,#4418,#4419);
#4421=PLANE('',#4420);
#4422=ORIENTED_EDGE('',*,*,#4397,.T.);
#4424=ORIENTED_EDGE('',*,*,#4423,.F.);
#4426=ORIENTED_EDGE('',*,*,#4425,.F.);
#4427=ORIENTED_EDGE('',*,*,#4408,.T.);
#4428=EDGE_LOOP('',(#4422,#4424,#4426,#4427));
#4429=FACE_OUTER_BOUND('',#4428,.F.);
#4430=ADVANCED_FACE('',(#4429),#4421,.F.);
#4431=CARTESIAN_POINT('',(-8.2E0,1.125E0,2.15E0));
#4432=DIRECTION('',(1.E0,0.E0,0.E0));
#4433=DIRECTION('',(0.E0,0.E0,1.E0));
#4434=AXIS2_PLACEMENT_3D('',#4431,#4432,#4433);
#4435=PLANE('',#4434);
#4436=ORIENTED_EDGE('',*,*,#4395,.T.);
#4438=ORIENTED_EDGE('',*,*,#4437,.F.);
#4440=ORIENTED_EDGE('',*,*,#4439,.F.);
#4441=ORIENTED_EDGE('',*,*,#4423,.T.);
#4442=EDGE_LOOP('',(#4436,#4438,#4440,#4441));
#4443=FACE_OUTER_BOUND('',#4442,.F.);
#4444=ADVANCED_FACE('',(#4443),#4435,.F.);
#4445=CARTESIAN_POINT('',(-7.1E0,1.125E0,3.6E0));
#4446=DIRECTION('',(0.E0,0.E0,1.E0));
#4447=DIRECTION('',(1.E0,0.E0,0.E0));
#4448=AXIS2_PLACEMENT_3D('',#4445,#4446,#4447);
#4449=PLANE('',#4448);
#4450=ORIENTED_EDGE('',*,*,#4393,.T.);
#4451=ORIENTED_EDGE('',*,*,#4412,.T.);
#4453=ORIENTED_EDGE('',*,*,#4452,.F.);
#4454=ORIENTED_EDGE('',*,*,#4437,.T.);
#4455=EDGE_LOOP('',(#4450,#4451,#4453,#4454));
#4456=FACE_OUTER_BOUND('',#4455,.F.);
#4457=ADVANCED_FACE('',(#4456),#4449,.T.);
#4458=CARTESIAN_POINT('',(-7.1E0,1.1E0,2.15E0));
#4459=DIRECTION('',(0.E0,1.E0,0.E0));
#4460=DIRECTION('',(0.E0,0.E0,-1.E0));
#4461=AXIS2_PLACEMENT_3D('',#4458,#4459,#4460);
#4462=PLANE('',#4461);
#4463=ORIENTED_EDGE('',*,*,#4410,.T.);
#4464=ORIENTED_EDGE('',*,*,#4425,.T.);
#4465=ORIENTED_EDGE('',*,*,#4439,.T.);
#4466=ORIENTED_EDGE('',*,*,#4452,.T.);
#4467=EDGE_LOOP('',(#4463,#4464,#4465,#4466));
#4468=FACE_OUTER_BOUND('',#4467,.F.);
#4469=ADVANCED_FACE('',(#4468),#4462,.F.);
#4470=CLOSED_SHELL('',(#4401,#4416,#4430,#4444,#4457,#4469));
#4471=MANIFOLD_SOLID_BREP('',#4470);
#4472=DIRECTION('',(-1.E0,0.E0,0.E0));
#4473=VECTOR('',#4472,2.2E0);
#4474=CARTESIAN_POINT('',(-6.E0,1.15E0,-3.6E0));
#4475=LINE('',#4474,#4473);
#4476=DIRECTION('',(0.E0,0.E0,1.E0));
#4477=VECTOR('',#4476,2.9E0);
#4478=CARTESIAN_POINT('',(-8.2E0,1.15E0,-3.6E0));
#4479=LINE('',#4478,#4477);
#4480=DIRECTION('',(0.E0,1.E0,0.E0));
#4481=VECTOR('',#4480,5.E-2);
#4482=CARTESIAN_POINT('',(-8.2E0,1.1E0,-3.6E0));
#4483=LINE('',#4482,#4481);
#4484=DIRECTION('',(1.E0,0.E0,-1.014072378963E-13));
#4485=VECTOR('',#4484,2.039642867495E0);
#4486=CARTESIAN_POINT('',(-8.2E0,1.15E0,-7.E-1));
#4487=LINE('',#4486,#4485);
#4488=DIRECTION('',(-3.552713678800E-14,1.E0,0.E0));
#4489=VECTOR('',#4488,5.E-2);
#4490=CARTESIAN_POINT('',(-8.2E0,1.1E0,-7.E-1));
#4491=LINE('',#4490,#4489);
#4492=CARTESIAN_POINT('',(0.E0,1.15E0,0.E0));
#4493=DIRECTION('',(0.E0,-1.E0,0.E0));
#4494=DIRECTION('',(-9.936059891136E-1,0.E0,-1.129032258065E-1));
#4495=AXIS2_PLACEMENT_3D('',#4492,#4493,#4494);
#4497=DIRECTION('',(4.529709940471E-12,1.E0,-1.956212969390E-12));
#4498=VECTOR('',#4497,5.E-2);
#4499=CARTESIAN_POINT('',(-6.160357132505E0,1.1E0,-7.000000000001E-1));
#4500=LINE('',#4499,#4498);
#4501=DIRECTION('',(-1.133130752851E-14,0.E0,-1.E0));
#4502=VECTOR('',#4501,2.037950064819E0);
#4503=CARTESIAN_POINT('',(-6.E0,1.15E0,-1.562049935181E0));
#4504=LINE('',#4503,#4502);
#4505=DIRECTION('',(0.E0,-1.E0,0.E0));
#4506=VECTOR('',#4505,5.E-2);
#4507=CARTESIAN_POINT('',(-6.E0,1.15E0,-3.6E0));
#4508=LINE('',#4507,#4506);
#4509=DIRECTION('',(-8.171241461241E-13,1.E0,-2.220446049250E-13));
#4510=VECTOR('',#4509,5.E-2);
#4511=CARTESIAN_POINT('',(-6.E0,1.1E0,-1.562049935181E0));
#4512=LINE('',#4511,#4510);
#4513=DIRECTION('',(-1.E0,0.E0,0.E0));
#4514=VECTOR('',#4513,2.2E0);
#4515=CARTESIAN_POINT('',(-6.E0,1.1E0,-3.6E0));
#4516=LINE('',#4515,#4514);
#4517=DIRECTION('',(0.E0,0.E0,1.E0));
#4518=VECTOR('',#4517,2.9E0);
#4519=CARTESIAN_POINT('',(-8.2E0,1.1E0,-3.6E0));
#4520=LINE('',#4519,#4518);
#4521=DIRECTION('',(1.E0,0.E0,-5.345244638444E-14));
#4522=VECTOR('',#4521,2.039642867495E0);
#4523=CARTESIAN_POINT('',(-8.2E0,1.1E0,-7.E-1));
#4524=LINE('',#4523,#4522);
#4525=CARTESIAN_POINT('',(0.E0,1.1E0,0.E0));
#4526=DIRECTION('',(0.E0,-1.E0,0.E0));
#4527=DIRECTION('',(-9.936059891136E-1,0.E0,-1.129032258064E-1));
#4528=AXIS2_PLACEMENT_3D('',#4525,#4526,#4527);
#4530=DIRECTION('',(-3.137900546356E-14,0.E0,-1.E0));
#4531=VECTOR('',#4530,2.037950064819E0);
#4532=CARTESIAN_POINT('',(-6.E0,1.1E0,-1.562049935181E0));
#4533=LINE('',#4532,#4531);
#4534=CARTESIAN_POINT('',(-6.E0,1.1E0,-1.562049935181E0));
#4535=CARTESIAN_POINT('',(-6.E0,1.15E0,-1.562049935181E0));
#4536=VERTEX_POINT('',#4534);
#4537=VERTEX_POINT('',#4535);
#4538=CARTESIAN_POINT('',(-6.160357132505E0,1.1E0,-7.000000000001E-1));
#4539=CARTESIAN_POINT('',(-6.160357132505E0,1.15E0,-7.000000000002E-1));
#4540=VERTEX_POINT('',#4538);
#4541=VERTEX_POINT('',#4539);
#4542=CARTESIAN_POINT('',(-8.2E0,1.1E0,-7.E-1));
#4543=CARTESIAN_POINT('',(-8.2E0,1.15E0,-7.E-1));
#4544=VERTEX_POINT('',#4542);
#4545=VERTEX_POINT('',#4543);
#4546=CARTESIAN_POINT('',(-8.2E0,1.1E0,-3.6E0));
#4547=CARTESIAN_POINT('',(-8.2E0,1.15E0,-3.6E0));
#4548=VERTEX_POINT('',#4546);
#4549=VERTEX_POINT('',#4547);
#4550=CARTESIAN_POINT('',(-6.E0,1.15E0,-3.6E0));
#4551=CARTESIAN_POINT('',(-6.E0,1.1E0,-3.6E0));
#4552=VERTEX_POINT('',#4550);
#4553=VERTEX_POINT('',#4551);
#4554=CARTESIAN_POINT('',(-7.1E0,1.15E0,-2.15E0));
#4555=DIRECTION('',(0.E0,1.E0,0.E0));
#4556=DIRECTION('',(0.E0,0.E0,-1.E0));
#4557=AXIS2_PLACEMENT_3D('',#4554,#4555,#4556);
#4558=PLANE('',#4557);
#4560=ORIENTED_EDGE('',*,*,#4559,.F.);
#4562=ORIENTED_EDGE('',*,*,#4561,.F.);
#4564=ORIENTED_EDGE('',*,*,#4563,.F.);
#4566=ORIENTED_EDGE('',*,*,#4565,.F.);
#4568=ORIENTED_EDGE('',*,*,#4567,.F.);
#4569=EDGE_LOOP('',(#4560,#4562,#4564,#4566,#4568));
#4570=FACE_OUTER_BOUND('',#4569,.F.);
#4571=ADVANCED_FACE('',(#4570),#4558,.T.);
#4572=CARTESIAN_POINT('',(-7.1E0,1.125E0,-3.6E0));
#4573=DIRECTION('',(0.E0,0.E0,1.E0));
#4574=DIRECTION('',(-1.E0,0.E0,0.E0));
#4575=AXIS2_PLACEMENT_3D('',#4572,#4573,#4574);
#4576=PLANE('',#4575);
#4577=ORIENTED_EDGE('',*,*,#4559,.T.);
#4579=ORIENTED_EDGE('',*,*,#4578,.F.);
#4581=ORIENTED_EDGE('',*,*,#4580,.F.);
#4583=ORIENTED_EDGE('',*,*,#4582,.F.);
#4584=EDGE_LOOP('',(#4577,#4579,#4581,#4583));
#4585=FACE_OUTER_BOUND('',#4584,.F.);
#4586=ADVANCED_FACE('',(#4585),#4576,.F.);
#4587=CARTESIAN_POINT('',(-8.2E0,1.125E0,-2.15E0));
#4588=DIRECTION('',(1.E0,0.E0,0.E0));
#4589=DIRECTION('',(0.E0,0.E0,1.E0));
#4590=AXIS2_PLACEMENT_3D('',#4587,#4588,#4589);
#4591=PLANE('',#4590);
#4592=ORIENTED_EDGE('',*,*,#4567,.T.);
#4594=ORIENTED_EDGE('',*,*,#4593,.F.);
#4596=ORIENTED_EDGE('',*,*,#4595,.F.);
#4597=ORIENTED_EDGE('',*,*,#4578,.T.);
#4598=EDGE_LOOP('',(#4592,#4594,#4596,#4597));
#4599=FACE_OUTER_BOUND('',#4598,.F.);
#4600=ADVANCED_FACE('',(#4599),#4591,.F.);
#4601=CARTESIAN_POINT('',(-7.180178566252E0,1.125E0,-7.E-1));
#4602=DIRECTION('',(0.E0,0.E0,1.E0));
#4603=DIRECTION('',(1.E0,0.E0,0.E0));
#4604=AXIS2_PLACEMENT_3D('',#4601,#4602,#4603);
#4605=PLANE('',#4604);
#4606=ORIENTED_EDGE('',*,*,#4565,.T.);
#4608=ORIENTED_EDGE('',*,*,#4607,.F.);
#4610=ORIENTED_EDGE('',*,*,#4609,.F.);
#4611=ORIENTED_EDGE('',*,*,#4593,.T.);
#4612=EDGE_LOOP('',(#4606,#4608,#4610,#4611));
#4613=FACE_OUTER_BOUND('',#4612,.F.);
#4614=ADVANCED_FACE('',(#4613),#4605,.T.);
#4615=CARTESIAN_POINT('',(0.E0,1.164895760360E0,0.E0));
#4616=DIRECTION('',(0.E0,-1.E0,0.E0));
#4617=DIRECTION('',(0.E0,0.E0,-1.E0));
#4618=AXIS2_PLACEMENT_3D('',#4615,#4616,#4617);
#4619=CYLINDRICAL_SURFACE('',#4618,6.2E0);
#4620=ORIENTED_EDGE('',*,*,#4563,.T.);
#4622=ORIENTED_EDGE('',*,*,#4621,.F.);
#4624=ORIENTED_EDGE('',*,*,#4623,.F.);
#4625=ORIENTED_EDGE('',*,*,#4607,.T.);
#4626=EDGE_LOOP('',(#4620,#4622,#4624,#4625));
#4627=FACE_OUTER_BOUND('',#4626,.F.);
#4628=ADVANCED_FACE('',(#4627),#4619,.F.);
#4629=CARTESIAN_POINT('',(-6.E0,1.125E0,-2.581024967590E0));
#4630=DIRECTION('',(1.E0,0.E0,0.E0));
#4631=DIRECTION('',(0.E0,0.E0,-1.E0));
#4632=AXIS2_PLACEMENT_3D('',#4629,#4630,#4631);
#4633=PLANE('',#4632);
#4634=ORIENTED_EDGE('',*,*,#4561,.T.);
#4635=ORIENTED_EDGE('',*,*,#4582,.T.);
#4637=ORIENTED_EDGE('',*,*,#4636,.F.);
#4638=ORIENTED_EDGE('',*,*,#4621,.T.);
#4639=EDGE_LOOP('',(#4634,#4635,#4637,#4638));
#4640=FACE_OUTER_BOUND('',#4639,.F.);
#4641=ADVANCED_FACE('',(#4640),#4633,.T.);
#4642=CARTESIAN_POINT('',(-7.1E0,1.1E0,-2.15E0));
#4643=DIRECTION('',(0.E0,1.E0,0.E0));
#4644=DIRECTION('',(0.E0,0.E0,-1.E0));
#4645=AXIS2_PLACEMENT_3D('',#4642,#4643,#4644);
#4646=PLANE('',#4645);
#4647=ORIENTED_EDGE('',*,*,#4580,.T.);
#4648=ORIENTED_EDGE('',*,*,#4595,.T.);
#4649=ORIENTED_EDGE('',*,*,#4609,.T.);
#4650=ORIENTED_EDGE('',*,*,#4623,.T.);
#4651=ORIENTED_EDGE('',*,*,#4636,.T.);
#4652=EDGE_LOOP('',(#4647,#4648,#4649,#4650,#4651));
#4653=FACE_OUTER_BOUND('',#4652,.F.);
#4654=ADVANCED_FACE('',(#4653),#4646,.F.);
#4655=CLOSED_SHELL('',(#4571,#4586,#4600,#4614,#4628,#4641,#4654));
#4656=MANIFOLD_SOLID_BREP('',#4655);
#4657=DIRECTION('',(-7.071067811865E-1,0.E0,-7.071067811866E-1));
#4658=VECTOR('',#4657,1.501770000034E0);
#4659=CARTESIAN_POINT('',(-4.837013492744E0,1.15E0,-4.342038745913E0));
#4660=LINE('',#4659,#4658);
#4661=DIRECTION('',(-7.071067811865E-1,0.E0,-7.071067811866E-1));
#4662=VECTOR('',#4661,1.501770000034E0);
#4663=CARTESIAN_POINT('',(-4.837013492744E0,1.1E0,-4.342038745913E0));
#4664=LINE('',#4663,#4662);
#4665=CARTESIAN_POINT('',(0.E0,1.1E0,0.E0));
#4666=DIRECTION('',(0.E0,-1.E0,0.E0));
#4667=DIRECTION('',(-7.75E-1,0.E0,-6.319612329882E-1));
#4668=AXIS2_PLACEMENT_3D('',#4665,#4666,#4667);
#4670=DIRECTION('',(-6.394884621841E-13,1.E0,7.105427357601E-13));
#4671=VECTOR('',#4670,5.E-2);
#4672=CARTESIAN_POINT('',(-5.898925243551E0,1.1E0,-5.403950496720E0));
#4673=LINE('',#4672,#4671);
#4674=CARTESIAN_POINT('',(0.E0,1.15E0,0.E0));
#4675=DIRECTION('',(0.E0,1.E0,0.E0));
#4676=DIRECTION('',(-7.373656554439E-1,0.E0,-6.754938120900E-1));
#4677=AXIS2_PLACEMENT_3D('',#4674,#4675,#4676);
#4679=DIRECTION('',(1.566489236284E-13,0.E0,1.E0));
#4680=VECTOR('',#4679,7.144031270058E-1);
#4681=CARTESIAN_POINT('',(-6.2E0,1.15E0,-5.055689863906E0));
#4682=LINE('',#4681,#4680);
#4683=DIRECTION('',(-1.566489236284E-13,0.E0,-1.E0));
#4684=VECTOR('',#4683,7.144031270056E-1);
#4685=CARTESIAN_POINT('',(-6.2E0,1.1E0,-4.341286736900E0));
#4686=LINE('',#4685,#4684);
#4687=DIRECTION('',(0.E0,1.E0,-2.682298827494E-12));
#4688=VECTOR('',#4687,5.E-2);
#4689=CARTESIAN_POINT('',(-6.2E0,1.1E0,-5.055689863906E0));
#4690=LINE('',#4689,#4688);
#4691=DIRECTION('',(8.191520442888E-1,0.E0,5.735764363513E-1));
#4692=VECTOR('',#4691,1.068802450321E0);
#4693=CARTESIAN_POINT('',(-6.2E0,1.15E0,-4.341286736900E0));
#4694=LINE('',#4693,#4692);
#4695=DIRECTION('',(-8.191520442889E-1,0.E0,-5.735764363512E-1));
#4696=VECTOR('',#4695,1.068802450321E0);
#4697=CARTESIAN_POINT('',(-5.324488287878E0,1.1E0,-3.728246836282E0));
#4698=LINE('',#4697,#4696);
#4699=DIRECTION('',(0.E0,1.E0,-1.776356839400E-14));
#4700=VECTOR('',#4699,5.E-2);
#4701=CARTESIAN_POINT('',(-6.2E0,1.1E0,-4.341286736900E0));
#4702=LINE('',#4701,#4700);
#4703=CARTESIAN_POINT('',(0.E0,1.15E0,0.E0));
#4704=DIRECTION('',(0.E0,-1.E0,0.E0));
#4705=DIRECTION('',(-8.191520442890E-1,0.E0,-5.735764363510E-1));
#4706=AXIS2_PLACEMENT_3D('',#4703,#4704,#4705);
#4708=DIRECTION('',(7.105427357601E-14,-1.E0,-1.065814103640E-13));
#4709=VECTOR('',#4708,5.E-2);
#4710=CARTESIAN_POINT('',(-4.837013492744E0,1.15E0,-4.342038745913E0));
#4711=LINE('',#4710,#4709);
#4712=CARTESIAN_POINT('',(0.E0,1.1E0,0.E0));
#4713=DIRECTION('',(0.E0,1.E0,0.E0));
#4714=DIRECTION('',(-7.441559219606E-1,0.E0,-6.680059609097E-1));
#4715=AXIS2_PLACEMENT_3D('',#4712,#4713,#4714);
#4717=DIRECTION('',(-3.321787289678E-12,1.E0,3.357314426466E-12));
#4718=VECTOR('',#4717,5.E-2);
#4719=CARTESIAN_POINT('',(-5.324488287878E0,1.1E0,-3.728246836282E0));
#4720=LINE('',#4719,#4718);
#4721=CARTESIAN_POINT('',(-4.837013492744E0,1.15E0,-4.342038745913E0));
#4722=CARTESIAN_POINT('',(-4.837013492744E0,1.1E0,-4.342038745913E0));
#4723=VERTEX_POINT('',#4721);
#4724=VERTEX_POINT('',#4722);
#4725=CARTESIAN_POINT('',(-5.324488287878E0,1.1E0,-3.728246836282E0));
#4726=CARTESIAN_POINT('',(-5.324488287879E0,1.15E0,-3.728246836281E0));
#4727=VERTEX_POINT('',#4725);
#4728=VERTEX_POINT('',#4726);
#4729=CARTESIAN_POINT('',(-5.898925243551E0,1.15E0,-5.403950496720E0));
#4730=VERTEX_POINT('',#4729);
#4731=CARTESIAN_POINT('',(-5.898925243551E0,1.1E0,-5.403950496720E0));
#4732=VERTEX_POINT('',#4731);
#4733=CARTESIAN_POINT('',(-6.2E0,1.1E0,-4.341286736900E0));
#4734=CARTESIAN_POINT('',(-6.2E0,1.15E0,-4.341286736900E0));
#4735=VERTEX_POINT('',#4733);
#4736=VERTEX_POINT('',#4734);
#4737=CARTESIAN_POINT('',(-6.2E0,1.1E0,-5.055689863906E0));
#4738=VERTEX_POINT('',#4737);
#4739=CARTESIAN_POINT('',(-6.2E0,1.15E0,-5.055689863906E0));
#4740=VERTEX_POINT('',#4739);
#4741=CARTESIAN_POINT('',(-5.518506746372E0,1.15E0,-4.566098666501E0));
#4742=DIRECTION('',(0.E0,1.E0,0.E0));
#4743=DIRECTION('',(0.E0,0.E0,-1.E0));
#4744=AXIS2_PLACEMENT_3D('',#4741,#4742,#4743);
#4745=PLANE('',#4744);
#4747=ORIENTED_EDGE('',*,*,#4746,.F.);
#4749=ORIENTED_EDGE('',*,*,#4748,.F.);
#4751=ORIENTED_EDGE('',*,*,#4750,.F.);
#4753=ORIENTED_EDGE('',*,*,#4752,.F.);
#4755=ORIENTED_EDGE('',*,*,#4754,.F.);
#4756=EDGE_LOOP('',(#4747,#4749,#4751,#4753,#4755));
#4757=FACE_OUTER_BOUND('',#4756,.F.);
#4758=ADVANCED_FACE('',(#4757),#4745,.T.);
#4759=CARTESIAN_POINT('',(-5.367969368148E0,1.125E0,-4.872994621317E0));
#4760=DIRECTION('',(7.071067811865E-1,0.E0,-7.071067811865E-1));
#4761=DIRECTION('',(7.071067811865E-1,0.E0,7.071067811865E-1));
#4762=AXIS2_PLACEMENT_3D('',#4759,#4760,#4761);
#4763=PLANE('',#4762);
#4765=ORIENTED_EDGE('',*,*,#4764,.F.);
#4767=ORIENTED_EDGE('',*,*,#4766,.F.);
#4768=ORIENTED_EDGE('',*,*,#4746,.T.);
#4770=ORIENTED_EDGE('',*,*,#4769,.F.);
#4771=EDGE_LOOP('',(#4765,#4767,#4768,#4770));
#4772=FACE_OUTER_BOUND('',#4771,.F.);
#4773=ADVANCED_FACE('',(#4772),#4763,.T.);
#4774=CARTESIAN_POINT('',(-5.518506746372E0,1.1E0,-4.566098666501E0));
#4775=DIRECTION('',(0.E0,1.E0,0.E0));
#4776=DIRECTION('',(0.E0,0.E0,-1.E0));
#4777=AXIS2_PLACEMENT_3D('',#4774,#4775,#4776);
#4778=PLANE('',#4777);
#4779=ORIENTED_EDGE('',*,*,#4764,.T.);
#4781=ORIENTED_EDGE('',*,*,#4780,.F.);
#4783=ORIENTED_EDGE('',*,*,#4782,.F.);
#4785=ORIENTED_EDGE('',*,*,#4784,.F.);
#4787=ORIENTED_EDGE('',*,*,#4786,.F.);
#4788=EDGE_LOOP('',(#4779,#4781,#4783,#4785,#4787));
#4789=FACE_OUTER_BOUND('',#4788,.F.);
#4790=ADVANCED_FACE('',(#4789),#4778,.F.);
#4791=CARTESIAN_POINT('',(0.E0,1.164895760360E0,0.E0));
#4792=DIRECTION('',(0.E0,-1.E0,0.E0));
#4793=DIRECTION('',(0.E0,0.E0,-1.E0));
#4794=AXIS2_PLACEMENT_3D('',#4791,#4792,#4793);
#4795=CYLINDRICAL_SURFACE('',#4794,8.E0);
#4797=ORIENTED_EDGE('',*,*,#4796,.F.);
#4798=ORIENTED_EDGE('',*,*,#4780,.T.);
#4799=ORIENTED_EDGE('',*,*,#4769,.T.);
#4800=ORIENTED_EDGE('',*,*,#4754,.T.);
#4801=EDGE_LOOP('',(#4797,#4798,#4799,#4800));
#4802=FACE_OUTER_BOUND('',#4801,.F.);
#4803=ADVANCED_FACE('',(#4802),#4795,.T.);
#4804=CARTESIAN_POINT('',(-6.2E0,1.125E0,-4.698488300403E0));
#4805=DIRECTION('',(1.E0,0.E0,0.E0));
#4806=DIRECTION('',(0.E0,0.E0,1.E0));
#4807=AXIS2_PLACEMENT_3D('',#4804,#4805,#4806);
#4808=PLANE('',#4807);
#4809=ORIENTED_EDGE('',*,*,#4752,.T.);
#4811=ORIENTED_EDGE('',*,*,#4810,.F.);
#4812=ORIENTED_EDGE('',*,*,#4782,.T.);
#4813=ORIENTED_EDGE('',*,*,#4796,.T.);
#4814=EDGE_LOOP('',(#4809,#4811,#4812,#4813));
#4815=FACE_OUTER_BOUND('',#4814,.F.);
#4816=ADVANCED_FACE('',(#4815),#4808,.F.);
#4817=CARTESIAN_POINT('',(-5.762244143939E0,1.125E0,-4.034766786591E0));
#4818=DIRECTION('',(-5.735764363517E-1,0.E0,8.191520442885E-1));
#4819=DIRECTION('',(8.191520442885E-1,0.E0,5.735764363517E-1));
#4820=AXIS2_PLACEMENT_3D('',#4817,#4818,#4819);
#4821=PLANE('',#4820);
#4822=ORIENTED_EDGE('',*,*,#4750,.T.);
#4824=ORIENTED_EDGE('',*,*,#4823,.F.);
#4825=ORIENTED_EDGE('',*,*,#4784,.T.);
#4826=ORIENTED_EDGE('',*,*,#4810,.T.);
#4827=EDGE_LOOP('',(#4822,#4824,#4825,#4826));
#4828=FACE_OUTER_BOUND('',#4827,.F.);
#4829=ADVANCED_FACE('',(#4828),#4821,.T.);
#4830=CARTESIAN_POINT('',(0.E0,1.164895760360E0,0.E0));
#4831=DIRECTION('',(0.E0,-1.E0,0.E0));
#4832=DIRECTION('',(0.E0,0.E0,-1.E0));
#4833=AXIS2_PLACEMENT_3D('',#4830,#4831,#4832);
#4834=CYLINDRICAL_SURFACE('',#4833,6.5E0);
#4835=ORIENTED_EDGE('',*,*,#4748,.T.);
#4836=ORIENTED_EDGE('',*,*,#4766,.T.);
#4837=ORIENTED_EDGE('',*,*,#4786,.T.);
#4838=ORIENTED_EDGE('',*,*,#4823,.T.);
#4839=EDGE_LOOP('',(#4835,#4836,#4837,#4838));
#4840=FACE_OUTER_BOUND('',#4839,.F.);
#4841=ADVANCED_FACE('',(#4840),#4834,.F.);
#4842=CLOSED_SHELL('',(#4758,#4773,#4790,#4803,#4816,#4829,#4841));
#4843=MANIFOLD_SOLID_BREP('',#4842);
#4844=CARTESIAN_POINT('',(0.E0,1.15E0,0.E0));
#4845=DIRECTION('',(0.E0,-1.E0,0.E0));
#4846=DIRECTION('',(-6.653701788563E-1,0.E0,-7.465135799761E-1));
#4847=AXIS2_PLACEMENT_3D('',#4844,#4845,#4846);
#4849=DIRECTION('',(-2.424727085781E-12,1.E0,1.652011860642E-12));
#4850=VECTOR('',#4849,5.E-2);
#4851=CARTESIAN_POINT('',(-3.389845720220E0,1.1E0,-5.071385017242E0));
#4852=LINE('',#4851,#4850);
#4853=DIRECTION('',(-4.999999999999E-1,0.E0,-8.660254037845E-1));
#4854=VECTOR('',#4853,1.903122624762E0);
#4855=CARTESIAN_POINT('',(-3.389845720220E0,1.15E0,-5.071385017242E0));
#4856=LINE('',#4855,#4854);
#4857=CARTESIAN_POINT('',(0.E0,1.15E0,0.E0));
#4858=DIRECTION('',(0.E0,1.E0,0.E0));
#4859=DIRECTION('',(-5.426758790752E-1,0.E0,-8.399421946003E-1));
#4860=AXIS2_PLACEMENT_3D('',#4857,#4858,#4859);
#4862=DIRECTION('',(-1.456612608308E-12,1.E0,4.352074256531E-12));
#4863=VECTOR('',#4862,5.E-2);
#4864=CARTESIAN_POINT('',(-4.341407032601E0,1.1E0,-6.719537556803E0));
#4865=LINE('',#4864,#4863);
#4866=DIRECTION('',(7.071067811865E-1,0.E0,7.071067811866E-1));
#4867=VECTOR('',#4866,1.902389344137E0);
#4868=CARTESIAN_POINT('',(-5.403950496720E0,1.15E0,-5.898925243551E0));
#4869=LINE('',#4868,#4867);
#4870=DIRECTION('',(0.E0,-1.E0,0.E0));
#4871=VECTOR('',#4870,5.E-2);
#4872=CARTESIAN_POINT('',(-4.058758091024E0,1.15E0,-4.553732837854E0));
#4873=LINE('',#4872,#4871);
#4874=DIRECTION('',(-1.953992523340E-12,1.E0,-2.167155344068E-12));
#4875=VECTOR('',#4874,5.E-2);
#4876=CARTESIAN_POINT('',(-5.403950496720E0,1.1E0,-5.898925243551E0));
#4877=LINE('',#4876,#4875);
#4878=CARTESIAN_POINT('',(0.E0,1.1E0,0.E0));
#4879=DIRECTION('',(0.E0,-1.E0,0.E0));
#4880=DIRECTION('',(-6.653701788563E-1,0.E0,-7.465135799761E-1));
#4881=AXIS2_PLACEMENT_3D('',#4878,#4879,#4880);
#4883=DIRECTION('',(-4.999999999999E-1,0.E0,-8.660254037845E-1));
#4884=VECTOR('',#4883,1.903122624762E0);
#4885=CARTESIAN_POINT('',(-3.389845720220E0,1.1E0,-5.071385017242E0));
#4886=LINE('',#4885,#4884);
#4887=CARTESIAN_POINT('',(0.E0,1.1E0,0.E0));
#4888=DIRECTION('',(0.E0,1.E0,0.E0));
#4889=DIRECTION('',(-5.426758790751E-1,0.E0,-8.399421946004E-1));
#4890=AXIS2_PLACEMENT_3D('',#4887,#4888,#4889);
#4892=DIRECTION('',(7.071067811865E-1,0.E0,7.071067811866E-1));
#4893=VECTOR('',#4892,1.902389344137E0);
#4894=CARTESIAN_POINT('',(-5.403950496720E0,1.1E0,-5.898925243551E0));
#4895=LINE('',#4894,#4893);
#4896=CARTESIAN_POINT('',(-4.341407032601E0,1.15E0,-6.719537556803E0));
#4897=CARTESIAN_POINT('',(-5.403950496720E0,1.15E0,-5.898925243551E0));
#4898=VERTEX_POINT('',#4896);
#4899=VERTEX_POINT('',#4897);
#4900=CARTESIAN_POINT('',(-5.403950496720E0,1.1E0,-5.898925243551E0));
#4901=CARTESIAN_POINT('',(-4.058758091024E0,1.1E0,-4.553732837854E0));
#4902=VERTEX_POINT('',#4900);
#4903=VERTEX_POINT('',#4901);
#4904=CARTESIAN_POINT('',(-4.058758091024E0,1.15E0,-4.553732837854E0));
#4905=VERTEX_POINT('',#4904);
#4906=CARTESIAN_POINT('',(-3.389845720220E0,1.1E0,-5.071385017242E0));
#4907=CARTESIAN_POINT('',(-4.341407032601E0,1.1E0,-6.719537556803E0));
#4908=VERTEX_POINT('',#4906);
#4909=VERTEX_POINT('',#4907);
#4910=CARTESIAN_POINT('',(-3.389845720220E0,1.15E0,-5.071385017242E0));
#4911=VERTEX_POINT('',#4910);
#4912=CARTESIAN_POINT('',(-4.396898108470E0,1.15E0,-5.636635197329E0));
#4913=DIRECTION('',(0.E0,1.E0,0.E0));
#4914=DIRECTION('',(0.E0,0.E0,-1.E0));
#4915=AXIS2_PLACEMENT_3D('',#4912,#4913,#4914);
#4916=PLANE('',#4915);
#4918=ORIENTED_EDGE('',*,*,#4917,.F.);
#4920=ORIENTED_EDGE('',*,*,#4919,.F.);
#4922=ORIENTED_EDGE('',*,*,#4921,.F.);
#4924=ORIENTED_EDGE('',*,*,#4923,.F.);
#4925=EDGE_LOOP('',(#4918,#4920,#4922,#4924));
#4926=FACE_OUTER_BOUND('',#4925,.F.);
#4927=ADVANCED_FACE('',(#4926),#4916,.T.);
#4928=CARTESIAN_POINT('',(0.E0,1.164895760360E0,0.E0));
#4929=DIRECTION('',(0.E0,-1.E0,0.E0));
#4930=DIRECTION('',(0.E0,0.E0,-1.E0));
#4931=AXIS2_PLACEMENT_3D('',#4928,#4929,#4930);
#4932=CYLINDRICAL_SURFACE('',#4931,6.1E0);
#4933=ORIENTED_EDGE('',*,*,#4917,.T.);
#4935=ORIENTED_EDGE('',*,*,#4934,.F.);
#4937=ORIENTED_EDGE('',*,*,#4936,.F.);
#4939=ORIENTED_EDGE('',*,*,#4938,.F.);
#4940=EDGE_LOOP('',(#4933,#4935,#4937,#4939));
#4941=FACE_OUTER_BOUND('',#4940,.F.);
#4942=ADVANCED_FACE('',(#4941),#4932,.F.);
#4943=CARTESIAN_POINT('',(-3.865626376411E0,1.125E0,-5.895461287022E0));
#4944=DIRECTION('',(8.660254037846E-1,0.E0,-4.999999999997E-1));
#4945=DIRECTION('',(4.999999999997E-1,0.E0,8.660254037846E-1));
#4946=AXIS2_PLACEMENT_3D('',#4943,#4944,#4945);
#4947=PLANE('',#4946);
#4948=ORIENTED_EDGE('',*,*,#4934,.T.);
#4949=ORIENTED_EDGE('',*,*,#4923,.T.);
#4951=ORIENTED_EDGE('',*,*,#4950,.F.);
#4953=ORIENTED_EDGE('',*,*,#4952,.F.);
#4954=EDGE_LOOP('',(#4948,#4949,#4951,#4953));
#4955=FACE_OUTER_BOUND('',#4954,.F.);
#4956=ADVANCED_FACE('',(#4955),#4947,.T.);
#4957=CARTESIAN_POINT('',(0.E0,1.164895760360E0,0.E0));
#4958=DIRECTION('',(0.E0,-1.E0,0.E0));
#4959=DIRECTION('',(0.E0,0.E0,-1.E0));
#4960=AXIS2_PLACEMENT_3D('',#4957,#4958,#4959);
#4961=CYLINDRICAL_SURFACE('',#4960,8.E0);
#4962=ORIENTED_EDGE('',*,*,#4921,.T.);
#4964=ORIENTED_EDGE('',*,*,#4963,.F.);
#4966=ORIENTED_EDGE('',*,*,#4965,.F.);
#4967=ORIENTED_EDGE('',*,*,#4950,.T.);
#4968=EDGE_LOOP('',(#4962,#4964,#4966,#4967));
#4969=FACE_OUTER_BOUND('',#4968,.F.);
#4970=ADVANCED_FACE('',(#4969),#4961,.T.);
#4971=CARTESIAN_POINT('',(-4.731354293872E0,1.125E0,-5.226329040703E0));
#4972=DIRECTION('',(7.071067811868E-1,0.E0,-7.071067811863E-1));
#4973=DIRECTION('',(-7.071067811863E-1,0.E0,-7.071067811868E-1));
#4974=AXIS2_PLACEMENT_3D('',#4971,#4972,#4973);
#4975=PLANE('',#4974);
#4976=ORIENTED_EDGE('',*,*,#4919,.T.);
#4977=ORIENTED_EDGE('',*,*,#4938,.T.);
#4979=ORIENTED_EDGE('',*,*,#4978,.F.);
#4980=ORIENTED_EDGE('',*,*,#4963,.T.);
#4981=EDGE_LOOP('',(#4976,#4977,#4979,#4980));
#4982=FACE_OUTER_BOUND('',#4981,.F.);
#4983=ADVANCED_FACE('',(#4982),#4975,.F.);
#4984=CARTESIAN_POINT('',(-4.396898108470E0,1.1E0,-5.636635197329E0));
#4985=DIRECTION('',(0.E0,1.E0,0.E0));
#4986=DIRECTION('',(0.E0,0.E0,-1.E0));
#4987=AXIS2_PLACEMENT_3D('',#4984,#4985,#4986);
#4988=PLANE('',#4987);
#4989=ORIENTED_EDGE('',*,*,#4936,.T.);
#4990=ORIENTED_EDGE('',*,*,#4952,.T.);
#4991=ORIENTED_EDGE('',*,*,#4965,.T.);
#4992=ORIENTED_EDGE('',*,*,#4978,.T.);
#4993=EDGE_LOOP('',(#4989,#4990,#4991,#4992));
#4994=FACE_OUTER_BOUND('',#4993,.F.);
#4995=ADVANCED_FACE('',(#4994),#4988,.F.);
#4996=CLOSED_SHELL('',(#4927,#4942,#4956,#4970,#4983,#4995));
#4997=MANIFOLD_SOLID_BREP('',#4996);
#4998=CARTESIAN_POINT('',(0.E0,1.15E0,0.E0));
#4999=DIRECTION('',(0.E0,1.E0,0.E0));
#5000=DIRECTION('',(-6.631479061361E-1,0.E0,-7.484883797277E-1));
#5001=AXIS2_PLACEMENT_3D('',#4998,#4999,#5000);
#5003=DIRECTION('',(2.184918912462E-12,-1.E0,-2.642330798608E-13));
#5004=VECTOR('',#5003,5.E-2);
#5005=CARTESIAN_POINT('',(-5.757603668194E0,1.15E0,7.E-1));
#5006=LINE('',#5005,#5004);
#5007=CARTESIAN_POINT('',(0.E0,1.1E0,0.E0));
#5008=DIRECTION('',(0.E0,-1.E0,0.E0));
#5009=DIRECTION('',(-9.926902876196E-1,0.E0,1.206896551724E-1));
#5010=AXIS2_PLACEMENT_3D('',#5007,#5008,#5009);
#5012=DIRECTION('',(6.208367153704E-12,1.E0,-3.197442310920E-12));
#5013=VECTOR('',#5012,5.E-2);
#5014=CARTESIAN_POINT('',(-3.846257855590E0,1.1E0,-4.341232602420E0));
#5015=LINE('',#5014,#5013);
#5016=DIRECTION('',(1.592168854704E-14,0.E0,-1.E0));
#5017=VECTOR('',#5016,3.347051101055E0);
#5018=CARTESIAN_POINT('',(-6.E0,1.15E0,4.047051101055E0));
#5019=LINE('',#5018,#5017);
#5020=DIRECTION('',(1.776356839400E-14,1.E0,0.E0));
#5021=VECTOR('',#5020,5.E-2);
#5022=CARTESIAN_POINT('',(-6.E0,1.1E0,4.047051101055E0));
#5023=LINE('',#5022,#5021);
#5024=DIRECTION('',(8.290375725550E-1,0.E0,-5.591929034709E-1));
#5025=VECTOR('',#5024,1.737307691024E0);
#5026=CARTESIAN_POINT('',(-6.E0,1.15E0,4.047051101055E0));
#5027=LINE('',#5026,#5025);
#5028=DIRECTION('',(-8.290375725549E-1,0.E0,5.591929034709E-1));
#5029=VECTOR('',#5028,1.737307691024E0);
#5030=CARTESIAN_POINT('',(-4.559706649053E0,1.1E0,3.075560969089E0));
#5031=LINE('',#5030,#5029);
#5032=CARTESIAN_POINT('',(0.E0,1.15E0,0.E0));
#5033=DIRECTION('',(0.E0,-1.E0,0.E0));
#5034=DIRECTION('',(-8.290375725550E-1,0.E0,5.591929034707E-1));
#5035=AXIS2_PLACEMENT_3D('',#5032,#5033,#5034);
#5037=CARTESIAN_POINT('',(0.E0,1.1E0,0.E0));
#5038=DIRECTION('',(0.E0,1.E0,0.E0));
#5039=DIRECTION('',(-5.616595985262E-1,0.E0,-8.273684157516E-1));
#5040=AXIS2_PLACEMENT_3D('',#5037,#5038,#5039);
#5042=DIRECTION('',(1.758593271006E-12,1.E0,6.572520305781E-13));
#5043=VECTOR('',#5042,5.E-2);
#5044=CARTESIAN_POINT('',(-4.559706649053E0,1.1E0,3.075560969089E0));
#5045=LINE('',#5044,#5043);
#5046=DIRECTION('',(5.000000000001E-1,0.E0,8.660254037844E-1));
#5047=VECTOR('',#5046,6.014358566524E-1);
#5048=CARTESIAN_POINT('',(-3.389845720220E0,1.1E0,-5.071385017242E0));
#5049=LINE('',#5048,#5047);
#5050=DIRECTION('',(-4.085620730621E-13,1.E0,-6.039613253961E-13));
#5051=VECTOR('',#5050,5.E-2);
#5052=CARTESIAN_POINT('',(-3.089127791894E0,1.1E0,-4.550526286634E0));
#5053=LINE('',#5052,#5051);
#5054=DIRECTION('',(-5.000000000004E-1,0.E0,-8.660254037842E-1));
#5055=VECTOR('',#5054,6.014358566523E-1);
#5056=CARTESIAN_POINT('',(-3.089127791894E0,1.15E0,-4.550526286634E0));
#5057=LINE('',#5056,#5055);
#5058=CARTESIAN_POINT('',(0.E0,1.15E0,0.E0));
#5059=DIRECTION('',(0.E0,1.E0,0.E0));
#5060=DIRECTION('',(-5.557124131509E-1,0.E0,-8.313745929904E-1));
#5061=AXIS2_PLACEMENT_3D('',#5058,#5059,#5060);
#5063=CARTESIAN_POINT('',(0.E0,1.1E0,0.E0));
#5064=DIRECTION('',(0.E0,-1.E0,0.E0));
#5065=DIRECTION('',(-6.653701788563E-1,0.E0,-7.465135799761E-1));
#5066=AXIS2_PLACEMENT_3D('',#5063,#5064,#5065);
#5068=DIRECTION('',(-3.268496584496E-12,1.E0,3.730349362741E-12));
#5069=VECTOR('',#5068,5.E-2);
#5070=CARTESIAN_POINT('',(-3.389845720220E0,1.1E0,-5.071385017242E0));
#5071=LINE('',#5070,#5069);
#5072=DIRECTION('',(7.071067811879E-1,0.E0,7.071067811852E-1));
#5073=VECTOR('',#5072,3.005207149583E-1);
#5074=CARTESIAN_POINT('',(-4.058758091024E0,1.15E0,-4.553732837854E0));
#5075=LINE('',#5074,#5073);
#5076=DIRECTION('',(-7.071067811871E-1,0.E0,-7.071067811859E-1));
#5077=VECTOR('',#5076,3.005207149581E-1);
#5078=CARTESIAN_POINT('',(-3.846257855590E0,1.1E0,-4.341232602420E0));
#5079=LINE('',#5078,#5077);
#5080=DIRECTION('',(-1.634248292248E-12,1.E0,-1.794120407794E-12));
#5081=VECTOR('',#5080,5.E-2);
#5082=CARTESIAN_POINT('',(-4.058758091024E0,1.1E0,-4.553732837854E0));
#5083=LINE('',#5082,#5081);
#5084=DIRECTION('',(-1.618705002282E-14,0.E0,1.E0));
#5085=VECTOR('',#5084,3.347051101055E0);
#5086=CARTESIAN_POINT('',(-6.E0,1.1E0,7.E-1));
#5087=LINE('',#5086,#5085);
#5088=DIRECTION('',(-1.E0,0.E0,1.232073073874E-13));
#5089=VECTOR('',#5088,2.423963318061E-1);
#5090=CARTESIAN_POINT('',(-5.757603668194E0,1.1E0,7.E-1));
#5091=LINE('',#5090,#5089);
#5092=DIRECTION('',(-1.E0,0.E0,7.145107789012E-14));
#5093=VECTOR('',#5092,2.423963318060E-1);
#5094=CARTESIAN_POINT('',(-5.757603668194E0,1.15E0,7.E-1));
#5095=LINE('',#5094,#5093);
#5096=DIRECTION('',(0.E0,-1.E0,-1.332267629550E-14));
#5097=VECTOR('',#5096,5.E-2);
#5098=CARTESIAN_POINT('',(-6.E0,1.15E0,7.E-1));
#5099=LINE('',#5098,#5097);
#5100=CARTESIAN_POINT('',(-5.757603668194E0,1.1E0,7.E-1));
#5101=CARTESIAN_POINT('',(-6.E0,1.1E0,7.E-1));
#5102=VERTEX_POINT('',#5100);
#5103=VERTEX_POINT('',#5101);
#5104=CARTESIAN_POINT('',(-6.E0,1.1E0,4.047051101055E0));
#5105=VERTEX_POINT('',#5104);
#5106=CARTESIAN_POINT('',(-4.058758091024E0,1.15E0,-4.553732837854E0));
#5107=CARTESIAN_POINT('',(-3.846257855589E0,1.15E0,-4.341232602421E0));
#5108=VERTEX_POINT('',#5106);
#5109=VERTEX_POINT('',#5107);
#5110=CARTESIAN_POINT('',(-3.389845720221E0,1.15E0,-5.071385017242E0));
#5111=VERTEX_POINT('',#5110);
#5112=CARTESIAN_POINT('',(-5.757603668194E0,1.15E0,7.E-1));
#5113=CARTESIAN_POINT('',(-6.E0,1.15E0,7.E-1));
#5114=VERTEX_POINT('',#5112);
#5115=VERTEX_POINT('',#5113);
#5116=CARTESIAN_POINT('',(-6.E0,1.15E0,4.047051101055E0));
#5117=VERTEX_POINT('',#5116);
#5118=CARTESIAN_POINT('',(-3.089127791894E0,1.1E0,-4.550526286634E0));
#5119=CARTESIAN_POINT('',(-3.089127791894E0,1.15E0,-4.550526286634E0));
#5120=VERTEX_POINT('',#5118);
#5121=VERTEX_POINT('',#5119);
#5122=CARTESIAN_POINT('',(-4.559706649053E0,1.1E0,3.075560969089E0));
#5123=CARTESIAN_POINT('',(-4.559706649053E0,1.15E0,3.075560969089E0));
#5124=VERTEX_POINT('',#5122);
#5125=VERTEX_POINT('',#5123);
#5126=CARTESIAN_POINT('',(-3.389845720220E0,1.1E0,-5.071385017242E0));
#5127=VERTEX_POINT('',#5126);
#5128=CARTESIAN_POINT('',(-3.846257855590E0,1.1E0,-4.341232602420E0));
#5129=CARTESIAN_POINT('',(-4.058758091024E0,1.1E0,-4.553732837854E0));
#5130=VERTEX_POINT('',#5128);
#5131=VERTEX_POINT('',#5129);
#5132=CARTESIAN_POINT('',(0.E0,1.164895760360E0,0.E0));
#5133=DIRECTION('',(0.E0,-1.E0,0.E0));
#5134=DIRECTION('',(0.E0,0.E0,-1.E0));
#5135=AXIS2_PLACEMENT_3D('',#5132,#5133,#5134);
#5136=CYLINDRICAL_SURFACE('',#5135,5.8E0);
#5138=ORIENTED_EDGE('',*,*,#5137,.T.);
#5140=ORIENTED_EDGE('',*,*,#5139,.T.);
#5142=ORIENTED_EDGE('',*,*,#5141,.T.);
#5144=ORIENTED_EDGE('',*,*,#5143,.T.);
#5145=EDGE_LOOP('',(#5138,#5140,#5142,#5144));
#5146=FACE_OUTER_BOUND('',#5145,.F.);
#5147=ADVANCED_FACE('',(#5146),#5136,.T.);
#5148=CARTESIAN_POINT('',(-4.544563895947E0,1.15E0,-5.121669580935E-1));
#5149=DIRECTION('',(0.E0,1.E0,0.E0));
#5150=DIRECTION('',(0.E0,0.E0,-1.E0));
#5151=AXIS2_PLACEMENT_3D('',#5148,#5149,#5150);
#5152=PLANE('',#5151);
#5154=ORIENTED_EDGE('',*,*,#5153,.T.);
#5156=ORIENTED_EDGE('',*,*,#5155,.F.);
#5157=ORIENTED_EDGE('',*,*,#5137,.F.);
#5159=ORIENTED_EDGE('',*,*,#5158,.F.);
#5161=ORIENTED_EDGE('',*,*,#5160,.F.);
#5163=ORIENTED_EDGE('',*,*,#5162,.F.);
#5165=ORIENTED_EDGE('',*,*,#5164,.F.);
#5167=ORIENTED_EDGE('',*,*,#5166,.F.);
#5168=EDGE_LOOP('',(#5154,#5156,#5157,#5159,#5161,#5163,#5165,#5167));
#5169=FACE_OUTER_BOUND('',#5168,.F.);
#5170=ADVANCED_FACE('',(#5169),#5152,.T.);
#5171=CARTESIAN_POINT('',(-6.E0,1.125E0,2.373525550527E0));
#5172=DIRECTION('',(1.E0,0.E0,0.E0));
#5173=DIRECTION('',(0.E0,0.E0,1.E0));
#5174=AXIS2_PLACEMENT_3D('',#5171,#5172,#5173);
#5175=PLANE('',#5174);
#5176=ORIENTED_EDGE('',*,*,#5153,.F.);
#5178=ORIENTED_EDGE('',*,*,#5177,.F.);
#5180=ORIENTED_EDGE('',*,*,#5179,.F.);
#5182=ORIENTED_EDGE('',*,*,#5181,.F.);
#5183=EDGE_LOOP('',(#5176,#5178,#5180,#5182));
#5184=FACE_OUTER_BOUND('',#5183,.F.);
#5185=ADVANCED_FACE('',(#5184),#5175,.F.);
#5186=CARTESIAN_POINT('',(-5.279853324526E0,1.125E0,3.561306035072E0));
#5187=DIRECTION('',(5.591929034708E-1,0.E0,8.290375725550E-1));
#5188=DIRECTION('',(-8.290375725550E-1,0.E0,5.591929034708E-1));
#5189=AXIS2_PLACEMENT_3D('',#5186,#5187,#5188);
#5190=PLANE('',#5189);
#5191=ORIENTED_EDGE('',*,*,#5177,.T.);
#5192=ORIENTED_EDGE('',*,*,#5166,.T.);
#5194=ORIENTED_EDGE('',*,*,#5193,.F.);
#5196=ORIENTED_EDGE('',*,*,#5195,.T.);
#5197=EDGE_LOOP('',(#5191,#5192,#5194,#5196));
#5198=FACE_OUTER_BOUND('',#5197,.F.);
#5199=ADVANCED_FACE('',(#5198),#5190,.T.);
#5200=CARTESIAN_POINT('',(0.E0,1.164895760360E0,0.E0));
#5201=DIRECTION('',(0.E0,-1.E0,0.E0));
#5202=DIRECTION('',(0.E0,0.E0,-1.E0));
#5203=AXIS2_PLACEMENT_3D('',#5200,#5201,#5202);
#5204=CYLINDRICAL_SURFACE('',#5203,5.5E0);
#5205=ORIENTED_EDGE('',*,*,#5164,.T.);
#5207=ORIENTED_EDGE('',*,*,#5206,.F.);
#5209=ORIENTED_EDGE('',*,*,#5208,.T.);
#5210=ORIENTED_EDGE('',*,*,#5193,.T.);
#5211=EDGE_LOOP('',(#5205,#5207,#5209,#5210));
#5212=FACE_OUTER_BOUND('',#5211,.F.);
#5213=ADVANCED_FACE('',(#5212),#5204,.F.);
#5214=CARTESIAN_POINT('',(-3.239486756057E0,1.125E0,-4.810955651938E0));
#5215=DIRECTION('',(8.660254037843E-1,0.E0,-5.000000000003E-1));
#5216=DIRECTION('',(5.000000000003E-1,0.E0,8.660254037843E-1));
#5217=AXIS2_PLACEMENT_3D('',#5214,#5215,#5216);
#5218=PLANE('',#5217);
#5220=ORIENTED_EDGE('',*,*,#5219,.F.);
#5222=ORIENTED_EDGE('',*,*,#5221,.T.);
#5223=ORIENTED_EDGE('',*,*,#5206,.T.);
#5224=ORIENTED_EDGE('',*,*,#5162,.T.);
#5225=EDGE_LOOP('',(#5220,#5222,#5223,#5224));
#5226=FACE_OUTER_BOUND('',#5225,.F.);
#5227=ADVANCED_FACE('',(#5226),#5218,.T.);
#5228=CARTESIAN_POINT('',(0.E0,1.164895760360E0,0.E0));
#5229=DIRECTION('',(0.E0,-1.E0,0.E0));
#5230=DIRECTION('',(0.E0,0.E0,-1.E0));
#5231=AXIS2_PLACEMENT_3D('',#5228,#5229,#5230);
#5232=CYLINDRICAL_SURFACE('',#5231,6.1E0);
#5233=ORIENTED_EDGE('',*,*,#5160,.T.);
#5235=ORIENTED_EDGE('',*,*,#5234,.F.);
#5237=ORIENTED_EDGE('',*,*,#5236,.T.);
#5238=ORIENTED_EDGE('',*,*,#5219,.T.);
#5239=EDGE_LOOP('',(#5233,#5235,#5237,#5238));
#5240=FACE_OUTER_BOUND('',#5239,.F.);
#5241=ADVANCED_FACE('',(#5240),#5232,.T.);
#5242=CARTESIAN_POINT('',(-3.952507973306E0,1.125E0,-4.447482720138E0));
#5243=DIRECTION('',(7.071067811865E-1,0.E0,-7.071067811865E-1));
#5244=DIRECTION('',(7.071067811865E-1,0.E0,7.071067811865E-1));
#5245=AXIS2_PLACEMENT_3D('',#5242,#5243,#5244);
#5246=PLANE('',#5245);
#5247=ORIENTED_EDGE('',*,*,#5158,.T.);
#5248=ORIENTED_EDGE('',*,*,#5143,.F.);
#5250=ORIENTED_EDGE('',*,*,#5249,.T.);
#5251=ORIENTED_EDGE('',*,*,#5234,.T.);
#5252=EDGE_LOOP('',(#5247,#5248,#5250,#5251));
#5253=FACE_OUTER_BOUND('',#5252,.F.);
#5254=ADVANCED_FACE('',(#5253),#5246,.F.);
#5255=CARTESIAN_POINT('',(-4.544563895947E0,1.1E0,-5.121669580935E-1));
#5256=DIRECTION('',(0.E0,1.E0,0.E0));
#5257=DIRECTION('',(0.E0,0.E0,-1.E0));
#5258=AXIS2_PLACEMENT_3D('',#5255,#5256,#5257);
#5259=PLANE('',#5258);
#5260=ORIENTED_EDGE('',*,*,#5179,.T.);
#5261=ORIENTED_EDGE('',*,*,#5195,.F.);
#5262=ORIENTED_EDGE('',*,*,#5208,.F.);
#5263=ORIENTED_EDGE('',*,*,#5221,.F.);
#5264=ORIENTED_EDGE('',*,*,#5236,.F.);
#5265=ORIENTED_EDGE('',*,*,#5249,.F.);
#5266=ORIENTED_EDGE('',*,*,#5141,.F.);
#5268=ORIENTED_EDGE('',*,*,#5267,.T.);
#5269=EDGE_LOOP('',(#5260,#5261,#5262,#5263,#5264,#5265,#5266,#5268));
#5270=FACE_OUTER_BOUND('',#5269,.F.);
#5271=ADVANCED_FACE('',(#5270),#5259,.F.);
#5272=CARTESIAN_POINT('',(-5.878801834097E0,1.125E0,7.E-1));
#5273=DIRECTION('',(0.E0,0.E0,1.E0));
#5274=DIRECTION('',(-1.E0,0.E0,0.E0));
#5275=AXIS2_PLACEMENT_3D('',#5272,#5273,#5274);
#5276=PLANE('',#5275);
#5277=ORIENTED_EDGE('',*,*,#5155,.T.);
#5278=ORIENTED_EDGE('',*,*,#5181,.T.);
#5279=ORIENTED_EDGE('',*,*,#5267,.F.);
#5280=ORIENTED_EDGE('',*,*,#5139,.F.);
#5281=EDGE_LOOP('',(#5277,#5278,#5279,#5280));
#5282=FACE_OUTER_BOUND('',#5281,.F.);
#5283=ADVANCED_FACE('',(#5282),#5276,.F.);
#5284=CLOSED_SHELL('',(#5147,#5170,#5185,#5199,#5213,#5227,#5241,#5254,#5271,
#5283));
#5285=MANIFOLD_SOLID_BREP('',#5284);
#5286=DIRECTION('',(-1.E0,0.E0,-8.232597104241E-14));
#5287=VECTOR('',#5286,5.879763489060E-1);
#5288=CARTESIAN_POINT('',(-5.412023651094E0,1.15E0,-3.6E0));
#5289=LINE('',#5288,#5287);
#5290=DIRECTION('',(0.E0,0.E0,1.E0));
#5291=VECTOR('',#5290,4.E-1);
#5292=CARTESIAN_POINT('',(-6.E0,1.15E0,-3.6E0));
#5293=LINE('',#5292,#5291);
#5294=DIRECTION('',(0.E0,1.E0,0.E0));
#5295=VECTOR('',#5294,5.E-2);
#5296=CARTESIAN_POINT('',(-6.E0,1.1E0,-3.6E0));
#5297=LINE('',#5296,#5295);
#5298=DIRECTION('',(1.E0,0.E0,1.645926508582E-13));
#5299=VECTOR('',#5298,8.067351309602E-1);
#5300=CARTESIAN_POINT('',(-6.E0,1.15E0,-3.2E0));
#5301=LINE('',#5300,#5299);
#5302=DIRECTION('',(0.E0,1.E0,0.E0));
#5303=VECTOR('',#5302,5.E-2);
#5304=CARTESIAN_POINT('',(-6.E0,1.1E0,-3.2E0));
#5305=LINE('',#5304,#5303);
#5306=CARTESIAN_POINT('',(0.E0,1.15E0,0.E0));
#5307=DIRECTION('',(0.E0,-1.E0,0.E0));
#5308=DIRECTION('',(-8.513548965639E-1,0.E0,-5.245901639344E-1));
#5309=AXIS2_PLACEMENT_3D('',#5306,#5307,#5308);
#5311=DIRECTION('',(1.421085471520E-12,1.E0,1.083577672034E-12));
#5312=VECTOR('',#5311,5.E-2);
#5313=CARTESIAN_POINT('',(-5.193264869040E0,1.1E0,-3.2E0));
#5314=LINE('',#5313,#5312);
#5315=DIRECTION('',(-7.071067811867E-1,0.E0,-7.071067811864E-1));
#5316=VECTOR('',#5315,4.006193441028E-1);
#5317=CARTESIAN_POINT('',(-4.553732837854E0,1.15E0,-4.058758091024E0));
#5318=LINE('',#5317,#5316);
#5319=DIRECTION('',(-3.375077994860E-13,1.E0,-2.842170943040E-13));
#5320=VECTOR('',#5319,5.E-2);
#5321=CARTESIAN_POINT('',(-4.553732837854E0,1.1E0,-4.058758091024E0));
#5322=LINE('',#5321,#5320);
#5323=CARTESIAN_POINT('',(0.E0,1.15E0,0.E0));
#5324=DIRECTION('',(0.E0,1.E0,0.E0));
#5325=DIRECTION('',(-7.441559219606E-1,0.E0,-6.680059609097E-1));
#5326=AXIS2_PLACEMENT_3D('',#5323,#5324,#5325);
#5328=DIRECTION('',(4.440892098501E-13,-1.E0,-7.105427357601E-13));
#5329=VECTOR('',#5328,5.E-2);
#5330=CARTESIAN_POINT('',(-5.412023651094E0,1.15E0,-3.6E0));
#5331=LINE('',#5330,#5329);
#5332=DIRECTION('',(6.572520305781E-13,1.E0,-3.375077994860E-13));
#5333=VECTOR('',#5332,5.E-2);
#5334=CARTESIAN_POINT('',(-4.837013492744E0,1.1E0,-4.342038745913E0));
#5335=LINE('',#5334,#5333);
#5336=DIRECTION('',(-1.E0,0.E0,-2.190324000211E-14));
#5337=VECTOR('',#5336,5.879763489060E-1);
#5338=CARTESIAN_POINT('',(-5.412023651094E0,1.1E0,-3.6E0));
#5339=LINE('',#5338,#5337);
#5340=DIRECTION('',(0.E0,0.E0,1.E0));
#5341=VECTOR('',#5340,4.E-1);
#5342=CARTESIAN_POINT('',(-6.E0,1.1E0,-3.6E0));
#5343=LINE('',#5342,#5341);
#5344=DIRECTION('',(1.E0,0.E0,9.853539967766E-14));
#5345=VECTOR('',#5344,8.067351309601E-1);
#5346=CARTESIAN_POINT('',(-6.E0,1.1E0,-3.2E0));
#5347=LINE('',#5346,#5345);
#5348=CARTESIAN_POINT('',(0.E0,1.1E0,0.E0));
#5349=DIRECTION('',(0.E0,-1.E0,0.E0));
#5350=DIRECTION('',(-8.513548965639E-1,0.E0,-5.245901639344E-1));
#5351=AXIS2_PLACEMENT_3D('',#5348,#5349,#5350);
#5353=DIRECTION('',(-7.071067811868E-1,0.E0,-7.071067811863E-1));
#5354=VECTOR('',#5353,4.006193441028E-1);
#5355=CARTESIAN_POINT('',(-4.553732837854E0,1.1E0,-4.058758091024E0));
#5356=LINE('',#5355,#5354);
#5357=CARTESIAN_POINT('',(0.E0,1.1E0,0.E0));
#5358=DIRECTION('',(0.E0,1.E0,0.E0));
#5359=DIRECTION('',(-7.441559219606E-1,0.E0,-6.680059609097E-1));
#5360=AXIS2_PLACEMENT_3D('',#5357,#5358,#5359);
#5362=CARTESIAN_POINT('',(-5.412023651094E0,1.15E0,-3.6E0));
#5363=CARTESIAN_POINT('',(-5.412023651094E0,1.1E0,-3.6E0));
#5364=VERTEX_POINT('',#5362);
#5365=VERTEX_POINT('',#5363);
#5366=CARTESIAN_POINT('',(-4.837013492744E0,1.1E0,-4.342038745913E0));
#5367=CARTESIAN_POINT('',(-4.837013492744E0,1.15E0,-4.342038745913E0));
#5368=VERTEX_POINT('',#5366);
#5369=VERTEX_POINT('',#5367);
#5370=CARTESIAN_POINT('',(-4.553732837854E0,1.1E0,-4.058758091024E0));
#5371=CARTESIAN_POINT('',(-4.553732837854E0,1.15E0,-4.058758091024E0));
#5372=VERTEX_POINT('',#5370);
#5373=VERTEX_POINT('',#5371);
#5374=CARTESIAN_POINT('',(-5.193264869040E0,1.1E0,-3.2E0));
#5375=CARTESIAN_POINT('',(-5.193264869040E0,1.15E0,-3.2E0));
#5376=VERTEX_POINT('',#5374);
#5377=VERTEX_POINT('',#5375);
#5378=CARTESIAN_POINT('',(-6.E0,1.1E0,-3.2E0));
#5379=CARTESIAN_POINT('',(-6.E0,1.15E0,-3.2E0));
#5380=VERTEX_POINT('',#5378);
#5381=VERTEX_POINT('',#5379);
#5382=CARTESIAN_POINT('',(-6.E0,1.1E0,-3.6E0));
#5383=CARTESIAN_POINT('',(-6.E0,1.15E0,-3.6E0));
#5384=VERTEX_POINT('',#5382);
#5385=VERTEX_POINT('',#5383);
#5386=CARTESIAN_POINT('',(-5.276866418927E0,1.15E0,-3.771019372956E0));
#5387=DIRECTION('',(0.E0,1.E0,0.E0));
#5388=DIRECTION('',(0.E0,0.E0,-1.E0));
#5389=AXIS2_PLACEMENT_3D('',#5386,#5387,#5388);
#5390=PLANE('',#5389);
#5392=ORIENTED_EDGE('',*,*,#5391,.F.);
#5394=ORIENTED_EDGE('',*,*,#5393,.F.);
#5396=ORIENTED_EDGE('',*,*,#5395,.F.);
#5398=ORIENTED_EDGE('',*,*,#5397,.F.);
#5400=ORIENTED_EDGE('',*,*,#5399,.F.);
#5402=ORIENTED_EDGE('',*,*,#5401,.F.);
#5403=EDGE_LOOP('',(#5392,#5394,#5396,#5398,#5400,#5402));
#5404=FACE_OUTER_BOUND('',#5403,.F.);
#5405=ADVANCED_FACE('',(#5404),#5390,.T.);
#5406=CARTESIAN_POINT('',(-5.706011825547E0,1.125E0,-3.6E0));
#5407=DIRECTION('',(0.E0,0.E0,1.E0));
#5408=DIRECTION('',(-1.E0,0.E0,0.E0));
#5409=AXIS2_PLACEMENT_3D('',#5406,#5407,#5408);
#5410=PLANE('',#5409);
#5411=ORIENTED_EDGE('',*,*,#5391,.T.);
#5413=ORIENTED_EDGE('',*,*,#5412,.F.);
#5415=ORIENTED_EDGE('',*,*,#5414,.F.);
#5417=ORIENTED_EDGE('',*,*,#5416,.F.);
#5418=EDGE_LOOP('',(#5411,#5413,#5415,#5417));
#5419=FACE_OUTER_BOUND('',#5418,.F.);
#5420=ADVANCED_FACE('',(#5419),#5410,.F.);
#5421=CARTESIAN_POINT('',(-6.E0,1.125E0,-3.4E0));
#5422=DIRECTION('',(1.E0,0.E0,0.E0));
#5423=DIRECTION('',(0.E0,0.E0,1.E0));
#5424=AXIS2_PLACEMENT_3D('',#5421,#5422,#5423);
#5425=PLANE('',#5424);
#5426=ORIENTED_EDGE('',*,*,#5401,.T.);
#5428=ORIENTED_EDGE('',*,*,#5427,.F.);
#5430=ORIENTED_EDGE('',*,*,#5429,.F.);
#5431=ORIENTED_EDGE('',*,*,#5412,.T.);
#5432=EDGE_LOOP('',(#5426,#5428,#5430,#5431));
#5433=FACE_OUTER_BOUND('',#5432,.F.);
#5434=ADVANCED_FACE('',(#5433),#5425,.F.);
#5435=CARTESIAN_POINT('',(-5.596632434520E0,1.125E0,-3.2E0));
#5436=DIRECTION('',(0.E0,0.E0,1.E0));
#5437=DIRECTION('',(1.E0,0.E0,0.E0));
#5438=AXIS2_PLACEMENT_3D('',#5435,#5436,#5437);
#5439=PLANE('',#5438);
#5440=ORIENTED_EDGE('',*,*,#5399,.T.);
#5442=ORIENTED_EDGE('',*,*,#5441,.F.);
#5444=ORIENTED_EDGE('',*,*,#5443,.F.);
#5445=ORIENTED_EDGE('',*,*,#5427,.T.);
#5446=EDGE_LOOP('',(#5440,#5442,#5444,#5445));
#5447=FACE_OUTER_BOUND('',#5446,.F.);
#5448=ADVANCED_FACE('',(#5447),#5439,.T.);
#5449=CARTESIAN_POINT('',(0.E0,1.164895760360E0,0.E0));
#5450=DIRECTION('',(0.E0,-1.E0,0.E0));
#5451=DIRECTION('',(0.E0,0.E0,-1.E0));
#5452=AXIS2_PLACEMENT_3D('',#5449,#5450,#5451);
#5453=CYLINDRICAL_SURFACE('',#5452,6.1E0);
#5454=ORIENTED_EDGE('',*,*,#5397,.T.);
#5456=ORIENTED_EDGE('',*,*,#5455,.F.);
#5458=ORIENTED_EDGE('',*,*,#5457,.F.);
#5459=ORIENTED_EDGE('',*,*,#5441,.T.);
#5460=EDGE_LOOP('',(#5454,#5456,#5458,#5459));
#5461=FACE_OUTER_BOUND('',#5460,.F.);
#5462=ADVANCED_FACE('',(#5461),#5453,.F.);
#5463=CARTESIAN_POINT('',(-4.695373165299E0,1.125E0,-4.200398418468E0));
#5464=DIRECTION('',(7.071067811877E-1,0.E0,-7.071067811854E-1));
#5465=DIRECTION('',(-7.071067811854E-1,0.E0,-7.071067811877E-1));
#5466=AXIS2_PLACEMENT_3D('',#5463,#5464,#5465);
#5467=PLANE('',#5466);
#5468=ORIENTED_EDGE('',*,*,#5395,.T.);
#5470=ORIENTED_EDGE('',*,*,#5469,.F.);
#5472=ORIENTED_EDGE('',*,*,#5471,.F.);
#5473=ORIENTED_EDGE('',*,*,#5455,.T.);
#5474=EDGE_LOOP('',(#5468,#5470,#5472,#5473));
#5475=FACE_OUTER_BOUND('',#5474,.F.);
#5476=ADVANCED_FACE('',(#5475),#5467,.T.);
#5477=CARTESIAN_POINT('',(0.E0,1.164895760360E0,0.E0));
#5478=DIRECTION('',(0.E0,-1.E0,0.E0));
#5479=DIRECTION('',(0.E0,0.E0,-1.E0));
#5480=AXIS2_PLACEMENT_3D('',#5477,#5478,#5479);
#5481=CYLINDRICAL_SURFACE('',#5480,6.5E0);
#5482=ORIENTED_EDGE('',*,*,#5393,.T.);
#5483=ORIENTED_EDGE('',*,*,#5416,.T.);
#5485=ORIENTED_EDGE('',*,*,#5484,.F.);
#5486=ORIENTED_EDGE('',*,*,#5469,.T.);
#5487=EDGE_LOOP('',(#5482,#5483,#5485,#5486));
#5488=FACE_OUTER_BOUND('',#5487,.F.);
#5489=ADVANCED_FACE('',(#5488),#5481,.T.);
#5490=CARTESIAN_POINT('',(-5.276866418927E0,1.1E0,-3.771019372956E0));
#5491=DIRECTION('',(0.E0,1.E0,0.E0));
#5492=DIRECTION('',(0.E0,0.E0,-1.E0));
#5493=AXIS2_PLACEMENT_3D('',#5490,#5491,#5492);
#5494=PLANE('',#5493);
#5495=ORIENTED_EDGE('',*,*,#5414,.T.);
#5496=ORIENTED_EDGE('',*,*,#5429,.T.);
#5497=ORIENTED_EDGE('',*,*,#5443,.T.);
#5498=ORIENTED_EDGE('',*,*,#5457,.T.);
#5499=ORIENTED_EDGE('',*,*,#5471,.T.);
#5500=ORIENTED_EDGE('',*,*,#5484,.T.);
#5501=EDGE_LOOP('',(#5495,#5496,#5497,#5498,#5499,#5500));
#5502=FACE_OUTER_BOUND('',#5501,.F.);
#5503=ADVANCED_FACE('',(#5502),#5494,.F.);
#5504=CLOSED_SHELL('',(#5405,#5420,#5434,#5448,#5462,#5476,#5489,#5503));
#5505=MANIFOLD_SOLID_BREP('',#5504);
#5506=CARTESIAN_POINT('',(0.E0,0.E0,0.E0));
#5507=DIRECTION('',(0.E0,1.E0,0.E0));
#5508=DIRECTION('',(-1.E0,0.E0,0.E0));
#5509=AXIS2_PLACEMENT_3D('',#5506,#5507,#5508);
#5511=CARTESIAN_POINT('',(0.E0,0.E0,0.E0));
#5512=DIRECTION('',(0.E0,1.E0,0.E0));
#5513=DIRECTION('',(1.E0,0.E0,0.E0));
#5514=AXIS2_PLACEMENT_3D('',#5511,#5512,#5513);
#5516=DIRECTION('',(0.E0,-1.E0,0.E0));
#5517=VECTOR('',#5516,1.E-1);
#5518=CARTESIAN_POINT('',(-3.5E0,0.E0,0.E0));
#5519=LINE('',#5518,#5517);
#5520=DIRECTION('',(0.E0,1.E0,0.E0));
#5521=VECTOR('',#5520,1.E-1);
#5522=CARTESIAN_POINT('',(3.5E0,-1.E-1,0.E0));
#5523=LINE('',#5522,#5521);
#5524=CARTESIAN_POINT('',(0.E0,-1.E-1,0.E0));
#5525=DIRECTION('',(0.E0,1.E0,0.E0));
#5526=DIRECTION('',(-1.E0,0.E0,0.E0));
#5527=AXIS2_PLACEMENT_3D('',#5524,#5525,#5526);
#5529=CARTESIAN_POINT('',(0.E0,-1.E-1,0.E0));
#5530=DIRECTION('',(0.E0,1.E0,0.E0));
#5531=DIRECTION('',(1.E0,0.E0,0.E0));
#5532=AXIS2_PLACEMENT_3D('',#5529,#5530,#5531);
#5534=CARTESIAN_POINT('',(3.5E0,-1.E-1,0.E0));
#5535=CARTESIAN_POINT('',(3.5E0,0.E0,0.E0));
#5536=VERTEX_POINT('',#5534);
#5537=VERTEX_POINT('',#5535);
#5538=CARTESIAN_POINT('',(-3.5E0,0.E0,0.E0));
#5539=CARTESIAN_POINT('',(-3.5E0,-1.E-1,0.E0));
#5540=VERTEX_POINT('',#5538);
#5541=VERTEX_POINT('',#5539);
#5542=CARTESIAN_POINT('',(0.E0,0.E0,0.E0));
#5543=DIRECTION('',(0.E0,1.E0,0.E0));
#5544=DIRECTION('',(-1.E0,0.E0,0.E0));
#5545=AXIS2_PLACEMENT_3D('',#5542,#5543,#5544);
#5546=PLANE('',#5545);
#5548=ORIENTED_EDGE('',*,*,#5547,.F.);
#5550=ORIENTED_EDGE('',*,*,#5549,.F.);
#5551=EDGE_LOOP('',(#5548,#5550));
#5552=FACE_OUTER_BOUND('',#5551,.F.);
#5553=ADVANCED_FACE('',(#5552),#5546,.T.);
#5554=CARTESIAN_POINT('',(0.E0,-1.1188E-1,0.E0));
#5555=DIRECTION('',(0.E0,1.E0,0.E0));
#5556=DIRECTION('',(-1.E0,0.E0,0.E0));
#5557=AXIS2_PLACEMENT_3D('',#5554,#5555,#5556);
#5558=CYLINDRICAL_SURFACE('',#5557,3.5E0);
#5559=ORIENTED_EDGE('',*,*,#5547,.T.);
#5561=ORIENTED_EDGE('',*,*,#5560,.F.);
#5563=ORIENTED_EDGE('',*,*,#5562,.F.);
#5565=ORIENTED_EDGE('',*,*,#5564,.F.);
#5566=EDGE_LOOP('',(#5559,#5561,#5563,#5565));
#5567=FACE_OUTER_BOUND('',#5566,.F.);
#5568=ADVANCED_FACE('',(#5567),#5558,.T.);
#5569=CARTESIAN_POINT('',(0.E0,-1.1188E-1,0.E0));
#5570=DIRECTION('',(0.E0,1.E0,0.E0));
#5571=DIRECTION('',(1.E0,0.E0,0.E0));
#5572=AXIS2_PLACEMENT_3D('',#5569,#5570,#5571);
#5573=CYLINDRICAL_SURFACE('',#5572,3.5E0);
#5574=ORIENTED_EDGE('',*,*,#5549,.T.);
#5575=ORIENTED_EDGE('',*,*,#5564,.T.);
#5577=ORIENTED_EDGE('',*,*,#5576,.F.);
#5578=ORIENTED_EDGE('',*,*,#5560,.T.);
#5579=EDGE_LOOP('',(#5574,#5575,#5577,#5578));
#5580=FACE_OUTER_BOUND('',#5579,.F.);
#5581=ADVANCED_FACE('',(#5580),#5573,.T.);
#5582=CARTESIAN_POINT('',(0.E0,-1.E-1,0.E0));
#5583=DIRECTION('',(0.E0,1.E0,0.E0));
#5584=DIRECTION('',(-1.E0,0.E0,0.E0));
#5585=AXIS2_PLACEMENT_3D('',#5582,#5583,#5584);
#5586=PLANE('',#5585);
#5587=ORIENTED_EDGE('',*,*,#5562,.T.);
#5588=ORIENTED_EDGE('',*,*,#5576,.T.);
#5589=EDGE_LOOP('',(#5587,#5588));
#5590=FACE_OUTER_BOUND('',#5589,.F.);
#5591=ADVANCED_FACE('',(#5590),#5586,.F.);
#5592=CLOSED_SHELL('',(#5553,#5568,#5581,#5591));
#5593=MANIFOLD_SOLID_BREP('',#5592);
#5594=DIRECTION('',(0.E0,1.723803317523E-1,9.850304671557E-1));
#5595=VECTOR('',#5594,2.030394050425E0);
#5596=CARTESIAN_POINT('',(0.E0,3.85E0,-5.899147630836E0));
#5597=LINE('',#5596,#5595);
#5598=CARTESIAN_POINT('',(0.E0,4.2E0,1.008523691639E-1));
#5599=DIRECTION('',(0.E0,1.E0,0.E0));
#5600=DIRECTION('',(0.E0,0.E0,-1.E0));
#5601=AXIS2_PLACEMENT_3D('',#5598,#5599,#5600);
#5603=DIRECTION('',(0.E0,-1.723803317523E-1,9.850304671557E-1));
#5604=VECTOR('',#5603,2.030394050425E0);
#5605=CARTESIAN_POINT('',(0.E0,4.2E0,4.100852369164E0));
#5606=LINE('',#5605,#5604);
#5607=CARTESIAN_POINT('',(0.E0,3.85E0,1.008523691639E-1));
#5608=DIRECTION('',(0.E0,-1.E0,0.E0));
#5609=DIRECTION('',(0.E0,0.E0,1.E0));
#5610=AXIS2_PLACEMENT_3D('',#5607,#5608,#5609);
#5612=CARTESIAN_POINT('',(0.E0,3.85E0,1.008523691639E-1));
#5613=DIRECTION('',(0.E0,-1.E0,0.E0));
#5614=DIRECTION('',(0.E0,0.E0,-1.E0));
#5615=AXIS2_PLACEMENT_3D('',#5612,#5613,#5614);
#5617=CARTESIAN_POINT('',(0.E0,4.2E0,1.008523691639E-1));
#5618=DIRECTION('',(0.E0,1.E0,0.E0));
#5619=DIRECTION('',(0.E0,0.E0,1.E0));
#5620=AXIS2_PLACEMENT_3D('',#5617,#5618,#5619);
#5622=DIRECTION('',(-1.E0,0.E0,3.956325292315E-13));
#5623=VECTOR('',#5622,3.457235351691E-1);
#5624=CARTESIAN_POINT('',(-6.812488532100E0,3.85E0,-3.899147630836E0));
#5625=LINE('',#5624,#5623);
#5626=CARTESIAN_POINT('',(0.E0,3.85E0,1.008523691639E-1));
#5627=DIRECTION('',(0.E0,-1.E0,0.E0));
#5628=DIRECTION('',(-8.729526911304E-1,0.E0,-4.878048780488E-1));
#5629=AXIS2_PLACEMENT_3D('',#5626,#5627,#5628);
#5631=DIRECTION('',(1.E0,0.E0,7.707127192821E-14));
#5632=VECTOR('',#5631,3.457235351692E-1);
#5633=CARTESIAN_POINT('',(-7.158212067269E0,3.85E0,4.100852369164E0));
#5634=LINE('',#5633,#5632);
#5635=CARTESIAN_POINT('',(0.E0,3.85E0,1.008523691639E-1));
#5636=DIRECTION('',(0.E0,-1.E0,0.E0));
#5637=DIRECTION('',(-8.623403205190E-1,0.E0,5.063291139241E-1));
#5638=AXIS2_PLACEMENT_3D('',#5635,#5636,#5637);
#5640=DIRECTION('',(-1.243449787580E-12,-1.E0,1.451061493185E-12));
#5641=VECTOR('',#5640,4.E-1);
#5642=CARTESIAN_POINT('',(-6.812488532100E0,3.85E0,-3.899147630836E0));
#5643=LINE('',#5642,#5641);
#5644=DIRECTION('',(1.E0,0.E0,-1.077983924550E-11));
#5645=VECTOR('',#5644,5.804554988516E-2);
#5646=CARTESIAN_POINT('',(-6.812488532101E0,3.45E0,-3.899147630835E0));
#5647=LINE('',#5646,#5645);
#5648=DIRECTION('',(8.363680118843E-14,-1.E0,-1.487698852998E-13));
#5649=VECTOR('',#5648,1.2E0);
#5650=CARTESIAN_POINT('',(-7.158212067269E0,3.85E0,-3.899147630836E0));
#5651=LINE('',#5650,#5649);
#5652=DIRECTION('',(1.E0,0.E0,-1.407819988328E-13));
#5653=VECTOR('',#5652,4.037690850540E-1);
#5654=CARTESIAN_POINT('',(-7.158212067269E0,2.65E0,-3.899147630836E0));
#5655=LINE('',#5654,#5653);
#5656=CARTESIAN_POINT('',(0.E0,2.65E0,1.008523691639E-1));
#5657=DIRECTION('',(0.E0,1.E0,0.E0));
#5658=DIRECTION('',(-8.729526911304E-1,0.E0,4.878048780488E-1));
#5659=AXIS2_PLACEMENT_3D('',#5656,#5657,#5658);
#5661=CARTESIAN_POINT('',(0.E0,3.45E0,1.008523691639E-1));
#5662=DIRECTION('',(0.E0,-1.E0,0.E0));
#5663=DIRECTION('',(-8.604385964606E-1,0.E0,-5.095541401274E-1));
#5664=AXIS2_PLACEMENT_3D('',#5661,#5662,#5663);
#5666=CARTESIAN_POINT('',(0.E0,2.65E0,1.008523691639E-1));
#5667=DIRECTION('',(0.E0,1.E0,0.E0));
#5668=DIRECTION('',(-8.604385964606E-1,0.E0,5.095541401274E-1));
#5669=AXIS2_PLACEMENT_3D('',#5666,#5667,#5668);
#5671=DIRECTION('',(-3.785860513972E-13,1.E0,6.605826996520E-14));
#5672=VECTOR('',#5671,8.E-1);
#5673=CARTESIAN_POINT('',(-6.754442982215E0,2.65E0,-3.899147630836E0));
#5674=LINE('',#5673,#5672);
#5675=CARTESIAN_POINT('',(0.E0,3.45E0,1.008523691639E-1));
#5676=DIRECTION('',(0.E0,-1.E0,0.E0));
#5677=DIRECTION('',(0.E0,0.E0,1.E0));
#5678=AXIS2_PLACEMENT_3D('',#5675,#5676,#5677);
#5680=CARTESIAN_POINT('',(0.E0,3.45E0,1.008523691639E-1));
#5681=DIRECTION('',(0.E0,-1.E0,0.E0));
#5682=DIRECTION('',(0.E0,0.E0,-1.E0));
#5683=AXIS2_PLACEMENT_3D('',#5680,#5681,#5682);
#5685=CARTESIAN_POINT('',(0.E0,3.45E0,1.008523691639E-1));
#5686=DIRECTION('',(0.E0,-1.E0,0.E0));
#5687=DIRECTION('',(-8.623403205190E-1,0.E0,5.063291139241E-1));
#5688=AXIS2_PLACEMENT_3D('',#5685,#5686,#5687);
#5690=DIRECTION('',(-1.E0,0.E0,1.820867097544E-12));
#5691=VECTOR('',#5690,5.804554988494E-2);
#5692=CARTESIAN_POINT('',(-6.754442982215E0,3.45E0,4.100852369164E0));
#5693=LINE('',#5692,#5691);
#5694=DIRECTION('',(8.215650382226E-14,1.E0,-2.398081733190E-13));
#5695=VECTOR('',#5694,4.E-1);
#5696=CARTESIAN_POINT('',(-6.812488532100E0,3.45E0,4.100852369164E0));
#5697=LINE('',#5696,#5695);
#5698=DIRECTION('',(-1.406282497859E-14,-1.E0,-1.805962786724E-13));
#5699=VECTOR('',#5698,1.2E0);
#5700=CARTESIAN_POINT('',(-7.158212067269E0,3.85E0,4.100852369164E0));
#5701=LINE('',#5700,#5699);
#5702=DIRECTION('',(1.E0,0.E0,5.499296829410E-13));
#5703=VECTOR('',#5702,4.037690850538E-1);
#5704=CARTESIAN_POINT('',(-7.158212067269E0,2.65E0,4.100852369164E0));
#5705=LINE('',#5704,#5703);
#5706=DIRECTION('',(3.030908857227E-13,1.E0,1.443289932013E-14));
#5707=VECTOR('',#5706,8.E-1);
#5708=CARTESIAN_POINT('',(-6.754442982215E0,2.65E0,4.100852369164E0));
#5709=LINE('',#5708,#5707);
#5710=CARTESIAN_POINT('',(0.E0,3.9E0,1.008523691639E-1));
#5711=DIRECTION('',(0.E0,-1.E0,0.E0));
#5712=DIRECTION('',(0.E0,0.E0,1.E0));
#5713=AXIS2_PLACEMENT_3D('',#5710,#5711,#5712);
#5715=DIRECTION('',(0.E0,2.195121951220E-1,9.756097560976E-1));
#5716=VECTOR('',#5715,2.05E0);
#5717=CARTESIAN_POINT('',(0.E0,3.45E0,-5.899147630836E0));
#5718=LINE('',#5717,#5716);
#5719=CARTESIAN_POINT('',(0.E0,3.9E0,1.008523691639E-1));
#5720=DIRECTION('',(0.E0,-1.E0,0.E0));
#5721=DIRECTION('',(0.E0,0.E0,-1.E0));
#5722=AXIS2_PLACEMENT_3D('',#5719,#5720,#5721);
#5724=DIRECTION('',(0.E0,-2.195121951220E-1,9.756097560976E-1));
#5725=VECTOR('',#5724,2.05E0);
#5726=CARTESIAN_POINT('',(0.E0,3.9E0,4.100852369164E0));
#5727=LINE('',#5726,#5725);
#5728=DIRECTION('',(0.E0,-1.E0,0.E0));
#5729=VECTOR('',#5728,3.E-1);
#5730=CARTESIAN_POINT('',(0.E0,4.2E0,-3.899147630836E0));
#5731=LINE('',#5730,#5729);
#5732=DIRECTION('',(0.E0,1.E0,0.E0));
#5733=VECTOR('',#5732,3.E-1);
#5734=CARTESIAN_POINT('',(0.E0,3.9E0,4.100852369164E0));
#5735=LINE('',#5734,#5733);
#5736=CARTESIAN_POINT('',(-7.158212067269E0,2.65E0,4.100852369164E0));
#5737=CARTESIAN_POINT('',(-7.158212067269E0,2.65E0,-3.899147630836E0));
#5738=VERTEX_POINT('',#5736);
#5739=VERTEX_POINT('',#5737);
#5740=CARTESIAN_POINT('',(-7.158212067269E0,3.85E0,-3.899147630836E0));
#5741=CARTESIAN_POINT('',(-7.158212067269E0,3.85E0,4.100852369164E0));
#5742=VERTEX_POINT('',#5740);
#5743=VERTEX_POINT('',#5741);
#5744=CARTESIAN_POINT('',(-6.754442982215E0,2.65E0,-3.899147630836E0));
#5745=CARTESIAN_POINT('',(-6.754442982215E0,3.45E0,-3.899147630836E0));
#5746=VERTEX_POINT('',#5744);
#5747=VERTEX_POINT('',#5745);
#5748=CARTESIAN_POINT('',(-6.754442982215E0,2.65E0,4.100852369164E0));
#5749=VERTEX_POINT('',#5748);
#5750=CARTESIAN_POINT('',(0.E0,3.85E0,6.100852369164E0));
#5751=CARTESIAN_POINT('',(0.E0,3.85E0,-5.899147630836E0));
#5752=VERTEX_POINT('',#5750);
#5753=VERTEX_POINT('',#5751);
#5754=CARTESIAN_POINT('',(0.E0,3.45E0,6.100852369164E0));
#5755=CARTESIAN_POINT('',(0.E0,3.45E0,-5.899147630836E0));
#5756=VERTEX_POINT('',#5754);
#5757=VERTEX_POINT('',#5755);
#5758=CARTESIAN_POINT('',(0.E0,3.9E0,4.100852369164E0));
#5759=CARTESIAN_POINT('',(0.E0,3.9E0,-3.899147630836E0));
#5760=VERTEX_POINT('',#5758);
#5761=VERTEX_POINT('',#5759);
#5762=CARTESIAN_POINT('',(0.E0,4.2E0,-3.899147630836E0));
#5763=CARTESIAN_POINT('',(0.E0,4.2E0,4.100852369164E0));
#5764=VERTEX_POINT('',#5762);
#5765=VERTEX_POINT('',#5763);
#5766=CARTESIAN_POINT('',(-6.812488532100E0,3.45E0,4.100852369164E0));
#5767=CARTESIAN_POINT('',(-6.812488532100E0,3.85E0,4.100852369164E0));
#5768=VERTEX_POINT('',#5766);
#5769=VERTEX_POINT('',#5767);
#5770=CARTESIAN_POINT('',(-6.812488532100E0,3.85E0,-3.899147630836E0));
#5771=CARTESIAN_POINT('',(-6.812488532101E0,3.45E0,-3.899147630835E0));
#5772=VERTEX_POINT('',#5770);
#5773=VERTEX_POINT('',#5771);
#5774=CARTESIAN_POINT('',(-6.754442982215E0,3.45E0,4.100852369164E0));
#5775=VERTEX_POINT('',#5774);
#5776=CARTESIAN_POINT('',(0.E0,4.025E0,1.008523691639E-1));
#5777=DIRECTION('',(0.E0,-1.E0,0.E0));
#5778=DIRECTION('',(0.E0,0.E0,1.E0));
#5779=AXIS2_PLACEMENT_3D('',#5776,#5777,#5778);
#5780=CONICAL_SURFACE('',#5779,5.E0,8.007375449335E1);
#5782=ORIENTED_EDGE('',*,*,#5781,.T.);
#5784=ORIENTED_EDGE('',*,*,#5783,.T.);
#5786=ORIENTED_EDGE('',*,*,#5785,.T.);
#5788=ORIENTED_EDGE('',*,*,#5787,.T.);
#5789=EDGE_LOOP('',(#5782,#5784,#5786,#5788));
#5790=FACE_OUTER_BOUND('',#5789,.F.);
#5791=ADVANCED_FACE('',(#5790),#5780,.T.);
#5792=CARTESIAN_POINT('',(0.E0,4.025E0,1.008523691639E-1));
#5793=DIRECTION('',(0.E0,-1.E0,0.E0));
#5794=DIRECTION('',(0.E0,0.E0,1.E0));
#5795=AXIS2_PLACEMENT_3D('',#5792,#5793,#5794);
#5796=CONICAL_SURFACE('',#5795,5.E0,8.007375449335E1);
#5797=ORIENTED_EDGE('',*,*,#5781,.F.);
#5799=ORIENTED_EDGE('',*,*,#5798,.T.);
#5800=ORIENTED_EDGE('',*,*,#5785,.F.);
#5802=ORIENTED_EDGE('',*,*,#5801,.T.);
#5803=EDGE_LOOP('',(#5797,#5799,#5800,#5802));
#5804=FACE_OUTER_BOUND('',#5803,.F.);
#5805=ADVANCED_FACE('',(#5804),#5796,.T.);
#5806=CARTESIAN_POINT('',(1.500000000001E-1,3.85E0,1.008523692251E-1));
#5807=DIRECTION('',(0.E0,1.E0,0.E0));
#5808=DIRECTION('',(0.E0,0.E0,1.E0));
#5809=AXIS2_PLACEMENT_3D('',#5806,#5807,#5808);
#5810=PLANE('',#5809);
#5812=ORIENTED_EDGE('',*,*,#5811,.T.);
#5814=ORIENTED_EDGE('',*,*,#5813,.T.);
#5816=ORIENTED_EDGE('',*,*,#5815,.T.);
#5818=ORIENTED_EDGE('',*,*,#5817,.T.);
#5819=EDGE_LOOP('',(#5812,#5814,#5816,#5818));
#5820=FACE_OUTER_BOUND('',#5819,.F.);
#5821=ORIENTED_EDGE('',*,*,#5798,.F.);
#5822=ORIENTED_EDGE('',*,*,#5787,.F.);
#5823=EDGE_LOOP('',(#5821,#5822));
#5824=FACE_BOUND('',#5823,.F.);
#5825=ADVANCED_FACE('',(#5820,#5824),#5810,.T.);
#5826=CARTESIAN_POINT('',(-6.956327524742E0,3.25E0,-3.899147630836E0));
#5827=DIRECTION('',(0.E0,0.E0,1.E0));
#5828=DIRECTION('',(1.E0,0.E0,0.E0));
#5829=AXIS2_PLACEMENT_3D('',#5826,#5827,#5828);
#5830=PLANE('',#5829);
#5832=ORIENTED_EDGE('',*,*,#5831,.F.);
#5833=ORIENTED_EDGE('',*,*,#5811,.F.);
#5835=ORIENTED_EDGE('',*,*,#5834,.T.);
#5837=ORIENTED_EDGE('',*,*,#5836,.T.);
#5839=ORIENTED_EDGE('',*,*,#5838,.F.);
#5841=ORIENTED_EDGE('',*,*,#5840,.F.);
#5842=EDGE_LOOP('',(#5832,#5833,#5835,#5837,#5839,#5841));
#5843=FACE_OUTER_BOUND('',#5842,.F.);
#5844=ADVANCED_FACE('',(#5843),#5830,.T.);
#5845=CARTESIAN_POINT('',(0.E0,3.877897972983E0,1.008523691639E-1));
#5846=DIRECTION('',(0.E0,-1.E0,0.E0));
#5847=DIRECTION('',(0.E0,0.E0,1.E0));
#5848=AXIS2_PLACEMENT_3D('',#5845,#5846,#5847);
#5849=CYLINDRICAL_SURFACE('',#5848,8.2E0);
#5851=ORIENTED_EDGE('',*,*,#5850,.F.);
#5853=ORIENTED_EDGE('',*,*,#5852,.F.);
#5854=ORIENTED_EDGE('',*,*,#5813,.F.);
#5855=ORIENTED_EDGE('',*,*,#5831,.T.);
#5856=EDGE_LOOP('',(#5851,#5853,#5854,#5855));
#5857=FACE_OUTER_BOUND('',#5856,.F.);
#5858=ADVANCED_FACE('',(#5857),#5849,.T.);
#5859=CARTESIAN_POINT('',(5.208939663653E-1,2.65E0,1.008523691026E-1));
#5860=DIRECTION('',(0.E0,1.E0,0.E0));
#5861=DIRECTION('',(0.E0,0.E0,1.E0));
#5862=AXIS2_PLACEMENT_3D('',#5859,#5860,#5861);
#5863=PLANE('',#5862);
#5864=ORIENTED_EDGE('',*,*,#5840,.T.);
#5866=ORIENTED_EDGE('',*,*,#5865,.F.);
#5868=ORIENTED_EDGE('',*,*,#5867,.F.);
#5869=ORIENTED_EDGE('',*,*,#5850,.T.);
#5870=EDGE_LOOP('',(#5864,#5866,#5868,#5869));
#5871=FACE_OUTER_BOUND('',#5870,.F.);
#5872=ADVANCED_FACE('',(#5871),#5863,.F.);
#5873=CARTESIAN_POINT('',(0.E0,3.477897972983E0,1.008523691639E-1));
#5874=DIRECTION('',(0.E0,-1.E0,0.E0));
#5875=DIRECTION('',(0.E0,0.E0,1.E0));
#5876=AXIS2_PLACEMENT_3D('',#5873,#5874,#5875);
#5877=CYLINDRICAL_SURFACE('',#5876,7.85E0);
#5879=ORIENTED_EDGE('',*,*,#5878,.T.);
#5881=ORIENTED_EDGE('',*,*,#5880,.F.);
#5882=ORIENTED_EDGE('',*,*,#5865,.T.);
#5883=ORIENTED_EDGE('',*,*,#5838,.T.);
#5884=EDGE_LOOP('',(#5879,#5881,#5882,#5883));
#5885=FACE_OUTER_BOUND('',#5884,.F.);
#5886=ADVANCED_FACE('',(#5885),#5877,.F.);
#5887=CARTESIAN_POINT('',(-2.385805135556E-2,3.45E0,1.008523671163E-1));
#5888=DIRECTION('',(0.E0,1.E0,0.E0));
#5889=DIRECTION('',(0.E0,0.E0,1.E0));
#5890=AXIS2_PLACEMENT_3D('',#5887,#5888,#5889);
#5891=PLANE('',#5890);
#5893=ORIENTED_EDGE('',*,*,#5892,.F.);
#5895=ORIENTED_EDGE('',*,*,#5894,.F.);
#5896=ORIENTED_EDGE('',*,*,#5878,.F.);
#5897=ORIENTED_EDGE('',*,*,#5836,.F.);
#5898=EDGE_LOOP('',(#5893,#5895,#5896,#5897));
#5899=FACE_OUTER_BOUND('',#5898,.F.);
#5901=ORIENTED_EDGE('',*,*,#5900,.T.);
#5903=ORIENTED_EDGE('',*,*,#5902,.T.);
#5904=EDGE_LOOP('',(#5901,#5903));
#5905=FACE_BOUND('',#5904,.F.);
#5906=ADVANCED_FACE('',(#5899,#5905),#5891,.F.);
#5907=CARTESIAN_POINT('',(0.E0,3.877897972983E0,1.008523691639E-1));
#5908=DIRECTION('',(0.E0,-1.E0,0.E0));
#5909=DIRECTION('',(0.E0,0.E0,-1.E0));
#5910=AXIS2_PLACEMENT_3D('',#5907,#5908,#5909);
#5911=CYLINDRICAL_SURFACE('',#5910,7.9E0);
#5912=ORIENTED_EDGE('',*,*,#5892,.T.);
#5913=ORIENTED_EDGE('',*,*,#5834,.F.);
#5914=ORIENTED_EDGE('',*,*,#5817,.F.);
#5916=ORIENTED_EDGE('',*,*,#5915,.F.);
#5917=EDGE_LOOP('',(#5912,#5913,#5914,#5916));
#5918=FACE_OUTER_BOUND('',#5917,.F.);
#5919=ADVANCED_FACE('',(#5918),#5911,.T.);
#5920=CARTESIAN_POINT('',(-6.956327524742E0,3.25E0,4.100852369164E0));
#5921=DIRECTION('',(0.E0,0.E0,1.E0));
#5922=DIRECTION('',(-1.E0,0.E0,0.E0));
#5923=AXIS2_PLACEMENT_3D('',#5920,#5921,#5922);
#5924=PLANE('',#5923);
#5925=ORIENTED_EDGE('',*,*,#5894,.T.);
#5926=ORIENTED_EDGE('',*,*,#5915,.T.);
#5927=ORIENTED_EDGE('',*,*,#5815,.F.);
#5928=ORIENTED_EDGE('',*,*,#5852,.T.);
#5929=ORIENTED_EDGE('',*,*,#5867,.T.);
#5930=ORIENTED_EDGE('',*,*,#5880,.T.);
#5931=EDGE_LOOP('',(#5925,#5926,#5927,#5928,#5929,#5930));
#5932=FACE_OUTER_BOUND('',#5931,.F.);
#5933=ADVANCED_FACE('',(#5932),#5924,.F.);
#5934=CARTESIAN_POINT('',(0.E0,3.675E0,1.008523691639E-1));
#5935=DIRECTION('',(0.E0,-1.E0,0.E0));
#5936=DIRECTION('',(0.E0,0.E0,1.E0));
#5937=AXIS2_PLACEMENT_3D('',#5934,#5935,#5936);
#5938=CONICAL_SURFACE('',#5937,5.E0,7.731961650818E1);
#5940=ORIENTED_EDGE('',*,*,#5939,.F.);
#5941=ORIENTED_EDGE('',*,*,#5900,.F.);
#5943=ORIENTED_EDGE('',*,*,#5942,.F.);
#5945=ORIENTED_EDGE('',*,*,#5944,.T.);
#5946=EDGE_LOOP('',(#5940,#5941,#5943,#5945));
#5947=FACE_OUTER_BOUND('',#5946,.F.);
#5948=ADVANCED_FACE('',(#5947),#5938,.F.);
#5949=CARTESIAN_POINT('',(0.E0,3.675E0,1.008523691639E-1));
#5950=DIRECTION('',(0.E0,-1.E0,0.E0));
#5951=DIRECTION('',(0.E0,0.E0,1.E0));
#5952=AXIS2_PLACEMENT_3D('',#5949,#5950,#5951);
#5953=CONICAL_SURFACE('',#5952,5.E0,7.731961650818E1);
#5954=ORIENTED_EDGE('',*,*,#5939,.T.);
#5956=ORIENTED_EDGE('',*,*,#5955,.T.);
#5957=ORIENTED_EDGE('',*,*,#5942,.T.);
#5958=ORIENTED_EDGE('',*,*,#5902,.F.);
#5959=EDGE_LOOP('',(#5954,#5956,#5957,#5958));
#5960=FACE_OUTER_BOUND('',#5959,.F.);
#5961=ADVANCED_FACE('',(#5960),#5953,.F.);
#5962=CARTESIAN_POINT('',(0.E0,4.227897972983E0,1.008523691639E-1));
#5963=DIRECTION('',(0.E0,-1.E0,0.E0));
#5964=DIRECTION('',(0.E0,0.E0,1.E0));
#5965=AXIS2_PLACEMENT_3D('',#5962,#5963,#5964);
#5966=CYLINDRICAL_SURFACE('',#5965,4.E0);
#5968=ORIENTED_EDGE('',*,*,#5967,.F.);
#5969=ORIENTED_EDGE('',*,*,#5801,.F.);
#5971=ORIENTED_EDGE('',*,*,#5970,.F.);
#5972=ORIENTED_EDGE('',*,*,#5955,.F.);
#5973=EDGE_LOOP('',(#5968,#5969,#5971,#5972));
#5974=FACE_OUTER_BOUND('',#5973,.F.);
#5975=ADVANCED_FACE('',(#5974),#5966,.F.);
#5976=CARTESIAN_POINT('',(0.E0,4.227897972983E0,1.008523691639E-1));
#5977=DIRECTION('',(0.E0,-1.E0,0.E0));
#5978=DIRECTION('',(0.E0,0.E0,1.E0));
#5979=AXIS2_PLACEMENT_3D('',#5976,#5977,#5978);
#5980=CYLINDRICAL_SURFACE('',#5979,4.E0);
#5981=ORIENTED_EDGE('',*,*,#5967,.T.);
#5982=ORIENTED_EDGE('',*,*,#5944,.F.);
#5983=ORIENTED_EDGE('',*,*,#5970,.T.);
#5984=ORIENTED_EDGE('',*,*,#5783,.F.);
#5985=EDGE_LOOP('',(#5981,#5982,#5983,#5984));
#5986=FACE_OUTER_BOUND('',#5985,.F.);
#5987=ADVANCED_FACE('',(#5986),#5980,.F.);
#5988=CLOSED_SHELL('',(#5791,#5805,#5825,#5844,#5858,#5872,#5886,#5906,#5919,
#5933,#5948,#5961,#5975,#5987));
#5989=MANIFOLD_SOLID_BREP('',#5988);
#5990=(LENGTH_UNIT()NAMED_UNIT(*)SI_UNIT(.MILLI.,.METRE.));
#5991=DIMENSIONAL_EXPONENTS(0.E0,0.E0,0.E0,0.E0,0.E0,0.E0,0.E0);
#5992=(NAMED_UNIT(*)PLANE_ANGLE_UNIT()SI_UNIT($,.RADIAN.));
#5993=PLANE_ANGLE_MEASURE_WITH_UNIT(PLANE_ANGLE_MEASURE(1.745329251994E-2),
#5992);
#5994=(CONVERSION_BASED_UNIT('DEGREE',#5993)NAMED_UNIT(#5991)PLANE_ANGLE_UNIT(
));
#5995=(NAMED_UNIT(*)SI_UNIT($,.STERADIAN.)SOLID_ANGLE_UNIT());
#5996=UNCERTAINTY_MEASURE_WITH_UNIT(LENGTH_MEASURE(9.915443646918E-4),#5990,
'closure',
'Maximum model space distance between geometric entities at asserted connectivities');
#5997=(GEOMETRIC_REPRESENTATION_CONTEXT(3)GLOBAL_UNCERTAINTY_ASSIGNED_CONTEXT((
#5996))GLOBAL_UNIT_ASSIGNED_CONTEXT((#5990,#5994,#5995))REPRESENTATION_CONTEXT(
'ID1','3'));
#5999=APPLICATION_CONTEXT(
'CONFIGURATION CONTROLLED 3D DESIGNS OF MECHANICAL PARTS AND ASSEMBLIES');
#6000=APPLICATION_PROTOCOL_DEFINITION('international standard',
'config_control_design',1994,#5999);
#6001=DESIGN_CONTEXT('',#5999,'design');
#6002=MECHANICAL_CONTEXT('',#5999,'mechanical');
#6003=PRODUCT('SPEAKER-AAC_PRT','SPEAKER-AAC_PRT','NOT SPECIFIED',(#6002));
#6004=PRODUCT_DEFINITION_FORMATION_WITH_SPECIFIED_SOURCE('1','LAST_VERSION',
#6003,.MADE.);
#6008=PRODUCT_CATEGORY('part','');
#6009=PRODUCT_RELATED_PRODUCT_CATEGORY('detail','',(#6003));
#6010=PRODUCT_CATEGORY_RELATIONSHIP('','',#6008,#6009);
#6011=SECURITY_CLASSIFICATION_LEVEL('unclassified');
#6012=SECURITY_CLASSIFICATION('','',#6011);
#6013=CC_DESIGN_SECURITY_CLASSIFICATION(#6012,(#6004));
#6014=APPROVAL_STATUS('approved');
#6015=APPROVAL(#6014,'');
#6016=CC_DESIGN_APPROVAL(#6015,(#6012,#6004,#6005));
#6017=CALENDAR_DATE(108,30,6);
#6018=COORDINATED_UNIVERSAL_TIME_OFFSET(3,0,.BEHIND.);
#6019=LOCAL_TIME(11,3,4.E1,#6018);
#6020=DATE_AND_TIME(#6017,#6019);
#6021=APPROVAL_DATE_TIME(#6020,#6015);
#6022=DATE_TIME_ROLE('creation_date');
#6023=CC_DESIGN_DATE_AND_TIME_ASSIGNMENT(#6020,#6022,(#6005));
#6024=DATE_TIME_ROLE('classification_date');
#6025=CC_DESIGN_DATE_AND_TIME_ASSIGNMENT(#6020,#6024,(#6012));
#6026=PERSON('UNSPECIFIED','UNSPECIFIED',$,$,$,$);
#6027=ORGANIZATION('UNSPECIFIED','UNSPECIFIED','UNSPECIFIED');
#6028=PERSON_AND_ORGANIZATION(#6026,#6027);
#6029=APPROVAL_ROLE('approver');
#6030=APPROVAL_PERSON_ORGANIZATION(#6028,#6015,#6029);
#6031=PERSON_AND_ORGANIZATION_ROLE('creator');
#6032=CC_DESIGN_PERSON_AND_ORGANIZATION_ASSIGNMENT(#6028,#6031,(#6004,#6005));
#6033=PERSON_AND_ORGANIZATION_ROLE('design_supplier');
#6034=CC_DESIGN_PERSON_AND_ORGANIZATION_ASSIGNMENT(#6028,#6033,(#6004));
#6035=PERSON_AND_ORGANIZATION_ROLE('classification_officer');
#6036=CC_DESIGN_PERSON_AND_ORGANIZATION_ASSIGNMENT(#6028,#6035,(#6012));
#6037=PERSON_AND_ORGANIZATION_ROLE('design_owner');
#6038=CC_DESIGN_PERSON_AND_ORGANIZATION_ASSIGNMENT(#6028,#6037,(#6003));
#57=CIRCLE('',#56,8.E0);
#94=CIRCLE('',#93,6.000000000001E-1);
#103=CIRCLE('',#102,6.8E0);
#108=CIRCLE('',#107,6.8E0);
#113=CIRCLE('',#112,6.8E0);
#118=CIRCLE('',#117,6.8E0);
#123=CIRCLE('',#122,6.8E0);
#128=CIRCLE('',#127,6.000000000001E-1);
#133=CIRCLE('',#132,6.8E0);
#138=CIRCLE('',#137,5.E-1);
#147=CIRCLE('',#146,5.E-1);
#152=CIRCLE('',#151,6.8E0);
#157=CIRCLE('',#156,6.8E0);
#162=CIRCLE('',#161,6.8E0);
#167=CIRCLE('',#166,6.8E0);
#180=CIRCLE('',#179,5.3E0);
#185=CIRCLE('',#184,5.3E0);
#190=CIRCLE('',#189,5.3E0);
#215=CIRCLE('',#214,8.E0);
#220=CIRCLE('',#219,8.E0);
#225=CIRCLE('',#224,8.E0);
#234=CIRCLE('',#233,8.E0);
#251=CIRCLE('',#250,7.1E0);
#260=CIRCLE('',#259,7.1E0);
#269=CIRCLE('',#268,6.000000000001E-1);
#282=CIRCLE('',#281,6.000000000001E-1);
#287=CIRCLE('',#286,7.4E0);
#296=CIRCLE('',#295,7.4E0);
#305=CIRCLE('',#304,6.000000000001E-1);
#314=CIRCLE('',#313,7.4E0);
#323=CIRCLE('',#322,6.000000000001E-1);
#328=CIRCLE('',#327,6.8E0);
#333=CIRCLE('',#332,7.85E0);
#346=CIRCLE('',#345,7.85E0);
#351=CIRCLE('',#350,7.4E0);
#364=CIRCLE('',#363,7.85E0);
#385=CIRCLE('',#384,8.E0);
#430=CIRCLE('',#429,8.E0);
#443=CIRCLE('',#442,7.85E0);
#448=CIRCLE('',#447,8.2E0);
#457=CIRCLE('',#456,8.2E0);
#478=CIRCLE('',#477,5.3E0);
#487=CIRCLE('',#486,5.3E0);
#500=CIRCLE('',#499,5.3E0);
#521=CIRCLE('',#520,5.3E0);
#526=CIRCLE('',#525,5.3E0);
#531=CIRCLE('',#530,5.025E0);
#536=CIRCLE('',#535,5.025E0);
#549=CIRCLE('',#548,5.025E0);
#554=CIRCLE('',#553,5.025E0);
#559=CIRCLE('',#558,5.3E0);
#568=CIRCLE('',#567,5.3E0);
#577=CIRCLE('',#576,5.3E0);
#582=CIRCLE('',#581,5.3E0);
#587=CIRCLE('',#586,5.025E0);
#592=CIRCLE('',#591,5.025E0);
#597=CIRCLE('',#596,5.025E0);
#606=CIRCLE('',#605,5.025E0);
#615=CIRCLE('',#614,5.E-1);
#620=CIRCLE('',#619,5.E-1);
#629=CIRCLE('',#628,5.8E0);
#638=CIRCLE('',#637,5.8E0);
#647=CIRCLE('',#646,5.E-1);
#656=CIRCLE('',#655,5.E-1);
#661=CIRCLE('',#660,5.8E0);
#670=CIRCLE('',#669,5.8E0);
#675=CIRCLE('',#674,5.E-1);
#684=CIRCLE('',#683,5.E-1);
#693=CIRCLE('',#692,5.E-1);
#702=CIRCLE('',#701,5.E-1);
#707=CIRCLE('',#706,5.8E0);
#716=CIRCLE('',#715,5.8E0);
#721=CIRCLE('',#720,5.E-1);
#730=CIRCLE('',#729,5.E-1);
#739=CIRCLE('',#738,5.E-1);
#748=CIRCLE('',#747,5.E-1);
#753=CIRCLE('',#752,5.8E0);
#762=CIRCLE('',#761,5.8E0);
#767=CIRCLE('',#766,5.E-1);
#776=CIRCLE('',#775,5.E-1);
#801=CIRCLE('',#800,6.8E0);
#818=CIRCLE('',#817,5.3E0);
#823=CIRCLE('',#822,5.3E0);
#1111=EDGE_CURVE('',#1073,#1077,#4,.T.);
#1113=EDGE_CURVE('',#1076,#1077,#24,.T.);
#1115=EDGE_CURVE('',#1072,#1076,#847,.T.);
#1117=EDGE_CURVE('',#1072,#1073,#8,.T.);
#1127=EDGE_CURVE('',#1077,#1064,#16,.T.);
#1130=EDGE_CURVE('',#1065,#1073,#831,.T.);
#1132=EDGE_CURVE('',#1069,#1065,#36,.T.);
#1134=EDGE_CURVE('',#877,#1069,#393,.T.);
#1136=EDGE_CURVE('',#899,#877,#198,.T.);
#1138=EDGE_CURVE('',#943,#899,#185,.T.);
#1140=EDGE_CURVE('',#873,#943,#487,.T.);
#1142=EDGE_CURVE('',#929,#873,#465,.T.);
#1144=EDGE_CURVE('',#912,#929,#215,.T.);
#1146=EDGE_CURVE('',#912,#913,#12,.T.);
#1148=EDGE_CURVE('',#909,#913,#296,.T.);
#1150=EDGE_CURVE('',#907,#909,#81,.T.);
#1152=EDGE_CURVE('',#934,#907,#57,.T.);
#1154=EDGE_CURVE('',#1061,#934,#48,.T.);
#1156=EDGE_CURVE('',#1064,#1061,#40,.T.);
#1167=EDGE_CURVE('',#1064,#1081,#20,.T.);
#1169=EDGE_CURVE('',#1076,#1081,#851,.T.);
#1180=EDGE_CURVE('',#1064,#1065,#28,.T.);
#1182=EDGE_CURVE('',#1079,#1065,#835,.T.);
#1184=EDGE_CURVE('',#1081,#1079,#839,.T.);
#1195=EDGE_CURVE('',#1060,#1061,#44,.T.);
#1197=EDGE_CURVE('',#1083,#1060,#434,.T.);
#1199=EDGE_CURVE('',#1057,#1083,#417,.T.);
#1201=EDGE_CURVE('',#1056,#1057,#409,.T.);
#1203=EDGE_CURVE('',#1085,#1056,#401,.T.);
#1205=EDGE_CURVE('',#1068,#1085,#376,.T.);
#1207=EDGE_CURVE('',#1068,#1069,#32,.T.);
#1222=EDGE_CURVE('',#934,#935,#52,.T.);
#1224=EDGE_CURVE('',#1060,#935,#425,.T.);
#1234=EDGE_CURVE('',#903,#907,#77,.T.);
#1236=EDGE_CURVE('',#935,#903,#430,.T.);
#1248=EDGE_CURVE('',#1008,#1005,#89,.T.);
#1250=EDGE_CURVE('',#977,#1008,#318,.T.);
#1252=EDGE_CURVE('',#977,#897,#61,.T.);
#1254=EDGE_CURVE('',#897,#891,#65,.T.);
#1256=EDGE_CURVE('',#891,#889,#69,.T.);
#1258=EDGE_CURVE('',#889,#903,#73,.T.);
#1262=EDGE_CURVE('',#959,#909,#291,.T.);
#1264=EDGE_CURVE('',#1005,#959,#273,.T.);
#1274=EDGE_CURVE('',#1015,#1009,#85,.T.);
#1276=EDGE_CURVE('',#1008,#1009,#323,.T.);
#1279=EDGE_CURVE('',#969,#1005,#269,.T.);
#1281=EDGE_CURVE('',#968,#969,#255,.T.);
#1283=EDGE_CURVE('',#968,#1015,#94,.T.);
#1293=EDGE_CURVE('',#1045,#1003,#108,.T.);
#1295=EDGE_CURVE('',#985,#1045,#688,.T.);
#1297=EDGE_CURVE('',#984,#985,#157,.T.);
#1299=EDGE_CURVE('',#1037,#984,#651,.T.);
#1301=EDGE_CURVE('',#990,#1037,#103,.T.);
#1303=EDGE_CURVE('',#1019,#990,#624,.T.);
#1305=EDGE_CURVE('',#1018,#1019,#152,.T.);
#1307=EDGE_CURVE('',#1013,#1018,#142,.T.);
#1309=EDGE_CURVE('',#964,#1013,#133,.T.);
#1311=EDGE_CURVE('',#964,#965,#98,.T.);
#1313=EDGE_CURVE('',#1009,#965,#328,.T.);
#1316=EDGE_CURVE('',#1089,#1015,#123,.T.);
#1318=EDGE_CURVE('',#885,#1089,#809,.T.);
#1320=EDGE_CURVE('',#880,#885,#801,.T.);
#1322=EDGE_CURVE('',#1087,#880,#796,.T.);
#1324=EDGE_CURVE('',#994,#1087,#118,.T.);
#1326=EDGE_CURVE('',#1033,#994,#734,.T.);
#1328=EDGE_CURVE('',#1039,#1033,#162,.T.);
#1330=EDGE_CURVE('',#999,#1039,#697,.T.);
#1332=EDGE_CURVE('',#1025,#999,#113,.T.);
#1334=EDGE_CURVE('',#1053,#1025,#780,.T.);
#1336=EDGE_CURVE('',#1051,#1053,#167,.T.);
#1338=EDGE_CURVE('',#1003,#1051,#743,.T.);
#1348=EDGE_CURVE('',#1012,#1013,#138,.T.);
#1350=EDGE_CURVE('',#991,#1012,#629,.T.);
#1352=EDGE_CURVE('',#990,#991,#615,.T.);
#1355=EDGE_CURVE('',#1036,#1037,#647,.T.);
#1357=EDGE_CURVE('',#1041,#1036,#661,.T.);
#1359=EDGE_CURVE('',#1045,#1041,#675,.T.);
#1362=EDGE_CURVE('',#1002,#1003,#739,.T.);
#1364=EDGE_CURVE('',#1023,#1002,#753,.T.);
#1366=EDGE_CURVE('',#1025,#1023,#767,.T.);
#1369=EDGE_CURVE('',#998,#999,#693,.T.);
#1371=EDGE_CURVE('',#995,#998,#707,.T.);
#1373=EDGE_CURVE('',#994,#995,#721,.T.);
#1376=EDGE_CURVE('',#1091,#1087,#792,.T.);
#1378=EDGE_CURVE('',#1093,#1091,#818,.T.);
#1380=EDGE_CURVE('',#1089,#1093,#813,.T.);
#1384=EDGE_CURVE('',#973,#968,#251,.T.);
#1386=EDGE_CURVE('',#973,#964,#128,.T.);
#1391=EDGE_CURVE('',#946,#947,#587,.T.);
#1393=EDGE_CURVE('',#947,#946,#597,.T.);
#1405=EDGE_CURVE('',#1021,#1018,#147,.T.);
#1407=EDGE_CURVE('',#1012,#1021,#633,.T.);
#1417=EDGE_CURVE('',#858,#931,#171,.T.);
#1419=EDGE_CURVE('',#855,#858,#225,.T.);
#1421=EDGE_CURVE('',#854,#855,#504,.T.);
#1423=EDGE_CURVE('',#941,#854,#500,.T.);
#1425=EDGE_CURVE('',#931,#941,#180,.T.);
#1431=EDGE_CURVE('',#1027,#1019,#620,.T.);
#1433=EDGE_CURVE('',#1021,#1027,#638,.T.);
#1437=EDGE_CURVE('',#984,#987,#656,.T.);
#1440=EDGE_CURVE('',#1043,#985,#684,.T.);
#1442=EDGE_CURVE('',#987,#1043,#670,.T.);
#1446=EDGE_CURVE('',#1039,#1030,#702,.T.);
#1449=EDGE_CURVE('',#1031,#1033,#730,.T.);
#1451=EDGE_CURVE('',#1030,#1031,#716,.T.);
#1455=EDGE_CURVE('',#1051,#1048,#748,.T.);
#1458=EDGE_CURVE('',#1049,#1053,#776,.T.);
#1460=EDGE_CURVE('',#1048,#1049,#762,.T.);
#1470=EDGE_CURVE('',#865,#931,#175,.T.);
#1472=EDGE_CURVE('',#859,#865,#194,.T.);
#1474=EDGE_CURVE('',#858,#859,#229,.T.);
#1485=EDGE_CURVE('',#865,#869,#190,.T.);
#1489=EDGE_CURVE('',#938,#941,#495,.T.);
#1491=EDGE_CURVE('',#939,#938,#521,.T.);
#1493=EDGE_CURVE('',#943,#939,#491,.T.);
#1496=EDGE_CURVE('',#869,#899,#206,.T.);
#1507=EDGE_CURVE('',#868,#869,#202,.T.);
#1509=EDGE_CURVE('',#859,#868,#234,.T.);
#1521=EDGE_CURVE('',#868,#877,#238,.T.);
#1533=EDGE_CURVE('',#905,#912,#210,.T.);
#1536=EDGE_CURVE('',#875,#929,#473,.T.);
#1538=EDGE_CURVE('',#875,#862,#220,.T.);
#1540=EDGE_CURVE('',#855,#862,#508,.T.);
#1546=EDGE_CURVE('',#961,#877,#389,.T.);
#1548=EDGE_CURVE('',#905,#961,#385,.T.);
#1558=EDGE_CURVE('',#981,#979,#246,.T.);
#1560=EDGE_CURVE('',#958,#981,#277,.T.);
#1562=EDGE_CURVE('',#913,#958,#300,.T.);
#1566=EDGE_CURVE('',#895,#905,#380,.T.);
#1568=EDGE_CURVE('',#894,#895,#359,.T.);
#1570=EDGE_CURVE('',#901,#894,#355,.T.);
#1572=EDGE_CURVE('',#901,#976,#242,.T.);
#1574=EDGE_CURVE('',#979,#976,#309,.T.);
#1586=EDGE_CURVE('',#972,#973,#264,.T.);
#1588=EDGE_CURVE('',#981,#972,#282,.T.);
#1591=EDGE_CURVE('',#965,#979,#305,.T.);
#1603=EDGE_CURVE('',#969,#972,#260,.T.);
#1617=EDGE_CURVE('',#958,#959,#287,.T.);
#1643=EDGE_CURVE('',#976,#977,#314,.T.);
#1657=EDGE_CURVE('',#897,#901,#351,.T.);
#1669=EDGE_CURVE('',#894,#1105,#333,.T.);
#1671=EDGE_CURVE('',#1105,#1097,#337,.T.);
#1673=EDGE_CURVE('',#1096,#1097,#457,.T.);
#1675=EDGE_CURVE('',#1096,#1103,#341,.T.);
#1677=EDGE_CURVE('',#1103,#891,#346,.T.);
#1692=EDGE_CURVE('',#895,#927,#364,.T.);
#1694=EDGE_CURVE('',#927,#1105,#368,.T.);
#1704=EDGE_CURVE('',#961,#1068,#372,.T.);
#1707=EDGE_CURVE('',#927,#1085,#397,.T.);
#1732=EDGE_CURVE('',#1099,#1056,#405,.T.);
#1734=EDGE_CURVE('',#1097,#1099,#461,.T.);
#1748=EDGE_CURVE('',#1101,#1057,#413,.T.);
#1750=EDGE_CURVE('',#1099,#1101,#448,.T.);
#1764=EDGE_CURVE('',#1083,#888,#421,.T.);
#1766=EDGE_CURVE('',#1103,#888,#438,.T.);
#1769=EDGE_CURVE('',#1101,#1096,#452,.T.);
#1782=EDGE_CURVE('',#888,#889,#443,.T.);
#1819=EDGE_CURVE('',#872,#873,#482,.T.);
#1821=EDGE_CURVE('',#872,#875,#469,.T.);
#1832=EDGE_CURVE('',#863,#872,#478,.T.);
#1837=EDGE_CURVE('',#938,#939,#526,.T.);
#1841=EDGE_CURVE('',#863,#854,#516,.T.);
#1852=EDGE_CURVE('',#862,#863,#512,.T.);
#1880=EDGE_CURVE('',#951,#955,#531,.T.);
#1882=EDGE_CURVE('',#955,#951,#536,.T.);
#1893=EDGE_CURVE('',#917,#955,#544,.T.);
#1895=EDGE_CURVE('',#916,#917,#554,.T.);
#1897=EDGE_CURVE('',#951,#916,#540,.T.);
#1909=EDGE_CURVE('',#917,#916,#549,.T.);
#1920=EDGE_CURVE('',#920,#925,#559,.T.);
#1922=EDGE_CURVE('',#925,#920,#568,.T.);
#1936=EDGE_CURVE('',#924,#925,#563,.T.);
#1938=EDGE_CURVE('',#921,#924,#582,.T.);
#1940=EDGE_CURVE('',#920,#921,#572,.T.);
#1954=EDGE_CURVE('',#924,#921,#577,.T.);
#1968=EDGE_CURVE('',#953,#949,#592,.T.);
#1970=EDGE_CURVE('',#949,#953,#606,.T.);
#1981=EDGE_CURVE('',#953,#947,#610,.T.);
#1984=EDGE_CURVE('',#946,#949,#601,.T.);
#2007=EDGE_CURVE('',#1027,#991,#642,.T.);
#2034=EDGE_CURVE('',#1036,#987,#665,.T.);
#2047=EDGE_CURVE('',#1041,#1043,#679,.T.);
#2072=EDGE_CURVE('',#998,#1030,#711,.T.);
#2085=EDGE_CURVE('',#995,#1031,#725,.T.);
#2110=EDGE_CURVE('',#1002,#1048,#757,.T.);
#2123=EDGE_CURVE('',#1023,#1049,#771,.T.);
#2145=EDGE_CURVE('',#880,#881,#784,.T.);
#2147=EDGE_CURVE('',#881,#1091,#788,.T.);
#2159=EDGE_CURVE('',#884,#885,#805,.T.);
#2161=EDGE_CURVE('',#881,#884,#823,.T.);
#2176=EDGE_CURVE('',#884,#1093,#827,.T.);
#2200=EDGE_CURVE('',#1079,#1072,#843,.T.);
#2228=CIRCLE('',#2227,1.E0);
#2237=CIRCLE('',#2236,1.E0);
#2242=CIRCLE('',#2241,1.E0);
#2247=CIRCLE('',#2246,1.E0);
#2252=CIRCLE('',#2251,4.515E0);
#2257=CIRCLE('',#2256,4.515E0);
#2270=CIRCLE('',#2269,4.515E0);
#2275=CIRCLE('',#2274,4.515E0);
#2280=CIRCLE('',#2279,5.025E0);
#2285=CIRCLE('',#2284,5.025E0);
#2298=CIRCLE('',#2297,5.025E0);
#2303=CIRCLE('',#2302,5.025E0);
#2308=CIRCLE('',#2307,5.3E0);
#2313=CIRCLE('',#2312,5.3E0);
#2326=CIRCLE('',#2325,5.3E0);
#2331=CIRCLE('',#2330,5.3E0);
#2336=CIRCLE('',#2335,5.025E0);
#2341=CIRCLE('',#2340,5.025E0);
#2354=CIRCLE('',#2353,5.025E0);
#2359=CIRCLE('',#2358,5.025E0);
#2405=EDGE_CURVE('',#2399,#2395,#2223,.T.);
#2407=EDGE_CURVE('',#2395,#2394,#2228,.T.);
#2409=EDGE_CURVE('',#2394,#2397,#2232,.T.);
#2411=EDGE_CURVE('',#2397,#2399,#2237,.T.);
#2422=EDGE_CURVE('',#2399,#2397,#2242,.T.);
#2425=EDGE_CURVE('',#2394,#2395,#2247,.T.);
#2435=EDGE_CURVE('',#2391,#2390,#2252,.T.);
#2437=EDGE_CURVE('',#2390,#2391,#2257,.T.);
#2451=EDGE_CURVE('',#2363,#2390,#2261,.T.);
#2454=EDGE_CURVE('',#2391,#2362,#2265,.T.);
#2456=EDGE_CURVE('',#2362,#2363,#2270,.T.);
#2467=EDGE_CURVE('',#2363,#2362,#2275,.T.);
#2479=EDGE_CURVE('',#2366,#2367,#2280,.T.);
#2481=EDGE_CURVE('',#2367,#2366,#2285,.T.);
#2495=EDGE_CURVE('',#2371,#2367,#2289,.T.);
#2498=EDGE_CURVE('',#2366,#2370,#2293,.T.);
#2500=EDGE_CURVE('',#2370,#2371,#2298,.T.);
#2511=EDGE_CURVE('',#2371,#2370,#2303,.T.);
#2523=EDGE_CURVE('',#2374,#2375,#2308,.T.);
#2525=EDGE_CURVE('',#2375,#2374,#2313,.T.);
#2539=EDGE_CURVE('',#2379,#2375,#2317,.T.);
#2542=EDGE_CURVE('',#2374,#2378,#2321,.T.);
#2544=EDGE_CURVE('',#2378,#2379,#2326,.T.);
#2555=EDGE_CURVE('',#2379,#2378,#2331,.T.);
#2571=EDGE_CURVE('',#2382,#2383,#2336,.T.);
#2573=EDGE_CURVE('',#2383,#2382,#2341,.T.);
#2583=EDGE_CURVE('',#2387,#2383,#2345,.T.);
#2586=EDGE_CURVE('',#2382,#2386,#2349,.T.);
#2588=EDGE_CURVE('',#2386,#2387,#2354,.T.);
#2599=EDGE_CURVE('',#2387,#2386,#2359,.T.);
#2626=CIRCLE('',#2625,5.E-1);
#2635=CIRCLE('',#2634,5.E-1);
#2644=CIRCLE('',#2643,7.5E0);
#2657=CIRCLE('',#2656,5.3E0);
#2678=CIRCLE('',#2677,7.5E0);
#2687=CIRCLE('',#2686,5.3E0);
#2696=CIRCLE('',#2695,5.9E0);
#2701=CIRCLE('',#2700,5.9E0);
#2706=CIRCLE('',#2705,5.E-1);
#2711=CIRCLE('',#2710,5.E-1);
#2720=CIRCLE('',#2719,6.9E0);
#2725=CIRCLE('',#2724,6.9E0);
#2734=CIRCLE('',#2733,5.E-1);
#2743=CIRCLE('',#2742,5.E-1);
#2752=CIRCLE('',#2751,5.9E0);
#2757=CIRCLE('',#2756,5.9E0);
#2762=CIRCLE('',#2761,5.E-1);
#2767=CIRCLE('',#2766,5.E-1);
#2776=CIRCLE('',#2775,6.9E0);
#2781=CIRCLE('',#2780,6.9E0);
#2839=EDGE_CURVE('',#2793,#2796,#2626,.T.);
#2841=EDGE_CURVE('',#2796,#2797,#2630,.T.);
#2843=EDGE_CURVE('',#2797,#2792,#2635,.T.);
#2845=EDGE_CURVE('',#2792,#2793,#2639,.T.);
#2855=EDGE_CURVE('',#2831,#2833,#2644,.T.);
#2857=EDGE_CURVE('',#2829,#2831,#2665,.T.);
#2859=EDGE_CURVE('',#2827,#2829,#2657,.T.);
#2861=EDGE_CURVE('',#2833,#2827,#2648,.T.);
#2865=EDGE_CURVE('',#2817,#2812,#2696,.T.);
#2867=EDGE_CURVE('',#2815,#2817,#2734,.T.);
#2869=EDGE_CURVE('',#2813,#2815,#2720,.T.);
#2871=EDGE_CURVE('',#2812,#2813,#2706,.T.);
#2875=EDGE_CURVE('',#2796,#2801,#2752,.T.);
#2878=EDGE_CURVE('',#2789,#2793,#2776,.T.);
#2880=EDGE_CURVE('',#2801,#2789,#2762,.T.);
#2891=EDGE_CURVE('',#2809,#2833,#2652,.T.);
#2893=EDGE_CURVE('',#2807,#2809,#2678,.T.);
#2895=EDGE_CURVE('',#2831,#2807,#2669,.T.);
#2906=EDGE_CURVE('',#2804,#2827,#2661,.T.);
#2908=EDGE_CURVE('',#2809,#2804,#2682,.T.);
#2920=EDGE_CURVE('',#2805,#2829,#2673,.T.);
#2922=EDGE_CURVE('',#2804,#2805,#2687,.T.);
#2935=EDGE_CURVE('',#2805,#2807,#2691,.T.);
#2952=EDGE_CURVE('',#2825,#2823,#2701,.T.);
#2954=EDGE_CURVE('',#2819,#2825,#2711,.T.);
#2956=EDGE_CURVE('',#2821,#2819,#2725,.T.);
#2958=EDGE_CURVE('',#2823,#2821,#2743,.T.);
#2962=EDGE_CURVE('',#2800,#2797,#2757,.T.);
#2964=EDGE_CURVE('',#2788,#2800,#2767,.T.);
#2966=EDGE_CURVE('',#2792,#2788,#2781,.T.);
#2978=EDGE_CURVE('',#2825,#2812,#2715,.T.);
#2981=EDGE_CURVE('',#2817,#2823,#2738,.T.);
#2992=EDGE_CURVE('',#2819,#2813,#2729,.T.);
#3005=EDGE_CURVE('',#2821,#2815,#2747,.T.);
#3030=EDGE_CURVE('',#2800,#2801,#2771,.T.);
#3043=EDGE_CURVE('',#2788,#2789,#2785,.T.);
#3068=CIRCLE('',#3067,7.5E0);
#3081=CIRCLE('',#3080,5.3E0);
#3102=CIRCLE('',#3101,7.5E0);
#3111=CIRCLE('',#3110,5.3E0);
#3137=EDGE_CURVE('',#3126,#3131,#3068,.T.);
#3139=EDGE_CURVE('',#3123,#3126,#3089,.T.);
#3141=EDGE_CURVE('',#3119,#3123,#3081,.T.);
#3143=EDGE_CURVE('',#3131,#3119,#3072,.T.);
#3154=EDGE_CURVE('',#3130,#3131,#3076,.T.);
#3156=EDGE_CURVE('',#3127,#3130,#3102,.T.);
#3158=EDGE_CURVE('',#3126,#3127,#3093,.T.);
#3169=EDGE_CURVE('',#3118,#3119,#3085,.T.);
#3171=EDGE_CURVE('',#3130,#3118,#3106,.T.);
#3183=EDGE_CURVE('',#3122,#3123,#3097,.T.);
#3185=EDGE_CURVE('',#3118,#3122,#3111,.T.);
#3198=EDGE_CURVE('',#3122,#3127,#3115,.T.);
#3274=CIRCLE('',#3273,5.8E0);
#3283=CIRCLE('',#3282,5.8E0);
#3436=CIRCLE('',#3435,8.E0);
#3441=CIRCLE('',#3440,8.E0);
#3446=CIRCLE('',#3445,8.E0);
#3479=CIRCLE('',#3478,6.5E0);
#3488=CIRCLE('',#3487,6.5E0);
#3529=CIRCLE('',#3528,7.45E0);
#3538=CIRCLE('',#3537,7.45E0);
#3555=CIRCLE('',#3554,6.1E0);
#3564=CIRCLE('',#3563,6.1E0);
#3581=CIRCLE('',#3580,8.E0);
#3586=CIRCLE('',#3585,8.E0);
#3607=CIRCLE('',#3606,5.5E0);
#3616=CIRCLE('',#3615,5.5E0);
#3754=EDGE_CURVE('',#3694,#3735,#3221,.T.);
#3756=EDGE_CURVE('',#3735,#3672,#3225,.T.);
#3758=EDGE_CURVE('',#3672,#3674,#3229,.T.);
#3760=EDGE_CURVE('',#3674,#3694,#3233,.T.);
#3770=EDGE_CURVE('',#3702,#3637,#3241,.T.);
#3772=EDGE_CURVE('',#3701,#3702,#3257,.T.);
#3774=EDGE_CURVE('',#3736,#3701,#3564,.T.);
#3776=EDGE_CURVE('',#3735,#3736,#3542,.T.);
#3779=EDGE_CURVE('',#3692,#3694,#3436,.T.);
#3781=EDGE_CURVE('',#3718,#3692,#3462,.T.);
#3783=EDGE_CURVE('',#3706,#3718,#3470,.T.);
#3785=EDGE_CURVE('',#3705,#3706,#3488,.T.);
#3787=EDGE_CURVE('',#3660,#3705,#3492,.T.);
#3789=EDGE_CURVE('',#3638,#3660,#3512,.T.);
#3791=EDGE_CURVE('',#3637,#3638,#3524,.T.);
#3801=EDGE_CURVE('',#3714,#3702,#3237,.T.);
#3804=EDGE_CURVE('',#3628,#3637,#3520,.T.);
#3806=EDGE_CURVE('',#3628,#3714,#3245,.T.);
#3816=EDGE_CURVE('',#3714,#3746,#3249,.T.);
#3818=EDGE_CURVE('',#3746,#3701,#3253,.T.);
#3830=EDGE_CURVE('',#3698,#3728,#3261,.T.);
#3832=EDGE_CURVE('',#3732,#3728,#3529,.T.);
#3834=EDGE_CURVE('',#3731,#3732,#3546,.T.);
#3836=EDGE_CURVE('',#3746,#3731,#3555,.T.);
#3840=EDGE_CURVE('',#3627,#3628,#3516,.T.);
#3842=EDGE_CURVE('',#3630,#3627,#3504,.T.);
#3844=EDGE_CURVE('',#3738,#3630,#3496,.T.);
#3846=EDGE_CURVE('',#3712,#3738,#3479,.T.);
#3848=EDGE_CURVE('',#3624,#3712,#3474,.T.);
#3850=EDGE_CURVE('',#3623,#3624,#3454,.T.);
#3852=EDGE_CURVE('',#3641,#3623,#3446,.T.);
#3854=EDGE_CURVE('',#3645,#3641,#3427,.T.);
#3856=EDGE_CURVE('',#3649,#3645,#3415,.T.);
#3858=EDGE_CURVE('',#3653,#3649,#3403,.T.);
#3860=EDGE_CURVE('',#3657,#3653,#3391,.T.);
#3862=EDGE_CURVE('',#3684,#3657,#3379,.T.);
#3864=EDGE_CURVE('',#3686,#3684,#3367,.T.);
#3866=EDGE_CURVE('',#3688,#3686,#3355,.T.);
#3868=EDGE_CURVE('',#3688,#3724,#3265,.T.);
#3870=EDGE_CURVE('',#3716,#3724,#3331,.T.);
#3872=EDGE_CURVE('',#3634,#3716,#3327,.T.);
#3874=EDGE_CURVE('',#3633,#3634,#3307,.T.);
#3876=EDGE_CURVE('',#3740,#3633,#3295,.T.);
#3878=EDGE_CURVE('',#3698,#3740,#3274,.T.);
#3889=EDGE_CURVE('',#3697,#3698,#3287,.T.);
#3891=EDGE_CURVE('',#3697,#3726,#3269,.T.);
#3893=EDGE_CURVE('',#3728,#3726,#3533,.T.);
#3904=EDGE_CURVE('',#3740,#3742,#3278,.T.);
#3906=EDGE_CURVE('',#3742,#3697,#3283,.T.);
#3917=EDGE_CURVE('',#3664,#3742,#3291,.T.);
#3921=EDGE_CURVE('',#3633,#3664,#3299,.T.);
#3934=EDGE_CURVE('',#3663,#3664,#3315,.T.);
#3936=EDGE_CURVE('',#3710,#3663,#3323,.T.);
#3938=EDGE_CURVE('',#3709,#3710,#3339,.T.);
#3940=EDGE_CURVE('',#3709,#3722,#3303,.T.);
#3942=EDGE_CURVE('',#3720,#3722,#3607,.T.);
#3944=EDGE_CURVE('',#3744,#3720,#3594,.T.);
#3946=EDGE_CURVE('',#3748,#3744,#3581,.T.);
#3948=EDGE_CURVE('',#3726,#3748,#3568,.T.);
#3959=EDGE_CURVE('',#3634,#3663,#3311,.T.);
#3971=EDGE_CURVE('',#3716,#3710,#3319,.T.);
#3985=EDGE_CURVE('',#3724,#3709,#3335,.T.);
#4000=EDGE_CURVE('',#3680,#3688,#3351,.T.);
#4002=EDGE_CURVE('',#3680,#3682,#3343,.T.);
#4004=EDGE_CURVE('',#3722,#3682,#3611,.T.);
#4014=EDGE_CURVE('',#3678,#3680,#3347,.T.);
#4018=EDGE_CURVE('',#3686,#3678,#3359,.T.);
#4030=EDGE_CURVE('',#3676,#3678,#3363,.T.);
#4032=EDGE_CURVE('',#3658,#3676,#3375,.T.);
#4034=EDGE_CURVE('',#3654,#3658,#3387,.T.);
#4036=EDGE_CURVE('',#3650,#3654,#3399,.T.);
#4038=EDGE_CURVE('',#3646,#3650,#3411,.T.);
#4040=EDGE_CURVE('',#3642,#3646,#3423,.T.);
#4042=EDGE_CURVE('',#3674,#3642,#3441,.T.);
#4045=EDGE_CURVE('',#3670,#3672,#3538,.T.);
#4047=EDGE_CURVE('',#3668,#3670,#3572,.T.);
#4049=EDGE_CURVE('',#3667,#3668,#3586,.T.);
#4051=EDGE_CURVE('',#3690,#3667,#3598,.T.);
#4053=EDGE_CURVE('',#3682,#3690,#3616,.T.);
#4066=EDGE_CURVE('',#3684,#3676,#3371,.T.);
#4079=EDGE_CURVE('',#3657,#3658,#3383,.T.);
#4092=EDGE_CURVE('',#3653,#3654,#3395,.T.);
#4105=EDGE_CURVE('',#3649,#3650,#3407,.T.);
#4118=EDGE_CURVE('',#3645,#3646,#3419,.T.);
#4131=EDGE_CURVE('',#3641,#3642,#3431,.T.);
#4146=EDGE_CURVE('',#3623,#3692,#3450,.T.);
#4157=EDGE_CURVE('',#3624,#3718,#3458,.T.);
#4169=EDGE_CURVE('',#3712,#3706,#3466,.T.);
#4183=EDGE_CURVE('',#3738,#3705,#3483,.T.);
#4198=EDGE_CURVE('',#3630,#3660,#3500,.T.);
#4209=EDGE_CURVE('',#3627,#3638,#3508,.T.);
#4233=EDGE_CURVE('',#3732,#3735,#3550,.T.);
#4237=EDGE_CURVE('',#3670,#3726,#3576,.T.);
#4250=EDGE_CURVE('',#3731,#3736,#3559,.T.);
#4275=EDGE_CURVE('',#3668,#3748,#3590,.T.);
#4288=EDGE_CURVE('',#3667,#3744,#3602,.T.);
#4301=EDGE_CURVE('',#3690,#3720,#3620,.T.);
#4391=EDGE_CURVE('',#4384,#4381,#4325,.T.);
#4393=EDGE_CURVE('',#4373,#4384,#4345,.T.);
#4395=EDGE_CURVE('',#4377,#4373,#4337,.T.);
#4397=EDGE_CURVE('',#4381,#4377,#4329,.T.);
#4408=EDGE_CURVE('',#4380,#4381,#4333,.T.);
#4410=EDGE_CURVE('',#4385,#4380,#4357,.T.);
#4412=EDGE_CURVE('',#4384,#4385,#4349,.T.);
#4423=EDGE_CURVE('',#4376,#4377,#4341,.T.);
#4425=EDGE_CURVE('',#4380,#4376,#4361,.T.);
#4437=EDGE_CURVE('',#4372,#4373,#4353,.T.);
#4439=EDGE_CURVE('',#4376,#4372,#4365,.T.);
#4452=EDGE_CURVE('',#4372,#4385,#4369,.T.);
#4496=CIRCLE('',#4495,6.2E0);
#4529=CIRCLE('',#4528,6.2E0);
#4559=EDGE_CURVE('',#4552,#4549,#4475,.T.);
#4561=EDGE_CURVE('',#4537,#4552,#4504,.T.);
#4563=EDGE_CURVE('',#4541,#4537,#4496,.T.);
#4565=EDGE_CURVE('',#4545,#4541,#4487,.T.);
#4567=EDGE_CURVE('',#4549,#4545,#4479,.T.);
#4578=EDGE_CURVE('',#4548,#4549,#4483,.T.);
#4580=EDGE_CURVE('',#4553,#4548,#4516,.T.);
#4582=EDGE_CURVE('',#4552,#4553,#4508,.T.);
#4593=EDGE_CURVE('',#4544,#4545,#4491,.T.);
#4595=EDGE_CURVE('',#4548,#4544,#4520,.T.);
#4607=EDGE_CURVE('',#4540,#4541,#4500,.T.);
#4609=EDGE_CURVE('',#4544,#4540,#4524,.T.);
#4621=EDGE_CURVE('',#4536,#4537,#4512,.T.);
#4623=EDGE_CURVE('',#4540,#4536,#4529,.T.);
#4636=EDGE_CURVE('',#4536,#4553,#4533,.T.);
#4669=CIRCLE('',#4668,8.E0);
#4678=CIRCLE('',#4677,8.E0);
#4707=CIRCLE('',#4706,6.5E0);
#4716=CIRCLE('',#4715,6.5E0);
#4746=EDGE_CURVE('',#4723,#4730,#4660,.T.);
#4748=EDGE_CURVE('',#4728,#4723,#4707,.T.);
#4750=EDGE_CURVE('',#4736,#4728,#4694,.T.);
#4752=EDGE_CURVE('',#4740,#4736,#4682,.T.);
#4754=EDGE_CURVE('',#4730,#4740,#4678,.T.);
#4764=EDGE_CURVE('',#4724,#4732,#4664,.T.);
#4766=EDGE_CURVE('',#4723,#4724,#4711,.T.);
#4769=EDGE_CURVE('',#4732,#4730,#4673,.T.);
#4780=EDGE_CURVE('',#4738,#4732,#4669,.T.);
#4782=EDGE_CURVE('',#4735,#4738,#4686,.T.);
#4784=EDGE_CURVE('',#4727,#4735,#4698,.T.);
#4786=EDGE_CURVE('',#4724,#4727,#4716,.T.);
#4796=EDGE_CURVE('',#4738,#4740,#4690,.T.);
#4810=EDGE_CURVE('',#4735,#4736,#4702,.T.);
#4823=EDGE_CURVE('',#4727,#4728,#4720,.T.);
#4848=CIRCLE('',#4847,6.1E0);
#4861=CIRCLE('',#4860,8.E0);
#4882=CIRCLE('',#4881,6.1E0);
#4891=CIRCLE('',#4890,8.E0);
#4917=EDGE_CURVE('',#4905,#4911,#4848,.T.);
#4919=EDGE_CURVE('',#4899,#4905,#4869,.T.);
#4921=EDGE_CURVE('',#4898,#4899,#4861,.T.);
#4923=EDGE_CURVE('',#4911,#4898,#4856,.T.);
#4934=EDGE_CURVE('',#4908,#4911,#4852,.T.);
#4936=EDGE_CURVE('',#4903,#4908,#4882,.T.);
#4938=EDGE_CURVE('',#4905,#4903,#4873,.T.);
#4950=EDGE_CURVE('',#4909,#4898,#4865,.T.);
#4952=EDGE_CURVE('',#4908,#4909,#4886,.T.);
#4963=EDGE_CURVE('',#4902,#4899,#4877,.T.);
#4965=EDGE_CURVE('',#4909,#4902,#4891,.T.);
#4978=EDGE_CURVE('',#4902,#4903,#4895,.T.);
#5002=CIRCLE('',#5001,5.8E0);
#5011=CIRCLE('',#5010,5.8E0);
#5036=CIRCLE('',#5035,5.5E0);
#5041=CIRCLE('',#5040,5.5E0);
#5062=CIRCLE('',#5061,6.1E0);
#5067=CIRCLE('',#5066,6.1E0);
#5137=EDGE_CURVE('',#5109,#5114,#5002,.T.);
#5139=EDGE_CURVE('',#5114,#5102,#5006,.T.);
#5141=EDGE_CURVE('',#5102,#5130,#5011,.T.);
#5143=EDGE_CURVE('',#5130,#5109,#5015,.T.);
#5153=EDGE_CURVE('',#5117,#5115,#5019,.T.);
#5155=EDGE_CURVE('',#5114,#5115,#5095,.T.);
#5158=EDGE_CURVE('',#5108,#5109,#5075,.T.);
#5160=EDGE_CURVE('',#5111,#5108,#5062,.T.);
#5162=EDGE_CURVE('',#5121,#5111,#5057,.T.);
#5164=EDGE_CURVE('',#5125,#5121,#5036,.T.);
#5166=EDGE_CURVE('',#5117,#5125,#5027,.T.);
#5177=EDGE_CURVE('',#5105,#5117,#5023,.T.);
#5179=EDGE_CURVE('',#5103,#5105,#5087,.T.);
#5181=EDGE_CURVE('',#5115,#5103,#5099,.T.);
#5193=EDGE_CURVE('',#5124,#5125,#5045,.T.);
#5195=EDGE_CURVE('',#5124,#5105,#5031,.T.);
#5206=EDGE_CURVE('',#5120,#5121,#5053,.T.);
#5208=EDGE_CURVE('',#5120,#5124,#5041,.T.);
#5219=EDGE_CURVE('',#5127,#5111,#5071,.T.);
#5221=EDGE_CURVE('',#5127,#5120,#5049,.T.);
#5234=EDGE_CURVE('',#5131,#5108,#5083,.T.);
#5236=EDGE_CURVE('',#5131,#5127,#5067,.T.);
#5249=EDGE_CURVE('',#5130,#5131,#5079,.T.);
#5267=EDGE_CURVE('',#5102,#5103,#5091,.T.);
#5310=CIRCLE('',#5309,6.1E0);
#5327=CIRCLE('',#5326,6.5E0);
#5352=CIRCLE('',#5351,6.1E0);
#5361=CIRCLE('',#5360,6.5E0);
#5391=EDGE_CURVE('',#5364,#5385,#5289,.T.);
#5393=EDGE_CURVE('',#5369,#5364,#5327,.T.);
#5395=EDGE_CURVE('',#5373,#5369,#5318,.T.);
#5397=EDGE_CURVE('',#5377,#5373,#5310,.T.);
#5399=EDGE_CURVE('',#5381,#5377,#5301,.T.);
#5401=EDGE_CURVE('',#5385,#5381,#5293,.T.);
#5412=EDGE_CURVE('',#5384,#5385,#5297,.T.);
#5414=EDGE_CURVE('',#5365,#5384,#5339,.T.);
#5416=EDGE_CURVE('',#5364,#5365,#5331,.T.);
#5427=EDGE_CURVE('',#5380,#5381,#5305,.T.);
#5429=EDGE_CURVE('',#5384,#5380,#5343,.T.);
#5441=EDGE_CURVE('',#5376,#5377,#5314,.T.);
#5443=EDGE_CURVE('',#5380,#5376,#5347,.T.);
#5455=EDGE_CURVE('',#5372,#5373,#5322,.T.);
#5457=EDGE_CURVE('',#5376,#5372,#5352,.T.);
#5469=EDGE_CURVE('',#5368,#5369,#5335,.T.);
#5471=EDGE_CURVE('',#5372,#5368,#5356,.T.);
#5484=EDGE_CURVE('',#5368,#5365,#5361,.T.);
#5510=CIRCLE('',#5509,3.5E0);
#5515=CIRCLE('',#5514,3.5E0);
#5528=CIRCLE('',#5527,3.5E0);
#5533=CIRCLE('',#5532,3.5E0);
#5547=EDGE_CURVE('',#5540,#5537,#5510,.T.);
#5549=EDGE_CURVE('',#5537,#5540,#5515,.T.);
#5560=EDGE_CURVE('',#5536,#5537,#5523,.T.);
#5562=EDGE_CURVE('',#5541,#5536,#5528,.T.);
#5564=EDGE_CURVE('',#5540,#5541,#5519,.T.);
#5576=EDGE_CURVE('',#5536,#5541,#5533,.T.);
#5602=CIRCLE('',#5601,4.E0);
#5611=CIRCLE('',#5610,6.E0);
#5616=CIRCLE('',#5615,6.E0);
#5621=CIRCLE('',#5620,4.E0);
#5630=CIRCLE('',#5629,8.2E0);
#5639=CIRCLE('',#5638,7.9E0);
#5660=CIRCLE('',#5659,8.2E0);
#5665=CIRCLE('',#5664,7.85E0);
#5670=CIRCLE('',#5669,7.85E0);
#5679=CIRCLE('',#5678,6.E0);
#5684=CIRCLE('',#5683,6.E0);
#5689=CIRCLE('',#5688,7.9E0);
#5714=CIRCLE('',#5713,4.E0);
#5723=CIRCLE('',#5722,4.E0);
#5781=EDGE_CURVE('',#5753,#5764,#5597,.T.);
#5783=EDGE_CURVE('',#5764,#5765,#5602,.T.);
#5785=EDGE_CURVE('',#5765,#5752,#5606,.T.);
#5787=EDGE_CURVE('',#5752,#5753,#5611,.T.);
#5798=EDGE_CURVE('',#5753,#5752,#5616,.T.);
#5801=EDGE_CURVE('',#5765,#5764,#5621,.T.);
#5811=EDGE_CURVE('',#5772,#5742,#5625,.T.);
#5813=EDGE_CURVE('',#5742,#5743,#5630,.T.);
#5815=EDGE_CURVE('',#5743,#5769,#5634,.T.);
#5817=EDGE_CURVE('',#5769,#5772,#5639,.T.);
#5831=EDGE_CURVE('',#5742,#5739,#5651,.T.);
#5834=EDGE_CURVE('',#5772,#5773,#5643,.T.);
#5836=EDGE_CURVE('',#5773,#5747,#5647,.T.);
#5838=EDGE_CURVE('',#5746,#5747,#5674,.T.);
#5840=EDGE_CURVE('',#5739,#5746,#5655,.T.);
#5850=EDGE_CURVE('',#5738,#5739,#5660,.T.);
#5852=EDGE_CURVE('',#5743,#5738,#5701,.T.);
#5865=EDGE_CURVE('',#5749,#5746,#5670,.T.);
#5867=EDGE_CURVE('',#5738,#5749,#5705,.T.);
#5878=EDGE_CURVE('',#5747,#5775,#5665,.T.);
#5880=EDGE_CURVE('',#5749,#5775,#5709,.T.);
#5892=EDGE_CURVE('',#5768,#5773,#5689,.T.);
#5894=EDGE_CURVE('',#5775,#5768,#5693,.T.);
#5900=EDGE_CURVE('',#5756,#5757,#5679,.T.);
#5902=EDGE_CURVE('',#5757,#5756,#5684,.T.);
#5915=EDGE_CURVE('',#5768,#5769,#5697,.T.);
#5939=EDGE_CURVE('',#5757,#5761,#5718,.T.);
#5942=EDGE_CURVE('',#5760,#5756,#5727,.T.);
#5944=EDGE_CURVE('',#5760,#5761,#5714,.T.);
#5955=EDGE_CURVE('',#5761,#5760,#5723,.T.);
#5967=EDGE_CURVE('',#5764,#5761,#5731,.T.);
#5970=EDGE_CURVE('',#5760,#5765,#5735,.T.);
#5998=ADVANCED_BREP_SHAPE_REPRESENTATION('',(#2219,#2621,#3063,#3217,#4321,
#4471,#4656,#4843,#4997,#5285,#5505,#5593,#5989),#5997);
#6005=PRODUCT_DEFINITION('design','',#6004,#6001);
#6006=PRODUCT_DEFINITION_SHAPE('','SHAPE FOR SPEAKER-AAC_PRT.',#6005);
#6007=SHAPE_DEFINITION_REPRESENTATION(#6006,#5998);
ENDSEC;
END-ISO-10303-21;
