 PTC IGES file: antenna_pcb_any_prt.igs                                 S      1
1H,,1H;,19HANTENNA_PCB_ANY_PRT,23Hantenna_pcb_any_prt.igs,              G      1
49HPro/ENGINEER by Parametric Technology Corporation,7H2006170,32,38,7, G      2
38,15,19HANTENNA_PCB_ANY_PRT,1.,2,2HMM,32768,0.5,15H20080630.105137,    G      3
0.00326748,32.6761,3HGRA,7HUnknown,10,0,15H20080630.105137;             G      4
     314       1       1       1       0       0       0       001000200D      1
     314       0       3       1       0                   COLOR       1D      2
     314       2       1       1       0       0       0       001000200D      3
     314       0       4       1       0                   COLOR       2D      4
     314       3       1       1       0       0       0       001000200D      5
     314       0       1       1       0                   COLOR       3D      6
     314       4       1       1       0       0       0       001000200D      7
     314       0       1       1       0                   COLOR       4D      8
     314       5       1       1       0       0       0       001000200D      9
     314       0       1       1       0                   COLOR       5D     10
     314       6       1       1       0       0       0       001000200D     11
     314       0       5       1       0                   COLOR       6D     12
     314       7       1       1       0       0       0       001000200D     13
     314       0       8       1       0                   COLOR       7D     14
     314       8       1       1       0       0       0       001000200D     15
     314       0       8       1       0                   COLOR       8D     16
     314       9       1       1       0       0       0       001000200D     17
     314       0       8       1       0                   COLOR       9D     18
     314      10       1       1       0       0       0       001000200D     19
     314       0       5       1       0                   COLOR      10D     20
     314      11       1       1       0       0       0       001000200D     21
     314       0       8       1       0                   COLOR      11D     22
     314      12       1       1       0       0       0       001000200D     23
     314       0       8       1       0                   COLOR      12D     24
     126      13       1       1       0       0       0       001010000D     25
     126       0     -13       8       0                B_SPLINE       1D     26
     110      21       1       1       0       0       0       001010000D     27
     110       0     -13       2       0                    LINE       1D     28
     126      23       1       1       0       0       0       001010000D     29
     126       0     -13      19       0                B_SPLINE       2D     30
     126      42       1       1       0       0       0       001010000D     31
     126       0     -13       8       0                B_SPLINE       3D     32
     126      50       1       1       0       0       0       001010000D     33
     126       0     -13       5       0                B_SPLINE       4D     34
     126      55       1       1       0       0       0       001010000D     35
     126       0     -13       9       0                B_SPLINE       5D     36
     126      64       1       1       0       0       0       001010000D     37
     126       0     -13       9       0                B_SPLINE       6D     38
     126      73       1       1       0       0       0       001010000D     39
     126       0     -13       8       0                B_SPLINE       7D     40
     126      81       1       1       0       0       0       001010000D     41
     126       0     -13       5       0                B_SPLINE       8D     42
     126      86       1       1       0       0       0       001010000D     43
     126       0     -13      35       0                B_SPLINE       9D     44
     126     121       1       1       0       0       0       001010000D     45
     126       0     -13      19       0                B_SPLINE      10D     46
     110     140       1       1       0       0       0       001010000D     47
     110       0     -13       2       0                    LINE       2D     48
     124     142       1       1       0       0       0       001000000D     49
     124       0       0       2       0                   XFORM       1D     50
     100     144       1       1       0       0      49       001010000D     51
     100       0     -13       1       0                     ARC       1D     52
     124     145       1       1       0       0       0       001000000D     53
     124       0       0       2       0                   XFORM       2D     54
     100     147       1       1       0       0      53       001010000D     55
     100       0     -13       1       0                     ARC       2D     56
     126     148       1       1       0       0       0       001010000D     57
     126       0     -13       8       0                B_SPLINE      11D     58
     126     156       1       1       0       0       0       001010000D     59
     126       0     -13       8       0                B_SPLINE      12D     60
     110     164       1       1       0       0       0       001010000D     61
     110       0     -13       1       0                    LINE       3D     62
     110     165       1       1       0       0       0       001010000D     63
     110       0     -13       1       0                    LINE       4D     64
     110     166       1       1       0       0       0       001010000D     65
     110       0     -13       1       0                    LINE       5D     66
     110     167       1       1       0       0       0       001010000D     67
     110       0     -13       1       0                    LINE       6D     68
     110     168       1       1       0       0       0       001010000D     69
     110       0     -13       1       0                    LINE       7D     70
     110     169       1       1       0       0       0       001010000D     71
     110       0     -13       1       0                    LINE       8D     72
     110     170       1       1       0       0       0       001010000D     73
     110       0     -13       1       0                    LINE       9D     74
     110     171       1       1       0       0       0       001010000D     75
     110       0     -13       2       0                    LINE      10D     76
     124     173       1       1       0       0       0       001000000D     77
     124       0       0       2       0                   XFORM       3D     78
     100     175       1       1       0       0      77       001010000D     79
     100       0     -13       1       0                     ARC       3D     80
     124     176       1       1       0       0       0       001000000D     81
     124       0       0       2       0                   XFORM       4D     82
     100     178       1       1       0       0      81       001010000D     83
     100       0     -13       1       0                     ARC       4D     84
     110     179       1       1       0       0       0       001010000D     85
     110       0     -13       2       0                    LINE      11D     86
     126     181       1       1       0       0       0       001010000D     87
     126       0     -13       8       0                B_SPLINE      13D     88
     126     189       1       1       0       0       0       001010000D     89
     126       0     -13       8       0                B_SPLINE      14D     90
     126     197       1       1       0       0       0       001010000D     91
     126       0     -13       9       0                B_SPLINE      15D     92
     126     206       1       1       0       0       0       001010000D     93
     126       0     -13       9       0                B_SPLINE      16D     94
     126     215       1       1       0       0       0       001010000D     95
     126       0     -13       6       0                B_SPLINE      17D     96
     126     221       1       1       0       0       0       001010000D     97
     126       0     -13       6       0                B_SPLINE      18D     98
     126     227       1       1       0       0       0       001010000D     99
     126       0     -13      27       0                B_SPLINE      19D    100
     110     254       1       1       0       0       0       001010000D    101
     110       0     -13       1       0                    LINE      12D    102
     124     255       1       1       0       0       0       001000000D    103
     124       0       0       2       0                   XFORM       5D    104
     100     257       1       1       0       0     103       001010000D    105
     100       0     -13       1       0                     ARC       5D    106
     110     258       1       1       0       0       0       001010000D    107
     110       0     -13       1       0                    LINE      13D    108
     124     259       1       1       0       0       0       001000000D    109
     124       0       0       2       0                   XFORM       6D    110
     100     261       1       1       0       0     109       001010000D    111
     100       0     -13       1       0                     ARC       6D    112
     110     262       1       1       0       0       0       001010000D    113
     110       0     -13       1       0                    LINE      14D    114
     110     263       1       1       0       0       0       001010000D    115
     110       0     -13       1       0                    LINE      15D    116
     110     264       1       1       0       0       0       001010000D    117
     110       0     -13       1       0                    LINE      16D    118
     110     265       1       1       0       0       0       001010000D    119
     110       0     -13       1       0                    LINE      17D    120
     110     266       1       1       0       0       0       001010000D    121
     110       0     -13       1       0                    LINE      18D    122
     110     267       1       1       0       0       0       001010000D    123
     110       0     -13       1       0                    LINE      19D    124
     110     268       1       1       0       0       0       001010000D    125
     110       0     -13       1       0                    LINE      20D    126
     110     269       1       1       0       0       0       001010000D    127
     110       0     -13       1       0                    LINE      21D    128
     110     270       1       1       0       0       0       001010000D    129
     110       0     -13       1       0                    LINE      22D    130
     110     271       1       1       0       0       0       001010000D    131
     110       0     -13       1       0                    LINE      23D    132
     110     272       1       1       0       0       0       001010000D    133
     110       0     -13       1       0                    LINE      24D    134
     124     273       1       1       0       0       0       001000000D    135
     124       0       0       2       0                   XFORM       7D    136
     100     275       1       1       0       0     135       001010000D    137
     100       0     -13       1       0                     ARC       7D    138
     110     276       1       1       0       0       0       001010000D    139
     110       0     -13       1       0                    LINE      25D    140
     124     277       1       1       0       0       0       001000000D    141
     124       0       0       2       0                   XFORM       8D    142
     100     279       1       1       0       0     141       001010000D    143
     100       0     -13       1       0                     ARC       8D    144
     110     280       1       1       0       0       0       001010000D    145
     110       0     -13       1       0                    LINE      26D    146
     124     281       1       1       0       0       0       001000000D    147
     124       0       0       2       0                   XFORM       9D    148
     100     283       1       1       0       0     147       001010000D    149
     100       0     -13       1       0                     ARC       9D    150
     110     284       1       1       0       0       0       001010000D    151
     110       0     -13       1       0                    LINE      27D    152
     124     285       1       1       0       0       0       001000000D    153
     124       0       0       2       0                   XFORM      10D    154
     100     287       1       1       0       0     153       001010000D    155
     100       0     -13       1       0                     ARC      10D    156
     110     288       1       1       0       0       0       001010000D    157
     110       0     -13       1       0                    LINE      28D    158
     124     289       1       1       0       0       0       001000000D    159
     124       0       0       2       0                   XFORM      11D    160
     100     291       1       1       0       0     159       001010000D    161
     100       0     -13       1       0                     ARC      11D    162
     110     292       1       1       0       0       0       001010000D    163
     110       0     -13       1       0                    LINE      29D    164
     124     293       1       1       0       0       0       001000000D    165
     124       0       0       2       0                   XFORM      12D    166
     100     295       1       1       0       0     165       001010000D    167
     100       0     -13       1       0                     ARC      12D    168
     110     296       1       1       0       0       0       001010000D    169
     110       0     -13       1       0                    LINE      30D    170
     124     297       1       1       0       0       0       001000000D    171
     124       0       0       2       0                   XFORM      13D    172
     100     299       1       1       0       0     171       001010000D    173
     100       0     -13       1       0                     ARC      13D    174
     110     300       1       1       0       0       0       001010000D    175
     110       0     -13       1       0                    LINE      31D    176
     124     301       1       1       0       0       0       001000000D    177
     124       0       0       2       0                   XFORM      14D    178
     100     303       1       1       0       0     177       001010000D    179
     100       0     -13       1       0                     ARC      14D    180
     110     304       1       1       0       0       0       001010000D    181
     110       0     -13       1       0                    LINE      32D    182
     110     305       1       1       0       0       0       001010000D    183
     110       0     -13       1       0                    LINE      33D    184
     110     306       1       1       0       0       0       001010000D    185
     110       0     -13       1       0                    LINE      34D    186
     124     307       1       1       0       0       0       001000000D    187
     124       0       0       2       0                   XFORM      15D    188
     100     309       1       1       0       0     187       001010000D    189
     100       0     -13       1       0                     ARC      15D    190
     110     310       1       1       0       0       0       001010000D    191
     110       0     -13       1       0                    LINE      35D    192
     124     311       1       1       0       0       0       001000000D    193
     124       0       0       2       0                   XFORM      16D    194
     100     313       1       1       0       0     193       001010000D    195
     100       0     -13       1       0                     ARC      16D    196
     110     314       1       1       0       0       0       001010000D    197
     110       0     -13       1       0                    LINE      36D    198
     124     315       1       1       0       0       0       001000000D    199
     124       0       0       2       0                   XFORM      17D    200
     100     317       1       1       0       0     199       001010000D    201
     100       0     -13       1       0                     ARC      17D    202
     110     318       1       1       0       0       0       001010000D    203
     110       0     -13       1       0                    LINE      37D    204
     124     319       1       1       0       0       0       001000000D    205
     124       0       0       2       0                   XFORM      18D    206
     100     321       1       1       0       0     205       001010000D    207
     100       0     -13       1       0                     ARC      18D    208
     110     322       1       1       0       0       0       001010000D    209
     110       0     -13       1       0                    LINE      38D    210
     124     323       1       1       0       0       0       001000000D    211
     124       0       0       2       0                   XFORM      19D    212
     100     325       1       1       0       0     211       001010000D    213
     100       0     -13       1       0                     ARC      19D    214
     110     326       1       1       0       0       0       001010000D    215
     110       0     -13       1       0                    LINE      39D    216
     124     327       1       1       0       0       0       001000000D    217
     124       0       0       2       0                   XFORM      20D    218
     100     329       1       1       0       0     217       001010000D    219
     100       0     -13       1       0                     ARC      20D    220
     110     330       1       1       0       0       0       001010000D    221
     110       0     -13       1       0                    LINE      40D    222
     110     331       1       1       0       0       0       001010000D    223
     110       0     -13       1       0                    LINE      41D    224
     110     332       1       1       0       0       0       001010000D    225
     110       0     -13       1       0                    LINE      42D    226
     110     333       1       1       0       0       0       001010000D    227
     110       0     -13       1       0                    LINE      43D    228
     110     334       1       1       0       0       0       001010000D    229
     110       0     -13       1       0                    LINE      44D    230
     110     335       1       1       0       0       0       001010000D    231
     110       0     -13       1       0                    LINE      45D    232
     110     336       1       1       0       0       0       001010000D    233
     110       0     -13       1       0                    LINE      46D    234
     110     337       1       1       0       0       0       001010000D    235
     110       0     -13       1       0                    LINE      47D    236
     110     338       1       1       0       0       0       001010000D    237
     110       0     -13       1       0                    LINE      48D    238
     126     339       1       1       0       0       0       001010000D    239
     126       0     -13      13       0                B_SPLINE      20D    240
     122     352       1       1       0       0       0       001010000D    241
     122       0     -13       1       0                    TCYL       1D    242
     110     353       1       1       0       0       0       001010000D    243
     110       0       0       2       0                    LINE      49D    244
     102     355       1       1       0       0       0       001010000D    245
     102       0       0       1       0                  CCURVE       1D    246
     110     356       1       1       0       0       0       001010500D    247
     110       0     -13       2       0                    LINE      50D    248
     110     358       1       1       0       0       0       001010500D    249
     110       0     -13       2       0                    LINE      51D    250
     110     360       1       1       0       0       0       001010500D    251
     110       0     -13       2       0                    LINE      52D    252
     110     362       1       1       0       0       0       001010500D    253
     110       0     -13       2       0                    LINE      53D    254
     110     364       1       1       0       0       0       001010500D    255
     110       0     -13       2       0                    LINE      54D    256
     102     366       1       1       0       0       0       001010500D    257
     102       0       0       1       0                  CCURVE       2D    258
     142     367       1       1       0       0       0       001010500D    259
     142       0       0       1       0                  UV_BND       1D    260
     144     368       1       1       0       0       0       000000000D    261
     144       0     -13       1       0                 TRM_SRF       1D    262
     128     369       1       1       0       0       0       001010000D    263
     128       0     -13     224       0                  SPLSRF       1D    264
     126     593       1       1       0       0       0       001010000D    265
     126       0       0       8       0                B_SPLINE      21D    266
     102     601       1       1       0       0       0       001010000D    267
     102       0       0       1       0                  CCURVE       3D    268
     126     602       1       1       0       0       0       001010500D    269
     126       0     -13      17       0                B_SPLINE      22D    270
     110     619       1       1       0       0       0       001010500D    271
     110       0     -13       1       0                    LINE      55D    272
     110     620       1       1       0       0       0       001010500D    273
     110       0     -13       1       0                    LINE      56D    274
     110     621       1       1       0       0       0       001010500D    275
     110       0     -13       1       0                    LINE      57D    276
     110     622       1       1       0       0       0       001010500D    277
     110       0     -13       1       0                    LINE      58D    278
     102     623       1       1       0       0       0       001010500D    279
     102       0       0       1       0                  CCURVE       4D    280
     142     624       1       1       0       0       0       001010500D    281
     142       0       0       1       0                  UV_BND       2D    282
     144     625       1       1       0       0       0       000000000D    283
     144       0     -13       1       0                 TRM_SRF       2D    284
     128     626       1       1       0       0       0       001010000D    285
     128       0     -13       8       0                  SPLSRF       2D    286
     126     634       1       1       0       0       0       001010000D    287
     126       0       0      19       0                B_SPLINE      23D    288
     126     653       1       1       0       0       0       001010000D    289
     126       0       0      19       0                B_SPLINE      24D    290
     102     672       1       1       0       0       0       001010000D    291
     102       0       0       1       0                  CCURVE       5D    292
     126     673       1       1       0       0       0       001010500D    293
     126       0     -13      19       0                B_SPLINE      25D    294
     126     692       1       1       0       0       0       001010500D    295
     126       0     -13      17       0                B_SPLINE      26D    296
     102     709       1       1       0       0       0       001010500D    297
     102       0       0       1       0                  CCURVE       6D    298
     142     710       1       1       0       0       0       001010500D    299
     142       0       0       1       0                  UV_BND       3D    300
     102     711       1       1       0       0       0       001010000D    301
     102       0       0       1       0                  CCURVE       7D    302
     126     712       1       1       0       0       0       001010500D    303
     126       0     -13      13       0                B_SPLINE      27D    304
     126     725       1       1       0       0       0       001010500D    305
     126       0     -13      13       0                B_SPLINE      28D    306
     102     738       1       1       0       0       0       001010500D    307
     102       0       0       1       0                  CCURVE       8D    308
     142     739       1       1       0       0       0       001010500D    309
     142       0       0       1       0                  UV_BND       4D    310
     144     740       1       1       0       0       0       000000000D    311
     144       0     -13       1       0                 TRM_SRF       3D    312
     128     741       1       1       0       0       0       001010000D    313
     128       0     -13     270       0                  SPLSRF       3D    314
     126    1011       1       1       0       0       0       001010000D    315
     126       0       0       8       0                B_SPLINE      29D    316
     102    1019       1       1       0       0       0       001010000D    317
     102       0       0       1       0                  CCURVE       9D    318
     110    1020       1       1       0       0       0       001010500D    319
     110       0     -13       2       0                    LINE      59D    320
     126    1022       1       1       0       0       0       001010500D    321
     126       0     -13      19       0                B_SPLINE      30D    322
     110    1041       1       1       0       0       0       001010500D    323
     110       0     -13       1       0                    LINE      60D    324
     110    1042       1       1       0       0       0       001010500D    325
     110       0     -13       1       0                    LINE      61D    326
     110    1043       1       1       0       0       0       001010500D    327
     110       0     -13       1       0                    LINE      62D    328
     102    1044       1       1       0       0       0       001010500D    329
     102       0       0       1       0                  CCURVE      10D    330
     142    1045       1       1       0       0       0       001010500D    331
     142       0       0       1       0                  UV_BND       5D    332
     144    1046       1       1       0       0       0       000000000D    333
     144       0     -13       1       0                 TRM_SRF       4D    334
     126    1047       1       1       0       0       0       001010000D    335
     126       0     -13      13       0                B_SPLINE      31D    336
     122    1060       1       1       0       0       0       001010000D    337
     122       0     -13       1       0                    TCYL       2D    338
     110    1061       1       1       0       0       0       001010000D    339
     110       0       0       2       0                    LINE      63D    340
     102    1063       1       1       0       0       0       001010000D    341
     102       0       0       1       0                  CCURVE      11D    342
     110    1064       1       1       0       0       0       001010500D    343
     110       0     -13       2       0                    LINE      64D    344
     110    1066       1       1       0       0       0       001010500D    345
     110       0     -13       2       0                    LINE      65D    346
     110    1068       1       1       0       0       0       001010500D    347
     110       0     -13       2       0                    LINE      66D    348
     110    1070       1       1       0       0       0       001010500D    349
     110       0     -13       2       0                    LINE      67D    350
     110    1072       1       1       0       0       0       001010500D    351
     110       0     -13       2       0                    LINE      68D    352
     102    1074       1       1       0       0       0       001010500D    353
     102       0       0       1       0                  CCURVE      12D    354
     142    1075       1       1       0       0       0       001010500D    355
     142       0       0       1       0                  UV_BND       6D    356
     144    1076       1       1       0       0       0       000000000D    357
     144       0     -13       1       0                 TRM_SRF       5D    358
     128    1077       1       1       0       0       0       001010000D    359
     128       0       3       5       0                  SPLSRF       4D    360
     124    1082       1       1       0       0       0       001000000D    361
     124       0       0       2       0                   XFORM      21D    362
     100    1084       1       1       0       0     361       001010000D    363
     100       0       0       1       0                     ARC      21D    364
     124    1085       1       1       0       0       0       001000000D    365
     124       0       0       2       0                   XFORM      22D    366
     100    1087       1       1       0       0     365       001010000D    367
     100       0       0       1       0                     ARC      22D    368
     110    1088       1       1       0       0       0       001010000D    369
     110       0       0       1       0                    LINE      69D    370
     124    1089       1       1       0       0       0       001000000D    371
     124       0       0       2       0                   XFORM      23D    372
     100    1091       1       1       0       0     371       001010000D    373
     100       0       0       1       0                     ARC      23D    374
     124    1092       1       1       0       0       0       001000000D    375
     124       0       0       2       0                   XFORM      24D    376
     100    1094       1       1       0       0     375       001010000D    377
     100       0       0       1       0                     ARC      24D    378
     110    1095       1       1       0       0       0       001010000D    379
     110       0       0       1       0                    LINE      70D    380
     124    1096       1       1       0       0       0       001000000D    381
     124       0       0       2       0                   XFORM      25D    382
     100    1098       1       1       0       0     381       001010000D    383
     100       0       0       1       0                     ARC      25D    384
     124    1099       1       1       0       0       0       001000000D    385
     124       0       0       2       0                   XFORM      26D    386
     100    1101       1       1       0       0     385       001010000D    387
     100       0       0       1       0                     ARC      26D    388
     110    1102       1       1       0       0       0       001010000D    389
     110       0       0       1       0                    LINE      71D    390
     110    1103       1       1       0       0       0       001010000D    391
     110       0       0       1       0                    LINE      72D    392
     102    1104       1       1       0       0       0       001010000D    393
     102       0       0       2       0                  CCURVE      13D    394
     126    1106       1       1       0       0       0       001010500D    395
     126       0     -13      10       0                B_SPLINE      32D    396
     110    1116       1       1       0       0       0       001010500D    397
     110       0     -13       1       0                    LINE      73D    398
     126    1117       1       1       0       0       0       001010500D    399
     126       0     -13      10       0                B_SPLINE      33D    400
     110    1127       1       1       0       0       0       001010500D    401
     110       0     -13       1       0                    LINE      74D    402
     126    1128       1       1       0       0       0       001010500D    403
     126       0     -13      10       0                B_SPLINE      34D    404
     110    1138       1       1       0       0       0       001010500D    405
     110       0     -13       1       0                    LINE      75D    406
     126    1139       1       1       0       0       0       001010500D    407
     126       0     -13      10       0                B_SPLINE      35D    408
     110    1149       1       1       0       0       0       001010500D    409
     110       0     -13       1       0                    LINE      76D    410
     126    1150       1       1       0       0       0       001010500D    411
     126       0     -13      10       0                B_SPLINE      36D    412
     110    1160       1       1       0       0       0       001010500D    413
     110       0     -13       1       0                    LINE      77D    414
     126    1161       1       1       0       0       0       001010500D    415
     126       0     -13      10       0                B_SPLINE      37D    416
     110    1171       1       1       0       0       0       001010500D    417
     110       0     -13       1       0                    LINE      78D    418
     126    1172       1       1       0       0       0       001010500D    419
     126       0     -13      10       0                B_SPLINE      38D    420
     110    1182       1       1       0       0       0       001010500D    421
     110       0     -13       1       0                    LINE      79D    422
     126    1183       1       1       0       0       0       001010500D    423
     126       0     -13      10       0                B_SPLINE      39D    424
     110    1193       1       1       0       0       0       001010500D    425
     110       0     -13       1       0                    LINE      80D    426
     110    1194       1       1       0       0       0       001010500D    427
     110       0     -13       1       0                    LINE      81D    428
     110    1195       1       1       0       0       0       001010500D    429
     110       0     -13       1       0                    LINE      82D    430
     110    1196       1       1       0       0       0       001010500D    431
     110       0     -13       1       0                    LINE      83D    432
     110    1197       1       1       0       0       0       001010500D    433
     110       0     -13       1       0                    LINE      84D    434
     102    1198       1       1       0       0       0       001010500D    435
     102       0       0       2       0                  CCURVE      14D    436
     142    1200       1       1       0       0       0       001010500D    437
     142       0       0       1       0                  UV_BND       7D    438
     124    1201       1       1       0       0       0       001000000D    439
     124       0       0       2       0                   XFORM      27D    440
     100    1203       1       1       0       0     439       001010000D    441
     100       0       0       1       0                     ARC      27D    442
     124    1204       1       1       0       0       0       001000000D    443
     124       0       0       2       0                   XFORM      28D    444
     100    1206       1       1       0       0     443       001010000D    445
     100       0       0       1       0                     ARC      28D    446
     102    1207       1       1       0       0       0       001010000D    447
     102       0       0       1       0                  CCURVE      15D    448
     126    1208       1       1       0       0       0       001010500D    449
     126       0     -13      16       0                B_SPLINE      40D    450
     126    1224       1       1       0       0       0       001010500D    451
     126       0     -13      16       0                B_SPLINE      41D    452
     102    1240       1       1       0       0       0       001010500D    453
     102       0       0       1       0                  CCURVE      16D    454
     142    1241       1       1       0       0       0       001010500D    455
     142       0       0       1       0                  UV_BND       8D    456
     126    1242       1       1       0       0       0       001010000D    457
     126       0       0       8       0                B_SPLINE      42D    458
     126    1250       1       1       0       0       0       001010000D    459
     126       0       0       8       0                B_SPLINE      43D    460
     102    1258       1       1       0       0       0       001010000D    461
     102       0       0       1       0                  CCURVE      17D    462
     126    1259       1       1       0       0       0       001010500D    463
     126       0     -13      18       0                B_SPLINE      44D    464
     126    1277       1       1       0       0       0       001010500D    465
     126       0     -13      17       0                B_SPLINE      45D    466
     102    1294       1       1       0       0       0       001010500D    467
     102       0       0       1       0                  CCURVE      18D    468
     142    1295       1       1       0       0       0       001010500D    469
     142       0       0       1       0                  UV_BND       9D    470
     144    1296       1       1       0       0       0       000000000D    471
     144       0       3       1       0                 TRM_SRF       6D    472
     110    1297       1       1       0       0       0       001010000D    473
     110       0     -13       2       0                    LINE      85D    474
     110    1299       1       1       0       0       0       001010000D    475
     110       0     -13       2       0                    LINE      86D    476
     120    1301       1       1       0       0       0       001010000D    477
     120       0     -13       1       0                    SREV       1D    478
     110    1302       1       1       0       0       0       001010000D    479
     110       0       0       2       0                    LINE      87D    480
     102    1304       1       1       0       0       0       001010000D    481
     102       0       0       1       0                  CCURVE      19D    482
     110    1305       1       1       0       0       0       001010500D    483
     110       0     -13       2       0                    LINE      88D    484
     110    1307       1       1       0       0       0       001010500D    485
     110       0     -13       2       0                    LINE      89D    486
     110    1309       1       1       0       0       0       001010500D    487
     110       0     -13       2       0                    LINE      90D    488
     110    1311       1       1       0       0       0       001010500D    489
     110       0     -13       2       0                    LINE      91D    490
     102    1313       1       1       0       0       0       001010500D    491
     102       0       0       1       0                  CCURVE      20D    492
     142    1314       1       1       0       0       0       001010500D    493
     142       0       0       1       0                  UV_BND      10D    494
     144    1315       1       1       0       0       0       000000000D    495
     144       0     -13       1       0                 TRM_SRF       7D    496
     110    1316       1       1       0       0       0       001010000D    497
     110       0     -13       2       0                    LINE      92D    498
     110    1318       1       1       0       0       0       001010000D    499
     110       0     -13       2       0                    LINE      93D    500
     120    1320       1       1       0       0       0       001010000D    501
     120       0     -13       1       0                    SREV       2D    502
     110    1321       1       1       0       0       0       001010000D    503
     110       0       0       2       0                    LINE      94D    504
     102    1323       1       1       0       0       0       001010000D    505
     102       0       0       1       0                  CCURVE      21D    506
     110    1324       1       1       0       0       0       001010500D    507
     110       0     -13       2       0                    LINE      95D    508
     110    1326       1       1       0       0       0       001010500D    509
     110       0     -13       1       0                    LINE      96D    510
     110    1327       1       1       0       0       0       001010500D    511
     110       0     -13       2       0                    LINE      97D    512
     110    1329       1       1       0       0       0       001010500D    513
     110       0     -13       2       0                    LINE      98D    514
     102    1331       1       1       0       0       0       001010500D    515
     102       0       0       1       0                  CCURVE      22D    516
     142    1332       1       1       0       0       0       001010500D    517
     142       0       0       1       0                  UV_BND      11D    518
     126    1333       1       1       0       0       0       001010000D    519
     126       0       0       8       0                B_SPLINE      46D    520
     126    1341       1       1       0       0       0       001010000D    521
     126       0       0       8       0                B_SPLINE      47D    522
     102    1349       1       1       0       0       0       001010000D    523
     102       0       0       1       0                  CCURVE      23D    524
     126    1350       1       1       0       0       0       001010500D    525
     126       0     -13       7       0                B_SPLINE      48D    526
     126    1357       1       1       0       0       0       001010500D    527
     126       0     -13      21       0                B_SPLINE      49D    528
     126    1378       1       1       0       0       0       001010500D    529
     126       0     -13       7       0                B_SPLINE      50D    530
     126    1385       1       1       0       0       0       001010500D    531
     126       0     -13       8       0                B_SPLINE      51D    532
     102    1393       1       1       0       0       0       001010500D    533
     102       0       0       1       0                  CCURVE      24D    534
     142    1394       1       1       0       0       0       001010500D    535
     142       0       0       1       0                  UV_BND      12D    536
     144    1395       1       1       0       0       0       000000000D    537
     144       0     -13       1       0                 TRM_SRF       8D    538
     128    1396       1       1       0       0       0       001010000D    539
     128       0     -13       8       0                  SPLSRF       5D    540
     102    1404       1       1       0       0       0       001010000D    541
     102       0       0       1       0                  CCURVE      25D    542
     126    1405       1       1       0       0       0       001010500D    543
     126       0     -13      13       0                B_SPLINE      52D    544
     126    1418       1       1       0       0       0       001010500D    545
     126       0     -13      13       0                B_SPLINE      53D    546
     102    1431       1       1       0       0       0       001010500D    547
     102       0       0       1       0                  CCURVE      26D    548
     142    1432       1       1       0       0       0       001010500D    549
     142       0       0       1       0                  UV_BND      13D    550
     144    1433       1       1       0       0       0       000000000D    551
     144       0     -13       1       0                 TRM_SRF       9D    552
     128    1434       1       1       0       0       0       001010000D    553
     128       0     -13      26       0                  SPLSRF       6D    554
     126    1460       1       1       0       0       0       001010000D    555
     126       0       0       6       0                B_SPLINE      54D    556
     102    1466       1       1       0       0       0       001010000D    557
     102       0       0       1       0                  CCURVE      27D    558
     126    1467       1       1       0       0       0       001010500D    559
     126       0     -13       7       0                B_SPLINE      55D    560
     110    1474       1       1       0       0       0       001010500D    561
     110       0     -13       1       0                    LINE      99D    562
     126    1475       1       1       0       0       0       001010500D    563
     126       0     -13       6       0                B_SPLINE      56D    564
     110    1481       1       1       0       0       0       001010500D    565
     110       0     -13       2       0                    LINE     100D    566
     110    1483       1       1       0       0       0       001010500D    567
     110       0     -13       1       0                    LINE     101D    568
     110    1484       1       1       0       0       0       001010500D    569
     110       0     -13       2       0                    LINE     102D    570
     102    1486       1       1       0       0       0       001010500D    571
     102       0       0       1       0                  CCURVE      28D    572
     142    1487       1       1       0       0       0       001010500D    573
     142       0       0       1       0                  UV_BND      14D    574
     144    1488       1       1       0       0       0       000000000D    575
     144       0     -13       1       0                 TRM_SRF      10D    576
     128    1489       1       1       0       0       0       001010000D    577
     128       0     -13       9       0                  SPLSRF       7D    578
     102    1498       1       1       0       0       0       001010000D    579
     102       0       0       1       0                  CCURVE      29D    580
     126    1499       1       1       0       0       0       001010500D    581
     126       0     -13       8       0                B_SPLINE      57D    582
     126    1507       1       1       0       0       0       001010500D    583
     126       0     -13      12       0                B_SPLINE      58D    584
     102    1519       1       1       0       0       0       001010500D    585
     102       0       0       1       0                  CCURVE      30D    586
     142    1520       1       1       0       0       0       001010500D    587
     142       0       0       1       0                  UV_BND      15D    588
     144    1521       1       1       0       0       0       000000000D    589
     144       0     -13       1       0                 TRM_SRF      11D    590
     128    1522       1       1       0       0       0       001010000D    591
     128       0     -13      29       0                  SPLSRF       8D    592
     126    1551       1       1       0       0       0       001010000D    593
     126       0       0       6       0                B_SPLINE      59D    594
     126    1557       1       1       0       0       0       001010000D    595
     126       0       0      27       0                B_SPLINE      60D    596
     102    1584       1       1       0       0       0       001010000D    597
     102       0       0       1       0                  CCURVE      31D    598
     110    1585       1       1       0       0       0       001010500D    599
     110       0     -13       2       0                    LINE     103D    600
     110    1587       1       1       0       0       0       001010500D    601
     110       0     -13       1       0                    LINE     104D    602
     110    1588       1       1       0       0       0       001010500D    603
     110       0     -13       2       0                    LINE     105D    604
     126    1590       1       1       0       0       0       001010500D    605
     126       0     -13      21       0                B_SPLINE      61D    606
     102    1611       1       1       0       0       0       001010500D    607
     102       0       0       1       0                  CCURVE      32D    608
     142    1612       1       1       0       0       0       001010500D    609
     142       0       0       1       0                  UV_BND      16D    610
     144    1613       1       1       0       0       0       000000000D    611
     144       0     -13       1       0                 TRM_SRF      12D    612
     110    1614       1       1       0       0       0       001010000D    613
     110       0       3       2       0                    LINE     106D    614
     110    1616       1       1       0       0       0       001010000D    615
     110       0       3       2       0                    LINE     107D    616
     120    1618       1       1       0       0       0       001010000D    617
     120       0       3       1       0                    SREV       3D    618
     110    1619       1       1       0       0       0       001010000D    619
     110       0       0       1       0                    LINE     108D    620
     102    1620       1       1       0       0       0       001010000D    621
     102       0       0       1       0                  CCURVE      33D    622
     110    1621       1       1       0       0       0       001010500D    623
     110       0     -13       2       0                    LINE     109D    624
     110    1623       1       1       0       0       0       001010500D    625
     110       0     -13       2       0                    LINE     110D    626
     110    1625       1       1       0       0       0       001010500D    627
     110       0     -13       1       0                    LINE     111D    628
     110    1626       1       1       0       0       0       001010500D    629
     110       0     -13       2       0                    LINE     112D    630
     102    1628       1       1       0       0       0       001010500D    631
     102       0       0       1       0                  CCURVE      34D    632
     142    1629       1       1       0       0       0       001010500D    633
     142       0       0       1       0                  UV_BND      17D    634
     144    1630       1       1       0       0       0       000000000D    635
     144       0       3       1       0                 TRM_SRF      13D    636
     128    1631       1       1       0       0       0       001010000D    637
     128       0       3       7       0                  SPLSRF       9D    638
     102    1638       1       1       0       0       0       001010000D    639
     102       0       0       1       0                  CCURVE      35D    640
     110    1639       1       1       0       0       0       001010500D    641
     110       0     -13       1       0                    LINE     113D    642
     110    1640       1       1       0       0       0       001010500D    643
     110       0     -13       1       0                    LINE     114D    644
     110    1641       1       1       0       0       0       001010500D    645
     110       0     -13       1       0                    LINE     115D    646
     110    1642       1       1       0       0       0       001010500D    647
     110       0     -13       1       0                    LINE     116D    648
     102    1643       1       1       0       0       0       001010500D    649
     102       0       0       1       0                  CCURVE      36D    650
     142    1644       1       1       0       0       0       001010500D    651
     142       0       0       1       0                  UV_BND      18D    652
     144    1645       1       1       0       0       0       000000000D    653
     144       0       3       1       0                 TRM_SRF      14D    654
     128    1646       1       1       0       0       0       001010000D    655
     128       0       3       9       0                  SPLSRF      10D    656
     110    1655       1       1       0       0       0       001010000D    657
     110       0       0       1       0                    LINE     117D    658
     110    1656       1       1       0       0       0       001010000D    659
     110       0       0       1       0                    LINE     118D    660
     102    1657       1       1       0       0       0       001010000D    661
     102       0       0       1       0                  CCURVE      37D    662
     110    1658       1       1       0       0       0       001010500D    663
     110       0     -13       1       0                    LINE     119D    664
     110    1659       1       1       0       0       0       001010500D    665
     110       0     -13       1       0                    LINE     120D    666
     110    1660       1       1       0       0       0       001010500D    667
     110       0     -13       1       0                    LINE     121D    668
     110    1661       1       1       0       0       0       001010500D    669
     110       0     -13       1       0                    LINE     122D    670
     102    1662       1       1       0       0       0       001010500D    671
     102       0       0       1       0                  CCURVE      38D    672
     142    1663       1       1       0       0       0       001010500D    673
     142       0       0       1       0                  UV_BND      19D    674
     144    1664       1       1       0       0       0       000000000D    675
     144       0       3       1       0                 TRM_SRF      15D    676
     128    1665       1       1       0       0       0       001010000D    677
     128       0      -1       7       0                  SPLSRF      11D    678
     110    1672       1       1       0       0       0       001010000D    679
     110       0       0       1       0                    LINE     123D    680
     102    1673       1       1       0       0       0       001010000D    681
     102       0       0       1       0                  CCURVE      39D    682
     110    1674       1       1       0       0       0       001010500D    683
     110       0     -13       1       0                    LINE     124D    684
     110    1675       1       1       0       0       0       001010500D    685
     110       0     -13       1       0                    LINE     125D    686
     110    1676       1       1       0       0       0       001010500D    687
     110       0     -13       1       0                    LINE     126D    688
     110    1677       1       1       0       0       0       001010500D    689
     110       0     -13       1       0                    LINE     127D    690
     102    1678       1       1       0       0       0       001010500D    691
     102       0       0       1       0                  CCURVE      40D    692
     142    1679       1       1       0       0       0       001010500D    693
     142       0       0       1       0                  UV_BND      20D    694
     144    1680       1       1       0       0       0       000000000D    695
     144       0      -1       1       0                 TRM_SRF      16D    696
     128    1681       1       1       0       0       0       001010000D    697
     128       0       3       9       0                  SPLSRF      12D    698
     102    1690       1       1       0       0       0       001010000D    699
     102       0       0       1       0                  CCURVE      41D    700
     110    1691       1       1       0       0       0       001010500D    701
     110       0     -13       1       0                    LINE     128D    702
     110    1692       1       1       0       0       0       001010500D    703
     110       0     -13       1       0                    LINE     129D    704
     110    1693       1       1       0       0       0       001010500D    705
     110       0     -13       1       0                    LINE     130D    706
     110    1694       1       1       0       0       0       001010500D    707
     110       0     -13       1       0                    LINE     131D    708
     102    1695       1       1       0       0       0       001010500D    709
     102       0       0       1       0                  CCURVE      42D    710
     142    1696       1       1       0       0       0       001010500D    711
     142       0       0       1       0                  UV_BND      21D    712
     144    1697       1       1       0       0       0       000000000D    713
     144       0       3       1       0                 TRM_SRF      17D    714
     128    1698       1       1       0       0       0       001010000D    715
     128       0       3       8       0                  SPLSRF      13D    716
     110    1706       1       1       0       0       0       001010000D    717
     110       0       0       1       0                    LINE     132D    718
     102    1707       1       1       0       0       0       001010000D    719
     102       0       0       1       0                  CCURVE      43D    720
     110    1708       1       1       0       0       0       001010500D    721
     110       0     -13       1       0                    LINE     133D    722
     110    1709       1       1       0       0       0       001010500D    723
     110       0     -13       1       0                    LINE     134D    724
     110    1710       1       1       0       0       0       001010500D    725
     110       0     -13       1       0                    LINE     135D    726
     110    1711       1       1       0       0       0       001010500D    727
     110       0     -13       1       0                    LINE     136D    728
     102    1712       1       1       0       0       0       001010500D    729
     102       0       0       1       0                  CCURVE      44D    730
     142    1713       1       1       0       0       0       001010500D    731
     142       0       0       1       0                  UV_BND      22D    732
     144    1714       1       1       0       0       0       000000000D    733
     144       0       3       1       0                 TRM_SRF      18D    734
     110    1715       1       1       0       0       0       001010000D    735
     110       0       3       2       0                    LINE     137D    736
     110    1717       1       1       0       0       0       001010000D    737
     110       0       3       2       0                    LINE     138D    738
     120    1719       1       1       0       0       0       001010000D    739
     120       0       3       1       0                    SREV       4D    740
     110    1720       1       1       0       0       0       001010000D    741
     110       0       0       1       0                    LINE     139D    742
     102    1721       1       1       0       0       0       001010000D    743
     102       0       0       1       0                  CCURVE      45D    744
     110    1722       1       1       0       0       0       001010500D    745
     110       0     -13       2       0                    LINE     140D    746
     110    1724       1       1       0       0       0       001010500D    747
     110       0     -13       2       0                    LINE     141D    748
     110    1726       1       1       0       0       0       001010500D    749
     110       0     -13       1       0                    LINE     142D    750
     110    1727       1       1       0       0       0       001010500D    751
     110       0     -13       2       0                    LINE     143D    752
     102    1729       1       1       0       0       0       001010500D    753
     102       0       0       1       0                  CCURVE      46D    754
     142    1730       1       1       0       0       0       001010500D    755
     142       0       0       1       0                  UV_BND      23D    756
     144    1731       1       1       0       0       0       000000000D    757
     144       0       3       1       0                 TRM_SRF      19D    758
     128    1732       1       1       0       0       0       001010000D    759
     128       0       3       7       0                  SPLSRF      14D    760
     110    1739       1       1       0       0       0       001010000D    761
     110       0       0       1       0                    LINE     144D    762
     102    1740       1       1       0       0       0       001010000D    763
     102       0       0       1       0                  CCURVE      47D    764
     110    1741       1       1       0       0       0       001010500D    765
     110       0     -13       1       0                    LINE     145D    766
     110    1742       1       1       0       0       0       001010500D    767
     110       0     -13       1       0                    LINE     146D    768
     110    1743       1       1       0       0       0       001010500D    769
     110       0     -13       1       0                    LINE     147D    770
     110    1744       1       1       0       0       0       001010500D    771
     110       0     -13       1       0                    LINE     148D    772
     102    1745       1       1       0       0       0       001010500D    773
     102       0       0       1       0                  CCURVE      48D    774
     142    1746       1       1       0       0       0       001010500D    775
     142       0       0       1       0                  UV_BND      24D    776
     144    1747       1       1       0       0       0       000000000D    777
     144       0       3       1       0                 TRM_SRF      20D    778
     110    1748       1       1       0       0       0       001010000D    779
     110       0       3       2       0                    LINE     149D    780
     110    1750       1       1       0       0       0       001010000D    781
     110       0       3       2       0                    LINE     150D    782
     120    1752       1       1       0       0       0       001010000D    783
     120       0       3       1       0                    SREV       5D    784
     110    1753       1       1       0       0       0       001010000D    785
     110       0       0       1       0                    LINE     151D    786
     102    1754       1       1       0       0       0       001010000D    787
     102       0       0       1       0                  CCURVE      49D    788
     110    1755       1       1       0       0       0       001010500D    789
     110       0     -13       2       0                    LINE     152D    790
     110    1757       1       1       0       0       0       001010500D    791
     110       0     -13       2       0                    LINE     153D    792
     110    1759       1       1       0       0       0       001010500D    793
     110       0     -13       1       0                    LINE     154D    794
     110    1760       1       1       0       0       0       001010500D    795
     110       0     -13       2       0                    LINE     155D    796
     102    1762       1       1       0       0       0       001010500D    797
     102       0       0       1       0                  CCURVE      50D    798
     142    1763       1       1       0       0       0       001010500D    799
     142       0       0       1       0                  UV_BND      25D    800
     144    1764       1       1       0       0       0       000000000D    801
     144       0       3       1       0                 TRM_SRF      21D    802
     128    1765       1       1       0       0       0       001010000D    803
     128       0       3       7       0                  SPLSRF      15D    804
     102    1772       1       1       0       0       0       001010000D    805
     102       0       0       1       0                  CCURVE      51D    806
     110    1773       1       1       0       0       0       001010500D    807
     110       0     -13       1       0                    LINE     156D    808
     110    1774       1       1       0       0       0       001010500D    809
     110       0     -13       1       0                    LINE     157D    810
     110    1775       1       1       0       0       0       001010500D    811
     110       0     -13       1       0                    LINE     158D    812
     110    1776       1       1       0       0       0       001010500D    813
     110       0     -13       1       0                    LINE     159D    814
     102    1777       1       1       0       0       0       001010500D    815
     102       0       0       1       0                  CCURVE      52D    816
     142    1778       1       1       0       0       0       001010500D    817
     142       0       0       1       0                  UV_BND      26D    818
     144    1779       1       1       0       0       0       000000000D    819
     144       0       3       1       0                 TRM_SRF      22D    820
     110    1780       1       1       0       0       0       001010000D    821
     110       0       3       2       0                    LINE     160D    822
     110    1782       1       1       0       0       0       001010000D    823
     110       0       3       2       0                    LINE     161D    824
     120    1784       1       1       0       0       0       001010000D    825
     120       0       3       1       0                    SREV       6D    826
     124    1785       1       1       0       0       0       001000000D    827
     124       0       0       2       0                   XFORM      29D    828
     100    1787       1       1       0       0     827       001010000D    829
     100       0       0       1       0                     ARC      29D    830
     102    1788       1       1       0       0       0       001010000D    831
     102       0       0       1       0                  CCURVE      53D    832
     110    1789       1       1       0       0       0       001010500D    833
     110       0     -13       1       0                    LINE     162D    834
     110    1790       1       1       0       0       0       001010500D    835
     110       0     -13       2       0                    LINE     163D    836
     110    1792       1       1       0       0       0       001010500D    837
     110       0     -13       2       0                    LINE     164D    838
     110    1794       1       1       0       0       0       001010500D    839
     110       0     -13       2       0                    LINE     165D    840
     102    1796       1       1       0       0       0       001010500D    841
     102       0       0       1       0                  CCURVE      54D    842
     142    1797       1       1       0       0       0       001010500D    843
     142       0       0       1       0                  UV_BND      27D    844
     144    1798       1       1       0       0       0       000000000D    845
     144       0       3       1       0                 TRM_SRF      23D    846
     128    1799       1       1       0       0       0       001010000D    847
     128       0       3       8       0                  SPLSRF      16D    848
     110    1807       1       1       0       0       0       001010000D    849
     110       0       0       1       0                    LINE     166D    850
     102    1808       1       1       0       0       0       001010000D    851
     102       0       0       1       0                  CCURVE      55D    852
     110    1809       1       1       0       0       0       001010500D    853
     110       0     -13       1       0                    LINE     167D    854
     110    1810       1       1       0       0       0       001010500D    855
     110       0     -13       1       0                    LINE     168D    856
     110    1811       1       1       0       0       0       001010500D    857
     110       0     -13       1       0                    LINE     169D    858
     110    1812       1       1       0       0       0       001010500D    859
     110       0     -13       1       0                    LINE     170D    860
     102    1813       1       1       0       0       0       001010500D    861
     102       0       0       1       0                  CCURVE      56D    862
     142    1814       1       1       0       0       0       001010500D    863
     142       0       0       1       0                  UV_BND      28D    864
     144    1815       1       1       0       0       0       000000000D    865
     144       0       3       1       0                 TRM_SRF      24D    866
     110    1816       1       1       0       0       0       001010000D    867
     110       0       3       2       0                    LINE     171D    868
     110    1818       1       1       0       0       0       001010000D    869
     110       0       3       2       0                    LINE     172D    870
     120    1820       1       1       0       0       0       001010000D    871
     120       0       3       1       0                    SREV       7D    872
     110    1821       1       1       0       0       0       001010000D    873
     110       0       0       1       0                    LINE     173D    874
     102    1822       1       1       0       0       0       001010000D    875
     102       0       0       1       0                  CCURVE      57D    876
     110    1823       1       1       0       0       0       001010500D    877
     110       0     -13       2       0                    LINE     174D    878
     110    1825       1       1       0       0       0       001010500D    879
     110       0     -13       2       0                    LINE     175D    880
     110    1827       1       1       0       0       0       001010500D    881
     110       0     -13       1       0                    LINE     176D    882
     110    1828       1       1       0       0       0       001010500D    883
     110       0     -13       2       0                    LINE     177D    884
     102    1830       1       1       0       0       0       001010500D    885
     102       0       0       1       0                  CCURVE      58D    886
     142    1831       1       1       0       0       0       001010500D    887
     142       0       0       1       0                  UV_BND      29D    888
     144    1832       1       1       0       0       0       000000000D    889
     144       0       3       1       0                 TRM_SRF      25D    890
     128    1833       1       1       0       0       0       001010000D    891
     128       0      -1       6       0                  SPLSRF      17D    892
     110    1839       1       1       0       0       0       001010000D    893
     110       0       0       1       0                    LINE     178D    894
     102    1840       1       1       0       0       0       001010000D    895
     102       0       0       1       0                  CCURVE      59D    896
     110    1841       1       1       0       0       0       001010500D    897
     110       0     -13       1       0                    LINE     179D    898
     110    1842       1       1       0       0       0       001010500D    899
     110       0     -13       1       0                    LINE     180D    900
     110    1843       1       1       0       0       0       001010500D    901
     110       0     -13       1       0                    LINE     181D    902
     110    1844       1       1       0       0       0       001010500D    903
     110       0     -13       1       0                    LINE     182D    904
     102    1845       1       1       0       0       0       001010500D    905
     102       0       0       1       0                  CCURVE      60D    906
     142    1846       1       1       0       0       0       001010500D    907
     142       0       0       1       0                  UV_BND      30D    908
     144    1847       1       1       0       0       0       000000000D    909
     144       0      -1       1       0                 TRM_SRF      26D    910
     110    1848       1       1       0       0       0       001010000D    911
     110       0       3       2       0                    LINE     183D    912
     110    1850       1       1       0       0       0       001010000D    913
     110       0       3       2       0                    LINE     184D    914
     120    1852       1       1       0       0       0       001010000D    915
     120       0       3       1       0                    SREV       8D    916
     110    1853       1       1       0       0       0       001010000D    917
     110       0       0       1       0                    LINE     185D    918
     102    1854       1       1       0       0       0       001010000D    919
     102       0       0       1       0                  CCURVE      61D    920
     110    1855       1       1       0       0       0       001010500D    921
     110       0     -13       2       0                    LINE     186D    922
     110    1857       1       1       0       0       0       001010500D    923
     110       0     -13       2       0                    LINE     187D    924
     110    1859       1       1       0       0       0       001010500D    925
     110       0     -13       1       0                    LINE     188D    926
     110    1860       1       1       0       0       0       001010500D    927
     110       0     -13       2       0                    LINE     189D    928
     102    1862       1       1       0       0       0       001010500D    929
     102       0       0       1       0                  CCURVE      62D    930
     142    1863       1       1       0       0       0       001010500D    931
     142       0       0       1       0                  UV_BND      31D    932
     144    1864       1       1       0       0       0       000000000D    933
     144       0       3       1       0                 TRM_SRF      27D    934
     128    1865       1       1       0       0       0       001010000D    935
     128       0       3       8       0                  SPLSRF      18D    936
     102    1873       1       1       0       0       0       001010000D    937
     102       0       0       1       0                  CCURVE      63D    938
     110    1874       1       1       0       0       0       001010500D    939
     110       0     -13       1       0                    LINE     190D    940
     110    1875       1       1       0       0       0       001010500D    941
     110       0     -13       1       0                    LINE     191D    942
     110    1876       1       1       0       0       0       001010500D    943
     110       0     -13       1       0                    LINE     192D    944
     110    1877       1       1       0       0       0       001010500D    945
     110       0     -13       1       0                    LINE     193D    946
     102    1878       1       1       0       0       0       001010500D    947
     102       0       0       1       0                  CCURVE      64D    948
     142    1879       1       1       0       0       0       001010500D    949
     142       0       0       1       0                  UV_BND      32D    950
     144    1880       1       1       0       0       0       000000000D    951
     144       0       3       1       0                 TRM_SRF      28D    952
     110    1881       1       1       0       0       0       001010000D    953
     110       0       3       2       0                    LINE     194D    954
     110    1883       1       1       0       0       0       001010000D    955
     110       0       3       2       0                    LINE     195D    956
     120    1885       1       1       0       0       0       001010000D    957
     120       0       3       1       0                    SREV       9D    958
     124    1886       1       1       0       0       0       001000000D    959
     124       0       0       2       0                   XFORM      30D    960
     100    1888       1       1       0       0     959       001010000D    961
     100       0       0       1       0                     ARC      30D    962
     102    1889       1       1       0       0       0       001010000D    963
     102       0       0       1       0                  CCURVE      65D    964
     110    1890       1       1       0       0       0       001010500D    965
     110       0     -13       1       0                    LINE     196D    966
     110    1891       1       1       0       0       0       001010500D    967
     110       0     -13       2       0                    LINE     197D    968
     110    1893       1       1       0       0       0       001010500D    969
     110       0     -13       2       0                    LINE     198D    970
     110    1895       1       1       0       0       0       001010500D    971
     110       0     -13       2       0                    LINE     199D    972
     102    1897       1       1       0       0       0       001010500D    973
     102       0       0       1       0                  CCURVE      66D    974
     142    1898       1       1       0       0       0       001010500D    975
     142       0       0       1       0                  UV_BND      33D    976
     144    1899       1       1       0       0       0       000000000D    977
     144       0       3       1       0                 TRM_SRF      29D    978
     128    1900       1       1       0       0       0       001010000D    979
     128       0       3       8       0                  SPLSRF      19D    980
     110    1908       1       1       0       0       0       001010000D    981
     110       0       0       1       0                    LINE     200D    982
     102    1909       1       1       0       0       0       001010000D    983
     102       0       0       1       0                  CCURVE      67D    984
     110    1910       1       1       0       0       0       001010500D    985
     110       0     -13       1       0                    LINE     201D    986
     110    1911       1       1       0       0       0       001010500D    987
     110       0     -13       1       0                    LINE     202D    988
     110    1912       1       1       0       0       0       001010500D    989
     110       0     -13       1       0                    LINE     203D    990
     110    1913       1       1       0       0       0       001010500D    991
     110       0     -13       1       0                    LINE     204D    992
     102    1914       1       1       0       0       0       001010500D    993
     102       0       0       1       0                  CCURVE      68D    994
     142    1915       1       1       0       0       0       001010500D    995
     142       0       0       1       0                  UV_BND      34D    996
     144    1916       1       1       0       0       0       000000000D    997
     144       0       3       1       0                 TRM_SRF      30D    998
     110    1917       1       1       0       0       0       001010000D    999
     110       0       3       2       0                    LINE     205D   1000
     110    1919       1       1       0       0       0       001010000D   1001
     110       0       3       2       0                    LINE     206D   1002
     120    1921       1       1       0       0       0       001010000D   1003
     120       0       3       1       0                    SREV      10D   1004
     110    1922       1       1       0       0       0       001010000D   1005
     110       0       0       1       0                    LINE     207D   1006
     102    1923       1       1       0       0       0       001010000D   1007
     102       0       0       1       0                  CCURVE      69D   1008
     110    1924       1       1       0       0       0       001010500D   1009
     110       0     -13       2       0                    LINE     208D   1010
     110    1926       1       1       0       0       0       001010500D   1011
     110       0     -13       2       0                    LINE     209D   1012
     110    1928       1       1       0       0       0       001010500D   1013
     110       0     -13       1       0                    LINE     210D   1014
     110    1929       1       1       0       0       0       001010500D   1015
     110       0     -13       2       0                    LINE     211D   1016
     102    1931       1       1       0       0       0       001010500D   1017
     102       0       0       1       0                  CCURVE      70D   1018
     142    1932       1       1       0       0       0       001010500D   1019
     142       0       0       1       0                  UV_BND      35D   1020
     144    1933       1       1       0       0       0       000000000D   1021
     144       0       3       1       0                 TRM_SRF      31D   1022
     128    1934       1       1       0       0       0       001010000D   1023
     128       0      -1       7       0                  SPLSRF      20D   1024
     110    1941       1       1       0       0       0       001010000D   1025
     110       0       0       1       0                    LINE     212D   1026
     102    1942       1       1       0       0       0       001010000D   1027
     102       0       0       1       0                  CCURVE      71D   1028
     110    1943       1       1       0       0       0       001010500D   1029
     110       0     -13       1       0                    LINE     213D   1030
     110    1944       1       1       0       0       0       001010500D   1031
     110       0     -13       1       0                    LINE     214D   1032
     110    1945       1       1       0       0       0       001010500D   1033
     110       0     -13       1       0                    LINE     215D   1034
     110    1946       1       1       0       0       0       001010500D   1035
     110       0     -13       1       0                    LINE     216D   1036
     102    1947       1       1       0       0       0       001010500D   1037
     102       0       0       1       0                  CCURVE      72D   1038
     142    1948       1       1       0       0       0       001010500D   1039
     142       0       0       1       0                  UV_BND      36D   1040
     144    1949       1       1       0       0       0       000000000D   1041
     144       0      -1       1       0                 TRM_SRF      32D   1042
     128    1950       1       1       0       0       0       001010000D   1043
     128       0     -21       5       0                  SPLSRF      21D   1044
     110    1955       1       1       0       0       0       001010000D   1045
     110       0       0       1       0                    LINE     217D   1046
     102    1956       1       1       0       0       0       001010000D   1047
     102       0       0       2       0                  CCURVE      73D   1048
     126    1958       1       1       0       0       0       001010500D   1049
     126       0     -13      10       0                B_SPLINE      62D   1050
     110    1968       1       1       0       0       0       001010500D   1051
     110       0     -13       1       0                    LINE     218D   1052
     126    1969       1       1       0       0       0       001010500D   1053
     126       0     -13      10       0                B_SPLINE      63D   1054
     110    1979       1       1       0       0       0       001010500D   1055
     110       0     -13       1       0                    LINE     219D   1056
     126    1980       1       1       0       0       0       001010500D   1057
     126       0     -13      10       0                B_SPLINE      64D   1058
     110    1990       1       1       0       0       0       001010500D   1059
     110       0     -13       1       0                    LINE     220D   1060
     126    1991       1       1       0       0       0       001010500D   1061
     126       0     -13      10       0                B_SPLINE      65D   1062
     110    2001       1       1       0       0       0       001010500D   1063
     110       0     -13       1       0                    LINE     221D   1064
     126    2002       1       1       0       0       0       001010500D   1065
     126       0     -13      10       0                B_SPLINE      66D   1066
     110    2012       1       1       0       0       0       001010500D   1067
     110       0     -13       1       0                    LINE     222D   1068
     126    2013       1       1       0       0       0       001010500D   1069
     126       0     -13      10       0                B_SPLINE      67D   1070
     110    2023       1       1       0       0       0       001010500D   1071
     110       0     -13       1       0                    LINE     223D   1072
     126    2024       1       1       0       0       0       001010500D   1073
     126       0     -13      10       0                B_SPLINE      68D   1074
     110    2034       1       1       0       0       0       001010500D   1075
     110       0     -13       1       0                    LINE     224D   1076
     126    2035       1       1       0       0       0       001010500D   1077
     126       0     -13      10       0                B_SPLINE      69D   1078
     110    2045       1       1       0       0       0       001010500D   1079
     110       0     -13       1       0                    LINE     225D   1080
     110    2046       1       1       0       0       0       001010500D   1081
     110       0     -13       1       0                    LINE     226D   1082
     110    2047       1       1       0       0       0       001010500D   1083
     110       0     -13       1       0                    LINE     227D   1084
     110    2048       1       1       0       0       0       001010500D   1085
     110       0     -13       1       0                    LINE     228D   1086
     110    2049       1       1       0       0       0       001010500D   1087
     110       0     -13       1       0                    LINE     229D   1088
     102    2050       1       1       0       0       0       001010500D   1089
     102       0       0       2       0                  CCURVE      74D   1090
     142    2052       1       1       0       0       0       001010500D   1091
     142       0       0       1       0                  UV_BND      37D   1092
     144    2053       1       1       0       0       0       000000000D   1093
     144       0     -21       1       0                 TRM_SRF      33D   1094
314,0D0,7.529411764706D1,0D0;                                          1P      1
314,1.1D0,1.2D0,1D2;                                                   3P      2
314,1.1D1,1.1D1,1.1D1;                                                 5P      3
314,3.92D1,1.2D0,1.2D0;                                                7P      4
314,4.1D1,0D0,2.2D1;                                                   9P      5
314,7.529411764706D1,7.529411764706D1,0D0;                            11P      6
314,7.529411764706D1,7.529411764706D1,7.529411764706D1;               13P      7
314,8.784D1,9.49D1,1D2;                                               15P      8
314,9.6D1,9.6D1,9.6D1;                                                17P      9
314,9.8D1,6.27D1,0D0;                                                 19P     10
314,1D2,1D2,7.529411764706D1;                                         21P     11
314,1D2,1D2,9.49D1;                                                   23P     12
126,6,3,0,0,1,0,0D0,0D0,0D0,0D0,1.401915945514D-1,                    25P     13
4.188993310645D-1,6.256174904121D-1,1D0,1D0,1D0,1D0,1D0,1D0,1D0,      25P     14
1D0,1D0,1D0,1D0,2.241129221780D1,1.948716548253D1,-1D0,               25P     15
2.231130425552D1,1.956781236509D1,-1D0,2.207279198770D1,              25P     16
1.985868364706D1,-1D0,2.218994780498D1,2.052074813873D1,-1D0,         25P     17
2.285568113370D1,2.098647302924D1,-1D0,2.340294114655D1,              25P     18
2.089996861042D1,-1D0,2.373001660294D1,2.073468448352D1,-1D0,         25P     19
0D0,1D0,0D0,0D0,1D0;                                                  25P     20
110,2.373001081666D1,2.073467302533D1,-8D-1,2.373001660294D1,         27P     21
2.073468448352D1,-1D0;                                                27P     22
126,15,3,0,0,1,0,0D0,0D0,0D0,0D0,7.692307692308D-2,                   29P     23
1.538461538462D-1,2.307692307692D-1,3.076923076923D-1,                29P     24
3.846153846154D-1,4.615384615385D-1,5.384615384615D-1,                29P     25
6.153846153846D-1,6.923076923077D-1,7.692307692308D-1,                29P     26
8.461538461538D-1,9.230769230769D-1,1D0,1D0,1D0,1D0,1D0,1D0,1D0,      29P     27
1D0,1D0,1D0,1D0,1D0,1D0,1D0,1D0,1D0,1D0,1D0,1D0,1D0,                  29P     28
2.384453873663D1,2.043119793298D1,-1.2D0,2.377160560007D1,            29P     29
2.048532338816D1,-1.2D0,2.362096635295D1,2.057276568676D1,            29P     30
-1.2D0,2.339314908984D1,2.066219815571D1,-1.2D0,                      29P     31
2.316887190888D1,2.070682361405D1,-1.2D0,2.295208511377D1,            29P     32
2.070176943101D1,-1.2D0,2.275602908124D1,2.064612761274D1,            29P     33
-1.2D0,2.259123730487D1,2.054884420659D1,-1.2D0,                      29P     34
2.246820779320D1,2.042299769386D1,-1.2D0,2.238690193974D1,            29P     35
2.027307003892D1,-1.2D0,2.234575883991D1,2.011736755881D1,            29P     36
-1.2D0,2.233993700317D1,1.997613600916D1,-1.2D0,                      29P     37
2.236736558851D1,1.985025435931D1,-1.2D0,2.243252193840D1,            29P     38
1.973974733963D1,-1.2D0,2.249834712799D1,1.967389731390D1,            29P     39
-1.2D0,2.253685348977D1,1.964283939487D1,-1.2D0,0D0,1D0,0D0,0D0,      29P     40
1D0;                                                                  29P     41
126,6,3,0,0,1,0,0D0,0D0,0D0,0D0,2.5D-1,5D-1,7.5D-1,1D0,1D0,1D0,       31P     42
1D0,1D0,1D0,1D0,1D0,1D0,1D0,1D0,2.396372768230D1,                     31P     43
2.059180302390D1,-1D0,2.396372768230D1,2.059180302390D1,              31P     44
-1.026179938780D0,2.395752166199D1,2.058344051637D1,                  31P     45
-1.078527611827D0,2.393101244380D1,2.054771979266D1,                  31P     46
-1.145103569275D0,2.389133685293D1,2.049425760417D1,                  31P     47
-1.189586248497D0,2.386014053313D1,2.045222109022D1,-1.2D0,           31P     48
2.384453873663D1,2.043119793298D1,-1.2D0,0D0,1D0,0D0,0D0,1D0;         31P     49
126,4,3,0,0,1,0,0D0,0D0,0D0,0D0,3.824646575322D-1,1D0,1D0,1D0,        33P     50
1D0,1D0,1D0,1D0,1D0,1D0,2.373001660294D1,2.073468448352D1,-1D0,       33P     51
2.376059743049D1,2.071924145410D1,-1D0,2.383940677250D1,              33P     52
2.067658154234D1,-1D0,2.391664405932D1,2.062674492611D1,-1D0,         33P     53
2.396372768230D1,2.059180302390D1,-1D0,0D0,1D0,0D0,0D0,1D0;           33P     54
126,8,3,0,0,1,0,0D0,0D0,0D0,0D0,2.5D-1,3.75D-1,5D-1,6.25D-1,          35P     55
7.5D-1,1D0,1D0,1D0,1D0,1D0,1D0,1D0,1D0,1D0,1D0,1D0,1D0,1D0,           35P     56
2.356042D1,2.000159765739D1,-1.2D0,2.356042D1,2.003743099072D1,       35P     57
-1.2D0,2.354773965944D1,2.010900184634D1,-1.2D0,                      35P     58
2.345255390093D1,2.019764623137D1,-1.2D0,2.334542D1,                  35P     59
2.022607337040D1,-1.2D0,2.323828609907D1,2.019764623137D1,            35P     60
-1.2D0,2.314310034056D1,2.010900184634D1,-1.2D0,2.313042D1,           35P     61
2.003743099072D1,-1.2D0,2.313042D1,2.000159765739D1,-1.2D0,0D0,       35P     62
1D0,0D0,0D0,1D0;                                                      35P     63
126,8,3,0,0,1,0,0D0,0D0,0D0,0D0,2.5D-1,3.75D-1,5D-1,6.25D-1,          37P     64
7.5D-1,1D0,1D0,1D0,1D0,1D0,1D0,1D0,1D0,1D0,1D0,1D0,1D0,1D0,           37P     65
2.313042D1,2.000159765739D1,-1.2D0,2.313042D1,1.996576432406D1,       37P     66
-1.2D0,2.314310034056D1,1.989419346844D1,-1.2D0,                      37P     67
2.323828609907D1,1.980554908342D1,-1.2D0,2.334542D1,                  37P     68
1.977712194438D1,-1.2D0,2.345255390093D1,1.980554908342D1,            37P     69
-1.2D0,2.354773965944D1,1.989419346844D1,-1.2D0,2.356042D1,           37P     70
1.996576432406D1,-1.2D0,2.356042D1,2.000159765739D1,-1.2D0,0D0,       37P     71
1D0,0D0,0D0,1D0;                                                      37P     72
126,6,3,0,0,1,0,0D0,0D0,0D0,0D0,2.5D-1,5D-1,7.5D-1,1D0,1D0,1D0,       39P     73
1D0,1D0,1D0,1D0,1D0,1D0,1D0,1D0,2.241129221780D1,                     39P     74
1.948716548253D1,-1D0,2.241129221780D1,1.948716548253D1,              39P     75
-1.026179938780D0,2.241783003723D1,1.949527122973D1,                  39P     76
-1.078527611827D0,2.244575654614D1,1.952989519325D1,                  39P     77
-1.145103569275D0,2.248755335564D1,1.958171589207D1,                  39P     78
-1.189586248497D0,2.252041755770D1,1.962246172740D1,-1.2D0,           39P     79
2.253685348977D1,1.964283939487D1,-1.2D0,0D0,1D0,0D0,0D0,1D0;         39P     80
126,4,3,0,0,1,0,0D0,0D0,0D0,0D0,3.136404309482D-1,1D0,1D0,1D0,        41P     81
1D0,1D0,1D0,1D0,1D0,1D0,2.263331932593D1,1.934817072870D1,-1D0,       41P     82
2.260934215683D1,1.935987222568D1,-1D0,2.253350846474D1,              41P     83
1.939960509544D1,-1D0,2.246009540048D1,1.944780249871D1,-1D0,         41P     84
2.241129221780D1,1.948716548253D1,-1D0,0D0,1D0,0D0,0D0,1D0;           41P     85
126,32,3,0,0,1,0,0D0,0D0,0D0,0D0,3.438071257842D-2,                   43P     86
6.876142515685D-2,1.031421377353D-1,1.375228503137D-1,                43P     87
1.547132066029D-1,1.719035628921D-1,1.804987410367D-1,                43P     88
1.890939191813D-1,2.062842754705D-1,2.234746317598D-1,                43P     89
2.406649880490D-1,2.750457006274D-1,3.094264132058D-1,                43P     90
3.438071257842D-1,3.781878383627D-1,4.125685509411D-1,                43P     91
4.469492635195D-1,4.813299760979D-1,5.500914012548D-1,                43P     92
5.844721138332D-1,6.188528264116D-1,6.532335389900D-1,                43P     93
6.876142515685D-1,7.219949641469D-1,7.563756767253D-1,                43P     94
7.907563893037D-1,8.251371018822D-1,8.938985270390D-1,                43P     95
9.626599521959D-1,1D0,1D0,1D0,1D0,1D0,1D0,1D0,1D0,1D0,1D0,1D0,        43P     96
1D0,1D0,1D0,1D0,1D0,1D0,1D0,1D0,1D0,1D0,1D0,1D0,1D0,1D0,1D0,1D0,      43P     97
1D0,1D0,1D0,1D0,1D0,1D0,1D0,1D0,1D0,1D0,2.396372768230D1,             43P     98
2.059180302390D1,-1D0,2.398726949379D1,2.057433207280D1,-1D0,         43P     99
2.403399468592D1,2.053727557466D1,-1D0,2.410130661297D1,              43P    100
2.047479540367D1,-1D0,2.416602150974D1,2.040188417663D1,-1D0,         43P    101
2.421595696290D1,2.032828962921D1,-1D0,2.424988786790D1,              43P    102
2.025898997781D1,-1D0,2.426757352732D1,2.020917538211D1,-1D0,         43P    103
2.427787188372D1,2.016665128313D1,-1D0,2.428522340302D1,              43P    104
2.012216625898D1,-1D0,2.428799829528D1,2.006887121495D1,-1D0,         43P    105
2.428412567113D1,2.000933286579D1,-1D0,2.427186923360D1,              43P    106
1.993620409767D1,-1D0,2.424683989987D1,1.985266660824D1,-1D0,         43P    107
2.420752162228D1,1.976333706203D1,-1D0,2.416034354087D1,              43P    108
1.968130863211D1,-1D0,2.410702282020D1,1.960513368661D1,-1D0,         43P    109
2.404820903316D1,1.953507765145D1,-1D0,2.398400861861D1,              43P    110
1.947015060743D1,-1D0,2.388846498088D1,1.938903098993D1,-1D0,         43P    111
2.378252481942D1,1.932255470008D1,-1D0,2.366958341685D1,              43P    112
1.927215442512D1,-1D0,2.358126909675D1,1.924205896611D1,-1D0,         43P    113
2.349169325443D1,1.922014969551D1,-1D0,2.340238332818D1,              43P    114
1.920603143242D1,-1D0,2.331315838325D1,1.919888885754D1,-1D0,         43P    115
2.322375273475D1,1.919834526921D1,-1D0,2.313538445040D1,              43P    116
1.920393642013D1,-1D0,2.302042663955D1,1.921882537644D1,-1D0,         43P    117
2.288077526975D1,1.925020124379D1,-1D0,2.274354874371D1,              43P    118
1.929779991128D1,-1D0,2.266181294129D1,1.933426508569D1,-1D0,         43P    119
2.263331932593D1,1.934817072870D1,-1D0,0D0,1D0,0D0,0D0,1D0;           43P    120
126,17,3,0,0,1,0,0D0,0D0,0D0,0D0,6.666666666667D-2,                   45P    121
1.333333333333D-1,2D-1,2.666666666667D-1,3.333333333333D-1,4D-1,      45P    122
4.666666666667D-1,5.333333333333D-1,6D-1,6.666666666667D-1,           45P    123
7.333333333333D-1,8D-1,8.666666666667D-1,9.333333333333D-1,1D0,       45P    124
1D0,1D0,1D0,1D0,1D0,1D0,1D0,1D0,1D0,1D0,1D0,1D0,1D0,1D0,1D0,1D0,      45P    125
1D0,1D0,1D0,1D0,1D0,2.253685348977D1,1.964283939487D1,-1.2D0,         45P    126
2.258990726037D1,1.960012555374D1,-1.2D0,2.271058537519D1,            45P    127
1.952487417245D1,-1.2D0,2.294266259474D1,1.943494938722D1,            45P    128
-1.2D0,2.320375488233D1,1.939070673730D1,-1.2D0,                      45P    129
2.343667397323D1,1.940582280735D1,-1.2D0,2.363091591145D1,            45P    130
1.946594347150D1,-1.2D0,2.378289501124D1,1.955768899350D1,            45P    131
-1.2D0,2.389775562884D1,1.966289010385D1,-1.2D0,                      45P    132
2.398266551084D1,1.977056125442D1,-1.2D0,2.404297056655D1,            45P    133
1.987805439748D1,-1.2D0,2.407882760190D1,1.998178271985D1,            45P    134
-1.2D0,2.409162310406D1,2.007706175104D1,-1.2D0,                      45P    135
2.407422135385D1,2.016874161669D1,-1.2D0,2.402543467001D1,            45P    136
2.025955997743D1,-1.2D0,2.394718621148D1,2.034803900694D1,            45P    137
-1.2D0,2.388136322182D1,2.040391094224D1,-1.2D0,                      45P    138
2.384453873663D1,2.043119793298D1,-1.2D0,0D0,1D0,0D0,0D0,1D0;         45P    139
110,2.263331821366D1,1.934816844959D1,-8D-1,2.263331932593D1,         47P    140
1.934817072870D1,-1D0;                                                47P    141
124,1D0,0D0,0D0,2.336001651890D1,0D0,1D0,0D0,2.402780623813D1,        49P    142
0D0,0D0,1D0,-8D-1;                                                    49P    143
100,0D0,0D0,0D0,8D-1,0D0,-8D-1,0D0;                                   51P    144
124,-1D0,0D0,0D0,2.336001651890D1,0D0,-1D0,0D0,2.402780623813D1,      53P    145
0D0,0D0,1D0,-8D-1;                                                    53P    146
100,0D0,0D0,0D0,8D-1,0D0,-8D-1,0D0;                                   55P    147
126,6,3,0,0,1,0,0D0,0D0,0D0,0D0,3.659515251170D-2,                    57P    148
4.417114674251D-1,7.235592192051D-1,1D0,1D0,1D0,1D0,1D0,1D0,1D0,      57P    149
1D0,1D0,1D0,1D0,2.263331821366D1,1.934816844959D1,-8D-1,              57P    150
2.266757935481D1,1.933145060224D1,-8D-1,2.309090727032D1,             57P    151
1.914583457606D1,-8D-1,2.389281709523D1,1.915945598068D1,-8D-1,       57P    152
2.449377170190D1,2.018756427134D1,-8D-1,2.399406455071D1,             57P    153
2.060123626010D1,-8D-1,2.373001081666D1,2.073467302533D1,-8D-1,       57P    154
0D0,1D0,0D0,0D0,1D0;                                                  57P    155
126,6,3,0,0,1,0,0D0,0D0,0D0,0D0,3.424189204046D-1,                    59P    156
5.314881400905D-1,7.864006955682D-1,1D0,1D0,1D0,1D0,1D0,1D0,1D0,      59P    157
1D0,1D0,1D0,1D0,2.373001081666D1,2.073467302533D1,-8D-1,              59P    158
2.340293536027D1,2.089995715223D1,-8D-1,2.285568256174D1,             59P    159
2.098647585709D1,-8D-1,2.218994739692D1,2.052074733066D1,-8D-1,       59P    160
2.205531166529D1,1.975989932220D1,-8D-1,2.243334211259D1,             59P    161
1.944574750909D1,-8D-1,2.263331821366D1,1.934816844959D1,-8D-1,       59P    162
0D0,1D0,0D0,0D0,1D0;                                                  59P    163
110,1.064542D1,2.5378276D1,-8D-1,1.064542D1,2.0128276D1,-8D-1;        61P    164
110,9.64542D0,1.9628276D1,-8D-1,1.014542D1,1.9628276D1,-8D-1;         63P    165
110,9.64542D0,3.628276D0,-8D-1,1.014542D1,3.628276D0,-8D-1;           65P    166
110,1.064542D1,-2.121724D0,-8D-1,1.064542D1,3.128276D0,-8D-1;         67P    167
110,1.114542D1,-2.621724D0,-8D-1,2.394542D1,-2.621724D0,-8D-1;        69P    168
110,2.444542D1,-2.121724D0,-8D-1,2.444542D1,3.628276D0,-8D-1;         71P    169
110,2.444542D1,2.5378276D1,-8D-1,2.444542D1,1.9628276D1,-8D-1;        73P    170
110,2.416001651890D1,2.402780623813D1,-8D-1,2.356413972260D1,         75P    171
2.402780623813D1,-1.3D0;                                              75P    172
124,-1D0,0D0,0D0,2.336001651890D1,0D0,1D0,0D0,2.402780623813D1,       77P    173
0D0,0D0,-1D0,-1.3D0;                                                  77P    174
100,0D0,0D0,0D0,2.041232037029D-1,0D0,-2.041232037029D-1,0D0;         79P    175
124,1D0,0D0,0D0,2.336001651890D1,0D0,-1D0,0D0,2.402780623813D1,       81P    176
0D0,0D0,-1D0,-1.3D0;                                                  81P    177
100,0D0,0D0,0D0,2.041232037029D-1,0D0,-2.041232037029D-1,0D0;         83P    178
110,2.256001651890D1,2.402780623813D1,-8D-1,2.315589331520D1,         85P    179
2.402780623813D1,-1.3D0;                                              85P    180
126,5,3,0,0,1,0,0D0,0D0,0D0,0D0,3.333333333333D-1,                    87P    181
6.666666666667D-1,1D0,1D0,1D0,1D0,1D0,1D0,1D0,1D0,1D0,1D0,            87P    182
2.356042D1,2.374419504817D1,-1.179885081403D0,2.356042D1,             87P    183
2.374580154941D1,-1.180985986681D0,2.356010591248D1,                  87P    184
2.374886744900D1,-1.183233053995D0,2.355873758780D1,                  87P    185
2.375300254908D1,-1.186718569752D0,2.355721048602D1,                  87P    186
2.375550034154D1,-1.189167521861D0,2.355629105133D1,                  87P    187
2.375667603308D1,-1.190419031744D0,0D0,1D0,0D0,0D0,1D0;               87P    188
126,5,3,0,0,1,0,0D0,0D0,0D0,0D0,3.333333333333D-1,                    89P    189
6.666666666667D-1,1D0,1D0,1D0,1D0,1D0,1D0,1D0,1D0,1D0,1D0,            89P    190
2.313219129912D1,2.376765321841D1,-1.181111427839D0,                  89P    191
2.313180388035D1,2.376678318657D1,-1.180348043945D0,                  89P    192
2.313115242723D1,2.376496591191D1,-1.178840206960D0,                  89P    193
2.313055527263D1,2.376200043511D1,-1.176632375205D0,2.313042D1,       89P    194
2.375987040853D1,-1.175202764876D0,2.313042D1,2.375876645512D1,       89P    195
-1.174498140940D0,0D0,1D0,0D0,0D0,1D0;                                89P    196
126,6,3,0,0,1,0,0D0,0D0,0D0,0D0,2.5D-1,5D-1,7.5D-1,1D0,1D0,1D0,       91P    197
1D0,1D0,1D0,1D0,1D0,1D0,1D0,1D0,2.313219129912D1,                     91P    198
2.376765321841D1,-1.181111427839D0,2.316635744635D1,                  91P    199
2.375488414294D1,-1.191938383310D0,2.323536206912D1,                  91P    200
2.373475703789D1,-1.209004244543D0,2.334319334575D1,                  91P    201
2.372200107615D1,-1.219820080819D0,2.345219431221D1,                  91P    202
2.372889367372D1,-1.213975816909D0,2.352177379810D1,                  91P    203
2.374555802860D1,-1.199846036828D0,2.355629105133D1,                  91P    204
2.375667603308D1,-1.190419031744D0,0D0,1D0,0D0,0D0,1D0;               91P    205
126,6,3,0,0,1,0,0D0,0D0,0D0,0D0,2.5D-1,5D-1,7.5D-1,1D0,1D0,1D0,       93P    206
1D0,1D0,1D0,1D0,1D0,1D0,1D0,1D0,2.355629105133D1,                     93P    207
2.375667603308D1,-1.190419031744D0,2.354919242360D1,                  93P    208
2.372944889682D1,-1.213505040790D0,2.351465926390D1,                  93P    209
2.366220114484D1,-1.270524706600D0,2.333021039293D1,                  93P    210
2.360263513184D1,-1.321030992007D0,2.316172030177D1,                  93P    211
2.367697567141D1,-1.257997320288D0,2.313659243438D1,                  93P    212
2.374166383717D1,-1.203147938939D0,2.313219129912D1,                  93P    213
2.376765321841D1,-1.181111427839D0,0D0,1D0,0D0,0D0,1D0;               93P    214
126,4,3,0,0,1,0,0D0,0D0,0D0,0D0,5D-1,1D0,1D0,1D0,1D0,1D0,1D0,         95P    215
1D0,1D0,1D0,2.313042D1,2.000159765739D1,-1.2D0,2.313042D1,            95P    216
2.059124986903D1,-1.409874667527D0,2.313042D1,2.188253242068D1,       95P    217
-1.635126423628D0,2.313042D1,2.317141704642D1,-1.392580602393D0,      95P    218
2.313042D1,2.375876645512D1,-1.174498140940D0,0D0,1D0,0D0,0D0,        95P    219
1D0;                                                                  95P    220
126,4,3,0,0,1,0,0D0,0D0,0D0,0D0,5D-1,1D0,1D0,1D0,1D0,1D0,1D0,         97P    221
1D0,1D0,1D0,2.356042D1,2.000159765739D1,-1.2D0,2.356042D1,            97P    222
2.058889718197D1,-1.409037276597D0,2.356042D1,2.187445849333D1,       97P    223
-1.634185480410D0,2.356042D1,2.315845643575D1,-1.395488082422D0,      97P    224
2.356042D1,2.374419504817D1,-1.179885081403D0,0D0,1D0,0D0,0D0,        97P    225
1D0;                                                                  97P    226
126,19,3,0,0,1,0,0D0,0D0,0D0,0D0,5.882352941176D-2,                   99P    227
1.176470588235D-1,1.764705882353D-1,2.352941176471D-1,                99P    228
2.941176470588D-1,3.529411764706D-1,4.117647058824D-1,                99P    229
4.705882352941D-1,5.294117647059D-1,5.882352941176D-1,                99P    230
6.470588235294D-1,7.058823529412D-1,7.647058823529D-1,                99P    231
8.235294117647D-1,8.823529411765D-1,9.411764705882D-1,1D0,1D0,        99P    232
1D0,1D0,1D0,1D0,1D0,1D0,1D0,1D0,1D0,1D0,1D0,1D0,1D0,1D0,1D0,1D0,      99P    233
1D0,1D0,1D0,1D0,1D0,1D0,2.356042D1,2.374419504817D1,                  99P    234
-1.179885081403D0,2.356042D1,2.373876814164D1,-1.176166123783D0,      99P    235
2.355696840536D1,2.372736334916D1,-1.169953935179D0,                  99P    236
2.354446813496D1,2.370974939635D1,-1.162948276072D0,                  99P    237
2.352675460368D1,2.369310575702D1,-1.157747339769D0,                  99P    238
2.350449004797D1,2.367764172102D1,-1.153723981379D0,                  99P    239
2.347788430637D1,2.366381837024D1,-1.150600124240D0,                  99P    240
2.344689338907D1,2.365215667146D1,-1.148191865164D0,                  99P    241
2.341114862719D1,2.364338193887D1,-1.146403217305D0,                  99P    242
2.337008750500D1,2.363847287425D1,-1.145205967173D0,                  99P    243
2.332290513159D1,2.363946802079D1,-1.144737557791D0,                  99P    244
2.327908220880D1,2.364694620730D1,-1.145169978164D0,                  99P    245
2.324266537056D1,2.365813171202D1,-1.146294103268D0,                  99P    246
2.321125367952D1,2.367205202830D1,-1.148099235221D0,                  99P    247
2.318491218487D1,2.368775123676D1,-1.150635170824D0,                  99P    248
2.316311152147D1,2.370475482671D1,-1.154068046680D0,                  99P    249
2.314590327805D1,2.372265112444D1,-1.158673131110D0,                  99P    250
2.313381356397D1,2.374121793028D1,-1.165050469252D0,2.313042D1,       99P    251
2.375313855804D1,-1.170906004766D0,2.313042D1,2.375876645512D1,       99P    252
-1.174498140940D0,0D0,1D0,0D0,0D0,1D0;                                99P    253
110,2.444542D1,2.5378276D1,0D0,2.444542D1,2.5378276D1,-8D-1;         101P    254
124,1D0,0D0,0D0,2.394542D1,0D0,1D0,0D0,2.5378276D1,0D0,0D0,1D0,      103P    255
0D0;                                                                 103P    256
100,0D0,0D0,0D0,5D-1,0D0,0D0,5D-1;                                   105P    257
110,2.394542D1,2.5878276D1,0D0,2.394542D1,2.5878276D1,-8D-1;         107P    258
124,-1.421085471520D-14,1D0,0D0,2.394542D1,1D0,                      109P    259
1.421085471520D-14,0D0,2.5378276D1,0D0,0D0,-1D0,-8D-1;               109P    260
100,0D0,0D0,0D0,5D-1,0D0,0D0,5D-1;                                   111P    261
110,2.504542D1,1.9028276D1,-8D-1,2.504542D1,1.9028276D1,0D0;         113P    262
110,2.504542D1,1.9028276D1,0D0,2.444542D1,1.9628276D1,0D0;           115P    263
110,2.444542D1,1.9628276D1,-8D-1,2.444542D1,1.9628276D1,0D0;         117P    264
110,2.504542D1,1.9028276D1,-8D-1,2.444542D1,1.9628276D1,-8D-1;       119P    265
110,2.504542D1,4.228276D0,0D0,2.504542D1,1.9028276D1,0D0;            121P    266
110,2.504542D1,1.9028276D1,-8D-1,2.504542D1,4.228276D0,-8D-1;        123P    267
110,2.504542D1,4.228276D0,-8D-1,2.504542D1,4.228276D0,0D0;           125P    268
110,2.444542D1,3.628276D0,-8D-1,2.504542D1,4.228276D0,-8D-1;         127P    269
110,2.444542D1,3.628276D0,0D0,2.444542D1,3.628276D0,-8D-1;           129P    270
110,2.504542D1,4.228276D0,0D0,2.444542D1,3.628276D0,0D0;             131P    271
110,2.444542D1,-2.121724D0,-8D-1,2.444542D1,-2.121724D0,0D0;         133P    272
124,1D0,0D0,0D0,2.394542D1,0D0,-1D0,0D0,-2.121724D0,0D0,0D0,         135P    273
-1D0,-8D-1;                                                          135P    274
100,0D0,0D0,0D0,5D-1,0D0,0D0,5D-1;                                   137P    275
110,2.394542D1,-2.621724D0,-8D-1,2.394542D1,-2.621724D0,0D0;         139P    276
124,0D0,1D0,0D0,2.394542D1,-1D0,0D0,0D0,-2.121724D0,0D0,0D0,1D0,     141P    277
0D0;                                                                 141P    278
100,0D0,0D0,0D0,5D-1,0D0,0D0,5D-1;                                   143P    279
110,1.064542D1,-2.121724D0,0D0,1.064542D1,-2.121724D0,-8D-1;         145P    280
124,-1D0,0D0,0D0,1.114542D1,0D0,-1D0,0D0,-2.121724D0,0D0,0D0,        147P    281
1D0,0D0;                                                             147P    282
100,0D0,0D0,0D0,5D-1,0D0,0D0,5D-1;                                   149P    283
110,1.114542D1,-2.621724D0,0D0,1.114542D1,-2.621724D0,-8D-1;         151P    284
124,0D0,-1D0,0D0,1.114542D1,-1D0,0D0,0D0,-2.121724D0,0D0,0D0,        153P    285
-1D0,-8D-1;                                                          153P    286
100,0D0,0D0,0D0,5D-1,0D0,0D0,5D-1;                                   155P    287
110,1.064542D1,3.128276D0,-8D-1,1.064542D1,3.128276D0,0D0;           157P    288
124,0D0,1D0,0D0,1.014542D1,1D0,0D0,0D0,3.128276D0,0D0,0D0,-1D0,      159P    289
-8D-1;                                                               159P    290
100,0D0,0D0,0D0,5D-1,0D0,0D0,5D-1;                                   161P    291
110,1.014542D1,3.628276D0,0D0,1.014542D1,3.628276D0,-8D-1;           163P    292
124,0D0,1D0,0D0,1.014542D1,1D0,0D0,0D0,3.128276D0,0D0,0D0,-1D0,      165P    293
0D0;                                                                 165P    294
100,0D0,0D0,0D0,5D-1,0D0,0D0,5D-1;                                   167P    295
110,9.64542D0,3.628276D0,-8D-1,9.64542D0,3.628276D0,0D0;             169P    296
124,0D0,-1D0,0D0,9.64542D0,-1D0,0D0,0D0,4.128276D0,0D0,0D0,-1D0,     171P    297
-8D-1;                                                               171P    298
100,0D0,0D0,0D0,5D-1,0D0,0D0,5D-1;                                   173P    299
110,9.14542D0,4.128276D0,-8D-1,9.14542D0,4.128276D0,0D0;             175P    300
124,-1D0,0D0,0D0,9.64542D0,0D0,-1D0,0D0,4.128276D0,0D0,0D0,1D0,      177P    301
0D0;                                                                 177P    302
100,0D0,0D0,0D0,5D-1,0D0,0D0,5D-1;                                   179P    303
110,9.14542D0,1.9128276D1,-8D-1,9.14542D0,4.128276D0,-8D-1;          181P    304
110,9.14542D0,1.9128276D1,0D0,9.14542D0,4.128276D0,0D0;              183P    305
110,9.64542D0,1.9628276D1,0D0,9.64542D0,1.9628276D1,-8D-1;           185P    306
124,0D0,-1D0,0D0,9.64542D0,1D0,0D0,0D0,1.9128276D1,0D0,0D0,1D0,      187P    307
0D0;                                                                 187P    308
100,0D0,0D0,0D0,5D-1,0D0,0D0,5D-1;                                   189P    309
110,9.14542D0,1.9128276D1,0D0,9.14542D0,1.9128276D1,-8D-1;           191P    310
124,-1D0,0D0,0D0,9.64542D0,0D0,1D0,0D0,1.9128276D1,0D0,0D0,-1D0,     193P    311
-8D-1;                                                               193P    312
100,0D0,0D0,0D0,5D-1,0D0,0D0,5D-1;                                   195P    313
110,1.014542D1,1.9628276D1,-8D-1,1.014542D1,1.9628276D1,0D0;         197P    314
124,1D0,0D0,0D0,1.014542D1,0D0,-1D0,0D0,2.0128276D1,0D0,0D0,         199P    315
-1D0,-8D-1;                                                          199P    316
100,0D0,0D0,0D0,5D-1,0D0,0D0,5D-1;                                   201P    317
110,1.064542D1,2.0128276D1,0D0,1.064542D1,2.0128276D1,-8D-1;         203P    318
124,1D0,0D0,0D0,1.014542D1,0D0,-1D0,0D0,2.0128276D1,0D0,0D0,         205P    319
-1D0,0D0;                                                            205P    320
100,0D0,0D0,0D0,5D-1,0D0,0D0,5D-1;                                   207P    321
110,1.064542D1,2.5378276D1,-8D-1,1.064542D1,2.5378276D1,0D0;         209P    322
124,-1D0,0D0,0D0,1.114542D1,0D0,1D0,0D0,2.5378276D1,0D0,0D0,         211P    323
-1D0,-8D-1;                                                          211P    324
100,0D0,0D0,0D0,5D-1,0D0,0D0,5D-1;                                   213P    325
110,1.114542D1,2.5878276D1,-8D-1,1.114542D1,2.5878276D1,0D0;         215P    326
124,0D0,-1D0,0D0,1.114542D1,1D0,0D0,0D0,2.5378276D1,0D0,0D0,1D0,     217P    327
0D0;                                                                 217P    328
100,0D0,0D0,0D0,5D-1,0D0,0D0,5D-1;                                   219P    329
110,2.394542D1,2.5878276D1,0D0,1.114542D1,2.5878276D1,0D0;           221P    330
110,2.394542D1,2.5878276D1,-8D-1,1.114542D1,2.5878276D1,-8D-1;       223P    331
110,2.444542D1,1.9628276D1,0D0,2.444542D1,2.5378276D1,0D0;           225P    332
110,2.444542D1,-2.121724D0,0D0,2.444542D1,3.628276D0,0D0;            227P    333
110,1.114542D1,-2.621724D0,0D0,2.394542D1,-2.621724D0,0D0;           229P    334
110,1.064542D1,3.128276D0,0D0,1.064542D1,-2.121724D0,0D0;            231P    335
110,9.64542D0,3.628276D0,0D0,1.014542D1,3.628276D0,0D0;              233P    336
110,1.014542D1,1.9628276D1,0D0,9.64542D0,1.9628276D1,0D0;            235P    337
110,1.064542D1,2.5378276D1,0D0,1.064542D1,2.0128276D1,0D0;           237P    338
126,8,3,0,0,1,0,0D0,0D0,0D0,0D0,9.386848217019D-3,                   239P    339
2.190237167256D-1,4.692074428199D-1,6.547692790429D-1,               239P    340
9.908360578308D-1,1D0,1D0,1D0,1D0,1D0,1D0,1D0,1D0,1D0,1D0,1D0,       239P    341
1D0,1D0,2.266034084225D1,1.933533504178D1,-1.039211269530D0,         239P    342
2.265128214866D1,1.933952143003D1,-1.039211269530D0,                 239P    343
2.244105928418D1,1.943933436574D1,-1.039211269530D0,                 239P    344
2.205531166529D1,1.975989932220D1,-1.039211269530D0,                 239P    345
2.218994739692D1,2.052074733066D1,-1.039211269530D0,                 239P    346
2.285568256174D1,2.098647585709D1,-1.039211269530D0,                 239P    347
2.341254946666D1,2.089843719649D1,-1.039211269530D0,                 239P    348
2.374782938560D1,2.072557756667D1,-1.039211269530D0,                 239P    349
2.375670889295D1,2.072090881621D1,-1.039211269530D0,0D0,1D0,0D0,     239P    350
0D0,1D0;                                                             239P    351
122,239,2.266034084225D1,1.933533504178D1,-7.607887304702D-1;        241P    352
110,2.373001660294D1,2.073468448352D1,-1D0,2.373001081666D1,         243P    353
2.073467302533D1,-8D-1;                                              243P    354
102,5,25,243,59,47,41;                                               245P    355
110,9.317986348074D-2,1.408336755431D-1,0D0,9.908360578308D-1,       247P    356
1.408336755431D-1,0D0;                                               247P    357
110,9.908360578308D-1,1.408336755431D-1,0D0,9.908360578308D-1,       249P    358
8.591663244569D-1,0D0;                                               249P    359
110,9.908360578308D-1,8.591663244569D-1,0D0,9.386848217018D-3,       251P    360
8.591663244569D-1,0D0;                                               251P    361
110,9.386848217018D-3,8.591663244569D-1,0D0,9.386848217017D-3,       253P    362
1.408336755431D-1,0D0;                                               253P    363
110,9.386848217017D-3,1.408336755431D-1,0D0,9.317986348074D-2,       255P    364
1.408336755431D-1,0D0;                                               255P    365
102,5,247,249,251,253,255;                                           257P    366
142,0,241,257,245,1;                                                 259P    367
144,241,1,0,259;                                                     261P    368
128,27,6,3,3,0,0,1,0,0,-4.725535813397D-5,-4.725535813397D-5,        263P    369
-4.725535813397D-5,-4.725535813397D-5,1.476729941687D-4,             263P    370
2.953459883373D-4,4.430189825060D-4,5.906919766746D-4,               263P    371
7.383649708433D-4,8.860379650120D-4,1.033710959181D-3,               263P    372
1.107547456265D-3,1.181383953349D-3,1.329056947518D-3,               263P    373
1.402893444602D-3,1.476729941687D-3,1.550566438771D-3,               263P    374
1.624402935855D-3,1.698239432940D-3,1.772075930024D-3,               263P    375
1.845912427108D-3,1.919748924193D-3,1.993585421277D-3,               263P    376
2.067421918361D-3,2.104340166903D-3,2.141258415446D-3,               263P    377
2.215094912530D-3,2.288931409614D-3,2.410023264832D-3,               263P    378
2.410023264832D-3,2.410023264832D-3,2.410023264832D-3,               263P    379
-6.284932220706D-2,-6.284932220706D-2,-6.284932220706D-2,            263P    380
-6.284932220706D-2,2.5D-1,5D-1,7.5D-1,1.059140794661D0,              263P    381
1.059140794661D0,1.059140794661D0,1.059140794661D0,1D0,1D0,1D0,      263P    382
1D0,1D0,1D0,1D0,1D0,1D0,1D0,1D0,1D0,1D0,1D0,1D0,1D0,1D0,1D0,1D0,     263P    383
1D0,1D0,1D0,1D0,1D0,1D0,1D0,1D0,1D0,1D0,1D0,1D0,1D0,1D0,1D0,1D0,     263P    384
1D0,1D0,1D0,1D0,1D0,1D0,1D0,1D0,1D0,1D0,1D0,1D0,1D0,1D0,1D0,1D0,     263P    385
1D0,1D0,1D0,1D0,1D0,1D0,1D0,1D0,1D0,1D0,1D0,1D0,1D0,1D0,1D0,1D0,     263P    386
1D0,1D0,1D0,1D0,1D0,1D0,1D0,1D0,1D0,1D0,1D0,1D0,1D0,1D0,1D0,1D0,     263P    387
1D0,1D0,1D0,1D0,1D0,1D0,1D0,1D0,1D0,1D0,1D0,1D0,1D0,1D0,1D0,1D0,     263P    388
1D0,1D0,1D0,1D0,1D0,1D0,1D0,1D0,1D0,1D0,1D0,1D0,1D0,1D0,1D0,1D0,     263P    389
1D0,1D0,1D0,1D0,1D0,1D0,1D0,1D0,1D0,1D0,1D0,1D0,1D0,1D0,1D0,1D0,     263P    390
1D0,1D0,1D0,1D0,1D0,1D0,1D0,1D0,1D0,1D0,1D0,1D0,1D0,1D0,1D0,1D0,     263P    391
1D0,1D0,1D0,1D0,1D0,1D0,1D0,1D0,1D0,1D0,1D0,1D0,1D0,1D0,1D0,1D0,     263P    392
1D0,1D0,1D0,1D0,1D0,1D0,1D0,1D0,1D0,1D0,1D0,1D0,1D0,1D0,1D0,1D0,     263P    393
1D0,1D0,1D0,1D0,1D0,1D0,1D0,1D0,1D0,1D0,1D0,1D0,1D0,1D0,1D0,1D0,     263P    394
1D0,2.387013950379D1,2.038641353444D1,-1.199006466724D0,             263P    395
2.381947873436D1,2.042745413094D1,-1.199006466724D0,                 263P    396
2.372525760696D1,2.049043888358D1,-1.199006466724D0,                 263P    397
2.358189436481D1,2.056475806968D1,-1.199006466724D0,                 263P    398
2.344638307212D1,2.061998342500D1,-1.199006466724D0,                 263P    399
2.330446713058D1,2.066057382501D1,-1.199006466724D0,                 263P    400
2.316120770640D1,2.068301856374D1,-1.199006466724D0,                 263P    401
2.301364560283D1,2.068430208694D1,-1.199006466724D0,                 263P    402
2.289500474201D1,2.066485837564D1,-1.199006466724D0,                 263P    403
2.280186368530D1,2.063554144593D1,-1.199006466724D0,                 263P    404
2.271280661388D1,2.059747958151D1,-1.199006466724D0,                 263P    405
2.263106094299D1,2.054756723180D1,-1.199006466724D0,                 263P    406
2.255683820027D1,2.048397694388D1,-1.199006466724D0,                 263P    407
2.250797347975D1,2.043130545D1,-1.199006466724D0,                    263P    408
2.246593762104D1,2.037361479731D1,-1.199006466724D0,                 263P    409
2.243043220784D1,2.030992568124D1,-1.199006466724D0,                 263P    410
2.240214045632D1,2.024283526288D1,-1.199006466724D0,                 263P    411
2.238128271041D1,2.017366669337D1,-1.199006466724D0,                 263P    412
2.236764576347D1,2.010168386082D1,-1.199006466724D0,                 263P    413
2.236235501481D1,2.002952412229D1,-1.199006466724D0,                 263P    414
2.236601238412D1,1.995755470096D1,-1.199006466724D0,                 263P    415
2.237796744915D1,1.989832193107D1,-1.199006466724D0,                 263P    416
2.239340065377D1,1.985390752990D1,-1.199006466724D0,                 263P    417
2.241338934113D1,1.981073121706D1,-1.199006466724D0,                 263P    418
2.244597323104D1,1.976017574102D1,-1.199006466724D0,                 263P    419
2.250421909522D1,1.969419172429D1,-1.199006466724D0,                 263P    420
2.255413835530D1,1.965303488271D1,-1.199006466724D0,                 263P    421
2.258607666322D1,1.963025001806D1,-1.199006466724D0,                 263P    422
2.389070908743D1,2.041171995416D1,-1.202313972409D0,                 263P    423
2.383842133277D1,2.045406801236D1,-1.202313972409D0,                 263P    424
2.374182379023D1,2.051859679411D1,-1.202313972409D0,                 263P    425
2.359565358861D1,2.059437011342D1,-1.202313972409D0,                 263P    426
2.345713750811D1,2.065083428187D1,-1.202313972409D0,                 263P    427
2.331159815932D1,2.069247662632D1,-1.202313972409D0,                 263P    428
2.316404533601D1,2.071561991220D1,-1.202313972409D0,                 263P    429
2.301124746344D1,2.071698190043D1,-1.202313972409D0,                 263P    430
2.288773074873D1,2.069676619997D1,-1.202313972409D0,                 263P    431
2.279052713116D1,2.066617199761D1,-1.202313972409D0,                 263P    432
2.269757615398D1,2.062644535038D1,-1.202313972409D0,                 263P    433
2.261211695615D1,2.057429035056D1,-1.202313972409D0,                 263P    434
2.253421038321D1,2.050755284198D1,-1.202313972409D0,                 263P    435
2.248277822382D1,2.045213069367D1,-1.202313972409D0,                 263P    436
2.243835854458D1,2.039116319677D1,-1.202313972409D0,                 263P    437
2.240104663865D1,2.032420610715D1,-1.202313972409D0,                 263P    438
2.237139797704D1,2.025390261913D1,-1.202313972409D0,                 263P    439
2.234955980056D1,2.018146800597D1,-1.202313972409D0,                 263P    440
2.233525069189D1,2.010597203563D1,-1.202313972409D0,                 263P    441
2.232966564641D1,2.002998436665D1,-1.202313972409D0,                 263P    442
2.233352714840D1,1.995362968352D1,-1.202313972409D0,                 263P    443
2.234630386665D1,1.989007954749D1,-1.202313972409D0,                 263P    444
2.236311961915D1,1.984166374805D1,-1.202313972409D0,                 263P    445
2.238489704697D1,1.979464078609D1,-1.202313972409D0,                 263P    446
2.241999578478D1,1.974026650859D1,-1.202313972409D0,                 263P    447
2.248178618074D1,1.967032833780D1,-1.202313972409D0,                 263P    448
2.253394871111D1,1.962739204939D1,-1.202313972409D0,                 263P    449
2.256711885139D1,1.960371253708D1,-1.202313972409D0,                 263P    450
2.392859191981D1,2.045832657846D1,-1.193313856815D0,                 263P    451
2.387330775990D1,2.050308257807D1,-1.193313856815D0,                 263P    452
2.377233359320D1,2.057045498549D1,-1.193313856815D0,                 263P    453
2.362099383748D1,2.064890636991D1,-1.193313856815D0,                 263P    454
2.347694386409D1,2.070765205027D1,-1.193313856815D0,                 263P    455
2.332473131607D1,2.075123175213D1,-1.193313856815D0,                 263P    456
2.316927137504D1,2.077566154654D1,-1.193313856815D0,                 263P    457
2.300683082993D1,2.077716804314D1,-1.193313856815D0,                 263P    458
2.287433429537D1,2.075553057661D1,-1.193313856815D0,                 263P    459
2.276964869299D1,2.072258403178D1,-1.193313856815D0,                 263P    460
2.266952634171D1,2.067979136780D1,-1.193313856815D0,                 263P    461
2.257722797196D1,2.062350609778D1,-1.193313856815D0,                 263P    462
2.249253691934D1,2.055097237886D1,-1.193313856815D0,                 263P    463
2.243637632896D1,2.049048437302D1,-1.193313856815D0,                 263P    464
2.238756638714D1,2.042348193920D1,-1.193313856815D0,                 263P    465
2.234692747845D1,2.035050624966D1,-1.193313856815D0,                 263P    466
2.231477980674D1,2.027428527776D1,-1.193313856815D0,                 263P    467
2.229113597936D1,2.019583561899D1,-1.193313856815D0,                 263P    468
2.227558895599D1,2.011386953177D1,-1.193313856815D0,                 263P    469
2.226946190648D1,2.003083199488D1,-1.193313856815D0,                 263P    470
2.227369935796D1,1.994640101130D1,-1.193313856815D0,                 263P    471
2.228798930815D1,1.987489961770D1,-1.193313856815D0,                 263P    472
2.230735128766D1,1.981911447608D1,-1.193313856815D0,                 263P    473
2.233242302403D1,1.976500717221D1,-1.193313856815D0,                 263P    474
2.237215333645D1,1.970359983958D1,-1.193313856815D0,                 263P    475
2.244047166734D1,1.962637933591D1,-1.193313856815D0,                 263P    476
2.249676561007D1,1.958016585493D1,-1.193313856815D0,                 263P    477
2.253220440583D1,1.955483867744D1,-1.193313856815D0,                 263P    478
2.397410777086D1,2.051432397984D1,-1.145103569275D0,                 263P    479
2.391522345947D1,2.056197309740D1,-1.145103569275D0,                 263P    480
2.380899082183D1,2.063276209313D1,-1.145103569275D0,                 263P    481
2.365143989764D1,2.071443114649D1,-1.145103569275D0,                 263P    482
2.350074100628D1,2.077591804101D1,-1.145103569275D0,                 263P    483
2.334051067494D1,2.082182545875D1,-1.145103569275D0,                 263P    484
2.317555040961D1,2.084780098052D1,-1.145103569275D0,                 263P    485
2.300152428815D1,2.084948110252D1,-1.145103569275D0,                 263P    486
2.285823858821D1,2.082613539802D1,-1.145103569275D0,                 263P    487
2.274456345458D1,2.079036253681D1,-1.145103569275D0,                 263P    488
2.263582476775D1,2.074388608382D1,-1.145103569275D0,                 263P    489
2.253530920010D1,2.068263833472D1,-1.145103569275D0,                 263P    490
2.244246666178D1,2.060314052601D1,-1.145103569275D0,                 263P    491
2.238062490801D1,2.053656594209D1,-1.145103569275D0,                 263P    492
2.232654010880D1,2.046231259083D1,-1.145103569275D0,                 263P    493
2.228190383898D1,2.038210561260D1,-1.145103569275D0,                 263P    494
2.224675363117D1,2.029877484193D1,-1.145103569275D0,                 263P    495
2.222094033198D1,2.021309816492D1,-1.145103569275D0,                 263P    496
2.220390596625D1,2.012335829581D1,-1.145103569275D0,                 263P    497
2.219712770423D1,2.003185041187D1,-1.145103569275D0,                 263P    498
2.220181685530D1,1.993771583262D1,-1.145103569275D0,                 263P    499
2.221792493882D1,1.985666108114D1,-1.145103569275D0,                 263P    500
2.224034618509D1,1.979202174727D1,-1.145103569275D0,                 263P    501
2.226937600082D1,1.972940267616D1,-1.145103569275D0,                 263P    502
2.231467110465D1,1.965954519687D1,-1.145103569275D0,                 263P    503
2.239083268523D1,1.957357504175D1,-1.145103569275D0,                 263P    504
2.245209047935D1,1.952342404611D1,-1.145103569275D0,                 263P    505
2.249025504238D1,1.949611721507D1,-1.145103569275D0,                 263P    506
2.400438040649D1,2.055156790451D1,-1.073277805122D0,                 263P    507
2.394310163094D1,2.060114123756D1,-1.073277805122D0,                 263P    508
2.383337157929D1,2.067420260941D1,-1.073277805122D0,                 263P    509
2.367168960108D1,2.075801173743D1,-1.073277805122D0,                 263P    510
2.351656850808D1,2.082132181608D1,-1.073277805122D0,                 263P    511
2.335100554146D1,2.086877739987D1,-1.073277805122D0,                 263P    512
2.317972660144D1,2.089578098636D1,-1.073277805122D0,                 263P    513
2.299799490218D1,2.089757658678D1,-1.073277805122D0,                 263P    514
2.284753331814D1,2.087309473159D1,-1.073277805122D0,                 263P    515
2.272787923876D1,2.083544208468D1,-1.073277805122D0,                 263P    516
2.261340981900D1,2.078651554013D1,-1.073277805122D0,                 263P    517
2.250742898525D1,2.072196724149D1,-1.073277805122D0,                 263P    518
2.240916488607D1,2.063783761007D1,-1.073277805122D0,                 263P    519
2.234354458515D1,2.056721483731D1,-1.073277805122D0,                 263P    520
2.228595147330D1,2.048813889399D1,-1.073277805122D0,                 263P    521
2.223865655480D1,2.040312237880D1,-1.073277805122D0,                 263P    522
2.220150935739D1,2.031506287425D1,-1.073277805122D0,                 263P    523
2.217425314044D1,2.022457950056D1,-1.073277805122D0,                 263P    524
2.215622954191D1,2.012966928177D1,-1.073277805122D0,                 263P    525
2.214901815782D1,2.003252776198D1,-1.073277805122D0,                 263P    526
2.215400773473D1,1.993193931205D1,-1.073277805122D0,                 263P    527
2.217132506044D1,1.984453061320D1,-1.073277805122D0,                 263P    528
2.219578102793D1,1.977400234768D1,-1.073277805122D0,                 263P    529
2.222744336598D1,1.970572209214D1,-1.073277805122D0,                 263P    530
2.227643961785D1,1.963024441230D1,-1.073277805122D0,                 263P    531
2.235781775124D1,1.953845485572D1,-1.073277805122D0,                 263P    532
2.242237700761D1,1.948568501533D1,-1.073277805122D0,                 263P    533
2.246235448104D1,1.945706151485D1,-1.073277805122D0,                 263P    534
2.401012100826D1,2.055863047224D1,-1.013684990411D0,                 263P    535
2.394838817031D1,2.060856869440D1,-1.013684990411D0,                 263P    536
2.383799490384D1,2.068206097707D1,-1.013684990411D0,                 263P    537
2.367552955359D1,2.076627592758D1,-1.013684990411D0,                 263P    538
2.351956987822D1,2.082993173675D1,-1.013684990411D0,                 263P    539
2.335299568364D1,2.087768089936D1,-1.013684990411D0,                 263P    540
2.318051853296D1,2.090487943783D1,-1.013684990411D0,                 263P    541
2.299732562450D1,2.090669693643D1,-1.013684990411D0,                 263P    542
2.284550327712D1,2.088199963292D1,-1.013684990411D0,                 263P    543
2.272471540989D1,2.084399052212D1,-1.013684990411D0,                 263P    544
2.260915927088D1,2.079459936656D1,-1.013684990411D0,                 263P    545
2.250214205839D1,2.072942518451D1,-1.013684990411D0,                 263P    546
2.240284986829D1,2.064441722026D1,-1.013684990411D0,                 263P    547
2.233651304124D1,2.057302678920D1,-1.013684990411D0,                 263P    548
2.227825464785D1,2.049303633746D1,-1.013684990411D0,                 263P    549
2.223045556963D1,2.040710778948D1,-1.013684990411D0,                 263P    550
2.219292968296D1,2.031815157482D1,-1.013684990411D0,                 263P    551
2.216539984543D1,2.022675670695D1,-1.013684990411D0,                 263P    552
2.214718865862D1,2.013086603442D1,-1.013684990411D0,                 263P    553
2.213989514157D1,2.003265620792D1,-1.013684990411D0,                 263P    554
2.214494168824D1,1.993084391010D1,-1.013684990411D0,                 263P    555
2.216248832263D1,1.984223031182D1,-1.013684990411D0,                 263P    556
2.218733013442D1,1.977058532783D1,-1.013684990411D0,                 263P    557
2.221949167785D1,1.970123154152D1,-1.013684990411D0,                 263P    558
2.226918977865D1,1.962468810271D1,-1.013684990411D0,                 263P    559
2.235155712726D1,1.953179501267D1,-1.013684990411D0,                 263P    560
2.241674244013D1,1.947852856060D1,-1.013684990411D0,                 263P    561
2.245706369587D1,1.944965538001D1,-1.013684990411D0,                 263P    562
2.400818208033D1,2.055624504117D1,-9.814456231522D-1,                263P    563
2.394660260510D1,2.060606001951D1,-9.814456231522D-1,                263P    564
2.383643334402D1,2.067940675908D1,-9.814456231522D-1,                263P    565
2.367423258309D1,2.076348464024D1,-9.814456231522D-1,                263P    566
2.351855614471D1,2.082702367653D1,-9.814456231522D-1,                263P    567
2.335232349936D1,2.087467368086D1,-9.814456231522D-1,                263P    568
2.318025105261D1,2.090180637296D1,-9.814456231522D-1,                263P    569
2.299755167766D1,2.090361647530D1,-9.814456231522D-1,                263P    570
2.284618893751D1,2.087899194094D1,-9.814456231522D-1,                263P    571
2.272578401496D1,2.084110322829D1,-9.814456231522D-1,                263P    572
2.261059492289D1,2.079186899831D1,-9.814456231522D-1,                263P    573
2.250392775448D1,2.072690621270D1,-9.814456231522D-1,                263P    574
2.240498280919D1,2.064219491144D1,-9.814456231522D-1,                263P    575
2.233888799380D1,2.057106376227D1,-9.814456231522D-1,                263P    576
2.228085430384D1,2.049138219208D1,-9.814456231522D-1,                263P    577
2.223322550906D1,2.040576168948D1,-9.814456231522D-1,                263P    578
2.219582752730D1,2.031710834486D1,-9.814456231522D-1,                263P    579
2.216839010701D1,2.022602134044D1,-9.814456231522D-1,                263P    580
2.215024227944D1,2.013046182294D1,-9.814456231522D-1,                263P    581
2.214297650337D1,2.003261282442D1,-9.814456231522D-1,                263P    582
2.214800380811D1,1.993121388968D1,-9.814456231522D-1,                263P    583
2.216547299190D1,1.984300725451D1,-9.814456231522D-1,                263P    584
2.219018448212D1,1.977173944990D1,-9.814456231522D-1,                263P    585
2.222217741548D1,1.970274825603D1,-9.814456231522D-1,                263P    586
2.227163846195D1,1.962656478468D1,-9.814456231522D-1,                263P    587
2.235367169628D1,1.953404442069D1,-9.814456231522D-1,                263P    588
2.241864555425D1,1.948094570265D1,-9.814456231522D-1,                263P    589
2.245885069513D1,1.945215685324D1,-9.814456231522D-1,                263P    590
-4.725535813397D-5,2.410023264832D-3,-6.284932220706D-2,             263P    591
1.059140794661D0;                                                    263P    592
126,6,3,0,0,1,0,0D0,0D0,0D0,0D0,2.5D-1,5D-1,7.5D-1,1D0,1D0,1D0,      265P    593
1D0,1D0,1D0,1D0,1D0,1D0,1D0,1D0,2.253685348977D1,                    265P    594
1.964283939487D1,-1.2D0,2.252041755770D1,1.962246172740D1,           265P    595
-1.2D0,2.248755335564D1,1.958171589207D1,-1.189586248497D0,          265P    596
2.244575654614D1,1.952989519325D1,-1.145103569275D0,                 265P    597
2.241783003723D1,1.949527122973D1,-1.078527611827D0,                 265P    598
2.241129221780D1,1.948716548253D1,-1.026179938780D0,                 265P    599
2.241129221780D1,1.948716548253D1,-1D0,0D0,1D0,0D0,0D0,1D0;          265P    600
102,5,29,265,25,33,31;                                               267P    601
126,15,3,0,0,1,0,0D0,0D0,0D0,0D0,1.098647452171D-1,                  269P    602
2.123623881136D-1,3.081953830010D-1,3.984655061909D-1,               269P    603
4.832944256562D-1,5.626759045675D-1,6.364690065954D-1,               269P    604
7.071251041315D-1,7.735729971463D-1,8.329642403297D-1,               269P    605
8.872130423303D-1,9.412382973499D-1,1D0,1D0,1D0,1D0,1D0,1D0,1D0,     269P    606
1D0,1D0,1D0,1D0,1D0,1D0,1D0,1D0,1D0,1D0,1D0,1D0,1D0,0D0,0D0,0D0,     269P    607
8.698491825424D-5,5.829080485397D-4,0D0,2.547785334925D-4,           269P    608
3.934152535890D-4,0D0,4.980343232072D-4,-4.633932583608D-4,0D0,      269P    609
7.261736022712D-4,7.633232976997D-4,0D0,9.393533066822D-4,           269P    610
-8.425907991735D-4,0D0,1.139522815371D-3,-5.621166882939D-4,0D0,     269P    611
1.328394323657D-3,9.567049594526D-4,0D0,1.504775017254D-3,           269P    612
-5.210691906125D-4,0D0,1.670706913833D-3,4.922021976082D-5,0D0,      269P    613
1.824881654357D-3,-3.074266081642D-4,0D0,1.966307796619D-3,          269P    614
2.235931185437D-3,0D0,2.097800841609D-3,-1.866610781979D-3,0D0,      269P    615
2.228585586539D-3,-1.434806599234D-3,0D0,2.316808455733D-3,          269P    616
-2.188909899812D-4,0D0,2.362767906698D-3,0D0,0D0,0D0,1D0,0D0,        269P    617
0D0,1D0;                                                             269P    618
110,2.362767906698D-3,0D0,0D0,2.362767906698D-3,1D0,0D0;             271P    619
110,2.362767906698D-3,1D0,0D0,2.391328625476D-4,1D0,0D0;             273P    620
110,2.391328625476D-4,1D0,0D0,0D0,1D0,0D0;                           275P    621
110,0D0,1D0,0D0,0D0,0D0,0D0;                                         277P    622
102,5,269,271,273,275,277;                                           279P    623
142,0,263,279,267,1;                                                 281P    624
144,263,1,0,281;                                                     283P    625
128,1,1,1,1,0,0,1,0,0,-1.492657500622D0,-1.492657500622D0,           285P    626
3.294090413873D-1,3.294090413873D-1,1.097712667678D-2,               285P    627
1.097712667678D-2,1.394523297765D0,1.394523297765D0,1D0,1D0,1D0,     285P    628
1D0,2.412597571428D1,1.935914557626D1,-1.2D0,2.230390917227D1,       285P    629
1.935914557626D1,-1.2D0,2.412597571428D1,2.074269174735D1,           285P    630
-1.2D0,2.230390917227D1,2.074269174735D1,-1.2D0,                     285P    631
-1.492657500622D0,3.294090413873D-1,1.097712667678D-2,               285P    632
1.394523297765D0;                                                    285P    633
126,17,3,0,0,1,0,0D0,0D0,0D0,0D0,6.666666666667D-2,                  287P    634
1.333333333333D-1,2D-1,2.666666666667D-1,3.333333333333D-1,4D-1,     287P    635
4.666666666667D-1,5.333333333333D-1,6D-1,6.666666666667D-1,          287P    636
7.333333333333D-1,8D-1,8.666666666667D-1,9.333333333333D-1,1D0,      287P    637
1D0,1D0,1D0,1D0,1D0,1D0,1D0,1D0,1D0,1D0,1D0,1D0,1D0,1D0,1D0,1D0,     287P    638
1D0,1D0,1D0,1D0,1D0,2.384453873663D1,2.043119793298D1,-1.2D0,        287P    639
2.388136322182D1,2.040391094224D1,-1.2D0,2.394718621148D1,           287P    640
2.034803900694D1,-1.2D0,2.402543467001D1,2.025955997743D1,           287P    641
-1.2D0,2.407422135385D1,2.016874161669D1,-1.2D0,                     287P    642
2.409162310406D1,2.007706175104D1,-1.2D0,2.407882760190D1,           287P    643
1.998178271985D1,-1.2D0,2.404297056655D1,1.987805439748D1,           287P    644
-1.2D0,2.398266551084D1,1.977056125442D1,-1.2D0,                     287P    645
2.389775562884D1,1.966289010385D1,-1.2D0,2.378289501124D1,           287P    646
1.955768899350D1,-1.2D0,2.363091591145D1,1.946594347150D1,           287P    647
-1.2D0,2.343667397323D1,1.940582280735D1,-1.2D0,                     287P    648
2.320375488233D1,1.939070673730D1,-1.2D0,2.294266259474D1,           287P    649
1.943494938722D1,-1.2D0,2.271058537519D1,1.952487417245D1,           287P    650
-1.2D0,2.258990726037D1,1.960012555374D1,-1.2D0,                     287P    651
2.253685348977D1,1.964283939487D1,-1.2D0,0D0,1D0,0D0,0D0,1D0;        287P    652
126,15,3,0,0,1,0,0D0,0D0,0D0,0D0,7.692307692308D-2,                  289P    653
1.538461538462D-1,2.307692307692D-1,3.076923076923D-1,               289P    654
3.846153846154D-1,4.615384615385D-1,5.384615384615D-1,               289P    655
6.153846153846D-1,6.923076923077D-1,7.692307692308D-1,               289P    656
8.461538461538D-1,9.230769230769D-1,1D0,1D0,1D0,1D0,1D0,1D0,1D0,     289P    657
1D0,1D0,1D0,1D0,1D0,1D0,1D0,1D0,1D0,1D0,1D0,1D0,1D0,                 289P    658
2.253685348977D1,1.964283939487D1,-1.2D0,2.249834712799D1,           289P    659
1.967389731390D1,-1.2D0,2.243252193840D1,1.973974733963D1,           289P    660
-1.2D0,2.236736558851D1,1.985025435931D1,-1.2D0,                     289P    661
2.233993700317D1,1.997613600916D1,-1.2D0,2.234575883991D1,           289P    662
2.011736755881D1,-1.2D0,2.238690193974D1,2.027307003892D1,           289P    663
-1.2D0,2.246820779320D1,2.042299769386D1,-1.2D0,                     289P    664
2.259123730487D1,2.054884420659D1,-1.2D0,2.275602908124D1,           289P    665
2.064612761274D1,-1.2D0,2.295208511377D1,2.070176943101D1,           289P    666
-1.2D0,2.316887190888D1,2.070682361405D1,-1.2D0,                     289P    667
2.339314908984D1,2.066219815571D1,-1.2D0,2.362096635295D1,           289P    668
2.057276568676D1,-1.2D0,2.377160560007D1,2.048532338816D1,           289P    669
-1.2D0,2.384453873663D1,2.043119793298D1,-1.2D0,0D0,1D0,0D0,0D0,     289P    670
1D0;                                                                 289P    671
102,2,287,289;                                                       291P    672
126,17,3,0,0,1,0,0D0,0D0,0D0,0D0,5.439906353543D-2,                  293P    673
1.033005238976D-1,1.462951933365D-1,1.855555212321D-1,               293P    674
2.260646935373D-1,2.717235863667D-1,3.230980684568D-1,               293P    675
3.805775492317D-1,4.456261879475D-1,5.195911500490D-1,               293P    676
6.041842429512D-1,7.010849916417D-1,8.078292973972D-1,               293P    677
9.099982989438D-1,1D0,1D0,1D0,1D0,1D0,1D0,1D0,1D0,1D0,1D0,1D0,       293P    678
1D0,1D0,1D0,1D0,1D0,1D0,1D0,1D0,1D0,1D0,1D0,-1.211220522969D0,       293P    679
1.083029483394D0,0D0,-1.245368454478D0,1.056851260924D0,0D0,         293P    680
-1.309542332114D0,1.004387013311D0,0D0,-1.387638671903D0,            293P    681
9.173050336016D-1,0D0,-1.439581004618D0,8.251855233219D-1,0D0,       293P    682
-1.458768991207D0,7.273081717194D-1,0D0,-1.443958473489D0,           293P    683
6.272391213755D-1,0D0,-1.406767378520D0,5.237047676348D-1,0D0,       293P    684
-1.345316856013D0,4.163953992973D-1,0D0,-1.258236137114D0,           293P    685
3.080121029993D-1,0D0,-1.141037264999D0,2.030664111591D-1,0D0,       293P    686
-9.858844160201D-1,1.125439179115D-1,0D0,-7.886030231650D-1,         293P    687
5.502567322680D-2,0D0,-5.572479599946D-1,4.391935464127D-2,0D0,      293P    688
-3.157134502159D-1,8.607633398909D-2,0D0,-9.102954986028D-2,         293P    689
1.694144560171D-1,0D0,3.964442256550D-2,2.503195295375D-1,0D0,       293P    690
9.646472388966D-2,2.946709452834D-1,0D0,0D0,1D0,0D0,0D0,1D0;         293P    691
126,15,3,0,0,1,0,0D0,0D0,0D0,0D0,5.876170265002D-2,                  295P    692
1.127869576696D-1,1.670357596702D-1,2.264270028534D-1,               295P    693
2.928748958683D-1,3.635309934044D-1,4.373240954324D-1,               295P    694
5.167055743437D-1,6.015344938090D-1,6.918046169989D-1,               295P    695
7.876376118864D-1,8.901352547829D-1,1D0,1D0,1D0,1D0,1D0,1D0,1D0,     295P    696
1D0,1D0,1D0,1D0,1D0,1D0,1D0,1D0,1D0,1D0,1D0,1D0,1D0,                 295P    697
9.646472388966D-2,2.946709452834D-1,0D0,1.323759276575D-1,           295P    698
3.233783687732D-1,0D0,1.975164563618D-1,3.870586344170D-1,0D0,       295P    699
2.664210478896D-1,5.021085824623D-1,0D0,2.941357821039D-1,           295P    700
6.343465647342D-1,0D0,2.860304769653D-1,7.780176556628D-1,0D0,       295P    701
2.444105179877D-1,9.293310284276D-1,0D0,1.632021097860D-1,           295P    702
1.077646167902D0,0D0,3.651266554104D-2,1.205107871999D0,0D0,         295P    703
-1.286948095858D-1,1.300402543395D0,0D0,-3.252877240465D-1,          295P    704
1.354530321073D0,0D0,-5.420907661116D-1,1.358076480899D0,0D0,        295P    705
-7.675144158440D-1,1.311573457609D0,0D0,-9.956786943025D-1,          295P    706
1.221410713410D0,0D0,-1.140505846848D0,1.133854669627D0,0D0,         295P    707
-1.211220522969D0,1.083029483394D0,0D0,0D0,1D0,0D0,0D0,1D0;          295P    708
102,2,293,295;                                                       297P    709
142,0,285,297,291,1;                                                 299P    710
102,2,35,37;                                                         301P    711
126,11,3,0,0,1,0,0D0,0D0,0D0,0D0,1.111178888823D-1,                  303P    712
2.222262287182D-1,3.333173016908D-1,4.444254884955D-1,               303P    713
5.555354665196D-1,6.666440205860D-1,7.777482189391D-1,               303P    714
8.888738827855D-1,1D0,1D0,1D0,1D0,1D0,1D0,1D0,1D0,1D0,1D0,1D0,       303P    715
1D0,1D0,1D0,1D0,1D0,-9.271017863393D-1,6.534292078055D-1,0D0,        303P    716
-9.272813383435D-1,6.785104122014D-1,0D0,-9.181963428777D-1,         303P    717
7.284442360557D-1,0D0,-8.802024488590D-1,7.944703861258D-1,0D0,      303P    718
-8.218069341299D-1,8.434378216802D-1,0D0,-7.502166573467D-1,         303P    719
8.695046119774D-1,0D0,-6.740136056914D-1,8.695093279940D-1,0D0,      303P    720
-6.024172264225D-1,8.434503345080D-1,0D0,-5.440109968801D-1,         303P    721
7.944840983262D-1,0D0,-5.060089519269D-1,7.284518731922D-1,0D0,      303P    722
-4.969221600479D-1,6.785122928771D-1,0D0,-4.971017863393D-1,         303P    723
6.534292078055D-1,0D0,0D0,1D0,0D0,0D0,1D0;                           303P    724
126,11,3,0,0,1,0,0D0,0D0,0D0,0D0,1.111179621397D-1,                  305P    725
2.222264532899D-1,3.333175769449D-1,4.444256045191D-1,               305P    726
5.555353156658D-1,6.666437008418D-1,7.777479598743D-1,               305P    727
8.888737993971D-1,1D0,1D0,1D0,1D0,1D0,1D0,1D0,1D0,1D0,1D0,1D0,       305P    728
1D0,1D0,1D0,1D0,1D0,-4.971017863393D-1,6.534292078055D-1,0D0,        305P    729
-4.969222336352D-1,6.283479866949D-1,0D0,-5.060072450153D-1,         305P    730
5.784141122157D-1,0D0,-5.440012034491D-1,5.123879215952D-1,0D0,      305P    731
-6.023967660987D-1,4.634205253672D-1,0D0,-6.739869741981D-1,         305P    732
4.373538108570D-1,0D0,-7.501898820431D-1,4.373490906593D-1,0D0,      305P    733
-8.217861956678D-1,4.634079992550D-1,0D0,-8.801924838729D-1,         305P    734
5.123741925524D-1,0D0,-9.181946032939D-1,5.784064649973D-1,0D0,      305P    735
-9.272814134376D-1,6.283461037133D-1,0D0,-9.271017863393D-1,         305P    736
6.534292078055D-1,0D0,0D0,1D0,0D0,0D0,1D0;                           305P    737
102,2,303,305;                                                       307P    738
142,0,285,307,301,1;                                                 309P    739
144,285,1,1,299,309;                                                 311P    740
128,33,6,3,3,0,0,1,0,0,2.315512548564D-3,2.315512548564D-3,          313P    741
2.315512548564D-3,2.315512548564D-3,2.510440900867D-3,               313P    742
2.658113895036D-3,2.805786889204D-3,2.953459883373D-3,               313P    743
3.027296380457D-3,3.101132877541D-3,3.174969374626D-3,               313P    744
3.248805871710D-3,3.322642368794D-3,3.396478865879D-3,               313P    745
3.470315362963D-3,3.544151860047D-3,3.691824854216D-3,               313P    746
3.765661351300D-3,3.839497848385D-3,3.913334345469D-3,               313P    747
3.987170842553D-3,4.061007339638D-3,4.134843836722D-3,               313P    748
4.208680333806D-3,4.245598582348D-3,4.282516830891D-3,               313P    749
4.319435079433D-3,4.337894203704D-3,4.356353327975D-3,               313P    750
4.393271576517D-3,4.430189825059D-3,4.504026322144D-3,               313P    751
4.577862819228D-3,4.651699316312D-3,4.772791171530D-3,               313P    752
4.772791171530D-3,4.772791171530D-3,4.772791171530D-3,               313P    753
-6.175639709953D-2,-6.175639709953D-2,-6.175639709953D-2,            313P    754
-6.175639709953D-2,2.5D-1,5D-1,7.5D-1,1.061811781476D0,              313P    755
1.061811781476D0,1.061811781476D0,1.061811781476D0,1D0,1D0,1D0,      313P    756
1D0,1D0,1D0,1D0,1D0,1D0,1D0,1D0,1D0,1D0,1D0,1D0,1D0,1D0,1D0,1D0,     313P    757
1D0,1D0,1D0,1D0,1D0,1D0,1D0,1D0,1D0,1D0,1D0,1D0,1D0,1D0,1D0,1D0,     313P    758
1D0,1D0,1D0,1D0,1D0,1D0,1D0,1D0,1D0,1D0,1D0,1D0,1D0,1D0,1D0,1D0,     313P    759
1D0,1D0,1D0,1D0,1D0,1D0,1D0,1D0,1D0,1D0,1D0,1D0,1D0,1D0,1D0,1D0,     313P    760
1D0,1D0,1D0,1D0,1D0,1D0,1D0,1D0,1D0,1D0,1D0,1D0,1D0,1D0,1D0,1D0,     313P    761
1D0,1D0,1D0,1D0,1D0,1D0,1D0,1D0,1D0,1D0,1D0,1D0,1D0,1D0,1D0,1D0,     313P    762
1D0,1D0,1D0,1D0,1D0,1D0,1D0,1D0,1D0,1D0,1D0,1D0,1D0,1D0,1D0,1D0,     313P    763
1D0,1D0,1D0,1D0,1D0,1D0,1D0,1D0,1D0,1D0,1D0,1D0,1D0,1D0,1D0,1D0,     313P    764
1D0,1D0,1D0,1D0,1D0,1D0,1D0,1D0,1D0,1D0,1D0,1D0,1D0,1D0,1D0,1D0,     313P    765
1D0,1D0,1D0,1D0,1D0,1D0,1D0,1D0,1D0,1D0,1D0,1D0,1D0,1D0,1D0,1D0,     313P    766
1D0,1D0,1D0,1D0,1D0,1D0,1D0,1D0,1D0,1D0,1D0,1D0,1D0,1D0,1D0,1D0,     313P    767
1D0,1D0,1D0,1D0,1D0,1D0,1D0,1D0,1D0,1D0,1D0,1D0,1D0,1D0,1D0,1D0,     313P    768
1D0,1D0,1D0,1D0,1D0,1D0,1D0,1D0,1D0,1D0,1D0,1D0,1D0,1D0,1D0,1D0,     313P    769
1D0,1D0,1D0,1D0,1D0,1D0,1D0,1D0,1D0,1D0,1D0,1D0,1D0,1D0,1D0,1D0,     313P    770
1D0,1D0,1D0,1D0,1D0,1D0,1D0,1D0,1D0,1D0,1D0,2.251373431451D1,        313P    771
1.968824397168D1,-1.199040826373D0,2.256094846096D1,                 313P    772
1.964495454636D1,-1.199040826373D0,2.265361745478D1,                 313P    773
1.958068535624D1,-1.199040826373D0,2.280194494197D1,                 313P    774
1.950987043136D1,-1.199040826373D0,2.294134845208D1,                 313P    775
1.946151945094D1,-1.199040826373D0,2.305990205701D1,                 313P    776
1.943494935886D1,-1.199040826373D0,2.315652967907D1,                 313P    777
1.942244731998D1,-1.199040826373D0,2.323013624080D1,                 313P    778
1.941779980909D1,-1.199040826373D0,2.330384661999D1,                 313P    779
1.941826452032D1,-1.199040826373D0,2.337658869160D1,                 313P    780
1.942410169058D1,-1.199040826373D0,2.344852980416D1,                 313P    781
1.943549229318D1,-1.199040826373D0,2.351984674923D1,                 313P    782
1.945295660240D1,-1.199040826373D0,2.358936306203D1,                 313P    783
1.947665320438D1,-1.199040826373D0,2.367757199376D1,                 313P    784
1.951606039906D1,-1.199040826373D0,2.375942891914D1,                 313P    785
1.956737964425D1,-1.199040826373D0,2.383454923578D1,                 313P    786
1.963111199404D1,-1.199040826373D0,2.388586162980D1,                 313P    787
1.968297079809D1,-1.199040826373D0,2.393283898120D1,                 313P    788
1.973898695760D1,-1.199040826373D0,2.397505240876D1,                 313P    789
1.979926168021D1,-1.199040826373D0,2.401151927029D1,                 313P    790
1.986291965683D1,-1.199040826373D0,2.404075229777D1,                 313P    791
1.992944797322D1,-1.199040826373D0,2.405807792139D1,                 313P    792
1.998789874571D1,-1.199040826373D0,2.406585270532D1,                 313P    793
2.003500526150D1,-1.199040826373D0,2.406813450826D1,                 313P    794
2.007071225537D1,-1.199040826373D0,2.406650177854D1,                 313P    795
2.009999232572D1,-1.199040826373D0,2.406274604281D1,                 313P    796
2.012268444282D1,-1.199040826373D0,2.405729830721D1,                 313P    797
2.014527976952D1,-1.199040826373D0,2.404741015952D1,                 313P    798
2.017333483366D1,-1.199040826373D0,2.402673715472D1,                 313P    799
2.021581142019D1,-1.199040826373D0,2.399294873815D1,                 313P    800
2.026611133268D1,-1.199040826373D0,2.394464704972D1,                 313P    801
2.032074546241D1,-1.199040826373D0,2.387990222085D1,                 313P    802
2.038096773875D1,-1.199040826373D0,2.382771075990D1,                 313P    803
2.042036333579D1,-1.199040826373D0,2.379470471924D1,                 313P    804
2.044287119858D1,-1.199040826373D0,2.249169088692D1,                 313P    805
1.966434959865D1,-1.202278928129D0,2.254124718363D1,                 313P    806
1.961894418891D1,-1.202278928129D0,2.263737955075D1,                 313P    807
1.955238587314D1,-1.202278928129D0,2.278964013927D1,                 313P    808
1.947971883392D1,-1.202278928129D0,2.293237470649D1,                 313P    809
1.943021311513D1,-1.202278928129D0,2.305405380947D1,                 313P    810
1.940293082721D1,-1.202278928129D0,2.315339704130D1,                 313P    811
1.939007519906D1,-1.202278928129D0,2.322919053148D1,                 313P    812
1.938528788308D1,-1.202278928129D0,2.330522614662D1,                 313P    813
1.938576428146D1,-1.202278928129D0,2.338041013578D1,                 313P    814
1.939179484540D1,-1.202278928129D0,2.345492441714D1,                 313P    815
1.940358954772D1,-1.202278928129D0,2.352894639575D1,                 313P    816
1.942171237257D1,-1.202278928129D0,2.360124761061D1,                 313P    817
1.944635695748D1,-1.202278928129D0,2.369312062799D1,                 313P    818
1.948739276371D1,-1.202278928129D0,2.377854545568D1,                 313P    819
1.954095750675D1,-1.202278928129D0,2.385669146264D1,                 313P    820
1.960726575922D1,-1.202278928129D0,2.390991320132D1,                 313P    821
1.966106060723D1,-1.202278928129D0,2.395864410635D1,                 313P    822
1.971915675734D1,-1.202278928129D0,2.400250306596D1,                 313P    823
1.978178707875D1,-1.202278928129D0,2.404055678176D1,                 313P    824
1.984816661581D1,-1.202278928129D0,2.407128392685D1,                 313P    825
1.991807290683D1,-1.202278928129D0,2.408975084581D1,                 313P    826
1.998024024610D1,-1.202278928129D0,2.409818958130D1,                 313P    827
2.003120192711D1,-1.202278928129D0,2.410070706248D1,                 313P    828
2.007043950746D1,-1.202278928129D0,2.409890512276D1,                 313P    829
2.010327736712D1,-1.202278928129D0,2.409461667605D1,                 313P    830
2.012919807705D1,-1.202278928129D0,2.408845032684D1,                 313P    831
2.015474582727D1,-1.202278928129D0,2.407740698721D1,                 313P    832
2.018602453970D1,-1.202278928129D0,2.405476984053D1,                 313P    833
2.023247493086D1,-1.202278928129D0,2.401858926D1,                    313P    834
2.028622591536D1,-1.202278928129D0,2.396785597461D1,                 313P    835
2.034356777495D1,-1.202278928129D0,2.390060343472D1,                 313P    836
2.040609924617D1,-1.202278928129D0,2.384689085974D1,                 313P    837
2.044661740055D1,-1.202278928129D0,2.381302728231D1,                 313P    838
2.046971589951D1,-1.202278928129D0,2.245105040279D1,                 313P    839
1.962029660900D1,-1.193249035166D0,2.250492481746D1,                 313P    840
1.957099005316D1,-1.193249035166D0,2.260744245144D1,                 313P    841
1.950021137852D1,-1.193249035166D0,2.276695432344D1,                 313P    842
1.942412967874D1,-1.193249035166D0,2.291583021205D1,                 313P    843
1.937249502033D1,-1.193249035166D0,2.304327165634D1,                 313P    844
1.934389968871D1,-1.193249035166D0,2.314762153679D1,                 313P    845
1.933039216378D1,-1.193249035166D0,2.322744696940D1,                 313P    846
1.932534709539D1,-1.193249035166D0,2.330776951834D1,                 313P    847
1.932584504084D1,-1.193249035166D0,2.338745556194D1,                 313P    848
1.933223215610D1,-1.193249035166D0,2.346671387984D1,                 313P    849
1.934477187904D1,-1.193249035166D0,2.354572300812D1,                 313P    850
1.936410877977D1,-1.193249035166D0,2.362315862267D1,                 313P    851
1.939050111854D1,-1.193249035166D0,2.372178695131D1,                 313P    852
1.943453952324D1,-1.193249035166D0,2.381378976133D1,                 313P    853
1.949224419047D1,-1.193249035166D0,2.389751409858D1,                 313P    854
1.956330151983D1,-1.193249035166D0,2.395425601084D1,                 313P    855
1.962066576570D1,-1.193249035166D0,2.400621986447D1,                 313P    856
1.968259670171D1,-1.193249035166D0,2.405311261810D1,                 313P    857
1.974956993554D1,-1.193249035166D0,2.409409194635D1,                 313P    858
1.982096709219D1,-1.193249035166D0,2.412757372942D1,                 313P    859
1.989710120435D1,-1.193249035166D0,2.414814480369D1,                 313P    860
1.996612061201D1,-1.193249035166D0,2.415780763706D1,                 313P    861
2.002418988916D1,-1.193249035166D0,2.416075962769D1,                 313P    862
2.006993665430D1,-1.193249035166D0,2.415864572305D1,                 313P    863
2.010933385142D1,-1.193249035166D0,2.415337514084D1,                 313P    864
2.014120697393D1,-1.193249035166D0,2.414588391578D1,                 313P    865
2.017219797569D1,-1.193249035166D0,2.413271080032D1,                 313P    866
2.020941998467D1,-1.193249035166D0,2.410645245286D1,                 313P    867
2.026319670216D1,-1.193249035166D0,2.406586154637D1,                 313P    868
2.032331027416D1,-1.193249035166D0,2.401064523411D1,                 313P    869
2.038564425453D1,-1.193249035166D0,2.393876933927D1,                 313P    870
2.045243308533D1,-1.193249035166D0,2.388225235421D1,                 313P    871
2.049502084860D1,-1.193249035166D0,2.384680777449D1,                 313P    872
2.051920827712D1,-1.193249035166D0,2.240217609469D1,                 313P    873
1.956731841656D1,-1.145103569275D0,2.246124348460D1,                 313P    874
1.951332033648D1,-1.145103569275D0,2.257144005021D1,                 313P    875
1.943746625186D1,-1.145103569275D0,2.273967232678D1,                 313P    876
1.935727807607D1,-1.145103569275D0,2.289593377784D1,                 313P    877
1.930308315163D1,-1.145103569275D0,2.303030502258D1,                 313P    878
1.927290875166D1,-1.145103569275D0,2.314067590627D1,                 313P    879
1.925861725467D1,-1.145103569275D0,2.322535015898D1,                 313P    880
1.925326221285D1,-1.145103569275D0,2.331082818103D1,                 313P    881
1.925378607083D1,-1.145103569275D0,2.339592840218D1,                 313P    882
1.926060197524D1,-1.145103569275D0,2.348089190564D1,                 313P    883
1.927403766112D1,-1.145103569275D0,2.356589858770D1,                 313P    884
1.929483461135D1,-1.145103569275D0,2.364950883914D1,                 313P    885
1.932332880158D1,-1.145103569275D0,2.375626111540D1,                 313P    886
1.937097813576D1,-1.145103569275D0,2.385617461698D1,                 313P    887
1.943366148215D1,-1.145103569275D0,2.394660746272D1,                 313P    888
1.951043005860D1,-1.145103569275D0,2.400758274109D1,                 313P    889
1.957208686778D1,-1.145103569275D0,2.406343454363D1,                 313P    890
1.963862952313D1,-1.145103569275D0,2.411397574258D1,                 313P    891
1.971082555006D1,-1.145103569275D0,2.415847341680D1,                 313P    892
1.978825690367D1,-1.145103569275D0,2.419526793171D1,                 313P    893
1.987188060301D1,-1.145103569275D0,2.421836946635D1,                 313P    894
1.994914031855D1,-1.145103569275D0,2.422950440169D1,                 313P    895
2.001575720165D1,-1.145103569275D0,2.423297893406D1,                 313P    896
2.006933192233D1,-1.145103569275D0,2.423048985992D1,                 313P    897
2.011661738866D1,-1.145103569275D0,2.422403816008D1,                 313P    898
2.015564889159D1,-1.145103569275D0,2.421495363730D1,                 313P    899
2.019318595594D1,-1.145103569275D0,2.419921925017D1,                 313P    900
2.023755538241D1,-1.145103569275D0,2.416860604115D1,                 313P    901
2.030014275111D1,-1.145103569275D0,2.412271126995D1,                 313P    902
2.036790798052D1,-1.145103569275D0,2.406210366274D1,                 313P    903
2.043624549293D1,-1.145103569275D0,2.398466771421D1,                 313P    904
2.050815423086D1,-1.145103569275D0,2.392477814130D1,                 313P    905
2.055323090894D1,-1.145103569275D0,2.388743224583D1,                 313P    906
2.057872788578D1,-1.145103569275D0,2.236951853205D1,                 313P    907
1.953191865939D1,-1.073040707115D0,2.243205584144D1,                 313P    908
1.947478572683D1,-1.073040707115D0,2.254738342989D1,                 313P    909
1.939554027921D1,-1.073040707115D0,2.272144263618D1,                 313P    910
1.931260817717D1,-1.073040707115D0,2.288263908229D1,                 313P    911
1.925670249606D1,-1.073040707115D0,2.302164078423D1,                 313P    912
1.922547297070D1,-1.073040707115D0,2.313603487149D1,                 313P    913
1.921065762759D1,-1.073040707115D0,2.322394908099D1,                 313P    914
1.920509546310D1,-1.073040707115D0,2.331287196380D1,                 313P    915
1.920563663570D1,-1.073040707115D0,2.340158991067D1,                 313P    916
1.921273905484D1,-1.073040707115D0,2.349036558995D1,                 313P    917
1.922677341857D1,-1.073040707115D0,2.357937980676D1,                 313P    918
1.924854596641D1,-1.073040707115D0,2.366711591898D1,                 313P    919
1.927844460303D1,-1.073040707115D0,2.377929657548D1,                 313P    920
1.932850674182D1,-1.073040707115D0,2.388449596069D1,                 313P    921
1.939451681614D1,-1.073040707115D0,2.397941139749D1,                 313P    922
1.947510161868D1,-1.073040707115D0,2.404321538943D1,                 313P    923
1.953962669671D1,-1.073040707115D0,2.410166509954D1,                 313P    924
1.960925087934D1,-1.073040707115D0,2.415464417099D1,                 313P    925
1.968493674988D1,-1.073040707115D0,2.420149278599D1,                 313P    926
1.976640012304D1,-1.073040707115D0,2.424050085137D1,                 313P    927
1.985502832622D1,-1.073040707115D0,2.426529322668D1,                 313P    928
1.993779417333D1,-1.073040707115D0,2.427741181304D1,                 313P    929
2.001012252300D1,-1.073040707115D0,2.428123550511D1,                 313P    930
2.006892784352D1,-1.073040707115D0,2.427849574463D1,                 313P    931
2.012148421098D1,-1.073040707115D0,2.427125482804D1,                 313P    932
2.016529890710D1,-1.073040707115D0,2.426110567188D1,                 313P    933
2.020721001698D1,-1.073040707115D0,2.424365985612D1,                 313P    934
2.025635531125D1,-1.073040707115D0,2.421013675087D1,                 313P    935
2.032482991201D1,-1.073040707115D0,2.416069796441D1,                 313P    936
2.039770793976D1,-1.073040707115D0,2.409648792150D1,                 313P    937
2.047005698157D1,-1.073040707115D0,2.401533677354D1,                 313P    938
2.054538681524D1,-1.073040707115D0,2.395319365468D1,                 313P    939
2.059212657346D1,-1.073040707115D0,2.391457730975D1,                 313P    940
2.061849858381D1,-1.073040707115D0,2.236339490152D1,                 313P    941
1.952528083905D1,-1.013115419532D0,2.242658285668D1,                 313P    942
1.946756008924D1,-1.013115419532D0,2.254287256495D1,                 313P    943
1.938767872601D1,-1.013115419532D0,2.271802438078D1,                 313P    944
1.930423210944D1,-1.013115419532D0,2.288014618946D1,                 313P    945
1.924800564377D1,-1.013115419532D0,2.302001615D1,                    313P    946
1.921657827150D1,-1.013115419532D0,2.313516462950D1,                 313P    947
1.920166470183D1,-1.013115419532D0,2.322368636438D1,                 313P    948
1.919606369970D1,-1.013115419532D0,2.331325519419D1,                 313P    949
1.919660811897D1,-1.013115419532D0,2.340265150203D1,                 313P    950
1.920376426258D1,-1.013115419532D0,2.349214200367D1,                 313P    951
1.921791088460D1,-1.013115419532D0,2.358190767467D1,                 313P    952
1.923986636707D1,-1.013115419532D0,2.367041742843D1,                 313P    953
1.927002835190D1,-1.013115419532D0,2.378361596233D1,                 313P    954
1.932054291649D1,-1.013115419532D0,2.388980650535D1,                 313P    955
1.938717678669D1,-1.013115419532D0,2.398556247431D1,                 313P    956
1.946847717106D1,-1.013115419532D0,2.404989687927D1,                 313P    957
1.953354007914D1,-1.013115419532D0,2.410883372391D1,                 313P    958
1.960374207998D1,-1.013115419532D0,2.416226992164D1,                 313P    959
1.968008233228D1,-1.013115419532D0,2.420955936234D1,                 313P    960
1.976230175077D1,-1.013115419532D0,2.424898249131D1,                 313P    961
1.985186835015D1,-1.013115419532D0,2.427409191672D1,                 313P    962
1.993566665383D1,-1.013115419532D0,2.428639494781D1,                 313P    963
2.000906596251D1,-1.013115419532D0,2.429028411094D1,                 313P    964
2.006885207456D1,-1.013115419532D0,2.428749734418D1,                 313P    965
2.012239679046D1,-1.013115419532D0,2.428010844129D1,                 313P    966
2.016710838474D1,-1.013115419532D0,2.426975965536D1,                 313P    967
2.020983967337D1,-1.013115419532D0,2.425199292905D1,                 313P    968
2.025988049221D1,-1.013115419532D0,2.421792418819D1,                 313P    969
2.032945900984D1,-1.013115419532D0,2.416782086223D1,                 313P    970
2.040329574011D1,-1.013115419532D0,2.410293532540D1,                 313P    971
2.047639698514D1,-1.013115419532D0,2.402108753914D1,                 313P    972
2.055236830963D1,-1.013115419532D0,2.395852185713D1,                 313P    973
2.059941991256D1,-1.013115419532D0,2.391966728979D1,                 313P    974
2.062595600074D1,-1.013115419532D0,2.236559356784D1,                 313P    975
1.952766412327D1,-9.806101366340D-1,2.242854791110D1,                313P    976
1.947015442701D1,-9.806101366340D-1,2.254449217389D1,                313P    977
1.939050138687D1,-9.806101366340D-1,2.271925169241D1,                313P    978
1.930723950479D1,-9.806101366340D-1,2.288104125318D1,                313P    979
1.925112821560D1,-9.806101366340D-1,2.302059946876D1,                313P    980
1.921977187951D1,-9.806101366340D-1,2.313547708659D1,                313P    981
1.920489357771D1,-9.806101366340D-1,2.322378069178D1,                313P    982
1.919930652009D1,-9.806101366340D-1,2.331311759677D1,                313P    983
1.919984977366D1,-9.806101366340D-1,2.340227034168D1,                313P    984
1.920698662770D1,-9.806101366340D-1,2.349150418906D1,                313P    985
1.922109294380D1,-9.806101366340D-1,2.358100005328D1,                313P    986
1.924298274429D1,-9.806101366340D-1,2.366923203398D1,                313P    987
1.927305017495D1,-9.806101366340D-1,2.378206510286D1,                313P    988
1.932340229777D1,-9.806101366340D-1,2.388789977443D1,                313P    989
1.938981219642D1,-9.806101366340D-1,2.398335395351D1,                313P    990
1.947085565385D1,-9.806101366340D-1,2.404749791569D1,                313P    991
1.953572545609D1,-9.806101366340D-1,2.410625985652D1,                313P    992
1.960571999350D1,-9.806101366340D-1,2.415953192480D1,                313P    993
1.968182529251D1,-9.806101366340D-1,2.420666308870D1,                313P    994
1.976377325579D1,-9.806101366340D-1,2.424593719066D1,                313P    995
1.985300292757D1,-9.806101366340D-1,2.427093278044D1,                313P    996
1.993643053164D1,-9.806101366340D-1,2.428316958734D1,                313P    997
2.000944531655D1,-9.806101366340D-1,2.428703524334D1,                313P    998
2.006887927912D1,-9.806101366340D-1,2.428426535401D1,                313P    999
2.012206913226D1,-9.806101366340D-1,2.427692958503D1,                313P   1000
2.016645869866D1,-9.806101366340D-1,2.426665247542D1,                313P   1001
2.020889550522D1,-9.806101366340D-1,2.424900097082D1,                313P   1002
2.025861478936D1,-9.806101366340D-1,2.421512813836D1,                313P   1003
2.032779694982D1,-9.806101366340D-1,2.416526341278D1,                313P   1004
2.040128946159D1,-9.806101366340D-1,2.410062040948D1,                313P   1005
2.047412063091D1,-9.806101366340D-1,2.401902274856D1,                313P   1006
2.054986163055D1,-9.806101366340D-1,2.395660878625D1,                313P   1007
2.059680126682D1,-9.806101366340D-1,2.391783975176D1,                313P   1008
2.062327844347D1,-9.806101366340D-1,2.315512548564D-3,               313P   1009
4.772791171530D-3,-6.175639709953D-2,1.061811781476D0;               313P   1010
126,6,3,0,0,1,0,0D0,0D0,0D0,0D0,2.5D-1,5D-1,7.5D-1,1D0,1D0,1D0,      315P   1011
1D0,1D0,1D0,1D0,1D0,1D0,1D0,1D0,2.384453873663D1,                    315P   1012
2.043119793298D1,-1.2D0,2.386014053313D1,2.045222109022D1,           315P   1013
-1.2D0,2.389133685293D1,2.049425760417D1,-1.189586248497D0,          315P   1014
2.393101244380D1,2.054771979266D1,-1.145103569275D0,                 315P   1015
2.395752166199D1,2.058344051637D1,-1.078527611827D0,                 315P   1016
2.396372768230D1,2.059180302390D1,-1.026179938780D0,                 315P   1017
2.396372768230D1,2.059180302390D1,-1D0,0D0,1D0,0D0,0D0,1D0;          315P   1018
102,5,39,45,315,43,41;                                               317P   1019
110,2.362767906698D-3,1D0,0D0,2.362767906698D-3,                     319P   1020
-1.528687246539D-14,0D0;                                             319P   1021
126,17,3,0,0,1,0,0D0,0D0,0D0,0D0,9.000170104987D-2,                  321P   1022
1.921707025895D-1,2.989150083389D-1,3.958157570239D-1,               321P   1023
4.804088499213D-1,5.543738120464D-1,6.194224507814D-1,               321P   1024
6.769019315378D-1,7.282764136054D-1,7.739353064269D-1,               321P   1025
8.144444787281D-1,8.537048066595D-1,8.966994761171D-1,               321P   1026
9.456009364676D-1,1D0,1D0,1D0,1D0,1D0,1D0,1D0,1D0,1D0,1D0,1D0,       321P   1027
1D0,1D0,1D0,1D0,1D0,1D0,1D0,1D0,1D0,1D0,1D0,2.362767906698D-3,       321P   1028
-1.528687246539D-14,0D0,2.434199327868D-3,4.798356545984D-4,0D0,     321P   1029
2.585508927183D-3,6.413376503295D-4,0D0,2.820157086574D-3,           321P   1030
-2.000687669218D-4,0D0,3.063611782476D-3,-3.666869835121D-5,0D0,     321P   1031
3.290952017292D-3,-7.561900242927D-8,0D0,3.491394381838D-3,          321P   1032
6.067421584915D-4,0D0,3.669950698333D-3,-2.320210823281D-3,0D0,      321P   1033
3.823543069261D-3,1.652458080548D-4,0D0,3.960582909568D-3,           321P   1034
1.561285266146D-3,0D0,4.081575046638D-3,1.112176236984D-3,0D0,       321P   1035
4.189220201699D-3,-1.948018719267D-4,0D0,4.287216939560D-3,          321P   1036
-2.949459795281D-4,0D0,4.383923954411D-3,-2.053639259441D-3,0D0,     321P   1037
4.486663193307D-3,1.975081502750D-3,0D0,4.601541654458D-3,           321P   1038
-4.043369622579D-4,0D0,4.682766948507D-3,-1.475568783249D-3,0D0,     321P   1039
4.725535813396D-3,0D0,0D0,0D0,1D0,0D0,0D0,1D0;                       321P   1040
110,4.725535813396D-3,0D0,0D0,4.725535813396D-3,1D0,0D0;             323P   1041
110,4.725535813396D-3,1D0,0D0,2.577921888412D-3,1D0,0D0;             325P   1042
110,2.577921888412D-3,1D0,0D0,2.362767906698D-3,1D0,0D0;             327P   1043
102,5,319,321,323,325,327;                                           329P   1044
142,0,313,329,317,1;                                                 331P   1045
144,313,1,0,331;                                                     333P   1046
126,8,3,0,0,1,0,0D0,0D0,0D0,0D0,9.314861234871D-3,                   335P   1047
2.805431225314D-1,5.570764019045D-1,9.545539137278D-1,               335P   1048
9.904590343800D-1,1D0,1D0,1D0,1D0,1D0,1D0,1D0,1D0,1D0,1D0,1D0,       335P   1049
1D0,1D0,2.370275436329D1,2.074816727422D1,-1.039211269530D0,         335P   1050
2.371185428485D1,2.074375412222D1,-1.039211269530D0,                 335P   1051
2.398556686983D1,2.060827088536D1,-1.039211269530D0,                 335P   1052
2.449377170190D1,2.018756427134D1,-1.039211269530D0,                 335P   1053
2.389281709522D1,1.915945598069D1,-1.039211269530D0,                 335P   1054
2.309090727033D1,1.914583457606D1,-1.039211269530D0,                 335P   1055
2.265825974487D1,1.933553695917D1,-1.039211269530D0,                 335P   1056
2.261516724511D1,1.935714782827D1,-1.039211269530D0,                 335P   1057
2.260618434348D1,1.936177959088D1,-1.039211269530D0,0D0,1D0,0D0,     335P   1058
0D0,1D0;                                                             335P   1059
122,335,2.370275436329D1,2.074816727422D1,-7.607887304702D-1;        337P   1060
110,2.263331932593D1,1.934817072870D1,-1D0,2.263331821366D1,         339P   1061
1.934816844959D1,-8D-1;                                              339P   1062
102,5,339,57,27,33,43;                                               341P   1063
110,9.904590343789D-1,1.408336755431D-1,0D0,9.904590343789D-1,       343P   1064
8.591663244569D-1,0D0;                                               343P   1065
110,9.904590343789D-1,8.591663244569D-1,0D0,9.314861234871D-3,       345P   1066
8.591663244569D-1,0D0;                                               345P   1067
110,9.314861234871D-3,8.591663244569D-1,0D0,9.314861234873D-3,       347P   1068
1.408336755431D-1,0D0;                                               347P   1069
110,9.314861234873D-3,1.408336755431D-1,0D0,9.287236892053D-2,       349P   1070
1.408336755431D-1,0D0;                                               349P   1071
110,9.287236892053D-2,1.408336755431D-1,0D0,9.904590343789D-1,       351P   1072
1.408336755431D-1,0D0;                                               351P   1073
102,5,343,345,347,349,351;                                           353P   1074
142,0,337,353,341,1;                                                 355P   1075
144,337,1,0,355;                                                     357P   1076
128,1,1,1,1,0,0,1,0,0,-1.9760431D1,-1.9760431D1,-3.224431D0,         359P   1077
-3.224431D0,-2.3877081D1,-2.3877081D1,5.762919D0,5.762919D0,1D0,     359P   1078
1D0,1D0,1D0,8.82742D0,-3.191724D0,-8D-1,2.536342D1,-3.191724D0,      359P   1079
-8D-1,8.82742D0,2.6448276D1,-8D-1,2.536342D1,2.6448276D1,-8D-1,      359P   1080
-1.9760431D1,-3.224431D0,-2.3877081D1,5.762919D0;                    359P   1081
124,1D0,0D0,0D0,2.394542D1,0D0,1D0,0D0,2.5378276D1,0D0,0D0,1D0,      361P   1082
-8D-1;                                                               361P   1083
100,0D0,0D0,0D0,5D-1,0D0,0D0,5D-1;                                   363P   1084
124,0D0,-1D0,0D0,1.114542D1,1D0,0D0,0D0,2.5378276D1,0D0,0D0,1D0,     365P   1085
-8D-1;                                                               365P   1086
100,0D0,0D0,0D0,5D-1,0D0,0D0,5D-1;                                   367P   1087
110,1.014542D1,1.9628276D1,-8D-1,9.64542D0,1.9628276D1,-8D-1;        369P   1088
124,0D0,-1D0,0D0,9.64542D0,1D0,0D0,0D0,1.9128276D1,0D0,0D0,1D0,      371P   1089
-8D-1;                                                               371P   1090
100,0D0,0D0,0D0,5D-1,0D0,0D0,5D-1;                                   373P   1091
124,-1D0,0D0,0D0,9.64542D0,0D0,-1D0,0D0,4.128276D0,0D0,0D0,1D0,      375P   1092
-8D-1;                                                               375P   1093
100,0D0,0D0,0D0,5D-1,0D0,0D0,5D-1;                                   377P   1094
110,1.064542D1,3.128276D0,-8D-1,1.064542D1,-2.121724D0,-8D-1;        379P   1095
124,-1D0,0D0,0D0,1.114542D1,0D0,-1D0,0D0,-2.121724D0,0D0,0D0,        381P   1096
1D0,-8D-1;                                                           381P   1097
100,0D0,0D0,0D0,5D-1,0D0,0D0,5D-1;                                   383P   1098
124,0D0,1D0,0D0,2.394542D1,-1D0,0D0,0D0,-2.121724D0,0D0,0D0,1D0,     385P   1099
-8D-1;                                                               385P   1100
100,0D0,0D0,0D0,5D-1,0D0,0D0,5D-1;                                   387P   1101
110,2.504542D1,4.228276D0,-8D-1,2.504542D1,1.9028276D1,-8D-1;        389P   1102
110,2.444542D1,1.9628276D1,-8D-1,2.444542D1,2.5378276D1,-8D-1;       391P   1103
102,20,363,223,367,61,201,369,373,181,377,65,161,379,383,69,387,     393P   1104
71,127,389,119,391;                                                  393P   1105
126,8,3,0,0,1,0,0D0,0D0,0D0,0D0,1.646003896492D-1,                   395P   1106
3.336865842199D-1,5.001830918258D-1,6.665779177081D-1,               395P   1107
8.354106925403D-1,1D0,1D0,1D0,1D0,1D0,1D0,1D0,1D0,1D0,1D0,1D0,       395P   1108
1D0,1D0,-4.142431D0,4.692919D0,0D0,-4.142295401485D0,                395P   1109
4.736034298345D0,0D0,-4.153846706874D0,4.823338203248D0,0D0,         395P   1110
-4.204161542607D0,4.945497194993D0,0D0,-4.284918027913D0,            395P   1111
5.050601349767D0,0D0,-4.390008012541D0,5.131263344560D0,0D0,         395P   1112
-4.512083789911D0,5.181513135117D0,0D0,-4.599318304985D0,            395P   1113
5.193054218065D0,0D0,-4.642431D0,5.192919D0,0D0,0D0,1D0,0D0,0D0,     395P   1114
1D0;                                                                 395P   1115
110,-4.642431D0,5.192919D0,0D0,-1.7442431D1,5.192919D0,0D0;          397P   1116
126,8,3,0,0,1,0,0D0,0D0,0D0,0D0,1.645893074597D-1,                   399P   1117
3.334220822919D-1,4.998169081742D-1,6.663134157801D-1,               399P   1118
8.353996103508D-1,1D0,1D0,1D0,1D0,1D0,1D0,1D0,1D0,1D0,1D0,1D0,       399P   1119
1D0,1D0,-1.7442431D1,5.192919D0,0D0,-1.748554369502D1,               399P   1120
5.193054218065D0,0D0,-1.757277821009D1,5.181513135117D0,0D0,         399P   1121
-1.769485398746D1,5.131263344560D0,0D0,-1.779994397209D1,            399P   1122
5.050601349767D0,0D0,-1.788070045739D1,4.945497194993D0,0D0,         399P   1123
-1.793101529313D1,4.823338203248D0,0D0,-1.794256659851D1,            399P   1124
4.736034298345D0,0D0,-1.7942431D1,4.692919D0,0D0,0D0,1D0,0D0,        399P   1125
0D0,1D0;                                                             399P   1126
110,-1.7942431D1,4.692919D0,0D0,-1.7942431D1,-5.57081D-1,0D0;        401P   1127
126,8,3,0,0,1,0,0D0,0D0,0D0,0D0,1.646003896492D-1,                   403P   1128
3.336865842199D-1,5.001830918258D-1,6.665779177081D-1,               403P   1129
8.354106925403D-1,1D0,1D0,1D0,1D0,1D0,1D0,1D0,1D0,1D0,1D0,1D0,       403P   1130
1D0,1D0,-1.7942431D1,-5.57081D-1,0D0,-1.794229540149D1,              403P   1131
-6.001962983447D-1,0D0,-1.795384670687D1,-6.875002032479D-1,0D0,     403P   1132
-1.800416154261D1,-8.096591949928D-1,0D0,-1.808491802791D1,          403P   1133
-9.147633497672D-1,0D0,-1.819000801254D1,-9.954253445600D-1,0D0,     403P   1134
-1.831208378991D1,-1.045675135117D0,0D0,-1.839931830498D1,           403P   1135
-1.057216218065D0,0D0,-1.8442431D1,-1.057081D0,0D0,0D0,1D0,0D0,      403P   1136
0D0,1D0;                                                             403P   1137
110,-1.8442431D1,-1.057081D0,0D0,-1.8942431D1,-1.057081D0,0D0;       405P   1138
126,8,3,0,0,1,0,0D0,0D0,0D0,0D0,1.646003896492D-1,                   407P   1139
3.336865842199D-1,5.001830918258D-1,6.665779177081D-1,               407P   1140
8.354106925403D-1,1D0,1D0,1D0,1D0,1D0,1D0,1D0,1D0,1D0,1D0,1D0,       407P   1141
1D0,1D0,-1.8942431D1,-1.057081D0,0D0,-1.898554629834D1,              407P   1142
-1.056945401485D0,0D0,-1.907285020325D1,-1.068496706874D0,0D0,       407P   1143
-1.919500919499D1,-1.118811542607D0,0D0,-1.930011334977D1,           407P   1144
-1.199568027913D0,0D0,-1.938077534456D1,-1.304658012541D0,0D0,       407P   1145
-1.943102513512D1,-1.426733789911D0,0D0,-1.944256621806D1,           407P   1146
-1.513968304985D0,0D0,-1.9442431D1,-1.557081D0,0D0,0D0,1D0,0D0,      407P   1147
0D0,1D0;                                                             407P   1148
110,-1.9442431D1,-1.557081D0,0D0,-1.9442431D1,-1.6557081D1,0D0;      409P   1149
126,8,3,0,0,1,0,0D0,0D0,0D0,0D0,1.645893074597D-1,                   411P   1150
3.334220822919D-1,4.998169081742D-1,6.663134157801D-1,               411P   1151
8.353996103508D-1,1D0,1D0,1D0,1D0,1D0,1D0,1D0,1D0,1D0,1D0,1D0,       411P   1152
1D0,1D0,-1.9442431D1,-1.6557081D1,0D0,-1.944256621806D1,             411P   1153
-1.660019369502D1,0D0,-1.943102513512D1,-1.668742821009D1,0D0,       411P   1154
-1.938077534456D1,-1.680950398746D1,0D0,-1.930011334977D1,           411P   1155
-1.691459397209D1,0D0,-1.919500919499D1,-1.699535045739D1,0D0,       411P   1156
-1.907285020325D1,-1.704566529313D1,0D0,-1.898554629834D1,           411P   1157
-1.705721659851D1,0D0,-1.8942431D1,-1.7057081D1,0D0,0D0,1D0,0D0,     411P   1158
0D0,1D0;                                                             411P   1159
110,-1.8942431D1,-1.7057081D1,0D0,-1.8442431D1,-1.7057081D1,0D0;     413P   1160
126,8,3,0,0,1,0,0D0,0D0,0D0,0D0,1.646003896492D-1,                   415P   1161
3.336865842199D-1,5.001830918258D-1,6.665779177081D-1,               415P   1162
8.354106925403D-1,1D0,1D0,1D0,1D0,1D0,1D0,1D0,1D0,1D0,1D0,1D0,       415P   1163
1D0,1D0,-1.8442431D1,-1.7057081D1,0D0,-1.839931570166D1,             415P   1164
-1.705694540149D1,0D0,-1.831201179675D1,-1.706849670687D1,0D0,       415P   1165
-1.818985280501D1,-1.711881154261D1,0D0,-1.808474865023D1,           415P   1166
-1.719956802791D1,0D0,-1.800408665544D1,-1.730465801254D1,0D0,       415P   1167
-1.795383686488D1,-1.742673378991D1,0D0,-1.794229578194D1,           415P   1168
-1.751396830498D1,0D0,-1.7942431D1,-1.7557081D1,0D0,0D0,1D0,0D0,     415P   1169
0D0,1D0;                                                             415P   1170
110,-1.7942431D1,-1.7557081D1,0D0,-1.7942431D1,-2.2807081D1,0D0;     417P   1171
126,8,3,0,0,1,0,0D0,0D0,0D0,0D0,1.646003896492D-1,                   419P   1172
3.336865842199D-1,5.001830918258D-1,6.665779177081D-1,               419P   1173
8.354106925403D-1,1D0,1D0,1D0,1D0,1D0,1D0,1D0,1D0,1D0,1D0,1D0,       419P   1174
1D0,1D0,-1.7942431D1,-2.2807081D1,0D0,-1.794256659851D1,             419P   1175
-2.285019629834D1,0D0,-1.793101529313D1,-2.293750020325D1,0D0,       419P   1176
-1.788070045739D1,-2.305965919499D1,0D0,-1.779994397209D1,           419P   1177
-2.316476334977D1,0D0,-1.769485398746D1,-2.324542534456D1,0D0,       419P   1178
-1.757277821009D1,-2.329567513512D1,0D0,-1.748554369502D1,           419P   1179
-2.330721621806D1,0D0,-1.7442431D1,-2.3307081D1,0D0,0D0,1D0,0D0,     419P   1180
0D0,1D0;                                                             419P   1181
110,-1.7442431D1,-2.3307081D1,0D0,-4.642431D0,-2.3307081D1,0D0;      421P   1182
126,8,3,0,0,1,0,0D0,0D0,0D0,0D0,1.645893074597D-1,                   423P   1183
3.334220822919D-1,4.998169081742D-1,6.663134157801D-1,               423P   1184
8.353996103508D-1,1D0,1D0,1D0,1D0,1D0,1D0,1D0,1D0,1D0,1D0,1D0,       423P   1185
1D0,1D0,-4.642431D0,-2.3307081D1,0D0,-4.599318304985D0,              423P   1186
-2.330721621806D1,0D0,-4.512083789911D0,-2.329567513512D1,0D0,       423P   1187
-4.390008012541D0,-2.324542534456D1,0D0,-4.284918027913D0,           423P   1188
-2.316476334977D1,0D0,-4.204161542607D0,-2.305965919499D1,0D0,       423P   1189
-4.153846706874D0,-2.293750020325D1,0D0,-4.142295401485D0,           423P   1190
-2.285019629834D1,0D0,-4.142431D0,-2.2807081D1,0D0,0D0,1D0,0D0,      423P   1191
0D0,1D0;                                                             423P   1192
110,-4.142431D0,-2.2807081D1,0D0,-4.142431D0,-1.7057081D1,0D0;       425P   1193
110,-4.142431D0,-1.7057081D1,0D0,-3.542431D0,-1.6457081D1,0D0;       427P   1194
110,-3.542431D0,-1.6457081D1,0D0,-3.542431D0,-1.657081D0,0D0;        429P   1195
110,-3.542431D0,-1.657081D0,0D0,-4.142431D0,-1.057081D0,0D0;         431P   1196
110,-4.142431D0,-1.057081D0,0D0,-4.142431D0,4.692919D0,0D0;          433P   1197
102,20,395,397,399,401,403,405,407,409,411,413,415,417,419,421,      435P   1198
423,425,427,429,431,433;                                             435P   1199
142,0,359,435,393,1;                                                 437P   1200
124,-1D0,0D0,0D0,2.336001651890D1,0D0,1D0,0D0,2.402780623813D1,      439P   1201
0D0,0D0,-1D0,-8D-1;                                                  439P   1202
100,0D0,0D0,0D0,8D-1,0D0,-8D-1,0D0;                                  441P   1203
124,1D0,0D0,0D0,2.336001651890D1,0D0,-1D0,0D0,2.402780623813D1,      443P   1204
0D0,0D0,-1D0,-8D-1;                                                  443P   1205
100,0D0,0D0,0D0,8D-1,0D0,-8D-1,0D0;                                  445P   1206
102,2,441,445;                                                       447P   1207
126,14,3,0,0,1,0,0D0,0D0,0D0,0D0,8.333761765402D-2,                  449P   1208
1.666788125154D-1,2.500179075952D-1,3.333504018092D-1,               449P   1209
4.166814374351D-1,5.000106167284D-1,5.833402874855D-1,               449P   1210
6.666708703404D-1,7.499984953186D-1,8.333304829136D-1,               449P   1211
9.166649886292D-1,1D0,1D0,1D0,1D0,1D0,1D0,1D0,1D0,1D0,1D0,1D0,       449P   1212
1D0,1D0,1D0,1D0,1D0,1D0,1D0,1D0,-6.027834481099D0,                   449P   1213
3.342449238131D0,0D0,-6.028051804388D0,3.412322397165D0,0D0,         449P   1214
-6.009349646260D0,3.551870028307D0,0D0,-5.928627997933D0,            449P   1215
3.747078034694D0,0D0,-5.799983475373D0,3.914660493369D0,0D0,         449P   1216
-5.632394919009D0,4.043250483676D0,0D0,-5.437232828011D0,            449P   1217
4.124076094574D0,0D0,-5.227806927006D0,4.151639273976D0,0D0,         449P   1218
-5.018383242308D0,4.124061930223D0,0D0,-4.823230429588D0,            449P   1219
4.043224619337D0,0D0,-4.655658097969D0,3.914631215692D0,0D0,         449P   1220
-4.527030247546D0,3.747056376957D0,0D0,-4.446317687640D0,            449P   1221
3.551860035610D0,0D0,-4.427617199004D0,3.412320205497D0,0D0,         449P   1222
-4.427834481099D0,3.342449238131D0,0D0,0D0,1D0,0D0,0D0,1D0;          449P   1223
126,14,3,0,0,1,0,0D0,0D0,0D0,0D0,8.333761765402D-2,                  451P   1224
1.666788125154D-1,2.500179075952D-1,3.333504018092D-1,               451P   1225
4.166814374352D-1,5.000106167284D-1,5.833402874855D-1,               451P   1226
6.666708703404D-1,7.499984953186D-1,8.333304829136D-1,               451P   1227
9.166649886292D-1,1D0,1D0,1D0,1D0,1D0,1D0,1D0,1D0,1D0,1D0,1D0,       451P   1228
1D0,1D0,1D0,1D0,1D0,1D0,1D0,1D0,-4.427834481099D0,                   451P   1229
3.342449238131D0,0D0,-4.427617157810D0,3.272576079098D0,0D0,         451P   1230
-4.446319315938D0,3.133028447956D0,0D0,-4.527040964265D0,            451P   1231
2.937820441569D0,0D0,-4.655685486825D0,2.770237982894D0,0D0,         451P   1232
-4.823274043189D0,2.641647992587D0,0D0,-5.018436134188D0,            451P   1233
2.560822381689D0,0D0,-5.227862035192D0,2.533259202287D0,0D0,         451P   1234
-5.437285719891D0,2.560836546040D0,0D0,-5.632438532610D0,            451P   1235
2.641673856926D0,0D0,-5.800010864229D0,2.770267260571D0,0D0,         451P   1236
-5.928638714653D0,2.937842099306D0,0D0,-6.009351274558D0,            451P   1237
3.133038440653D0,0D0,-6.028051763195D0,3.272578270766D0,0D0,         451P   1238
-6.027834481099D0,3.342449238131D0,0D0,0D0,1D0,0D0,0D0,1D0;          451P   1239
102,2,449,451;                                                       453P   1240
142,0,359,453,447,1;                                                 455P   1241
126,6,3,0,0,1,0,0D0,0D0,0D0,0D0,2.764407807949D-1,                   457P   1242
5.582885325749D-1,9.634048474883D-1,1D0,1D0,1D0,1D0,1D0,1D0,1D0,     457P   1243
1D0,1D0,1D0,1D0,2.373001081666D1,2.073467302533D1,-8D-1,             457P   1244
2.399406455071D1,2.060123626010D1,-8D-1,2.449377170190D1,            457P   1245
2.018756427134D1,-8D-1,2.389281709523D1,1.915945598068D1,-8D-1,      457P   1246
2.309090727032D1,1.914583457606D1,-8D-1,2.266757935481D1,            457P   1247
1.933145060224D1,-8D-1,2.263331821366D1,1.934816844959D1,-8D-1,      457P   1248
0D0,1D0,0D0,0D0,1D0;                                                 457P   1249
126,6,3,0,0,1,0,0D0,0D0,0D0,0D0,2.135993044318D-1,                   459P   1250
4.685118599095D-1,6.575810795954D-1,1D0,1D0,1D0,1D0,1D0,1D0,1D0,     459P   1251
1D0,1D0,1D0,1D0,2.263331821366D1,1.934816844959D1,-8D-1,             459P   1252
2.243334211259D1,1.944574750909D1,-8D-1,2.205531166529D1,            459P   1253
1.975989932220D1,-8D-1,2.218994739692D1,2.052074733066D1,-8D-1,      459P   1254
2.285568256174D1,2.098647585709D1,-8D-1,2.340293536027D1,            459P   1255
2.089995715223D1,-8D-1,2.373001081666D1,2.073467302533D1,-8D-1,      459P   1256
0D0,1D0,0D0,0D0,1D0;                                                 459P   1257
102,2,457,459;                                                       461P   1258
126,16,3,0,0,1,0,0D0,0D0,0D0,0D0,7.391558643174D-2,                  463P   1259
1.397888603596D-1,1.981749795486D-1,2.495507605644D-1,               463P   1260
2.969738903223D-1,3.470368163528D-1,4.041975845319D-1,               463P   1261
4.689224047712D-1,5.423050978028D-1,6.213937139222D-1,               463P   1262
7.038540716585D-1,7.939557109825D-1,8.950693868758D-1,1D0,1D0,       463P   1263
1D0,1D0,1D0,1D0,1D0,1D0,1D0,1D0,1D0,1D0,1D0,1D0,1D0,1D0,1D0,1D0,     463P   1264
1D0,1D0,1D0,-4.857840183340D0,4.931602532974D-2,0D0,                 463P   1265
-4.791553631346D0,1.531585122517D-2,0D0,-4.668256359207D0,           463P   1266
-5.574809689975D-2,0D0,-4.510675198819D0,-1.809350372509D-1,0D0,     463P   1267
-4.392779646257D0,-3.155684304156D-1,0D0,-4.318417550418D0,          463P   1268
-4.585944966368D-1,0D0,-4.293483562807D0,-6.097252183515D-1,0D0,     463P   1269
-4.315589476058D0,-7.665212833769D-1,0D0,-4.379322264518D0,          463P   1270
-9.297912606317D-1,0D0,-4.487071636239D0,-1.096825333245D0,0D0,      463P   1271
-4.639928623167D0,-1.256875641367D0,0D0,-4.840578973144D0,           463P   1272
-1.388822889001D0,0D0,-5.083932961043D0,-1.472210795450D0,0D0,       463P   1273
-5.362285246206D0,-1.497112701394D0,0D0,-5.661420032154D0,           463P   1274
-1.455590105271D0,0D0,-5.859032869716D0,-1.383213859074D0,0D0,       463P   1275
-5.954532786339D0,-1.337188550414D0,0D0,0D0,1D0,0D0,0D0,1D0;         463P   1276
126,15,3,0,0,1,0,0D0,0D0,0D0,0D0,7.678956410112D-2,                  465P   1277
1.445040046115D-1,2.033919619645D-1,2.607101165804D-1,               465P   1278
3.255747780512D-1,3.985084685392D-1,4.716459434419D-1,               465P   1279
5.439339275829D-1,6.208527612411D-1,7.016091412147D-1,               465P   1280
7.885606921351D-1,8.871451033337D-1,1D0,1D0,1D0,1D0,1D0,1D0,1D0,     465P   1281
1D0,1D0,1D0,1D0,1D0,1D0,1D0,1D0,1D0,1D0,1D0,1D0,1D0,                 465P   1282
-5.954532786339D0,-1.337188550414D0,0D0,-6.022507373730D0,           465P   1283
-1.303703665378D0,0D0,-6.148057267964D0,-1.229971155719D0,0D0,       465P   1284
-6.297973629373D0,-1.091827624625D0,0D0,-6.397964889275D0,           465P   1285
-9.355141723721D-1,0D0,-6.445653451676D0,-7.592754042074D-1,0D0,     465P   1286
-6.445968374778D0,-5.631970509932D-1,0D0,-6.396349330073D0,          465P   1287
-3.572765935509D-1,0D0,-6.296076475338D0,-1.618501647090D-1,0D0,     465P   1288
-6.144481081591D0,2.747847783477D-3,0D0,-5.950272020519D0,           465P   1289
1.280605407837D-1,0D0,-5.717413726807D0,2.070852033089D-1,0D0,       465P   1290
-5.450445464088D0,2.268281658013D-1,0D0,-5.155365899028D0,           465P   1291
1.782627157803D-1,0D0,-4.957575545143D0,9.965717334204D-2,0D0,       465P   1292
-4.857840183340D0,4.931602532974D-2,0D0,0D0,1D0,0D0,0D0,1D0;         465P   1293
102,2,463,465;                                                       467P   1294
142,0,359,467,461,1;                                                 469P   1295
144,359,1,2,437,455,469;                                             471P   1296
110,2.336001651890D1,2.402780623813D1,-1.471279704942D0,             473P   1297
2.336001651890D1,2.402780623813D1,-4.712797049418D-1;                473P   1298
110,2.318593089033D1,2.402780623813D1,-1.325204518214D0,             475P   1299
2.252997894377D1,2.402780623813D1,-7.747954817862D-1;                475P   1300
120,473,475,2.949496562511D0,6.475281398258D0;                       477P   1301
110,2.356413972260D1,2.402780623813D1,-1.3D0,2.416001651890D1,       479P   1302
2.402780623813D1,-8D-1;                                              479P   1303
102,4,479,51,85,79;                                                  481P   1304
110,4.579234086966D-2,3.141592653590D0,0D0,9.542076591303D-1,        483P   1305
3.141592653590D0,0D0;                                                483P   1306
110,9.542076591303D-1,3.141592653590D0,0D0,9.542076591303D-1,        485P   1307
6.283185307180D0,0D0;                                                485P   1308
110,9.542076591303D-1,6.283185307180D0,0D0,4.579234086966D-2,        487P   1309
6.283185307180D0,0D0;                                                487P   1310
110,4.579234086966D-2,6.283185307180D0,0D0,4.579234086966D-2,        489P   1311
3.141592653590D0,0D0;                                                489P   1312
102,4,483,485,487,489;                                               491P   1313
142,0,477,491,481,1;                                                 493P   1314
144,477,1,0,493;                                                     495P   1315
110,2.336001651890D1,2.402780623813D1,-1.471279704942D0,             497P   1316
2.336001651890D1,2.402780623813D1,-4.712797049418D-1;                497P   1317
110,2.318593089033D1,2.402780623813D1,-1.325204518214D0,             499P   1318
2.252997894377D1,2.402780623813D1,-7.747954817862D-1;                499P   1319
120,497,499,-1.920960910788D-1,3.333688744669D0;                     501P   1320
110,2.315589331520D1,2.402780623813D1,-1.3D0,2.256001651890D1,       503P   1321
2.402780623813D1,-8D-1;                                              503P   1322
102,4,83,503,55,75;                                                  505P   1323
110,4.579234086966D-2,3.141592653590D0,0D0,4.579234086966D-2,        507P   1324
0D0,0D0;                                                             507P   1325
110,4.579234086966D-2,0D0,0D0,9.542076591303D-1,0D0,0D0;             509P   1326
110,9.542076591303D-1,0D0,0D0,9.542076591303D-1,                     511P   1327
3.141592653590D0,0D0;                                                511P   1328
110,9.542076591303D-1,3.141592653590D0,0D0,4.579234086966D-2,        513P   1329
3.141592653590D0,0D0;                                                513P   1330
102,4,507,509,511,513;                                               515P   1331
142,0,501,515,505,1;                                                 517P   1332
126,5,3,0,0,1,0,0D0,0D0,0D0,0D0,3.333333333333D-1,                   519P   1333
6.666666666667D-1,1D0,1D0,1D0,1D0,1D0,1D0,1D0,1D0,1D0,1D0,           519P   1334
2.355629105133D1,2.375667603308D1,-1.190419031744D0,                 519P   1335
2.355721048602D1,2.375550034154D1,-1.189167521861D0,                 519P   1336
2.355873758780D1,2.375300254908D1,-1.186718569752D0,                 519P   1337
2.356010591248D1,2.374886744900D1,-1.183233053995D0,2.356042D1,      519P   1338
2.374580154941D1,-1.180985986681D0,2.356042D1,2.374419504817D1,      519P   1339
-1.179885081403D0,0D0,1D0,0D0,0D0,1D0;                               519P   1340
126,5,3,0,0,1,0,0D0,0D0,0D0,0D0,3.333333333333D-1,                   521P   1341
6.666666666667D-1,1D0,1D0,1D0,1D0,1D0,1D0,1D0,1D0,1D0,1D0,           521P   1342
2.313042D1,2.375876645512D1,-1.174498140940D0,2.313042D1,            521P   1343
2.375987040853D1,-1.175202764876D0,2.313055527263D1,                 521P   1344
2.376200043511D1,-1.176632375205D0,2.313115242723D1,                 521P   1345
2.376496591191D1,-1.178840206960D0,2.313180388035D1,                 521P   1346
2.376678318657D1,-1.180348043945D0,2.313219129912D1,                 521P   1347
2.376765321841D1,-1.181111427839D0,0D0,1D0,0D0,0D0,1D0;              521P   1348
102,4,519,99,521,91;                                                 523P   1349
126,5,3,0,0,1,0,0D0,0D0,0D0,0D0,3.357542260833D-1,                   525P   1350
6.643813237459D-1,1D0,1D0,1D0,1D0,1D0,1D0,1D0,1D0,1D0,1D0,           525P   1351
2.448824011766D-1,2.197391298652D0,0D0,2.471114687012D-1,            525P   1352
2.197580736606D0,0D0,2.515307049006D-1,2.196904550374D0,0D0,         525P   1353
2.580085080440D-1,2.192979089388D0,0D0,2.620665997864D-1,            525P   1354
2.188585344623D0,0D0,2.640208048796D-1,2.185947070817D0,0D0,0D0,     525P   1355
1D0,0D0,0D0,1D0;                                                     525P   1356
126,19,3,0,0,1,0,0D0,0D0,0D0,0D0,3.804063746670D-2,                  527P   1357
8.059780575170D-2,1.277760985584D-1,1.798361428064D-1,               527P   1358
2.371795399367D-1,3.004286053661D-1,3.706964678478D-1,               527P   1359
4.496516935608D-1,5.365147178710D-1,6.197588173334D-1,               527P   1360
6.929705039308D-1,7.583436799811D-1,8.170058177613D-1,               527P   1361
8.699740406098D-1,9.179273718795D-1,9.612273546360D-1,1D0,1D0,       527P   1362
1D0,1D0,1D0,1D0,1D0,1D0,1D0,1D0,1D0,1D0,1D0,1D0,1D0,1D0,1D0,1D0,     527P   1363
1D0,1D0,1D0,1D0,1D0,1D0,2.640208048796D-1,2.185947070817D0,0D0,      527P   1364
2.709941066987D-1,2.175789463081D0,0D0,2.829670422067D-1,            527P   1365
2.148158443425D0,0D0,2.953130643367D-1,2.092776477509D0,0D0,         527P   1366
3.046513040107D-1,2.029378930584D0,0D0,3.118562914672D-1,            527P   1367
1.958216670200D0,0D0,3.174697615422D-1,1.879726166665D0,0D0,         527P   1368
3.218005790463D-1,1.793120188289D0,0D0,3.250125776570D-1,            527P   1369
1.697010318075D0,0D0,3.270928735723D-1,1.590504158275D0,0D0,         527P   1370
3.278498576798D-1,1.478317879729D0,0D0,3.271865388853D-1,            527P   1371
1.368729194910D0,0D0,3.251976053451D-1,1.268686823949D0,0D0,         527P   1372
3.219826598538D-1,1.179520938108D0,0D0,3.174318534501D-1,            527P   1373
1.099365063407D0,0D0,3.112886599058D-1,1.027051473384D0,0D0,         527P   1374
3.030154322420D-1,9.625035066100D-1,0D0,2.918113948182D-1,           527P   1375
9.055692045428D-1,0D0,2.805106297484D-1,8.758703978609D-1,0D0,       527P   1376
2.738079633496D-1,8.643360660656D-1,0D0,0D0,1D0,0D0,0D0,1D0;         527P   1377
126,5,3,0,0,1,0,0D0,0D0,0D0,0D0,3.419204133008D-1,                   529P   1378
6.739401911928D-1,1D0,1D0,1D0,1D0,1D0,1D0,1D0,1D0,1D0,1D0,           529P   1379
2.738079633496D-1,8.643360660656D-1,0D0,2.725532320052D-1,           529P   1380
8.623448785719D-1,0D0,2.699879231522D-1,8.587333605422D-1,0D0,       529P   1381
2.659565611368D-1,8.544304203312D-1,0D0,2.631869351334D-1,           529P   1382
8.523645127591D-1,0D0,2.617927411037D-1,8.515499452721D-1,0D0,       529P   1383
0D0,1D0,0D0,0D0,1D0;                                                 529P   1384
126,6,3,0,0,1,0,0D0,0D0,0D0,0D0,2.537453617746D-1,                   531P   1385
5.016525799355D-1,7.492313907669D-1,1D0,1D0,1D0,1D0,1D0,1D0,1D0,     531P   1386
1D0,1D0,1D0,1D0,2.617927411037D-1,8.515499452721D-1,0D0,             531P   1387
2.424766113071D-1,9.459198882717D-1,0D0,2.114503906235D-1,           531P   1388
1.157703010105D0,0D0,1.913994336227D-1,1.514526344720D0,0D0,         531P   1389
2.022311056625D-1,1.877181883196D0,0D0,2.278879161662D-1,            531P   1390
2.098204959506D0,0D0,2.448824011766D-1,2.197391298652D0,0D0,0D0,     531P   1391
1D0,0D0,0D0,1D0;                                                     531P   1392
102,4,525,527,529,531;                                               533P   1393
142,0,501,533,523,1;                                                 535P   1394
144,501,1,1,517,535;                                                 537P   1395
128,1,1,1,1,0,0,1,0,0,-2.433344732327D-1,-2.433344732327D-1,         539P   1396
2.433344732327D-1,2.433344732327D-1,-2.441733960771D-1,              539P   1397
-2.441733960771D-1,2.441733960771D-1,2.441733960771D-1,1D0,1D0,      539P   1398
1D0,1D0,2.360335099213D1,2.378363284205D1,-1.3D0,                    539P   1399
2.311668204567D1,2.378363284205D1,-1.3D0,2.360335099213D1,           539P   1400
2.427197963421D1,-1.3D0,2.311668204567D1,2.427197963421D1,           539P   1401
-1.3D0,-2.433344732327D-1,2.433344732327D-1,-2.441733960771D-1,      539P   1402
2.441733960771D-1;                                                   539P   1403
102,2,79,83;                                                         541P   1404
126,11,3,0,0,1,0,0D0,0D0,0D0,0D0,1.111111111111D-1,                  543P   1405
2.222222222222D-1,3.333333333333D-1,4.444444444444D-1,               543P   1406
5.555555555556D-1,6.666666666667D-1,7.777777777778D-1,               543P   1407
8.888888888889D-1,1D0,1D0,1D0,1D0,1D0,1D0,1D0,1D0,1D0,1D0,1D0,       543P   1408
1D0,1D0,1D0,1D0,1D0,2.041232037029D-1,0D0,0D0,2.042936300319D-1,     543P   1409
2.381086890435D-2,0D0,1.956689827325D-1,7.121768548379D-2,0D0,       543P   1410
1.595965248931D-1,1.339072817696D-1,0D0,1.041495931447D-1,           543P   1411
1.804003845764D-1,0D0,3.617471363686D-2,2.051464593763D-1,0D0,       543P   1412
-3.617471363685D-2,2.051464593763D-1,0D0,-1.041495931447D-1,         543P   1413
1.804003845764D-1,0D0,-1.595965248931D-1,1.339072817696D-1,0D0,      543P   1414
-1.956689827325D-1,7.121768548379D-2,0D0,-2.042936300319D-1,         543P   1415
2.381086890435D-2,0D0,-2.041232037029D-1,0D0,0D0,0D0,1D0,0D0,        543P   1416
0D0,1D0;                                                             543P   1417
126,11,3,0,0,1,0,0D0,0D0,0D0,0D0,1.111111111111D-1,                  545P   1418
2.222222222222D-1,3.333333333333D-1,4.444444444444D-1,               545P   1419
5.555555555556D-1,6.666666666667D-1,7.777777777778D-1,               545P   1420
8.888888888889D-1,1D0,1D0,1D0,1D0,1D0,1D0,1D0,1D0,1D0,1D0,1D0,       545P   1421
1D0,1D0,1D0,1D0,1D0,-2.041232037029D-1,0D0,0D0,                      545P   1422
-2.042936300319D-1,-2.381086890435D-2,0D0,-1.956689827325D-1,        545P   1423
-7.121768548379D-2,0D0,-1.595965248931D-1,-1.339072817696D-1,        545P   1424
0D0,-1.041495931447D-1,-1.804003845764D-1,0D0,                       545P   1425
-3.617471363686D-2,-2.051464593763D-1,0D0,3.617471363685D-2,         545P   1426
-2.051464593763D-1,0D0,1.041495931447D-1,-1.804003845764D-1,0D0,     545P   1427
1.595965248931D-1,-1.339072817696D-1,0D0,1.956689827325D-1,          545P   1428
-7.121768548379D-2,0D0,2.042936300319D-1,-2.381086890435D-2,0D0,     545P   1429
2.041232037029D-1,0D0,0D0,0D0,1D0,0D0,0D0,1D0;                       545P   1430
102,2,543,545;                                                       547P   1431
142,0,539,547,541,1;                                                 549P   1432
144,539,1,0,549;                                                     551P   1433
128,3,3,3,3,0,0,0,0,0,-4.668119680903D-2,-4.668119680903D-2,         553P   1434
-4.668119680903D-2,-4.668119680903D-2,1.046416023878D0,              553P   1435
1.046416023878D0,1.046416023878D0,1.046416023878D0,-2D-2,-2D-2,      553P   1436
-2D-2,-2D-2,1.02D0,1.02D0,1.02D0,1.02D0,1.100461189797D0,            553P   1437
3.017044141573D-1,3.015106918596D-1,1.099880022904D0,                553P   1438
1.052027284812D0,2.884256878702D-1,2.882404917499D-1,                553P   1439
1.051471696451D0,1.052027284812D0,2.884256878702D-1,                 553P   1440
2.882404917499D-1,1.051471696451D0,1.100461189797D0,                 553P   1441
3.017044141573D-1,3.015106918596D-1,1.099880022904D0,                553P   1442
2.355956638786D1,2.387366614157D1,-1.123492286759D0,                 553P   1443
2.360591126976D1,2.348281574980D1,-1.464250699762D0,                 553P   1444
2.308514048413D1,2.348246977249D1,-1.464552336097D0,                 553P   1445
2.313126438771D1,2.387358813464D1,-1.123560296206D0,                 553P   1446
2.355956638786D1,2.260211068792D1,-1.628969989431D0,                 553P   1447
2.360591126976D1,2.212634963675D1,-1.872335753495D0,                 553P   1448
2.308514048413D1,2.212592849727D1,-1.872551178719D0,                 553P   1449
2.313126438771D1,2.260201573429D1,-1.629018561001D0,                 553P   1450
2.355956638786D1,2.123388343271D1,-1.646722672187D0,                 553P   1451
2.360591126976D1,2.071361788938D1,-1.768785104378D0,                 553P   1452
2.308514048413D1,2.071315735492D1,-1.768893152964D0,                 553P   1453
2.313126438771D1,2.123377959677D1,-1.646747033723D0,                 553P   1454
2.355956638786D1,1.994964114830D1,-1.174406322104D0,                 553P   1455
2.360591126976D1,1.943115352456D1,-1.167271280838D0,                 553P   1456
2.308514048413D1,1.943069456390D1,-1.167264964962D0,                 553P   1457
2.313126438771D1,1.994953766720D1,-1.174404898074D0,                 553P   1458
-4.668119680903D-2,1.046416023878D0,-2D-2,1.02D0;                    553P   1459
126,4,3,0,0,1,0,0D0,0D0,0D0,0D0,5D-1,1D0,1D0,1D0,1D0,1D0,1D0,        555P   1460
1D0,1D0,1D0,2.313042D1,2.375876645512D1,-1.174498140940D0,           555P   1461
2.313042D1,2.317141704642D1,-1.392580602393D0,2.313042D1,            555P   1462
2.188253242068D1,-1.635126423628D0,2.313042D1,2.059124986903D1,      555P   1463
-1.409874667527D0,2.313042D1,2.000159765739D1,-1.2D0,0D0,1D0,        555P   1464
0D0,0D0,1D0;                                                         555P   1465
102,6,87,93,89,555,37,97;                                            557P   1466
126,5,3,0,0,1,0,0D0,0D0,0D0,0D0,3.356186762524D-1,                   559P   1467
6.642457739159D-1,1D0,1D0,1D0,1D0,1D0,1D0,1D0,1D0,1D0,1D0,           559P   1468
2.625773123520D-13,1.252129108701D-2,0D0,1.079345179106D-2,          559P   1469
1.107780748420D-2,0D0,3.184440363574D-2,8.204318896829D-3,0D0,       559P   1470
6.201715985094D-2,3.963787058617D-3,0D0,8.066906974666D-2,           559P   1471
1.290954552382D-3,0D0,8.963849699742D-2,0D0,0D0,0D0,1D0,0D0,0D0,     559P   1472
1D0;                                                                 559P   1473
110,8.963849699742D-2,0D0,0D0,9.395720113929D-1,0D0,0D0;             561P   1474
126,5,3,0,0,1,0,0D0,0D0,0D0,0D0,3.260598088578D-1,                   563P   1475
6.580795867361D-1,1D0,1D0,1D0,1D0,1D0,1D0,1D0,1D0,1D0,1D0,           563P   1476
9.395720113929D-1,0D0,0D0,9.458339883691D-1,8.922782510505D-4,       563P   1477
0D0,9.587353526360D-1,2.721577306217D-3,0D0,9.789611105958D-1,       563P   1478
5.549332846865D-3,0D0,9.928906035918D-1,7.460651974018D-3,0D0,       563P   1479
9.999999999986D-1,8.424484783664D-3,0D0,0D0,1D0,0D0,0D0,1D0;         563P   1480
110,9.999999999986D-1,8.424484783664D-3,0D0,9.999999999986D-1,       565P   1481
1D0,0D0;                                                             565P   1482
110,9.999999999986D-1,1D0,0D0,2.625773123520D-13,1D0,0D0;            567P   1483
110,2.625773123520D-13,1D0,0D0,2.625773123520D-13,                   569P   1484
1.252129108701D-2,0D0;                                               569P   1485
102,6,559,561,563,565,567,569;                                       571P   1486
142,0,553,571,557,1;                                                 573P   1487
144,553,1,0,573;                                                     575P   1488
128,1,1,1,1,0,0,1,0,0,-2.500823208646D-1,-2.500823208646D-1,         577P   1489
2.524399704122D-1,2.524399704122D-1,-2.542383314894D-1,              577P   1490
-2.542383314894D-1,1.167000739642D-2,1.167000739642D-2,1D0,1D0,      577P   1491
1D0,1D0,2.359550232086D1,2.359474513089D1,-1.327720958649D0,         577P   1492
2.309298002959D1,2.359474513089D1,-1.327720958649D0,                 577P   1493
2.359550232086D1,2.379756073174D1,-1.155752715244D0,                 577P   1494
2.309298002959D1,2.379756073174D1,-1.155752715244D0,                 577P   1495
-2.500823208646D-1,2.524399704122D-1,-2.542383314894D-1,             577P   1496
1.167000739642D-2;                                                   577P   1497
102,2,91,93;                                                         579P   1498
126,6,3,0,0,1,0,0D0,0D0,0D0,0D0,2.537453617694D-1,                   581P   1499
5.016525799320D-1,7.492313907651D-1,1D0,1D0,1D0,1D0,1D0,1D0,1D0,     581P   1500
1D0,1D0,1D0,1D0,2.132287008824D-1,-2.754126213339D-2,0D0,            581P   1501
1.801538132046D-1,-4.398079119554D-2,0D0,1.111356751885D-1,          581P   1502
-7.038651853305D-2,0D0,2.245560591403D-3,-8.745144270880D-2,0D0,     581P   1503
-1.072114096076D-1,-7.823284720485D-2,0D0,-1.773034853042D-1,        581P   1504
-5.639690561745D-2,0D0,-2.108710513348D-1,-4.193327686897D-2,        581P   1505
0D0,0D0,1D0,0D0,0D0,1D0;                                             581P   1506
126,10,3,0,0,1,0,0D0,0D0,0D0,0D0,1.252556626289D-1,                  583P   1507
2.503712790786D-1,3.754615252664D-1,5.004584975708D-1,               583P   1508
6.253948019402D-1,7.502893571208D-1,8.751433829427D-1,1D0,1D0,       583P   1509
1D0,1D0,1D0,1D0,1D0,1D0,1D0,1D0,1D0,1D0,1D0,1D0,1D0,                 583P   1510
-2.108710513348D-1,-4.193327686897D-2,0D0,-2.061095043335D-1,        583P   1511
-6.683603517193D-2,0D0,-1.871667257017D-1,-1.144959738580D-1,        583P   1512
0D0,-1.361968605445D-1,-1.721602920534D-1,0D0,                       583P   1513
-6.840473872634D-2,-2.085550796940D-1,0D0,7.718213236890D-3,         583P   1514
-2.193521641113D-1,0D0,8.285294734328D-2,-2.032380446453D-1,0D0,     583P   1515
1.478388116742D-1,-1.622497542805D-1,0D0,1.945799845615D-1,          583P   1516
-1.013367769185D-1,0D0,2.101748906015D-1,-5.262734967008D-2,0D0,     583P   1517
2.132287008824D-1,-2.754126213339D-2,0D0,0D0,1D0,0D0,0D0,1D0;        583P   1518
102,2,581,583;                                                       585P   1519
142,0,577,585,579,1;                                                 587P   1520
144,577,1,0,587;                                                     589P   1521
128,3,3,3,3,0,0,0,0,0,-4.667610492728D-2,-4.667610492728D-2,         591P   1522
-4.667610492728D-2,-4.667610492728D-2,1.046412191483D0,              591P   1523
1.046412191483D0,1.046412191483D0,1.046412191483D0,                  591P   1524
-1.379218595021D-2,-1.379218595021D-2,-1.379218595021D-2,            591P   1525
-1.379218595021D-2,1.019878278156D0,1.019878278156D0,                591P   1526
1.019878278156D0,1.019878278156D0,1.099579336746D0,                  591P   1527
3.014684980067D-1,3.012758499485D-1,1.099001392571D0,                591P   1528
1.052232210271D0,2.884874727852D-1,2.883031200192D-1,                591P   1529
1.051679151973D0,1.052512633937D0,2.885643557338D-1,                 591P   1530
2.883799538371D-1,1.051959428247D0,1.100420607746D0,                 591P   1531
3.016991468525D-1,3.015063514022D-1,1.099842221395D0,                591P   1532
2.313127343458D1,2.381447315347D1,-1.160374753693D0,                 591P   1533
2.308493417145D1,2.420732403477D1,-8.219377917867D-1,                591P   1534
2.360569507818D1,2.420767012665D1,-8.216396372206D-1,                591P   1535
2.355957574527D1,2.381455118931D1,-1.160307526626D0,                 591P   1536
2.313127343458D1,2.254459575055D1,-1.646938322187D0,                 591P   1537
2.308493417145D1,2.302106318142D1,-1.405561784793D0,                 591P   1538
2.360569507818D1,2.302148293741D1,-1.405349138052D0,                 591P   1539
2.355957574527D1,2.254469039597D1,-1.646890375188D0,                 591P   1540
2.313127343458D1,2.118488310528D1,-1.651591891734D0,                 591P   1541
2.308493417145D1,2.170511068500D1,-1.530602775176D0,                 591P   1542
2.360569507818D1,2.170556899259D1,-1.530496186767D0,                 591P   1543
2.355957574527D1,2.118498644321D1,-1.651567858474D0,                 591P   1544
2.313127343458D1,1.991195397689D1,-1.174099645737D0,                 591P   1545
2.308493417145D1,2.043043379659D1,-1.181175568301D0,                 591P   1546
2.360569507818D1,2.043089056444D1,-1.181181802014D0,                 591P   1547
2.355957574527D1,1.991205696764D1,-1.174101051297D0,                 591P   1548
-4.667610492728D-2,1.046412191483D0,-1.379218595021D-2,              591P   1549
1.019878278156D0;                                                    591P   1550
126,4,3,0,0,1,0,0D0,0D0,0D0,0D0,5D-1,1D0,1D0,1D0,1D0,1D0,1D0,        593P   1551
1D0,1D0,1D0,2.356042D1,2.374419504817D1,-1.179885081403D0,           593P   1552
2.356042D1,2.315845643575D1,-1.395488082422D0,2.356042D1,            593P   1553
2.187445849333D1,-1.634185480410D0,2.356042D1,2.058889718197D1,      593P   1554
-1.409037276597D0,2.356042D1,2.000159765739D1,-1.2D0,0D0,1D0,        593P   1555
0D0,0D0,1D0;                                                         593P   1556
126,19,3,0,0,1,0,0D0,0D0,0D0,0D0,5.882352941176D-2,                  595P   1557
1.176470588235D-1,1.764705882353D-1,2.352941176471D-1,               595P   1558
2.941176470588D-1,3.529411764706D-1,4.117647058824D-1,               595P   1559
4.705882352941D-1,5.294117647059D-1,5.882352941176D-1,               595P   1560
6.470588235294D-1,7.058823529412D-1,7.647058823529D-1,               595P   1561
8.235294117647D-1,8.823529411765D-1,9.411764705882D-1,1D0,1D0,       595P   1562
1D0,1D0,1D0,1D0,1D0,1D0,1D0,1D0,1D0,1D0,1D0,1D0,1D0,1D0,1D0,1D0,     595P   1563
1D0,1D0,1D0,1D0,1D0,1D0,2.313042D1,2.375876645512D1,                 595P   1564
-1.174498140940D0,2.313042D1,2.375313855804D1,-1.170906004766D0,     595P   1565
2.313381356397D1,2.374121793028D1,-1.165050469252D0,                 595P   1566
2.314590327805D1,2.372265112444D1,-1.158673131110D0,                 595P   1567
2.316311152147D1,2.370475482671D1,-1.154068046680D0,                 595P   1568
2.318491218487D1,2.368775123676D1,-1.150635170824D0,                 595P   1569
2.321125367952D1,2.367205202830D1,-1.148099235221D0,                 595P   1570
2.324266537056D1,2.365813171202D1,-1.146294103268D0,                 595P   1571
2.327908220880D1,2.364694620730D1,-1.145169978164D0,                 595P   1572
2.332290513159D1,2.363946802079D1,-1.144737557791D0,                 595P   1573
2.337008750500D1,2.363847287425D1,-1.145205967173D0,                 595P   1574
2.341114862719D1,2.364338193887D1,-1.146403217305D0,                 595P   1575
2.344689338907D1,2.365215667146D1,-1.148191865164D0,                 595P   1576
2.347788430637D1,2.366381837024D1,-1.150600124240D0,                 595P   1577
2.350449004797D1,2.367764172102D1,-1.153723981379D0,                 595P   1578
2.352675460368D1,2.369310575702D1,-1.157747339769D0,                 595P   1579
2.354446813496D1,2.370974939635D1,-1.162948276072D0,                 595P   1580
2.355696840536D1,2.372736334916D1,-1.169953935179D0,2.356042D1,      595P   1581
2.373876814164D1,-1.176166123783D0,2.356042D1,2.374419504817D1,      595P   1582
-1.179885081403D0,0D0,1D0,0D0,0D0,1D0;                               595P   1583
102,4,593,35,95,595;                                                 597P   1584
110,9.999999999999D-1,1.019314396083D-2,0D0,9.999999999999D-1,       599P   1585
1D0,0D0;                                                             599P   1586
110,9.999999999999D-1,1D0,0D0,6.441186093686D-14,1D0,0D0;            601P   1587
110,6.441186093686D-14,1D0,0D0,6.441186093688D-14,                   603P   1588
6.086092205679D-3,0D0;                                               603P   1589
126,19,3,0,0,1,0,0D0,0D0,0D0,0D0,3.877264536451D-2,                  605P   1590
8.207262812105D-2,1.300259593907D-1,1.829941822392D-1,               605P   1591
2.416563200193D-1,3.070294960696D-1,3.802411826669D-1,               605P   1592
4.634852821293D-1,5.503483064395D-1,6.293035321523D-1,               605P   1593
6.995713946340D-1,7.628204600633D-1,8.201638571936D-1,               605P   1594
8.722239014416D-1,9.194021942483D-1,9.619593625332D-1,1D0,1D0,       605P   1595
1D0,1D0,1D0,1D0,1D0,1D0,1D0,1D0,1D0,1D0,1D0,1D0,1D0,1D0,1D0,1D0,     605P   1596
1D0,1D0,1D0,1D0,1D0,1D0,6.441186093688D-14,6.086092205679D-3,        605P   1597
0D0,3.757106290297D-2,1.136684679666D-2,0D0,1.020956810408D-1,       605P   1598
2.158091491921D-2,0D0,1.708247230477D-1,3.502017885230D-2,0D0,       605P   1599
2.289171904971D-1,4.721959168048D-2,0D0,2.805202976686D-1,           605P   1600
5.832450118047D-2,0D0,3.290154582951D-1,6.824189455338D-2,0D0,       605P   1601
3.765136129326D-1,7.673939723791D-2,0D0,4.251162323834D-1,           605P   1602
8.337970580873D-2,0D0,4.753053797391D-1,8.725457757802D-2,0D0,       605P   1603
5.257326016478D-1,8.751532116248D-2,0D0,5.748132619621D-1,           605P   1604
8.430456811286D-2,0D0,6.219156611667D-1,7.849844549425D-2,0D0,       605P   1605
6.685386732817D-1,7.076365563441D-2,0D0,7.166399564510D-1,           605P   1606
6.147304173265D-2,0D0,7.683299399632D-1,5.082222521940D-2,0D0,       605P   1607
8.268836863386D-1,3.892104718265D-2,0D0,8.967256208049D-1,           605P   1608
2.560686188327D-2,0D0,9.620875428494D-1,1.544302394749D-2,0D0,       605P   1609
9.999999999999D-1,1.019314396083D-2,0D0,0D0,1D0,0D0,0D0,1D0;         605P   1610
102,4,599,601,603,605;                                               607P   1611
142,0,591,607,597,1;                                                 609P   1612
144,591,1,0,609;                                                     611P   1613
110,2.394542D1,2.5378276D1,4.368744894225D-2,2.394542D1,             613P   1614
2.5378276D1,-9.563125510578D-1;                                      613P   1615
110,2.394542D1,2.5878276D1,3.921126952980D-2,2.394542D1,             615P   1616
2.5878276D1,-8.392112695298D-1;                                      615P   1617
120,613,615,-7.842253905961D-2,1.649218865855D0;                     617P   1618
110,2.444542D1,2.5378276D1,-8D-1,2.444542D1,2.5378276D1,0D0;         619P   1619
102,4,619,105,107,111;                                               621P   1620
110,9.553617219661D-1,1.570796326795D0,0D0,4.463827803392D-2,        623P   1621
1.570796326795D0,0D0;                                                623P   1622
110,4.463827803392D-2,1.570796326795D0,0D0,4.463827803392D-2,        625P   1623
0D0,0D0;                                                             625P   1624
110,4.463827803392D-2,0D0,0D0,9.553617219661D-1,0D0,0D0;             627P   1625
110,9.553617219661D-1,0D0,0D0,9.553617219661D-1,                     629P   1626
1.570796326795D0,0D0;                                                629P   1627
102,4,623,625,627,629;                                               631P   1628
142,0,617,631,621,1;                                                 633P   1629
144,617,1,0,633;                                                     635P   1630
128,1,1,1,1,0,0,1,0,0,-1.15D-1,-1.15D-1,5.865D0,5.865D0,             637P   1631
-8.392112695298D-1,-8.392112695298D-1,3.921126952980D-2,             637P   1632
3.921126952980D-2,1D0,1D0,1D0,1D0,2.444542D1,1.9513276D1,            637P   1633
3.921126952980D-2,2.444542D1,2.5493276D1,3.921126952980D-2,          637P   1634
2.444542D1,1.9513276D1,-8.392112695298D-1,2.444542D1,                637P   1635
2.5493276D1,-8.392112695298D-1,-1.15D-1,5.865D0,                     637P   1636
-8.392112695298D-1,3.921126952980D-2;                                637P   1637
102,4,101,73,117,225;                                                639P   1638
110,5.75D0,-8D-1,0D0,5.75D0,0D0,0D0;                                 641P   1639
110,5.75D0,0D0,0D0,0D0,0D0,0D0;                                      643P   1640
110,0D0,0D0,0D0,0D0,-8D-1,0D0;                                       645P   1641
110,0D0,-8D-1,0D0,5.75D0,-8D-1,0D0;                                  647P   1642
102,4,641,643,645,647;                                               649P   1643
142,0,637,649,639,1;                                                 651P   1644
144,637,1,0,651;                                                     653P   1645
128,1,1,1,1,0,0,1,0,0,-3.921126952980D-2,-3.921126952980D-2,         655P   1646
8.392112695298D-1,8.392112695298D-1,-3.921126952980D-2,              655P   1647
-3.921126952980D-2,8.877394069537D-1,8.877394069537D-1,1D0,1D0,      655P   1648
1D0,1D0,2.507314655458D1,1.900054944542D1,-8.392112695298D-1,        655P   1649
2.507314655458D1,1.900054944542D1,3.921126952980D-2,                 655P   1650
2.441769344542D1,1.965600255458D1,-8.392112695298D-1,                655P   1651
2.441769344542D1,1.965600255458D1,3.921126952980D-2,                 655P   1652
-3.921126952980D-2,8.392112695298D-1,-3.921126952980D-2,             655P   1653
8.877394069537D-1;                                                   655P   1654
110,2.444542D1,1.9628276D1,0D0,2.444542D1,1.9628276D1,-8D-1;         657P   1655
110,2.444542D1,1.9628276D1,-8D-1,2.504542D1,1.9028276D1,-8D-1;       659P   1656
102,4,113,115,657,659;                                               661P   1657
110,0D0,0D0,0D0,8D-1,0D0,0D0;                                        663P   1658
110,8D-1,0D0,0D0,8D-1,8.485281374239D-1,0D0;                         665P   1659
110,8D-1,8.485281374239D-1,0D0,0D0,8.485281374239D-1,0D0;            667P   1660
110,0D0,8.485281374239D-1,0D0,0D0,0D0,0D0;                           669P   1661
102,4,663,665,667,669;                                               671P   1662
142,0,655,671,661,1;                                                 673P   1663
144,655,1,0,673;                                                     675P   1664
128,1,1,1,1,0,0,1,0,0,-1.439211269530D0,-1.439211269530D0,           677P   1665
-5.607887304702D-1,-5.607887304702D-1,-2.1946D1,-2.1946D1,           677P   1666
-6.554D0,-6.554D0,1D0,1D0,1D0,1D0,2.504542D1,3.932276D0,             677P   1667
-8.392112695298D-1,2.504542D1,3.932276D0,3.921126952980D-2,          677P   1668
2.504542D1,1.9324276D1,-8.392112695298D-1,2.504542D1,                677P   1669
1.9324276D1,3.921126952980D-2,-1.439211269530D0,                     677P   1670
-5.607887304702D-1,-2.1946D1,-6.554D0;                               677P   1671
110,2.504542D1,1.9028276D1,0D0,2.504542D1,1.9028276D1,-8D-1;         679P   1672
102,4,125,121,679,123;                                               681P   1673
110,-1.4D0,-2.165D1,0D0,-6D-1,-2.165D1,0D0;                          683P   1674
110,-6D-1,-2.165D1,0D0,-6D-1,-6.85D0,0D0;                            685P   1675
110,-6D-1,-6.85D0,0D0,-1.4D0,-6.85D0,0D0;                            687P   1676
110,-1.4D0,-6.85D0,0D0,-1.4D0,-2.165D1,0D0;                          689P   1677
102,4,683,685,687,689;                                               691P   1678
142,0,677,691,681,1;                                                 693P   1679
144,677,1,0,693;                                                     695P   1680
128,1,1,1,1,0,0,1,0,0,-3.921126952980D-2,-3.921126952980D-2,         697P   1681
8.392112695298D-1,8.392112695298D-1,-3.921126952980D-2,              697P   1682
-3.921126952980D-2,8.877394069537D-1,8.877394069537D-1,1D0,1D0,      697P   1683
1D0,1D0,2.507314655458D1,4.256002554583D0,-8.392112695298D-1,        697P   1684
2.507314655458D1,4.256002554583D0,3.921126952980D-2,                 697P   1685
2.441769344542D1,3.600549445417D0,-8.392112695298D-1,                697P   1686
2.441769344542D1,3.600549445417D0,3.921126952980D-2,                 697P   1687
-3.921126952980D-2,8.392112695298D-1,-3.921126952980D-2,             697P   1688
8.877394069537D-1;                                                   697P   1689
102,4,125,131,129,127;                                               699P   1690
110,0D0,0D0,0D0,8D-1,0D0,0D0;                                        701P   1691
110,8D-1,0D0,0D0,8D-1,8.485281374239D-1,0D0;                         703P   1692
110,8D-1,8.485281374239D-1,0D0,0D0,8.485281374239D-1,0D0;            705P   1693
110,0D0,8.485281374239D-1,0D0,0D0,0D0,0D0;                           707P   1694
102,4,701,703,705,707;                                               709P   1695
142,0,697,709,699,1;                                                 711P   1696
144,697,1,0,711;                                                     713P   1697
128,1,1,1,1,0,0,1,0,0,3.556434587888D0,3.556434587888D0,             715P   1698
9.536434587888D0,9.536434587888D0,-8.392112695298D-1,                715P   1699
-8.392112695298D-1,3.921126952980D-2,3.921126952980D-2,1D0,1D0,      715P   1700
1D0,1D0,2.444542D1,-2.236724D0,3.921126952980D-2,2.444542D1,         715P   1701
3.743276D0,3.921126952980D-2,2.444542D1,-2.236724D0,                 715P   1702
-8.392112695298D-1,2.444542D1,3.743276D0,-8.392112695298D-1,         715P   1703
3.556434587888D0,9.536434587888D0,-8.392112695298D-1,                715P   1704
3.921126952980D-2;                                                   715P   1705
110,2.444542D1,3.628276D0,-8D-1,2.444542D1,-2.121724D0,-8D-1;        717P   1706
102,4,133,227,129,717;                                               719P   1707
110,3.671434587888D0,0D0,0D0,3.671434587888D0,-8D-1,0D0;             721P   1708
110,3.671434587888D0,-8D-1,0D0,9.421434587888D0,-8D-1,0D0;           723P   1709
110,9.421434587888D0,-8D-1,0D0,9.421434587888D0,0D0,0D0;             725P   1710
110,9.421434587888D0,0D0,0D0,3.671434587888D0,0D0,0D0;               727P   1711
102,4,721,723,725,727;                                               729P   1712
142,0,715,729,719,1;                                                 731P   1713
144,715,1,0,731;                                                     733P   1714
110,2.394542D1,-2.121724D0,-8.492748313460D-1,2.394542D1,            735P   1715
-2.121724D0,1.507251686540D-1;                                       735P   1716
110,2.394542D1,-2.621724D0,-8.392112695298D-1,2.394542D1,            737P   1717
-2.621724D0,3.921126952980D-2;                                       737P   1718
120,735,737,-7.842253905961D-2,1.649218865855D0;                     739P   1719
110,2.444542D1,-2.121724D0,0D0,2.444542D1,-2.121724D0,-8D-1;         741P   1720
102,4,741,137,139,143;                                               743P   1721
110,9.553617219661D-1,1.570796326795D0,0D0,4.463827803392D-2,        745P   1722
1.570796326795D0,0D0;                                                745P   1723
110,4.463827803392D-2,1.570796326795D0,0D0,4.463827803392D-2,        747P   1724
0D0,0D0;                                                             747P   1725
110,4.463827803392D-2,0D0,0D0,9.553617219661D-1,0D0,0D0;             749P   1726
110,9.553617219661D-1,0D0,0D0,9.553617219661D-1,                     751P   1727
1.570796326795D0,0D0;                                                751P   1728
102,4,745,747,749,751;                                               753P   1729
142,0,739,753,743,1;                                                 755P   1730
144,739,1,0,755;                                                     757P   1731
128,1,1,1,1,0,0,1,0,0,1.744D0,1.744D0,1.5056D1,1.5056D1,             759P   1732
-3.921126952980D-2,-3.921126952980D-2,8.392112695298D-1,             759P   1733
8.392112695298D-1,1D0,1D0,1D0,1D0,1.088942D1,-2.621724D0,            759P   1734
-8.392112695298D-1,2.420142D1,-2.621724D0,-8.392112695298D-1,        759P   1735
1.088942D1,-2.621724D0,3.921126952980D-2,2.420142D1,-2.621724D0,     759P   1736
3.921126952980D-2,1.744D0,1.5056D1,-3.921126952980D-2,               759P   1737
8.392112695298D-1;                                                   759P   1738
110,2.394542D1,-2.621724D0,0D0,1.114542D1,-2.621724D0,0D0;           761P   1739
102,4,139,761,151,69;                                                763P   1740
110,1.48D1,0D0,0D0,1.48D1,8D-1,0D0;                                  765P   1741
110,1.48D1,8D-1,0D0,2D0,8D-1,0D0;                                    767P   1742
110,2D0,8D-1,0D0,2D0,0D0,0D0;                                        769P   1743
110,2D0,0D0,0D0,1.48D1,0D0,0D0;                                      771P   1744
102,4,765,767,769,771;                                               773P   1745
142,0,759,773,763,1;                                                 775P   1746
144,759,1,0,775;                                                     777P   1747
110,1.114542D1,-2.121724D0,4.368744894225D-2,1.114542D1,             779P   1748
-2.121724D0,-9.563125510578D-1;                                      779P   1749
110,1.114542D1,-2.621724D0,3.921126952980D-2,1.114542D1,             781P   1750
-2.621724D0,-8.392112695298D-1;                                      781P   1751
120,779,781,-7.842253905961D-2,1.649218865855D0;                     783P   1752
110,1.064542D1,-2.121724D0,-8D-1,1.064542D1,-2.121724D0,0D0;         785P   1753
102,4,785,149,151,155;                                               787P   1754
110,9.553617219661D-1,1.570796326795D0,0D0,4.463827803392D-2,        789P   1755
1.570796326795D0,0D0;                                                789P   1756
110,4.463827803392D-2,1.570796326795D0,0D0,4.463827803392D-2,        791P   1757
0D0,0D0;                                                             791P   1758
110,4.463827803392D-2,0D0,0D0,9.553617219661D-1,0D0,0D0;             793P   1759
110,9.553617219661D-1,0D0,0D0,9.553617219661D-1,                     795P   1760
1.570796326795D0,0D0;                                                795P   1761
102,4,789,791,793,795;                                               797P   1762
142,0,783,797,787,1;                                                 799P   1763
144,783,1,0,799;                                                     801P   1764
128,1,1,1,1,0,0,1,0,0,3.95D-1,3.95D-1,5.855D0,5.855D0,               803P   1765
-8.392112695298D-1,-8.392112695298D-1,3.921126952980D-2,             803P   1766
3.921126952980D-2,1D0,1D0,1D0,1D0,1.064542D1,3.233276D0,             803P   1767
3.921126952980D-2,1.064542D1,-2.226724D0,3.921126952980D-2,          803P   1768
1.064542D1,3.233276D0,-8.392112695298D-1,1.064542D1,-2.226724D0,     803P   1769
-8.392112695298D-1,3.95D-1,5.855D0,-8.392112695298D-1,               803P   1770
3.921126952980D-2;                                                   803P   1771
102,4,145,67,157,231;                                                805P   1772
110,5.75D0,-8D-1,0D0,5.75D0,0D0,0D0;                                 807P   1773
110,5.75D0,0D0,0D0,5D-1,0D0,0D0;                                     809P   1774
110,5D-1,0D0,0D0,5D-1,-8D-1,0D0;                                     811P   1775
110,5D-1,-8D-1,0D0,5.75D0,-8D-1,0D0;                                 813P   1776
102,4,807,809,811,813;                                               815P   1777
142,0,803,815,805,1;                                                 817P   1778
144,803,1,0,817;                                                     819P   1779
110,1.014542D1,3.128276D0,-8.511294502070D-1,1.014542D1,             821P   1780
3.128276D0,1.488705497930D-1;                                        821P   1781
110,1.064542D1,3.128276D0,-8.392112695298D-1,1.064542D1,             823P   1782
3.128276D0,3.921126952980D-2;                                        823P   1783
120,821,823,-7.842253905961D-2,1.649218865855D0;                     825P   1784
124,1D0,0D0,0D0,1.014542D1,0D0,1D0,0D0,3.128276D0,0D0,0D0,1D0,       827P   1785
0D0;                                                                 827P   1786
100,0D0,0D0,0D0,5D-1,0D0,0D0,5D-1;                                   829P   1787
102,4,157,829,163,161;                                               831P   1788
110,4.463827803392D-2,0D0,0D0,9.553617219661D-1,0D0,0D0;             833P   1789
110,9.553617219661D-1,0D0,0D0,9.553617219661D-1,                     835P   1790
1.570796326795D0,0D0;                                                835P   1791
110,9.553617219661D-1,1.570796326795D0,0D0,4.463827803392D-2,        837P   1792
1.570796326795D0,0D0;                                                837P   1793
110,4.463827803392D-2,1.570796326795D0,0D0,4.463827803392D-2,        839P   1794
0D0,0D0;                                                             839P   1795
102,4,833,835,837,839;                                               841P   1796
142,0,825,841,831,1;                                                 843P   1797
144,825,1,0,843;                                                     845P   1798
128,1,1,1,1,0,0,1,0,0,2.423802524937D0,2.423802524937D0,             847P   1799
3.002225063997D0,3.002225063997D0,-8.392112695298D-1,                847P   1800
-8.392112695298D-1,3.921126952980D-2,3.921126952980D-2,1D0,1D0,      847P   1801
1D0,1D0,9.606208730470D0,3.628276D0,3.921126952980D-2,               847P   1802
1.018463126953D1,3.628276D0,3.921126952980D-2,9.606208730470D0,      847P   1803
3.628276D0,-8.392112695298D-1,1.018463126953D1,3.628276D0,           847P   1804
-8.392112695298D-1,2.423802524937D0,3.002225063997D0,                847P   1805
-8.392112695298D-1,3.921126952980D-2;                                847P   1806
110,1.014542D1,3.628276D0,-8D-1,9.64542D0,3.628276D0,-8D-1;          849P   1807
102,4,169,233,163,849;                                               851P   1808
110,2.463013794467D0,0D0,0D0,2.463013794467D0,-8D-1,0D0;             853P   1809
110,2.463013794467D0,-8D-1,0D0,2.963013794467D0,-8D-1,0D0;           855P   1810
110,2.963013794467D0,-8D-1,0D0,2.963013794467D0,0D0,0D0;             857P   1811
110,2.963013794467D0,0D0,0D0,2.463013794467D0,0D0,0D0;               859P   1812
102,4,853,855,857,859;                                               861P   1813
142,0,847,861,851,1;                                                 863P   1814
144,847,1,0,863;                                                     865P   1815
110,9.64542D0,4.128276D0,-8.526664704893D-1,9.64542D0,               867P   1816
4.128276D0,1.473335295107D-1;                                        867P   1817
110,9.14542D0,4.128276D0,-8.392112695298D-1,9.14542D0,               869P   1818
4.128276D0,3.921126952980D-2;                                        869P   1819
120,867,869,-7.842253905961D-2,1.649218865855D0;                     871P   1820
110,9.64542D0,3.628276D0,0D0,9.64542D0,3.628276D0,-8D-1;             873P   1821
102,4,873,173,175,179;                                               875P   1822
110,9.553617219661D-1,1.570796326795D0,0D0,4.463827803392D-2,        877P   1823
1.570796326795D0,0D0;                                                877P   1824
110,4.463827803392D-2,1.570796326795D0,0D0,4.463827803392D-2,        879P   1825
0D0,0D0;                                                             879P   1826
110,4.463827803392D-2,0D0,0D0,9.553617219661D-1,0D0,0D0;             881P   1827
110,9.553617219661D-1,0D0,0D0,9.553617219661D-1,                     883P   1828
1.570796326795D0,0D0;                                                883P   1829
102,4,877,879,881,883;                                               885P   1830
142,0,871,885,875,1;                                                 887P   1831
144,871,1,0,887;                                                     889P   1832
128,1,1,1,1,0,0,1,0,0,-8.392112695298D-1,-8.392112695298D-1,         891P   1833
3.921126952980D-2,3.921126952980D-2,5D-1,5D-1,1.61D1,1.61D1,1D0,     891P   1834
1D0,1D0,1D0,9.14542D0,3.828276D0,-8.392112695298D-1,9.14542D0,       891P   1835
3.828276D0,3.921126952980D-2,9.14542D0,1.9428276D1,                  891P   1836
-8.392112695298D-1,9.14542D0,1.9428276D1,3.921126952980D-2,          891P   1837
-8.392112695298D-1,3.921126952980D-2,5D-1,1.61D1;                    891P   1838
110,9.14542D0,4.128276D0,0D0,9.14542D0,1.9128276D1,0D0;              893P   1839
102,4,175,893,191,181;                                               895P   1840
110,-8D-1,8D-1,0D0,0D0,8D-1,0D0;                                     897P   1841
110,0D0,8D-1,0D0,0D0,1.58D1,0D0;                                     899P   1842
110,0D0,1.58D1,0D0,-8D-1,1.58D1,0D0;                                 901P   1843
110,-8D-1,1.58D1,0D0,-8D-1,8D-1,0D0;                                 903P   1844
102,4,897,899,901,903;                                               905P   1845
142,0,891,905,895,1;                                                 907P   1846
144,891,1,0,907;                                                     909P   1847
110,9.64542D0,1.9128276D1,4.368744894225D-2,9.64542D0,               911P   1848
1.9128276D1,-9.563125510578D-1;                                      911P   1849
110,9.14542D0,1.9128276D1,3.921126952980D-2,9.14542D0,               913P   1850
1.9128276D1,-8.392112695298D-1;                                      913P   1851
120,911,913,-7.842253905961D-2,1.649218865855D0;                     915P   1852
110,9.64542D0,1.9628276D1,-8D-1,9.64542D0,1.9628276D1,0D0;           917P   1853
102,4,917,189,191,195;                                               919P   1854
110,9.553617219661D-1,1.570796326795D0,0D0,4.463827803392D-2,        921P   1855
1.570796326795D0,0D0;                                                921P   1856
110,4.463827803392D-2,1.570796326795D0,0D0,4.463827803392D-2,        923P   1857
0D0,0D0;                                                             923P   1858
110,4.463827803392D-2,0D0,0D0,9.553617219661D-1,0D0,0D0;             925P   1859
110,9.553617219661D-1,0D0,0D0,9.553617219661D-1,                     927P   1860
1.570796326795D0,0D0;                                                927P   1861
102,4,921,923,925,927;                                               929P   1862
142,0,915,929,919,1;                                                 931P   1863
144,915,1,0,931;                                                     933P   1864
128,1,1,1,1,0,0,1,0,0,4.607887304702D-1,4.607887304702D-1,           935P   1865
1.039211269530D0,1.039211269530D0,-8.392112695298D-1,                935P   1866
-8.392112695298D-1,3.921126952980D-2,3.921126952980D-2,1D0,1D0,      935P   1867
1D0,1D0,1.018463126953D1,1.9628276D1,3.921126952980D-2,              935P   1868
9.606208730470D0,1.9628276D1,3.921126952980D-2,1.018463126953D1,     935P   1869
1.9628276D1,-8.392112695298D-1,9.606208730470D0,1.9628276D1,         935P   1870
-8.392112695298D-1,4.607887304702D-1,1.039211269530D0,               935P   1871
-8.392112695298D-1,3.921126952980D-2;                                935P   1872
102,4,185,63,197,235;                                                937P   1873
110,1D0,-8D-1,0D0,1D0,0D0,0D0;                                       939P   1874
110,1D0,0D0,0D0,5D-1,0D0,0D0;                                        941P   1875
110,5D-1,0D0,0D0,5D-1,-8D-1,0D0;                                     943P   1876
110,5D-1,-8D-1,0D0,1D0,-8D-1,0D0;                                    945P   1877
102,4,939,941,943,945;                                               947P   1878
142,0,935,947,937,1;                                                 949P   1879
144,935,1,0,949;                                                     951P   1880
110,1.014542D1,2.0128276D1,-8.511294502070D-1,1.014542D1,            953P   1881
2.0128276D1,1.488705497930D-1;                                       953P   1882
110,1.014542D1,1.9628276D1,-8.392112695298D-1,1.014542D1,            955P   1883
1.9628276D1,3.921126952980D-2;                                       955P   1884
120,953,955,-7.842253905961D-2,1.649218865855D0;                     957P   1885
124,0D0,1D0,0D0,1.014542D1,-1D0,0D0,0D0,2.0128276D1,0D0,0D0,1D0,     959P   1886
0D0;                                                                 959P   1887
100,0D0,0D0,0D0,5D-1,0D0,0D0,5D-1;                                   961P   1888
102,4,197,961,203,201;                                               963P   1889
110,4.463827803392D-2,0D0,0D0,9.553617219661D-1,0D0,0D0;             965P   1890
110,9.553617219661D-1,0D0,0D0,9.553617219661D-1,                     967P   1891
1.570796326795D0,0D0;                                                967P   1892
110,9.553617219661D-1,1.570796326795D0,0D0,4.463827803392D-2,        969P   1893
1.570796326795D0,0D0;                                                969P   1894
110,4.463827803392D-2,1.570796326795D0,0D0,4.463827803392D-2,        971P   1895
0D0,0D0;                                                             971P   1896
102,4,965,967,969,971;                                               973P   1897
142,0,957,973,963,1;                                                 975P   1898
144,957,1,0,975;                                                     977P   1899
128,1,1,1,1,0,0,1,0,0,2.191414404791D0,2.191414404791D0,             979P   1900
7.651414404791D0,7.651414404791D0,-8.392112695298D-1,                979P   1901
-8.392112695298D-1,3.921126952980D-2,3.921126952980D-2,1D0,1D0,      979P   1902
1D0,1D0,1.064542D1,2.5483276D1,3.921126952980D-2,1.064542D1,         979P   1903
2.0023276D1,3.921126952980D-2,1.064542D1,2.5483276D1,                979P   1904
-8.392112695298D-1,1.064542D1,2.0023276D1,-8.392112695298D-1,        979P   1905
2.191414404791D0,7.651414404791D0,-8.392112695298D-1,                979P   1906
3.921126952980D-2;                                                   979P   1907
110,1.064542D1,2.0128276D1,-8D-1,1.064542D1,2.5378276D1,-8D-1;       981P   1908
102,4,209,237,203,981;                                               983P   1909
110,2.296414404791D0,0D0,0D0,2.296414404791D0,-8D-1,0D0;             985P   1910
110,2.296414404791D0,-8D-1,0D0,7.546414404791D0,-8D-1,0D0;           987P   1911
110,7.546414404791D0,-8D-1,0D0,7.546414404791D0,0D0,0D0;             989P   1912
110,7.546414404791D0,0D0,0D0,2.296414404791D0,0D0,0D0;               991P   1913
102,4,985,987,989,991;                                               993P   1914
142,0,979,993,983,1;                                                 995P   1915
144,979,1,0,995;                                                     997P   1916
110,1.114542D1,2.5378276D1,-8.526664704893D-1,1.114542D1,            999P   1917
2.5378276D1,1.473335295107D-1;                                       999P   1918
110,1.114542D1,2.5878276D1,-8.392112695298D-1,1.114542D1,           1001P   1919
2.5878276D1,3.921126952980D-2;                                      1001P   1920
120,999,1001,-7.842253905961D-2,1.649218865855D0;                   1003P   1921
110,1.064542D1,2.5378276D1,0D0,1.064542D1,2.5378276D1,-8D-1;        1005P   1922
102,4,1005,213,215,219;                                             1007P   1923
110,9.553617219661D-1,1.570796326795D0,0D0,4.463827803392D-2,       1009P   1924
1.570796326795D0,0D0;                                               1009P   1925
110,4.463827803392D-2,1.570796326795D0,0D0,4.463827803392D-2,       1011P   1926
0D0,0D0;                                                            1011P   1927
110,4.463827803392D-2,0D0,0D0,9.553617219661D-1,0D0,0D0;            1013P   1928
110,9.553617219661D-1,0D0,0D0,9.553617219661D-1,                    1015P   1929
1.570796326795D0,0D0;                                               1015P   1930
102,4,1009,1011,1013,1015;                                          1017P   1931
142,0,1003,1017,1007,1;                                             1019P   1932
144,1003,1,0,1019;                                                  1021P   1933
128,1,1,1,1,0,0,1,0,0,-3.921126952980D-2,-3.921126952980D-2,        1023P   1934
8.392112695298D-1,8.392112695298D-1,-1.9156011D1,-1.9156011D1,      1023P   1935
-5.844011D0,-5.844011D0,1D0,1D0,1D0,1D0,1.088942D1,2.5878276D1,     1023P   1936
-8.392112695298D-1,1.088942D1,2.5878276D1,3.921126952980D-2,        1023P   1937
2.420142D1,2.5878276D1,-8.392112695298D-1,2.420142D1,               1023P   1938
2.5878276D1,3.921126952980D-2,-3.921126952980D-2,                   1023P   1939
8.392112695298D-1,-1.9156011D1,-5.844011D0;                         1023P   1940
110,1.114542D1,2.5878276D1,0D0,2.394542D1,2.5878276D1,0D0;          1025P   1941
102,4,107,223,215,1025;                                             1027P   1942
110,8D-1,-6.100011D0,0D0,0D0,-6.100011D0,0D0;                       1029P   1943
110,0D0,-6.100011D0,0D0,0D0,-1.8900011D1,0D0;                       1031P   1944
110,0D0,-1.8900011D1,0D0,8D-1,-1.8900011D1,0D0;                     1033P   1945
110,8D-1,-1.8900011D1,0D0,8D-1,-6.100011D0,0D0;                     1035P   1946
102,4,1029,1031,1033,1035;                                          1037P   1947
142,0,1023,1037,1027,1;                                             1039P   1948
144,1023,1,0,1039;                                                  1041P   1949
128,1,1,1,1,0,0,1,0,0,-1.9760431D1,-1.9760431D1,-3.224431D0,        1043P   1950
-3.224431D0,-2.3877081D1,-2.3877081D1,5.762919D0,5.762919D0,1D0,    1043P   1951
1D0,1D0,1D0,8.82742D0,-3.191724D0,0D0,2.536342D1,-3.191724D0,       1043P   1952
0D0,8.82742D0,2.6448276D1,0D0,2.536342D1,2.6448276D1,0D0,           1043P   1953
-1.9760431D1,-3.224431D0,-2.3877081D1,5.762919D0;                   1043P   1954
110,2.444542D1,3.628276D0,0D0,2.504542D1,4.228276D0,0D0;            1045P   1955
102,20,105,221,219,237,207,235,189,183,179,233,167,231,149,229,     1047P   1956
143,227,1045,121,115,225;                                           1047P   1957
126,8,3,0,0,1,0,0D0,0D0,0D0,0D0,1.646003896492D-1,                  1049P   1958
3.336865842199D-1,5.001830918258D-1,6.665779177081D-1,              1049P   1959
8.354106925403D-1,1D0,1D0,1D0,1D0,1D0,1D0,1D0,1D0,1D0,1D0,1D0,      1049P   1960
1D0,1D0,-4.142431D0,4.692919D0,0D0,-4.142295401485D0,               1049P   1961
4.736034298345D0,0D0,-4.153846706874D0,4.823338203248D0,0D0,        1049P   1962
-4.204161542607D0,4.945497194993D0,0D0,-4.284918027913D0,           1049P   1963
5.050601349767D0,0D0,-4.390008012541D0,5.131263344560D0,0D0,        1049P   1964
-4.512083789911D0,5.181513135117D0,0D0,-4.599318304985D0,           1049P   1965
5.193054218065D0,0D0,-4.642431D0,5.192919D0,0D0,0D0,1D0,0D0,0D0,    1049P   1966
1D0;                                                                1049P   1967
110,-4.642431D0,5.192919D0,0D0,-1.7442431D1,5.192919D0,0D0;         1051P   1968
126,8,3,0,0,1,0,0D0,0D0,0D0,0D0,1.645893074597D-1,                  1053P   1969
3.334220822919D-1,4.998169081742D-1,6.663134157801D-1,              1053P   1970
8.353996103508D-1,1D0,1D0,1D0,1D0,1D0,1D0,1D0,1D0,1D0,1D0,1D0,      1053P   1971
1D0,1D0,-1.7442431D1,5.192919D0,0D0,-1.748554369502D1,              1053P   1972
5.193054218065D0,0D0,-1.757277821009D1,5.181513135117D0,0D0,        1053P   1973
-1.769485398746D1,5.131263344560D0,0D0,-1.779994397209D1,           1053P   1974
5.050601349767D0,0D0,-1.788070045739D1,4.945497194993D0,0D0,        1053P   1975
-1.793101529313D1,4.823338203248D0,0D0,-1.794256659851D1,           1053P   1976
4.736034298345D0,0D0,-1.7942431D1,4.692919D0,0D0,0D0,1D0,0D0,       1053P   1977
0D0,1D0;                                                            1053P   1978
110,-1.7942431D1,4.692919D0,0D0,-1.7942431D1,-5.57081D-1,0D0;       1055P   1979
126,8,3,0,0,1,0,0D0,0D0,0D0,0D0,1.646003896492D-1,                  1057P   1980
3.336865842199D-1,5.001830918258D-1,6.665779177081D-1,              1057P   1981
8.354106925403D-1,1D0,1D0,1D0,1D0,1D0,1D0,1D0,1D0,1D0,1D0,1D0,      1057P   1982
1D0,1D0,-1.7942431D1,-5.57081D-1,0D0,-1.794229540149D1,             1057P   1983
-6.001962983447D-1,0D0,-1.795384670687D1,-6.875002032479D-1,0D0,    1057P   1984
-1.800416154261D1,-8.096591949928D-1,0D0,-1.808491802791D1,         1057P   1985
-9.147633497672D-1,0D0,-1.819000801254D1,-9.954253445600D-1,0D0,    1057P   1986
-1.831208378991D1,-1.045675135117D0,0D0,-1.839931830498D1,          1057P   1987
-1.057216218065D0,0D0,-1.8442431D1,-1.057081D0,0D0,0D0,1D0,0D0,     1057P   1988
0D0,1D0;                                                            1057P   1989
110,-1.8442431D1,-1.057081D0,0D0,-1.8942431D1,-1.057081D0,0D0;      1059P   1990
126,8,3,0,0,1,0,0D0,0D0,0D0,0D0,1.646003896492D-1,                  1061P   1991
3.336865842199D-1,5.001830918258D-1,6.665779177081D-1,              1061P   1992
8.354106925403D-1,1D0,1D0,1D0,1D0,1D0,1D0,1D0,1D0,1D0,1D0,1D0,      1061P   1993
1D0,1D0,-1.8942431D1,-1.057081D0,0D0,-1.898554629834D1,             1061P   1994
-1.056945401485D0,0D0,-1.907285020325D1,-1.068496706874D0,0D0,      1061P   1995
-1.919500919499D1,-1.118811542607D0,0D0,-1.930011334977D1,          1061P   1996
-1.199568027913D0,0D0,-1.938077534456D1,-1.304658012541D0,0D0,      1061P   1997
-1.943102513512D1,-1.426733789911D0,0D0,-1.944256621806D1,          1061P   1998
-1.513968304985D0,0D0,-1.9442431D1,-1.557081D0,0D0,0D0,1D0,0D0,     1061P   1999
0D0,1D0;                                                            1061P   2000
110,-1.9442431D1,-1.557081D0,0D0,-1.9442431D1,-1.6557081D1,0D0;     1063P   2001
126,8,3,0,0,1,0,0D0,0D0,0D0,0D0,1.645893074597D-1,                  1065P   2002
3.334220822919D-1,4.998169081742D-1,6.663134157801D-1,              1065P   2003
8.353996103508D-1,1D0,1D0,1D0,1D0,1D0,1D0,1D0,1D0,1D0,1D0,1D0,      1065P   2004
1D0,1D0,-1.9442431D1,-1.6557081D1,0D0,-1.944256621806D1,            1065P   2005
-1.660019369502D1,0D0,-1.943102513512D1,-1.668742821009D1,0D0,      1065P   2006
-1.938077534456D1,-1.680950398746D1,0D0,-1.930011334977D1,          1065P   2007
-1.691459397209D1,0D0,-1.919500919499D1,-1.699535045739D1,0D0,      1065P   2008
-1.907285020325D1,-1.704566529313D1,0D0,-1.898554629834D1,          1065P   2009
-1.705721659851D1,0D0,-1.8942431D1,-1.7057081D1,0D0,0D0,1D0,0D0,    1065P   2010
0D0,1D0;                                                            1065P   2011
110,-1.8942431D1,-1.7057081D1,0D0,-1.8442431D1,-1.7057081D1,0D0;    1067P   2012
126,8,3,0,0,1,0,0D0,0D0,0D0,0D0,1.646003896492D-1,                  1069P   2013
3.336865842199D-1,5.001830918258D-1,6.665779177081D-1,              1069P   2014
8.354106925403D-1,1D0,1D0,1D0,1D0,1D0,1D0,1D0,1D0,1D0,1D0,1D0,      1069P   2015
1D0,1D0,-1.8442431D1,-1.7057081D1,0D0,-1.839931570166D1,            1069P   2016
-1.705694540149D1,0D0,-1.831201179675D1,-1.706849670687D1,0D0,      1069P   2017
-1.818985280501D1,-1.711881154261D1,0D0,-1.808474865023D1,          1069P   2018
-1.719956802791D1,0D0,-1.800408665544D1,-1.730465801254D1,0D0,      1069P   2019
-1.795383686488D1,-1.742673378991D1,0D0,-1.794229578194D1,          1069P   2020
-1.751396830498D1,0D0,-1.7942431D1,-1.7557081D1,0D0,0D0,1D0,0D0,    1069P   2021
0D0,1D0;                                                            1069P   2022
110,-1.7942431D1,-1.7557081D1,0D0,-1.7942431D1,-2.2807081D1,0D0;    1071P   2023
126,8,3,0,0,1,0,0D0,0D0,0D0,0D0,1.646003896492D-1,                  1073P   2024
3.336865842199D-1,5.001830918258D-1,6.665779177081D-1,              1073P   2025
8.354106925403D-1,1D0,1D0,1D0,1D0,1D0,1D0,1D0,1D0,1D0,1D0,1D0,      1073P   2026
1D0,1D0,-1.7942431D1,-2.2807081D1,0D0,-1.794256659851D1,            1073P   2027
-2.285019629834D1,0D0,-1.793101529313D1,-2.293750020325D1,0D0,      1073P   2028
-1.788070045739D1,-2.305965919499D1,0D0,-1.779994397209D1,          1073P   2029
-2.316476334977D1,0D0,-1.769485398746D1,-2.324542534456D1,0D0,      1073P   2030
-1.757277821009D1,-2.329567513512D1,0D0,-1.748554369502D1,          1073P   2031
-2.330721621806D1,0D0,-1.7442431D1,-2.3307081D1,0D0,0D0,1D0,0D0,    1073P   2032
0D0,1D0;                                                            1073P   2033
110,-1.7442431D1,-2.3307081D1,0D0,-4.642431D0,-2.3307081D1,0D0;     1075P   2034
126,8,3,0,0,1,0,0D0,0D0,0D0,0D0,1.645893074597D-1,                  1077P   2035
3.334220822919D-1,4.998169081742D-1,6.663134157801D-1,              1077P   2036
8.353996103508D-1,1D0,1D0,1D0,1D0,1D0,1D0,1D0,1D0,1D0,1D0,1D0,      1077P   2037
1D0,1D0,-4.642431D0,-2.3307081D1,0D0,-4.599318304985D0,             1077P   2038
-2.330721621806D1,0D0,-4.512083789911D0,-2.329567513512D1,0D0,      1077P   2039
-4.390008012541D0,-2.324542534456D1,0D0,-4.284918027913D0,          1077P   2040
-2.316476334977D1,0D0,-4.204161542607D0,-2.305965919499D1,0D0,      1077P   2041
-4.153846706874D0,-2.293750020325D1,0D0,-4.142295401485D0,          1077P   2042
-2.285019629834D1,0D0,-4.142431D0,-2.2807081D1,0D0,0D0,1D0,0D0,     1077P   2043
0D0,1D0;                                                            1077P   2044
110,-4.142431D0,-2.2807081D1,0D0,-4.142431D0,-1.7057081D1,0D0;      1079P   2045
110,-4.142431D0,-1.7057081D1,0D0,-3.542431D0,-1.6457081D1,0D0;      1081P   2046
110,-3.542431D0,-1.6457081D1,0D0,-3.542431D0,-1.657081D0,0D0;       1083P   2047
110,-3.542431D0,-1.657081D0,0D0,-4.142431D0,-1.057081D0,0D0;        1085P   2048
110,-4.142431D0,-1.057081D0,0D0,-4.142431D0,4.692919D0,0D0;         1087P   2049
102,20,1049,1051,1053,1055,1057,1059,1061,1063,1065,1067,1069,      1089P   2050
1071,1073,1075,1077,1079,1081,1083,1085,1087;                       1089P   2051
142,0,1043,1089,1047,1;                                             1091P   2052
144,1043,1,0,1091;                                                  1093P   2053
S      1G      4D   1094P   2053                                        T      1
