 PTC IGES file: gps-antenna-ciro-15x15_asm.igs                          S      1
1H,,1H;,26HGPS-ANTENNA-CIRO-15X15_ASM,                                  G      1
30Hgps-antenna-ciro-15x15_asm.igs,                                      G      2
49HPro/ENGINEER by Parametric Technology Corporation,7H2006170,32,38,7, G      3
38,15,26HGPS-ANTENNA-CIRO-15X15_ASM,1.,2,2HMM,32768,0.5,                G      4
15H20080630.110834,0.0029872,29.8732,3HGRA,7HUnknown,10,0,              G      5
15H20080630.110834;                                                     G      6
     314       1       1       1       0       0       0       001000200D      1
     314       0       4       1       0                   COLOR       1D      2
     314       2       1       1       0       0       0       001000200D      3
     314       0       1       1       0                   COLOR       2D      4
     314       3       1       1       0       0       0       001000200D      5
     314       0       1       1       0                   COLOR       3D      6
     314       4       1       1       0       0       0       001000200D      7
     314       0       1       1       0                   COLOR       4D      8
     314       5       1       1       0       0       0       001000200D      9
     314       0       8       1       0                   COLOR       5D     10
     314       6       1       1       0       0       0       001000200D     11
     314       0       8       1       0                   COLOR       6D     12
     314       7       1       1       0       0       0       001000200D     13
     314       0       5       1       0                   COLOR       7D     14
     314       8       1       1       0       0       0       001000200D     15
     314       0       8       1       0                   COLOR       8D     16
     314       9       1       1       0       0       0       001000200D     17
     314       0       8       1       0                   COLOR       9D     18
     110      10       1       1       0       0       0       001010000D     19
     110       0     -17       1       0                    LINE       1D     20
     110      11       1       1       0       0       0       001010000D     21
     110       0     -17       1       0                    LINE       2D     22
     110      12       1       1       0       0       0       001010000D     23
     110       0     -17       1       0                    LINE       3D     24
     110      13       1       1       0       0       0       001010000D     25
     110       0     -17       1       0                    LINE       4D     26
     110      14       1       1       0       0       0       001010000D     27
     110       0     -17       1       0                    LINE       5D     28
     110      15       1       1       0       0       0       001010000D     29
     110       0     -17       1       0                    LINE       6D     30
     110      16       1       1       0       0       0       001010000D     31
     110       0     -17       1       0                    LINE       7D     32
     110      17       1       1       0       0       0       001010000D     33
     110       0     -17       2       0                    LINE       8D     34
     124      19       1       1       0       0       0       001000000D     35
     124       0       0       2       0                   XFORM       1D     36
     100      21       1       1       0       0      35       001010000D     37
     100       0     -17       1       0                     ARC       1D     38
     110      22       1       1       0       0       0       001010000D     39
     110       0     -17       1       0                    LINE       9D     40
     110      23       1       1       0       0       0       001010000D     41
     110       0     -17       1       0                    LINE      10D     42
     110      24       1       1       0       0       0       001010000D     43
     110       0     -17       1       0                    LINE      11D     44
     110      25       1       1       0       0       0       001010000D     45
     110       0     -17       1       0                    LINE      12D     46
     110      26       1       1       0       0       0       001010000D     47
     110       0     -17       1       0                    LINE      13D     48
     110      27       1       1       0       0       0       001010000D     49
     110       0     -17       1       0                    LINE      14D     50
     110      28       1       1       0       0       0       001010000D     51
     110       0     -17       1       0                    LINE      15D     52
     110      29       1       1       0       0       0       001010000D     53
     110       0     -17       1       0                    LINE      16D     54
     110      30       1       1       0       0       0       001010000D     55
     110       0     -17       1       0                    LINE      17D     56
     110      31       1       1       0       0       0       001010000D     57
     110       0     -17       1       0                    LINE      18D     58
     110      32       1       1       0       0       0       001010000D     59
     110       0     -17       1       0                    LINE      19D     60
     110      33       1       1       0       0       0       001010000D     61
     110       0     -17       1       0                    LINE      20D     62
     110      34       1       1       0       0       0       001010000D     63
     110       0     -17       1       0                    LINE      21D     64
     110      35       1       1       0       0       0       001010000D     65
     110       0     -17       1       0                    LINE      22D     66
     110      36       1       1       0       0       0       001010000D     67
     110       0     -17       1       0                    LINE      23D     68
     110      37       1       1       0       0       0       001010000D     69
     110       0     -17       1       0                    LINE      24D     70
     124      38       1       1       0       0       0       001000000D     71
     124       0       0       2       0                   XFORM       2D     72
     100      40       1       1       0       0      71       001010000D     73
     100       0     -17       1       0                     ARC       2D     74
     110      41       1       1       0       0       0       001010000D     75
     110       0     -17       1       0                    LINE      25D     76
     110      42       1       1       0       0       0       001010000D     77
     110       0     -17       1       0                    LINE      26D     78
     110      43       1       1       0       0       0       001010000D     79
     110       0     -17       1       0                    LINE      27D     80
     110      44       1       1       0       0       0       001010000D     81
     110       0     -17       1       0                    LINE      28D     82
     110      45       1       1       0       0       0       001010000D     83
     110       0     -17       1       0                    LINE      29D     84
     110      46       1       1       0       0       0       001010000D     85
     110       0     -17       1       0                    LINE      30D     86
     110      47       1       1       0       0       0       001010000D     87
     110       0     -17       1       0                    LINE      31D     88
     110      48       1       1       0       0       0       001010000D     89
     110       0     -17       1       0                    LINE      32D     90
     110      49       1       1       0       0       0       001010000D     91
     110       0     -17       1       0                    LINE      33D     92
     110      50       1       1       0       0       0       001010000D     93
     110       0     -17       1       0                    LINE      34D     94
     110      51       1       1       0       0       0       001010000D     95
     110       0     -17       1       0                    LINE      35D     96
     110      52       1       1       0       0       0       001010000D     97
     110       0     -17       1       0                    LINE      36D     98
     124      53       1       1       0       0       0       001000000D     99
     124       0       0       2       0                   XFORM       3D    100
     100      55       1       1       0       0      99       001010000D    101
     100       0     -17       1       0                     ARC       3D    102
     110      56       1       1       0       0       0       001010000D    103
     110       0     -17       1       0                    LINE      37D    104
     110      57       1       1       0       0       0       001010000D    105
     110       0     -17       2       0                    LINE      38D    106
     124      59       1       1       0       0       0       001000000D    107
     124       0       0       2       0                   XFORM       4D    108
     100      61       1       1       0       0     107       001010000D    109
     100       0     -17       2       0                     ARC       4D    110
     110      63       1       1       0       0       0       001010000D    111
     110       0     -17       1       0                    LINE      39D    112
     110      64       1       1       0       0       0       001010000D    113
     110       0     -17       2       0                    LINE      40D    114
     110      66       1       1       0       0       0       001010000D    115
     110       0     -17       1       0                    LINE      41D    116
     110      67       1       1       0       0       0       001010000D    117
     110       0     -17       2       0                    LINE      42D    118
     110      69       1       1       0       0       0       001010000D    119
     110       0     -17       1       0                    LINE      43D    120
     110      70       1       1       0       0       0       001010000D    121
     110       0     -17       1       0                    LINE      44D    122
     110      71       1       1       0       0       0       001010000D    123
     110       0     -17       1       0                    LINE      45D    124
     110      72       1       1       0       0       0       001010000D    125
     110       0     -17       1       0                    LINE      46D    126
     110      73       1       1       0       0       0       001010000D    127
     110       0     -17       1       0                    LINE      47D    128
     110      74       1       1       0       0       0       001010000D    129
     110       0     -17       1       0                    LINE      48D    130
     110      75       1       1       0       0       0       001010000D    131
     110       0     -17       1       0                    LINE      49D    132
     110      76       1       1       0       0       0       001010000D    133
     110       0     -17       1       0                    LINE      50D    134
     128      77       1       1       0       0       0       001010000D    135
     128       0     -17       5       0                  SPLSRF       1D    136
     110      82       1       1       0       0       0       001010000D    137
     110       0       0       1       0                    LINE      51D    138
     102      83       1       1       0       0       0       001010000D    139
     102       0       0       1       0                  CCURVE       1D    140
     110      84       1       1       0       0       0       001010500D    141
     110       0     -17       1       0                    LINE      52D    142
     110      85       1       1       0       0       0       001010500D    143
     110       0     -17       1       0                    LINE      53D    144
     110      86       1       1       0       0       0       001010500D    145
     110       0     -17       1       0                    LINE      54D    146
     110      87       1       1       0       0       0       001010500D    147
     110       0     -17       1       0                    LINE      55D    148
     110      88       1       1       0       0       0       001010500D    149
     110       0     -17       1       0                    LINE      56D    150
     110      89       1       1       0       0       0       001010500D    151
     110       0     -17       1       0                    LINE      57D    152
     110      90       1       1       0       0       0       001010500D    153
     110       0     -17       1       0                    LINE      58D    154
     110      91       1       1       0       0       0       001010500D    155
     110       0     -17       1       0                    LINE      59D    156
     110      92       1       1       0       0       0       001010500D    157
     110       0     -17       1       0                    LINE      60D    158
     102      93       1       1       0       0       0       001010500D    159
     102       0       0       1       0                  CCURVE       2D    160
     142      94       1       1       0       0       0       001010500D    161
     142       0       0       1       0                  UV_BND       1D    162
     144      95       1       1       0       0       0       000000000D    163
     144       0     -17       1       0                 TRM_SRF       1D    164
     128      96       1       1       0       0       0       001010000D    165
     128       0     -17       7       0                  SPLSRF       2D    166
     124     103       1       1       0       0       0       001000000D    167
     124       0       0       2       0                   XFORM       5D    168
     100     105       1       1       0       0     167       001010000D    169
     100       0       0       1       0                     ARC       5D    170
     110     106       1       1       0       0       0       001010000D    171
     110       0       0       1       0                    LINE      61D    172
     102     107       1       1       0       0       0       001010000D    173
     102       0       0       1       0                  CCURVE       3D    174
     110     108       1       1       0       0       0       001010500D    175
     110       0     -17       1       0                    LINE      62D    176
     110     109       1       1       0       0       0       001010500D    177
     110       0     -17       1       0                    LINE      63D    178
     110     110       1       1       0       0       0       001010500D    179
     110       0     -17       1       0                    LINE      64D    180
     126     111       1       1       0       0       0       001010500D    181
     126       0     -17      17       0                B_SPLINE       1D    182
     110     128       1       1       0       0       0       001010500D    183
     110       0     -17       1       0                    LINE      65D    184
     110     129       1       1       0       0       0       001010500D    185
     110       0     -17       1       0                    LINE      66D    186
     102     130       1       1       0       0       0       001010500D    187
     102       0       0       1       0                  CCURVE       4D    188
     142     131       1       1       0       0       0       001010500D    189
     142       0       0       1       0                  UV_BND       2D    190
     144     132       1       1       0       0       0       000000000D    191
     144       0     -17       1       0                 TRM_SRF       2D    192
     128     133       1       1       0       0       0       001010000D    193
     128       0     -17       7       0                  SPLSRF       3D    194
     110     140       1       1       0       0       0       001010000D    195
     110       0       0       1       0                    LINE      67D    196
     110     141       1       1       0       0       0       001010000D    197
     110       0       0       1       0                    LINE      68D    198
     110     142       1       1       0       0       0       001010000D    199
     110       0       0       1       0                    LINE      69D    200
     102     143       1       1       0       0       0       001010000D    201
     102       0       0       1       0                  CCURVE       5D    202
     110     144       1       1       0       0       0       001010500D    203
     110       0     -17       1       0                    LINE      70D    204
     110     145       1       1       0       0       0       001010500D    205
     110       0     -17       1       0                    LINE      71D    206
     110     146       1       1       0       0       0       001010500D    207
     110       0     -17       1       0                    LINE      72D    208
     110     147       1       1       0       0       0       001010500D    209
     110       0     -17       1       0                    LINE      73D    210
     110     148       1       1       0       0       0       001010500D    211
     110       0     -17       1       0                    LINE      74D    212
     110     149       1       1       0       0       0       001010500D    213
     110       0     -17       1       0                    LINE      75D    214
     102     150       1       1       0       0       0       001010500D    215
     102       0       0       1       0                  CCURVE       6D    216
     142     151       1       1       0       0       0       001010500D    217
     142       0       0       1       0                  UV_BND       3D    218
     144     152       1       1       0       0       0       000000000D    219
     144       0     -17       1       0                 TRM_SRF       3D    220
     128     153       1       1       0       0       0       001010000D    221
     128       0     -17       7       0                  SPLSRF       4D    222
     110     160       1       1       0       0       0       001010000D    223
     110       0       0       1       0                    LINE      76D    224
     110     161       1       1       0       0       0       001010000D    225
     110       0       0       1       0                    LINE      77D    226
     102     162       1       1       0       0       0       001010000D    227
     102       0       0       1       0                  CCURVE       7D    228
     110     163       1       1       0       0       0       001010500D    229
     110       0     -17       1       0                    LINE      78D    230
     110     164       1       1       0       0       0       001010500D    231
     110       0     -17       1       0                    LINE      79D    232
     110     165       1       1       0       0       0       001010500D    233
     110       0     -17       1       0                    LINE      80D    234
     110     166       1       1       0       0       0       001010500D    235
     110       0     -17       1       0                    LINE      81D    236
     110     167       1       1       0       0       0       001010500D    237
     110       0     -17       1       0                    LINE      82D    238
     102     168       1       1       0       0       0       001010500D    239
     102       0       0       1       0                  CCURVE       8D    240
     142     169       1       1       0       0       0       001010500D    241
     142       0       0       1       0                  UV_BND       4D    242
     144     170       1       1       0       0       0       000000000D    243
     144       0     -17       1       0                 TRM_SRF       4D    244
     128     171       1       1       0       0       0       001010000D    245
     128       0     -17       7       0                  SPLSRF       5D    246
     110     178       1       1       0       0       0       001010000D    247
     110       0       0       1       0                    LINE      83D    248
     110     179       1       1       0       0       0       001010000D    249
     110       0       0       1       0                    LINE      84D    250
     110     180       1       1       0       0       0       001010000D    251
     110       0       0       1       0                    LINE      85D    252
     110     181       1       1       0       0       0       001010000D    253
     110       0       0       1       0                    LINE      86D    254
     102     182       1       1       0       0       0       001010000D    255
     102       0       0       1       0                  CCURVE       9D    256
     110     183       1       1       0       0       0       001010500D    257
     110       0     -17       1       0                    LINE      87D    258
     110     184       1       1       0       0       0       001010500D    259
     110       0     -17       1       0                    LINE      88D    260
     110     185       1       1       0       0       0       001010500D    261
     110       0     -17       1       0                    LINE      89D    262
     110     186       1       1       0       0       0       001010500D    263
     110       0     -17       1       0                    LINE      90D    264
     110     187       1       1       0       0       0       001010500D    265
     110       0     -17       1       0                    LINE      91D    266
     110     188       1       1       0       0       0       001010500D    267
     110       0     -17       1       0                    LINE      92D    268
     110     189       1       1       0       0       0       001010500D    269
     110       0     -17       1       0                    LINE      93D    270
     110     190       1       1       0       0       0       001010500D    271
     110       0     -17       1       0                    LINE      94D    272
     110     191       1       1       0       0       0       001010500D    273
     110       0     -17       1       0                    LINE      95D    274
     102     192       1       1       0       0       0       001010500D    275
     102       0       0       1       0                  CCURVE      10D    276
     142     193       1       1       0       0       0       001010500D    277
     142       0       0       1       0                  UV_BND       5D    278
     144     194       1       1       0       0       0       000000000D    279
     144       0     -17       1       0                 TRM_SRF       5D    280
     128     195       1       1       0       0       0       001010000D    281
     128       0     -17       8       0                  SPLSRF       6D    282
     110     203       1       1       0       0       0       001010000D    283
     110       0       0       1       0                    LINE      96D    284
     102     204       1       1       0       0       0       001010000D    285
     102       0       0       1       0                  CCURVE      11D    286
     110     205       1       1       0       0       0       001010500D    287
     110       0     -17       1       0                    LINE      97D    288
     110     206       1       1       0       0       0       001010500D    289
     110       0     -17       1       0                    LINE      98D    290
     110     207       1       1       0       0       0       001010500D    291
     110       0     -17       1       0                    LINE      99D    292
     110     208       1       1       0       0       0       001010500D    293
     110       0     -17       1       0                    LINE     100D    294
     102     209       1       1       0       0       0       001010500D    295
     102       0       0       1       0                  CCURVE      12D    296
     142     210       1       1       0       0       0       001010500D    297
     142       0       0       1       0                  UV_BND       6D    298
     144     211       1       1       0       0       0       000000000D    299
     144       0     -17       1       0                 TRM_SRF       6D    300
     128     212       1       1       0       0       0       001010000D    301
     128       0     -17       8       0                  SPLSRF       7D    302
     102     220       1       1       0       0       0       001010000D    303
     102       0       0       1       0                  CCURVE      13D    304
     110     221       1       1       0       0       0       001010500D    305
     110       0     -17       1       0                    LINE     101D    306
     110     222       1       1       0       0       0       001010500D    307
     110       0     -17       1       0                    LINE     102D    308
     110     223       1       1       0       0       0       001010500D    309
     110       0     -17       1       0                    LINE     103D    310
     110     224       1       1       0       0       0       001010500D    311
     110       0     -17       1       0                    LINE     104D    312
     102     225       1       1       0       0       0       001010500D    313
     102       0       0       1       0                  CCURVE      14D    314
     142     226       1       1       0       0       0       001010500D    315
     142       0       0       1       0                  UV_BND       7D    316
     144     227       1       1       0       0       0       000000000D    317
     144       0     -17       1       0                 TRM_SRF       7D    318
     128     228       1       1       0       0       0       001010000D    319
     128       0     -17       7       0                  SPLSRF       8D    320
     124     235       1       1       0       0       0       001000000D    321
     124       0       0       2       0                   XFORM       6D    322
     100     237       1       1       0       0     321       001010000D    323
     100       0       0       1       0                     ARC       6D    324
     110     238       1       1       0       0       0       001010000D    325
     110       0       0       1       0                    LINE     105D    326
     102     239       1       1       0       0       0       001010000D    327
     102       0       0       1       0                  CCURVE      15D    328
     110     240       1       1       0       0       0       001010500D    329
     110       0     -17       1       0                    LINE     106D    330
     110     241       1       1       0       0       0       001010500D    331
     110       0     -17       1       0                    LINE     107D    332
     110     242       1       1       0       0       0       001010500D    333
     110       0     -17       1       0                    LINE     108D    334
     126     243       1       1       0       0       0       001010500D    335
     126       0     -17      17       0                B_SPLINE       2D    336
     110     260       1       1       0       0       0       001010500D    337
     110       0     -17       1       0                    LINE     109D    338
     110     261       1       1       0       0       0       001010500D    339
     110       0     -17       1       0                    LINE     110D    340
     102     262       1       1       0       0       0       001010500D    341
     102       0       0       1       0                  CCURVE      16D    342
     142     263       1       1       0       0       0       001010500D    343
     142       0       0       1       0                  UV_BND       8D    344
     144     264       1       1       0       0       0       000000000D    345
     144       0     -17       1       0                 TRM_SRF       8D    346
     128     265       1       1       0       0       0       001010000D    347
     128       0     -17       8       0                  SPLSRF       9D    348
     110     273       1       1       0       0       0       001010000D    349
     110       0       0       1       0                    LINE     111D    350
     102     274       1       1       0       0       0       001010000D    351
     102       0       0       1       0                  CCURVE      17D    352
     110     275       1       1       0       0       0       001010500D    353
     110       0     -17       1       0                    LINE     112D    354
     110     276       1       1       0       0       0       001010500D    355
     110       0     -17       1       0                    LINE     113D    356
     110     277       1       1       0       0       0       001010500D    357
     110       0     -17       1       0                    LINE     114D    358
     110     278       1       1       0       0       0       001010500D    359
     110       0     -17       1       0                    LINE     115D    360
     102     279       1       1       0       0       0       001010500D    361
     102       0       0       1       0                  CCURVE      18D    362
     142     280       1       1       0       0       0       001010500D    363
     142       0       0       1       0                  UV_BND       9D    364
     144     281       1       1       0       0       0       000000000D    365
     144       0     -17       1       0                 TRM_SRF       9D    366
     128     282       1       1       0       0       0       001010000D    367
     128       0     -17       7       0                  SPLSRF      10D    368
     102     289       1       1       0       0       0       001010000D    369
     102       0       0       1       0                  CCURVE      19D    370
     110     290       1       1       0       0       0       001010500D    371
     110       0     -17       1       0                    LINE     116D    372
     110     291       1       1       0       0       0       001010500D    373
     110       0     -17       1       0                    LINE     117D    374
     110     292       1       1       0       0       0       001010500D    375
     110       0     -17       1       0                    LINE     118D    376
     110     293       1       1       0       0       0       001010500D    377
     110       0     -17       2       0                    LINE     119D    378
     110     295       1       1       0       0       0       001010500D    379
     110       0     -17       2       0                    LINE     120D    380
     110     297       1       1       0       0       0       001010500D    381
     110       0     -17       2       0                    LINE     121D    382
     102     299       1       1       0       0       0       001010500D    383
     102       0       0       1       0                  CCURVE      20D    384
     142     300       1       1       0       0       0       001010500D    385
     142       0       0       1       0                  UV_BND      10D    386
     144     301       1       1       0       0       0       000000000D    387
     144       0     -17       1       0                 TRM_SRF      10D    388
     128     302       1       1       0       0       0       001010000D    389
     128       0     -17       7       0                  SPLSRF      11D    390
     110     309       1       1       0       0       0       001010000D    391
     110       0       0       1       0                    LINE     122D    392
     110     310       1       1       0       0       0       001010000D    393
     110       0       0       1       0                    LINE     123D    394
     102     311       1       1       0       0       0       001010000D    395
     102       0       0       1       0                  CCURVE      21D    396
     110     312       1       1       0       0       0       001010500D    397
     110       0     -17       1       0                    LINE     124D    398
     110     313       1       1       0       0       0       001010500D    399
     110       0     -17       1       0                    LINE     125D    400
     110     314       1       1       0       0       0       001010500D    401
     110       0     -17       1       0                    LINE     126D    402
     110     315       1       1       0       0       0       001010500D    403
     110       0     -17       1       0                    LINE     127D    404
     110     316       1       1       0       0       0       001010500D    405
     110       0     -17       1       0                    LINE     128D    406
     102     317       1       1       0       0       0       001010500D    407
     102       0       0       1       0                  CCURVE      22D    408
     142     318       1       1       0       0       0       001010500D    409
     142       0       0       1       0                  UV_BND      11D    410
     144     319       1       1       0       0       0       000000000D    411
     144       0     -17       1       0                 TRM_SRF      11D    412
     128     320       1       1       0       0       0       001010000D    413
     128       0     -17       7       0                  SPLSRF      12D    414
     110     327       1       1       0       0       0       001010000D    415
     110       0       0       1       0                    LINE     129D    416
     110     328       1       1       0       0       0       001010000D    417
     110       0       0       1       0                    LINE     130D    418
     102     329       1       1       0       0       0       001010000D    419
     102       0       0       1       0                  CCURVE      23D    420
     110     330       1       1       0       0       0       001010500D    421
     110       0     -17       1       0                    LINE     131D    422
     110     331       1       1       0       0       0       001010500D    423
     110       0     -17       1       0                    LINE     132D    424
     110     332       1       1       0       0       0       001010500D    425
     110       0     -17       1       0                    LINE     133D    426
     126     333       1       1       0       0       0       001010500D    427
     126       0     -17      17       0                B_SPLINE       3D    428
     110     350       1       1       0       0       0       001010500D    429
     110       0     -17       1       0                    LINE     134D    430
     102     351       1       1       0       0       0       001010500D    431
     102       0       0       1       0                  CCURVE      24D    432
     142     352       1       1       0       0       0       001010500D    433
     142       0       0       1       0                  UV_BND      12D    434
     144     353       1       1       0       0       0       000000000D    435
     144       0     -17       1       0                 TRM_SRF      12D    436
     128     354       1       1       0       0       0       001010000D    437
     128       0     -17       5       0                  SPLSRF      13D    438
     102     359       1       1       0       0       0       001010000D    439
     102       0       0       1       0                  CCURVE      25D    440
     110     360       1       1       0       0       0       001010500D    441
     110       0     -17       1       0                    LINE     135D    442
     110     361       1       1       0       0       0       001010500D    443
     110       0     -17       1       0                    LINE     136D    444
     110     362       1       1       0       0       0       001010500D    445
     110       0     -17       1       0                    LINE     137D    446
     110     363       1       1       0       0       0       001010500D    447
     110       0     -17       1       0                    LINE     138D    448
     110     364       1       1       0       0       0       001010500D    449
     110       0     -17       1       0                    LINE     139D    450
     110     365       1       1       0       0       0       001010500D    451
     110       0     -17       1       0                    LINE     140D    452
     102     366       1       1       0       0       0       001010500D    453
     102       0       0       1       0                  CCURVE      26D    454
     142     367       1       1       0       0       0       001010500D    455
     142       0       0       1       0                  UV_BND      13D    456
     144     368       1       1       0       0       0       000000000D    457
     144       0     -17       1       0                 TRM_SRF      13D    458
     128     369       1       1       0       0       0       001010000D    459
     128       0     -17       7       0                  SPLSRF      14D    460
     110     376       1       1       0       0       0       001010000D    461
     110       0       0       1       0                    LINE     141D    462
     110     377       1       1       0       0       0       001010000D    463
     110       0       0       1       0                    LINE     142D    464
     102     378       1       1       0       0       0       001010000D    465
     102       0       0       1       0                  CCURVE      27D    466
     110     379       1       1       0       0       0       001010500D    467
     110       0     -17       1       0                    LINE     143D    468
     110     380       1       1       0       0       0       001010500D    469
     110       0     -17       1       0                    LINE     144D    470
     110     381       1       1       0       0       0       001010500D    471
     110       0     -17       1       0                    LINE     145D    472
     126     382       1       1       0       0       0       001010500D    473
     126       0     -17      17       0                B_SPLINE       4D    474
     110     399       1       1       0       0       0       001010500D    475
     110       0     -17       1       0                    LINE     146D    476
     102     400       1       1       0       0       0       001010500D    477
     102       0       0       1       0                  CCURVE      28D    478
     142     401       1       1       0       0       0       001010500D    479
     142       0       0       1       0                  UV_BND      14D    480
     144     402       1       1       0       0       0       000000000D    481
     144       0     -17       1       0                 TRM_SRF      14D    482
     110     403       1       1       0       0       0       001010000D    483
     110       0     -17       2       0                    LINE     147D    484
     110     405       1       1       0       0       0       001010000D    485
     110       0     -17       2       0                    LINE     148D    486
     120     407       1       1       0       0       0       001010000D    487
     120       0     -17       1       0                    SREV       1D    488
     124     408       1       1       0       0       0       001000000D    489
     124       0       0       2       0                   XFORM       7D    490
     100     410       1       1       0       0     489       001010000D    491
     100       0       0       1       0                     ARC       7D    492
     110     411       1       1       0       0       0       001010000D    493
     110       0       0       1       0                    LINE     149D    494
     102     412       1       1       0       0       0       001010000D    495
     102       0       0       1       0                  CCURVE      29D    496
     110     413       1       1       0       0       0       001010500D    497
     110       0     -17       2       0                    LINE     150D    498
     110     415       1       1       0       0       0       001010500D    499
     110       0     -17       2       0                    LINE     151D    500
     110     417       1       1       0       0       0       001010500D    501
     110       0     -17       2       0                    LINE     152D    502
     110     419       1       1       0       0       0       001010500D    503
     110       0     -17       2       0                    LINE     153D    504
     102     421       1       1       0       0       0       001010500D    505
     102       0       0       1       0                  CCURVE      30D    506
     142     422       1       1       0       0       0       001010500D    507
     142       0       0       1       0                  UV_BND      15D    508
     144     423       1       1       0       0       0       000000000D    509
     144       0     -17       1       0                 TRM_SRF      15D    510
     110     424       1       1       0       0       0       001010000D    511
     110       0     -17       2       0                    LINE     154D    512
     110     426       1       1       0       0       0       001010000D    513
     110       0     -17       2       0                    LINE     155D    514
     120     428       1       1       0       0       0       001010000D    515
     120       0     -17       1       0                    SREV       2D    516
     124     429       1       1       0       0       0       001000000D    517
     124       0       0       2       0                   XFORM       8D    518
     100     431       1       1       0       0     517       001010000D    519
     100       0       0       2       0                     ARC       8D    520
     110     433       1       1       0       0       0       001010000D    521
     110       0       0       1       0                    LINE     156D    522
     102     434       1       1       0       0       0       001010000D    523
     102       0       0       1       0                  CCURVE      31D    524
     110     435       1       1       0       0       0       001010500D    525
     110       0     -17       2       0                    LINE     157D    526
     110     437       1       1       0       0       0       001010500D    527
     110       0     -17       2       0                    LINE     158D    528
     110     439       1       1       0       0       0       001010500D    529
     110       0     -17       2       0                    LINE     159D    530
     110     441       1       1       0       0       0       001010500D    531
     110       0     -17       2       0                    LINE     160D    532
     102     443       1       1       0       0       0       001010500D    533
     102       0       0       1       0                  CCURVE      32D    534
     142     444       1       1       0       0       0       001010500D    535
     142       0       0       1       0                  UV_BND      16D    536
     144     445       1       1       0       0       0       000000000D    537
     144       0     -17       1       0                 TRM_SRF      16D    538
     128     446       1       1       0       0       0       001010000D    539
     128       0     -17       7       0                  SPLSRF      15D    540
     102     453       1       1       0       0       0       001010000D    541
     102       0       0       1       0                  CCURVE      33D    542
     110     454       1       1       0       0       0       001010500D    543
     110       0     -17       2       0                    LINE     161D    544
     110     456       1       1       0       0       0       001010500D    545
     110       0     -17       2       0                    LINE     162D    546
     110     458       1       1       0       0       0       001010500D    547
     110       0     -17       2       0                    LINE     163D    548
     110     460       1       1       0       0       0       001010500D    549
     110       0     -17       2       0                    LINE     164D    550
     102     462       1       1       0       0       0       001010500D    551
     102       0       0       1       0                  CCURVE      34D    552
     142     463       1       1       0       0       0       001010500D    553
     142       0       0       1       0                  UV_BND      17D    554
     144     464       1       1       0       0       0       000000000D    555
     144       0     -17       1       0                 TRM_SRF      17D    556
     128     465       1       1       0       0       0       001010000D    557
     128       0     -17       7       0                  SPLSRF      16D    558
     102     472       1       1       0       0       0       001010000D    559
     102       0       0       1       0                  CCURVE      35D    560
     110     473       1       1       0       0       0       001010500D    561
     110       0     -17       2       0                    LINE     165D    562
     110     475       1       1       0       0       0       001010500D    563
     110       0     -17       2       0                    LINE     166D    564
     110     477       1       1       0       0       0       001010500D    565
     110       0     -17       2       0                    LINE     167D    566
     110     479       1       1       0       0       0       001010500D    567
     110       0     -17       2       0                    LINE     168D    568
     102     481       1       1       0       0       0       001010500D    569
     102       0       0       1       0                  CCURVE      36D    570
     142     482       1       1       0       0       0       001010500D    571
     142       0       0       1       0                  UV_BND      18D    572
     144     483       1       1       0       0       0       000000000D    573
     144       0     -17       1       0                 TRM_SRF      18D    574
     128     484       1       1       0       0       0       001010000D    575
     128       0     -17       6       0                  SPLSRF      17D    576
     102     490       1       1       0       0       0       001010000D    577
     102       0       0       1       0                  CCURVE      37D    578
     110     491       1       1       0       0       0       001010500D    579
     110       0     -17       2       0                    LINE     169D    580
     110     493       1       1       0       0       0       001010500D    581
     110       0     -17       2       0                    LINE     170D    582
     110     495       1       1       0       0       0       001010500D    583
     110       0     -17       2       0                    LINE     171D    584
     110     497       1       1       0       0       0       001010500D    585
     110       0     -17       2       0                    LINE     172D    586
     102     499       1       1       0       0       0       001010500D    587
     102       0       0       1       0                  CCURVE      38D    588
     142     500       1       1       0       0       0       001010500D    589
     142       0       0       1       0                  UV_BND      19D    590
     144     501       1       1       0       0       0       000000000D    591
     144       0     -17       1       0                 TRM_SRF      19D    592
     128     502       1       1       0       0       0       001010000D    593
     128       0     -17       8       0                  SPLSRF      18D    594
     110     510       1       1       0       0       0       001010000D    595
     110       0       0       1       0                    LINE     173D    596
     102     511       1       1       0       0       0       001010000D    597
     102       0       0       1       0                  CCURVE      39D    598
     110     512       1       1       0       0       0       001010500D    599
     110       0     -17       1       0                    LINE     174D    600
     110     513       1       1       0       0       0       001010500D    601
     110       0     -17       1       0                    LINE     175D    602
     110     514       1       1       0       0       0       001010500D    603
     110       0     -17       1       0                    LINE     176D    604
     110     515       1       1       0       0       0       001010500D    605
     110       0     -17       1       0                    LINE     177D    606
     102     516       1       1       0       0       0       001010500D    607
     102       0       0       1       0                  CCURVE      40D    608
     142     517       1       1       0       0       0       001010500D    609
     142       0       0       1       0                  UV_BND      20D    610
     144     518       1       1       0       0       0       000000000D    611
     144       0     -17       1       0                 TRM_SRF      20D    612
     128     519       1       1       0       0       0       001010000D    613
     128       0     -17       7       0                  SPLSRF      19D    614
     102     526       1       1       0       0       0       001010000D    615
     102       0       0       1       0                  CCURVE      41D    616
     110     527       1       1       0       0       0       001010500D    617
     110       0     -17       1       0                    LINE     178D    618
     110     528       1       1       0       0       0       001010500D    619
     110       0     -17       1       0                    LINE     179D    620
     110     529       1       1       0       0       0       001010500D    621
     110       0     -17       1       0                    LINE     180D    622
     110     530       1       1       0       0       0       001010500D    623
     110       0     -17       1       0                    LINE     181D    624
     102     531       1       1       0       0       0       001010500D    625
     102       0       0       1       0                  CCURVE      42D    626
     142     532       1       1       0       0       0       001010500D    627
     142       0       0       1       0                  UV_BND      21D    628
     144     533       1       1       0       0       0       000000000D    629
     144       0     -17       1       0                 TRM_SRF      21D    630
     314     534       1       1       0       0       0       001000200D    631
     314       0       8       1       0                   COLOR      10D    632
     314     535       1       1       0       0       0       001000200D    633
     314       0       8       1       0                   COLOR      11D    634
     110     536       1       1       0       0       0       001010000D    635
     110       0    -631       2       0                    LINE     182D    636
     124     538       1       1       0       0       0       001000000D    637
     124       0       0       3       0                   XFORM       9D    638
     100     541       1       1       0       0     637       001010000D    639
     100       0    -631       1       0                     ARC       9D    640
     110     542       1       1       0       0       0       001010000D    641
     110       0    -631       2       0                    LINE     183D    642
     124     544       1       1       0       0       0       001000000D    643
     124       0       0       3       0                   XFORM      10D    644
     100     547       1       1       0       0     643       001010000D    645
     100       0    -631       1       0                     ARC      10D    646
     110     548       1       1       0       0       0       001010000D    647
     110       0    -631       2       0                    LINE     184D    648
     124     550       1       1       0       0       0       001000000D    649
     124       0       0       3       0                   XFORM      11D    650
     100     553       1       1       0       0     649       001010000D    651
     100       0    -631       1       0                     ARC      11D    652
     124     554       1       1       0       0       0       001000000D    653
     124       0       0       3       0                   XFORM      12D    654
     100     557       1       1       0       0     653       001010000D    655
     100       0    -631       1       0                     ARC      12D    656
     110     558       1       1       0       0       0       001010000D    657
     110       0    -631       2       0                    LINE     185D    658
     124     560       1       1       0       0       0       001000000D    659
     124       0       0       3       0                   XFORM      13D    660
     100     563       1       1       0       0     659       001010000D    661
     100       0    -631       1       0                     ARC      13D    662
     124     564       1       1       0       0       0       001000000D    663
     124       0       0       3       0                   XFORM      14D    664
     100     567       1       1       0       0     663       001010000D    665
     100       0    -631       1       0                     ARC      14D    666
     110     568       1       1       0       0       0       001010000D    667
     110       0    -631       2       0                    LINE     186D    668
     124     570       1       1       0       0       0       001000000D    669
     124       0       0       3       0                   XFORM      15D    670
     100     573       1       1       0       0     669       001010000D    671
     100       0    -631       1       0                     ARC      15D    672
     124     574       1       1       0       0       0       001000000D    673
     124       0       0       3       0                   XFORM      16D    674
     100     577       1       1       0       0     673       001010000D    675
     100       0    -631       1       0                     ARC      16D    676
     110     578       1       1       0       0       0       001010000D    677
     110       0    -631       2       0                    LINE     187D    678
     124     580       1       1       0       0       0       001000000D    679
     124       0       0       3       0                   XFORM      17D    680
     100     583       1       1       0       0     679       001010000D    681
     100       0    -631       1       0                     ARC      17D    682
     124     584       1       1       0       0       0       001000000D    683
     124       0       0       3       0                   XFORM      18D    684
     100     587       1       1       0       0     683       001010000D    685
     100       0    -631       1       0                     ARC      18D    686
     124     588       1       1       0       0       0       001000000D    687
     124       0       0       3       0                   XFORM      19D    688
     100     591       1       1       0       0     687       001010000D    689
     100       0    -631       1       0                     ARC      19D    690
     124     592       1       1       0       0       0       001000000D    691
     124       0       0       3       0                   XFORM      20D    692
     100     595       1       1       0       0     691       001010000D    693
     100       0    -631       1       0                     ARC      20D    694
     110     596       1       1       0       0       0       001010000D    695
     110       0    -631       2       0                    LINE     188D    696
     124     598       1       1       0       0       0       001000000D    697
     124       0       0       3       0                   XFORM      21D    698
     100     601       1       1       0       0     697       001010000D    699
     100       0    -631       1       0                     ARC      21D    700
     110     602       1       1       0       0       0       001010000D    701
     110       0    -631       2       0                    LINE     189D    702
     124     604       1       1       0       0       0       001000000D    703
     124       0       0       3       0                   XFORM      22D    704
     100     607       1       1       0       0     703       001010000D    705
     100       0    -631       1       0                     ARC      22D    706
     110     608       1       1       0       0       0       001010000D    707
     110       0    -633       2       0                    LINE     190D    708
     110     610       1       1       0       0       0       001010000D    709
     110       0    -633       2       0                    LINE     191D    710
     120     612       1       1       0       0       0       001010000D    711
     120       0    -633       1       0                    SREV       3D    712
     110     613       1       1       0       0       0       001010000D    713
     110       0       0       2       0                    LINE     192D    714
     102     615       1       1       0       0       0       001010000D    715
     102       0       0       1       0                  CCURVE      43D    716
     110     616       1       1       0       0       0       001010500D    717
     110       0    -631       2       0                    LINE     193D    718
     110     618       1       1       0       0       0       001010500D    719
     110       0    -631       1       0                    LINE     194D    720
     110     619       1       1       0       0       0       001010500D    721
     110       0    -631       2       0                    LINE     195D    722
     110     621       1       1       0       0       0       001010500D    723
     110       0    -631       2       0                    LINE     196D    724
     102     623       1       1       0       0       0       001010500D    725
     102       0       0       1       0                  CCURVE      44D    726
     142     624       1       1       0       0       0       001010500D    727
     142       0       0       1       0                  UV_BND      22D    728
     144     625       1       1       0       0       0       000000000D    729
     144       0    -633       1       0                 TRM_SRF      22D    730
     110     626       1       1       0       0       0       001010000D    731
     110       0    -633       2       0                    LINE     197D    732
     110     628       1       1       0       0       0       001010000D    733
     110       0    -633       2       0                    LINE     198D    734
     120     630       1       1       0       0       0       001010000D    735
     120       0    -633       1       0                    SREV       4D    736
     110     631       1       1       0       0       0       001010000D    737
     110       0       0       2       0                    LINE     199D    738
     124     633       1       1       0       0       0       001000000D    739
     124       0       0       3       0                   XFORM      23D    740
     100     636       1       1       0       0     739       001010000D    741
     100       0       0       1       0                     ARC      23D    742
     102     637       1       1       0       0       0       001010000D    743
     102       0       0       1       0                  CCURVE      45D    744
     110     638       1       1       0       0       0       001010500D    745
     110       0    -631       2       0                    LINE     200D    746
     110     640       1       1       0       0       0       001010500D    747
     110       0    -631       1       0                    LINE     201D    748
     110     641       1       1       0       0       0       001010500D    749
     110       0    -631       2       0                    LINE     202D    750
     110     643       1       1       0       0       0       001010500D    751
     110       0    -631       2       0                    LINE     203D    752
     102     645       1       1       0       0       0       001010500D    753
     102       0       0       1       0                  CCURVE      46D    754
     142     646       1       1       0       0       0       001010500D    755
     142       0       0       1       0                  UV_BND      23D    756
     144     647       1       1       0       0       0       000000000D    757
     144       0    -633       1       0                 TRM_SRF      23D    758
     128     648       1       1       0       0       0       001010000D    759
     128       0    -633       7       0                  SPLSRF      20D    760
     102     655       1       1       0       0       0       001010000D    761
     102       0       0       1       0                  CCURVE      47D    762
     126     656       1       1       0       0       0       001010500D    763
     126       0    -631      18       0                B_SPLINE       5D    764
     126     674       1       1       0       0       0       001010500D    765
     126       0    -631      17       0                B_SPLINE       6D    766
     102     691       1       1       0       0       0       001010500D    767
     102       0       0       1       0                  CCURVE      48D    768
     142     692       1       1       0       0       0       001010500D    769
     142       0       0       1       0                  UV_BND      24D    770
     144     693       1       1       0       0       0       000000000D    771
     144       0    -633       1       0                 TRM_SRF      24D    772
     110     694       1       1       0       0       0       001010000D    773
     110       0    -633       2       0                    LINE     204D    774
     110     696       1       1       0       0       0       001010000D    775
     110       0    -633       2       0                    LINE     205D    776
     120     698       1       1       0       0       0       001010000D    777
     120       0    -633       1       0                    SREV       5D    778
     110     699       1       1       0       0       0       001010000D    779
     110       0       0       2       0                    LINE     206D    780
     124     701       1       1       0       0       0       001000000D    781
     124       0       0       3       0                   XFORM      24D    782
     100     704       1       1       0       0     781       001010000D    783
     100       0       0       1       0                     ARC      24D    784
     102     705       1       1       0       0       0       001010000D    785
     102       0       0       1       0                  CCURVE      49D    786
     110     706       1       1       0       0       0       001010500D    787
     110       0    -631       2       0                    LINE     207D    788
     110     708       1       1       0       0       0       001010500D    789
     110       0    -631       2       0                    LINE     208D    790
     110     710       1       1       0       0       0       001010500D    791
     110       0    -631       2       0                    LINE     209D    792
     110     712       1       1       0       0       0       001010500D    793
     110       0    -631       2       0                    LINE     210D    794
     102     714       1       1       0       0       0       001010500D    795
     102       0       0       1       0                  CCURVE      50D    796
     142     715       1       1       0       0       0       001010500D    797
     142       0       0       1       0                  UV_BND      25D    798
     144     716       1       1       0       0       0       000000000D    799
     144       0    -633       1       0                 TRM_SRF      25D    800
     110     717       1       1       0       0       0       001010000D    801
     110       0    -633       2       0                    LINE     211D    802
     110     719       1       1       0       0       0       001010000D    803
     110       0    -633       2       0                    LINE     212D    804
     120     721       1       1       0       0       0       001010000D    805
     120       0    -633       1       0                    SREV       6D    806
     110     722       1       1       0       0       0       001010000D    807
     110       0       0       2       0                    LINE     213D    808
     102     724       1       1       0       0       0       001010000D    809
     102       0       0       1       0                  CCURVE      51D    810
     110     725       1       1       0       0       0       001010500D    811
     110       0    -631       2       0                    LINE     214D    812
     110     727       1       1       0       0       0       001010500D    813
     110       0    -631       2       0                    LINE     215D    814
     110     729       1       1       0       0       0       001010500D    815
     110       0    -631       2       0                    LINE     216D    816
     110     731       1       1       0       0       0       001010500D    817
     110       0    -631       2       0                    LINE     217D    818
     102     733       1       1       0       0       0       001010500D    819
     102       0       0       1       0                  CCURVE      52D    820
     142     734       1       1       0       0       0       001010500D    821
     142       0       0       1       0                  UV_BND      26D    822
     144     735       1       1       0       0       0       000000000D    823
     144       0    -633       1       0                 TRM_SRF      26D    824
     128     736       1       1       0       0       0       001010000D    825
     128       0    -633       7       0                  SPLSRF      21D    826
     102     743       1       1       0       0       0       001010000D    827
     102       0       0       1       0                  CCURVE      53D    828
     126     744       1       1       0       0       0       001010500D    829
     126       0    -631      21       0                B_SPLINE       7D    830
     126     765       1       1       0       0       0       001010500D    831
     126       0    -631      21       0                B_SPLINE       8D    832
     102     786       1       1       0       0       0       001010500D    833
     102       0       0       1       0                  CCURVE      54D    834
     142     787       1       1       0       0       0       001010500D    835
     142       0       0       1       0                  UV_BND      27D    836
     102     788       1       1       0       0       0       001010000D    837
     102       0       0       1       0                  CCURVE      55D    838
     126     789       1       1       0       0       0       001010500D    839
     126       0    -631      20       0                B_SPLINE       9D    840
     126     809       1       1       0       0       0       001010500D    841
     126       0    -631      20       0                B_SPLINE      10D    842
     102     829       1       1       0       0       0       001010500D    843
     102       0       0       1       0                  CCURVE      56D    844
     142     830       1       1       0       0       0       001010500D    845
     142       0       0       1       0                  UV_BND      28D    846
     144     831       1       1       0       0       0       000000000D    847
     144       0    -633       1       0                 TRM_SRF      27D    848
     110     832       1       1       0       0       0       001010000D    849
     110       0    -633       1       0                    LINE     218D    850
     110     833       1       1       0       0       0       001010000D    851
     110       0    -633       2       0                    LINE     219D    852
     120     835       1       1       0       0       0       001010000D    853
     120       0    -633       1       0                    SREV       7D    854
     110     836       1       1       0       0       0       001010000D    855
     110       0       0       2       0                    LINE     220D    856
     102     838       1       1       0       0       0       001010000D    857
     102       0       0       1       0                  CCURVE      57D    858
     110     839       1       1       0       0       0       001010500D    859
     110       0    -631       2       0                    LINE     221D    860
     110     841       1       1       0       0       0       001010500D    861
     110       0    -631       2       0                    LINE     222D    862
     110     843       1       1       0       0       0       001010500D    863
     110       0    -631       2       0                    LINE     223D    864
     110     845       1       1       0       0       0       001010500D    865
     110       0    -631       2       0                    LINE     224D    866
     102     847       1       1       0       0       0       001010500D    867
     102       0       0       1       0                  CCURVE      58D    868
     142     848       1       1       0       0       0       001010500D    869
     142       0       0       1       0                  UV_BND      29D    870
     144     849       1       1       0       0       0       000000000D    871
     144       0    -633       1       0                 TRM_SRF      28D    872
     110     850       1       1       0       0       0       001010000D    873
     110       0    -633       1       0                    LINE     225D    874
     110     851       1       1       0       0       0       001010000D    875
     110       0    -633       2       0                    LINE     226D    876
     120     853       1       1       0       0       0       001010000D    877
     120       0    -633       1       0                    SREV       8D    878
     110     854       1       1       0       0       0       001010000D    879
     110       0       0       2       0                    LINE     227D    880
     102     856       1       1       0       0       0       001010000D    881
     102       0       0       1       0                  CCURVE      59D    882
     110     857       1       1       0       0       0       001010500D    883
     110       0    -631       2       0                    LINE     228D    884
     110     859       1       1       0       0       0       001010500D    885
     110       0    -631       1       0                    LINE     229D    886
     110     860       1       1       0       0       0       001010500D    887
     110       0    -631       2       0                    LINE     230D    888
     110     862       1       1       0       0       0       001010500D    889
     110       0    -631       2       0                    LINE     231D    890
     102     864       1       1       0       0       0       001010500D    891
     102       0       0       1       0                  CCURVE      60D    892
     142     865       1       1       0       0       0       001010500D    893
     142       0       0       1       0                  UV_BND      30D    894
     144     866       1       1       0       0       0       000000000D    895
     144       0    -633       1       0                 TRM_SRF      29D    896
     128     867       1       1       0       0       0       001010000D    897
     128       0    -633       7       0                  SPLSRF      22D    898
     124     874       1       1       0       0       0       001000000D    899
     124       0       0       3       0                   XFORM      25D    900
     100     877       1       1       0       0     899       001010000D    901
     100       0       0       1       0                     ARC      25D    902
     124     878       1       1       0       0       0       001000000D    903
     124       0       0       3       0                   XFORM      26D    904
     100     881       1       1       0       0     903       001010000D    905
     100       0       0       1       0                     ARC      26D    906
     102     882       1       1       0       0       0       001010000D    907
     102       0       0       1       0                  CCURVE      61D    908
     126     883       1       1       0       0       0       001010500D    909
     126       0    -631      23       0                B_SPLINE      11D    910
     126     906       1       1       0       0       0       001010500D    911
     126       0    -631      23       0                B_SPLINE      12D    912
     102     929       1       1       0       0       0       001010500D    913
     102       0       0       1       0                  CCURVE      62D    914
     142     930       1       1       0       0       0       001010500D    915
     142       0       0       1       0                  UV_BND      31D    916
     124     931       1       1       0       0       0       001000000D    917
     124       0       0       3       0                   XFORM      27D    918
     100     934       1       1       0       0     917       001010000D    919
     100       0       0       1       0                     ARC      27D    920
     124     935       1       1       0       0       0       001000000D    921
     124       0       0       3       0                   XFORM      28D    922
     100     938       1       1       0       0     921       001010000D    923
     100       0       0       1       0                     ARC      28D    924
     102     939       1       1       0       0       0       001010000D    925
     102       0       0       1       0                  CCURVE      63D    926
     126     940       1       1       0       0       0       001010500D    927
     126       0    -631      21       0                B_SPLINE      13D    928
     126     961       1       1       0       0       0       001010500D    929
     126       0    -631      21       0                B_SPLINE      14D    930
     102     982       1       1       0       0       0       001010500D    931
     102       0       0       1       0                  CCURVE      64D    932
     142     983       1       1       0       0       0       001010500D    933
     142       0       0       1       0                  UV_BND      32D    934
     144     984       1       1       0       0       0       000000000D    935
     144       0    -633       1       0                 TRM_SRF      30D    936
     110     985       1       1       0       0       0       001010000D    937
     110       0    -633       1       0                    LINE     232D    938
     110     986       1       1       0       0       0       001010000D    939
     110       0    -633       2       0                    LINE     233D    940
     120     988       1       1       0       0       0       001010000D    941
     120       0    -633       1       0                    SREV       9D    942
     110     989       1       1       0       0       0       001010000D    943
     110       0       0       2       0                    LINE     234D    944
     102     991       1       1       0       0       0       001010000D    945
     102       0       0       1       0                  CCURVE      65D    946
     110     992       1       1       0       0       0       001010500D    947
     110       0    -631       2       0                    LINE     235D    948
     110     994       1       1       0       0       0       001010500D    949
     110       0    -631       1       0                    LINE     236D    950
     110     995       1       1       0       0       0       001010500D    951
     110       0    -631       2       0                    LINE     237D    952
     110     997       1       1       0       0       0       001010500D    953
     110       0    -631       2       0                    LINE     238D    954
     102     999       1       1       0       0       0       001010500D    955
     102       0       0       1       0                  CCURVE      66D    956
     142    1000       1       1       0       0       0       001010500D    957
     142       0       0       1       0                  UV_BND      33D    958
     144    1001       1       1       0       0       0       000000000D    959
     144       0    -633       1       0                 TRM_SRF      31D    960
     110    1002       1       1       0       0       0       001010000D    961
     110       0    -633       1       0                    LINE     239D    962
     110    1003       1       1       0       0       0       001010000D    963
     110       0    -633       2       0                    LINE     240D    964
     120    1005       1       1       0       0       0       001010000D    965
     120       0    -633       1       0                    SREV      10D    966
     110    1006       1       1       0       0       0       001010000D    967
     110       0       0       2       0                    LINE     241D    968
     102    1008       1       1       0       0       0       001010000D    969
     102       0       0       1       0                  CCURVE      67D    970
     110    1009       1       1       0       0       0       001010500D    971
     110       0    -631       2       0                    LINE     242D    972
     110    1011       1       1       0       0       0       001010500D    973
     110       0    -631       2       0                    LINE     243D    974
     110    1013       1       1       0       0       0       001010500D    975
     110       0    -631       2       0                    LINE     244D    976
     110    1015       1       1       0       0       0       001010500D    977
     110       0    -631       2       0                    LINE     245D    978
     102    1017       1       1       0       0       0       001010500D    979
     102       0       0       1       0                  CCURVE      68D    980
     142    1018       1       1       0       0       0       001010500D    981
     142       0       0       1       0                  UV_BND      34D    982
     144    1019       1       1       0       0       0       000000000D    983
     144       0    -633       1       0                 TRM_SRF      32D    984
     128    1020       1       1       0       0       0       001010000D    985
     128       0    -633       7       0                  SPLSRF      23D    986
     102    1027       1       1       0       0       0       001010000D    987
     102       0       0       1       0                  CCURVE      69D    988
     126    1028       1       1       0       0       0       001010500D    989
     126       0    -631      23       0                B_SPLINE      15D    990
     126    1051       1       1       0       0       0       001010500D    991
     126       0    -631      23       0                B_SPLINE      16D    992
     102    1074       1       1       0       0       0       001010500D    993
     102       0       0       1       0                  CCURVE      70D    994
     142    1075       1       1       0       0       0       001010500D    995
     142       0       0       1       0                  UV_BND      35D    996
     144    1076       1       1       0       0       0       000000000D    997
     144       0    -633       1       0                 TRM_SRF      33D    998
     314    1077       1       1       0       0       0       001000200D    999
     314       0       3       1       0                   COLOR      12D   1000
     314    1078       1       1       0       0       0       001000200D   1001
     314       0       8       1       0                   COLOR      13D   1002
     124    1079       1       1       0       0       0       001000000D   1003
     124       0       0       2       0                   XFORM      29D   1004
     100    1081       1       1       0       0    1003       001010000D   1005
     100       0   -1001       1       0                     ARC      29D   1006
     124    1082       1       1       0       0       0       001000000D   1007
     124       0       0       2       0                   XFORM      30D   1008
     100    1084       1       1       0       0    1007       001010000D   1009
     100       0   -1001       1       0                     ARC      30D   1010
     110    1085       1       1       0       0       0       001010000D   1011
     110       0   -1001       1       0                    LINE     246D   1012
     124    1086       1       1       0       0       0       001000000D   1013
     124       0       0       2       0                   XFORM      31D   1014
     100    1088       1       1       0       0    1013       001010000D   1015
     100       0   -1001       1       0                     ARC      31D   1016
     124    1089       1       1       0       0       0       001000000D   1017
     124       0       0       2       0                   XFORM      32D   1018
     100    1091       1       1       0       0    1017       001010000D   1019
     100       0   -1001       1       0                     ARC      32D   1020
     124    1092       1       1       0       0       0       001000000D   1021
     124       0       0       2       0                   XFORM      33D   1022
     100    1094       1       1       0       0    1021       001010000D   1023
     100       0   -1001       1       0                     ARC      33D   1024
     124    1095       1       1       0       0       0       001000000D   1025
     124       0       0       2       0                   XFORM      34D   1026
     100    1097       1       1       0       0    1025       001010000D   1027
     100       0   -1001       1       0                     ARC      34D   1028
     110    1098       1       1       0       0       0       001010000D   1029
     110       0   -1001       2       0                    LINE     247D   1030
     124    1100       1       1       0       0       0       001000000D   1031
     124       0       0       2       0                   XFORM      35D   1032
     100    1102       1       1       0       0    1031       001010000D   1033
     100       0   -1001       1       0                     ARC      35D   1034
     110    1103       1       1       0       0       0       001010000D   1035
     110       0   -1001       2       0                    LINE     248D   1036
     124    1105       1       1       0       0       0       001000000D   1037
     124       0       0       2       0                   XFORM      36D   1038
     100    1107       1       1       0       0    1037       001010000D   1039
     100       0   -1001       1       0                     ARC      36D   1040
     124    1108       1       1       0       0       0       001000000D   1041
     124       0       0       2       0                   XFORM      37D   1042
     100    1110       1       1       0       0    1041       001010000D   1043
     100       0   -1001       1       0                     ARC      37D   1044
     124    1111       1       1       0       0       0       001000000D   1045
     124       0       0       2       0                   XFORM      38D   1046
     100    1113       1       1       0       0    1045       001010000D   1047
     100       0   -1001       1       0                     ARC      38D   1048
     110    1114       1       1       0       0       0       001010000D   1049
     110       0   -1001       2       0                    LINE     249D   1050
     124    1116       1       1       0       0       0       001000000D   1051
     124       0       0       2       0                   XFORM      39D   1052
     100    1118       1       1       0       0    1051       001010000D   1053
     100       0   -1001       1       0                     ARC      39D   1054
     124    1119       1       1       0       0       0       001000000D   1055
     124       0       0       2       0                   XFORM      40D   1056
     100    1121       1       1       0       0    1055       001010000D   1057
     100       0   -1001       1       0                     ARC      40D   1058
     110    1122       1       1       0       0       0       001010000D   1059
     110       0   -1001       2       0                    LINE     250D   1060
     110    1124       1       1       0       0       0       001010000D   1061
     110       0   -1001       2       0                    LINE     251D   1062
     110    1126       1       1       0       0       0       001010000D   1063
     110       0   -1001       2       0                    LINE     252D   1064
     110    1128       1       1       0       0       0       001010000D   1065
     110       0   -1001       1       0                    LINE     253D   1066
     124    1129       1       1       0       0       0       001000000D   1067
     124       0       0       2       0                   XFORM      41D   1068
     100    1131       1       1       0       0    1067       001010000D   1069
     100       0   -1001       1       0                     ARC      41D   1070
     110    1132       1       1       0       0       0       001010000D   1071
     110       0   -1001       1       0                    LINE     254D   1072
     110    1133       1       1       0       0       0       001010000D   1073
     110       0   -1001       1       0                    LINE     255D   1074
     110    1134       1       1       0       0       0       001010000D   1075
     110       0   -1001       1       0                    LINE     256D   1076
     124    1135       1       1       0       0       0       001000000D   1077
     124       0       0       2       0                   XFORM      42D   1078
     100    1137       1       1       0       0    1077       001010000D   1079
     100       0   -1001       1       0                     ARC      42D   1080
     110    1138       1       1       0       0       0       001010000D   1081
     110       0   -1001       1       0                    LINE     257D   1082
     110    1139       1       1       0       0       0       001010000D   1083
     110       0   -1001       1       0                    LINE     258D   1084
     110    1140       1       1       0       0       0       001010000D   1085
     110       0   -1001       1       0                    LINE     259D   1086
     110    1141       1       1       0       0       0       001010000D   1087
     110       0   -1001       1       0                    LINE     260D   1088
     124    1142       1       1       0       0       0       001000000D   1089
     124       0       0       2       0                   XFORM      43D   1090
     100    1144       1       1       0       0    1089       001010000D   1091
     100       0   -1001       1       0                     ARC      43D   1092
     110    1145       1       1       0       0       0       001010000D   1093
     110       0   -1001       1       0                    LINE     261D   1094
     124    1146       1       1       0       0       0       001000000D   1095
     124       0       0       2       0                   XFORM      44D   1096
     100    1148       1       1       0       0    1095       001010000D   1097
     100       0   -1001       1       0                     ARC      44D   1098
     110    1149       1       1       0       0       0       001010000D   1099
     110       0   -1001       1       0                    LINE     262D   1100
     124    1150       1       1       0       0       0       001000000D   1101
     124       0       0       2       0                   XFORM      45D   1102
     100    1152       1       1       0       0    1101       001010000D   1103
     100       0   -1001       1       0                     ARC      45D   1104
     110    1153       1       1       0       0       0       001010000D   1105
     110       0   -1001       1       0                    LINE     263D   1106
     124    1154       1       1       0       0       0       001000000D   1107
     124       0       0       2       0                   XFORM      46D   1108
     100    1156       1       1       0       0    1107       001010000D   1109
     100       0   -1001       1       0                     ARC      46D   1110
     110    1157       1       1       0       0       0       001010000D   1111
     110       0   -1001       1       0                    LINE     264D   1112
     110    1158       1       1       0       0       0       001010000D   1113
     110       0   -1001       1       0                    LINE     265D   1114
     124    1159       1       1       0       0       0       001000000D   1115
     124       0       0       2       0                   XFORM      47D   1116
     100    1161       1       1       0       0    1115       001010000D   1117
     100       0   -1001       1       0                     ARC      47D   1118
     110    1162       1       1       0       0       0       001010000D   1119
     110       0   -1001       1       0                    LINE     266D   1120
     110    1163       1       1       0       0       0       001010000D   1121
     110       0   -1001       1       0                    LINE     267D   1122
     110    1164       1       1       0       0       0       001010000D   1123
     110       0   -1001       1       0                    LINE     268D   1124
     124    1165       1       1       0       0       0       001000000D   1125
     124       0       0       2       0                   XFORM      48D   1126
     100    1167       1       1       0       0    1125       001010000D   1127
     100       0   -1001       1       0                     ARC      48D   1128
     110    1168       1       1       0       0       0       001010000D   1129
     110       0   -1001       1       0                    LINE     269D   1130
     110    1169       1       1       0       0       0       001010000D   1131
     110       0   -1001       1       0                    LINE     270D   1132
     110    1170       1       1       0       0       0       001010000D   1133
     110       0   -1001       1       0                    LINE     271D   1134
     124    1171       1       1       0       0       0       001000000D   1135
     124       0       0       2       0                   XFORM      49D   1136
     100    1173       1       1       0       0    1135       001010000D   1137
     100       0   -1001       1       0                     ARC      49D   1138
     110    1174       1       1       0       0       0       001010000D   1139
     110       0   -1001       1       0                    LINE     272D   1140
     110    1175       1       1       0       0       0       001010000D   1141
     110       0   -1001       1       0                    LINE     273D   1142
     110    1176       1       1       0       0       0       001010000D   1143
     110       0   -1001       1       0                    LINE     274D   1144
     124    1177       1       1       0       0       0       001000000D   1145
     124       0       0       2       0                   XFORM      50D   1146
     100    1179       1       1       0       0    1145       001010000D   1147
     100       0   -1001       1       0                     ARC      50D   1148
     110    1180       1       1       0       0       0       001010000D   1149
     110       0   -1001       1       0                    LINE     275D   1150
     110    1181       1       1       0       0       0       001010000D   1151
     110       0   -1001       1       0                    LINE     276D   1152
     124    1182       1       1       0       0       0       001000000D   1153
     124       0       0       2       0                   XFORM      51D   1154
     100    1184       1       1       0       0    1153       001010000D   1155
     100       0   -1001       1       0                     ARC      51D   1156
     110    1185       1       1       0       0       0       001010000D   1157
     110       0   -1001       1       0                    LINE     277D   1158
     124    1186       1       1       0       0       0       001000000D   1159
     124       0       0       2       0                   XFORM      52D   1160
     100    1188       1       1       0       0    1159       001010000D   1161
     100       0   -1001       1       0                     ARC      52D   1162
     110    1189       1       1       0       0       0       001010000D   1163
     110       0   -1001       1       0                    LINE     278D   1164
     124    1190       1       1       0       0       0       001000000D   1165
     124       0       0       2       0                   XFORM      53D   1166
     100    1192       1       1       0       0    1165       001010000D   1167
     100       0   -1001       1       0                     ARC      53D   1168
     110    1193       1       1       0       0       0       001010000D   1169
     110       0   -1001       1       0                    LINE     279D   1170
     124    1194       1       1       0       0       0       001000000D   1171
     124       0       0       2       0                   XFORM      54D   1172
     100    1196       1       1       0       0    1171       001010000D   1173
     100       0   -1001       1       0                     ARC      54D   1174
     110    1197       1       1       0       0       0       001010000D   1175
     110       0   -1001       1       0                    LINE     280D   1176
     110    1198       1       1       0       0       0       001010000D   1177
     110       0   -1001       1       0                    LINE     281D   1178
     110    1199       1       1       0       0       0       001010000D   1179
     110       0   -1001       1       0                    LINE     282D   1180
     110    1200       1       1       0       0       0       001010000D   1181
     110       0   -1001       1       0                    LINE     283D   1182
     124    1201       1       1       0       0       0       001000000D   1183
     124       0       0       2       0                   XFORM      55D   1184
     100    1203       1       1       0       0    1183       001010000D   1185
     100       0   -1001       1       0                     ARC      55D   1186
     110    1204       1       1       0       0       0       001010000D   1187
     110       0   -1001       1       0                    LINE     284D   1188
     124    1205       1       1       0       0       0       001000000D   1189
     124       0       0       2       0                   XFORM      56D   1190
     100    1207       1       1       0       0    1189       001010000D   1191
     100       0   -1001       1       0                     ARC      56D   1192
     110    1208       1       1       0       0       0       001010000D   1193
     110       0   -1001       1       0                    LINE     285D   1194
     110    1209       1       1       0       0       0       001010000D   1195
     110       0   -1001       1       0                    LINE     286D   1196
     110    1210       1       1       0       0       0       001010000D   1197
     110       0   -1001       1       0                    LINE     287D   1198
     110    1211       1       1       0       0       0       001010000D   1199
     110       0   -1001       1       0                    LINE     288D   1200
     124    1212       1       1       0       0       0       001000000D   1201
     124       0       0       2       0                   XFORM      57D   1202
     100    1214       1       1       0       0    1201       001010000D   1203
     100       0   -1001       1       0                     ARC      57D   1204
     110    1215       1       1       0       0       0       001010000D   1205
     110       0   -1001       1       0                    LINE     289D   1206
     124    1216       1       1       0       0       0       001000000D   1207
     124       0       0       2       0                   XFORM      58D   1208
     100    1218       1       1       0       0    1207       001010000D   1209
     100       0   -1001       1       0                     ARC      58D   1210
     124    1219       1       1       0       0       0       001000000D   1211
     124       0       0       2       0                   XFORM      59D   1212
     100    1221       1       1       0       0    1211       001010000D   1213
     100       0   -1001       1       0                     ARC      59D   1214
     110    1222       1       1       0       0       0       001010000D   1215
     110       0   -1001       1       0                    LINE     290D   1216
     124    1223       1       1       0       0       0       001000000D   1217
     124       0       0       2       0                   XFORM      60D   1218
     100    1225       1       1       0       0    1217       001010000D   1219
     100       0   -1001       1       0                     ARC      60D   1220
     110    1226       1       1       0       0       0       001010000D   1221
     110       0   -1001       1       0                    LINE     291D   1222
     110    1227       1       1       0       0       0       001010000D   1223
     110       0   -1001       1       0                    LINE     292D   1224
     110    1228       1       1       0       0       0       001010000D   1225
     110       0   -1001       1       0                    LINE     293D   1226
     110    1229       1       1       0       0       0       001010000D   1227
     110       0   -1001       1       0                    LINE     294D   1228
     110    1230       1       1       0       0       0       001010000D   1229
     110       0   -1001       1       0                    LINE     295D   1230
     124    1231       1       1       0       0       0       001000000D   1231
     124       0       0       2       0                   XFORM      61D   1232
     100    1233       1       1       0       0    1231       001010000D   1233
     100       0   -1001       1       0                     ARC      61D   1234
     110    1234       1       1       0       0       0       001010000D   1235
     110       0   -1001       1       0                    LINE     296D   1236
     124    1235       1       1       0       0       0       001000000D   1237
     124       0       0       2       0                   XFORM      62D   1238
     100    1237       1       1       0       0    1237       001010000D   1239
     100       0   -1001       1       0                     ARC      62D   1240
     110    1238       1       1       0       0       0       001010000D   1241
     110       0   -1001       1       0                    LINE     297D   1242
     124    1239       1       1       0       0       0       001000000D   1243
     124       0       0       2       0                   XFORM      63D   1244
     100    1241       1       1       0       0    1243       001010000D   1245
     100       0   -1001       1       0                     ARC      63D   1246
     124    1242       1       1       0       0       0       001000000D   1247
     124       0       0       2       0                   XFORM      64D   1248
     100    1244       1       1       0       0    1247       001010000D   1249
     100       0   -1001       1       0                     ARC      64D   1250
     124    1245       1       1       0       0       0       001000000D   1251
     124       0       0       2       0                   XFORM      65D   1252
     100    1247       1       1       0       0    1251       001010000D   1253
     100       0   -1001       1       0                     ARC      65D   1254
     110    1248       1       1       0       0       0       001010000D   1255
     110       0   -1001       1       0                    LINE     298D   1256
     124    1249       1       1       0       0       0       001000000D   1257
     124       0       0       2       0                   XFORM      66D   1258
     100    1251       1       1       0       0    1257       001010000D   1259
     100       0   -1001       1       0                     ARC      66D   1260
     110    1252       1       1       0       0       0       001010000D   1261
     110       0   -1001       1       0                    LINE     299D   1262
     124    1253       1       1       0       0       0       001000000D   1263
     124       0       0       2       0                   XFORM      67D   1264
     100    1255       1       1       0       0    1263       001010000D   1265
     100       0   -1001       1       0                     ARC      67D   1266
     110    1256       1       1       0       0       0       001010000D   1267
     110       0   -1001       1       0                    LINE     300D   1268
     110    1257       1       1       0       0       0       001010000D   1269
     110       0   -1001       1       0                    LINE     301D   1270
     110    1258       1       1       0       0       0       001010000D   1271
     110       0   -1001       1       0                    LINE     302D   1272
     124    1259       1       1       0       0       0       001000000D   1273
     124       0       0       2       0                   XFORM      68D   1274
     100    1261       1       1       0       0    1273       001010000D   1275
     100       0   -1001       1       0                     ARC      68D   1276
     110    1262       1       1       0       0       0       001010000D   1277
     110       0   -1001       1       0                    LINE     303D   1278
     128    1263       1       1       0       0       0       001010000D   1279
     128       0   -1001       5       0                  SPLSRF      24D   1280
     102    1268       1       1       0       0       0       001010000D   1281
     102       0       0       1       0                  CCURVE      71D   1282
     126    1269       1       1       0       0       0       001010500D   1283
     126       0   -1001      12       0                B_SPLINE      17D   1284
     110    1281       1       1       0       0       0       001010500D   1285
     110       0   -1001       1       0                    LINE     304D   1286
     126    1282       1       1       0       0       0       001010500D   1287
     126       0   -1001      12       0                B_SPLINE      18D   1288
     110    1294       1       1       0       0       0       001010500D   1289
     110       0   -1001       1       0                    LINE     305D   1290
     126    1295       1       1       0       0       0       001010500D   1291
     126       0   -1001      13       0                B_SPLINE      19D   1292
     110    1308       1       1       0       0       0       001010500D   1293
     110       0   -1001       1       0                    LINE     306D   1294
     126    1309       1       1       0       0       0       001010500D   1295
     126       0   -1001      11       0                B_SPLINE      20D   1296
     110    1320       1       1       0       0       0       001010500D   1297
     110       0   -1001       1       0                    LINE     307D   1298
     102    1321       1       1       0       0       0       001010500D   1299
     102       0       0       1       0                  CCURVE      72D   1300
     142    1322       1       1       0       0       0       001010500D   1301
     142       0       0       1       0                  UV_BND      36D   1302
     102    1323       1       1       0       0       0       001010000D   1303
     102       0       0       1       0                  CCURVE      73D   1304
     126    1324       1       1       0       0       0       001010500D   1305
     126       0   -1001      17       0                B_SPLINE      21D   1306
     126    1341       1       1       0       0       0       001010500D   1307
     126       0   -1001      17       0                B_SPLINE      22D   1308
     102    1358       1       1       0       0       0       001010500D   1309
     102       0       0       1       0                  CCURVE      74D   1310
     142    1359       1       1       0       0       0       001010500D   1311
     142       0       0       1       0                  UV_BND      37D   1312
     144    1360       1       1       0       0       0       000000000D   1313
     144       0   -1001       1       0                 TRM_SRF      34D   1314
     110    1361       1       1       0       0       0       001010000D   1315
     110       0   -1001       1       0                    LINE     308D   1316
     110    1362       1       1       0       0       0       001010000D   1317
     110       0   -1001       2       0                    LINE     309D   1318
     120    1364       1       1       0       0       0       001010000D   1319
     120       0   -1001       1       0                    SREV      11D   1320
     110    1365       1       1       0       0       0       001010000D   1321
     110       0       0       1       0                    LINE     310D   1322
     124    1366       1       1       0       0       0       001000000D   1323
     124       0       0       2       0                   XFORM      69D   1324
     100    1368       1       1       0       0    1323       001010000D   1325
     100       0       0       1       0                     ARC      69D   1326
     102    1369       1       1       0       0       0       001010000D   1327
     102       0       0       1       0                  CCURVE      75D   1328
     110    1370       1       1       0       0       0       001010500D   1329
     110       0   -1001       2       0                    LINE     311D   1330
     110    1372       1       1       0       0       0       001010500D   1331
     110       0   -1001       2       0                    LINE     312D   1332
     110    1374       1       1       0       0       0       001010500D   1333
     110       0   -1001       2       0                    LINE     313D   1334
     110    1376       1       1       0       0       0       001010500D   1335
     110       0   -1001       2       0                    LINE     314D   1336
     102    1378       1       1       0       0       0       001010500D   1337
     102       0       0       1       0                  CCURVE      76D   1338
     142    1379       1       1       0       0       0       001010500D   1339
     142       0       0       1       0                  UV_BND      38D   1340
     144    1380       1       1       0       0       0       000000000D   1341
     144       0   -1001       1       0                 TRM_SRF      35D   1342
     128    1381       1       1       0       0       0       001010000D   1343
     128       0    -999       5       0                  SPLSRF      25D   1344
     102    1386       1       1       0       0       0       001010000D   1345
     102       0       0       1       0                  CCURVE      77D   1346
     126    1387       1       1       0       0       0       001010500D   1347
     126       0   -1001      16       0                B_SPLINE      23D   1348
     126    1403       1       1       0       0       0       001010500D   1349
     126       0   -1001      16       0                B_SPLINE      24D   1350
     102    1419       1       1       0       0       0       001010500D   1351
     102       0       0       1       0                  CCURVE      78D   1352
     142    1420       1       1       0       0       0       001010500D   1353
     142       0       0       1       0                  UV_BND      39D   1354
     102    1421       1       1       0       0       0       001010000D   1355
     102       0       0       1       0                  CCURVE      79D   1356
     126    1422       1       1       0       0       0       001010500D   1357
     126       0   -1001      20       0                B_SPLINE      25D   1358
     126    1442       1       1       0       0       0       001010500D   1359
     126       0   -1001      20       0                B_SPLINE      26D   1360
     102    1462       1       1       0       0       0       001010500D   1361
     102       0       0       1       0                  CCURVE      80D   1362
     142    1463       1       1       0       0       0       001010500D   1363
     142       0       0       1       0                  UV_BND      40D   1364
     144    1464       1       1       0       0       0       000000000D   1365
     144       0    -999       1       0                 TRM_SRF      36D   1366
     110    1465       1       1       0       0       0       001010000D   1367
     110       0    -999       2       0                    LINE     315D   1368
     110    1467       1       1       0       0       0       001010000D   1369
     110       0    -999       2       0                    LINE     316D   1370
     120    1469       1       1       0       0       0       001010000D   1371
     120       0    -999       1       0                    SREV      12D   1372
     110    1470       1       1       0       0       0       001010000D   1373
     110       0       0       2       0                    LINE     317D   1374
     124    1472       1       1       0       0       0       001000000D   1375
     124       0       0       2       0                   XFORM      70D   1376
     100    1474       1       1       0       0    1375       001010000D   1377
     100       0       0       1       0                     ARC      70D   1378
     102    1475       1       1       0       0       0       001010000D   1379
     102       0       0       1       0                  CCURVE      81D   1380
     110    1476       1       1       0       0       0       001010500D   1381
     110       0   -1001       2       0                    LINE     318D   1382
     110    1478       1       1       0       0       0       001010500D   1383
     110       0   -1001       1       0                    LINE     319D   1384
     110    1479       1       1       0       0       0       001010500D   1385
     110       0   -1001       2       0                    LINE     320D   1386
     110    1481       1       1       0       0       0       001010500D   1387
     110       0   -1001       2       0                    LINE     321D   1388
     102    1483       1       1       0       0       0       001010500D   1389
     102       0       0       1       0                  CCURVE      82D   1390
     142    1484       1       1       0       0       0       001010500D   1391
     142       0       0       1       0                  UV_BND      41D   1392
     144    1485       1       1       0       0       0       000000000D   1393
     144       0    -999       1       0                 TRM_SRF      37D   1394
     110    1486       1       1       0       0       0       001010000D   1395
     110       0    -999       2       0                    LINE     322D   1396
     110    1488       1       1       0       0       0       001010000D   1397
     110       0    -999       2       0                    LINE     323D   1398
     120    1490       1       1       0       0       0       001010000D   1399
     120       0    -999       1       0                    SREV      13D   1400
     110    1491       1       1       0       0       0       001010000D   1401
     110       0       0       2       0                    LINE     324D   1402
     124    1493       1       1       0       0       0       001000000D   1403
     124       0       0       2       0                   XFORM      71D   1404
     100    1495       1       1       0       0    1403       001010000D   1405
     100       0       0       1       0                     ARC      71D   1406
     102    1496       1       1       0       0       0       001010000D   1407
     102       0       0       1       0                  CCURVE      83D   1408
     110    1497       1       1       0       0       0       001010500D   1409
     110       0   -1001       2       0                    LINE     325D   1410
     110    1499       1       1       0       0       0       001010500D   1411
     110       0   -1001       2       0                    LINE     326D   1412
     110    1501       1       1       0       0       0       001010500D   1413
     110       0   -1001       2       0                    LINE     327D   1414
     110    1503       1       1       0       0       0       001010500D   1415
     110       0   -1001       2       0                    LINE     328D   1416
     102    1505       1       1       0       0       0       001010500D   1417
     102       0       0       1       0                  CCURVE      84D   1418
     142    1506       1       1       0       0       0       001010500D   1419
     142       0       0       1       0                  UV_BND      42D   1420
     144    1507       1       1       0       0       0       000000000D   1421
     144       0    -999       1       0                 TRM_SRF      38D   1422
     128    1508       1       1       0       0       0       001010000D   1423
     128       0   -1001       5       0                  SPLSRF      26D   1424
     102    1513       1       1       0       0       0       001010000D   1425
     102       0       0       1       0                  CCURVE      85D   1426
     126    1514       1       1       0       0       0       001010500D   1427
     126       0   -1001      16       0                B_SPLINE      27D   1428
     126    1530       1       1       0       0       0       001010500D   1429
     126       0   -1001      16       0                B_SPLINE      28D   1430
     102    1546       1       1       0       0       0       001010500D   1431
     102       0       0       1       0                  CCURVE      86D   1432
     142    1547       1       1       0       0       0       001010500D   1433
     142       0       0       1       0                  UV_BND      43D   1434
     124    1548       1       1       0       0       0       001000000D   1435
     124       0       0       2       0                   XFORM      72D   1436
     100    1550       1       1       0       0    1435       001010000D   1437
     100       0       0       1       0                     ARC      72D   1438
     124    1551       1       1       0       0       0       001000000D   1439
     124       0       0       2       0                   XFORM      73D   1440
     100    1553       1       1       0       0    1439       001010000D   1441
     100       0       0       1       0                     ARC      73D   1442
     102    1554       1       1       0       0       0       001010000D   1443
     102       0       0       1       0                  CCURVE      87D   1444
     126    1555       1       1       0       0       0       001010500D   1445
     126       0   -1001      20       0                B_SPLINE      29D   1446
     126    1575       1       1       0       0       0       001010500D   1447
     126       0   -1001      20       0                B_SPLINE      30D   1448
     102    1595       1       1       0       0       0       001010500D   1449
     102       0       0       1       0                  CCURVE      88D   1450
     142    1596       1       1       0       0       0       001010500D   1451
     142       0       0       1       0                  UV_BND      44D   1452
     144    1597       1       1       0       0       0       000000000D   1453
     144       0   -1001       1       0                 TRM_SRF      39D   1454
     110    1598       1       1       0       0       0       001010000D   1455
     110       0   -1001       2       0                    LINE     329D   1456
     110    1600       1       1       0       0       0       001010000D   1457
     110       0   -1001       2       0                    LINE     330D   1458
     120    1602       1       1       0       0       0       001010000D   1459
     120       0   -1001       1       0                    SREV      14D   1460
     110    1603       1       1       0       0       0       001010000D   1461
     110       0       0       2       0                    LINE     331D   1462
     124    1605       1       1       0       0       0       001000000D   1463
     124       0       0       2       0                   XFORM      74D   1464
     100    1607       1       1       0       0    1463       001010000D   1465
     100       0       0       1       0                     ARC      74D   1466
     102    1608       1       1       0       0       0       001010000D   1467
     102       0       0       1       0                  CCURVE      89D   1468
     110    1609       1       1       0       0       0       001010500D   1469
     110       0   -1001       2       0                    LINE     332D   1470
     110    1611       1       1       0       0       0       001010500D   1471
     110       0   -1001       2       0                    LINE     333D   1472
     110    1613       1       1       0       0       0       001010500D   1473
     110       0   -1001       2       0                    LINE     334D   1474
     110    1615       1       1       0       0       0       001010500D   1475
     110       0   -1001       2       0                    LINE     335D   1476
     102    1617       1       1       0       0       0       001010500D   1477
     102       0       0       1       0                  CCURVE      90D   1478
     142    1618       1       1       0       0       0       001010500D   1479
     142       0       0       1       0                  UV_BND      45D   1480
     144    1619       1       1       0       0       0       000000000D   1481
     144       0   -1001       1       0                 TRM_SRF      40D   1482
     110    1620       1       1       0       0       0       001010000D   1483
     110       0   -1001       2       0                    LINE     336D   1484
     110    1622       1       1       0       0       0       001010000D   1485
     110       0   -1001       2       0                    LINE     337D   1486
     120    1624       1       1       0       0       0       001010000D   1487
     120       0   -1001       1       0                    SREV      15D   1488
     124    1625       1       1       0       0       0       001000000D   1489
     124       0       0       2       0                   XFORM      75D   1490
     100    1627       1       1       0       0    1489       001010000D   1491
     100       0       0       1       0                     ARC      75D   1492
     110    1628       1       1       0       0       0       001010000D   1493
     110       0       0       2       0                    LINE     338D   1494
     102    1630       1       1       0       0       0       001010000D   1495
     102       0       0       1       0                  CCURVE      91D   1496
     110    1631       1       1       0       0       0       001010500D   1497
     110       0   -1001       2       0                    LINE     339D   1498
     110    1633       1       1       0       0       0       001010500D   1499
     110       0   -1001       1       0                    LINE     340D   1500
     110    1634       1       1       0       0       0       001010500D   1501
     110       0   -1001       2       0                    LINE     341D   1502
     110    1636       1       1       0       0       0       001010500D   1503
     110       0   -1001       2       0                    LINE     342D   1504
     102    1638       1       1       0       0       0       001010500D   1505
     102       0       0       1       0                  CCURVE      92D   1506
     142    1639       1       1       0       0       0       001010500D   1507
     142       0       0       1       0                  UV_BND      46D   1508
     144    1640       1       1       0       0       0       000000000D   1509
     144       0   -1001       1       0                 TRM_SRF      41D   1510
     110    1641       1       1       0       0       0       001010000D   1511
     110       0   -1001       2       0                    LINE     343D   1512
     110    1643       1       1       0       0       0       001010000D   1513
     110       0   -1001       2       0                    LINE     344D   1514
     120    1645       1       1       0       0       0       001010000D   1515
     120       0   -1001       1       0                    SREV      16D   1516
     110    1646       1       1       0       0       0       001010000D   1517
     110       0       0       2       0                    LINE     345D   1518
     102    1648       1       1       0       0       0       001010000D   1519
     102       0       0       1       0                  CCURVE      93D   1520
     110    1649       1       1       0       0       0       001010500D   1521
     110       0   -1001       1       0                    LINE     346D   1522
     110    1650       1       1       0       0       0       001010500D   1523
     110       0   -1001       2       0                    LINE     347D   1524
     110    1652       1       1       0       0       0       001010500D   1525
     110       0   -1001       2       0                    LINE     348D   1526
     110    1654       1       1       0       0       0       001010500D   1527
     110       0       0       1       0                    LINE     349D   1528
     102    1655       1       1       0       0       0       001010500D   1529
     102       0       0       1       0                  CCURVE      94D   1530
     142    1656       1       1       0       0       0       001010500D   1531
     142       0       0       1       0                  UV_BND      47D   1532
     144    1657       1       1       0       0       0       000000000D   1533
     144       0   -1001       1       0                 TRM_SRF      42D   1534
     110    1658       1       1       0       0       0       001010000D   1535
     110       0   -1001       2       0                    LINE     350D   1536
     110    1660       1       1       0       0       0       001010000D   1537
     110       0   -1001       2       0                    LINE     351D   1538
     120    1662       1       1       0       0       0       001010000D   1539
     120       0   -1001       1       0                    SREV      17D   1540
     110    1663       1       1       0       0       0       001010000D   1541
     110       0       0       2       0                    LINE     352D   1542
     102    1665       1       1       0       0       0       001010000D   1543
     102       0       0       1       0                  CCURVE      95D   1544
     110    1666       1       1       0       0       0       001010500D   1545
     110       0   -1001       2       0                    LINE     353D   1546
     110    1668       1       1       0       0       0       001010500D   1547
     110       0   -1001       2       0                    LINE     354D   1548
     110    1670       1       1       0       0       0       001010500D   1549
     110       0   -1001       2       0                    LINE     355D   1550
     110    1672       1       1       0       0       0       001010500D   1551
     110       0       0       1       0                    LINE     356D   1552
     102    1673       1       1       0       0       0       001010500D   1553
     102       0       0       1       0                  CCURVE      96D   1554
     142    1674       1       1       0       0       0       001010500D   1555
     142       0       0       1       0                  UV_BND      48D   1556
     144    1675       1       1       0       0       0       000000000D   1557
     144       0   -1001       1       0                 TRM_SRF      43D   1558
     110    1676       1       1       0       0       0       001010000D   1559
     110       0   -1001       1       0                    LINE     357D   1560
     110    1677       1       1       0       0       0       001010000D   1561
     110       0   -1001       2       0                    LINE     358D   1562
     120    1679       1       1       0       0       0       001010000D   1563
     120       0   -1001       1       0                    SREV      18D   1564
     110    1680       1       1       0       0       0       001010000D   1565
     110       0       0       1       0                    LINE     359D   1566
     124    1681       1       1       0       0       0       001000000D   1567
     124       0       0       2       0                   XFORM      76D   1568
     100    1683       1       1       0       0    1567       001010000D   1569
     100       0       0       1       0                     ARC      76D   1570
     102    1684       1       1       0       0       0       001010000D   1571
     102       0       0       1       0                  CCURVE      97D   1572
     110    1685       1       1       0       0       0       001010500D   1573
     110       0   -1001       2       0                    LINE     360D   1574
     110    1687       1       1       0       0       0       001010500D   1575
     110       0   -1001       2       0                    LINE     361D   1576
     110    1689       1       1       0       0       0       001010500D   1577
     110       0   -1001       2       0                    LINE     362D   1578
     110    1691       1       1       0       0       0       001010500D   1579
     110       0   -1001       2       0                    LINE     363D   1580
     102    1693       1       1       0       0       0       001010500D   1581
     102       0       0       1       0                  CCURVE      98D   1582
     142    1694       1       1       0       0       0       001010500D   1583
     142       0       0       1       0                  UV_BND      49D   1584
     144    1695       1       1       0       0       0       000000000D   1585
     144       0   -1001       1       0                 TRM_SRF      44D   1586
     110    1696       1       1       0       0       0       001010000D   1587
     110       0   -1001       1       0                    LINE     364D   1588
     110    1697       1       1       0       0       0       001010000D   1589
     110       0   -1001       2       0                    LINE     365D   1590
     120    1699       1       1       0       0       0       001010000D   1591
     120       0   -1001       1       0                    SREV      19D   1592
     124    1700       1       1       0       0       0       001000000D   1593
     124       0       0       2       0                   XFORM      77D   1594
     100    1702       1       1       0       0    1593       001010000D   1595
     100       0       0       1       0                     ARC      77D   1596
     110    1703       1       1       0       0       0       001010000D   1597
     110       0       0       1       0                    LINE     366D   1598
     102    1704       1       1       0       0       0       001010000D   1599
     102       0       0       1       0                  CCURVE      99D   1600
     110    1705       1       1       0       0       0       001010500D   1601
     110       0   -1001       2       0                    LINE     367D   1602
     110    1707       1       1       0       0       0       001010500D   1603
     110       0   -1001       2       0                    LINE     368D   1604
     110    1709       1       1       0       0       0       001010500D   1605
     110       0   -1001       2       0                    LINE     369D   1606
     110    1711       1       1       0       0       0       001010500D   1607
     110       0   -1001       2       0                    LINE     370D   1608
     102    1713       1       1       0       0       0       001010500D   1609
     102       0       0       1       0                  CCURVE     100D   1610
     142    1714       1       1       0       0       0       001010500D   1611
     142       0       0       1       0                  UV_BND      50D   1612
     144    1715       1       1       0       0       0       000000000D   1613
     144       0   -1001       1       0                 TRM_SRF      45D   1614
     128    1716       1       1       0       0       0       001010000D   1615
     128       0   -1001       7       0                  SPLSRF      27D   1616
     110    1723       1       1       0       0       0       001010000D   1617
     110       0       0       1       0                    LINE     371D   1618
     110    1724       1       1       0       0       0       001010000D   1619
     110       0       0       1       0                    LINE     372D   1620
     102    1725       1       1       0       0       0       001010000D   1621
     102       0       0       1       0                  CCURVE     101D   1622
     110    1726       1       1       0       0       0       001010500D   1623
     110       0   -1001       1       0                    LINE     373D   1624
     110    1727       1       1       0       0       0       001010500D   1625
     110       0   -1001       1       0                    LINE     374D   1626
     110    1728       1       1       0       0       0       001010500D   1627
     110       0   -1001       1       0                    LINE     375D   1628
     110    1729       1       1       0       0       0       001010500D   1629
     110       0   -1001       1       0                    LINE     376D   1630
     102    1730       1       1       0       0       0       001010500D   1631
     102       0       0       1       0                  CCURVE     102D   1632
     142    1731       1       1       0       0       0       001010500D   1633
     142       0       0       1       0                  UV_BND      51D   1634
     144    1732       1       1       0       0       0       000000000D   1635
     144       0   -1001       1       0                 TRM_SRF      46D   1636
     110    1733       1       1       0       0       0       001010000D   1637
     110       0   -1001       1       0                    LINE     377D   1638
     110    1734       1       1       0       0       0       001010000D   1639
     110       0   -1001       2       0                    LINE     378D   1640
     120    1736       1       1       0       0       0       001010000D   1641
     120       0   -1001       1       0                    SREV      20D   1642
     124    1737       1       1       0       0       0       001000000D   1643
     124       0       0       2       0                   XFORM      78D   1644
     100    1739       1       1       0       0    1643       001010000D   1645
     100       0       0       1       0                     ARC      78D   1646
     110    1740       1       1       0       0       0       001010000D   1647
     110       0       0       1       0                    LINE     379D   1648
     102    1741       1       1       0       0       0       001010000D   1649
     102       0       0       1       0                  CCURVE     103D   1650
     110    1742       1       1       0       0       0       001010500D   1651
     110       0   -1001       2       0                    LINE     380D   1652
     110    1744       1       1       0       0       0       001010500D   1653
     110       0   -1001       2       0                    LINE     381D   1654
     110    1746       1       1       0       0       0       001010500D   1655
     110       0   -1001       1       0                    LINE     382D   1656
     110    1747       1       1       0       0       0       001010500D   1657
     110       0   -1001       2       0                    LINE     383D   1658
     102    1749       1       1       0       0       0       001010500D   1659
     102       0       0       1       0                  CCURVE     104D   1660
     142    1750       1       1       0       0       0       001010500D   1661
     142       0       0       1       0                  UV_BND      52D   1662
     144    1751       1       1       0       0       0       000000000D   1663
     144       0   -1001       1       0                 TRM_SRF      47D   1664
     128    1752       1       1       0       0       0       001010000D   1665
     128       0   -1001       7       0                  SPLSRF      28D   1666
     110    1759       1       1       0       0       0       001010000D   1667
     110       0       0       1       0                    LINE     384D   1668
     110    1760       1       1       0       0       0       001010000D   1669
     110       0       0       1       0                    LINE     385D   1670
     110    1761       1       1       0       0       0       001010000D   1671
     110       0       0       1       0                    LINE     386D   1672
     102    1762       1       1       0       0       0       001010000D   1673
     102       0       0       1       0                  CCURVE     105D   1674
     110    1763       1       1       0       0       0       001010500D   1675
     110       0   -1001       1       0                    LINE     387D   1676
     110    1764       1       1       0       0       0       001010500D   1677
     110       0   -1001       1       0                    LINE     388D   1678
     110    1765       1       1       0       0       0       001010500D   1679
     110       0   -1001       1       0                    LINE     389D   1680
     110    1766       1       1       0       0       0       001010500D   1681
     110       0   -1001       1       0                    LINE     390D   1682
     102    1767       1       1       0       0       0       001010500D   1683
     102       0       0       1       0                  CCURVE     106D   1684
     142    1768       1       1       0       0       0       001010500D   1685
     142       0       0       1       0                  UV_BND      53D   1686
     144    1769       1       1       0       0       0       000000000D   1687
     144       0   -1001       1       0                 TRM_SRF      48D   1688
     128    1770       1       1       0       0       0       001010000D   1689
     128       0   -1001       4       0                  SPLSRF      29D   1690
     110    1774       1       1       0       0       0       001010000D   1691
     110       0       0       1       0                    LINE     391D   1692
     110    1775       1       1       0       0       0       001010000D   1693
     110       0       0       1       0                    LINE     392D   1694
     110    1776       1       1       0       0       0       001010000D   1695
     110       0       0       1       0                    LINE     393D   1696
     110    1777       1       1       0       0       0       001010000D   1697
     110       0       0       1       0                    LINE     394D   1698
     102    1778       1       1       0       0       0       001010000D   1699
     102       0       0       1       0                  CCURVE     107D   1700
     126    1779       1       1       0       0       0       001010500D   1701
     126       0   -1001      12       0                B_SPLINE      31D   1702
     110    1791       1       1       0       0       0       001010500D   1703
     110       0   -1001       1       0                    LINE     395D   1704
     126    1792       1       1       0       0       0       001010500D   1705
     126       0   -1001      12       0                B_SPLINE      32D   1706
     110    1804       1       1       0       0       0       001010500D   1707
     110       0   -1001       1       0                    LINE     396D   1708
     126    1805       1       1       0       0       0       001010500D   1709
     126       0   -1001      12       0                B_SPLINE      33D   1710
     110    1817       1       1       0       0       0       001010500D   1711
     110       0   -1001       1       0                    LINE     397D   1712
     126    1818       1       1       0       0       0       001010500D   1713
     126       0   -1001      11       0                B_SPLINE      34D   1714
     110    1829       1       1       0       0       0       001010500D   1715
     110       0   -1001       1       0                    LINE     398D   1716
     102    1830       1       1       0       0       0       001010500D   1717
     102       0       0       1       0                  CCURVE     108D   1718
     142    1831       1       1       0       0       0       001010500D   1719
     142       0       0       1       0                  UV_BND      54D   1720
     102    1832       1       1       0       0       0       001010000D   1721
     102       0       0       1       0                  CCURVE     109D   1722
     126    1833       1       1       0       0       0       001010500D   1723
     126       0   -1001      13       0                B_SPLINE      35D   1724
     110    1846       1       1       0       0       0       001010500D   1725
     110       0   -1001       1       0                    LINE     399D   1726
     126    1847       1       1       0       0       0       001010500D   1727
     126       0   -1001      12       0                B_SPLINE      36D   1728
     110    1859       1       1       0       0       0       001010500D   1729
     110       0   -1001       1       0                    LINE     400D   1730
     126    1860       1       1       0       0       0       001010500D   1731
     126       0   -1001      13       0                B_SPLINE      37D   1732
     110    1873       1       1       0       0       0       001010500D   1733
     110       0   -1001       1       0                    LINE     401D   1734
     126    1874       1       1       0       0       0       001010500D   1735
     126       0   -1001      13       0                B_SPLINE      38D   1736
     110    1887       1       1       0       0       0       001010500D   1737
     110       0   -1001       1       0                    LINE     402D   1738
     102    1888       1       1       0       0       0       001010500D   1739
     102       0       0       1       0                  CCURVE     110D   1740
     142    1889       1       1       0       0       0       001010500D   1741
     142       0       0       1       0                  UV_BND      55D   1742
     144    1890       1       1       0       0       0       000000000D   1743
     144       0   -1001       1       0                 TRM_SRF      49D   1744
     110    1891       1       1       0       0       0       001010000D   1745
     110       0   -1001       1       0                    LINE     403D   1746
     110    1892       1       1       0       0       0       001010000D   1747
     110       0   -1001       1       0                    LINE     404D   1748
     120    1893       1       1       0       0       0       001010000D   1749
     120       0   -1001       1       0                    SREV      21D   1750
     102    1894       1       1       0       0       0       001010000D   1751
     102       0       0       1       0                  CCURVE     111D   1752
     110    1895       1       1       0       0       0       001010500D   1753
     110       0   -1001       2       0                    LINE     405D   1754
     110    1897       1       1       0       0       0       001010500D   1755
     110       0   -1001       2       0                    LINE     406D   1756
     110    1899       1       1       0       0       0       001010500D   1757
     110       0   -1001       1       0                    LINE     407D   1758
     110    1900       1       1       0       0       0       001010500D   1759
     110       0   -1001       2       0                    LINE     408D   1760
     102    1902       1       1       0       0       0       001010500D   1761
     102       0       0       1       0                  CCURVE     112D   1762
     142    1903       1       1       0       0       0       001010500D   1763
     142       0       0       1       0                  UV_BND      56D   1764
     144    1904       1       1       0       0       0       000000000D   1765
     144       0   -1001       1       0                 TRM_SRF      50D   1766
     128    1905       1       1       0       0       0       001010000D   1767
     128       0   -1001       5       0                  SPLSRF      30D   1768
     102    1910       1       1       0       0       0       001010000D   1769
     102       0       0       1       0                  CCURVE     113D   1770
     110    1911       1       1       0       0       0       001010500D   1771
     110       0   -1001       1       0                    LINE     409D   1772
     110    1912       1       1       0       0       0       001010500D   1773
     110       0   -1001       1       0                    LINE     410D   1774
     110    1913       1       1       0       0       0       001010500D   1775
     110       0   -1001       1       0                    LINE     411D   1776
     110    1914       1       1       0       0       0       001010500D   1777
     110       0   -1001       1       0                    LINE     412D   1778
     102    1915       1       1       0       0       0       001010500D   1779
     102       0       0       1       0                  CCURVE     114D   1780
     142    1916       1       1       0       0       0       001010500D   1781
     142       0       0       1       0                  UV_BND      57D   1782
     144    1917       1       1       0       0       0       000000000D   1783
     144       0   -1001       1       0                 TRM_SRF      51D   1784
     110    1918       1       1       0       0       0       001010000D   1785
     110       0   -1001       1       0                    LINE     413D   1786
     110    1919       1       1       0       0       0       001010000D   1787
     110       0   -1001       1       0                    LINE     414D   1788
     120    1920       1       1       0       0       0       001010000D   1789
     120       0   -1001       1       0                    SREV      22D   1790
     102    1921       1       1       0       0       0       001010000D   1791
     102       0       0       1       0                  CCURVE     115D   1792
     110    1922       1       1       0       0       0       001010500D   1793
     110       0   -1001       2       0                    LINE     415D   1794
     110    1924       1       1       0       0       0       001010500D   1795
     110       0   -1001       2       0                    LINE     416D   1796
     110    1926       1       1       0       0       0       001010500D   1797
     110       0   -1001       2       0                    LINE     417D   1798
     110    1928       1       1       0       0       0       001010500D   1799
     110       0   -1001       2       0                    LINE     418D   1800
     102    1930       1       1       0       0       0       001010500D   1801
     102       0       0       1       0                  CCURVE     116D   1802
     142    1931       1       1       0       0       0       001010500D   1803
     142       0       0       1       0                  UV_BND      58D   1804
     144    1932       1       1       0       0       0       000000000D   1805
     144       0   -1001       1       0                 TRM_SRF      52D   1806
     128    1933       1       1       0       0       0       001010000D   1807
     128       0   -1001       5       0                  SPLSRF      31D   1808
     102    1938       1       1       0       0       0       001010000D   1809
     102       0       0       1       0                  CCURVE     117D   1810
     110    1939       1       1       0       0       0       001010500D   1811
     110       0   -1001       1       0                    LINE     419D   1812
     110    1940       1       1       0       0       0       001010500D   1813
     110       0   -1001       1       0                    LINE     420D   1814
     110    1941       1       1       0       0       0       001010500D   1815
     110       0   -1001       1       0                    LINE     421D   1816
     110    1942       1       1       0       0       0       001010500D   1817
     110       0   -1001       1       0                    LINE     422D   1818
     102    1943       1       1       0       0       0       001010500D   1819
     102       0       0       1       0                  CCURVE     118D   1820
     142    1944       1       1       0       0       0       001010500D   1821
     142       0       0       1       0                  UV_BND      59D   1822
     144    1945       1       1       0       0       0       000000000D   1823
     144       0   -1001       1       0                 TRM_SRF      53D   1824
     110    1946       1       1       0       0       0       001010000D   1825
     110       0   -1001       1       0                    LINE     423D   1826
     110    1947       1       1       0       0       0       001010000D   1827
     110       0   -1001       2       0                    LINE     424D   1828
     120    1949       1       1       0       0       0       001010000D   1829
     120       0   -1001       1       0                    SREV      23D   1830
     102    1950       1       1       0       0       0       001010000D   1831
     102       0       0       1       0                  CCURVE     119D   1832
     110    1951       1       1       0       0       0       001010500D   1833
     110       0   -1001       2       0                    LINE     425D   1834
     110    1953       1       1       0       0       0       001010500D   1835
     110       0   -1001       2       0                    LINE     426D   1836
     110    1955       1       1       0       0       0       001010500D   1837
     110       0   -1001       2       0                    LINE     427D   1838
     110    1957       1       1       0       0       0       001010500D   1839
     110       0   -1001       2       0                    LINE     428D   1840
     102    1959       1       1       0       0       0       001010500D   1841
     102       0       0       1       0                  CCURVE     120D   1842
     142    1960       1       1       0       0       0       001010500D   1843
     142       0       0       1       0                  UV_BND      60D   1844
     144    1961       1       1       0       0       0       000000000D   1845
     144       0   -1001       1       0                 TRM_SRF      54D   1846
     128    1962       1       1       0       0       0       001010000D   1847
     128       0   -1001       5       0                  SPLSRF      32D   1848
     102    1967       1       1       0       0       0       001010000D   1849
     102       0       0       1       0                  CCURVE     121D   1850
     110    1968       1       1       0       0       0       001010500D   1851
     110       0   -1001       1       0                    LINE     429D   1852
     110    1969       1       1       0       0       0       001010500D   1853
     110       0   -1001       1       0                    LINE     430D   1854
     110    1970       1       1       0       0       0       001010500D   1855
     110       0   -1001       1       0                    LINE     431D   1856
     110    1971       1       1       0       0       0       001010500D   1857
     110       0   -1001       1       0                    LINE     432D   1858
     102    1972       1       1       0       0       0       001010500D   1859
     102       0       0       1       0                  CCURVE     122D   1860
     142    1973       1       1       0       0       0       001010500D   1861
     142       0       0       1       0                  UV_BND      61D   1862
     144    1974       1       1       0       0       0       000000000D   1863
     144       0   -1001       1       0                 TRM_SRF      55D   1864
     110    1975       1       1       0       0       0       001010000D   1865
     110       0   -1001       1       0                    LINE     433D   1866
     110    1976       1       1       0       0       0       001010000D   1867
     110       0   -1001       1       0                    LINE     434D   1868
     120    1977       1       1       0       0       0       001010000D   1869
     120       0   -1001       1       0                    SREV      24D   1870
     102    1978       1       1       0       0       0       001010000D   1871
     102       0       0       1       0                  CCURVE     123D   1872
     110    1979       1       1       0       0       0       001010500D   1873
     110       0   -1001       2       0                    LINE     435D   1874
     110    1981       1       1       0       0       0       001010500D   1875
     110       0   -1001       2       0                    LINE     436D   1876
     110    1983       1       1       0       0       0       001010500D   1877
     110       0   -1001       2       0                    LINE     437D   1878
     110    1985       1       1       0       0       0       001010500D   1879
     110       0   -1001       2       0                    LINE     438D   1880
     102    1987       1       1       0       0       0       001010500D   1881
     102       0       0       1       0                  CCURVE     124D   1882
     142    1988       1       1       0       0       0       001010500D   1883
     142       0       0       1       0                  UV_BND      62D   1884
     144    1989       1       1       0       0       0       000000000D   1885
     144       0   -1001       1       0                 TRM_SRF      56D   1886
     128    1990       1       1       0       0       0       001010000D   1887
     128       0   -1001       5       0                  SPLSRF      33D   1888
     102    1995       1       1       0       0       0       001010000D   1889
     102       0       0       1       0                  CCURVE     125D   1890
     110    1996       1       1       0       0       0       001010500D   1891
     110       0   -1001       1       0                    LINE     439D   1892
     110    1997       1       1       0       0       0       001010500D   1893
     110       0   -1001       1       0                    LINE     440D   1894
     110    1998       1       1       0       0       0       001010500D   1895
     110       0   -1001       1       0                    LINE     441D   1896
     110    1999       1       1       0       0       0       001010500D   1897
     110       0   -1001       1       0                    LINE     442D   1898
     102    2000       1       1       0       0       0       001010500D   1899
     102       0       0       1       0                  CCURVE     126D   1900
     142    2001       1       1       0       0       0       001010500D   1901
     142       0       0       1       0                  UV_BND      63D   1902
     144    2002       1       1       0       0       0       000000000D   1903
     144       0   -1001       1       0                 TRM_SRF      57D   1904
     128    2003       1       1       0       0       0       001010000D   1905
     128       0   -1001       5       0                  SPLSRF      34D   1906
     124    2008       1       1       0       0       0       001000000D   1907
     124       0       0       2       0                   XFORM      79D   1908
     100    2010       1       1       0       0    1907       001010000D   1909
     100       0       0       1       0                     ARC      79D   1910
     124    2011       1       1       0       0       0       001000000D   1911
     124       0       0       2       0                   XFORM      80D   1912
     100    2013       1       1       0       0    1911       001010000D   1913
     100       0       0       1       0                     ARC      80D   1914
     124    2014       1       1       0       0       0       001000000D   1915
     124       0       0       2       0                   XFORM      81D   1916
     100    2016       1       1       0       0    1915       001010000D   1917
     100       0       0       1       0                     ARC      81D   1918
     124    2017       1       1       0       0       0       001000000D   1919
     124       0       0       2       0                   XFORM      82D   1920
     100    2019       1       1       0       0    1919       001010000D   1921
     100       0       0       1       0                     ARC      82D   1922
     102    2020       1       1       0       0       0       001010000D   1923
     102       0       0       1       0                  CCURVE     127D   1924
     126    2021       1       1       0       0       0       001010500D   1925
     126       0   -1001      14       0                B_SPLINE      39D   1926
     110    2035       1       1       0       0       0       001010500D   1927
     110       0   -1001       1       0                    LINE     443D   1928
     126    2036       1       1       0       0       0       001010500D   1929
     126       0   -1001      13       0                B_SPLINE      40D   1930
     110    2049       1       1       0       0       0       001010500D   1931
     110       0   -1001       1       0                    LINE     444D   1932
     126    2050       1       1       0       0       0       001010500D   1933
     126       0   -1001      13       0                B_SPLINE      41D   1934
     110    2063       1       1       0       0       0       001010500D   1935
     110       0   -1001       1       0                    LINE     445D   1936
     126    2064       1       1       0       0       0       001010500D   1937
     126       0   -1001      13       0                B_SPLINE      42D   1938
     110    2077       1       1       0       0       0       001010500D   1939
     110       0   -1001       1       0                    LINE     446D   1940
     102    2078       1       1       0       0       0       001010500D   1941
     102       0       0       1       0                  CCURVE     128D   1942
     142    2079       1       1       0       0       0       001010500D   1943
     142       0       0       1       0                  UV_BND      64D   1944
     102    2080       1       1       0       0       0       001010000D   1945
     102       0       0       1       0                  CCURVE     129D   1946
     110    2081       1       1       0       0       0       001010500D   1947
     110       0   -1001       1       0                    LINE     447D   1948
     126    2082       1       1       0       0       0       001010500D   1949
     126       0   -1001      13       0                B_SPLINE      43D   1950
     110    2095       1       1       0       0       0       001010500D   1951
     110       0   -1001       1       0                    LINE     448D   1952
     126    2096       1       1       0       0       0       001010500D   1953
     126       0   -1001      13       0                B_SPLINE      44D   1954
     110    2109       1       1       0       0       0       001010500D   1955
     110       0   -1001       1       0                    LINE     449D   1956
     126    2110       1       1       0       0       0       001010500D   1957
     126       0   -1001      12       0                B_SPLINE      45D   1958
     110    2122       1       1       0       0       0       001010500D   1959
     110       0   -1001       1       0                    LINE     450D   1960
     126    2123       1       1       0       0       0       001010500D   1961
     126       0   -1001      13       0                B_SPLINE      46D   1962
     102    2136       1       1       0       0       0       001010500D   1963
     102       0       0       1       0                  CCURVE     130D   1964
     142    2137       1       1       0       0       0       001010500D   1965
     142       0       0       1       0                  UV_BND      65D   1966
     144    2138       1       1       0       0       0       000000000D   1967
     144       0   -1001       1       0                 TRM_SRF      58D   1968
     128    2139       1       1       0       0       0       001010000D   1969
     128       0   -1001       8       0                  SPLSRF      35D   1970
     110    2147       1       1       0       0       0       001010000D   1971
     110       0       0       1       0                    LINE     451D   1972
     110    2148       1       1       0       0       0       001010000D   1973
     110       0       0       1       0                    LINE     452D   1974
     102    2149       1       1       0       0       0       001010000D   1975
     102       0       0       1       0                  CCURVE     131D   1976
     110    2150       1       1       0       0       0       001010500D   1977
     110       0   -1001       2       0                    LINE     453D   1978
     110    2152       1       1       0       0       0       001010500D   1979
     110       0   -1001       1       0                    LINE     454D   1980
     110    2153       1       1       0       0       0       001010500D   1981
     110       0   -1001       2       0                    LINE     455D   1982
     110    2155       1       1       0       0       0       001010500D   1983
     110       0   -1001       2       0                    LINE     456D   1984
     102    2157       1       1       0       0       0       001010500D   1985
     102       0       0       1       0                  CCURVE     132D   1986
     142    2158       1       1       0       0       0       001010500D   1987
     142       0       0       1       0                  UV_BND      66D   1988
     144    2159       1       1       0       0       0       000000000D   1989
     144       0   -1001       1       0                 TRM_SRF      59D   1990
     110    2160       1       1       0       0       0       001010000D   1991
     110       0   -1001       1       0                    LINE     457D   1992
     110    2161       1       1       0       0       0       001010000D   1993
     110       0   -1001       2       0                    LINE     458D   1994
     120    2163       1       1       0       0       0       001010000D   1995
     120       0   -1001       1       0                    SREV      25D   1996
     124    2164       1       1       0       0       0       001000000D   1997
     124       0       0       2       0                   XFORM      83D   1998
     100    2166       1       1       0       0    1997       001010000D   1999
     100       0       0       1       0                     ARC      83D   2000
     110    2167       1       1       0       0       0       001010000D   2001
     110       0       0       1       0                    LINE     459D   2002
     102    2168       1       1       0       0       0       001010000D   2003
     102       0       0       1       0                  CCURVE     133D   2004
     110    2169       1       1       0       0       0       001010500D   2005
     110       0   -1001       2       0                    LINE     460D   2006
     110    2171       1       1       0       0       0       001010500D   2007
     110       0   -1001       2       0                    LINE     461D   2008
     110    2173       1       1       0       0       0       001010500D   2009
     110       0   -1001       2       0                    LINE     462D   2010
     110    2175       1       1       0       0       0       001010500D   2011
     110       0   -1001       2       0                    LINE     463D   2012
     102    2177       1       1       0       0       0       001010500D   2013
     102       0       0       1       0                  CCURVE     134D   2014
     142    2178       1       1       0       0       0       001010500D   2015
     142       0       0       1       0                  UV_BND      67D   2016
     144    2179       1       1       0       0       0       000000000D   2017
     144       0   -1001       1       0                 TRM_SRF      60D   2018
     128    2180       1       1       0       0       0       001010000D   2019
     128       0   -1001       8       0                  SPLSRF      36D   2020
     110    2188       1       1       0       0       0       001010000D   2021
     110       0       0       1       0                    LINE     464D   2022
     110    2189       1       1       0       0       0       001010000D   2023
     110       0       0       1       0                    LINE     465D   2024
     110    2190       1       1       0       0       0       001010000D   2025
     110       0       0       1       0                    LINE     466D   2026
     102    2191       1       1       0       0       0       001010000D   2027
     102       0       0       1       0                  CCURVE     135D   2028
     110    2192       1       1       0       0       0       001010500D   2029
     110       0   -1001       1       0                    LINE     467D   2030
     110    2193       1       1       0       0       0       001010500D   2031
     110       0   -1001       1       0                    LINE     468D   2032
     110    2194       1       1       0       0       0       001010500D   2033
     110       0   -1001       1       0                    LINE     469D   2034
     110    2195       1       1       0       0       0       001010500D   2035
     110       0   -1001       1       0                    LINE     470D   2036
     102    2196       1       1       0       0       0       001010500D   2037
     102       0       0       1       0                  CCURVE     136D   2038
     142    2197       1       1       0       0       0       001010500D   2039
     142       0       0       1       0                  UV_BND      68D   2040
     144    2198       1       1       0       0       0       000000000D   2041
     144       0   -1001       1       0                 TRM_SRF      61D   2042
     110    2199       1       1       0       0       0       001010000D   2043
     110       0   -1001       1       0                    LINE     471D   2044
     110    2200       1       1       0       0       0       001010000D   2045
     110       0   -1001       2       0                    LINE     472D   2046
     120    2202       1       1       0       0       0       001010000D   2047
     120       0   -1001       1       0                    SREV      26D   2048
     110    2203       1       1       0       0       0       001010000D   2049
     110       0       0       1       0                    LINE     473D   2050
     124    2204       1       1       0       0       0       001000000D   2051
     124       0       0       2       0                   XFORM      84D   2052
     100    2206       1       1       0       0    2051       001010000D   2053
     100       0       0       1       0                     ARC      84D   2054
     102    2207       1       1       0       0       0       001010000D   2055
     102       0       0       1       0                  CCURVE     137D   2056
     110    2208       1       1       0       0       0       001010500D   2057
     110       0   -1001       2       0                    LINE     474D   2058
     110    2210       1       1       0       0       0       001010500D   2059
     110       0   -1001       2       0                    LINE     475D   2060
     110    2212       1       1       0       0       0       001010500D   2061
     110       0   -1001       1       0                    LINE     476D   2062
     110    2213       1       1       0       0       0       001010500D   2063
     110       0   -1001       2       0                    LINE     477D   2064
     102    2215       1       1       0       0       0       001010500D   2065
     102       0       0       1       0                  CCURVE     138D   2066
     142    2216       1       1       0       0       0       001010500D   2067
     142       0       0       1       0                  UV_BND      69D   2068
     144    2217       1       1       0       0       0       000000000D   2069
     144       0   -1001       1       0                 TRM_SRF      62D   2070
     128    2218       1       1       0       0       0       001010000D   2071
     128       0   -1001       5       0                  SPLSRF      37D   2072
     102    2223       1       1       0       0       0       001010000D   2073
     102       0       0       1       0                  CCURVE     139D   2074
     126    2224       1       1       0       0       0       001010500D   2075
     126       0   -1001      11       0                B_SPLINE      47D   2076
     110    2235       1       1       0       0       0       001010500D   2077
     110       0   -1001       1       0                    LINE     478D   2078
     126    2236       1       1       0       0       0       001010500D   2079
     126       0   -1001      12       0                B_SPLINE      48D   2080
     110    2248       1       1       0       0       0       001010500D   2081
     110       0   -1001       1       0                    LINE     479D   2082
     126    2249       1       1       0       0       0       001010500D   2083
     126       0   -1001      13       0                B_SPLINE      49D   2084
     110    2262       1       1       0       0       0       001010500D   2085
     110       0   -1001       1       0                    LINE     480D   2086
     126    2263       1       1       0       0       0       001010500D   2087
     126       0   -1001      12       0                B_SPLINE      50D   2088
     110    2275       1       1       0       0       0       001010500D   2089
     110       0   -1001       1       0                    LINE     481D   2090
     102    2276       1       1       0       0       0       001010500D   2091
     102       0       0       1       0                  CCURVE     140D   2092
     142    2277       1       1       0       0       0       001010500D   2093
     142       0       0       1       0                  UV_BND      70D   2094
     124    2278       1       1       0       0       0       001000000D   2095
     124       0       0       2       0                   XFORM      85D   2096
     100    2280       1       1       0       0    2095       001010000D   2097
     100       0       0       1       0                     ARC      85D   2098
     124    2281       1       1       0       0       0       001000000D   2099
     124       0       0       2       0                   XFORM      86D   2100
     100    2283       1       1       0       0    2099       001010000D   2101
     100       0       0       1       0                     ARC      86D   2102
     102    2284       1       1       0       0       0       001010000D   2103
     102       0       0       1       0                  CCURVE     141D   2104
     126    2285       1       1       0       0       0       001010500D   2105
     126       0   -1001      17       0                B_SPLINE      51D   2106
     126    2302       1       1       0       0       0       001010500D   2107
     126       0   -1001      17       0                B_SPLINE      52D   2108
     102    2319       1       1       0       0       0       001010500D   2109
     102       0       0       1       0                  CCURVE     142D   2110
     142    2320       1       1       0       0       0       001010500D   2111
     142       0       0       1       0                  UV_BND      71D   2112
     144    2321       1       1       0       0       0       000000000D   2113
     144       0   -1001       1       0                 TRM_SRF      63D   2114
     110    2322       1       1       0       0       0       001010000D   2115
     110       0   -1001       2       0                    LINE     482D   2116
     110    2324       1       1       0       0       0       001010000D   2117
     110       0   -1001       2       0                    LINE     483D   2118
     120    2326       1       1       0       0       0       001010000D   2119
     120       0   -1001       1       0                    SREV      27D   2120
     110    2327       1       1       0       0       0       001010000D   2121
     110       0       0       1       0                    LINE     484D   2122
     124    2328       1       1       0       0       0       001000000D   2123
     124       0       0       2       0                   XFORM      87D   2124
     100    2330       1       1       0       0    2123       001010000D   2125
     100       0       0       1       0                     ARC      87D   2126
     102    2331       1       1       0       0       0       001010000D   2127
     102       0       0       1       0                  CCURVE     143D   2128
     110    2332       1       1       0       0       0       001010500D   2129
     110       0   -1001       2       0                    LINE     485D   2130
     110    2334       1       1       0       0       0       001010500D   2131
     110       0   -1001       2       0                    LINE     486D   2132
     110    2336       1       1       0       0       0       001010500D   2133
     110       0   -1001       2       0                    LINE     487D   2134
     110    2338       1       1       0       0       0       001010500D   2135
     110       0   -1001       2       0                    LINE     488D   2136
     102    2340       1       1       0       0       0       001010500D   2137
     102       0       0       1       0                  CCURVE     144D   2138
     142    2341       1       1       0       0       0       001010500D   2139
     142       0       0       1       0                  UV_BND      72D   2140
     144    2342       1       1       0       0       0       000000000D   2141
     144       0   -1001       1       0                 TRM_SRF      64D   2142
     128    2343       1       1       0       0       0       001010000D   2143
     128       0   -1001       8       0                  SPLSRF      38D   2144
     110    2351       1       1       0       0       0       001010000D   2145
     110       0       0       1       0                    LINE     489D   2146
     110    2352       1       1       0       0       0       001010000D   2147
     110       0       0       1       0                    LINE     490D   2148
     102    2353       1       1       0       0       0       001010000D   2149
     102       0       0       1       0                  CCURVE     145D   2150
     110    2354       1       1       0       0       0       001010500D   2151
     110       0   -1001       2       0                    LINE     491D   2152
     110    2356       1       1       0       0       0       001010500D   2153
     110       0   -1001       2       0                    LINE     492D   2154
     110    2358       1       1       0       0       0       001010500D   2155
     110       0   -1001       2       0                    LINE     493D   2156
     110    2360       1       1       0       0       0       001010500D   2157
     110       0   -1001       1       0                    LINE     494D   2158
     102    2361       1       1       0       0       0       001010500D   2159
     102       0       0       1       0                  CCURVE     146D   2160
     142    2362       1       1       0       0       0       001010500D   2161
     142       0       0       1       0                  UV_BND      73D   2162
     144    2363       1       1       0       0       0       000000000D   2163
     144       0   -1001       1       0                 TRM_SRF      65D   2164
     128    2364       1       1       0       0       0       001010000D   2165
     128       0   -1001       8       0                  SPLSRF      39D   2166
     110    2372       1       1       0       0       0       001010000D   2167
     110       0       0       1       0                    LINE     495D   2168
     102    2373       1       1       0       0       0       001010000D   2169
     102       0       0       1       0                  CCURVE     147D   2170
     110    2374       1       1       0       0       0       001010500D   2171
     110       0   -1001       1       0                    LINE     496D   2172
     110    2375       1       1       0       0       0       001010500D   2173
     110       0   -1001       1       0                    LINE     497D   2174
     110    2376       1       1       0       0       0       001010500D   2175
     110       0   -1001       1       0                    LINE     498D   2176
     110    2377       1       1       0       0       0       001010500D   2177
     110       0   -1001       1       0                    LINE     499D   2178
     102    2378       1       1       0       0       0       001010500D   2179
     102       0       0       1       0                  CCURVE     148D   2180
     142    2379       1       1       0       0       0       001010500D   2181
     142       0       0       1       0                  UV_BND      74D   2182
     144    2380       1       1       0       0       0       000000000D   2183
     144       0   -1001       1       0                 TRM_SRF      66D   2184
     110    2381       1       1       0       0       0       001010000D   2185
     110       0   -1001       2       0                    LINE     500D   2186
     110    2383       1       1       0       0       0       001010000D   2187
     110       0   -1001       2       0                    LINE     501D   2188
     120    2385       1       1       0       0       0       001010000D   2189
     120       0   -1001       1       0                    SREV      28D   2190
     124    2386       1       1       0       0       0       001000000D   2191
     124       0       0       2       0                   XFORM      88D   2192
     100    2388       1       1       0       0    2191       001010000D   2193
     100       0       0       1       0                     ARC      88D   2194
     110    2389       1       1       0       0       0       001010000D   2195
     110       0       0       1       0                    LINE     502D   2196
     102    2390       1       1       0       0       0       001010000D   2197
     102       0       0       1       0                  CCURVE     149D   2198
     110    2391       1       1       0       0       0       001010500D   2199
     110       0   -1001       2       0                    LINE     503D   2200
     110    2393       1       1       0       0       0       001010500D   2201
     110       0   -1001       2       0                    LINE     504D   2202
     110    2395       1       1       0       0       0       001010500D   2203
     110       0   -1001       2       0                    LINE     505D   2204
     110    2397       1       1       0       0       0       001010500D   2205
     110       0   -1001       2       0                    LINE     506D   2206
     102    2399       1       1       0       0       0       001010500D   2207
     102       0       0       1       0                  CCURVE     150D   2208
     142    2400       1       1       0       0       0       001010500D   2209
     142       0       0       1       0                  UV_BND      75D   2210
     144    2401       1       1       0       0       0       000000000D   2211
     144       0   -1001       1       0                 TRM_SRF      67D   2212
     110    2402       1       1       0       0       0       001010000D   2213
     110       0   -1001       1       0                    LINE     507D   2214
     110    2403       1       1       0       0       0       001010000D   2215
     110       0   -1001       2       0                    LINE     508D   2216
     120    2405       1       1       0       0       0       001010000D   2217
     120       0   -1001       1       0                    SREV      29D   2218
     110    2406       1       1       0       0       0       001010000D   2219
     110       0       0       1       0                    LINE     509D   2220
     102    2407       1       1       0       0       0       001010000D   2221
     102       0       0       1       0                  CCURVE     151D   2222
     110    2408       1       1       0       0       0       001010500D   2223
     110       0   -1001       2       0                    LINE     510D   2224
     110    2410       1       1       0       0       0       001010500D   2225
     110       0   -1001       2       0                    LINE     511D   2226
     110    2412       1       1       0       0       0       001010500D   2227
     110       0   -1001       1       0                    LINE     512D   2228
     110    2413       1       1       0       0       0       001010500D   2229
     110       0   -1001       2       0                    LINE     513D   2230
     102    2415       1       1       0       0       0       001010500D   2231
     102       0       0       1       0                  CCURVE     152D   2232
     142    2416       1       1       0       0       0       001010500D   2233
     142       0       0       1       0                  UV_BND      76D   2234
     144    2417       1       1       0       0       0       000000000D   2235
     144       0   -1001       1       0                 TRM_SRF      68D   2236
     110    2418       1       1       0       0       0       001010000D   2237
     110       0   -1001       1       0                    LINE     514D   2238
     110    2419       1       1       0       0       0       001010000D   2239
     110       0   -1001       2       0                    LINE     515D   2240
     120    2421       1       1       0       0       0       001010000D   2241
     120       0   -1001       1       0                    SREV      30D   2242
     110    2422       1       1       0       0       0       001010000D   2243
     110       0       0       1       0                    LINE     516D   2244
     102    2423       1       1       0       0       0       001010000D   2245
     102       0       0       1       0                  CCURVE     153D   2246
     110    2424       1       1       0       0       0       001010500D   2247
     110       0   -1001       2       0                    LINE     517D   2248
     110    2426       1       1       0       0       0       001010500D   2249
     110       0   -1001       2       0                    LINE     518D   2250
     110    2428       1       1       0       0       0       001010500D   2251
     110       0   -1001       2       0                    LINE     519D   2252
     110    2430       1       1       0       0       0       001010500D   2253
     110       0   -1001       2       0                    LINE     520D   2254
     102    2432       1       1       0       0       0       001010500D   2255
     102       0       0       1       0                  CCURVE     154D   2256
     142    2433       1       1       0       0       0       001010500D   2257
     142       0       0       1       0                  UV_BND      77D   2258
     144    2434       1       1       0       0       0       000000000D   2259
     144       0   -1001       1       0                 TRM_SRF      69D   2260
     128    2435       1       1       0       0       0       001010000D   2261
     128       0   -1001       6       0                  SPLSRF      40D   2262
     102    2441       1       1       0       0       0       001010000D   2263
     102       0       0       1       0                  CCURVE     155D   2264
     126    2442       1       1       0       0       0       001010500D   2265
     126       0   -1001      17       0                B_SPLINE      53D   2266
     126    2459       1       1       0       0       0       001010500D   2267
     126       0   -1001      16       0                B_SPLINE      54D   2268
     102    2475       1       1       0       0       0       001010500D   2269
     102       0       0       1       0                  CCURVE     156D   2270
     142    2476       1       1       0       0       0       001010500D   2271
     142       0       0       1       0                  UV_BND      78D   2272
     144    2477       1       1       0       0       0       000000000D   2273
     144       0   -1001       1       0                 TRM_SRF      70D   2274
     110    2478       1       1       0       0       0       001010000D   2275
     110       0   -1001       1       0                    LINE     521D   2276
     110    2479       1       1       0       0       0       001010000D   2277
     110       0   -1001       2       0                    LINE     522D   2278
     120    2481       1       1       0       0       0       001010000D   2279
     120       0   -1001       1       0                    SREV      31D   2280
     110    2482       1       1       0       0       0       001010000D   2281
     110       0       0       1       0                    LINE     523D   2282
     124    2483       1       1       0       0       0       001000000D   2283
     124       0       0       2       0                   XFORM      89D   2284
     100    2485       1       1       0       0    2283       001010000D   2285
     100       0       0       1       0                     ARC      89D   2286
     102    2486       1       1       0       0       0       001010000D   2287
     102       0       0       1       0                  CCURVE     157D   2288
     110    2487       1       1       0       0       0       001010500D   2289
     110       0   -1001       2       0                    LINE     524D   2290
     110    2489       1       1       0       0       0       001010500D   2291
     110       0   -1001       2       0                    LINE     525D   2292
     110    2491       1       1       0       0       0       001010500D   2293
     110       0   -1001       2       0                    LINE     526D   2294
     110    2493       1       1       0       0       0       001010500D   2295
     110       0   -1001       2       0                    LINE     527D   2296
     102    2495       1       1       0       0       0       001010500D   2297
     102       0       0       1       0                  CCURVE     158D   2298
     142    2496       1       1       0       0       0       001010500D   2299
     142       0       0       1       0                  UV_BND      79D   2300
     144    2497       1       1       0       0       0       000000000D   2301
     144       0   -1001       1       0                 TRM_SRF      71D   2302
     128    2498       1       1       0       0       0       001010000D   2303
     128       0   -1001       7       0                  SPLSRF      41D   2304
     110    2505       1       1       0       0       0       001010000D   2305
     110       0       0       1       0                    LINE     528D   2306
     110    2506       1       1       0       0       0       001010000D   2307
     110       0       0       1       0                    LINE     529D   2308
     102    2507       1       1       0       0       0       001010000D   2309
     102       0       0       1       0                  CCURVE     159D   2310
     110    2508       1       1       0       0       0       001010500D   2311
     110       0   -1001       1       0                    LINE     530D   2312
     110    2509       1       1       0       0       0       001010500D   2313
     110       0   -1001       1       0                    LINE     531D   2314
     110    2510       1       1       0       0       0       001010500D   2315
     110       0   -1001       1       0                    LINE     532D   2316
     110    2511       1       1       0       0       0       001010500D   2317
     110       0   -1001       1       0                    LINE     533D   2318
     102    2512       1       1       0       0       0       001010500D   2319
     102       0       0       1       0                  CCURVE     160D   2320
     142    2513       1       1       0       0       0       001010500D   2321
     142       0       0       1       0                  UV_BND      80D   2322
     144    2514       1       1       0       0       0       000000000D   2323
     144       0   -1001       1       0                 TRM_SRF      72D   2324
     110    2515       1       1       0       0       0       001010000D   2325
     110       0   -1001       1       0                    LINE     534D   2326
     110    2516       1       1       0       0       0       001010000D   2327
     110       0   -1001       2       0                    LINE     535D   2328
     120    2518       1       1       0       0       0       001010000D   2329
     120       0   -1001       1       0                    SREV      32D   2330
     110    2519       1       1       0       0       0       001010000D   2331
     110       0       0       1       0                    LINE     536D   2332
     124    2520       1       1       0       0       0       001000000D   2333
     124       0       0       2       0                   XFORM      90D   2334
     100    2522       1       1       0       0    2333       001010000D   2335
     100       0       0       1       0                     ARC      90D   2336
     102    2523       1       1       0       0       0       001010000D   2337
     102       0       0       1       0                  CCURVE     161D   2338
     110    2524       1       1       0       0       0       001010500D   2339
     110       0   -1001       2       0                    LINE     537D   2340
     110    2526       1       1       0       0       0       001010500D   2341
     110       0   -1001       2       0                    LINE     538D   2342
     110    2528       1       1       0       0       0       001010500D   2343
     110       0   -1001       2       0                    LINE     539D   2344
     110    2530       1       1       0       0       0       001010500D   2345
     110       0   -1001       2       0                    LINE     540D   2346
     102    2532       1       1       0       0       0       001010500D   2347
     102       0       0       1       0                  CCURVE     162D   2348
     142    2533       1       1       0       0       0       001010500D   2349
     142       0       0       1       0                  UV_BND      81D   2350
     144    2534       1       1       0       0       0       000000000D   2351
     144       0   -1001       1       0                 TRM_SRF      73D   2352
     128    2535       1       1       0       0       0       001010000D   2353
     128       0   -1001       7       0                  SPLSRF      42D   2354
     110    2542       1       1       0       0       0       001010000D   2355
     110       0       0       1       0                    LINE     541D   2356
     102    2543       1       1       0       0       0       001010000D   2357
     102       0       0       1       0                  CCURVE     163D   2358
     110    2544       1       1       0       0       0       001010500D   2359
     110       0   -1001       1       0                    LINE     542D   2360
     110    2545       1       1       0       0       0       001010500D   2361
     110       0   -1001       1       0                    LINE     543D   2362
     110    2546       1       1       0       0       0       001010500D   2363
     110       0   -1001       1       0                    LINE     544D   2364
     110    2547       1       1       0       0       0       001010500D   2365
     110       0   -1001       1       0                    LINE     545D   2366
     102    2548       1       1       0       0       0       001010500D   2367
     102       0       0       1       0                  CCURVE     164D   2368
     142    2549       1       1       0       0       0       001010500D   2369
     142       0       0       1       0                  UV_BND      82D   2370
     144    2550       1       1       0       0       0       000000000D   2371
     144       0   -1001       1       0                 TRM_SRF      74D   2372
     406    2551       1       1       0       0       0       001000000D   2373
     406       0       0       1      15                    PROP       1D   2374
     402    2552       1       1       0       0       0       000000300D   2375
     402       0       0      16       7                   LAYER       1D   2376
     406    2568       1       1       0       0       0       001000000D   2377
     406       0       0       1      15                    PROP       2D   2378
     402    2569       1       1       0       0       0       000000300D   2379
     402       0       0      43       7                   LAYER       2D   2380
     406    2612       1       1       0       0       0       001000000D   2381
     406       0       0       1      15                    PROP       3D   2382
     402    2613       1       1       0       0       0       000000300D   2383
     402       0       0       9       7                   LAYER       3D   2384
     314    2622       1       1       0       0       0       001000200D   2385
     314       0       8       1       0                   COLOR      14D   2386
     406    2623       1       1       0       0       0       001000000D   2387
     406       0       0       1      15                    PROP       4D   2388
     402    2624       1       1       0       0       0       000000300D   2389
     402       0       0       1       7                   LAYER       4D   2390
     314    2625       1       1       0       0       0       001000200D   2391
     314       0       8       1       0                   COLOR      15D   2392
     110    2626       1       1       0       0       0       001010000D   2393
     110       0   -2391       2       0                    LINE     546D   2394
     110    2628       1       1       0       0       0       001010000D   2395
     110       0   -2391       2       0                    LINE     547D   2396
     124    2630       1       1       0       0       0       001000000D   2397
     124       0       0       3       0                   XFORM      91D   2398
     100    2633       1       1       0       0    2397       001010000D   2399
     100       0   -2391       1       0                     ARC      91D   2400
     124    2634       1       1       0       0       0       001000000D   2401
     124       0       0       2       0                   XFORM      92D   2402
     100    2636       1       1       0       0    2401       001010000D   2403
     100       0   -2391       1       0                     ARC      92D   2404
     110    2637       1       1       0       0       0       001010000D   2405
     110       0   -2391       2       0                    LINE     548D   2406
     110    2639       1       1       0       0       0       001010000D   2407
     110       0   -2391       2       0                    LINE     549D   2408
     110    2641       1       1       0       0       0       001010000D   2409
     110       0   -2391       2       0                    LINE     550D   2410
     110    2643       1       1       0       0       0       001010000D   2411
     110       0   -2391       2       0                    LINE     551D   2412
     110    2645       1       1       0       0       0       001010000D   2413
     110       0   -2391       2       0                    LINE     552D   2414
     110    2647       1       1       0       0       0       001010000D   2415
     110       0   -2391       2       0                    LINE     553D   2416
     110    2649       1       1       0       0       0       001010000D   2417
     110       0   -2391       2       0                    LINE     554D   2418
     124    2651       1       1       0       0       0       001000000D   2419
     124       0       0       3       0                   XFORM      93D   2420
     100    2654       1       1       0       0    2419       001010000D   2421
     100       0   -2391       1       0                     ARC      93D   2422
     124    2655       1       1       0       0       0       001000000D   2423
     124       0       0       2       0                   XFORM      94D   2424
     100    2657       1       1       0       0    2423       001010000D   2425
     100       0   -2391       1       0                     ARC      94D   2426
     110    2658       1       1       0       0       0       001010000D   2427
     110       0   -2391       2       0                    LINE     555D   2428
     110    2660       1       1       0       0       0       001010000D   2429
     110       0   -2391       2       0                    LINE     556D   2430
     110    2662       1       1       0       0       0       001010000D   2431
     110       0   -2391       2       0                    LINE     557D   2432
     110    2664       1       1       0       0       0       001010000D   2433
     110       0   -2391       2       0                    LINE     558D   2434
     110    2666       1       1       0       0       0       001010000D   2435
     110       0   -2391       2       0                    LINE     559D   2436
     110    2668       1       1       0       0       0       001010000D   2437
     110       0   -2391       2       0                    LINE     560D   2438
     110    2670       1       1       0       0       0       001010000D   2439
     110       0   -2391       2       0                    LINE     561D   2440
     110    2672       1       1       0       0       0       001010000D   2441
     110       0   -2391       2       0                    LINE     562D   2442
     110    2674       1       1       0       0       0       001010000D   2443
     110       0   -2391       2       0                    LINE     563D   2444
     110    2676       1       1       0       0       0       001010000D   2445
     110       0   -2391       2       0                    LINE     564D   2446
     110    2678       1       1       0       0       0       001010000D   2447
     110       0   -2391       2       0                    LINE     565D   2448
     110    2680       1       1       0       0       0       001010000D   2449
     110       0   -2391       2       0                    LINE     566D   2450
     110    2682       1       1       0       0       0       001010000D   2451
     110       0   -2391       2       0                    LINE     567D   2452
     110    2684       1       1       0       0       0       001010000D   2453
     110       0   -2391       2       0                    LINE     568D   2454
     110    2686       1       1       0       0       0       001010000D   2455
     110       0   -2391       2       0                    LINE     569D   2456
     110    2688       1       1       0       0       0       001010000D   2457
     110       0   -2391       2       0                    LINE     570D   2458
     110    2690       1       1       0       0       0       001010000D   2459
     110       0   -2391       2       0                    LINE     571D   2460
     110    2692       1       1       0       0       0       001010000D   2461
     110       0   -2391       2       0                    LINE     572D   2462
     110    2694       1       1       0       0       0       001010000D   2463
     110       0   -2391       2       0                    LINE     573D   2464
     110    2696       1       1       0       0       0       001010000D   2465
     110       0   -2391       2       0                    LINE     574D   2466
     110    2698       1       1       0       0       0       001010000D   2467
     110       0   -2391       2       0                    LINE     575D   2468
     110    2700       1       1       0       0       0       001010000D   2469
     110       0   -2391       2       0                    LINE     576D   2470
     110    2702       1       1       0       0       0       001010000D   2471
     110       0   -2391       2       0                    LINE     577D   2472
     124    2704       1       1       0       0       0       001000000D   2473
     124       0       0       3       0                   XFORM      95D   2474
     100    2707       1       1       0       0    2473       001010000D   2475
     100       0   -2391       1       0                     ARC      95D   2476
     124    2708       1       1       0       0       0       001000000D   2477
     124       0       0       3       0                   XFORM      96D   2478
     100    2711       1       1       0       0    2477       001010000D   2479
     100       0   -2391       1       0                     ARC      96D   2480
     110    2712       1       1       0       0       0       001010000D   2481
     110       0   -2391       2       0                    LINE     578D   2482
     110    2714       1       1       0       0       0       001010000D   2483
     110       0   -2391       2       0                    LINE     579D   2484
     124    2716       1       1       0       0       0       001000000D   2485
     124       0       0       2       0                   XFORM      97D   2486
     100    2718       1       1       0       0    2485       001010000D   2487
     100       0   -2391       1       0                     ARC      97D   2488
     124    2719       1       1       0       0       0       001000000D   2489
     124       0       0       2       0                   XFORM      98D   2490
     100    2721       1       1       0       0    2489       001010000D   2491
     100       0   -2391       1       0                     ARC      98D   2492
     128    2722       1       1       0       0       0       001010000D   2493
     128       0   -2391       7       0                  SPLSRF      43D   2494
     110    2729       1       1       0       0       0       001010000D   2495
     110       0       0       2       0                    LINE     580D   2496
     102    2731       1       1       0       0       0       001010000D   2497
     102       0       0       1       0                  CCURVE     165D   2498
     110    2732       1       1       0       0       0       001010500D   2499
     110       0   -2391       1       0                    LINE     581D   2500
     110    2733       1       1       0       0       0       001010500D   2501
     110       0   -2391       1       0                    LINE     582D   2502
     126    2734       1       1       0       0       0       001010500D   2503
     126       0   -2391       5       0                B_SPLINE      55D   2504
     126    2739       1       1       0       0       0       001010500D   2505
     126       0   -2391       5       0                B_SPLINE      56D   2506
     110    2744       1       1       0       0       0       001010500D   2507
     110       0   -2391       1       0                    LINE     583D   2508
     102    2745       1       1       0       0       0       001010500D   2509
     102       0       0       1       0                  CCURVE     166D   2510
     142    2746       1       1       0       0       0       001010500D   2511
     142       0       0       1       0                  UV_BND      83D   2512
     144    2747       1       1       0       0       0       001000000D   2513
     144       0   -2391       1       0                 TRM_SRF      75D   2514
     128    2748       1       1       0       0       0       001010000D   2515
     128       0   -2391       7       0                  SPLSRF      44D   2516
     110    2755       1       1       0       0       0       001010000D   2517
     110       0       0       2       0                    LINE     584D   2518
     110    2757       1       1       0       0       0       001010000D   2519
     110       0       0       2       0                    LINE     585D   2520
     102    2759       1       1       0       0       0       001010000D   2521
     102       0       0       1       0                  CCURVE     167D   2522
     110    2760       1       1       0       0       0       001010500D   2523
     110       0   -2391       1       0                    LINE     586D   2524
     110    2761       1       1       0       0       0       001010500D   2525
     110       0   -2391       1       0                    LINE     587D   2526
     110    2762       1       1       0       0       0       001010500D   2527
     110       0   -2391       1       0                    LINE     588D   2528
     110    2763       1       1       0       0       0       001010500D   2529
     110       0   -2391       1       0                    LINE     589D   2530
     102    2764       1       1       0       0       0       001010500D   2531
     102       0       0       1       0                  CCURVE     168D   2532
     142    2765       1       1       0       0       0       001010500D   2533
     142       0       0       1       0                  UV_BND      84D   2534
     144    2766       1       1       0       0       0       001000000D   2535
     144       0   -2391       1       0                 TRM_SRF      76D   2536
     128    2767       1       1       0       0       0       001010000D   2537
     128       0   -2391       7       0                  SPLSRF      45D   2538
     110    2774       1       1       0       0       0       001010000D   2539
     110       0       0       2       0                    LINE     590D   2540
     110    2776       1       1       0       0       0       001010000D   2541
     110       0       0       2       0                    LINE     591D   2542
     102    2778       1       1       0       0       0       001010000D   2543
     102       0       0       1       0                  CCURVE     169D   2544
     110    2779       1       1       0       0       0       001010500D   2545
     110       0   -2391       1       0                    LINE     592D   2546
     110    2780       1       1       0       0       0       001010500D   2547
     110       0   -2391       1       0                    LINE     593D   2548
     126    2781       1       1       0       0       0       001010500D   2549
     126       0   -2391       5       0                B_SPLINE      57D   2550
     126    2786       1       1       0       0       0       001010500D   2551
     126       0   -2391       5       0                B_SPLINE      58D   2552
     110    2791       1       1       0       0       0       001010500D   2553
     110       0   -2391       1       0                    LINE     594D   2554
     102    2792       1       1       0       0       0       001010500D   2555
     102       0       0       1       0                  CCURVE     170D   2556
     142    2793       1       1       0       0       0       001010500D   2557
     142       0       0       1       0                  UV_BND      85D   2558
     144    2794       1       1       0       0       0       001000000D   2559
     144       0   -2391       1       0                 TRM_SRF      77D   2560
     128    2795       1       1       0       0       0       001010000D   2561
     128       0   -2391       9       0                  SPLSRF      46D   2562
     110    2804       1       1       0       0       0       001010000D   2563
     110       0       0       2       0                    LINE     595D   2564
     110    2806       1       1       0       0       0       001010000D   2565
     110       0       0       2       0                    LINE     596D   2566
     110    2808       1       1       0       0       0       001010000D   2567
     110       0       0       2       0                    LINE     597D   2568
     102    2810       1       1       0       0       0       001010000D   2569
     102       0       0       1       0                  CCURVE     171D   2570
     110    2811       1       1       0       0       0       001010500D   2571
     110       0   -2391       2       0                    LINE     598D   2572
     110    2813       1       1       0       0       0       001010500D   2573
     110       0   -2391       2       0                    LINE     599D   2574
     110    2815       1       1       0       0       0       001010500D   2575
     110       0   -2391       2       0                    LINE     600D   2576
     110    2817       1       1       0       0       0       001010500D   2577
     110       0   -2391       2       0                    LINE     601D   2578
     102    2819       1       1       0       0       0       001010500D   2579
     102       0       0       1       0                  CCURVE     172D   2580
     142    2820       1       1       0       0       0       001010500D   2581
     142       0       0       1       0                  UV_BND      86D   2582
     144    2821       1       1       0       0       0       001000000D   2583
     144       0   -2391       1       0                 TRM_SRF      78D   2584
     128    2822       1       1       0       0       0       001010000D   2585
     128       0   -2391       8       0                  SPLSRF      47D   2586
     110    2830       1       1       0       0       0       001010000D   2587
     110       0       0       2       0                    LINE     602D   2588
     110    2832       1       1       0       0       0       001010000D   2589
     110       0       0       2       0                    LINE     603D   2590
     102    2834       1       1       0       0       0       001010000D   2591
     102       0       0       1       0                  CCURVE     173D   2592
     110    2835       1       1       0       0       0       001010500D   2593
     110       0   -2391       1       0                    LINE     604D   2594
     110    2836       1       1       0       0       0       001010500D   2595
     110       0   -2391       1       0                    LINE     605D   2596
     110    2837       1       1       0       0       0       001010500D   2597
     110       0   -2391       1       0                    LINE     606D   2598
     110    2838       1       1       0       0       0       001010500D   2599
     110       0   -2391       1       0                    LINE     607D   2600
     102    2839       1       1       0       0       0       001010500D   2601
     102       0       0       1       0                  CCURVE     174D   2602
     142    2840       1       1       0       0       0       001010500D   2603
     142       0       0       1       0                  UV_BND      87D   2604
     144    2841       1       1       0       0       0       001000000D   2605
     144       0   -2391       1       0                 TRM_SRF      79D   2606
     128    2842       1       1       0       0       0       001010000D   2607
     128       0   -2391       8       0                  SPLSRF      48D   2608
     110    2850       1       1       0       0       0       001010000D   2609
     110       0       0       2       0                    LINE     608D   2610
     110    2852       1       1       0       0       0       001010000D   2611
     110       0       0       2       0                    LINE     609D   2612
     102    2854       1       1       0       0       0       001010000D   2613
     102       0       0       1       0                  CCURVE     175D   2614
     110    2855       1       1       0       0       0       001010500D   2615
     110       0   -2391       1       0                    LINE     610D   2616
     110    2856       1       1       0       0       0       001010500D   2617
     110       0   -2391       1       0                    LINE     611D   2618
     110    2857       1       1       0       0       0       001010500D   2619
     110       0   -2391       1       0                    LINE     612D   2620
     110    2858       1       1       0       0       0       001010500D   2621
     110       0   -2391       1       0                    LINE     613D   2622
     102    2859       1       1       0       0       0       001010500D   2623
     102       0       0       1       0                  CCURVE     176D   2624
     142    2860       1       1       0       0       0       001010500D   2625
     142       0       0       1       0                  UV_BND      88D   2626
     144    2861       1       1       0       0       0       001000000D   2627
     144       0   -2391       1       0                 TRM_SRF      80D   2628
     128    2862       1       1       0       0       0       001010000D   2629
     128       0   -2391       8       0                  SPLSRF      49D   2630
     110    2870       1       1       0       0       0       001010000D   2631
     110       0       0       2       0                    LINE     614D   2632
     110    2872       1       1       0       0       0       001010000D   2633
     110       0       0       2       0                    LINE     615D   2634
     102    2874       1       1       0       0       0       001010000D   2635
     102       0       0       1       0                  CCURVE     177D   2636
     110    2875       1       1       0       0       0       001010500D   2637
     110       0   -2391       1       0                    LINE     616D   2638
     110    2876       1       1       0       0       0       001010500D   2639
     110       0   -2391       1       0                    LINE     617D   2640
     110    2877       1       1       0       0       0       001010500D   2641
     110       0   -2391       1       0                    LINE     618D   2642
     110    2878       1       1       0       0       0       001010500D   2643
     110       0   -2391       1       0                    LINE     619D   2644
     102    2879       1       1       0       0       0       001010500D   2645
     102       0       0       1       0                  CCURVE     178D   2646
     142    2880       1       1       0       0       0       001010500D   2647
     142       0       0       1       0                  UV_BND      89D   2648
     144    2881       1       1       0       0       0       001000000D   2649
     144       0   -2391       1       0                 TRM_SRF      81D   2650
     110    2882       1       1       0       0       0       001010000D   2651
     110       0   -2391       2       0                    LINE     620D   2652
     110    2884       1       1       0       0       0       001010000D   2653
     110       0   -2391       2       0                    LINE     621D   2654
     120    2886       1       1       0       0       0       001010000D   2655
     120       0   -2391       1       0                    SREV      33D   2656
     110    2887       1       1       0       0       0       001010000D   2657
     110       0       0       2       0                    LINE     622D   2658
     124    2889       1       1       0       0       0       001000000D   2659
     124       0       0       3       0                   XFORM      99D   2660
     100    2892       1       1       0       0    2659       001010000D   2661
     100       0       0       1       0                     ARC      99D   2662
     110    2893       1       1       0       0       0       001010000D   2663
     110       0       0       2       0                    LINE     623D   2664
     124    2895       1       1       0       0       0       001000000D   2665
     124       0       0       2       0                   XFORM     100D   2666
     100    2897       1       1       0       0    2665       001010000D   2667
     100       0       0       1       0                     ARC     100D   2668
     124    2898       1       1       0       0       0       001000000D   2669
     124       0       0       3       0                   XFORM     101D   2670
     100    2901       1       1       0       0    2669       001010000D   2671
     100       0       0       1       0                     ARC     101D   2672
     102    2902       1       1       0       0       0       001010000D   2673
     102       0       0       1       0                  CCURVE     179D   2674
     110    2903       1       1       0       0       0       001010500D   2675
     110       0   -2391       2       0                    LINE     624D   2676
     110    2905       1       1       0       0       0       001010500D   2677
     110       0   -2391       2       0                    LINE     625D   2678
     110    2907       1       1       0       0       0       001010500D   2679
     110       0   -2391       2       0                    LINE     626D   2680
     110    2909       1       1       0       0       0       001010500D   2681
     110       0   -2391       2       0                    LINE     627D   2682
     110    2911       1       1       0       0       0       001010500D   2683
     110       0   -2391       2       0                    LINE     628D   2684
     110    2913       1       1       0       0       0       001010500D   2685
     110       0   -2391       2       0                    LINE     629D   2686
     110    2915       1       1       0       0       0       001010500D   2687
     110       0   -2391       2       0                    LINE     630D   2688
     110    2917       1       1       0       0       0       001010500D   2689
     110       0   -2391       2       0                    LINE     631D   2690
     102    2919       1       1       0       0       0       001010500D   2691
     102       0       0       1       0                  CCURVE     180D   2692
     142    2920       1       1       0       0       0       001010500D   2693
     142       0       0       1       0                  UV_BND      90D   2694
     144    2921       1       1       0       0       0       001000000D   2695
     144       0   -2391       1       0                 TRM_SRF      82D   2696
     110    2922       1       1       0       0       0       001010000D   2697
     110       0   -2391       2       0                    LINE     632D   2698
     110    2924       1       1       0       0       0       001010000D   2699
     110       0   -2391       2       0                    LINE     633D   2700
     120    2926       1       1       0       0       0       001010000D   2701
     120       0   -2391       1       0                    SREV      34D   2702
     110    2927       1       1       0       0       0       001010000D   2703
     110       0       0       2       0                    LINE     634D   2704
     124    2929       1       1       0       0       0       001000000D   2705
     124       0       0       3       0                   XFORM     102D   2706
     100    2932       1       1       0       0    2705       001010000D   2707
     100       0       0       1       0                     ARC     102D   2708
     110    2933       1       1       0       0       0       001010000D   2709
     110       0       0       2       0                    LINE     635D   2710
     124    2935       1       1       0       0       0       001000000D   2711
     124       0       0       2       0                   XFORM     103D   2712
     100    2937       1       1       0       0    2711       001010000D   2713
     100       0       0       1       0                     ARC     103D   2714
     124    2938       1       1       0       0       0       001000000D   2715
     124       0       0       3       0                   XFORM     104D   2716
     100    2941       1       1       0       0    2715       001010000D   2717
     100       0       0       1       0                     ARC     104D   2718
     102    2942       1       1       0       0       0       001010000D   2719
     102       0       0       1       0                  CCURVE     181D   2720
     110    2943       1       1       0       0       0       001010500D   2721
     110       0   -2391       2       0                    LINE     636D   2722
     110    2945       1       1       0       0       0       001010500D   2723
     110       0   -2391       2       0                    LINE     637D   2724
     110    2947       1       1       0       0       0       001010500D   2725
     110       0   -2391       1       0                    LINE     638D   2726
     110    2948       1       1       0       0       0       001010500D   2727
     110       0   -2391       2       0                    LINE     639D   2728
     110    2950       1       1       0       0       0       001010500D   2729
     110       0   -2391       2       0                    LINE     640D   2730
     110    2952       1       1       0       0       0       001010500D   2731
     110       0   -2391       2       0                    LINE     641D   2732
     110    2954       1       1       0       0       0       001010500D   2733
     110       0   -2391       2       0                    LINE     642D   2734
     110    2956       1       1       0       0       0       001010500D   2735
     110       0   -2391       2       0                    LINE     643D   2736
     102    2958       1       1       0       0       0       001010500D   2737
     102       0       0       1       0                  CCURVE     182D   2738
     142    2959       1       1       0       0       0       001010500D   2739
     142       0       0       1       0                  UV_BND      91D   2740
     144    2960       1       1       0       0       0       001000000D   2741
     144       0   -2391       1       0                 TRM_SRF      83D   2742
     128    2961       1       1       0       0       0       001010000D   2743
     128       0   -2391       7       0                  SPLSRF      50D   2744
     110    2968       1       1       0       0       0       001010000D   2745
     110       0       0       2       0                    LINE     644D   2746
     102    2970       1       1       0       0       0       001010000D   2747
     102       0       0       1       0                  CCURVE     183D   2748
     110    2971       1       1       0       0       0       001010500D   2749
     110       0   -2391       1       0                    LINE     645D   2750
     110    2972       1       1       0       0       0       001010500D   2751
     110       0   -2391       1       0                    LINE     646D   2752
     110    2973       1       1       0       0       0       001010500D   2753
     110       0   -2391       1       0                    LINE     647D   2754
     110    2974       1       1       0       0       0       001010500D   2755
     110       0   -2391       1       0                    LINE     648D   2756
     102    2975       1       1       0       0       0       001010500D   2757
     102       0       0       1       0                  CCURVE     184D   2758
     142    2976       1       1       0       0       0       001010500D   2759
     142       0       0       1       0                  UV_BND      92D   2760
     144    2977       1       1       0       0       0       001000000D   2761
     144       0   -2391       1       0                 TRM_SRF      84D   2762
     128    2978       1       1       0       0       0       001010000D   2763
     128       0   -2391       7       0                  SPLSRF      51D   2764
     110    2985       1       1       0       0       0       001010000D   2765
     110       0       0       2       0                    LINE     649D   2766
     102    2987       1       1       0       0       0       001010000D   2767
     102       0       0       1       0                  CCURVE     185D   2768
     110    2988       1       1       0       0       0       001010500D   2769
     110       0   -2391       1       0                    LINE     650D   2770
     110    2989       1       1       0       0       0       001010500D   2771
     110       0   -2391       1       0                    LINE     651D   2772
     110    2990       1       1       0       0       0       001010500D   2773
     110       0   -2391       1       0                    LINE     652D   2774
     110    2991       1       1       0       0       0       001010500D   2775
     110       0   -2391       1       0                    LINE     653D   2776
     102    2992       1       1       0       0       0       001010500D   2777
     102       0       0       1       0                  CCURVE     186D   2778
     142    2993       1       1       0       0       0       001010500D   2779
     142       0       0       1       0                  UV_BND      93D   2780
     144    2994       1       1       0       0       0       001000000D   2781
     144       0   -2391       1       0                 TRM_SRF      85D   2782
     128    2995       1       1       0       0       0       001010000D   2783
     128       0   -2391       7       0                  SPLSRF      52D   2784
     110    3002       1       1       0       0       0       001010000D   2785
     110       0       0       2       0                    LINE     654D   2786
     102    3004       1       1       0       0       0       001010000D   2787
     102       0       0       1       0                  CCURVE     187D   2788
     110    3005       1       1       0       0       0       001010500D   2789
     110       0   -2391       1       0                    LINE     655D   2790
     110    3006       1       1       0       0       0       001010500D   2791
     110       0   -2391       1       0                    LINE     656D   2792
     110    3007       1       1       0       0       0       001010500D   2793
     110       0   -2391       1       0                    LINE     657D   2794
     110    3008       1       1       0       0       0       001010500D   2795
     110       0   -2391       1       0                    LINE     658D   2796
     102    3009       1       1       0       0       0       001010500D   2797
     102       0       0       1       0                  CCURVE     188D   2798
     142    3010       1       1       0       0       0       001010500D   2799
     142       0       0       1       0                  UV_BND      94D   2800
     144    3011       1       1       0       0       0       001000000D   2801
     144       0   -2391       1       0                 TRM_SRF      86D   2802
     128    3012       1       1       0       0       0       001010000D   2803
     128       0   -2391       9       0                  SPLSRF      53D   2804
     110    3021       1       1       0       0       0       001010000D   2805
     110       0       0       2       0                    LINE     659D   2806
     110    3023       1       1       0       0       0       001010000D   2807
     110       0       0       2       0                    LINE     660D   2808
     110    3025       1       1       0       0       0       001010000D   2809
     110       0       0       2       0                    LINE     661D   2810
     110    3027       1       1       0       0       0       001010000D   2811
     110       0       0       2       0                    LINE     662D   2812
     110    3029       1       1       0       0       0       001010000D   2813
     110       0       0       2       0                    LINE     663D   2814
     102    3031       1       1       0       0       0       001010000D   2815
     102       0       0       1       0                  CCURVE     189D   2816
     110    3032       1       1       0       0       0       001010500D   2817
     110       0   -2391       1       0                    LINE     664D   2818
     110    3033       1       1       0       0       0       001010500D   2819
     110       0   -2391       1       0                    LINE     665D   2820
     126    3034       1       1       0       0       0       001010500D   2821
     126       0   -2391      23       0                B_SPLINE      59D   2822
     110    3057       1       1       0       0       0       001010500D   2823
     110       0   -2391       1       0                    LINE     666D   2824
     110    3058       1       1       0       0       0       001010500D   2825
     110       0   -2391       1       0                    LINE     667D   2826
     110    3059       1       1       0       0       0       001010500D   2827
     110       0   -2391       1       0                    LINE     668D   2828
     126    3060       1       1       0       0       0       001010500D   2829
     126       0   -2391      23       0                B_SPLINE      60D   2830
     110    3083       1       1       0       0       0       001010500D   2831
     110       0   -2391       1       0                    LINE     669D   2832
     102    3084       1       1       0       0       0       001010500D   2833
     102       0       0       1       0                  CCURVE     190D   2834
     142    3085       1       1       0       0       0       001010500D   2835
     142       0       0       1       0                  UV_BND      95D   2836
     110    3086       1       1       0       0       0       001010000D   2837
     110       0       0       2       0                    LINE     670D   2838
     110    3088       1       1       0       0       0       001010000D   2839
     110       0       0       2       0                    LINE     671D   2840
     110    3090       1       1       0       0       0       001010000D   2841
     110       0       0       2       0                    LINE     672D   2842
     102    3092       1       1       0       0       0       001010000D   2843
     102       0       0       1       0                  CCURVE     191D   2844
     110    3093       1       1       0       0       0       001010500D   2845
     110       0   -2391       1       0                    LINE     673D   2846
     110    3094       1       1       0       0       0       001010500D   2847
     110       0   -2391       1       0                    LINE     674D   2848
     110    3095       1       1       0       0       0       001010500D   2849
     110       0   -2391       1       0                    LINE     675D   2850
     110    3096       1       1       0       0       0       001010500D   2851
     110       0   -2391       1       0                    LINE     676D   2852
     102    3097       1       1       0       0       0       001010500D   2853
     102       0       0       1       0                  CCURVE     192D   2854
     142    3098       1       1       0       0       0       001010500D   2855
     142       0       0       1       0                  UV_BND      96D   2856
     144    3099       1       1       0       0       0       001000000D   2857
     144       0   -2391       1       0                 TRM_SRF      87D   2858
     128    3100       1       1       0       0       0       001010000D   2859
     128       0   -2391       9       0                  SPLSRF      54D   2860
     110    3109       1       1       0       0       0       001010000D   2861
     110       0       0       2       0                    LINE     677D   2862
     110    3111       1       1       0       0       0       001010000D   2863
     110       0       0       2       0                    LINE     678D   2864
     110    3113       1       1       0       0       0       001010000D   2865
     110       0       0       2       0                    LINE     679D   2866
     102    3115       1       1       0       0       0       001010000D   2867
     102       0       0       1       0                  CCURVE     193D   2868
     110    3116       1       1       0       0       0       001010500D   2869
     110       0   -2391       2       0                    LINE     680D   2870
     110    3118       1       1       0       0       0       001010500D   2871
     110       0   -2391       2       0                    LINE     681D   2872
     110    3120       1       1       0       0       0       001010500D   2873
     110       0   -2391       2       0                    LINE     682D   2874
     110    3122       1       1       0       0       0       001010500D   2875
     110       0   -2391       2       0                    LINE     683D   2876
     102    3124       1       1       0       0       0       001010500D   2877
     102       0       0       1       0                  CCURVE     194D   2878
     142    3125       1       1       0       0       0       001010500D   2879
     142       0       0       1       0                  UV_BND      97D   2880
     144    3126       1       1       0       0       0       001000000D   2881
     144       0   -2391       1       0                 TRM_SRF      88D   2882
     128    3127       1       1       0       0       0       001010000D   2883
     128       0   -2391       8       0                  SPLSRF      55D   2884
     110    3135       1       1       0       0       0       001010000D   2885
     110       0       0       2       0                    LINE     684D   2886
     102    3137       1       1       0       0       0       001010000D   2887
     102       0       0       1       0                  CCURVE     195D   2888
     110    3138       1       1       0       0       0       001010500D   2889
     110       0   -2391       1       0                    LINE     685D   2890
     110    3139       1       1       0       0       0       001010500D   2891
     110       0   -2391       1       0                    LINE     686D   2892
     110    3140       1       1       0       0       0       001010500D   2893
     110       0   -2391       1       0                    LINE     687D   2894
     110    3141       1       1       0       0       0       001010500D   2895
     110       0   -2391       1       0                    LINE     688D   2896
     102    3142       1       1       0       0       0       001010500D   2897
     102       0       0       1       0                  CCURVE     196D   2898
     142    3143       1       1       0       0       0       001010500D   2899
     142       0       0       1       0                  UV_BND      98D   2900
     144    3144       1       1       0       0       0       001000000D   2901
     144       0   -2391       1       0                 TRM_SRF      89D   2902
     128    3145       1       1       0       0       0       001010000D   2903
     128       0   -2391       8       0                  SPLSRF      56D   2904
     110    3153       1       1       0       0       0       001010000D   2905
     110       0       0       2       0                    LINE     689D   2906
     102    3155       1       1       0       0       0       001010000D   2907
     102       0       0       1       0                  CCURVE     197D   2908
     110    3156       1       1       0       0       0       001010500D   2909
     110       0   -2391       1       0                    LINE     690D   2910
     110    3157       1       1       0       0       0       001010500D   2911
     110       0   -2391       1       0                    LINE     691D   2912
     110    3158       1       1       0       0       0       001010500D   2913
     110       0   -2391       1       0                    LINE     692D   2914
     110    3159       1       1       0       0       0       001010500D   2915
     110       0   -2391       1       0                    LINE     693D   2916
     102    3160       1       1       0       0       0       001010500D   2917
     102       0       0       1       0                  CCURVE     198D   2918
     142    3161       1       1       0       0       0       001010500D   2919
     142       0       0       1       0                  UV_BND      99D   2920
     144    3162       1       1       0       0       0       001000000D   2921
     144       0   -2391       1       0                 TRM_SRF      90D   2922
     128    3163       1       1       0       0       0       001010000D   2923
     128       0   -2391       7       0                  SPLSRF      57D   2924
     102    3170       1       1       0       0       0       001010000D   2925
     102       0       0       1       0                  CCURVE     199D   2926
     126    3171       1       1       0       0       0       001010500D   2927
     126       0   -2391      25       0                B_SPLINE      61D   2928
     126    3196       1       1       0       0       0       001010500D   2929
     126       0   -2391      25       0                B_SPLINE      62D   2930
     102    3221       1       1       0       0       0       001010500D   2931
     102       0       0       1       0                  CCURVE     200D   2932
     142    3222       1       1       0       0       0       001010500D   2933
     142       0       0       1       0                  UV_BND     100D   2934
     144    3223       1       1       0       0       0       001000000D   2935
     144       0   -2391       1       0                 TRM_SRF      91D   2936
     406    3224       1       1       0       0       0       001000000D   2937
     406       0       0       1      15                    PROP       5D   2938
     402    3225       1       1       0       0       0       000000300D   2939
     402       0       0      17       7                   LAYER       5D   2940
     406    3242       1       1       0       0       0       001000000D   2941
     406       0       0       1      15                    PROP       6D   2942
     402    3243       1       1       0       0       0       000000300D   2943
     402       0       0      17       7                   LAYER       6D   2944
     406    3260       1       1       0       0       0       001000000D   2945
     406       0       0       1      15                    PROP       7D   2946
     402    3261       1       1       0       0       0       001000301D   2947
     402       0       0      17       7                   LAYER       7D   2948
     406    3278       1       1       0       0       0       001000000D   2949
     406       0       0       1      15                    PROP       8D   2950
     402    3279       1       1       0       0       0       000000300D   2951
     402       0       0       1       7                   LAYER       8D   2952
314,1.1D0,1.2D0,1D2;                                                   1P      1
314,1.1D1,1.1D1,1.1D1;                                                 3P      2
314,3.92D1,1.2D0,1.2D0;                                                5P      3
314,4.1D1,0D0,2.2D1;                                                   7P      4
314,8.784D1,9.49D1,1D2;                                                9P      5
314,9.6D1,9.6D1,9.6D1;                                                11P      6
314,9.8D1,6.27D1,0D0;                                                 13P      7
314,1D2,1D2,9.49D1;                                                   15P      8
314,7.529411764706D1,7.529411764706D1,7.529411764706D1;               17P      9
110,2.417542D1,4.328276D0,-1.8D0,2.417542D1,1.4568276D1,-1.8D0;       19P     10
110,9.84542D0,4.328276D0,-1.8D0,2.417542D1,4.328276D0,-1.8D0;         21P     11
110,9.84542D0,1.7978276D1,-1.8D0,9.84542D0,4.328276D0,-1.8D0;         23P     12
110,1.539542D1,1.7978276D1,-1.8D0,9.84542D0,1.7978276D1,-1.8D0;       25P     13
110,1.539542D1,1.8178276D1,-1.8D0,1.539542D1,1.7978276D1,-1.8D0;      27P     14
110,1.939542D1,1.4568276D1,-1.8D0,1.939542D1,1.8178276D1,-1.8D0;      29P     15
110,2.417542D1,1.4568276D1,-1.8D0,1.959542D1,1.4568276D1,-1.8D0;      31P     16
110,2.417542D1,1.4568276D1,-8D-1,2.417542D1,5.263626023944D0,         33P     17
-8D-1;                                                                33P     18
124,0D0,0D0,-1D0,2.417542D1,-1D0,0D0,0D0,4.695951011972D0,0D0,        35P     19
1D0,0D0,-8D-1;                                                        35P     20
100,0D0,0D0,0D0,5.676750119721D-1,0D0,-5.676750119721D-1,0D0;         37P     21
110,2.417542D1,4.128276D0,-8D-1,2.417542D1,4.328276D0,-8D-1;          39P     22
110,2.417542D1,4.328276D0,-1.8D0,2.417542D1,4.328276D0,-8D-1;         41P     23
110,2.437542D1,1.4568276D1,-2D0,1.959542D1,1.4568276D1,-2D0;          43P     24
110,2.437542D1,1.4568276D1,-8D-1,2.437542D1,1.4568276D1,-2D0;         45P     25
110,2.417542D1,1.4568276D1,-1.8D0,2.417542D1,1.4568276D1,-8D-1;       47P     26
110,1.959542D1,1.4568276D1,-2D0,1.959542D1,1.8178276D1,-2D0;          49P     27
110,1.959542D1,1.4568276D1,-1.8D0,1.959542D1,1.4568276D1,-2D0;        51P     28
110,1.939542D1,1.8178276D1,-1.8D0,1.539542D1,1.8178276D1,-1.8D0;      53P     29
110,1.539542D1,1.8178276D1,-8D-1,1.539542D1,1.8178276D1,-1.8D0;       55P     30
110,1.959542D1,1.8178276D1,-2D0,9.64542D0,1.8178276D1,-2D0;           57P     31
110,1.959542D1,1.8178276D1,-8D-1,1.959542D1,1.8178276D1,-2D0;         59P     32
110,1.939542D1,1.8178276D1,-1.8D0,1.939542D1,1.8178276D1,-8D-1;       61P     33
110,1.539542D1,1.7978276D1,-8D-1,1.539542D1,1.7978276D1,-1.8D0;       63P     34
110,1.539542D1,1.7978276D1,-8D-1,1.539542D1,1.8178276D1,-8D-1;        65P     35
110,9.84542D0,1.7978276D1,-8D-1,1.539542D1,1.7978276D1,-8D-1;         67P     36
110,9.84542D0,4.328276D0,-8D-1,9.84542D0,1.675097381167D1,-8D-1;      69P     37
124,0D0,0D0,1D0,9.84542D0,1D0,0D0,0D0,1.746462490584D1,0D0,1D0,       71P     38
0D0,-8D-1;                                                            71P     39
100,0D0,0D0,0D0,7.136510941645D-1,0D0,-7.136510941645D-1,0D0;         73P     40
110,9.84542D0,1.8178276D1,-8D-1,9.84542D0,1.7978276D1,-8D-1;          75P     41
110,9.84542D0,1.7978276D1,-1.8D0,9.84542D0,1.7978276D1,-8D-1;         77P     42
110,2.417542D1,4.328276D0,-8D-1,9.84542D0,4.328276D0,-8D-1;           79P     43
110,9.84542D0,4.328276D0,-1.8D0,9.84542D0,4.328276D0,-8D-1;           81P     44
110,9.64542D0,4.128276D0,-8D-1,2.417542D1,4.128276D0,-8D-1;           83P     45
110,9.64542D0,1.675097381167D1,-8D-1,9.64542D0,4.128276D0,-8D-1;      85P     46
110,9.64542D0,4.128276D0,-2D0,2.437542D1,4.128276D0,-2D0;             87P     47
110,9.64542D0,4.128276D0,-8D-1,9.64542D0,4.128276D0,-2D0;             89P     48
110,2.437542D1,4.128276D0,-2D0,2.437542D1,1.4568276D1,-2D0;           91P     49
110,2.437542D1,4.128276D0,-8D-1,2.437542D1,4.128276D0,-2D0;           93P     50
110,9.64542D0,1.8178276D1,-2D0,9.64542D0,4.128276D0,-2D0;             95P     51
110,9.64542D0,1.8178276D1,-8D-1,9.64542D0,1.8178276D1,-2D0;           97P     52
124,0D0,0D0,1D0,9.64542D0,1D0,0D0,0D0,1.746462490584D1,0D0,1D0,       99P     53
0D0,-8D-1;                                                            99P     54
100,0D0,0D0,0D0,7.136510941645D-1,0D0,-7.136510941645D-1,0D0;        101P     55
110,9.84542D0,1.8178276D1,-8D-1,9.64542D0,1.8178276D1,-8D-1;         103P     56
110,9.84542D0,1.675097381167D1,-8D-1,9.64542D0,1.675097381167D1,     105P     57
-8D-1;                                                               105P     58
124,0D0,0D0,-1D0,2.437542D1,-1D0,-2.581572839386D-14,0D0,            107P     59
4.695951011972D0,-2.581572839386D-14,1D0,0D0,-8D-1;                  107P     60
100,0D0,0D0,0D0,5.676750119721D-1,0D0,-5.676750119721D-1,            109P     61
-1.480428466092D-14;                                                 109P     62
110,2.417542D1,4.128276D0,-8D-1,2.437542D1,4.128276D0,-8D-1;         111P     63
110,2.417542D1,5.263626023944D0,-8D-1,2.437542D1,                    113P     64
5.263626023944D0,-8D-1;                                              113P     65
110,2.437542D1,1.4568276D1,-8D-1,2.417542D1,1.4568276D1,-8D-1;       115P     66
110,2.437542D1,5.263626023944D0,-8D-1,2.437542D1,1.4568276D1,        117P     67
-8D-1;                                                               117P     68
110,1.539542D1,1.8178276D1,-8D-1,9.84542D0,1.8178276D1,-8D-1;        119P     69
110,1.959542D1,1.8178276D1,-8D-1,1.939542D1,1.8178276D1,-8D-1;       121P     70
110,1.959542D1,1.4568276D1,-8D-1,1.959542D1,1.8178276D1,-8D-1;       123P     71
110,1.939542D1,1.4568276D1,-8D-1,1.959542D1,1.4568276D1,-8D-1;       125P     72
110,1.939542D1,1.4568276D1,-1.8D0,1.959542D1,1.4568276D1,-1.8D0;     127P     73
110,1.959542D1,1.4568276D1,-1.8D0,1.959542D1,1.4568276D1,-8D-1;      129P     74
110,1.939542D1,1.8178276D1,-8D-1,1.939542D1,1.4568276D1,-8D-1;       131P     75
110,1.939542D1,1.4568276D1,-8D-1,1.939542D1,1.4568276D1,-1.8D0;      133P     76
128,1,1,1,1,0,0,1,0,0,-8.66D-2,-8.66D-2,1.48166D1,1.48166D1,         135P     77
-1.4327D1,-1.4327D1,7.7D-2,7.7D-2,1D0,1D0,1D0,1D0,2.446202D1,        135P     78
1.8455276D1,-1.8D0,9.55882D0,1.8455276D1,-1.8D0,2.446202D1,          135P     79
4.051276D0,-1.8D0,9.55882D0,4.051276D0,-1.8D0,-8.66D-2,              135P     80
1.48166D1,-1.4327D1,7.7D-2;                                          135P     81
110,1.959542D1,1.4568276D1,-1.8D0,1.939542D1,1.4568276D1,-1.8D0;     137P     82
102,9,19,31,137,29,53,27,25,23,21;                                   139P     83
110,2D-1,-2D-1,0D0,2D-1,-1.044D1,0D0;                                141P     84
110,2D-1,-1.044D1,0D0,4.78D0,-1.044D1,0D0;                           143P     85
110,4.78D0,-1.044D1,0D0,4.98D0,-1.044D1,0D0;                         145P     86
110,4.98D0,-1.044D1,0D0,4.98D0,-1.405D1,0D0;                         147P     87
110,4.98D0,-1.405D1,0D0,8.98D0,-1.405D1,0D0;                         149P     88
110,8.98D0,-1.405D1,0D0,8.98D0,-1.385D1,0D0;                         151P     89
110,8.98D0,-1.385D1,0D0,1.453D1,-1.385D1,0D0;                        153P     90
110,1.453D1,-1.385D1,0D0,1.453D1,-2D-1,0D0;                          155P     91
110,1.453D1,-2D-1,0D0,2D-1,-2D-1,0D0;                                157P     92
102,9,141,143,145,147,149,151,153,155,157;                           159P     93
142,0,135,159,139,1;                                                 161P     94
144,135,1,0,161;                                                     163P     95
128,1,1,1,1,0,0,1,0,0,-3.6238D0,-3.6238D0,7.2338D0,7.2338D0,         165P     96
-6.002345271662D-1,-6.002345271662D-1,1.031377147591D0,              165P     97
1.031377147591D0,1D0,1D0,1D0,1D0,2.417542D1,1.4777076D1,             165P     98
-1.997654728338D-1,2.417542D1,3.919476D0,-1.997654728338D-1,         165P     99
2.417542D1,1.4777076D1,-1.831377147591D0,2.417542D1,3.919476D0,      165P    100
-1.831377147591D0,-3.6238D0,7.2338D0,-6.002345271662D-1,             165P    101
1.031377147591D0;                                                    165P    102
124,0D0,0D0,1D0,2.417542D1,1D0,0D0,0D0,4.695951011972D0,0D0,1D0,     167P    103
0D0,-8D-1;                                                           167P    104
100,0D0,0D0,0D0,5.676750119721D-1,0D0,-5.676750119721D-1,0D0;        169P    105
110,2.417542D1,4.328276D0,-8D-1,2.417542D1,4.328276D0,-1.8D0;        171P    106
102,6,19,47,33,169,39,171;                                           173P    107
110,6.825D0,1D0,0D0,-3.415D0,1D0,0D0;                                175P    108
110,-3.415D0,1D0,0D0,-3.415D0,0D0,0D0;                               177P    109
110,-3.415D0,0D0,0D0,5.889649976056D0,0D0,0D0;                       179P    110
126,15,3,0,0,1,0,0D0,0D0,0D0,0D0,7.692844131745D-2,                  181P    111
1.538572527819D-1,2.307851605028D-1,3.077062852885D-1,               181P    112
3.846274916475D-1,4.615485905867D-1,5.384697077745D-1,               181P    113
6.153913238684D-1,6.923111019180D-1,7.692275154201D-1,               181P    114
8.461497234461D-1,9.230734853031D-1,1D0,1D0,1D0,1D0,1D0,1D0,1D0,     181P    115
1D0,1D0,1D0,1D0,1D0,1D0,1D0,1D0,1D0,1D0,1D0,1D0,1D0,                 181P    116
5.889649976056D0,0D0,0D0,5.889537433122D0,-4.575837168330D-2,        181P    117
0D0,5.900808428189D0,-1.371792358448D-1,0D0,5.949751802015D0,        181P    118
-2.664131377872D-1,0D0,6.028278219605D0,-3.801378147703D-1,0D0,      181P    119
6.131714759217D0,-4.717712513611D-1,0D0,6.254076577442D0,            181P    120
-5.359842813902D-1,0D0,6.388248219670D0,-5.690497922205D-1,0D0,      181P    121
6.526434937060D0,-5.690458020145D-1,0D0,6.660604134272D0,            181P    122
-5.359725553587D-1,0D0,6.782959256810D0,-4.717541141247D-1,0D0,      181P    123
6.886386011472D0,-3.801205805313D-1,0D0,6.964903523148D0,            181P    124
-2.664012524626D-1,0D0,7.013842341264D0,-1.371739333672D-1,0D0,      181P    125
7.025112525766D0,-4.575722345614D-2,0D0,7.025D0,0D0,0D0,0D0,1D0,     181P    126
0D0,0D0,1D0;                                                         181P    127
110,7.025D0,0D0,0D0,6.825D0,0D0,0D0;                                 183P    128
110,6.825D0,0D0,0D0,6.825D0,1D0,0D0;                                 185P    129
102,6,175,177,179,181,183,185;                                       187P    130
142,0,165,187,173,1;                                                 189P    131
144,165,1,0,189;                                                     191P    132
128,1,1,1,1,0,0,1,0,0,-9.56D-2,-9.56D-2,4.8756D0,4.8756D0,           193P    133
-1.224535324386D0,-1.224535324386D0,2.453532438605D-2,               193P    134
2.453532438605D-2,1D0,1D0,1D0,1D0,2.447102D1,1.4568276D1,            193P    135
-7.754646756140D-1,1.949982D1,1.4568276D1,-7.754646756140D-1,        193P    136
2.447102D1,1.4568276D1,-2.024535324386D0,1.949982D1,1.4568276D1,     193P    137
-2.024535324386D0,-9.56D-2,4.8756D0,-1.224535324386D0,               193P    138
2.453532438605D-2;                                                   193P    139
110,1.959542D1,1.4568276D1,-2D0,2.437542D1,1.4568276D1,-2D0;         195P    140
110,2.437542D1,1.4568276D1,-2D0,2.437542D1,1.4568276D1,-8D-1;        197P    141
110,2.417542D1,1.4568276D1,-8D-1,2.417542D1,1.4568276D1,-1.8D0;      199P    142
102,6,31,51,195,197,115,199;                                         201P    143
110,2D-1,-2D-1,0D0,4.78D0,-2D-1,0D0;                                 203P    144
110,4.78D0,-2D-1,0D0,4.78D0,0D0,0D0;                                 205P    145
110,4.78D0,0D0,0D0,0D0,0D0,0D0;                                      207P    146
110,0D0,0D0,0D0,0D0,-1.2D0,0D0;                                      209P    147
110,0D0,-1.2D0,0D0,2D-1,-1.2D0,0D0;                                  211P    148
110,2D-1,-1.2D0,0D0,2D-1,-2D-1,0D0;                                  213P    149
102,6,203,205,207,209,211,213;                                       215P    150
142,0,193,215,201,1;                                                 217P    151
144,193,1,0,217;                                                     219P    152
128,1,1,1,1,0,0,1,0,0,-3.6822D0,-3.6822D0,7.22D-2,7.22D-2,           221P    153
-1.224535324386D0,-1.224535324386D0,2.453532438605D-2,               221P    154
2.453532438605D-2,1D0,1D0,1D0,1D0,1.959542D1,1.4496076D1,            221P    155
-7.754646756140D-1,1.959542D1,1.8250476D1,-7.754646756140D-1,        221P    156
1.959542D1,1.4496076D1,-2.024535324386D0,1.959542D1,1.8250476D1,     221P    157
-2.024535324386D0,-3.6822D0,7.22D-2,-1.224535324386D0,               221P    158
2.453532438605D-2;                                                   221P    159
110,1.959542D1,1.8178276D1,-2D0,1.959542D1,1.4568276D1,-2D0;         223P    160
110,1.959542D1,1.4568276D1,-2D0,1.959542D1,1.4568276D1,-1.8D0;       225P    161
102,5,59,223,225,129,123;                                            227P    162
110,0D0,-1.2D0,0D0,0D0,0D0,0D0;                                      229P    163
110,0D0,0D0,0D0,-3.61D0,0D0,0D0;                                     231P    164
110,-3.61D0,0D0,0D0,-3.61D0,-2D-1,0D0;                               233P    165
110,-3.61D0,-2D-1,0D0,-3.61D0,-1.2D0,0D0;                            235P    166
110,-3.61D0,-1.2D0,0D0,0D0,-1.2D0,0D0;                               237P    167
102,5,229,231,233,235,237;                                           239P    168
142,0,221,239,227,1;                                                 241P    169
144,221,1,0,241;                                                     243P    170
128,1,1,1,1,0,0,1,0,0,-1.99D-1,-1.99D-1,1.0149D1,1.0149D1,           245P    171
-1.224535324386D0,-1.224535324386D0,2.453532438605D-2,               245P    172
2.453532438605D-2,1D0,1D0,1D0,1D0,1.979442D1,1.8178276D1,            245P    173
-7.754646756140D-1,9.44642D0,1.8178276D1,-7.754646756140D-1,         245P    174
1.979442D1,1.8178276D1,-2.024535324386D0,9.44642D0,1.8178276D1,      245P    175
-2.024535324386D0,-1.99D-1,1.0149D1,-1.224535324386D0,               245P    176
2.453532438605D-2;                                                   245P    177
110,1.539542D1,1.8178276D1,-1.8D0,1.539542D1,1.8178276D1,-8D-1;      247P    178
110,9.64542D0,1.8178276D1,-2D0,1.959542D1,1.8178276D1,-2D0;          249P    179
110,1.959542D1,1.8178276D1,-2D0,1.959542D1,1.8178276D1,-8D-1;        251P    180
110,1.939542D1,1.8178276D1,-8D-1,1.939542D1,1.8178276D1,-1.8D0;      253P    181
102,9,53,247,119,103,97,249,251,121,253;                             255P    182
110,2D-1,-2D-1,0D0,4.2D0,-2D-1,0D0;                                  257P    183
110,4.2D0,-2D-1,0D0,4.2D0,-1.2D0,0D0;                                259P    184
110,4.2D0,-1.2D0,0D0,9.75D0,-1.2D0,0D0;                              261P    185
110,9.75D0,-1.2D0,0D0,9.95D0,-1.2D0,0D0;                             263P    186
110,9.95D0,-1.2D0,0D0,9.95D0,0D0,0D0;                                265P    187
110,9.95D0,0D0,0D0,0D0,0D0,0D0;                                      267P    188
110,0D0,0D0,0D0,0D0,-1.2D0,0D0;                                      269P    189
110,0D0,-1.2D0,0D0,2D-1,-1.2D0,0D0;                                  271P    190
110,2D-1,-1.2D0,0D0,2D-1,-2D-1,0D0;                                  273P    191
102,9,257,259,261,263,265,267,269,271,273;                           275P    192
142,0,245,275,255,1;                                                 277P    193
144,245,1,0,277;                                                     279P    194
128,1,1,1,1,0,0,1,0,0,-1.024535324386D0,-1.024535324386D0,           281P    195
2.453532438605D-2,2.453532438605D-2,-2.245353243860D-1,              281P    196
-2.245353243860D-1,2.453532438605D-2,2.453532438605D-2,1D0,1D0,      281P    197
1D0,1D0,1.539542D1,1.820281132439D1,-7.754646756140D-1,              281P    198
1.539542D1,1.820281132439D1,-1.824535324386D0,1.539542D1,            281P    199
1.795374067561D1,-7.754646756140D-1,1.539542D1,1.795374067561D1,     281P    200
-1.824535324386D0,-1.024535324386D0,2.453532438605D-2,               281P    201
-2.245353243860D-1,2.453532438605D-2;                                281P    202
110,1.539542D1,1.7978276D1,-1.8D0,1.539542D1,1.7978276D1,-8D-1;      283P    203
102,4,55,27,283,65;                                                  285P    204
110,-1D0,-2D-1,0D0,0D0,-2D-1,0D0;                                    287P    205
110,0D0,-2D-1,0D0,0D0,0D0,0D0;                                       289P    206
110,0D0,0D0,0D0,-1D0,0D0,0D0;                                        291P    207
110,-1D0,0D0,0D0,-1D0,-2D-1,0D0;                                     293P    208
102,4,287,289,291,293;                                               295P    209
142,0,281,295,285,1;                                                 297P    210
144,281,1,0,297;                                                     299P    211
128,1,1,1,1,0,0,1,0,0,8.698839085837D0,8.698839085837D0,             301P    212
1.447083908584D1,1.447083908584D1,-2.453532438605D-2,                301P    213
-2.453532438605D-2,1.024535324386D0,1.024535324386D0,1D0,1D0,        301P    214
1D0,1D0,9.73442D0,1.7978276D1,-7.754646756140D-1,1.550642D1,         301P    215
1.7978276D1,-7.754646756140D-1,9.73442D0,1.7978276D1,                301P    216
-1.824535324386D0,1.550642D1,1.7978276D1,-1.824535324386D0,          301P    217
8.698839085837D0,1.447083908584D1,-2.453532438605D-2,                301P    218
1.024535324386D0;                                                    301P    219
102,4,25,77,67,63;                                                   303P    220
110,1.435983908584D1,1D0,0D0,8.809839085837D0,1D0,0D0;               305P    221
110,8.809839085837D0,1D0,0D0,8.809839085837D0,0D0,0D0;               307P    222
110,8.809839085837D0,0D0,0D0,1.435983908584D1,0D0,0D0;               309P    223
110,1.435983908584D1,0D0,0D0,1.435983908584D1,1D0,0D0;               311P    224
102,4,305,307,309,311;                                               313P    225
142,0,301,313,303,1;                                                 315P    226
144,301,1,0,315;                                                     317P    227
128,1,1,1,1,0,0,1,0,0,-7.102D0,-7.102D0,7.302D0,7.302D0,             319P    228
-7.494405002161D-1,-7.494405002161D-1,1.034302754906D0,              319P    229
1.034302754906D0,1D0,1D0,1D0,1D0,9.84542D0,4.051276D0,               319P    230
-5.055949978393D-2,9.84542D0,1.8455276D1,-5.055949978393D-2,         319P    231
9.84542D0,4.051276D0,-1.834302754906D0,9.84542D0,1.8455276D1,        319P    232
-1.834302754906D0,-7.102D0,7.302D0,-7.494405002161D-1,               319P    233
1.034302754906D0;                                                    319P    234
124,0D0,0D0,-1D0,9.84542D0,-1D0,0D0,0D0,1.746462490584D1,0D0,        321P    235
1D0,0D0,-8D-1;                                                       321P    236
100,0D0,0D0,0D0,7.136510941645D-1,0D0,-7.136510941645D-1,0D0;        323P    237
110,9.84542D0,1.7978276D1,-8D-1,9.84542D0,1.7978276D1,-1.8D0;        325P    238
102,6,23,81,69,323,75,325;                                           327P    239
110,6.825D0,1D0,0D0,-6.825D0,1D0,0D0;                                329P    240
110,-6.825D0,1D0,0D0,-6.825D0,0D0,0D0;                               331P    241
110,-6.825D0,0D0,0D0,5.597697811671D0,0D0,0D0;                       333P    242
126,15,3,0,0,1,0,0D0,0D0,0D0,0D0,7.692586616252D-2,                  335P    243
1.538539975011D-1,2.307811663975D-1,3.077032812600D-1,               335P    244
3.846254529185D-1,4.615466186052D-1,5.384673977609D-1,               335P    245
6.153894884554D-1,6.923114508830D-1,7.692302906751D-1,               335P    246
8.461527227384D-1,9.230762858333D-1,1D0,1D0,1D0,1D0,1D0,1D0,1D0,     335P    247
1D0,1D0,1D0,1D0,1D0,1D0,1D0,1D0,1D0,1D0,1D0,1D0,1D0,                 335P    248
5.597697811671D0,0D0,0D0,5.597556341387D0,-5.752306680266D-2,        335P    249
0D0,5.611724849544D0,-1.724501164889D-1,0D0,5.673251313570D0,        335P    250
-3.349138948064D-1,0D0,5.771968740426D0,-4.778833947150D-1,0D0,      335P    251
5.902003152585D0,-5.930821991433D-1,0D0,6.055830724183D0,            335P    252
-6.738093850261D-1,0D0,6.224504484910D0,-7.153787933552D-1,0D0,      335P    253
6.398225675719D0,-7.153749514588D-1,0D0,6.566898103530D0,            335P    254
-6.737976940588D-1,0D0,6.720720181343D0,-5.930641948088D-1,0D0,      335P    255
6.850745083632D0,-4.778642137655D-1,0D0,6.949452902560D0,            335P    256
-3.348998483239D-1,0D0,7.010973978446D0,-1.724434698036D-1,0D0,      335P    257
7.025141448570D0,-5.752145215569D-2,0D0,7.025D0,0D0,0D0,0D0,1D0,     335P    258
0D0,0D0,1D0;                                                         335P    259
110,7.025D0,0D0,0D0,6.825D0,0D0,0D0;                                 337P    260
110,6.825D0,0D0,0D0,6.825D0,1D0,0D0;                                 339P    261
102,6,329,331,333,335,337,339;                                       341P    262
142,0,319,341,327,1;                                                 343P    263
144,319,1,0,343;                                                     345P    264
128,1,1,1,1,0,0,1,0,0,-2.342643908584D1,-2.342643908584D1,           347P    265
-8.523239085837D0,-8.523239085837D0,-2.453532438605D-2,              347P    266
-2.453532438605D-2,1.024535324386D0,1.024535324386D0,1D0,1D0,        347P    267
1D0,1D0,2.446202D1,4.328276D0,-7.754646756140D-1,9.55882D0,          347P    268
4.328276D0,-7.754646756140D-1,2.446202D1,4.328276D0,                 347P    269
-1.824535324386D0,9.55882D0,4.328276D0,-1.824535324386D0,            347P    270
-2.342643908584D1,-8.523239085837D0,-2.453532438605D-2,              347P    271
1.024535324386D0;                                                    347P    272
110,9.84542D0,4.328276D0,-8D-1,9.84542D0,4.328276D0,-1.8D0;          349P    273
102,4,21,41,79,349;                                                  351P    274
110,-8.809839085837D0,1D0,0D0,-2.313983908584D1,1D0,0D0;             353P    275
110,-2.313983908584D1,1D0,0D0,-2.313983908584D1,0D0,0D0;             355P    276
110,-2.313983908584D1,0D0,0D0,-8.809839085837D0,0D0,0D0;             357P    277
110,-8.809839085837D0,0D0,0D0,-8.809839085837D0,1D0,0D0;             359P    278
102,4,353,355,357,359;                                               361P    279
142,0,347,361,351,1;                                                 363P    280
144,347,1,0,363;                                                     365P    281
128,1,1,1,1,0,0,1,0,0,-2.343043908584D1,-2.343043908584D1,           367P    282
-8.319239085837D0,-8.319239085837D0,-5.850151767904D0,               367P    283
-5.850151767904D0,7.277453956233D0,7.277453956233D0,1D0,1D0,1D0,     367P    284
1D0,2.446602D1,1.700342776790D1,-8D-1,9.35482D0,                     367P    285
1.700342776790D1,-8D-1,2.446602D1,3.875822043767D0,-8D-1,            367P    286
9.35482D0,3.875822043767D0,-8D-1,-2.343043908584D1,                  367P    287
-8.319239085837D0,-5.850151767904D0,7.277453956233D0;                367P    288
102,6,83,39,79,69,105,85;                                            369P    289
110,-8.609839085837D0,7.025D0,0D0,-2.313983908584D1,7.025D0,0D0;     371P    290
110,-2.313983908584D1,7.025D0,0D0,-2.313983908584D1,6.825D0,0D0;     373P    291
110,-2.313983908584D1,6.825D0,0D0,-8.809839085837D0,6.825D0,0D0;     375P    292
110,-8.809839085837D0,6.825D0,0D0,-8.809839085837D0,                 377P    293
-5.597697811671D0,0D0;                                               377P    294
110,-8.809839085837D0,-5.597697811671D0,0D0,-8.609839085837D0,       379P    295
-5.597697811671D0,0D0;                                               379P    296
110,-8.609839085837D0,-5.597697811671D0,0D0,-8.609839085837D0,       381P    297
7.025D0,0D0;                                                         381P    298
102,6,371,373,375,377,379,381;                                       383P    299
142,0,367,383,369,1;                                                 385P    300
144,367,1,0,385;                                                     387P    301
128,1,1,1,1,0,0,1,0,0,-1.50246D1,-1.50246D1,2.946D-1,2.946D-1,       389P    302
-1.224535324386D0,-1.224535324386D0,2.453532438605D-2,               389P    303
2.453532438605D-2,1D0,1D0,1D0,1D0,9.35082D0,4.128276D0,              389P    304
-7.754646756140D-1,2.467002D1,4.128276D0,-7.754646756140D-1,         389P    305
9.35082D0,4.128276D0,-2.024535324386D0,2.467002D1,4.128276D0,        389P    306
-2.024535324386D0,-1.50246D1,2.946D-1,-1.224535324386D0,             389P    307
2.453532438605D-2;                                                   389P    308
110,2.437542D1,4.128276D0,-2D0,9.64542D0,4.128276D0,-2D0;            391P    309
110,9.64542D0,4.128276D0,-2D0,9.64542D0,4.128276D0,-8D-1;            393P    310
102,5,93,391,393,83,111;                                             395P    311
110,0D0,-1.2D0,0D0,0D0,0D0,0D0;                                      397P    312
110,0D0,0D0,0D0,-1.473D1,0D0,0D0;                                    399P    313
110,-1.473D1,0D0,0D0,-1.473D1,-1.2D0,0D0;                            401P    314
110,-1.473D1,-1.2D0,0D0,-2D-1,-1.2D0,0D0;                            403P    315
110,-2D-1,-1.2D0,0D0,0D0,-1.2D0,0D0;                                 405P    316
102,5,397,399,401,403,405;                                           407P    317
142,0,389,407,395,1;                                                 409P    318
144,389,1,0,409;                                                     411P    319
128,1,1,1,1,0,0,1,0,0,-1.06488D1,-1.06488D1,2.088D-1,2.088D-1,       413P    320
-1.804235165190D0,-1.804235165190D0,3.537716010176D-2,               413P    321
3.537716010176D-2,1D0,1D0,1D0,1D0,2.437542D1,3.919476D0,             413P    322
-1.957648348102D-1,2.437542D1,1.4777076D1,-1.957648348102D-1,        413P    323
2.437542D1,3.919476D0,-2.035377160102D0,2.437542D1,1.4777076D1,      413P    324
-2.035377160102D0,-1.06488D1,2.088D-1,-1.804235165190D0,             413P    325
3.537716010176D-2;                                                   413P    326
110,2.437542D1,1.4568276D1,-2D0,2.437542D1,4.128276D0,-2D0;          415P    327
110,2.437542D1,4.128276D0,-2D0,2.437542D1,4.128276D0,-8D-1;          417P    328
102,5,45,415,417,109,117;                                            419P    329
110,0D0,-1.2D0,0D0,0D0,0D0,0D0;                                      421P    330
110,0D0,0D0,0D0,-1.044D1,0D0,0D0;                                    423P    331
110,-1.044D1,0D0,0D0,-1.044D1,-1.2D0,0D0;                            425P    332
126,15,3,0,0,1,0,0D0,0D0,0D0,0D0,7.692307692308D-2,                  427P    333
1.538461538462D-1,2.307692307692D-1,3.076923076923D-1,               427P    334
3.846153846154D-1,4.615384615385D-1,5.384615384615D-1,               427P    335
6.153846153846D-1,6.923076923077D-1,7.692307692308D-1,               427P    336
8.461538461538D-1,9.230769230769D-1,1D0,1D0,1D0,1D0,1D0,1D0,1D0,     427P    337
1D0,1D0,1D0,1D0,1D0,1D0,1D0,1D0,1D0,1D0,1D0,1D0,1D0,-1.044D1,        427P    338
-1.2D0,0D0,-1.044011251260D1,-1.245755158058D0,0D0,                  427P    339
-1.042884315315D1,-1.337169408077D0,0D0,-1.037990657024D1,           427P    340
-1.466395470180D0,0D0,-1.030138805384D1,-1.580119104724D0,0D0,       427P    341
-1.019795623015D1,-1.671757088658D0,0D0,-1.007559392513D1,           427P    342
-1.735976796189D0,0D0,-9.941419998474D0,-1.769047867148D0,0D0,       427P    343
-9.803229977582D0,-1.769047867148D0,0D0,-9.669056050925D0,           427P    344
-1.735976796189D0,0D0,-9.546693745904D0,-1.671757088658D0,0D0,       427P    345
-9.443261922218D0,-1.580119104724D0,0D0,-9.364743405815D0,           427P    346
-1.466395470180D0,0D0,-9.315806822908D0,-1.337169408077D0,0D0,       427P    347
-9.304537463456D0,-1.245755158058D0,0D0,-9.304649976056D0,           427P    348
-1.2D0,0D0,0D0,1D0,0D0,0D0,1D0;                                      427P    349
110,-9.304649976056D0,-1.2D0,0D0,0D0,-1.2D0,0D0;                     429P    350
102,5,421,423,425,427,429;                                           431P    351
142,0,413,431,419,1;                                                 433P    352
144,413,1,0,433;                                                     435P    353
128,1,1,1,1,0,0,1,0,0,-2.946D-1,-2.946D-1,1.50246D1,1.50246D1,       437P    354
-1.4331D1,-1.4331D1,2.81D-1,2.81D-1,1D0,1D0,1D0,1D0,2.467002D1,      437P    355
1.8459276D1,-2D0,9.35082D0,1.8459276D1,-2D0,2.467002D1,              437P    356
3.847276D0,-2D0,9.35082D0,3.847276D0,-2D0,-2.946D-1,1.50246D1,       437P    357
-1.4331D1,2.81D-1;                                                   437P    358
102,6,87,91,43,49,57,95;                                             439P    359
110,1.473D1,0D0,0D0,0D0,0D0,0D0;                                     441P    360
110,0D0,0D0,0D0,0D0,-1.044D1,0D0;                                    443P    361
110,0D0,-1.044D1,0D0,4.78D0,-1.044D1,0D0;                            445P    362
110,4.78D0,-1.044D1,0D0,4.78D0,-1.405D1,0D0;                         447P    363
110,4.78D0,-1.405D1,0D0,1.473D1,-1.405D1,0D0;                        449P    364
110,1.473D1,-1.405D1,0D0,1.473D1,0D0,0D0;                            451P    365
102,6,441,443,445,447,449,451;                                       453P    366
142,0,437,453,439,1;                                                 455P    367
144,437,1,0,455;                                                     457P    368
128,1,1,1,1,0,0,1,0,0,-2.81D-1,-2.81D-1,1.4331D1,1.4331D1,           459P    369
-1.953441056551D0,-1.953441056551D0,3.830276581472D-2,               459P    370
3.830276581472D-2,1D0,1D0,1D0,1D0,9.64542D0,1.8459276D1,             459P    371
-4.655894344933D-2,9.64542D0,3.847276D0,-4.655894344933D-2,          459P    372
9.64542D0,1.8459276D1,-2.038302765815D0,9.64542D0,3.847276D0,        459P    373
-2.038302765815D0,-2.81D-1,1.4331D1,-1.953441056551D0,               459P    374
3.830276581472D-2;                                                   459P    375
110,9.64542D0,4.128276D0,-2D0,9.64542D0,1.8178276D1,-2D0;            461P    376
110,9.64542D0,1.8178276D1,-2D0,9.64542D0,1.8178276D1,-8D-1;          463P    377
102,5,89,461,463,101,85;                                             465P    378
110,1.405D1,-1.2D0,0D0,1.405D1,0D0,0D0;                              467P    379
110,1.405D1,0D0,0D0,0D0,0D0,0D0;                                     469P    380
110,0D0,0D0,0D0,0D0,-1.2D0,0D0;                                      471P    381
126,15,3,0,0,1,0,0D0,0D0,0D0,0D0,7.692307692308D-2,                  473P    382
1.538461538462D-1,2.307692307692D-1,3.076923076923D-1,               473P    383
3.846153846154D-1,4.615384615385D-1,5.384615384615D-1,               473P    384
6.153846153846D-1,6.923076923077D-1,7.692307692308D-1,               473P    385
8.461538461538D-1,9.230769230769D-1,1D0,1D0,1D0,1D0,1D0,1D0,1D0,     473P    386
1D0,1D0,1D0,1D0,1D0,1D0,1D0,1D0,1D0,1D0,1D0,1D0,1D0,0D0,-1.2D0,      473P    387
0D0,-1.414449085242D-4,-1.257520972252D0,0D0,1.402579961402D-2,      473P    388
-1.372442147524D0,0D0,7.554629144370D-2,-1.534898339305D0,0D0,       473P    389
1.742556303464D-1,-1.677865696531D0,0D0,3.042846656006D-1,           473P    390
-1.793068138284D0,0D0,4.581121038724D-1,-1.873801768583D0,0D0,       473P    391
6.267884900928D-1,-1.915376975308D0,0D0,8.005136982361D-1,           473P    392
-1.915376975308D0,0D0,9.691900844566D-1,-1.873801768583D0,0D0,       473P    393
1.123017522728D0,-1.793068138284D0,0D0,1.253046557983D0,             473P    394
-1.677865696531D0,0D0,1.351755896885D0,-1.534898339305D0,0D0,        473P    395
1.413276388715D0,-1.372442147524D0,0D0,1.427443633237D0,             473P    396
-1.257520972252D0,0D0,1.427302188329D0,-1.2D0,0D0,0D0,1D0,0D0,       473P    397
0D0,1D0;                                                             473P    398
110,1.427302188329D0,-1.2D0,0D0,1.405D1,-1.2D0,0D0;                  475P    399
102,5,467,469,471,473,475;                                           477P    400
142,0,459,477,465,1;                                                 479P    401
144,459,1,0,479;                                                     481P    402
110,9.84542D0,1.746462490584D1,-8D-1,8.84542D0,1.746462490584D1,     483P    403
-8D-1;                                                               483P    404
110,9.869955324386D0,1.8178276D1,-8D-1,9.620884675614D0,             485P    405
1.8178276D1,-8D-1;                                                   485P    406
120,483,485,3.078760800518D0,6.346017160251D0;                       487P    407
124,0D0,0D0,-1D0,9.64542D0,-1D0,0D0,0D0,1.746462490584D1,0D0,        489P    408
1D0,0D0,-8D-1;                                                       489P    409
100,0D0,0D0,0D0,7.136510941645D-1,0D0,-7.136510941645D-1,0D0;        491P    410
110,9.64542D0,1.8178276D1,-8D-1,9.84542D0,1.8178276D1,-8D-1;         493P    411
102,4,491,493,73,105;                                                495P    412
110,9.014925102295D-1,3.141592653590D0,0D0,9.014925102295D-1,        497P    413
6.283185307180D0,0D0;                                                497P    414
110,9.014925102295D-1,6.283185307180D0,0D0,9.850748977050D-2,        499P    415
6.283185307180D0,0D0;                                                499P    416
110,9.850748977050D-2,6.283185307180D0,0D0,9.850748977050D-2,        501P    417
3.141592653590D0,0D0;                                                501P    418
110,9.850748977050D-2,3.141592653590D0,0D0,9.014925102295D-1,        503P    419
3.141592653590D0,0D0;                                                503P    420
102,4,497,499,501,503;                                               505P    421
142,0,487,505,495,1;                                                 507P    422
144,487,1,0,507;                                                     509P    423
110,2.417542D1,4.695951011972D0,-8D-1,2.517542D1,                    511P    424
4.695951011972D0,-8D-1;                                              511P    425
110,2.415088467561D1,4.128276D0,-8D-1,2.439995532439D1,              513P    426
4.128276D0,-8D-1;                                                    513P    427
120,511,513,3.078760800518D0,6.346017160251D0;                       515P    428
124,0D0,0D0,1D0,2.437542D1,1D0,0D0,0D0,4.695951011972D0,0D0,1D0,     517P    429
0D0,-8D-1;                                                           517P    430
100,0D0,0D0,0D0,5.676750119721D-1,0D0,-5.676750119721D-1,            519P    431
-1.480428466092D-14;                                                 519P    432
110,2.437542D1,4.128276D0,-8D-1,2.417542D1,4.128276D0,-8D-1;         521P    433
102,4,519,521,37,113;                                                523P    434
110,9.014925102295D-1,3.141592653590D0,0D0,9.014925102295D-1,        525P    435
6.283185307180D0,0D0;                                                525P    436
110,9.014925102295D-1,6.283185307180D0,0D0,9.850748977050D-2,        527P    437
6.283185307180D0,0D0;                                                527P    438
110,9.850748977050D-2,6.283185307180D0,0D0,9.850748977050D-2,        529P    439
3.141592653590D0,0D0;                                                529P    440
110,9.850748977050D-2,3.141592653590D0,0D0,9.014925102295D-1,        531P    441
3.141592653590D0,0D0;                                                531P    442
102,4,525,527,529,531;                                               533P    443
142,0,515,533,523,1;                                                 535P    444
144,515,1,0,535;                                                     537P    445
128,1,1,1,1,0,0,1,0,0,-2.336437441022D1,-2.336437441022D1,           539P    446
-2.311530376145D1,-2.311530376145D1,-3.601092999521D0,               539P    447
-3.601092999521D0,6.075742975577D0,6.075742975577D0,1D0,1D0,1D0,     539P    448
1D0,2.439995532439D1,1.475436899952D1,-8D-1,2.415088467561D1,        539P    449
1.475436899952D1,-8D-1,2.439995532439D1,5.077533024423D0,-8D-1,      539P    450
2.415088467561D1,5.077533024423D0,-8D-1,-2.336437441022D1,           539P    451
-2.311530376145D1,-3.601092999521D0,6.075742975577D0;                539P    452
102,4,113,117,115,33;                                                541P    453
110,-2.313983908584D1,5.889649976056D0,0D0,-2.333983908584D1,        543P    454
5.889649976056D0,0D0;                                                543P    455
110,-2.333983908584D1,5.889649976056D0,0D0,-2.333983908584D1,        545P    456
-3.415D0,0D0;                                                        545P    457
110,-2.333983908584D1,-3.415D0,0D0,-2.313983908584D1,-3.415D0,       547P    458
0D0;                                                                 547P    459
110,-2.313983908584D1,-3.415D0,0D0,-2.313983908584D1,                549P    460
5.889649976056D0,0D0;                                                549P    461
102,4,543,545,547,549;                                               551P    462
142,0,539,551,541,1;                                                 553P    463
144,539,1,0,553;                                                     555P    464
128,1,1,1,1,0,0,1,0,0,-1.447083908584D1,-1.447083908584D1,           557P    465
-8.698839085837D0,-8.698839085837D0,-7.049535324386D0,               557P    466
-7.049535324386D0,-6.800464675614D0,-6.800464675614D0,1D0,1D0,       557P    467
1D0,1D0,1.550642D1,1.820281132439D1,-8D-1,9.73442D0,                 557P    468
1.820281132439D1,-8D-1,1.550642D1,1.795374067561D1,-8D-1,            557P    469
9.73442D0,1.795374067561D1,-8D-1,-1.447083908584D1,                  557P    470
-8.698839085837D0,-7.049535324386D0,-6.800464675614D0;               557P    471
102,4,75,67,65,119;                                                  559P    472
110,-8.809839085837D0,-7.025D0,0D0,-8.809839085837D0,-6.825D0,       561P    473
0D0;                                                                 561P    474
110,-8.809839085837D0,-6.825D0,0D0,-1.435983908584D1,-6.825D0,       563P    475
0D0;                                                                 563P    476
110,-1.435983908584D1,-6.825D0,0D0,-1.435983908584D1,-7.025D0,       565P    477
0D0;                                                                 565P    478
110,-1.435983908584D1,-7.025D0,0D0,-8.809839085837D0,-7.025D0,       567P    479
0D0;                                                                 567P    480
102,4,561,563,565,567;                                               569P    481
142,0,557,569,559,1;                                                 571P    482
144,557,1,0,571;                                                     573P    483
128,1,1,1,1,0,0,1,0,0,-1.858437441022D1,-1.858437441022D1,           575P    484
-1.833530376145D1,-1.833530376145D1,-7.0972D0,-7.0972D0,             575P    485
-3.3428D0,-3.3428D0,1D0,1D0,1D0,1D0,1.961995532439D1,                575P    486
1.8250476D1,-8D-1,1.937088467561D1,1.8250476D1,-8D-1,                575P    487
1.961995532439D1,1.4496076D1,-8D-1,1.937088467561D1,1.4496076D1,     575P    488
-8D-1,-1.858437441022D1,-1.833530376145D1,-7.0972D0,-3.3428D0;       575P    489
102,4,121,131,125,123;                                               577P    490
110,-1.855983908584D1,-7.025D0,0D0,-1.835983908584D1,-7.025D0,       579P    491
0D0;                                                                 579P    492
110,-1.835983908584D1,-7.025D0,0D0,-1.835983908584D1,-3.415D0,       581P    493
0D0;                                                                 581P    494
110,-1.835983908584D1,-3.415D0,0D0,-1.855983908584D1,-3.415D0,       583P    495
0D0;                                                                 583P    496
110,-1.855983908584D1,-3.415D0,0D0,-1.855983908584D1,-7.025D0,       585P    497
0D0;                                                                 585P    498
102,4,579,581,583,585;                                               587P    499
142,0,575,587,577,1;                                                 589P    500
144,575,1,0,589;                                                     591P    501
128,1,1,1,1,0,0,1,0,0,-1.858437441022D1,-1.858437441022D1,           593P    502
-1.833530376145D1,-1.833530376145D1,-2.453532438605D-2,              593P    503
-2.453532438605D-2,1.024535324386D0,1.024535324386D0,1D0,1D0,        593P    504
1D0,1D0,1.961995532439D1,1.4568276D1,-7.754646756140D-1,             593P    505
1.937088467561D1,1.4568276D1,-7.754646756140D-1,                     593P    506
1.961995532439D1,1.4568276D1,-1.824535324386D0,1.937088467561D1,     593P    507
1.4568276D1,-1.824535324386D0,-1.858437441022D1,                     593P    508
-1.833530376145D1,-2.453532438605D-2,1.024535324386D0;               593P    509
110,1.959542D1,1.4568276D1,-8D-1,1.939542D1,1.4568276D1,-8D-1;       595P    510
102,4,127,129,595,133;                                               597P    511
110,-1.835983908584D1,1D0,0D0,-1.855983908584D1,1D0,0D0;             599P    512
110,-1.855983908584D1,1D0,0D0,-1.855983908584D1,0D0,0D0;             601P    513
110,-1.855983908584D1,0D0,0D0,-1.835983908584D1,0D0,0D0;             603P    514
110,-1.835983908584D1,0D0,0D0,-1.835983908584D1,1D0,0D0;             605P    515
102,4,599,601,603,605;                                               607P    516
142,0,593,607,597,1;                                                 609P    517
144,593,1,0,609;                                                     611P    518
128,1,1,1,1,0,0,1,0,0,-7.0972D0,-7.0972D0,-3.3428D0,-3.3428D0,       613P    519
-2.453532438605D-2,-2.453532438605D-2,1.024535324386D0,              613P    520
1.024535324386D0,1D0,1D0,1D0,1D0,1.939542D1,1.8250476D1,             613P    521
-7.754646756140D-1,1.939542D1,1.4496076D1,-7.754646756140D-1,        613P    522
1.939542D1,1.8250476D1,-1.824535324386D0,1.939542D1,1.4496076D1,     613P    523
-1.824535324386D0,-7.0972D0,-3.3428D0,-2.453532438605D-2,            613P    524
1.024535324386D0;                                                    613P    525
102,4,29,61,131,133;                                                 615P    526
110,-3.415D0,1D0,0D0,-7.025D0,1D0,0D0;                               617P    527
110,-7.025D0,1D0,0D0,-7.025D0,0D0,0D0;                               619P    528
110,-7.025D0,0D0,0D0,-3.415D0,0D0,0D0;                               621P    529
110,-3.415D0,0D0,0D0,-3.415D0,1D0,0D0;                               623P    530
102,4,617,619,621,623;                                               625P    531
142,0,613,625,615,1;                                                 627P    532
144,613,1,0,627;                                                     629P    533
314,7.529411764706D1,7.529411764706D1,7.529411764706D1;              631P    534
314,1D2,5.019607843137D1,5.019607843137D1;                           633P    535
110,1.686020045192D1,1.194985533250D1,1D-2,1.686020045192D1,         635P    536
1.194985533250D1,-1.69D0;                                            635P    537
124,-6.995121153784D-1,-7.146207388810D-1,0D0,1.654542D1,            637P    538
-7.146207388810D-1,6.995121153784D-1,0D0,1.1628276D1,0D0,0D0,        637P    539
-1D0,-1.79D0;                                                        637P    540
100,0D0,0D0,0D0,3.5D-1,0D0,-3.5D-1,0D0;                              639P    541
110,1.686020045192D1,1.194985533250D1,-1.69D0,1.679024924038D1,      641P    542
1.187839325861D1,-1.79D0;                                            641P    543
124,-6.995121153784D-1,-7.146207388810D-1,0D0,1.654542D1,            643P    544
-7.146207388810D-1,6.995121153784D-1,0D0,1.1628276D1,0D0,0D0,        643P    545
-1D0,-1.69D0;                                                        643P    546
100,0D0,0D0,0D0,4.5D-1,0D0,-4.5D-1,0D0;                              645P    547
110,1.623063954808D1,1.130669666750D1,-1.69D0,1.630059075962D1,      647P    548
1.137815874139D1,-1.79D0;                                            647P    549
124,6.995121153784D-1,7.146207388810D-1,0D0,1.654542D1,              649P    550
7.146207388810D-1,-6.995121153784D-1,0D0,1.1628276D1,0D0,0D0,        649P    551
-1D0,-1.69D0;                                                        649P    552
100,0D0,0D0,0D0,4.5D-1,0D0,-4.5D-1,0D0;                              651P    553
124,6.995121153784D-1,7.146207388810D-1,0D0,1.654542D1,              653P    554
7.146207388810D-1,-6.995121153784D-1,0D0,1.1628276D1,0D0,0D0,        653P    555
-1D0,-1.79D0;                                                        653P    556
100,0D0,0D0,0D0,3.5D-1,0D0,-3.5D-1,0D0;                              655P    557
110,1.623063954808D1,1.130669666750D1,1D-2,1.623063954808D1,         657P    558
1.130669666750D1,-1.69D0;                                            657P    559
124,-6.995121153784D-1,7.146207388810D-1,0D0,1.654542D1,             659P    560
-7.146207388810D-1,-6.995121153784D-1,0D0,1.1628276D1,0D0,0D0,       659P    561
1D0,1D-2;                                                            659P    562
100,0D0,0D0,0D0,4.5D-1,0D0,-4.5D-1,0D0;                              661P    563
124,6.995121153784D-1,-7.146207388810D-1,0D0,1.654542D1,             663P    564
7.146207388810D-1,6.995121153784D-1,0D0,1.1628276D1,0D0,0D0,1D0,     663P    565
1D-2;                                                                663P    566
100,0D0,0D0,0D0,4.5D-1,0D0,-4.5D-1,0D0;                              665P    567
110,1.612571273077D1,1.119950355667D1,4.01D0,1.612571273077D1,       667P    568
1.119950355667D1,1D-2;                                               667P    569
124,6.995121153784D-1,7.146207388810D-1,0D0,1.654542D1,              669P    570
7.146207388810D-1,-6.995121153784D-1,0D0,1.1628276D1,0D0,0D0,        669P    571
-1D0,1D-2;                                                           669P    572
100,0D0,0D0,0D0,6D-1,0D0,-6D-1,0D0;                                  671P    573
124,-6.995121153784D-1,-7.146207388810D-1,0D0,1.654542D1,            673P    574
-7.146207388810D-1,6.995121153784D-1,0D0,1.1628276D1,0D0,0D0,        673P    575
-1D0,1D-2;                                                           673P    576
100,0D0,0D0,0D0,6D-1,0D0,-6D-1,0D0;                                  675P    577
110,1.696512726923D1,1.205704844333D1,4.01D0,1.696512726923D1,       677P    578
1.205704844333D1,1D-2;                                               677P    579
124,-6.995121153784D-1,-7.146207388810D-1,0D0,1.654542D1,            679P    580
-7.146207388810D-1,6.995121153784D-1,0D0,1.1628276D1,0D0,0D0,        679P    581
-1D0,4.01D0;                                                         679P    582
100,0D0,0D0,0D0,1D0,0D0,-1D0,0D0;                                    681P    583
124,6.995121153784D-1,7.146207388810D-1,0D0,1.654542D1,              683P    584
7.146207388810D-1,-6.995121153784D-1,0D0,1.1628276D1,0D0,0D0,        683P    585
-1D0,4.01D0;                                                         683P    586
100,0D0,0D0,0D0,1D0,0D0,-1D0,0D0;                                    685P    587
124,-6.995121153784D-1,7.146207388810D-1,0D0,1.654542D1,             687P    588
-7.146207388810D-1,-6.995121153784D-1,0D0,1.1628276D1,0D0,0D0,       687P    589
1D0,4.01D0;                                                          687P    590
100,0D0,0D0,0D0,6D-1,0D0,-6D-1,0D0;                                  689P    591
124,6.995121153784D-1,-7.146207388810D-1,0D0,1.654542D1,             691P    592
7.146207388810D-1,6.995121153784D-1,0D0,1.1628276D1,0D0,0D0,1D0,     691P    593
4.01D0;                                                              691P    594
100,0D0,0D0,0D0,6D-1,0D0,-6D-1,0D0;                                  693P    595
110,1.724493211538D1,1.234289673888D1,4.51D0,1.724493211538D1,       695P    596
1.234289673888D1,4.01D0;                                             695P    597
124,6.995121153784D-1,-7.146207388810D-1,0D0,1.654542D1,             697P    598
7.146207388810D-1,6.995121153784D-1,0D0,1.1628276D1,0D0,0D0,1D0,     697P    599
4.51D0;                                                              697P    600
100,0D0,0D0,0D0,1D0,0D0,-1D0,0D0;                                    699P    601
110,1.584590788462D1,1.091365526112D1,4.51D0,1.584590788462D1,       701P    602
1.091365526112D1,4.01D0;                                             701P    603
124,-6.995121153784D-1,7.146207388810D-1,0D0,1.654542D1,             703P    604
-7.146207388810D-1,-6.995121153784D-1,0D0,1.1628276D1,0D0,0D0,       703P    605
1D0,4.51D0;                                                          703P    606
100,0D0,0D0,0D0,1D0,0D0,-1D0,0D0;                                    705P    607
110,1.654542D1,1.1628276D1,-1.79D0,1.654542D1,1.1628276D1,           707P    608
-7.9D-1;                                                             707P    609
110,1.686020045192D1,1.194985533250D1,-1.724D0,1.686020045192D1,     709P    610
1.194985533250D1,4.4D-2;                                             709P    611
120,707,709,-6.283185307180D-2,3.204424506662D0;                     711P    612
110,1.686020045192D1,1.194985533250D1,-1.69D0,1.686020045192D1,      713P    613
1.194985533250D1,1D-2;                                               713P    614
102,4,645,713,665,657;                                               715P    615
110,1.923076923077D-2,3.141592653590D0,0D0,1.923076923077D-2,        717P    616
0D0,0D0;                                                             717P    617
110,1.923076923077D-2,0D0,0D0,9.807692307692D-1,0D0,0D0;             719P    618
110,9.807692307692D-1,0D0,0D0,9.807692307692D-1,                     721P    619
3.141592653590D0,0D0;                                                721P    620
110,9.807692307692D-1,3.141592653590D0,0D0,1.923076923077D-2,        723P    621
3.141592653590D0,0D0;                                                723P    622
102,4,717,719,721,723;                                               725P    623
142,0,711,725,715,1;                                                 727P    624
144,711,1,0,727;                                                     729P    625
110,1.654542D1,1.1628276D1,-2.14D0,1.654542D1,1.1628276D1,           731P    626
-1.14D0;                                                             731P    627
110,1.678614992189D1,1.187420539974D1,-1.795860253749D0,             733P    628
1.686429977042D1,1.195404319136D1,-1.684139746251D0;                 733P    629
120,731,733,-6.283185307180D-2,3.204424506662D0;                     735P    630
110,1.679024924038D1,1.187839325861D1,-1.79D0,1.686020045192D1,      737P    631
1.194985533250D1,-1.69D0;                                            737P    632
124,6.995121153784D-1,-7.146207388810D-1,0D0,1.654542D1,             739P    633
7.146207388810D-1,6.995121153784D-1,0D0,1.1628276D1,0D0,0D0,1D0,     739P    634
-1.69D0;                                                             739P    635
100,0D0,0D0,0D0,4.5D-1,0D0,-4.5D-1,0D0;                              741P    636
102,4,639,737,741,647;                                               743P    637
110,5.245459298925D-2,3.141592653590D0,0D0,5.245459298925D-2,        745P    638
0D0,0D0;                                                             745P    639
110,5.245459298925D-2,0D0,0D0,9.475454070107D-1,0D0,0D0;             747P    640
110,9.475454070107D-1,0D0,0D0,9.475454070107D-1,                     749P    641
3.141592653590D0,0D0;                                                749P    642
110,9.475454070107D-1,3.141592653590D0,0D0,5.245459298925D-2,        751P    643
3.141592653590D0,0D0;                                                751P    644
102,4,745,747,749,751;                                               753P    645
142,0,735,753,743,1;                                                 755P    646
144,735,1,0,755;                                                     757P    647
128,1,1,1,1,0,0,1,0,0,-3.64D-1,-3.64D-1,3.64D-1,3.64D-1,             759P    648
-3.645769470862D-1,-3.645769470862D-1,3.645769470862D-1,             759P    649
3.645769470862D-1,1D0,1D0,1D0,1D0,1.706057665730D1,                  759P    650
1.163337195748D1,-1.79D0,1.655133183731D1,1.111312805957D1,          759P    651
-1.79D0,1.653950816269D1,1.214342394043D1,-1.79D0,                   759P    652
1.603026334270D1,1.162318004252D1,-1.79D0,-3.64D-1,3.64D-1,          759P    653
-3.645769470862D-1,3.645769470862D-1;                                759P    654
102,2,655,639;                                                       761P    655
126,17,3,0,0,1,0,0D0,0D0,0D0,0D0,6.666666666667D-2,                  763P    656
1.333333333333D-1,2D-1,2.666666666667D-1,3.333333333333D-1,4D-1,     763P    657
4.666666666667D-1,5.333333333333D-1,6D-1,6.666666666667D-1,          763P    658
7.333333333333D-1,8D-1,8.666666666667D-1,9.333333333333D-1,1D0,      763P    659
1D0,1D0,1D0,1D0,1D0,1D0,1D0,1D0,1D0,1D0,1D0,1D0,1D0,1D0,1D0,1D0,     763P    660
1D0,1D0,1D0,1D0,1D0,-3.5D-1,0D0,0D0,-3.500394266722D-1,              763P    661
-2.444272736251D-2,0D0,-3.448453953133D-1,-7.329915153553D-2,        763P    662
0D0,-3.220919379361D-1,-1.434034292992D-1,0D0,                       763P    663
-2.852323139917D-1,-2.072340817270D-1,0D0,-2.359144942846D-1,        763P    664
-2.620092736071D-1,0D0,-1.762839822236D-1,-3.053329573470D-1,        763P    665
0D0,-1.089495768208D-1,-3.353122449521D-1,0D0,                       763P    666
-3.685339868041D-2,-3.506367470642D-1,0D0,3.685339868041D-2,         763P    667
-3.506367470642D-1,0D0,1.089495768208D-1,-3.353122449521D-1,0D0,     763P    668
1.762839822237D-1,-3.053329573470D-1,0D0,2.359144942846D-1,          763P    669
-2.620092736071D-1,0D0,2.852323139917D-1,-2.072340817270D-1,0D0,     763P    670
3.220919379361D-1,-1.434034292992D-1,0D0,3.448453953133D-1,          763P    671
-7.329915153553D-2,0D0,3.500394266722D-1,-2.444272736251D-2,0D0,     763P    672
3.5D-1,0D0,0D0,0D0,1D0,0D0,0D0,1D0;                                  763P    673
126,17,3,0,0,1,0,0D0,0D0,0D0,0D0,6.666666666667D-2,                  765P    674
1.333333333333D-1,2D-1,2.666666666667D-1,3.333333333333D-1,4D-1,     765P    675
4.666666666667D-1,5.333333333333D-1,6D-1,6.666666666667D-1,          765P    676
7.333333333333D-1,8D-1,8.666666666667D-1,9.333333333333D-1,1D0,      765P    677
1D0,1D0,1D0,1D0,1D0,1D0,1D0,1D0,1D0,1D0,1D0,1D0,1D0,1D0,1D0,1D0,     765P    678
1D0,1D0,1D0,1D0,1D0,3.5D-1,0D0,0D0,3.500394266722D-1,                765P    679
2.444272736251D-2,0D0,3.448453953133D-1,7.329915153553D-2,0D0,       765P    680
3.220919379361D-1,1.434034292992D-1,0D0,2.852323139917D-1,           765P    681
2.072340817270D-1,0D0,2.359144942846D-1,2.620092736071D-1,0D0,       765P    682
1.762839822236D-1,3.053329573470D-1,0D0,1.089495768208D-1,           765P    683
3.353122449521D-1,0D0,3.685339868041D-2,3.506367470642D-1,0D0,       765P    684
-3.685339868041D-2,3.506367470642D-1,0D0,-1.089495768208D-1,         765P    685
3.353122449521D-1,0D0,-1.762839822237D-1,3.053329573470D-1,0D0,      765P    686
-2.359144942846D-1,2.620092736071D-1,0D0,-2.852323139917D-1,         765P    687
2.072340817270D-1,0D0,-3.220919379361D-1,1.434034292992D-1,0D0,      765P    688
-3.448453953133D-1,7.329915153553D-2,0D0,-3.500394266722D-1,         765P    689
2.444272736251D-2,0D0,-3.5D-1,0D0,0D0,0D0,1D0,0D0,0D0,1D0;           765P    690
102,2,763,765;                                                       767P    691
142,0,759,767,761,1;                                                 769P    692
144,759,1,0,769;                                                     771P    693
110,1.654542D1,1.1628276D1,-2.14D0,1.654542D1,1.1628276D1,           773P    694
-1.14D0;                                                             773P    695
110,1.678614992189D1,1.187420539974D1,-1.795860253749D0,             775P    696
1.686429977042D1,1.195404319136D1,-1.684139746251D0;                 775P    697
120,773,775,3.078760800518D0,6.346017160251D0;                       777P    698
110,1.630059075962D1,1.137815874139D1,-1.79D0,1.623063954808D1,      779P    699
1.130669666750D1,-1.69D0;                                            779P    700
124,-6.995121153784D-1,7.146207388810D-1,0D0,1.654542D1,             781P    701
-7.146207388810D-1,-6.995121153784D-1,0D0,1.1628276D1,0D0,0D0,       781P    702
1D0,-1.69D0;                                                         781P    703
100,0D0,0D0,0D0,4.5D-1,0D0,-4.5D-1,0D0;                              783P    704
102,4,779,783,641,655;                                               785P    705
110,5.245459298925D-2,3.141592653590D0,0D0,9.475454070107D-1,        787P    706
3.141592653590D0,0D0;                                                787P    707
110,9.475454070107D-1,3.141592653590D0,0D0,9.475454070107D-1,        789P    708
6.283185307180D0,0D0;                                                789P    709
110,9.475454070107D-1,6.283185307180D0,0D0,5.245459298925D-2,        791P    710
6.283185307180D0,0D0;                                                791P    711
110,5.245459298925D-2,6.283185307180D0,0D0,5.245459298925D-2,        793P    712
3.141592653590D0,0D0;                                                793P    713
102,4,787,789,791,793;                                               795P    714
142,0,777,795,785,1;                                                 797P    715
144,777,1,0,797;                                                     799P    716
110,1.654542D1,1.1628276D1,-1.79D0,1.654542D1,1.1628276D1,           801P    717
-7.9D-1;                                                             801P    718
110,1.686020045192D1,1.194985533250D1,-1.724D0,1.686020045192D1,     803P    719
1.194985533250D1,4.4D-2;                                             803P    720
120,801,803,3.078760800518D0,6.346017160251D0;                       805P    721
110,1.623063954808D1,1.130669666750D1,-1.69D0,1.623063954808D1,      807P    722
1.130669666750D1,1D-2;                                               807P    723
102,4,807,661,635,651;                                               809P    724
110,1.923076923077D-2,3.141592653590D0,0D0,9.807692307692D-1,        811P    725
3.141592653590D0,0D0;                                                811P    726
110,9.807692307692D-1,3.141592653590D0,0D0,9.807692307692D-1,        813P    727
6.283185307180D0,0D0;                                                813P    728
110,9.807692307692D-1,6.283185307180D0,0D0,1.923076923077D-2,        815P    729
6.283185307180D0,0D0;                                                815P    730
110,1.923076923077D-2,6.283185307180D0,0D0,1.923076923077D-2,        817P    731
3.141592653590D0,0D0;                                                817P    732
102,4,811,813,815,817;                                               819P    733
142,0,805,819,809,1;                                                 821P    734
144,805,1,0,821;                                                     823P    735
128,1,1,1,1,0,0,1,0,0,-6.24D-1,-6.24D-1,6.24D-1,6.24D-1,             825P    736
-6.247764512667D-1,-6.247764512667D-1,6.247764512667D-1,             825P    737
6.247764512667D-1,1D0,1D0,1D0,1D0,1.742839376924D1,                  825P    738
1.163716064400D1,1D-2,1.655540264924D1,1.074531396187D1,1D-2,        825P    739
1.653543735076D1,1.251123803813D1,1D-2,1.566244623076D1,             825P    740
1.161939135600D1,1D-2,-6.24D-1,6.24D-1,-6.247764512667D-1,           825P    741
6.247764512667D-1;                                                   825P    742
102,2,671,675;                                                       827P    743
126,19,3,0,0,1,0,0D0,0D0,0D0,0D0,5.882352941176D-2,                  829P    744
1.176470588235D-1,1.764705882353D-1,2.352941176471D-1,               829P    745
2.941176470588D-1,3.529411764706D-1,4.117647058824D-1,               829P    746
4.705882352941D-1,5.294117647059D-1,5.882352941176D-1,               829P    747
6.470588235294D-1,7.058823529412D-1,7.647058823529D-1,               829P    748
8.235294117647D-1,8.823529411765D-1,9.411764705882D-1,1D0,1D0,       829P    749
1D0,1D0,1D0,1D0,1D0,1D0,1D0,1D0,1D0,1D0,1D0,1D0,1D0,1D0,1D0,1D0,     829P    750
1D0,1D0,1D0,1D0,1D0,1D0,-6D-1,0D0,0D0,-6.000411699555D-1,            829P    751
-3.696736911847D-2,0D0,-5.931312568067D-1,-1.108754476345D-1,        829P    752
0D0,-5.626820051054D-1,-2.179831437411D-1,0D0,                       829P    753
-5.130407486274D-1,-3.176619756750D-1,0D0,-4.459366890116D-1,        829P    754
-4.065247399174D-1,0D0,-3.636445973207D-1,-4.815433817828D-1,        829P    755
0D0,-2.689696126710D-1,-5.401637511601D-1,0D0,                       829P    756
-1.651350327907D-1,-5.803894624552D-1,0D0,-5.567702042574D-2,        829P    757
-6.008507144414D-1,0D0,5.567702042573D-2,-6.008507144414D-1,0D0,     829P    758
1.651350327907D-1,-5.803894624552D-1,0D0,2.689696126710D-1,          829P    759
-5.401637511601D-1,0D0,3.636445973207D-1,-4.815433817828D-1,0D0,     829P    760
4.459366890116D-1,-4.065247399174D-1,0D0,5.130407486274D-1,          829P    761
-3.176619756750D-1,0D0,5.626820051054D-1,-2.179831437411D-1,0D0,     829P    762
5.931312568067D-1,-1.108754476345D-1,0D0,6.000411699555D-1,          829P    763
-3.696736911847D-2,0D0,6D-1,0D0,0D0,0D0,1D0,0D0,0D0,1D0;             829P    764
126,19,3,0,0,1,0,0D0,0D0,0D0,0D0,5.882352941176D-2,                  831P    765
1.176470588235D-1,1.764705882353D-1,2.352941176471D-1,               831P    766
2.941176470588D-1,3.529411764706D-1,4.117647058824D-1,               831P    767
4.705882352941D-1,5.294117647059D-1,5.882352941176D-1,               831P    768
6.470588235294D-1,7.058823529412D-1,7.647058823529D-1,               831P    769
8.235294117647D-1,8.823529411765D-1,9.411764705882D-1,1D0,1D0,       831P    770
1D0,1D0,1D0,1D0,1D0,1D0,1D0,1D0,1D0,1D0,1D0,1D0,1D0,1D0,1D0,1D0,     831P    771
1D0,1D0,1D0,1D0,1D0,1D0,6D-1,0D0,0D0,6.000411699555D-1,              831P    772
3.696736911847D-2,0D0,5.931312568067D-1,1.108754476345D-1,0D0,       831P    773
5.626820051054D-1,2.179831437411D-1,0D0,5.130407486274D-1,           831P    774
3.176619756750D-1,0D0,4.459366890116D-1,4.065247399174D-1,0D0,       831P    775
3.636445973207D-1,4.815433817828D-1,0D0,2.689696126710D-1,           831P    776
5.401637511601D-1,0D0,1.651350327907D-1,5.803894624552D-1,0D0,       831P    777
5.567702042574D-2,6.008507144414D-1,0D0,-5.567702042574D-2,          831P    778
6.008507144414D-1,0D0,-1.651350327907D-1,5.803894624552D-1,0D0,      831P    779
-2.689696126710D-1,5.401637511601D-1,0D0,-3.636445973207D-1,         831P    780
4.815433817828D-1,0D0,-4.459366890116D-1,4.065247399174D-1,0D0,      831P    781
-5.130407486274D-1,3.176619756750D-1,0D0,-5.626820051054D-1,         831P    782
2.179831437411D-1,0D0,-5.931312568067D-1,1.108754476345D-1,0D0,      831P    783
-6.000411699555D-1,3.696736911847D-2,0D0,-6D-1,0D0,0D0,0D0,1D0,      831P    784
0D0,0D0,1D0;                                                         831P    785
102,2,829,831;                                                       833P    786
142,0,825,833,827,1;                                                 835P    787
102,2,661,665;                                                       837P    788
126,18,3,0,0,1,0,0D0,0D0,0D0,0D0,6.250021330090D-2,                  839P    789
1.250006147229D-1,1.875008309768D-1,2.499989864123D-1,               839P    790
3.124990164601D-1,3.749996497913D-1,4.374997645107D-1,               839P    791
4.999991146285D-1,5.624981057514D-1,6.249971917572D-1,               839P    792
6.874966594158D-1,7.499962087438D-1,8.124949179849D-1,               839P    793
8.749963167517D-1,9.374982796110D-1,1D0,1D0,1D0,1D0,1D0,1D0,1D0,     839P    794
1D0,1D0,1D0,1D0,1D0,1D0,1D0,1D0,1D0,1D0,1D0,1D0,1D0,1D0,1D0,1D0,     839P    795
4.5D-1,0D0,0D0,4.500392639183D-1,-2.946009778872D-2,0D0,             839P    796
4.441801544431D-1,-8.835332672776D-2,0D0,4.184303751019D-1,          839P    797
-1.733193398050D-1,0D0,3.765717490020D-1,-2.516180746608D-1,0D0,     839P    798
3.202499086118D-1,-3.202488269252D-1,0D0,2.516190504911D-1,          839P    799
-3.765726272702D-1,0D0,1.733183533909D-1,-4.184255202675D-1,0D0,     839P    800
8.835723165956D-2,-4.441982638801D-1,0D0,1.432698691732D-6,          839P    801
-4.529007103542D-1,0D0,-8.835392845222D-2,-4.441988547979D-1,        839P    802
0D0,-1.733140893823D-1,-4.184271753808D-1,0D0,                       839P    803
-2.516141434512D-1,-3.765758133837D-1,0D0,-3.202454053796D-1,        839P    804
-3.202533349977D-1,0D0,-3.765686095106D-1,-2.516229190790D-1,        839P    805
0D0,-4.184288860193D-1,-1.733232709862D-1,0D0,                       839P    806
-4.441798685667D-1,-8.835548923745D-2,0D0,-4.500392678428D-1,        839P    807
-2.946081093262D-2,0D0,-4.5D-1,0D0,0D0,0D0,1D0,0D0,0D0,1D0;          839P    808
126,18,3,0,0,1,0,0D0,0D0,0D0,0D0,6.250021330090D-2,                  841P    809
1.250006147229D-1,1.875008309768D-1,2.499989864123D-1,               841P    810
3.124990164601D-1,3.749996497913D-1,4.374997645107D-1,               841P    811
4.999991146285D-1,5.624981057514D-1,6.249971917572D-1,               841P    812
6.874966594158D-1,7.499962087438D-1,8.124949179849D-1,               841P    813
8.749963167517D-1,9.374982796110D-1,1D0,1D0,1D0,1D0,1D0,1D0,1D0,     841P    814
1D0,1D0,1D0,1D0,1D0,1D0,1D0,1D0,1D0,1D0,1D0,1D0,1D0,1D0,1D0,1D0,     841P    815
-4.5D-1,0D0,0D0,-4.500392639183D-1,2.946009778872D-2,0D0,            841P    816
-4.441801544431D-1,8.835332672776D-2,0D0,-4.184303751019D-1,         841P    817
1.733193398050D-1,0D0,-3.765717490020D-1,2.516180746608D-1,0D0,      841P    818
-3.202499086118D-1,3.202488269252D-1,0D0,-2.516190504911D-1,         841P    819
3.765726272702D-1,0D0,-1.733183533909D-1,4.184255202675D-1,0D0,      841P    820
-8.835723165956D-2,4.441982638801D-1,0D0,-1.432698691729D-6,         841P    821
4.529007103542D-1,0D0,8.835392845222D-2,4.441988547979D-1,0D0,       841P    822
1.733140893823D-1,4.184271753808D-1,0D0,2.516141434512D-1,           841P    823
3.765758133837D-1,0D0,3.202454053796D-1,3.202533349977D-1,0D0,       841P    824
3.765686095106D-1,2.516229190790D-1,0D0,4.184288860193D-1,           841P    825
1.733232709862D-1,0D0,4.441798685667D-1,8.835548923745D-2,0D0,       841P    826
4.500392678428D-1,2.946081093262D-2,0D0,4.5D-1,0D0,0D0,0D0,1D0,      841P    827
0D0,0D0,1D0;                                                         841P    828
102,2,839,841;                                                       843P    829
142,0,825,843,837,1;                                                 845P    830
144,825,1,1,835,845;                                                 847P    831
110,1.654542D1,1.1628276D1,1D-2,1.654542D1,1.1628276D1,1.01D0;       849P    832
110,1.696512726923D1,1.205704844333D1,-7D-2,1.696512726923D1,        851P    833
1.205704844333D1,4.09D0;                                             851P    834
120,849,851,3.078760800518D0,6.346017160251D0;                       853P    835
110,1.612571273077D1,1.119950355667D1,1D-2,1.612571273077D1,         855P    836
1.119950355667D1,4.01D0;                                             855P    837
102,4,855,689,677,671;                                               857P    838
110,1.923076923077D-2,3.141592653590D0,0D0,9.807692307692D-1,        859P    839
3.141592653590D0,0D0;                                                859P    840
110,9.807692307692D-1,3.141592653590D0,0D0,9.807692307692D-1,        861P    841
6.283185307180D0,0D0;                                                861P    842
110,9.807692307692D-1,6.283185307180D0,0D0,1.923076923077D-2,        863P    843
6.283185307180D0,0D0;                                                863P    844
110,1.923076923077D-2,6.283185307180D0,0D0,1.923076923077D-2,        865P    845
3.141592653590D0,0D0;                                                865P    846
102,4,859,861,863,865;                                               867P    847
142,0,853,867,857,1;                                                 869P    848
144,853,1,0,869;                                                     871P    849
110,1.654542D1,1.1628276D1,1D-2,1.654542D1,1.1628276D1,1.01D0;       873P    850
110,1.696512726923D1,1.205704844333D1,-7D-2,1.696512726923D1,        875P    851
1.205704844333D1,4.09D0;                                             875P    852
120,873,875,-6.283185307180D-2,3.204424506662D0;                     877P    853
110,1.696512726923D1,1.205704844333D1,1D-2,1.696512726923D1,         879P    854
1.205704844333D1,4.01D0;                                             879P    855
102,4,675,879,693,667;                                               881P    856
110,1.923076923077D-2,3.141592653590D0,0D0,1.923076923077D-2,        883P    857
0D0,0D0;                                                             883P    858
110,1.923076923077D-2,0D0,0D0,9.807692307692D-1,0D0,0D0;             885P    859
110,9.807692307692D-1,0D0,0D0,9.807692307692D-1,                     887P    860
3.141592653590D0,0D0;                                                887P    861
110,9.807692307692D-1,3.141592653590D0,0D0,1.923076923077D-2,        889P    862
3.141592653590D0,0D0;                                                889P    863
102,4,883,885,887,889;                                               891P    864
142,0,877,891,881,1;                                                 893P    865
144,877,1,0,893;                                                     895P    866
128,1,1,1,1,0,0,1,0,0,-1.04D0,-1.04D0,1.04D0,1.04D0,                 897P    867
-1.041041847702D0,-1.041041847702D0,1.041041847702D0,                897P    868
1.041041847702D0,1D0,1D0,1D0,1D0,1.656187749442D1,                   897P    869
1.015684904648D1,4.01D0,1.801686269440D1,1.164326018335D1,           897P    870
4.01D0,1.507397730560D1,1.161329181665D1,4.01D0,                     897P    871
1.652896250558D1,1.309970295352D1,4.01D0,-1.04D0,1.04D0,             897P    872
-1.041041847702D0,1.041041847702D0;                                  897P    873
124,6.995121153784D-1,-7.146207388810D-1,0D0,1.654542D1,             899P    874
7.146207388810D-1,6.995121153784D-1,0D0,1.1628276D1,0D0,0D0,1D0,     899P    875
4.01D0;                                                              899P    876
100,0D0,0D0,0D0,1D0,0D0,-1D0,0D0;                                    901P    877
124,-6.995121153784D-1,7.146207388810D-1,0D0,1.654542D1,             903P    878
-7.146207388810D-1,-6.995121153784D-1,0D0,1.1628276D1,0D0,0D0,       903P    879
1D0,4.01D0;                                                          903P    880
100,0D0,0D0,0D0,1D0,0D0,-1D0,0D0;                                    905P    881
102,2,901,905;                                                       907P    882
126,21,3,0,0,1,0,0D0,0D0,0D0,0D0,5.263239697276D-2,                  909P    883
1.052646338662D-1,1.578962734230D-1,2.105265911652D-1,               909P    884
2.631581839594D-1,3.157895835021D-1,3.684206600257D-1,               909P    885
4.210516007861D-1,4.736825744561D-1,5.263137103351D-1,               909P    886
5.789451381122D-1,6.315769729959D-1,6.842092238880D-1,               909P    887
7.368418327170D-1,7.894744040559D-1,8.421052560754D-1,               909P    888
8.947369616699D-1,9.473687065308D-1,1D0,1D0,1D0,1D0,1D0,1D0,1D0,     909P    889
1D0,1D0,1D0,1D0,1D0,1D0,1D0,1D0,1D0,1D0,1D0,1D0,1D0,1D0,1D0,1D0,     909P    890
1D0,1D0,1D0,1D0,0D0,0D0,1.000044129583D0,5.512365370959D-2,0D0,      909P    891
9.908452583461D-1,1.653452835242D-1,0D0,9.501410184500D-1,           909P    892
3.261871305806D-1,0D0,8.834870845487D-1,4.781238069611D-1,0D0,       909P    893
7.927434649474D-1,6.170195562590D-1,0D0,6.803740729918D-1,           909P    894
7.390844132877D-1,0D0,5.494460553700D-1,8.409897732184D-1,0D0,       909P    895
4.035311853424D-1,9.199550104831D-1,0D0,2.466097209661D-1,           909P    896
9.738266151747D-1,0D0,8.296146504454D-2,1.001135384703D0,0D0,        909P    897
-8.295023005656D-2,1.001136355368D0,0D0,-2.466001962336D-1,          909P    898
9.738291483959D-1,0D0,-4.035246697165D-1,9.199580654258D-1,0D0,      909P    899
-5.494430414831D-1,8.409919905385D-1,0D0,-6.803740634397D-1,         909P    900
7.390846813774D-1,0D0,-7.927452172037D-1,6.170175196815D-1,0D0,      909P    901
-8.834892001492D-1,4.781200077366D-1,0D0,-9.501424323192D-1,         909P    902
3.261828970853D-1,0D0,-9.908455916456D-1,1.653424488520D-1,0D0,      909P    903
-1.000044126388D0,5.512249402416D-2,0D0,-1D0,0D0,0D0,0D0,1D0,        909P    904
0D0,0D0,1D0;                                                         909P    905
126,21,3,0,0,1,0,0D0,0D0,0D0,0D0,5.263239697276D-2,                  911P    906
1.052646338662D-1,1.578962734230D-1,2.105265911652D-1,               911P    907
2.631581839594D-1,3.157895835021D-1,3.684206600257D-1,               911P    908
4.210516007861D-1,4.736825744561D-1,5.263137103351D-1,               911P    909
5.789451381122D-1,6.315769729959D-1,6.842092238880D-1,               911P    910
7.368418327170D-1,7.894744040559D-1,8.421052560754D-1,               911P    911
8.947369616699D-1,9.473687065308D-1,1D0,1D0,1D0,1D0,1D0,1D0,1D0,     911P    912
1D0,1D0,1D0,1D0,1D0,1D0,1D0,1D0,1D0,1D0,1D0,1D0,1D0,1D0,1D0,1D0,     911P    913
1D0,1D0,1D0,-1D0,0D0,0D0,-1.000044129583D0,-5.512365370959D-2,       911P    914
0D0,-9.908452583461D-1,-1.653452835242D-1,0D0,                       911P    915
-9.501410184500D-1,-3.261871305806D-1,0D0,-8.834870845487D-1,        911P    916
-4.781238069611D-1,0D0,-7.927434649474D-1,-6.170195562590D-1,        911P    917
0D0,-6.803740729918D-1,-7.390844132877D-1,0D0,                       911P    918
-5.494460553700D-1,-8.409897732184D-1,0D0,-4.035311853424D-1,        911P    919
-9.199550104831D-1,0D0,-2.466097209661D-1,-9.738266151747D-1,        911P    920
0D0,-8.296146504455D-2,-1.001135384703D0,0D0,8.295023005656D-2,      911P    921
-1.001136355368D0,0D0,2.466001962336D-1,-9.738291483959D-1,0D0,      911P    922
4.035246697165D-1,-9.199580654258D-1,0D0,5.494430414831D-1,          911P    923
-8.409919905385D-1,0D0,6.803740634397D-1,-7.390846813774D-1,0D0,     911P    924
7.927452172037D-1,-6.170175196815D-1,0D0,8.834892001492D-1,          911P    925
-4.781200077366D-1,0D0,9.501424323192D-1,-3.261828970853D-1,0D0,     911P    926
9.908455916456D-1,-1.653424488520D-1,0D0,1.000044126388D0,           911P    927
-5.512249402416D-2,0D0,1D0,0D0,0D0,0D0,1D0,0D0,0D0,1D0;              911P    928
102,2,909,911;                                                       913P    929
142,0,897,913,907,1;                                                 915P    930
124,6.995121153784D-1,7.146207388810D-1,0D0,1.654542D1,              917P    931
7.146207388810D-1,-6.995121153784D-1,0D0,1.1628276D1,0D0,0D0,        917P    932
-1D0,4.01D0;                                                         917P    933
100,0D0,0D0,0D0,6D-1,0D0,-6D-1,0D0;                                  919P    934
124,-6.995121153784D-1,-7.146207388810D-1,0D0,1.654542D1,            921P    935
-7.146207388810D-1,6.995121153784D-1,0D0,1.1628276D1,0D0,0D0,        921P    936
-1D0,4.01D0;                                                         921P    937
100,0D0,0D0,0D0,6D-1,0D0,-6D-1,0D0;                                  923P    938
102,2,919,923;                                                       925P    939
126,19,3,0,0,1,0,0D0,0D0,0D0,0D0,5.882462070229D-2,                  927P    940
1.176492348450D-1,1.764732487103D-1,2.352952680624D-1,               927P    941
2.941184843999D-1,3.529417552721D-1,4.117648348544D-1,               927P    942
4.705879370537D-1,5.294112604263D-1,5.882349960678D-1,               927P    943
6.470592369066D-1,7.058837405397D-1,7.647077139056D-1,               927P    944
8.235297500211D-1,8.823531892851D-1,9.411767407300D-1,1D0,1D0,       927P    945
1D0,1D0,1D0,1D0,1D0,1D0,1D0,1D0,1D0,1D0,1D0,1D0,1D0,1D0,1D0,1D0,     927P    946
1D0,1D0,1D0,1D0,1D0,1D0,6D-1,0D0,0D0,6.000411728602D-1,              927P    947
-3.696805738685D-2,0D0,5.931310001788D-1,-1.108775060289D-1,0D0,     927P    948
5.626807332689D-1,-2.179866830243D-1,0D0,5.130386926285D-1,          927P    949
-3.176651815375D-1,0D0,4.459346314912D-1,-4.065268379978D-1,0D0,     927P    950
3.636432792600D-1,-4.815443356099D-1,0D0,2.689687165722D-1,          927P    951
-5.401641509176D-1,0D0,1.651347692532D-1,-5.803894840275D-1,0D0,     927P    952
5.567744340217D-2,-6.008506379731D-1,0D0,-5.567632336067D-2,         927P    953
-6.008507790078D-1,0D0,-1.651348072951D-1,-5.803895825091D-1,        927P    954
0D0,-2.689705077558D-1,-5.401634157212D-1,0D0,                       927P    955
-3.636464869026D-1,-4.815420594137D-1,0D0,-4.459381713784D-1,        927P    956
-4.065230221598D-1,0D0,-5.130414707594D-1,-3.176606327704D-1,        927P    957
0D0,-5.626821976919D-1,-2.179826364448D-1,0D0,                       927P    958
-5.931313033689D-1,-1.108751203799D-1,0D0,-6.000411692039D-1,        927P    959
-3.696719853850D-2,0D0,-6D-1,0D0,0D0,0D0,1D0,0D0,0D0,1D0;            927P    960
126,19,3,0,0,1,0,0D0,0D0,0D0,0D0,5.882462070229D-2,                  929P    961
1.176492348450D-1,1.764732487103D-1,2.352952680624D-1,               929P    962
2.941184843999D-1,3.529417552721D-1,4.117648348544D-1,               929P    963
4.705879370537D-1,5.294112604263D-1,5.882349960678D-1,               929P    964
6.470592369066D-1,7.058837405397D-1,7.647077139056D-1,               929P    965
8.235297500211D-1,8.823531892851D-1,9.411767407300D-1,1D0,1D0,       929P    966
1D0,1D0,1D0,1D0,1D0,1D0,1D0,1D0,1D0,1D0,1D0,1D0,1D0,1D0,1D0,1D0,     929P    967
1D0,1D0,1D0,1D0,1D0,1D0,-6D-1,0D0,0D0,-6.000411728602D-1,            929P    968
3.696805738685D-2,0D0,-5.931310001788D-1,1.108775060289D-1,0D0,      929P    969
-5.626807332689D-1,2.179866830243D-1,0D0,-5.130386926285D-1,         929P    970
3.176651815375D-1,0D0,-4.459346314912D-1,4.065268379978D-1,0D0,      929P    971
-3.636432792600D-1,4.815443356099D-1,0D0,-2.689687165722D-1,         929P    972
5.401641509176D-1,0D0,-1.651347692532D-1,5.803894840275D-1,0D0,      929P    973
-5.567744340217D-2,6.008506379731D-1,0D0,5.567632336067D-2,          929P    974
6.008507790078D-1,0D0,1.651348072951D-1,5.803895825091D-1,0D0,       929P    975
2.689705077558D-1,5.401634157212D-1,0D0,3.636464869026D-1,           929P    976
4.815420594137D-1,0D0,4.459381713784D-1,4.065230221598D-1,0D0,       929P    977
5.130414707594D-1,3.176606327704D-1,0D0,5.626821976919D-1,           929P    978
2.179826364448D-1,0D0,5.931313033689D-1,1.108751203799D-1,0D0,       929P    979
6.000411692039D-1,3.696719853850D-2,0D0,6D-1,0D0,0D0,0D0,1D0,        929P    980
0D0,0D0,1D0;                                                         929P    981
102,2,927,929;                                                       931P    982
142,0,897,931,925,1;                                                 933P    983
144,897,1,1,915,933;                                                 935P    984
110,1.654542D1,1.1628276D1,4.01D0,1.654542D1,1.1628276D1,5.01D0;     937P    985
110,1.724493211538D1,1.234289673888D1,4D0,1.724493211538D1,          939P    986
1.234289673888D1,4.52D0;                                             939P    987
120,937,939,-6.283185307180D-2,3.204424506662D0;                     941P    988
110,1.724493211538D1,1.234289673888D1,4.01D0,1.724493211538D1,       943P    989
1.234289673888D1,4.51D0;                                             943P    990
102,4,681,943,699,701;                                               945P    991
110,1.923076923077D-2,3.141592653590D0,0D0,1.923076923077D-2,        947P    992
0D0,0D0;                                                             947P    993
110,1.923076923077D-2,0D0,0D0,9.807692307692D-1,0D0,0D0;             949P    994
110,9.807692307692D-1,0D0,0D0,9.807692307692D-1,                     951P    995
3.141592653590D0,0D0;                                                951P    996
110,9.807692307692D-1,3.141592653590D0,0D0,1.923076923077D-2,        953P    997
3.141592653590D0,0D0;                                                953P    998
102,4,947,949,951,953;                                               955P    999
142,0,941,955,945,1;                                                 957P   1000
144,941,1,0,957;                                                     959P   1001
110,1.654542D1,1.1628276D1,4.01D0,1.654542D1,1.1628276D1,5.01D0;     961P   1002
110,1.724493211538D1,1.234289673888D1,4D0,1.724493211538D1,          963P   1003
1.234289673888D1,4.52D0;                                             963P   1004
120,961,963,3.078760800518D0,6.346017160251D0;                       965P   1005
110,1.584590788462D1,1.091365526112D1,4.01D0,1.584590788462D1,       967P   1006
1.091365526112D1,4.51D0;                                             967P   1007
102,4,967,705,695,685;                                               969P   1008
110,1.923076923077D-2,3.141592653590D0,0D0,9.807692307692D-1,        971P   1009
3.141592653590D0,0D0;                                                971P   1010
110,9.807692307692D-1,3.141592653590D0,0D0,9.807692307692D-1,        973P   1011
6.283185307180D0,0D0;                                                973P   1012
110,9.807692307692D-1,6.283185307180D0,0D0,1.923076923077D-2,        975P   1013
6.283185307180D0,0D0;                                                975P   1014
110,1.923076923077D-2,6.283185307180D0,0D0,1.923076923077D-2,        977P   1015
3.141592653590D0,0D0;                                                977P   1016
102,4,971,973,975,977;                                               979P   1017
142,0,965,979,969,1;                                                 981P   1018
144,965,1,0,981;                                                     983P   1019
128,1,1,1,1,0,0,1,0,0,-1.04D0,-1.04D0,1.04D0,1.04D0,                 985P   1020
-1.041042007101D0,-1.041042007101D0,1.041042007101D0,                985P   1021
1.041042007101D0,1D0,1D0,1D0,1D0,1.656187760833D1,                   985P   1022
1.015684893498D1,4.51D0,1.801686280831D1,1.164326007185D1,           985P   1023
4.51D0,1.507397719169D1,1.161329192815D1,4.51D0,                     985P   1024
1.652896239167D1,1.309970306502D1,4.51D0,-1.04D0,1.04D0,             985P   1025
-1.041042007101D0,1.041042007101D0;                                  985P   1026
102,2,699,705;                                                       987P   1027
126,21,3,0,0,1,0,0D0,0D0,0D0,0D0,5.263157894737D-2,                  989P   1028
1.052631578947D-1,1.578947368421D-1,2.105263157895D-1,               989P   1029
2.631578947368D-1,3.157894736842D-1,3.684210526316D-1,               989P   1030
4.210526315789D-1,4.736842105263D-1,5.263157894737D-1,               989P   1031
5.789473684211D-1,6.315789473684D-1,6.842105263158D-1,               989P   1032
7.368421052632D-1,7.894736842105D-1,8.421052631579D-1,               989P   1033
8.947368421053D-1,9.473684210526D-1,1D0,1D0,1D0,1D0,1D0,1D0,1D0,     989P   1034
1D0,1D0,1D0,1D0,1D0,1D0,1D0,1D0,1D0,1D0,1D0,1D0,1D0,1D0,1D0,1D0,     989P   1035
1D0,1D0,1D0,1D0,0D0,0D0,1.000044127069D0,5.512279447927D-2,0D0,      989P   1036
9.908455309202D-1,1.653428755069D-1,0D0,9.501422715927D-1,           989P   1037
3.261832856915D-1,0D0,8.834888329128D-1,4.781207969554D-1,0D0,       989P   1038
7.927449039949D-1,6.170178847095D-1,0D0,6.803746074860D-1,           989P   1039
7.390839403448D-1,0D0,5.494460958157D-1,8.409898179503D-1,0D0,       989P   1040
4.035299579859D-1,9.199556574293D-1,0D0,2.466066201584D-1,           989P   1041
9.738275122628D-1,0D0,8.295648422520D-2,1.001135889155D0,0D0,        989P   1042
-8.295648422519D-2,1.001135889155D0,0D0,-2.466066201584D-1,          989P   1043
9.738275122628D-1,0D0,-4.035299579859D-1,9.199556574293D-1,0D0,      989P   1044
-5.494460958157D-1,8.409898179503D-1,0D0,-6.803746074860D-1,         989P   1045
7.390839403448D-1,0D0,-7.927449039949D-1,6.170178847095D-1,0D0,      989P   1046
-8.834888329128D-1,4.781207969554D-1,0D0,-9.501422715927D-1,         989P   1047
3.261832856915D-1,0D0,-9.908455309202D-1,1.653428755069D-1,0D0,      989P   1048
-1.000044127069D0,5.512279447928D-2,0D0,-1D0,0D0,0D0,0D0,1D0,        989P   1049
0D0,0D0,1D0;                                                         989P   1050
126,21,3,0,0,1,0,0D0,0D0,0D0,0D0,5.263157894737D-2,                  991P   1051
1.052631578947D-1,1.578947368421D-1,2.105263157895D-1,               991P   1052
2.631578947368D-1,3.157894736842D-1,3.684210526316D-1,               991P   1053
4.210526315789D-1,4.736842105263D-1,5.263157894737D-1,               991P   1054
5.789473684211D-1,6.315789473684D-1,6.842105263158D-1,               991P   1055
7.368421052632D-1,7.894736842105D-1,8.421052631579D-1,               991P   1056
8.947368421053D-1,9.473684210526D-1,1D0,1D0,1D0,1D0,1D0,1D0,1D0,     991P   1057
1D0,1D0,1D0,1D0,1D0,1D0,1D0,1D0,1D0,1D0,1D0,1D0,1D0,1D0,1D0,1D0,     991P   1058
1D0,1D0,1D0,-1D0,0D0,0D0,-1.000044127069D0,-5.512279447927D-2,       991P   1059
0D0,-9.908455309202D-1,-1.653428755069D-1,0D0,                       991P   1060
-9.501422715927D-1,-3.261832856915D-1,0D0,-8.834888329128D-1,        991P   1061
-4.781207969554D-1,0D0,-7.927449039949D-1,-6.170178847095D-1,        991P   1062
0D0,-6.803746074860D-1,-7.390839403448D-1,0D0,                       991P   1063
-5.494460958157D-1,-8.409898179503D-1,0D0,-4.035299579859D-1,        991P   1064
-9.199556574293D-1,0D0,-2.466066201584D-1,-9.738275122628D-1,        991P   1065
0D0,-8.295648422520D-2,-1.001135889155D0,0D0,8.295648422519D-2,      991P   1066
-1.001135889155D0,0D0,2.466066201584D-1,-9.738275122628D-1,0D0,      991P   1067
4.035299579859D-1,-9.199556574293D-1,0D0,5.494460958157D-1,          991P   1068
-8.409898179503D-1,0D0,6.803746074860D-1,-7.390839403448D-1,0D0,     991P   1069
7.927449039949D-1,-6.170178847095D-1,0D0,8.834888329128D-1,          991P   1070
-4.781207969554D-1,0D0,9.501422715927D-1,-3.261832856915D-1,0D0,     991P   1071
9.908455309202D-1,-1.653428755069D-1,0D0,1.000044127069D0,           991P   1072
-5.512279447927D-2,0D0,1D0,0D0,0D0,0D0,1D0,0D0,0D0,1D0;              991P   1073
102,2,989,991;                                                       993P   1074
142,0,985,993,987,1;                                                 995P   1075
144,985,1,0,995;                                                     997P   1076
314,0D0,7.529411764706D1,0D0;                                        999P   1077
314,7.529411764706D1,7.529411764706D1,7.529411764706D1;             1001P   1078
124,-1D0,0D0,0D0,1.654542D1,0D0,-1D0,0D0,1.1628276D1,0D0,0D0,       1003P   1079
1D0,4D0;                                                            1003P   1080
100,0D0,0D0,0D0,1.75D0,0D0,-1.75D0,0D0;                             1005P   1081
124,1D0,0D0,0D0,1.654542D1,0D0,1D0,0D0,1.1628276D1,0D0,0D0,1D0,     1007P   1082
4D0;                                                                1007P   1083
100,0D0,0D0,0D0,1.75D0,0D0,-1.75D0,0D0;                             1009P   1084
110,1.479542D1,1.1628276D1,4D0,1.479542D1,1.1628276D1,4.005D0;      1011P   1085
124,1D0,0D0,0D0,1.654542D1,0D0,-1D0,0D0,1.1628276D1,0D0,0D0,        1013P   1086
-1D0,4.005D0;                                                       1013P   1087
100,0D0,0D0,0D0,1.55D0,0D0,-1.55D0,0D0;                             1015P   1088
124,-1D0,0D0,0D0,1.654542D1,0D0,1D0,0D0,1.1628276D1,0D0,0D0,        1017P   1089
-1D0,4.005D0;                                                       1017P   1090
100,0D0,0D0,0D0,1.55D0,0D0,-1.55D0,0D0;                             1019P   1091
124,-1D0,0D0,0D0,1.654542D1,0D0,-1D0,0D0,1.1628276D1,0D0,0D0,       1021P   1092
1D0,4.005D0;                                                        1021P   1093
100,0D0,0D0,0D0,1.75D0,0D0,-1.75D0,0D0;                             1023P   1094
124,1D0,0D0,0D0,1.654542D1,0D0,1D0,0D0,1.1628276D1,0D0,0D0,1D0,     1025P   1095
4.005D0;                                                            1025P   1096
100,0D0,0D0,0D0,1.75D0,0D0,-1.75D0,0D0;                             1027P   1097
110,1.499542D1,1.1628276D1,4.01D0,1.499542D1,1.1628276D1,           1029P   1098
4.005D0;                                                            1029P   1099
124,1D0,0D0,0D0,1.654542D1,0D0,-1D0,0D0,1.1628276D1,0D0,0D0,        1031P   1100
-1D0,4.01D0;                                                        1031P   1101
100,0D0,0D0,0D0,1.55D0,0D0,-1.55D0,0D0;                             1033P   1102
110,1.809542D1,1.1628276D1,4.01D0,1.809542D1,1.1628276D1,           1035P   1103
4.005D0;                                                            1035P   1104
124,-1D0,0D0,0D0,1.654542D1,0D0,1D0,0D0,1.1628276D1,0D0,0D0,        1037P   1105
-1D0,4.01D0;                                                        1037P   1106
100,0D0,0D0,0D0,1.55D0,0D0,-1.55D0,0D0;                             1039P   1107
124,1D0,0D0,0D0,1.654542D1,0D0,-1D0,0D0,1.1628276D1,0D0,0D0,        1041P   1108
-1D0,4.01D0;                                                        1041P   1109
100,0D0,0D0,0D0,1.5D0,0D0,-1.5D0,0D0;                               1043P   1110
124,-1D0,0D0,0D0,1.654542D1,0D0,1D0,0D0,1.1628276D1,0D0,0D0,        1045P   1111
-1D0,4.01D0;                                                        1045P   1112
100,0D0,0D0,0D0,1.5D0,0D0,-1.5D0,0D0;                               1047P   1113
110,1.804542D1,1.1628276D1,4.01D0,1.744954320370D1,1.1628276D1,     1049P   1114
4.51D0;                                                             1049P   1115
124,1D0,0D0,0D0,1.654542D1,0D0,-1D0,0D0,1.1628276D1,0D0,0D0,        1051P   1116
-1D0,4.51D0;                                                        1051P   1117
100,0D0,0D0,0D0,9.041232037029D-1,0D0,-9.041232037029D-1,0D0;       1053P   1118
124,-1D0,0D0,0D0,1.654542D1,0D0,1D0,0D0,1.1628276D1,0D0,0D0,        1055P   1119
-1D0,4.51D0;                                                        1055P   1120
100,0D0,0D0,0D0,9.041232037029D-1,0D0,-9.041232037029D-1,0D0;       1057P   1121
110,1.504542D1,1.1628276D1,4.01D0,1.564129679630D1,1.1628276D1,     1059P   1122
4.51D0;                                                             1059P   1123
110,1.564129679630D1,1.1628276D1,4.51D0,1.654542D1,1.1628276D1,     1061P   1124
4.669421314697D0;                                                   1061P   1125
110,1.744954320370D1,1.1628276D1,4.51D0,1.654542D1,1.1628276D1,     1063P   1126
4.669421314697D0;                                                   1063P   1127
110,1.829542D1,1.1628276D1,4D0,1.829542D1,1.1628276D1,4.005D0;      1065P   1128
124,-1.608224299045D-14,1D0,0D0,2.174542D1,1D0,                     1067P   1129
1.608224299045D-14,0D0,1.6128276D1,0D0,0D0,-1D0,4D0;                1067P   1130
100,0D0,0D0,0D0,2.43D0,0D0,-3.923970279566D-14,2.43D0;              1069P   1131
110,2.174542D1,1.8958276D1,3.6D0,2.174542D1,1.8558276D1,4D0;        1071P   1132
110,2.417542D1,1.6128276D1,4D0,2.417542D1,7.128276D0,4D0;           1073P   1133
110,2.457542D1,1.6128276D1,3.6D0,2.417542D1,1.6128276D1,4D0;        1075P   1134
124,1D0,0D0,0D0,2.174542D1,0D0,-1D0,0D0,7.128276D0,0D0,0D0,-1D0,    1077P   1135
4D0;                                                                1077P   1136
100,0D0,0D0,0D0,2.43D0,0D0,0D0,2.43D0;                              1079P   1137
110,2.457542D1,7.128276D0,3.6D0,2.417542D1,7.128276D0,4D0;          1081P   1138
110,2.174542D1,4.298276D0,3.6D0,2.174542D1,4.698276D0,4D0;          1083P   1139
110,1.274542D1,4.698276D0,4D0,1.274542D1,4.298276D0,3.6D0;          1085P   1140
110,2.174542D1,4.698276D0,4D0,1.274542D1,4.698276D0,4D0;            1087P   1141
124,-1D0,0D0,0D0,1.374542D1,0D0,1D0,0D0,1.5128276D1,0D0,0D0,        1089P   1142
-1D0,3.6D0;                                                         1089P   1143
100,0D0,0D0,0D0,3.83D0,0D0,0D0,3.83D0;                              1091P   1144
110,9.91542D0,7.128276D0,3.6D0,9.91542D0,1.5128276D1,3.6D0;         1093P   1145
124,1.443682236968D-14,-1D0,0D0,1.274542D1,-1D0,                    1095P   1146
-1.443682236968D-14,0D0,7.128276D0,0D0,0D0,-1D0,3.6D0;              1095P   1147
100,0D0,0D0,0D0,2.83D0,0D0,-3.124602979783D-14,2.83D0;              1097P   1148
110,2.174542D1,4.298276D0,3.6D0,1.274542D1,4.298276D0,3.6D0;        1099P   1149
124,1D0,0D0,0D0,2.174542D1,0D0,-1D0,0D0,7.128276D0,0D0,0D0,-1D0,    1101P   1150
3.6D0;                                                              1101P   1151
100,0D0,0D0,0D0,2.83D0,0D0,-2.370539501457D-14,2.83D0;              1103P   1152
110,2.457542D1,1.6128276D1,3.6D0,2.457542D1,7.128276D0,3.6D0;       1105P   1153
124,0D0,1D0,0D0,2.174542D1,1D0,0D0,0D0,1.6128276D1,0D0,0D0,-1D0,    1107P   1154
3.6D0;                                                              1107P   1155
100,0D0,0D0,0D0,2.83D0,0D0,0D0,2.83D0;                              1109P   1156
110,1.374542D1,1.8958276D1,3.6D0,2.174542D1,1.8958276D1,3.6D0;      1111P   1157
110,9.74542D0,7.128276D0,4D-1,9.74542D0,7.128276D0,3.6D0;           1113P   1158
124,-1D0,0D0,0D0,1.274542D1,0D0,-1D0,0D0,7.128276D0,0D0,0D0,1D0,    1115P   1159
3.6D0;                                                              1115P   1160
100,0D0,0D0,0D0,3D0,0D0,0D0,3D0;                                    1117P   1161
110,1.274542D1,4.128276D0,3.6D0,1.274542D1,4.128276D0,4D-1;         1119P   1162
110,2.174542D1,4.128276D0,3.6D0,1.274542D1,4.128276D0,3.6D0;        1121P   1163
110,2.174542D1,4.128276D0,4D-1,2.174542D1,4.128276D0,3.6D0;         1123P   1164
124,0D0,1D0,0D0,2.174542D1,-1D0,0D0,0D0,7.128276D0,0D0,0D0,1D0,     1125P   1165
3.6D0;                                                              1125P   1166
100,0D0,0D0,0D0,3D0,0D0,0D0,3D0;                                    1127P   1167
110,2.474542D1,7.128276D0,3.6D0,2.474542D1,7.128276D0,4D-1;         1129P   1168
110,2.474542D1,1.6128276D1,3.6D0,2.474542D1,7.128276D0,3.6D0;       1131P   1169
110,2.474542D1,1.6128276D1,4D-1,2.474542D1,1.6128276D1,3.6D0;       1133P   1170
124,1D0,0D0,0D0,2.174542D1,0D0,1D0,0D0,1.6128276D1,0D0,0D0,1D0,     1135P   1171
3.6D0;                                                              1135P   1172
100,0D0,0D0,0D0,3D0,0D0,0D0,3D0;                                    1137P   1173
110,2.174542D1,1.9128276D1,3.6D0,2.174542D1,1.9128276D1,4D-1;       1139P   1174
110,1.374542D1,1.9128276D1,3.6D0,2.174542D1,1.9128276D1,3.6D0;      1141P   1175
110,1.374542D1,1.9128276D1,4D-1,1.374542D1,1.9128276D1,3.6D0;       1143P   1176
124,0D0,-1D0,0D0,1.374542D1,1D0,0D0,0D0,1.5128276D1,0D0,0D0,1D0,    1145P   1177
3.6D0;                                                              1145P   1178
100,0D0,0D0,0D0,4D0,0D0,-2.640043132024D-14,4D0;                    1147P   1179
110,9.74542D0,1.5128276D1,3.6D0,9.74542D0,1.5128276D1,4D-1;         1149P   1180
110,9.74542D0,7.128276D0,3.6D0,9.74542D0,1.5128276D1,3.6D0;         1151P   1181
124,-1D0,0D0,0D0,1.374542D1,0D0,1D0,0D0,1.5128276D1,0D0,0D0,        1153P   1182
-1D0,4D-1;                                                          1153P   1183
100,0D0,0D0,0D0,4D0,0D0,0D0,4D0;                                    1155P   1184
110,9.74542D0,1.5128276D1,4D-1,9.74542D0,7.128276D0,4D-1;           1157P   1185
124,0D0,-1D0,0D0,1.274542D1,-1D0,0D0,0D0,7.128276D0,0D0,0D0,        1159P   1186
-1D0,4D-1;                                                          1159P   1187
100,0D0,0D0,0D0,3D0,0D0,0D0,3D0;                                    1161P   1188
110,1.274542D1,4.128276D0,4D-1,2.174542D1,4.128276D0,4D-1;          1163P   1189
124,1D0,0D0,0D0,2.174542D1,0D0,-1D0,0D0,7.128276D0,0D0,0D0,-1D0,    1165P   1190
4D-1;                                                               1165P   1191
100,0D0,0D0,0D0,3D0,0D0,0D0,3D0;                                    1167P   1192
110,2.474542D1,7.128276D0,4D-1,2.474542D1,1.6128276D1,4D-1;         1169P   1193
124,0D0,1D0,0D0,2.174542D1,1D0,0D0,0D0,1.6128276D1,0D0,0D0,-1D0,    1171P   1194
4D-1;                                                               1171P   1195
100,0D0,0D0,0D0,3D0,0D0,-3.578753504478D-14,3D0;                    1173P   1196
110,2.174542D1,1.9128276D1,4D-1,1.374542D1,1.9128276D1,4D-1;        1175P   1197
110,2.457542D1,1.6128276D1,4D-1,2.457542D1,7.128276D0,4D-1;         1177P   1198
110,2.417542D1,1.6128276D1,0D0,2.457542D1,1.6128276D1,4D-1;         1179P   1199
110,2.417542D1,1.6128276D1,0D0,2.417542D1,7.128276D0,0D0;           1181P   1200
124,1D0,1.067069479498D-14,0D0,2.174542D1,1.067069479498D-14,       1183P   1201
-1D0,0D0,7.128276D0,0D0,0D0,-1D0,4D-1;                              1183P   1202
100,0D0,0D0,0D0,2.83D0,0D0,-2.998925733395D-14,2.83D0;              1185P   1203
110,2.417542D1,7.128276D0,0D0,2.457542D1,7.128276D0,4D-1;           1187P   1204
124,1D0,1.681325403548D-14,0D0,2.174542D1,1.681325403548D-14,       1189P   1205
-1D0,0D0,7.128276D0,0D0,0D0,-1D0,0D0;                               1189P   1206
100,0D0,0D0,0D0,2.43D0,0D0,-4.463538669534D-14,2.43D0;              1191P   1207
110,1.274542D1,4.298276D0,4D-1,1.274542D1,4.698276D0,0D0;           1193P   1208
110,2.174542D1,4.298276D0,4D-1,1.274542D1,4.298276D0,4D-1;          1195P   1209
110,2.174542D1,4.698276D0,0D0,2.174542D1,4.298276D0,4D-1;           1197P   1210
110,2.174542D1,4.698276D0,0D0,1.274542D1,4.698276D0,0D0;            1199P   1211
124,0D0,-1D0,0D0,1.274542D1,-1D0,0D0,0D0,7.128276D0,0D0,0D0,        1201P   1212
-1D0,0D0;                                                           1201P   1213
100,0D0,0D0,0D0,2.43D0,0D0,0D0,2.43D0;                              1203P   1214
110,9.91542D0,7.128276D0,4D-1,1.031542D1,7.128276D0,0D0;            1205P   1215
124,1.443682236968D-14,-1D0,0D0,1.274542D1,-1D0,                    1207P   1216
-1.443682236968D-14,0D0,7.128276D0,0D0,0D0,-1D0,4D-1;               1207P   1217
100,0D0,0D0,0D0,2.83D0,0D0,-4.946923052402D-14,2.83D0;              1209P   1218
124,-1D0,0D0,0D0,1.374542D1,0D0,1D0,0D0,1.5128276D1,0D0,0D0,        1211P   1219
-1D0,0D0;                                                           1211P   1220
100,0D0,0D0,0D0,3.43D0,0D0,-4.777159868857D-14,3.43D0;              1213P   1221
110,1.374542D1,1.8958276D1,4D-1,1.374542D1,1.8558276D1,0D0;         1215P   1222
124,-1D0,0D0,0D0,1.374542D1,0D0,1D0,0D0,1.5128276D1,0D0,0D0,        1217P   1223
-1D0,4D-1;                                                          1217P   1224
100,0D0,0D0,0D0,3.83D0,0D0,-2.527841298913D-14,3.83D0;              1219P   1225
110,1.031542D1,7.128276D0,0D0,1.031542D1,1.5128276D1,0D0;           1221P   1226
110,9.91542D0,1.5128276D1,4D-1,1.031542D1,1.5128276D1,0D0;          1223P   1227
110,9.91542D0,7.128276D0,4D-1,9.91542D0,1.5128276D1,4D-1;           1225P   1228
110,1.374542D1,1.8958276D1,4D-1,2.174542D1,1.8958276D1,4D-1;        1227P   1229
110,1.374542D1,1.8558276D1,0D0,2.174542D1,1.8558276D1,0D0;          1229P   1230
124,0D0,1D0,0D0,2.174542D1,1D0,0D0,0D0,1.6128276D1,0D0,0D0,-1D0,    1231P   1231
4D-1;                                                               1231P   1232
100,0D0,0D0,0D0,2.83D0,0D0,0D0,2.83D0;                              1233P   1233
110,2.174542D1,1.8558276D1,0D0,2.174542D1,1.8958276D1,4D-1;         1235P   1234
124,-2.631639762074D-14,1D0,0D0,2.174542D1,1D0,                     1237P   1235
2.631639762074D-14,0D0,1.6128276D1,0D0,0D0,-1D0,0D0;                1237P   1236
100,0D0,0D0,0D0,2.43D0,0D0,-6.405984873418D-14,2.43D0;              1239P   1237
110,1.721042D1,1.1628276D1,4.01D0,1.721042D1,1.1628276D1,0D0;       1241P   1238
124,-1D0,0D0,0D0,1.654542D1,0D0,-1D0,0D0,1.1628276D1,0D0,0D0,       1243P   1239
1D0,4.01D0;                                                         1243P   1240
100,0D0,0D0,0D0,6.65D-1,0D0,-6.65D-1,0D0;                           1245P   1241
124,1D0,0D0,0D0,1.654542D1,0D0,-1D0,0D0,1.1628276D1,0D0,0D0,        1247P   1242
-1D0,0D0;                                                           1247P   1243
100,0D0,0D0,0D0,6.65D-1,0D0,-6.65D-1,0D0;                           1249P   1244
124,-1D0,0D0,0D0,1.654542D1,0D0,1D0,0D0,1.1628276D1,0D0,0D0,        1251P   1245
-1D0,0D0;                                                           1251P   1246
100,0D0,0D0,0D0,6.65D-1,0D0,-6.65D-1,0D0;                           1253P   1247
110,1.588042D1,1.1628276D1,4.01D0,1.588042D1,1.1628276D1,0D0;       1255P   1248
124,1D0,0D0,0D0,1.654542D1,0D0,1D0,0D0,1.1628276D1,0D0,0D0,1D0,     1257P   1249
4.01D0;                                                             1257P   1250
100,0D0,0D0,0D0,6.65D-1,0D0,-6.65D-1,0D0;                           1259P   1251
110,1.374542D1,1.8558276D1,4D0,1.374542D1,1.8958276D1,3.6D0;        1261P   1252
124,-1D0,0D0,0D0,1.374542D1,0D0,1D0,0D0,1.5128276D1,0D0,0D0,        1263P   1253
-1D0,4D0;                                                           1263P   1254
100,0D0,0D0,0D0,3.43D0,0D0,-2.339998285200D-14,3.43D0;              1265P   1255
110,1.031542D1,1.5128276D1,4D0,9.91542D0,1.5128276D1,3.6D0;         1267P   1256
110,1.031542D1,7.128276D0,4D0,1.031542D1,1.5128276D1,4D0;           1269P   1257
110,1.031542D1,7.128276D0,4D0,9.91542D0,7.128276D0,3.6D0;           1271P   1258
124,0D0,-1D0,0D0,1.274542D1,-1D0,0D0,0D0,7.128276D0,0D0,0D0,        1273P   1259
-1D0,4D0;                                                           1273P   1260
100,0D0,0D0,0D0,2.43D0,0D0,2.065238849077D-14,2.43D0;               1275P   1261
110,1.374542D1,1.8558276D1,4D0,2.174542D1,1.8558276D1,4D0;          1277P   1262
128,1,1,1,1,0,0,1,0,0,-2.7072D0,-2.7072D0,1.17072D1,1.17072D1,      1279P   1263
-1.17072D1,-1.17072D1,2.7072D0,2.7072D0,1D0,1D0,1D0,1D0,            1279P   1264
1.003822D1,1.8835476D1,4D0,2.445262D1,1.8835476D1,4D0,              1279P   1265
1.003822D1,4.421076D0,4D0,2.445262D1,4.421076D0,4D0,-2.7072D0,      1279P   1266
1.17072D1,-1.17072D1,2.7072D0;                                      1279P   1267
102,8,1069,1073,1079,1087,1275,1269,1265,1277;                      1281P   1268
126,11,3,0,0,1,0,0D0,0D0,0D0,0D0,1.111111111111D-1,                 1283P   1269
2.222222222222D-1,3.333333333333D-1,4.444444444444D-1,              1283P   1270
5.555555555556D-1,6.666666666667D-1,7.777777777778D-1,              1283P   1271
8.888888888889D-1,1D0,1D0,1D0,1D0,1D0,1D0,1D0,1D0,1D0,1D0,1D0,      1283P   1272
1D0,1D0,1D0,1D0,1D0,9D0,-1.143D1,0D0,9.141394387369D0,              1283P   1273
-1.143013291047D1,0D0,9.424101937594D0,-1.140520160834D1,0D0,       1283P   1274
9.835342067752D0,-1.129509204401D1,0D0,1.022118348109D1,            1283P   1275
-1.111514862666D1,0D0,1.056992400790D1,-1.087096383653D1,0D0,       1283P   1276
1.087096383653D1,-1.056992400790D1,0D0,1.111514862666D1,            1283P   1277
-1.022118348109D1,0D0,1.129509204401D1,-9.835342067752D0,0D0,       1283P   1278
1.140520160834D1,-9.424101937594D0,0D0,1.143013291047D1,            1283P   1279
-9.141394387369D0,0D0,1.143D1,-9D0,0D0,0D0,1D0,0D0,0D0,1D0;         1283P   1280
110,1.143D1,-9D0,0D0,1.143D1,0D0,0D0;                               1285P   1281
126,11,3,0,0,1,0,0D0,0D0,0D0,0D0,1.111111111111D-1,                 1287P   1282
2.222222222222D-1,3.333333333333D-1,4.444444444444D-1,              1287P   1283
5.555555555556D-1,6.666666666667D-1,7.777777777778D-1,              1287P   1284
8.888888888889D-1,1D0,1D0,1D0,1D0,1D0,1D0,1D0,1D0,1D0,1D0,1D0,      1287P   1285
1D0,1D0,1D0,1D0,1D0,1.143D1,0D0,0D0,1.143013291047D1,               1287P   1286
1.413943873686D-1,0D0,1.140520160834D1,4.241019375940D-1,0D0,       1287P   1287
1.129509204401D1,8.353420677521D-1,0D0,1.111514862666D1,            1287P   1288
1.221183481086D0,0D0,1.087096383653D1,1.569924007904D0,0D0,         1287P   1289
1.056992400790D1,1.870963836528D0,0D0,1.022118348109D1,             1287P   1290
2.115148626659D0,0D0,9.835342067752D0,2.295092044015D0,0D0,         1287P   1291
9.424101937594D0,2.405201608341D0,0D0,9.141394387369D0,             1287P   1292
2.430132910473D0,0D0,9D0,2.43D0,0D0,0D0,1D0,0D0,0D0,1D0;            1287P   1293
110,9D0,2.43D0,0D0,0D0,2.43D0,0D0;                                  1289P   1294
126,11,3,0,0,1,0,0D0,0D0,0D0,0D0,1.111111111111D-1,                 1291P   1295
2.222222222222D-1,3.333333333333D-1,4.444444444444D-1,              1291P   1296
5.555555555556D-1,6.666666666667D-1,7.777777777778D-1,              1291P   1297
8.888888888889D-1,1D0,1D0,1D0,1D0,1D0,1D0,1D0,1D0,1D0,1D0,1D0,      1291P   1298
1D0,1D0,1D0,1D0,1D0,0D0,2.43D0,0D0,-1.413943873686D-1,              1291P   1299
2.430132910473D0,0D0,-4.241019375940D-1,2.405201608341D0,0D0,       1291P   1300
-8.353420677521D-1,2.295092044015D0,0D0,-1.221183481086D0,          1291P   1301
2.115148626659D0,0D0,-1.569924007904D0,1.870963836528D0,0D0,        1291P   1302
-1.870963836528D0,1.569924007904D0,0D0,-2.115148626659D0,           1291P   1303
1.221183481086D0,0D0,-2.295092044015D0,8.353420677521D-1,0D0,       1291P   1304
-2.405201608341D0,4.241019375940D-1,0D0,-2.430132910473D0,          1291P   1305
1.413943873686D-1,0D0,-2.43D0,2.030385158271D-14,0D0,0D0,1D0,       1291P   1306
0D0,0D0,1D0;                                                        1291P   1307
110,-2.43D0,2.030385158271D-14,0D0,-2.43D0,-8D0,0D0;                1293P   1308
126,12,3,0,0,1,0,0D0,0D0,0D0,0D0,1D-1,2D-1,3D-1,4D-1,5D-1,6D-1,     1295P   1309
7D-1,8D-1,9D-1,1D0,1D0,1D0,1D0,1D0,1D0,1D0,1D0,1D0,1D0,1D0,1D0,     1295P   1310
1D0,1D0,1D0,1D0,1D0,-2.43D0,-8D0,0D0,-2.430123445609D0,             1295P   1311
-8.179613319245D0,0D0,-2.401674035840D0,-8.538772238333D0,0D0,      1295P   1312
-2.275581755595D0,-9.064298477496D0,0D0,-2.068742047133D0,          1295P   1313
-9.563603595921D0,0D0,-1.786364323670D0,-1.002441162346D1,0D0,      1295P   1314
-1.435370402423D0,-1.043537040242D1,0D0,-1.024411623459D0,          1295P   1315
-1.078636432367D1,0D0,-5.636035959214D-1,-1.106874204713D1,0D0,     1295P   1316
-6.429847749549D-2,-1.127558175560D1,0D0,4.612277616670D-1,         1295P   1317
-1.140167403584D1,0D0,8.203866807553D-1,-1.143012344561D1,0D0,      1295P   1318
1D0,-1.143D1,0D0,0D0,1D0,0D0,0D0,1D0;                               1295P   1319
110,1D0,-1.143D1,0D0,9D0,-1.143D1,0D0;                              1297P   1320
102,8,1283,1285,1287,1289,1291,1293,1295,1297;                      1299P   1321
142,0,1279,1299,1281,1;                                             1301P   1322
102,2,1005,1009;                                                    1303P   1323
126,17,3,0,0,1,0,0D0,0D0,0D0,0D0,6.666666666667D-2,                 1305P   1324
1.333333333333D-1,2D-1,2.666666666667D-1,3.333333333333D-1,4D-1,    1305P   1325
4.666666666667D-1,5.333333333333D-1,6D-1,6.666666666667D-1,         1305P   1326
7.333333333333D-1,8D-1,8.666666666667D-1,9.333333333333D-1,1D0,     1305P   1327
1D0,1D0,1D0,1D0,1D0,1D0,1D0,1D0,1D0,1D0,1D0,1D0,1D0,1D0,1D0,1D0,    1305P   1328
1D0,1D0,1D0,1D0,1D0,2.05D0,-4.5D0,0D0,2.049802866639D0,             1305P   1329
-4.377786363187D0,0D0,2.075773023434D0,-4.133504242322D0,0D0,       1305P   1330
2.189540310319D0,-3.782982853504D0,0D0,2.373838430042D0,            1305P   1331
-3.463829591365D0,0D0,2.620427528577D0,-3.189953631964D0,0D0,       1305P   1332
2.918580088882D0,-2.973335213265D0,0D0,3.255252115896D0,            1305P   1333
-2.823438775239D0,0D0,3.615733006598D0,-2.746816264679D0,0D0,       1305P   1334
3.984266993402D0,-2.746816264679D0,0D0,4.344747884104D0,            1305P   1335
-2.823438775239D0,0D0,4.681419911118D0,-2.973335213265D0,0D0,       1305P   1336
4.979572471423D0,-3.189953631964D0,0D0,5.226161569958D0,            1305P   1337
-3.463829591365D0,0D0,5.410459689681D0,-3.782982853504D0,0D0,       1305P   1338
5.524226976566D0,-4.133504242322D0,0D0,5.550197133361D0,            1305P   1339
-4.377786363187D0,0D0,5.55D0,-4.5D0,0D0,0D0,1D0,0D0,0D0,1D0;        1305P   1340
126,17,3,0,0,1,0,0D0,0D0,0D0,0D0,6.666666666667D-2,                 1307P   1341
1.333333333333D-1,2D-1,2.666666666667D-1,3.333333333333D-1,4D-1,    1307P   1342
4.666666666667D-1,5.333333333333D-1,6D-1,6.666666666667D-1,         1307P   1343
7.333333333333D-1,8D-1,8.666666666667D-1,9.333333333333D-1,1D0,     1307P   1344
1D0,1D0,1D0,1D0,1D0,1D0,1D0,1D0,1D0,1D0,1D0,1D0,1D0,1D0,1D0,1D0,    1307P   1345
1D0,1D0,1D0,1D0,1D0,5.55D0,-4.5D0,0D0,5.550197133361D0,             1307P   1346
-4.622213636813D0,0D0,5.524226976566D0,-4.866495757678D0,0D0,       1307P   1347
5.410459689681D0,-5.217017146496D0,0D0,5.226161569958D0,            1307P   1348
-5.536170408635D0,0D0,4.979572471423D0,-5.810046368036D0,0D0,       1307P   1349
4.681419911118D0,-6.026664786735D0,0D0,4.344747884104D0,            1307P   1350
-6.176561224761D0,0D0,3.984266993402D0,-6.253183735321D0,0D0,       1307P   1351
3.615733006598D0,-6.253183735321D0,0D0,3.255252115896D0,            1307P   1352
-6.176561224761D0,0D0,2.918580088882D0,-6.026664786735D0,0D0,       1307P   1353
2.620427528577D0,-5.810046368036D0,0D0,2.373838430042D0,            1307P   1354
-5.536170408635D0,0D0,2.189540310319D0,-5.217017146496D0,0D0,       1307P   1355
2.075773023434D0,-4.866495757678D0,0D0,2.049802866639D0,            1307P   1356
-4.622213636813D0,0D0,2.05D0,-4.5D0,0D0,0D0,1D0,0D0,0D0,1D0;        1307P   1357
102,2,1305,1307;                                                    1309P   1358
142,0,1279,1309,1303,1;                                             1311P   1359
144,1279,1,1,1301,1311;                                             1313P   1360
110,1.654542D1,1.1628276D1,4D0,1.654542D1,1.1628276D1,3D0;          1315P   1361
110,1.654542D1,1.3378276D1,4.0051D0,1.654542D1,1.3378276D1,         1317P   1362
3.9999D0;                                                           1317P   1363
120,1315,1317,1.507964473723D0,4.775220833456D0;                    1319P   1364
110,1.829542D1,1.1628276D1,4.005D0,1.829542D1,1.1628276D1,4D0;      1321P   1365
124,1D0,0D0,0D0,1.654542D1,0D0,-1D0,0D0,1.1628276D1,0D0,0D0,        1323P   1366
-1D0,4D0;                                                           1323P   1367
100,0D0,0D0,0D0,1.75D0,0D0,-1.75D0,0D0;                             1325P   1368
102,4,1023,1321,1325,1011;                                          1327P   1369
110,1.923076923077D-2,4.712388980385D0,0D0,1.923076923077D-2,       1329P   1370
1.570796326795D0,0D0;                                               1329P   1371
110,1.923076923077D-2,1.570796326795D0,0D0,9.807692307692D-1,       1331P   1372
1.570796326795D0,0D0;                                               1331P   1373
110,9.807692307692D-1,1.570796326795D0,0D0,9.807692307692D-1,       1333P   1374
4.712388980385D0,0D0;                                               1333P   1375
110,9.807692307692D-1,4.712388980385D0,0D0,1.923076923077D-2,       1335P   1376
4.712388980385D0,0D0;                                               1335P   1377
102,4,1329,1331,1333,1335;                                          1337P   1378
142,0,1319,1337,1327,1;                                             1339P   1379
144,1319,1,0,1339;                                                  1341P   1380
128,1,1,1,1,0,0,1,0,0,-1.82D0,-1.82D0,1.82D0,1.82D0,-1.82D0,        1343P   1381
-1.82D0,1.82D0,1.82D0,1D0,1D0,1D0,1D0,1.836542D1,1.3448276D1,       1343P   1382
4.005D0,1.472542D1,1.3448276D1,4.005D0,1.836542D1,9.808276D0,       1343P   1383
4.005D0,1.472542D1,9.808276D0,4.005D0,-1.82D0,1.82D0,-1.82D0,       1343P   1384
1.82D0;                                                             1343P   1385
102,2,1023,1027;                                                    1345P   1386
126,18,3,0,0,1,0,0D0,0D0,0D0,0D0,6.25D-2,1.25D-1,1.875D-1,          1347P   1387
2.5D-1,3.125D-1,3.75D-1,4.375D-1,5D-1,5.625D-1,6.25D-1,6.875D-1,    1347P   1388
7.5D-1,8.125D-1,8.75D-1,9.375D-1,1D0,1D0,1D0,1D0,1D0,1D0,1D0,       1347P   1389
1D0,1D0,1D0,1D0,1D0,1D0,1D0,1D0,1D0,1D0,1D0,1D0,1D0,1D0,1D0,1D0,    1347P   1390
1.75D0,0D0,0D0,1.750152691572D0,1.145666542652D-1,0D0,              1347P   1391
1.727367457292D0,3.435947502645D-1,0D0,1.627230306354D0,            1347P   1392
6.740167738459D-1,0D0,1.464446408660D0,9.785141941852D-1,0D0,       1347P   1393
1.245414988183D0,1.245413896119D0,0D0,9.785148410656D-1,            1347P   1394
1.464451423798D0,0D0,6.740130942601D-1,1.627211337866D0,0D0,        1347P   1395
3.436088217273D-1,1.727438316105D0,0D0,0D0,1.761280841947D0,0D0,    1347P   1396
-3.436088217273D-1,1.727438316105D0,0D0,-6.740130942601D-1,         1347P   1397
1.627211337866D0,0D0,-9.785148410656D-1,1.464451423798D0,0D0,       1347P   1398
-1.245414988183D0,1.245413896119D0,0D0,-1.464446408660D0,           1347P   1399
9.785141941852D-1,0D0,-1.627230306354D0,6.740167738459D-1,0D0,      1347P   1400
-1.727367457292D0,3.435947502645D-1,0D0,-1.750152691572D0,          1347P   1401
1.145666542652D-1,0D0,-1.75D0,0D0,0D0,0D0,1D0,0D0,0D0,1D0;          1347P   1402
126,18,3,0,0,1,0,0D0,0D0,0D0,0D0,6.25D-2,1.25D-1,1.875D-1,          1349P   1403
2.5D-1,3.125D-1,3.75D-1,4.375D-1,5D-1,5.625D-1,6.25D-1,6.875D-1,    1349P   1404
7.5D-1,8.125D-1,8.75D-1,9.375D-1,1D0,1D0,1D0,1D0,1D0,1D0,1D0,       1349P   1405
1D0,1D0,1D0,1D0,1D0,1D0,1D0,1D0,1D0,1D0,1D0,1D0,1D0,1D0,1D0,1D0,    1349P   1406
-1.75D0,0D0,0D0,-1.750152691572D0,-1.145666542652D-1,0D0,           1349P   1407
-1.727367457292D0,-3.435947502645D-1,0D0,-1.627230306354D0,         1349P   1408
-6.740167738459D-1,0D0,-1.464446408660D0,-9.785141941852D-1,0D0,    1349P   1409
-1.245414988183D0,-1.245413896119D0,0D0,-9.785148410656D-1,         1349P   1410
-1.464451423798D0,0D0,-6.740130942601D-1,-1.627211337866D0,0D0,     1349P   1411
-3.436088217273D-1,-1.727438316105D0,0D0,0D0,-1.761280841947D0,     1349P   1412
0D0,3.436088217273D-1,-1.727438316105D0,0D0,6.740130942601D-1,      1349P   1413
-1.627211337866D0,0D0,9.785148410656D-1,-1.464451423798D0,0D0,      1349P   1414
1.245414988183D0,-1.245413896119D0,0D0,1.464446408660D0,            1349P   1415
-9.785141941852D-1,0D0,1.627230306354D0,-6.740167738459D-1,0D0,     1349P   1416
1.727367457292D0,-3.435947502645D-1,0D0,1.750152691572D0,           1349P   1417
-1.145666542652D-1,0D0,1.75D0,0D0,0D0,0D0,1D0,0D0,0D0,1D0;          1349P   1418
102,2,1347,1349;                                                    1351P   1419
142,0,1343,1351,1345,1;                                             1353P   1420
102,2,1015,1019;                                                    1355P   1421
126,18,3,0,0,1,0,0D0,0D0,0D0,0D0,6.250001354758D-2,                 1357P   1422
1.250003918011D-1,1.875005972506D-1,2.499989036924D-1,              1357P   1423
3.124991927080D-1,3.749999071549D-1,4.375000276639D-1,              1357P   1424
4.999993492840D-1,5.624983054266D-1,6.249973723563D-1,              1357P   1425
6.874968574130D-1,7.499965493694D-1,8.124952825987D-1,              1357P   1426
8.749965748962D-1,9.374984624977D-1,1D0,1D0,1D0,1D0,1D0,1D0,1D0,    1357P   1427
1D0,1D0,1D0,1D0,1D0,1D0,1D0,1D0,1D0,1D0,1D0,1D0,1D0,1D0,1D0,1D0,    1357P   1428
-1.55D0,0D0,0D0,-1.550135241275D0,1.014733436721D-1,0D0,            1357P   1429
-1.529953966341D0,3.043274359475D-1,0D0,-1.441260587464D0,          1357P   1430
5.969878411102D-1,0D0,-1.297080980304D0,8.666837542866D-1,0D0,      1357P   1431
-1.103083229326D0,1.103079175486D0,0D0,-8.666873898636D-1,          1357P   1432
1.297083860967D0,0D0,-5.969843886081D-1,1.441243909020D0,0D0,       1357P   1433
-3.043403605053D-1,1.530016480257D0,0D0,-3.791634975325D-6,         1357P   1434
1.559991325428D0,0D0,3.043311844318D-1,1.530018072575D0,0D0,        1357P   1435
5.969716272580D-1,1.441248796873D0,0D0,8.666719308100D-1,           1357P   1436
1.297093836356D0,0D0,1.103068574891D0,1.103093791198D0,0D0,         1357P   1437
1.297070522474D0,8.666998434149D-1,0D0,1.441255529698D0,            1357P   1438
5.970011474965D-1,0D0,1.529952981794D0,3.043348552303D-1,0D0,       1357P   1439
1.550135254769D0,1.014758277668D-1,0D0,1.55D0,0D0,0D0,0D0,1D0,      1357P   1440
0D0,0D0,1D0;                                                        1357P   1441
126,18,3,0,0,1,0,0D0,0D0,0D0,0D0,6.250001354758D-2,                 1359P   1442
1.250003918011D-1,1.875005972506D-1,2.499989036924D-1,              1359P   1443
3.124991927080D-1,3.749999071549D-1,4.375000276639D-1,              1359P   1444
4.999993492840D-1,5.624983054266D-1,6.249973723563D-1,              1359P   1445
6.874968574130D-1,7.499965493694D-1,8.124952825987D-1,              1359P   1446
8.749965748962D-1,9.374984624977D-1,1D0,1D0,1D0,1D0,1D0,1D0,1D0,    1359P   1447
1D0,1D0,1D0,1D0,1D0,1D0,1D0,1D0,1D0,1D0,1D0,1D0,1D0,1D0,1D0,1D0,    1359P   1448
1.55D0,0D0,0D0,1.550135241275D0,-1.014733436721D-1,0D0,             1359P   1449
1.529953966341D0,-3.043274359475D-1,0D0,1.441260587464D0,           1359P   1450
-5.969878411102D-1,0D0,1.297080980304D0,-8.666837542866D-1,0D0,     1359P   1451
1.103083229326D0,-1.103079175486D0,0D0,8.666873898636D-1,           1359P   1452
-1.297083860967D0,0D0,5.969843886081D-1,-1.441243909020D0,0D0,      1359P   1453
3.043403605053D-1,-1.530016480257D0,0D0,3.791634976977D-6,          1359P   1454
-1.559991325428D0,0D0,-3.043311844318D-1,-1.530018072575D0,0D0,     1359P   1455
-5.969716272580D-1,-1.441248796873D0,0D0,-8.666719308100D-1,        1359P   1456
-1.297093836356D0,0D0,-1.103068574891D0,-1.103093791198D0,0D0,      1359P   1457
-1.297070522474D0,-8.666998434149D-1,0D0,-1.441255529698D0,         1359P   1458
-5.970011474965D-1,0D0,-1.529952981794D0,-3.043348552303D-1,0D0,    1359P   1459
-1.550135254769D0,-1.014758277668D-1,0D0,-1.55D0,0D0,0D0,0D0,       1359P   1460
1D0,0D0,0D0,1D0;                                                    1359P   1461
102,2,1357,1359;                                                    1361P   1462
142,0,1343,1361,1355,1;                                             1363P   1463
144,1343,1,1,1353,1363;                                             1365P   1464
110,1.654542D1,1.1628276D1,4.005D0,1.654542D1,1.1628276D1,          1367P   1465
5.005D0;                                                            1367P   1466
110,1.499542D1,1.1628276D1,4.0049D0,1.499542D1,1.1628276D1,         1369P   1467
4.0101D0;                                                           1369P   1468
120,1367,1369,-6.283185307180D-2,3.204424506662D0;                  1371P   1469
110,1.499542D1,1.1628276D1,4.005D0,1.499542D1,1.1628276D1,          1373P   1470
4.01D0;                                                             1373P   1471
124,-1D0,0D0,0D0,1.654542D1,0D0,-1D0,0D0,1.1628276D1,0D0,0D0,       1375P   1472
1D0,4.01D0;                                                         1375P   1473
100,0D0,0D0,0D0,1.55D0,0D0,-1.55D0,0D0;                             1377P   1474
102,4,1015,1373,1377,1035;                                          1379P   1475
110,1.923076923077D-2,3.141592653590D0,0D0,1.923076923077D-2,       1381P   1476
0D0,0D0;                                                            1381P   1477
110,1.923076923077D-2,0D0,0D0,9.807692307692D-1,0D0,0D0;            1383P   1478
110,9.807692307692D-1,0D0,0D0,9.807692307692D-1,                    1385P   1479
3.141592653590D0,0D0;                                               1385P   1480
110,9.807692307692D-1,3.141592653590D0,0D0,1.923076923077D-2,       1387P   1481
3.141592653590D0,0D0;                                               1387P   1482
102,4,1381,1383,1385,1387;                                          1389P   1483
142,0,1371,1389,1379,1;                                             1391P   1484
144,1371,1,0,1391;                                                  1393P   1485
110,1.654542D1,1.1628276D1,4.005D0,1.654542D1,1.1628276D1,          1395P   1486
5.005D0;                                                            1395P   1487
110,1.499542D1,1.1628276D1,4.0049D0,1.499542D1,1.1628276D1,         1397P   1488
4.0101D0;                                                           1397P   1489
120,1395,1397,3.078760800518D0,6.346017160251D0;                    1399P   1490
110,1.809542D1,1.1628276D1,4.005D0,1.809542D1,1.1628276D1,          1401P   1491
4.01D0;                                                             1401P   1492
124,1D0,0D0,0D0,1.654542D1,0D0,1D0,0D0,1.1628276D1,0D0,0D0,1D0,     1403P   1493
4.01D0;                                                             1403P   1494
100,0D0,0D0,0D0,1.55D0,0D0,-1.55D0,0D0;                             1405P   1495
102,4,1401,1405,1029,1019;                                          1407P   1496
110,1.923076923077D-2,3.141592653590D0,0D0,9.807692307692D-1,       1409P   1497
3.141592653590D0,0D0;                                               1409P   1498
110,9.807692307692D-1,3.141592653590D0,0D0,9.807692307692D-1,       1411P   1499
6.283185307180D0,0D0;                                               1411P   1500
110,9.807692307692D-1,6.283185307180D0,0D0,1.923076923077D-2,       1413P   1501
6.283185307180D0,0D0;                                               1413P   1502
110,1.923076923077D-2,6.283185307180D0,0D0,1.923076923077D-2,       1415P   1503
3.141592653590D0,0D0;                                               1415P   1504
102,4,1409,1411,1413,1415;                                          1417P   1505
142,0,1399,1417,1407,1;                                             1419P   1506
144,1399,1,0,1419;                                                  1421P   1507
128,1,1,1,1,0,0,1,0,0,-6.712D0,-6.712D0,-3.488D0,-3.488D0,          1423P   1508
2.788D0,2.788D0,6.012D0,6.012D0,1D0,1D0,1D0,1D0,1.493342D1,         1423P   1509
1.3240276D1,4.01D0,1.815742D1,1.3240276D1,4.01D0,1.493342D1,        1423P   1510
1.0016276D1,4.01D0,1.815742D1,1.0016276D1,4.01D0,-6.712D0,          1423P   1511
-3.488D0,2.788D0,6.012D0;                                           1423P   1512
102,2,1033,1039;                                                    1425P   1513
126,18,3,0,0,1,0,0D0,0D0,0D0,0D0,6.25D-2,1.25D-1,1.875D-1,          1427P   1514
2.5D-1,3.125D-1,3.75D-1,4.375D-1,5D-1,5.625D-1,6.25D-1,6.875D-1,    1427P   1515
7.5D-1,8.125D-1,8.75D-1,9.375D-1,1D0,1D0,1D0,1D0,1D0,1D0,1D0,       1427P   1516
1D0,1D0,1D0,1D0,1D0,1D0,1D0,1D0,1D0,1D0,1D0,1D0,1D0,1D0,1D0,1D0,    1427P   1517
-3.55D0,4.4D0,0D0,-3.549864758893D0,4.501473322349D0,0D0,           1427P   1518
-3.570045966399D0,4.704326778806D0,0D0,-3.658738871515D0,           1427P   1519
4.996986285406D0,0D0,-3.802918895187D0,5.266684000564D0,0D0,        1427P   1520
-3.996918153323D0,5.503080879420D0,0D0,-4.233315426485D0,           1427P   1521
5.697085546792D0,0D0,-4.503016973655D0,5.841244327825D0,0D0,        1427P   1522
-4.795660757899D0,5.930016794264D0,0D0,-5.1D0,5.959991602868D0,     1427P   1523
0D0,-5.404339242101D0,5.930016794264D0,0D0,-5.696983026345D0,       1427P   1524
5.841244327825D0,0D0,-5.966684573515D0,5.697085546792D0,0D0,        1427P   1525
-6.203081846677D0,5.503080879420D0,0D0,-6.397081104813D0,           1427P   1526
5.266684000564D0,0D0,-6.541261128485D0,4.996986285406D0,0D0,        1427P   1527
-6.629954033601D0,4.704326778806D0,0D0,-6.650135241107D0,           1427P   1528
4.501473322349D0,0D0,-6.65D0,4.4D0,0D0,0D0,1D0,0D0,0D0,1D0;         1427P   1529
126,18,3,0,0,1,0,0D0,0D0,0D0,0D0,6.25D-2,1.25D-1,1.875D-1,          1429P   1530
2.5D-1,3.125D-1,3.75D-1,4.375D-1,5D-1,5.625D-1,6.25D-1,6.875D-1,    1429P   1531
7.5D-1,8.125D-1,8.75D-1,9.375D-1,1D0,1D0,1D0,1D0,1D0,1D0,1D0,       1429P   1532
1D0,1D0,1D0,1D0,1D0,1D0,1D0,1D0,1D0,1D0,1D0,1D0,1D0,1D0,1D0,1D0,    1429P   1533
-6.65D0,4.4D0,0D0,-6.650135241107D0,4.298526677651D0,0D0,           1429P   1534
-6.629954033601D0,4.095673221194D0,0D0,-6.541261128485D0,           1429P   1535
3.803013714594D0,0D0,-6.397081104813D0,3.533315999436D0,0D0,        1429P   1536
-6.203081846677D0,3.296919120580D0,0D0,-5.966684573515D0,           1429P   1537
3.102914453208D0,0D0,-5.696983026345D0,2.958755672175D0,0D0,        1429P   1538
-5.404339242101D0,2.869983205736D0,0D0,-5.1D0,2.840008397132D0,     1429P   1539
0D0,-4.795660757899D0,2.869983205736D0,0D0,-4.503016973655D0,       1429P   1540
2.958755672175D0,0D0,-4.233315426485D0,3.102914453208D0,0D0,        1429P   1541
-3.996918153323D0,3.296919120580D0,0D0,-3.802918895187D0,           1429P   1542
3.533315999436D0,0D0,-3.658738871515D0,3.803013714594D0,0D0,        1429P   1543
-3.570045966399D0,4.095673221194D0,0D0,-3.549864758893D0,           1429P   1544
4.298526677651D0,0D0,-3.55D0,4.4D0,0D0,0D0,1D0,0D0,0D0,1D0;         1429P   1545
102,2,1427,1429;                                                    1431P   1546
142,0,1423,1431,1425,1;                                             1433P   1547
124,-1D0,0D0,0D0,1.654542D1,0D0,-1D0,0D0,1.1628276D1,0D0,0D0,       1435P   1548
1D0,4.01D0;                                                         1435P   1549
100,0D0,0D0,0D0,1.5D0,0D0,-1.5D0,0D0;                               1437P   1550
124,1D0,0D0,0D0,1.654542D1,0D0,1D0,0D0,1.1628276D1,0D0,0D0,1D0,     1439P   1551
4.01D0;                                                             1439P   1552
100,0D0,0D0,0D0,1.5D0,0D0,-1.5D0,0D0;                               1441P   1553
102,2,1437,1441;                                                    1443P   1554
126,18,3,0,0,1,0,0D0,0D0,0D0,0D0,6.250168414111D-2,                 1445P   1555
1.250036430521D-1,1.875050215288D-1,2.500037427013D-1,              1445P   1556
3.125033309725D-1,3.750027913187D-1,4.375018503626D-1,              1445P   1557
5.000008037558D-1,5.625001183643D-1,6.250002150278D-1,              1445P   1558
6.875008635805D-1,7.500009728226D-1,8.124991838756D-1,              1445P   1559
8.749994127177D-1,9.374998277893D-1,1D0,1D0,1D0,1D0,1D0,1D0,1D0,    1445P   1560
1D0,1D0,1D0,1D0,1D0,1D0,1D0,1D0,1D0,1D0,1D0,1D0,1D0,1D0,1D0,1D0,    1445P   1561
-6.6D0,4.4D0,0D0,-6.600130892643D0,4.498202645731D0,0D0,            1445P   1562
-6.580599579593D0,4.694518176786D0,0D0,-6.494763032869D0,           1445P   1563
4.977744034861D0,0D0,-6.355228829105D0,5.238742865547D0,0D0,        1445P   1564
-6.167484823675D0,5.467510988844D0,0D0,-5.938713912519D0,           1445P   1565
5.655252649725D0,0D0,-5.677713732120D0,5.794757203700D0,0D0,        1445P   1566
-5.394513314228D0,5.880662795420D0,0D0,-5.099995609187D0,           1445P   1567
5.909669023100D0,0D0,-4.805476415838D0,5.880660974803D0,0D0,        1445P   1568
-4.522272701537D0,5.794751959953D0,0D0,-4.261270214765D0,           1445P   1569
5.655242364561D0,0D0,-4.032500453006D0,5.467496267886D0,0D0,        1445P   1570
-3.844760826059D0,5.238726918732D0,0D0,-3.705232028644D0,           1445P   1571
4.977731012147D0,0D0,-3.619399467934D0,4.694510980723D0,0D0,        1445P   1572
-3.599869120427D0,4.498200260880D0,0D0,-3.6D0,4.4D0,0D0,0D0,1D0,    1445P   1573
0D0,0D0,1D0;                                                        1445P   1574
126,18,3,0,0,1,0,0D0,0D0,0D0,0D0,6.250168414111D-2,                 1447P   1575
1.250036430521D-1,1.875050215288D-1,2.500037427013D-1,              1447P   1576
3.125033309725D-1,3.750027913187D-1,4.375018503626D-1,              1447P   1577
5.000008037558D-1,5.625001183643D-1,6.250002150278D-1,              1447P   1578
6.875008635805D-1,7.500009728226D-1,8.124991838756D-1,              1447P   1579
8.749994127177D-1,9.374998277893D-1,1D0,1D0,1D0,1D0,1D0,1D0,1D0,    1447P   1580
1D0,1D0,1D0,1D0,1D0,1D0,1D0,1D0,1D0,1D0,1D0,1D0,1D0,1D0,1D0,1D0,    1447P   1581
-3.6D0,4.4D0,0D0,-3.599869107357D0,4.301797354269D0,0D0,            1447P   1582
-3.619400420407D0,4.105481823214D0,0D0,-3.705236967131D0,           1447P   1583
3.822255965139D0,0D0,-3.844771170895D0,3.561257134453D0,0D0,        1447P   1584
-4.032515176325D0,3.332489011156D0,0D0,-4.261286087481D0,           1447P   1585
3.144747350275D0,0D0,-4.522286267880D0,3.005242796300D0,0D0,        1447P   1586
-4.805486685772D0,2.919337204580D0,0D0,-5.100004390813D0,           1447P   1587
2.890330976900D0,0D0,-5.394523584162D0,2.919339025197D0,0D0,        1447P   1588
-5.677727298463D0,3.005248040047D0,0D0,-5.938729785235D0,           1447P   1589
3.144757635439D0,0D0,-6.167499546994D0,3.332503732114D0,0D0,        1447P   1590
-6.355239173941D0,3.561273081268D0,0D0,-6.494767971356D0,           1447P   1591
3.822268987853D0,0D0,-6.580600532066D0,4.105489019277D0,0D0,        1447P   1592
-6.600130879573D0,4.301799739120D0,0D0,-6.6D0,4.4D0,0D0,0D0,1D0,    1447P   1593
0D0,0D0,1D0;                                                        1447P   1594
102,2,1445,1447;                                                    1449P   1595
142,0,1423,1449,1443,1;                                             1451P   1596
144,1423,1,1,1433,1451;                                             1453P   1597
110,1.654542D1,1.1628276D1,5.268649446766D0,1.654542D1,             1455P   1598
1.1628276D1,4.268649446766D0;                                       1455P   1599
110,1.566126393292D1,1.1628276D1,4.526754416979D0,                  1457P   1600
1.502545286337D1,1.1628276D1,3.993245583021D0;                      1457P   1601
120,1455,1457,3.078760800518D0,6.346017160251D0;                    1459P   1602
110,1.744954320370D1,1.1628276D1,4.51D0,1.804542D1,1.1628276D1,     1461P   1603
4.01D0;                                                             1461P   1604
124,-1D0,0D0,0D0,1.654542D1,0D0,-1D0,0D0,1.1628276D1,0D0,0D0,       1463P   1605
1D0,4.51D0;                                                         1463P   1606
100,0D0,0D0,0D0,9.041232037029D-1,0D0,-9.041232037029D-1,0D0;       1465P   1607
102,4,1461,1043,1059,1465;                                          1467P   1608
110,3.140419785557D-2,3.141592653590D0,0D0,9.685958021444D-1,       1469P   1609
3.141592653590D0,0D0;                                               1469P   1610
110,9.685958021444D-1,3.141592653590D0,0D0,9.685958021444D-1,       1471P   1611
6.283185307180D0,0D0;                                               1471P   1612
110,9.685958021444D-1,6.283185307180D0,0D0,3.140419785557D-2,       1473P   1613
6.283185307180D0,0D0;                                               1473P   1614
110,3.140419785557D-2,6.283185307180D0,0D0,3.140419785557D-2,       1475P   1615
3.141592653590D0,0D0;                                               1475P   1616
102,4,1469,1471,1473,1475;                                          1477P   1617
142,0,1459,1477,1467,1;                                             1479P   1618
144,1459,1,0,1479;                                                  1481P   1619
110,1.654542D1,1.1628276D1,5.268649446766D0,1.654542D1,             1483P   1620
1.1628276D1,4.268649446766D0;                                       1483P   1621
110,1.566126393292D1,1.1628276D1,4.526754416979D0,                  1485P   1622
1.502545286337D1,1.1628276D1,3.993245583021D0;                      1485P   1623
120,1483,1485,-6.283185307180D-2,3.204424506662D0;                  1487P   1624
124,1D0,0D0,0D0,1.654542D1,0D0,1D0,0D0,1.1628276D1,0D0,0D0,1D0,     1489P   1625
4.51D0;                                                             1489P   1626
100,0D0,0D0,0D0,9.041232037029D-1,0D0,-9.041232037029D-1,0D0;       1491P   1627
110,1.564129679630D1,1.1628276D1,4.51D0,1.504542D1,1.1628276D1,     1493P   1628
4.01D0;                                                             1493P   1629
102,4,1491,1493,1047,1049;                                          1495P   1630
110,3.140419785557D-2,3.141592653590D0,0D0,3.140419785557D-2,       1497P   1631
0D0,0D0;                                                            1497P   1632
110,3.140419785557D-2,0D0,0D0,9.685958021444D-1,0D0,0D0;            1499P   1633
110,9.685958021444D-1,0D0,0D0,9.685958021444D-1,                    1501P   1634
3.141592653590D0,0D0;                                               1501P   1635
110,9.685958021444D-1,3.141592653590D0,0D0,3.140419785557D-2,       1503P   1636
3.141592653590D0,0D0;                                               1503P   1637
102,4,1497,1499,1501,1503;                                          1505P   1638
142,0,1487,1505,1495,1;                                             1507P   1639
144,1487,1,0,1507;                                                  1509P   1640
110,1.654542D1,1.1628276D1,4.669421314697D0,1.654542D1,             1511P   1641
1.1628276D1,3.669421314697D0;                                       1511P   1642
110,1.654542D1,1.1628276D1,4.669421314697D0,1.561562754025D1,       1513P   1643
1.1628276D1,4.505473817584D0;                                       1513P   1644
120,1511,1513,-6.283185307180D-2,3.204424506662D0;                  1515P   1645
110,1.654542D1,1.1628276D1,4.669421314697D0,1.564129679630D1,       1517P   1646
1.1628276D1,4.51D0;                                                 1517P   1647
102,3,1517,1057,1063;                                               1519P   1648
110,0D0,0D0,0D0,9.723924884740D-1,0D0,0D0;                          1521P   1649
110,9.723924884740D-1,0D0,0D0,9.723924884740D-1,                    1523P   1650
3.141592653590D0,0D0;                                               1523P   1651
110,9.723924884740D-1,3.141592653590D0,0D0,0D0,3.141592653590D0,    1525P   1652
0D0;                                                                1525P   1653
110,0D0,3.141592653590D0,0D0,0D0,0D0,0D0;                           1527P   1654
102,4,1521,1523,1525,1527;                                          1529P   1655
142,0,1515,1529,1519,1;                                             1531P   1656
144,1515,1,0,1531;                                                  1533P   1657
110,1.654542D1,1.1628276D1,4.669421314697D0,1.654542D1,             1535P   1658
1.1628276D1,3.669421314697D0;                                       1535P   1659
110,1.654542D1,1.1628276D1,4.669421314697D0,1.561562754025D1,       1537P   1660
1.1628276D1,4.505473817584D0;                                       1537P   1661
120,1535,1537,3.078760800518D0,6.346017160251D0;                    1539P   1662
110,1.654542D1,1.1628276D1,4.669421314697D0,1.744954320370D1,       1541P   1663
1.1628276D1,4.51D0;                                                 1541P   1664
102,3,1541,1053,1061;                                               1543P   1665
110,0D0,3.141592653590D0,0D0,9.723924884740D-1,3.141592653590D0,    1545P   1666
0D0;                                                                1545P   1667
110,9.723924884740D-1,3.141592653590D0,0D0,9.723924884740D-1,       1547P   1668
6.283185307180D0,0D0;                                               1547P   1669
110,9.723924884740D-1,6.283185307180D0,0D0,0D0,6.283185307180D0,    1549P   1670
0D0;                                                                1549P   1671
110,0D0,6.283185307180D0,0D0,0D0,3.141592653590D0,0D0;              1551P   1672
102,4,1545,1547,1549,1551;                                          1553P   1673
142,0,1539,1553,1543,1;                                             1555P   1674
144,1539,1,0,1555;                                                  1557P   1675
110,1.654542D1,1.1628276D1,4D0,1.654542D1,1.1628276D1,3D0;          1559P   1676
110,1.654542D1,1.3378276D1,4.0051D0,1.654542D1,1.3378276D1,         1561P   1677
3.9999D0;                                                           1561P   1678
120,1559,1561,4.649557127313D0,7.916813487046D0;                    1563P   1679
110,1.479542D1,1.1628276D1,4.005D0,1.479542D1,1.1628276D1,4D0;      1565P   1680
124,-1D0,0D0,0D0,1.654542D1,0D0,1D0,0D0,1.1628276D1,0D0,0D0,        1567P   1681
-1D0,4D0;                                                           1567P   1682
100,0D0,0D0,0D0,1.75D0,0D0,-1.75D0,0D0;                             1569P   1683
102,4,1027,1565,1569,1065;                                          1571P   1684
110,1.923076923077D-2,7.853981633974D0,0D0,1.923076923077D-2,       1573P   1685
4.712388980385D0,0D0;                                               1573P   1686
110,1.923076923077D-2,4.712388980385D0,0D0,9.807692307692D-1,       1575P   1687
4.712388980385D0,0D0;                                               1575P   1688
110,9.807692307692D-1,4.712388980385D0,0D0,9.807692307692D-1,       1577P   1689
7.853981633974D0,0D0;                                               1577P   1690
110,9.807692307692D-1,7.853981633974D0,0D0,1.923076923077D-2,       1579P   1691
7.853981633974D0,0D0;                                               1579P   1692
102,4,1573,1575,1577,1579;                                          1581P   1693
142,0,1563,1581,1571,1;                                             1583P   1694
144,1563,1,0,1583;                                                  1585P   1695
110,2.174542D1,1.6128276D1,6.43D0,2.174542D1,1.6128276D1,5.43D0;    1587P   1696
110,2.415698908801D1,1.6128276D1,4.018430911988D0,                  1589P   1697
2.459385091199D1,1.6128276D1,3.581569088012D0;                      1589P   1698
120,1587,1589,4.680973053849D0,6.314601233715D0;                    1591P   1699
124,1D0,0D0,0D0,2.174542D1,0D0,1D0,0D0,1.6128276D1,0D0,0D0,1D0,     1593P   1700
4D0;                                                                1593P   1701
100,0D0,0D0,0D0,2.43D0,0D0,-3.923970279566D-14,2.43D0;              1595P   1702
110,2.174542D1,1.8558276D1,4D0,2.174542D1,1.8958276D1,3.6D0;        1597P   1703
102,4,1075,1595,1597,1109;                                          1599P   1704
110,9.578106600847D-1,6.283185307180D0,0D0,4.218933991526D-2,       1601P   1705
6.283185307180D0,0D0;                                               1601P   1706
110,4.218933991526D-2,6.283185307180D0,0D0,4.218933991526D-2,       1603P   1707
4.712388980385D0,0D0;                                               1603P   1708
110,4.218933991526D-2,4.712388980385D0,0D0,9.578106600847D-1,       1605P   1709
4.712388980385D0,0D0;                                               1605P   1710
110,9.578106600847D-1,4.712388980385D0,0D0,9.578106600847D-1,       1607P   1711
6.283185307180D0,0D0;                                               1607P   1712
102,4,1601,1603,1605,1607;                                          1609P   1713
142,0,1591,1609,1599,1;                                             1611P   1714
144,1591,1,0,1611;                                                  1613P   1715
128,1,1,1,1,0,0,1,0,0,-5.917506706491D-1,-5.917506706491D-1,        1615P   1716
2.606524569990D-2,2.606524569990D-2,-9.18D0,-9.18D0,1.8D-1,         1615P   1717
1.8D-1,1D0,1D0,1D0,1D0,2.415698908801D1,1.6308276D1,                1615P   1718
4.018430911988D0,2.459385091199D1,1.6308276D1,3.581569088012D0,     1615P   1719
2.415698908801D1,6.948276D0,4.018430911988D0,2.459385091199D1,      1615P   1720
6.948276D0,3.581569088012D0,-5.917506706491D-1,                     1615P   1721
2.606524569990D-2,-9.18D0,1.8D-1;                                   1615P   1722
110,2.417542D1,7.128276D0,4D0,2.417542D1,1.6128276D1,4D0;           1617P   1723
110,2.417542D1,1.6128276D1,4D0,2.457542D1,1.6128276D1,3.6D0;        1619P   1724
102,4,1081,1617,1619,1105;                                          1621P   1725
110,0D0,0D0,0D0,-5.656854249492D-1,0D0,0D0;                         1623P   1726
110,-5.656854249492D-1,0D0,0D0,-5.656854249492D-1,-9D0,0D0;         1625P   1727
110,-5.656854249492D-1,-9D0,0D0,0D0,-9D0,0D0;                       1627P   1728
110,0D0,-9D0,0D0,0D0,0D0,0D0;                                       1629P   1729
102,4,1623,1625,1627,1629;                                          1631P   1730
142,0,1615,1631,1621,1;                                             1633P   1731
144,1615,1,0,1633;                                                  1635P   1732
110,2.174542D1,7.128276D0,6.43D0,2.174542D1,7.128276D0,5.43D0;      1637P   1733
110,2.415698908801D1,7.128276D0,4.018430911988D0,                   1639P   1734
2.459385091199D1,7.128276D0,3.581569088012D0;                       1639P   1735
120,1637,1639,-3.141592653590D-2,1.602212253331D0;                  1641P   1736
124,0D0,1D0,0D0,2.174542D1,-1D0,0D0,0D0,7.128276D0,0D0,0D0,1D0,     1643P   1737
4D0;                                                                1643P   1738
100,0D0,0D0,0D0,2.43D0,0D0,0D0,2.43D0;                              1645P   1739
110,2.417542D1,7.128276D0,4D0,2.457542D1,7.128276D0,3.6D0;          1647P   1740
102,4,1083,1645,1647,1103;                                          1649P   1741
110,9.578106600847D-1,1.570796326795D0,0D0,4.218933991525D-2,       1651P   1742
1.570796326795D0,0D0;                                               1651P   1743
110,4.218933991525D-2,1.570796326795D0,0D0,4.218933991525D-2,       1653P   1744
0D0,0D0;                                                            1653P   1745
110,4.218933991525D-2,0D0,0D0,9.578106600847D-1,0D0,0D0;            1655P   1746
110,9.578106600847D-1,0D0,0D0,9.578106600847D-1,                    1657P   1747
1.570796326795D0,0D0;                                               1657P   1748
102,4,1651,1653,1655,1657;                                          1659P   1749
142,0,1641,1659,1649,1;                                             1661P   1750
144,1641,1,0,1661;                                                  1663P   1751
128,1,1,1,1,0,0,1,0,0,-5.917506706491D-1,-5.917506706491D-1,        1665P   1752
2.606524569990D-2,2.606524569990D-2,-9.18D0,-9.18D0,1.8D-1,         1665P   1753
1.8D-1,1D0,1D0,1D0,1D0,2.192542D1,4.716706911988D0,                 1665P   1754
4.018430911988D0,2.192542D1,4.279845088012D0,3.581569088012D0,      1665P   1755
1.256542D1,4.716706911988D0,4.018430911988D0,1.256542D1,            1665P   1756
4.279845088012D0,3.581569088012D0,-5.917506706491D-1,               1665P   1757
2.606524569990D-2,-9.18D0,1.8D-1;                                   1665P   1758
110,2.174542D1,4.698276D0,4D0,2.174542D1,4.298276D0,3.6D0;          1667P   1759
110,1.274542D1,4.298276D0,3.6D0,1.274542D1,4.698276D0,4D0;          1669P   1760
110,1.274542D1,4.698276D0,4D0,2.174542D1,4.698276D0,4D0;            1671P   1761
102,4,1667,1099,1669,1671;                                          1673P   1762
110,-5.656854249492D-1,-9D0,0D0,0D0,-9D0,0D0;                       1675P   1763
110,0D0,-9D0,0D0,0D0,0D0,0D0;                                       1677P   1764
110,0D0,0D0,0D0,-5.656854249492D-1,0D0,0D0;                         1679P   1765
110,-5.656854249492D-1,0D0,0D0,-5.656854249492D-1,-9D0,0D0;         1681P   1766
102,4,1675,1677,1679,1681;                                          1683P   1767
142,0,1665,1683,1673,1;                                             1685P   1768
144,1665,1,0,1685;                                                  1687P   1769
128,1,1,1,1,0,0,1,0,0,-1.23D1,-1.23D1,3.3D0,3.3D0,-1.23D1,          1689P   1770
-1.23D1,3.3D0,3.3D0,1D0,1D0,1D0,1D0,2.504542D1,1.9428276D1,         1689P   1771
3.6D0,9.44542D0,1.9428276D1,3.6D0,2.504542D1,3.828276D0,3.6D0,      1689P   1772
9.44542D0,3.828276D0,3.6D0,-1.23D1,3.3D0,-1.23D1,3.3D0;             1689P   1773
110,1.274542D1,4.128276D0,3.6D0,2.174542D1,4.128276D0,3.6D0;        1691P   1774
110,2.474542D1,7.128276D0,3.6D0,2.474542D1,1.6128276D1,3.6D0;       1693P   1775
110,2.174542D1,1.9128276D1,3.6D0,1.374542D1,1.9128276D1,3.6D0;      1695P   1776
110,9.74542D0,1.5128276D1,3.6D0,9.74542D0,7.128276D0,3.6D0;         1697P   1777
102,8,1117,1691,1127,1693,1137,1695,1147,1697;                      1699P   1778
126,11,3,0,0,1,0,0D0,0D0,0D0,0D0,1.111032274892D-1,                 1701P   1779
2.222123596217D-1,3.333257208919D-1,4.444416242535D-1,              1701P   1780
5.555583757465D-1,6.666742791081D-1,7.777876403783D-1,              1701P   1781
8.888967725108D-1,1D0,1D0,1D0,1D0,1D0,1D0,1D0,1D0,1D0,1D0,1D0,      1701P   1782
1D0,1D0,1D0,1D0,1D0,3D0,1.015265166165D-14,0D0,3.000164049803D0,    1701P   1783
1.745485340526D-1,0D0,2.969388265301D0,5.235546622089D-1,0D0,       1701P   1784
2.833460749644D0,1.031248742356D0,0D0,2.611311523580D0,             1701P   1785
1.507606563251D0,0D0,2.309840753892D0,1.938169474916D0,0D0,         1701P   1786
1.938169474916D0,2.309840753892D0,0D0,1.507606563251D0,             1701P   1787
2.611311523580D0,0D0,1.031248742356D0,2.833460749644D0,0D0,         1701P   1788
5.235546622089D-1,2.969388265301D0,0D0,1.745485340526D-1,           1701P   1789
3.000164049803D0,0D0,0D0,3D0,0D0,0D0,1D0,0D0,0D0,1D0;               1701P   1790
110,0D0,3D0,0D0,-9D0,3D0,0D0;                                       1703P   1791
126,11,3,0,0,1,0,0D0,0D0,0D0,0D0,1.111032274892D-1,                 1705P   1792
2.222123596217D-1,3.333257208919D-1,4.444416242535D-1,              1705P   1793
5.555583757465D-1,6.666742791081D-1,7.777876403783D-1,              1705P   1794
8.888967725108D-1,1D0,1D0,1D0,1D0,1D0,1D0,1D0,1D0,1D0,1D0,1D0,      1705P   1795
1D0,1D0,1D0,1D0,1D0,-9D0,3D0,0D0,-9.174548534053D0,                 1705P   1796
3.000164049803D0,0D0,-9.523554662209D0,2.969388265301D0,0D0,        1705P   1797
-1.003124874236D1,2.833460749644D0,0D0,-1.050760656325D1,           1705P   1798
2.611311523580D0,0D0,-1.093816947492D1,2.309840753892D0,0D0,        1705P   1799
-1.130984075389D1,1.938169474916D0,0D0,-1.161131152358D1,           1705P   1800
1.507606563251D0,0D0,-1.183346074964D1,1.031248742356D0,0D0,        1705P   1801
-1.196938826530D1,5.235546622089D-1,0D0,-1.200016404980D1,          1705P   1802
1.745485340526D-1,0D0,-1.2D1,0D0,0D0,0D0,1D0,0D0,0D0,1D0;           1705P   1803
110,-1.2D1,0D0,0D0,-1.2D1,-9D0,0D0;                                 1707P   1804
126,11,3,0,0,1,0,0D0,0D0,0D0,0D0,1.111032274892D-1,                 1709P   1805
2.222123596217D-1,3.333257208919D-1,4.444416242535D-1,              1709P   1806
5.555583757465D-1,6.666742791081D-1,7.777876403783D-1,              1709P   1807
8.888967725108D-1,1D0,1D0,1D0,1D0,1D0,1D0,1D0,1D0,1D0,1D0,1D0,      1709P   1808
1D0,1D0,1D0,1D0,1D0,-1.2D1,-9D0,0D0,-1.200016404980D1,              1709P   1809
-9.174548534053D0,0D0,-1.196938826530D1,-9.523554662209D0,0D0,      1709P   1810
-1.183346074964D1,-1.003124874236D1,0D0,-1.161131152358D1,          1709P   1811
-1.050760656325D1,0D0,-1.130984075389D1,-1.093816947492D1,0D0,      1709P   1812
-1.093816947492D1,-1.130984075389D1,0D0,-1.050760656325D1,          1709P   1813
-1.161131152358D1,0D0,-1.003124874236D1,-1.183346074964D1,0D0,      1709P   1814
-9.523554662209D0,-1.196938826530D1,0D0,-9.174548534053D0,          1709P   1815
-1.200016404980D1,0D0,-9D0,-1.2D1,0D0,0D0,1D0,0D0,0D0,1D0;          1709P   1816
110,-9D0,-1.2D1,0D0,-1D0,-1.2D1,0D0;                                1711P   1817
126,12,3,0,0,1,0,0D0,0D0,0D0,0D0,1D-1,2D-1,3D-1,4D-1,5D-1,6D-1,     1713P   1818
7D-1,8D-1,9D-1,1D0,1D0,1D0,1D0,1D0,1D0,1D0,1D0,1D0,1D0,1D0,1D0,     1713P   1819
1D0,1D0,1D0,1D0,1D0,-1D0,-1.2D1,0D0,-7.905384032132D-1,             1713P   1820
-1.200014395989D1,0D0,-3.716941827021D-1,-1.196696680564D1,0D0,     1713P   1821
2.411644052426D-1,-1.181992041469D1,0D0,8.234444267305D-1,          1713P   1822
-1.157870792669D1,0D0,1.360829881585D0,-1.124940445909D1,0D0,       1713P   1823
1.840082101950D0,-1.084008210195D1,0D0,2.249404459091D0,            1713P   1824
-1.036082988158D1,0D0,2.578707926685D0,-9.823444426730D0,0D0,       1713P   1825
2.819920414689D0,-9.241164405243D0,0D0,2.966966805644D0,            1713P   1826
-8.628305817298D0,0D0,3.000143959894D0,-8.209461596787D0,0D0,       1713P   1827
3D0,-8D0,0D0,0D0,1D0,0D0,0D0,1D0;                                   1713P   1828
110,3D0,-8D0,0D0,3D0,1.015265166165D-14,0D0;                        1715P   1829
102,8,1701,1703,1705,1707,1709,1711,1713,1715;                      1717P   1830
142,0,1689,1717,1699,1;                                             1719P   1831
102,8,1091,1111,1109,1105,1103,1099,1097,1093;                      1721P   1832
126,12,3,0,0,1,0,0D0,0D0,0D0,0D0,1.000008927190D-1,                 1723P   1833
2.000011837981D-1,3.000010332094D-1,4.000005902656D-1,5D-1,         1723P   1834
5.999994097344D-1,6.999989667906D-1,7.999988162019D-1,              1723P   1835
8.999991072810D-1,1D0,1D0,1D0,1D0,1D0,1D0,1D0,1D0,1D0,1D0,1D0,      1723P   1836
1D0,1D0,1D0,1D0,1D0,1D0,2.83D0,-8D0,0D0,2.830137845638D0,           1723P   1837
-8.200561275178D0,0D0,2.798370243373D0,-8.601606996082D0,0D0,       1723P   1838
2.657571877448D0,-9.188420898739D0,0D0,2.426610182340D0,            1723P   1839
-9.745953046747D0,0D0,2.111302710330D0,-1.026049716729D1,0D0,       1723P   1840
1.719378480290D0,-1.071937848029D1,0D0,1.260497167294D0,            1723P   1841
-1.111130271033D1,0D0,7.459530467467D-1,-1.142661018234D1,0D0,      1723P   1842
1.884208987389D-1,-1.165757187745D1,0D0,-3.983930039177D-1,         1723P   1843
-1.179837024337D1,0D0,-7.994387248219D-1,-1.183013784564D1,0D0,     1723P   1844
-1D0,-1.183D1,0D0,0D0,1D0,0D0,0D0,1D0;                              1723P   1845
110,-1D0,-1.183D1,0D0,-9D0,-1.183D1,0D0;                            1725P   1846
126,11,3,0,0,1,0,0D0,0D0,0D0,0D0,1.111117567154D-1,                 1727P   1847
2.222230227308D-1,3.333339503992D-1,4.444446628635D-1,              1727P   1848
5.555553098890D-1,6.666660251312D-1,7.777769582585D-1,              1727P   1849
8.888882324134D-1,1D0,1D0,1D0,1D0,1D0,1D0,1D0,1D0,1D0,1D0,1D0,      1727P   1850
1D0,1D0,1D0,1D0,1D0,-9D0,-1.183D1,0D0,-9.164670144536D0,            1727P   1851
-1.183015479159D1,0D0,-9.493915106780D0,-1.180111929419D1,0D0,      1727P   1852
-9.972849832629D0,-1.167288391455D1,0D0,-1.042220341806D1,          1727P   1853
-1.146331995155D1,0D0,-1.082834831591D1,-1.117894077001D1,0D0,      1727P   1854
-1.117894069448D1,-1.082834840649D1,0D0,-1.146331989966D1,          1727P   1855
-1.042220351008D1,0D0,-1.167288388845D1,-9.972849909529D0,0D0,      1727P   1856
-1.180111928885D1,-9.493915151179D0,0D0,-1.183015479164D1,          1727P   1857
-9.164670160703D0,0D0,-1.183D1,-9D0,0D0,0D0,1D0,0D0,0D0,1D0;        1727P   1858
110,-1.183D1,-9D0,0D0,-1.183D1,-2.030373270610D-14,0D0;             1729P   1859
126,11,3,0,0,1,0,0D0,0D0,0D0,0D0,1.111117567154D-1,                 1731P   1860
2.222230227308D-1,3.333339503992D-1,4.444446628635D-1,              1731P   1861
5.555553098890D-1,6.666660251312D-1,7.777769582585D-1,              1731P   1862
8.888882324134D-1,1D0,1D0,1D0,1D0,1D0,1D0,1D0,1D0,1D0,1D0,1D0,      1731P   1863
1D0,1D0,1D0,1D0,1D0,-1.183D1,-2.030373270610D-14,0D0,               1731P   1864
-1.183015479159D1,1.646701445360D-1,0D0,-1.180111929419D1,          1731P   1865
4.939151067799D-1,0D0,-1.167288391455D1,9.728498326293D-1,0D0,      1731P   1866
-1.146331995155D1,1.422203418056D0,0D0,-1.117894077001D1,           1731P   1867
1.828348315906D0,0D0,-1.082834840649D1,2.178940694479D0,0D0,        1731P   1868
-1.042220351008D1,2.463319899656D0,0D0,-9.972849909529D0,           1731P   1869
2.672883888451D0,0D0,-9.493915151179D0,2.801119288849D0,0D0,        1731P   1870
-9.164670160703D0,2.830154791644D0,0D0,-9D0,2.83D0,0D0,0D0,1D0,     1731P   1871
0D0,0D0,1D0;                                                        1731P   1872
110,-9D0,2.83D0,0D0,-4.060746541221D-14,2.83D0,0D0;                 1733P   1873
126,11,3,0,0,1,0,0D0,0D0,0D0,0D0,1.111117567154D-1,                 1735P   1874
2.222230227308D-1,3.333339503992D-1,4.444446628635D-1,              1735P   1875
5.555553098890D-1,6.666660251312D-1,7.777769582585D-1,              1735P   1876
8.888882324134D-1,1D0,1D0,1D0,1D0,1D0,1D0,1D0,1D0,1D0,1D0,1D0,      1735P   1877
1D0,1D0,1D0,1D0,1D0,-4.060746541221D-14,2.83D0,0D0,                 1735P   1878
1.646701445360D-1,2.830154791588D0,0D0,4.939151067799D-1,           1735P   1879
2.801119294188D0,0D0,9.728498326293D-1,2.672883914548D0,0D0,        1735P   1880
1.422203418056D0,2.463319951548D0,0D0,1.828348315906D0,             1735P   1881
2.178940770012D0,0D0,2.178940694479D0,1.828348406487D0,0D0,         1735P   1882
2.463319899656D0,1.422203510079D0,0D0,2.672883888451D0,             1735P   1883
9.728499095291D-1,0D0,2.801119288849D0,4.939151511793D-1,0D0,       1735P   1884
2.830154791644D0,1.646701607035D-1,0D0,2.83D0,                      1735P   1885
1.015186535219D-14,0D0,0D0,1D0,0D0,0D0,1D0;                         1735P   1886
110,2.83D0,1.015186535219D-14,0D0,2.83D0,-8D0,0D0;                  1737P   1887
102,8,1723,1725,1727,1729,1731,1733,1735,1737;                      1739P   1888
142,0,1689,1739,1721,1;                                             1741P   1889
144,1689,1,1,1719,1741;                                             1743P   1890
110,1.274542D1,7.128276D0,0D0,1.274542D1,7.128276D0,1D0;            1745P   1891
110,9.74542D0,7.128276D0,3.36D-1,9.74542D0,7.128276D0,3.664D0;      1747P   1892
120,1745,1747,-3.141592653590D-2,1.602212253331D0;                  1749P   1893
102,4,1119,1161,1113,1117;                                          1751P   1894
110,9.807692307692D-1,1.570796326795D0,0D0,1.923076923077D-2,       1753P   1895
1.570796326795D0,0D0;                                               1753P   1896
110,1.923076923077D-2,1.570796326795D0,0D0,1.923076923077D-2,       1755P   1897
0D0,0D0;                                                            1755P   1898
110,1.923076923077D-2,0D0,0D0,9.807692307692D-1,0D0,0D0;            1757P   1899
110,9.807692307692D-1,0D0,0D0,9.807692307692D-1,                    1759P   1900
1.570796326795D0,0D0;                                               1759P   1901
102,4,1753,1755,1757,1759;                                          1761P   1902
142,0,1749,1761,1751,1;                                             1763P   1903
144,1749,1,0,1763;                                                  1765P   1904
128,1,1,1,1,0,0,1,0,0,-1.8D-1,-1.8D-1,9.18D0,9.18D0,3.36D-1,        1767P   1905
3.36D-1,3.664D0,3.664D0,1D0,1D0,1D0,1D0,1.256542D1,4.128276D0,      1767P   1906
3.36D-1,2.192542D1,4.128276D0,3.36D-1,1.256542D1,4.128276D0,        1767P   1907
3.664D0,2.192542D1,4.128276D0,3.664D0,-1.8D-1,9.18D0,3.36D-1,       1767P   1908
3.664D0;                                                            1767P   1909
102,4,1123,1121,1119,1163;                                          1769P   1910
110,9D0,4D-1,0D0,9D0,3.6D0,0D0;                                     1771P   1911
110,9D0,3.6D0,0D0,0D0,3.6D0,0D0;                                    1773P   1912
110,0D0,3.6D0,0D0,0D0,4D-1,0D0;                                     1775P   1913
110,0D0,4D-1,0D0,9D0,4D-1,0D0;                                      1777P   1914
102,4,1771,1773,1775,1777;                                          1779P   1915
142,0,1767,1779,1769,1;                                             1781P   1916
144,1767,1,0,1781;                                                  1783P   1917
110,2.174542D1,7.128276D0,0D0,2.174542D1,7.128276D0,1D0;            1785P   1918
110,1.874542D1,7.128276D0,3.36D-1,1.874542D1,7.128276D0,3.664D0;    1787P   1919
120,1785,1787,1.539380400259D0,3.173008580126D0;                    1789P   1920
102,4,1129,1167,1123,1127;                                          1791P   1921
110,9.807692307692D-1,3.141592653590D0,0D0,1.923076923077D-2,       1793P   1922
3.141592653590D0,0D0;                                               1793P   1923
110,1.923076923077D-2,3.141592653590D0,0D0,1.923076923077D-2,       1795P   1924
1.570796326795D0,0D0;                                               1795P   1925
110,1.923076923077D-2,1.570796326795D0,0D0,9.807692307692D-1,       1797P   1926
1.570796326795D0,0D0;                                               1797P   1927
110,9.807692307692D-1,1.570796326795D0,0D0,9.807692307692D-1,       1799P   1928
3.141592653590D0,0D0;                                               1799P   1929
102,4,1793,1795,1797,1799;                                          1801P   1930
142,0,1789,1801,1791,1;                                             1803P   1931
144,1789,1,0,1803;                                                  1805P   1932
128,1,1,1,1,0,0,1,0,0,-9.18D0,-9.18D0,1.8D-1,1.8D-1,3.36D-1,        1807P   1933
3.36D-1,3.664D0,3.664D0,1D0,1D0,1D0,1D0,2.474542D1,6.948276D0,      1807P   1934
3.36D-1,2.474542D1,1.6308276D1,3.36D-1,2.474542D1,6.948276D0,       1807P   1935
3.664D0,2.474542D1,1.6308276D1,3.664D0,-9.18D0,1.8D-1,3.36D-1,      1807P   1936
3.664D0;                                                            1807P   1937
102,4,1133,1131,1129,1169;                                          1809P   1938
110,0D0,4D-1,0D0,0D0,3.6D0,0D0;                                     1811P   1939
110,0D0,3.6D0,0D0,-9D0,3.6D0,0D0;                                   1813P   1940
110,-9D0,3.6D0,0D0,-9D0,4D-1,0D0;                                   1815P   1941
110,-9D0,4D-1,0D0,0D0,4D-1,0D0;                                     1817P   1942
102,4,1811,1813,1815,1817;                                          1819P   1943
142,0,1807,1819,1809,1;                                             1821P   1944
144,1807,1,0,1821;                                                  1823P   1945
110,2.174542D1,1.6128276D1,0D0,2.174542D1,1.6128276D1,1D0;          1825P   1946
110,1.874542D1,1.6128276D1,3.36D-1,1.874542D1,1.6128276D1,          1827P   1947
3.664D0;                                                            1827P   1948
120,1825,1827,3.110176727054D0,4.743804906921D0;                    1829P   1949
102,4,1139,1173,1133,1137;                                          1831P   1950
110,9.807692307692D-1,4.712388980385D0,0D0,1.923076923077D-2,       1833P   1951
4.712388980385D0,0D0;                                               1833P   1952
110,1.923076923077D-2,4.712388980385D0,0D0,1.923076923077D-2,       1835P   1953
3.141592653590D0,0D0;                                               1835P   1954
110,1.923076923077D-2,3.141592653590D0,0D0,9.807692307692D-1,       1837P   1955
3.141592653590D0,0D0;                                               1837P   1956
110,9.807692307692D-1,3.141592653590D0,0D0,9.807692307692D-1,       1839P   1957
4.712388980385D0,0D0;                                               1839P   1958
102,4,1833,1835,1837,1839;                                          1841P   1959
142,0,1829,1841,1831,1;                                             1843P   1960
144,1829,1,0,1843;                                                  1845P   1961
128,1,1,1,1,0,0,1,0,0,-8.16D0,-8.16D0,1.6D-1,1.6D-1,3.36D-1,        1847P   1962
3.36D-1,3.664D0,3.664D0,1D0,1D0,1D0,1D0,2.190542D1,1.9128276D1,     1847P   1963
3.36D-1,1.358542D1,1.9128276D1,3.36D-1,2.190542D1,1.9128276D1,      1847P   1964
3.664D0,1.358542D1,1.9128276D1,3.664D0,-8.16D0,1.6D-1,3.36D-1,      1847P   1965
3.664D0;                                                            1847P   1966
102,4,1143,1141,1139,1175;                                          1849P   1967
110,0D0,4D-1,0D0,0D0,3.6D0,0D0;                                     1851P   1968
110,0D0,3.6D0,0D0,-8D0,3.6D0,0D0;                                   1853P   1969
110,-8D0,3.6D0,0D0,-8D0,4D-1,0D0;                                   1855P   1970
110,-8D0,4D-1,0D0,0D0,4D-1,0D0;                                     1857P   1971
102,4,1851,1853,1855,1857;                                          1859P   1972
142,0,1847,1859,1849,1;                                             1861P   1973
144,1847,1,0,1861;                                                  1863P   1974
110,1.374542D1,1.5128276D1,0D0,1.374542D1,1.5128276D1,1D0;          1865P   1975
110,9.74542D0,1.5128276D1,3.36D-1,9.74542D0,1.5128276D1,3.664D0;    1867P   1976
120,1865,1867,4.680973053849D0,6.314601233715D0;                    1869P   1977
102,4,1149,1155,1143,1147;                                          1871P   1978
110,9.807692307692D-1,6.283185307180D0,0D0,1.923076923077D-2,       1873P   1979
6.283185307180D0,0D0;                                               1873P   1980
110,1.923076923077D-2,6.283185307180D0,0D0,1.923076923077D-2,       1875P   1981
4.712388980385D0,0D0;                                               1875P   1982
110,1.923076923077D-2,4.712388980385D0,0D0,9.807692307692D-1,       1877P   1983
4.712388980385D0,0D0;                                               1877P   1984
110,9.807692307692D-1,4.712388980385D0,0D0,9.807692307692D-1,       1879P   1985
6.283185307180D0,0D0;                                               1879P   1986
102,4,1873,1875,1877,1879;                                          1881P   1987
142,0,1869,1881,1871,1;                                             1883P   1988
144,1869,1,0,1883;                                                  1885P   1989
128,1,1,1,1,0,0,1,0,0,-1.6D-1,-1.6D-1,8.16D0,8.16D0,3.36D-1,        1887P   1990
3.36D-1,3.664D0,3.664D0,1D0,1D0,1D0,1D0,9.74542D0,1.5288276D1,      1887P   1991
3.36D-1,9.74542D0,6.968276D0,3.36D-1,9.74542D0,1.5288276D1,         1887P   1992
3.664D0,9.74542D0,6.968276D0,3.664D0,-1.6D-1,8.16D0,3.36D-1,        1887P   1993
3.664D0;                                                            1887P   1994
102,4,1113,1151,1149,1157;                                          1889P   1995
110,8D0,4D-1,0D0,8D0,3.6D0,0D0;                                     1891P   1996
110,8D0,3.6D0,0D0,0D0,3.6D0,0D0;                                    1893P   1997
110,0D0,3.6D0,0D0,0D0,4D-1,0D0;                                     1895P   1998
110,0D0,4D-1,0D0,8D0,4D-1,0D0;                                      1897P   1999
102,4,1891,1893,1895,1897;                                          1899P   2000
142,0,1887,1899,1889,1;                                             1901P   2001
144,1887,1,0,1901;                                                  1903P   2002
128,1,1,1,1,0,0,1,0,0,-7.8D0,-7.8D0,7.8D0,7.8D0,                    1905P   2003
8.841421356237D0,8.841421356237D0,2.444142135624D1,                 1905P   2004
2.444142135624D1,1D0,1D0,1D0,1D0,2.504542D1,1.9428276D1,4D-1,       1905P   2005
9.44542D0,1.9428276D1,4D-1,2.504542D1,3.828276D0,4D-1,9.44542D0,    1905P   2006
3.828276D0,4D-1,-7.8D0,7.8D0,8.841421356237D0,2.444142135624D1;     1905P   2007
124,0D0,-1D0,0D0,1.374542D1,1D0,0D0,0D0,1.5128276D1,0D0,0D0,1D0,    1907P   2008
4D-1;                                                               1907P   2009
100,0D0,0D0,0D0,4D0,0D0,0D0,4D0;                                    1909P   2010
124,-1D0,0D0,0D0,1.274542D1,0D0,-1D0,0D0,7.128276D0,0D0,0D0,1D0,    1911P   2011
4D-1;                                                               1911P   2012
100,0D0,0D0,0D0,3D0,0D0,0D0,3D0;                                    1913P   2013
124,0D0,1D0,0D0,2.174542D1,-1D0,0D0,0D0,7.128276D0,0D0,0D0,1D0,     1915P   2014
4D-1;                                                               1915P   2015
100,0D0,0D0,0D0,3D0,0D0,0D0,3D0;                                    1917P   2016
124,1D0,0D0,0D0,2.174542D1,0D0,1D0,0D0,1.6128276D1,0D0,0D0,1D0,     1919P   2017
4D-1;                                                               1919P   2018
100,0D0,0D0,0D0,3D0,0D0,-3.578753504478D-14,3D0;                    1921P   2019
102,8,1909,1157,1913,1163,1917,1169,1921,1175;                      1923P   2020
126,12,3,0,0,1,0,0D0,0D0,0D0,0D0,1.000008797296D-1,                 1925P   2021
2.000011637859D-1,3.000010141225D-1,4.000005788426D-1,5D-1,         1925P   2022
5.999994211574D-1,6.999989858775D-1,7.999988362141D-1,              1925P   2023
8.999991202704D-1,1D0,1D0,1D0,1D0,1D0,1D0,1D0,1D0,1D0,1D0,1D0,      1925P   2024
1D0,1D0,1D0,1D0,1D0,1D0,3.5D0,9.141421356237D0,0D0,                 1925P   2025
3.709463445487D0,9.141277392192D0,0D0,4.128310109384D0,             1925P   2026
9.174455036972D0,0D0,4.741170546598D0,9.321502913376D0,0D0,         1925P   2027
5.323449562868D0,9.562716155317D0,0D0,5.860832500494D0,             1925P   2028
9.892019007416D0,0D0,6.340081966424D0,1.030133938981D1,0D0,         1925P   2029
6.749402348821D0,1.078058885574D1,0D0,7.078705200920D0,             1925P   2030
1.131797179337D1,0D0,7.319918442861D0,1.190025080964D1,0D0,         1925P   2031
7.466966319266D0,1.251311124685D1,0D0,7.500143964045D0,             1925P   2032
1.293195791075D1,0D0,7.5D0,1.314142135624D1,0D0,0D0,1D0,0D0,0D0,    1925P   2033
1D0;                                                                1925P   2034
110,7.5D0,1.314142135624D1,0D0,7.5D0,2.114142135624D1,0D0;          1927P   2035
126,11,3,0,0,1,0,0D0,0D0,0D0,0D0,1.111039313493D-1,                 1929P   2036
2.222130988777D-1,3.333262181833D-1,4.444417948414D-1,              1929P   2037
5.555582051586D-1,6.666737818167D-1,7.777869011223D-1,              1929P   2038
8.888960686507D-1,1D0,1D0,1D0,1D0,1D0,1D0,1D0,1D0,1D0,1D0,1D0,      1929P   2039
1D0,1D0,1D0,1D0,1D0,7.5D0,2.114142135624D1,0D0,7.500164052756D0,    1929P   2040
2.131597100138D1,0D0,7.469387966607D0,2.166497829461D1,0D0,         1929P   2041
7.333459671137D0,2.217267297852D1,0D0,7.111310341328D0,             1929P   2042
2.264902981003D1,0D0,6.809840177146D0,2.307959137496D1,0D0,         1929P   2043
6.438170018725D0,2.345126153338D1,0D0,6.007608453797D0,             1929P   2044
2.375273169756D1,0D0,5.531251622286D0,2.397488102737D1,0D0,         1929P   2045
5.023556938369D0,2.411080932284D1,0D0,4.674549645139D0,             1929P   2046
2.414158540899D1,0D0,4.5D0,2.414142135624D1,0D0,0D0,1D0,0D0,0D0,    1929P   2047
1D0;                                                                1929P   2048
110,4.5D0,2.414142135624D1,0D0,-4.5D0,2.414142135624D1,0D0;         1931P   2049
126,11,3,0,0,1,0,0D0,0D0,0D0,0D0,1.111039313493D-1,                 1933P   2050
2.222130988777D-1,3.333262181833D-1,4.444417948414D-1,              1933P   2051
5.555582051586D-1,6.666737818167D-1,7.777869011223D-1,              1933P   2052
8.888960686507D-1,1D0,1D0,1D0,1D0,1D0,1D0,1D0,1D0,1D0,1D0,1D0,      1933P   2053
1D0,1D0,1D0,1D0,1D0,-4.5D0,2.414142135624D1,0D0,                    1933P   2054
-4.674549645139D0,2.414158540899D1,0D0,-5.023556938369D0,           1933P   2055
2.411080932284D1,0D0,-5.531251622285D0,2.397488102737D1,0D0,        1933P   2056
-6.007608453797D0,2.375273169756D1,0D0,-6.438170018725D0,           1933P   2057
2.345126153338D1,0D0,-6.809840177146D0,2.307959137496D1,0D0,        1933P   2058
-7.111310341328D0,2.264902981003D1,0D0,-7.333459671137D0,           1933P   2059
2.217267297852D1,0D0,-7.469387966607D0,2.166497829461D1,0D0,        1933P   2060
-7.500164052756D0,2.131597100138D1,0D0,-7.5D0,2.114142135624D1,     1933P   2061
0D0,0D0,1D0,0D0,0D0,1D0;                                            1933P   2062
110,-7.5D0,2.114142135624D1,0D0,-7.5D0,1.214142135624D1,0D0;        1935P   2063
126,11,3,0,0,1,0,0D0,0D0,0D0,0D0,1.111039313493D-1,                 1937P   2064
2.222130988777D-1,3.333262181833D-1,4.444417948414D-1,              1937P   2065
5.555582051586D-1,6.666737818167D-1,7.777869011223D-1,              1937P   2066
8.888960686507D-1,1D0,1D0,1D0,1D0,1D0,1D0,1D0,1D0,1D0,1D0,1D0,      1937P   2067
1D0,1D0,1D0,1D0,1D0,-7.5D0,1.214142135624D1,0D0,                    1937P   2068
-7.500164052756D0,1.196687171110D1,0D0,-7.469387966607D0,           1937P   2069
1.161786441787D1,0D0,-7.333459671137D0,1.111016973395D1,0D0,        1937P   2070
-7.111310341328D0,1.063381290244D1,0D0,-6.809840177146D0,           1937P   2071
1.020325133751D1,0D0,-6.438170018725D0,9.831581179091D0,0D0,        1937P   2072
-6.007608453797D0,9.530111014910D0,0D0,-5.531251622285D0,           1937P   2073
9.307961685101D0,0D0,-5.023556938369D0,9.172033389631D0,0D0,        1937P   2074
-4.674549645139D0,9.141257303481D0,0D0,-4.5D0,9.141421356237D0,     1937P   2075
0D0,0D0,1D0,0D0,0D0,1D0;                                            1937P   2076
110,-4.5D0,9.141421356237D0,0D0,3.5D0,9.141421356237D0,0D0;         1939P   2077
102,8,1925,1927,1929,1931,1933,1935,1937,1939;                      1941P   2078
142,0,1905,1941,1923,1;                                             1943P   2079
102,8,1177,1185,1195,1209,1225,1219,1227,1233;                      1945P   2080
110,-7.33D0,1.214142135624D1,0D0,-7.33D0,2.114142135624D1,0D0;      1947P   2081
126,11,3,0,0,1,0,0D0,0D0,0D0,0D0,1.111111111111D-1,                 1949P   2082
2.222222222222D-1,3.333333333333D-1,4.444444444444D-1,              1949P   2083
5.555555555556D-1,6.666666666667D-1,7.777777777778D-1,              1949P   2084
8.888888888889D-1,1D0,1D0,1D0,1D0,1D0,1D0,1D0,1D0,1D0,1D0,1D0,      1949P   2085
1D0,1D0,1D0,1D0,1D0,-7.33D0,2.114142135624D1,0D0,                   1949P   2086
-7.330154788740D0,2.130609053988D1,0D0,-7.301119568562D0,           1949P   2087
2.163533431237D1,0D0,-7.172884973071D0,2.211426829111D1,0D0,        1949P   2088
-6.963321240100D0,2.256362269429D1,0D0,-6.678941422788D0,           1949P   2089
2.296976906915D1,0D0,-6.328347712909D0,2.332036277903D1,0D0,        1949P   2090
-5.922201338055D0,2.360474259634D1,0D0,-5.472846934872D0,           1949P   2091
2.381430632931D1,0D0,-4.993912956128D0,2.394254092480D1,0D0,        1949P   2092
-4.664669183643D0,2.397157614498D1,0D0,-4.5D0,2.397142135624D1,     1949P   2093
0D0,0D0,1D0,0D0,0D0,1D0;                                            1949P   2094
110,-4.5D0,2.397142135624D1,0D0,4.5D0,2.397142135624D1,0D0;         1951P   2095
126,11,3,0,0,1,0,0D0,0D0,0D0,0D0,1.111111111111D-1,                 1953P   2096
2.222222222222D-1,3.333333333333D-1,4.444444444444D-1,              1953P   2097
5.555555555556D-1,6.666666666667D-1,7.777777777778D-1,              1953P   2098
8.888888888889D-1,1D0,1D0,1D0,1D0,1D0,1D0,1D0,1D0,1D0,1D0,1D0,      1953P   2099
1D0,1D0,1D0,1D0,1D0,4.5D0,2.397142135624D1,0D0,4.664669183643D0,    1953P   2100
2.397157614498D1,0D0,4.993912956128D0,2.394254092480D1,0D0,         1953P   2101
5.472846934872D0,2.381430632931D1,0D0,5.922201338055D0,             1953P   2102
2.360474259634D1,0D0,6.328347712909D0,2.332036277903D1,0D0,         1953P   2103
6.678941422788D0,2.296976906915D1,0D0,6.963321240100D0,             1953P   2104
2.256362269429D1,0D0,7.172884973071D0,2.211426829111D1,0D0,         1953P   2105
7.301119568562D0,2.163533431237D1,0D0,7.330154788740D0,             1953P   2106
2.130609053988D1,0D0,7.33D0,2.114142135624D1,0D0,0D0,1D0,0D0,       1953P   2107
0D0,1D0;                                                            1953P   2108
110,7.33D0,2.114142135624D1,0D0,7.33D0,1.314142135624D1,0D0;        1955P   2109
126,12,3,0,0,1,0,0D0,0D0,0D0,0D0,1D-1,2D-1,3D-1,4D-1,5D-1,6D-1,     1957P   2110
7D-1,8D-1,9D-1,1D0,1D0,1D0,1D0,1D0,1D0,1D0,1D0,1D0,1D0,1D0,1D0,     1957P   2111
1D0,1D0,1D0,1D0,1D0,7.33D0,1.314142135624D1,0D0,                    1957P   2112
7.330137841598D0,1.294086187731D1,0D0,7.298370716404D0,             1957P   2113
1.253981853617D1,0D0,7.157573797064D0,1.195300643822D1,0D0,         1957P   2114
6.926612839801D0,1.139547331764D1,0D0,6.611304769579D0,             1957P   2115
1.088092674462D1,0D0,6.219378612618D0,1.042204274362D1,0D0,         1957P   2116
5.760494611617D0,1.003011658666D1,0D0,5.245948038594D0,             1957P   2117
9.714808516436D0,0D0,4.688414918020D0,9.483847559173D0,0D0,         1957P   2118
4.101602820063D0,9.343050639833D0,0D0,3.700559478923D0,             1957P   2119
9.311283514639D0,0D0,3.5D0,9.311421356237D0,0D0,0D0,1D0,0D0,0D0,    1957P   2120
1D0;                                                                1957P   2121
110,3.5D0,9.311421356237D0,0D0,-4.5D0,9.311421356237D0,0D0;         1959P   2122
126,11,3,0,0,1,0,0D0,0D0,0D0,0D0,1.111111111111D-1,                 1961P   2123
2.222222222222D-1,3.333333333333D-1,4.444444444444D-1,              1961P   2124
5.555555555556D-1,6.666666666667D-1,7.777777777778D-1,              1961P   2125
8.888888888889D-1,1D0,1D0,1D0,1D0,1D0,1D0,1D0,1D0,1D0,1D0,1D0,      1961P   2126
1D0,1D0,1D0,1D0,1D0,-4.5D0,9.311421356237D0,0D0,                    1961P   2127
-4.664669183643D0,9.311266567498D0,0D0,-4.993912956128D0,           1961P   2128
9.340301787675D0,0D0,-5.472846934872D0,9.468536383167D0,0D0,        1961P   2129
-5.922201338055D0,9.678100116137D0,0D0,-6.328347712909D0,           1961P   2130
9.962479933450D0,0D0,-6.678941422788D0,1.031307364333D1,0D0,        1961P   2131
-6.963321240100D0,1.071922001818D1,0D0,-7.172884973071D0,           1961P   2132
1.116857442137D1,0D0,-7.301119568562D0,1.164750840011D1,0D0,        1961P   2133
-7.330154788740D0,1.197675217259D1,0D0,-7.33D0,1.214142135624D1,    1961P   2134
0D0,0D0,1D0,0D0,0D0,1D0;                                            1961P   2135
102,8,1947,1949,1951,1953,1955,1957,1959,1961;                      1963P   2136
142,0,1905,1963,1945,1;                                             1965P   2137
144,1905,1,1,1943,1965;                                             1967P   2138
128,1,1,1,1,0,0,1,0,0,-2.606524569990D-2,-2.606524569990D-2,        1969P   2139
5.917506706491D-1,5.917506706491D-1,1.196142135624D1,               1969P   2140
1.196142135624D1,2.132142135624D1,2.132142135624D1,1D0,1D0,1D0,     1969P   2141
1D0,2.459385091199D1,1.6308276D1,4.184309119877D-1,                 1969P   2142
2.415698908801D1,1.6308276D1,-1.843091198770D-2,                    1969P   2143
2.459385091199D1,6.948276D0,4.184309119877D-1,2.415698908801D1,     1969P   2144
6.948276D0,-1.843091198770D-2,-2.606524569990D-2,                   1969P   2145
5.917506706491D-1,1.196142135624D1,2.132142135624D1;                1969P   2146
110,2.457542D1,7.128276D0,4D-1,2.457542D1,1.6128276D1,4D-1;         1971P   2147
110,2.457542D1,1.6128276D1,4D-1,2.417542D1,1.6128276D1,0D0;         1973P   2148
102,4,1187,1971,1973,1181;                                          1975P   2149
110,5.656854249492D-1,2.114142135624D1,0D0,0D0,2.114142135624D1,    1977P   2150
0D0;                                                                1977P   2151
110,0D0,2.114142135624D1,0D0,0D0,1.214142135624D1,0D0;              1979P   2152
110,0D0,1.214142135624D1,0D0,5.656854249492D-1,1.214142135624D1,    1981P   2153
0D0;                                                                1981P   2154
110,5.656854249492D-1,1.214142135624D1,0D0,5.656854249492D-1,       1983P   2155
2.114142135624D1,0D0;                                               1983P   2156
102,4,1977,1979,1981,1983;                                          1985P   2157
142,0,1969,1985,1975,1;                                             1987P   2158
144,1969,1,0,1987;                                                  1989P   2159
110,2.174542D1,7.128276D0,-2.43D0,2.174542D1,7.128276D0,-1.43D0;    1991P   2160
110,1.933385091199D1,7.128276D0,-1.843091198770D-2,                 1993P   2161
1.889698908801D1,7.128276D0,4.184309119877D-1;                      1993P   2162
120,1991,1993,1.539380400259D0,3.173008580126D0;                    1995P   2163
124,0D0,1D0,0D0,2.174542D1,-1D0,0D0,0D0,7.128276D0,0D0,0D0,1D0,     1997P   2164
4D-1;                                                               1997P   2165
100,0D0,0D0,0D0,2.83D0,0D0,-2.998925733395D-14,2.83D0;              1999P   2166
110,2.457542D1,7.128276D0,4D-1,2.417542D1,7.128276D0,0D0;           2001P   2167
102,4,1197,1999,2001,1191;                                          2003P   2168
110,4.218933991525D-2,1.570796326795D0,0D0,9.578106600847D-1,       2005P   2169
1.570796326795D0,0D0;                                               2005P   2170
110,9.578106600847D-1,1.570796326795D0,0D0,9.578106600847D-1,       2007P   2171
3.141592653590D0,0D0;                                               2007P   2172
110,9.578106600847D-1,3.141592653590D0,0D0,4.218933991525D-2,       2009P   2173
3.141592653590D0,0D0;                                               2009P   2174
110,4.218933991525D-2,3.141592653590D0,0D0,4.218933991525D-2,       2011P   2175
1.570796326795D0,0D0;                                               2011P   2176
102,4,2005,2007,2009,2011;                                          2013P   2177
142,0,1995,2013,2003,1;                                             2015P   2178
144,1995,1,0,2015;                                                  2017P   2179
128,1,1,1,1,0,0,1,0,0,-2.606524569990D-2,-2.606524569990D-2,        2019P   2180
5.917506706491D-1,5.917506706491D-1,-4.68D0,-4.68D0,4.68D0,         2019P   2181
4.68D0,1D0,1D0,1D0,1D0,2.192542D1,4.279845088012D0,                 2019P   2182
4.184309119877D-1,2.192542D1,4.716706911988D0,                      2019P   2183
-1.843091198770D-2,1.256542D1,4.279845088012D0,                     2019P   2184
4.184309119877D-1,1.256542D1,4.716706911988D0,                      2019P   2185
-1.843091198770D-2,-2.606524569990D-2,5.917506706491D-1,-4.68D0,    2019P   2186
4.68D0;                                                             2019P   2187
110,1.274542D1,4.698276D0,0D0,1.274542D1,4.298276D0,4D-1;           2021P   2188
110,1.274542D1,4.298276D0,4D-1,2.174542D1,4.298276D0,4D-1;          2023P   2189
110,2.174542D1,4.298276D0,4D-1,2.174542D1,4.698276D0,0D0;           2025P   2190
102,4,2021,2023,2025,1199;                                          2027P   2191
110,5.656854249492D-1,4.5D0,0D0,0D0,4.5D0,0D0;                      2029P   2192
110,0D0,4.5D0,0D0,0D0,-4.5D0,0D0;                                   2031P   2193
110,0D0,-4.5D0,0D0,5.656854249492D-1,-4.5D0,0D0;                    2033P   2194
110,5.656854249492D-1,-4.5D0,0D0,5.656854249492D-1,4.5D0,0D0;       2035P   2195
102,4,2029,2031,2033,2035;                                          2037P   2196
142,0,2019,2037,2027,1;                                             2039P   2197
144,2019,1,0,2039;                                                  2041P   2198
110,1.274542D1,7.128276D0,-2.43D0,1.274542D1,7.128276D0,-1.43D0;    2043P   2199
110,1.033385091199D1,7.128276D0,-1.843091198770D-2,                 2045P   2200
9.896989088012D0,7.128276D0,4.184309119877D-1;                      2045P   2201
120,2043,2045,-3.141592653590D-2,1.602212253331D0;                  2047P   2202
110,1.031542D1,7.128276D0,0D0,9.91542D0,7.128276D0,4D-1;            2049P   2203
124,-1D0,0D0,0D0,1.274542D1,0D0,-1D0,0D0,7.128276D0,0D0,0D0,1D0,    2051P   2204
4D-1;                                                               2051P   2205
100,0D0,0D0,0D0,2.83D0,0D0,-4.946923052402D-14,2.83D0;              2053P   2206
102,4,1193,1203,2049,2053;                                          2055P   2207
110,9.578106600847D-1,1.570796326795D0,0D0,4.218933991525D-2,       2057P   2208
1.570796326795D0,0D0;                                               2057P   2209
110,4.218933991525D-2,1.570796326795D0,0D0,4.218933991525D-2,       2059P   2210
0D0,0D0;                                                            2059P   2211
110,4.218933991525D-2,0D0,0D0,9.578106600847D-1,0D0,0D0;            2061P   2212
110,9.578106600847D-1,0D0,0D0,9.578106600847D-1,                    2063P   2213
1.570796326795D0,0D0;                                               2063P   2214
102,4,2057,2059,2061,2063;                                          2065P   2215
142,0,2047,2065,2055,1;                                             2067P   2216
144,2047,1,0,2067;                                                  2069P   2217
128,1,1,1,1,0,0,1,0,0,-2.7072D0,-2.7072D0,1.17072D1,1.17072D1,      2071P   2218
-1.17072D1,-1.17072D1,2.7072D0,2.7072D0,1D0,1D0,1D0,1D0,            2071P   2219
1.003822D1,1.8835476D1,0D0,2.445262D1,1.8835476D1,0D0,              2071P   2220
1.003822D1,4.421076D0,0D0,2.445262D1,4.421076D0,0D0,-2.7072D0,      2071P   2221
1.17072D1,-1.17072D1,2.7072D0;                                      2071P   2222
102,8,1213,1229,1239,1181,1191,1199,1203,1221;                      2073P   2223
126,12,3,0,0,1,0,0D0,0D0,0D0,0D0,1D-1,2D-1,3D-1,4D-1,5D-1,6D-1,     2075P   2224
7D-1,8D-1,9D-1,1D0,1D0,1D0,1D0,1D0,1D0,1D0,1D0,1D0,1D0,1D0,1D0,     2075P   2225
1D0,1D0,1D0,1D0,1D0,-2.43D0,-8D0,0D0,-2.430123445609D0,             2075P   2226
-8.179613319245D0,0D0,-2.401674035840D0,-8.538772238333D0,0D0,      2075P   2227
-2.275581755595D0,-9.064298477496D0,0D0,-2.068742047133D0,          2075P   2228
-9.563603595921D0,0D0,-1.786364323670D0,-1.002441162346D1,0D0,      2075P   2229
-1.435370402422D0,-1.043537040242D1,0D0,-1.024411623459D0,          2075P   2230
-1.078636432367D1,0D0,-5.636035959214D-1,-1.106874204713D1,0D0,     2075P   2231
-6.429847749549D-2,-1.127558175560D1,0D0,4.612277616671D-1,         2075P   2232
-1.140167403584D1,0D0,8.203866807554D-1,-1.143012344561D1,0D0,      2075P   2233
1D0,-1.143D1,0D0,0D0,1D0,0D0,0D0,1D0;                               2075P   2234
110,1D0,-1.143D1,0D0,9D0,-1.143D1,0D0;                              2077P   2235
126,11,3,0,0,1,0,0D0,0D0,0D0,0D0,1.111111111111D-1,                 2079P   2236
2.222222222222D-1,3.333333333333D-1,4.444444444445D-1,              2079P   2237
5.555555555556D-1,6.666666666667D-1,7.777777777778D-1,              2079P   2238
8.888888888889D-1,1D0,1D0,1D0,1D0,1D0,1D0,1D0,1D0,1D0,1D0,1D0,      2079P   2239
1D0,1D0,1D0,1D0,1D0,9D0,-1.143D1,0D0,9.141394387369D0,              2079P   2240
-1.143013291047D1,0D0,9.424101937594D0,-1.140520160834D1,0D0,       2079P   2241
9.835342067752D0,-1.129509204401D1,0D0,1.022118348109D1,            2079P   2242
-1.111514862666D1,0D0,1.056992400790D1,-1.087096383653D1,0D0,       2079P   2243
1.087096383653D1,-1.056992400790D1,0D0,1.111514862666D1,            2079P   2244
-1.022118348109D1,0D0,1.129509204401D1,-9.835342067752D0,0D0,       2079P   2245
1.140520160834D1,-9.424101937594D0,0D0,1.143013291047D1,            2079P   2246
-9.141394387369D0,0D0,1.143D1,-9D0,0D0,0D0,1D0,0D0,0D0,1D0;         2079P   2247
110,1.143D1,-9D0,0D0,1.143D1,-4.060770316543D-14,0D0;               2081P   2248
126,11,3,0,0,1,0,0D0,0D0,0D0,0D0,1.111111111111D-1,                 2083P   2249
2.222222222222D-1,3.333333333333D-1,4.444444444444D-1,              2083P   2250
5.555555555556D-1,6.666666666667D-1,7.777777777778D-1,              2083P   2251
8.888888888889D-1,1D0,1D0,1D0,1D0,1D0,1D0,1D0,1D0,1D0,1D0,1D0,      2083P   2252
1D0,1D0,1D0,1D0,1D0,1.143D1,-4.060770316543D-14,0D0,                2083P   2253
1.143013291047D1,1.413943873686D-1,0D0,1.140520160834D1,            2083P   2254
4.241019375939D-1,0D0,1.129509204401D1,8.353420677521D-1,0D0,       2083P   2255
1.111514862666D1,1.221183481086D0,0D0,1.087096383653D1,             2083P   2256
1.569924007904D0,0D0,1.056992400790D1,1.870963836528D0,0D0,         2083P   2257
1.022118348109D1,2.115148626659D0,0D0,9.835342067752D0,             2083P   2258
2.295092044015D0,0D0,9.424101937594D0,2.405201608341D0,0D0,         2083P   2259
9.141394387369D0,2.430132910473D0,0D0,9D0,2.43D0,0D0,0D0,1D0,       2083P   2260
0D0,0D0,1D0;                                                        2083P   2261
110,9D0,2.43D0,0D0,0D0,2.43D0,0D0;                                  2085P   2262
126,11,3,0,0,1,0,0D0,0D0,0D0,0D0,1.111111111111D-1,                 2087P   2263
2.222222222222D-1,3.333333333333D-1,4.444444444444D-1,              2087P   2264
5.555555555556D-1,6.666666666667D-1,7.777777777778D-1,              2087P   2265
8.888888888889D-1,1D0,1D0,1D0,1D0,1D0,1D0,1D0,1D0,1D0,1D0,1D0,      2087P   2266
1D0,1D0,1D0,1D0,1D0,0D0,2.43D0,0D0,-1.413943873686D-1,              2087P   2267
2.430132910473D0,0D0,-4.241019375940D-1,2.405201608341D0,0D0,       2087P   2268
-8.353420677521D-1,2.295092044015D0,0D0,-1.221183481086D0,          2087P   2269
2.115148626659D0,0D0,-1.569924007904D0,1.870963836528D0,0D0,        2087P   2270
-1.870963836528D0,1.569924007904D0,0D0,-2.115148626659D0,           2087P   2271
1.221183481086D0,0D0,-2.295092044015D0,8.353420677521D-1,0D0,       2087P   2272
-2.405201608341D0,4.241019375940D-1,0D0,-2.430132910473D0,          2087P   2273
1.413943873686D-1,0D0,-2.43D0,0D0,0D0,0D0,1D0,0D0,0D0,1D0;          2087P   2274
110,-2.43D0,0D0,0D0,-2.43D0,-8D0,0D0;                               2089P   2275
102,8,2075,2077,2079,2081,2083,2085,2087,2089;                      2091P   2276
142,0,2071,2091,2073,1;                                             2093P   2277
124,-1D0,0D0,0D0,1.654542D1,0D0,-1D0,0D0,1.1628276D1,0D0,0D0,       2095P   2278
1D0,0D0;                                                            2095P   2279
100,0D0,0D0,0D0,6.65D-1,0D0,-6.65D-1,0D0;                           2097P   2280
124,1D0,0D0,0D0,1.654542D1,0D0,1D0,0D0,1.1628276D1,0D0,0D0,1D0,     2099P   2281
0D0;                                                                2099P   2282
100,0D0,0D0,0D0,6.65D-1,0D0,-6.65D-1,0D0;                           2101P   2283
102,2,2097,2101;                                                    2103P   2284
126,15,3,0,0,1,0,0D0,0D0,0D0,0D0,7.692307692308D-2,                 2105P   2285
1.538461538462D-1,2.307692307692D-1,3.076923076923D-1,              2105P   2286
3.846153846154D-1,4.615384615385D-1,5.384615384615D-1,              2105P   2287
6.153846153846D-1,6.923076923077D-1,7.692307692308D-1,              2105P   2288
8.461538461538D-1,9.230769230769D-1,1D0,1D0,1D0,1D0,1D0,1D0,1D0,    2105P   2289
1D0,1D0,1D0,1D0,1D0,1D0,1D0,1D0,1D0,1D0,1D0,1D0,1D0,3.135D0,        2105P   2290
-4.5D0,0D0,3.134868197688D0,-4.446400353253D0,0D0,                  2105P   2291
3.148069631392D0,-4.339313595900D0,0D0,3.205396142066D0,            2105P   2292
-4.187932383963D0,0D0,3.297376257989D0,-4.054711411793D0,0D0,       2105P   2293
3.418540940775D0,-3.947362562485D0,0D0,3.561881639454D0,            2105P   2294
-3.872132713350D0,0D0,3.719059002109D0,-3.833391775800D0,0D0,       2105P   2295
3.880940997891D0,-3.833391775800D0,0D0,4.038118360546D0,            2105P   2296
-3.872132713350D0,0D0,4.181459059225D0,-3.947362562485D0,0D0,       2105P   2297
4.302623742011D0,-4.054711411793D0,0D0,4.394603857934D0,            2105P   2298
-4.187932383963D0,0D0,4.451930368608D0,-4.339313595900D0,0D0,       2105P   2299
4.465131802312D0,-4.446400353253D0,0D0,4.465D0,-4.5D0,0D0,0D0,      2105P   2300
1D0,0D0,0D0,1D0;                                                    2105P   2301
126,15,3,0,0,1,0,0D0,0D0,0D0,0D0,7.692307692307D-2,                 2107P   2302
1.538461538462D-1,2.307692307692D-1,3.076923076923D-1,              2107P   2303
3.846153846154D-1,4.615384615385D-1,5.384615384615D-1,              2107P   2304
6.153846153846D-1,6.923076923077D-1,7.692307692308D-1,              2107P   2305
8.461538461538D-1,9.230769230769D-1,1D0,1D0,1D0,1D0,1D0,1D0,1D0,    2107P   2306
1D0,1D0,1D0,1D0,1D0,1D0,1D0,1D0,1D0,1D0,1D0,1D0,1D0,4.465D0,        2107P   2307
-4.5D0,0D0,4.465131802312D0,-4.553599646747D0,0D0,                  2107P   2308
4.451930368608D0,-4.660686404100D0,0D0,4.394603857934D0,            2107P   2309
-4.812067616037D0,0D0,4.302623742011D0,-4.945288588207D0,0D0,       2107P   2310
4.181459059225D0,-5.052637437515D0,0D0,4.038118360546D0,            2107P   2311
-5.127867286650D0,0D0,3.880940997891D0,-5.166608224200D0,0D0,       2107P   2312
3.719059002109D0,-5.166608224200D0,0D0,3.561881639454D0,            2107P   2313
-5.127867286650D0,0D0,3.418540940775D0,-5.052637437515D0,0D0,       2107P   2314
3.297376257989D0,-4.945288588207D0,0D0,3.205396142066D0,            2107P   2315
-4.812067616037D0,0D0,3.148069631392D0,-4.660686404100D0,0D0,       2107P   2316
3.134868197688D0,-4.553599646747D0,0D0,3.135D0,-4.5D0,0D0,0D0,      2107P   2317
1D0,0D0,0D0,1D0;                                                    2107P   2318
102,2,2105,2107;                                                    2109P   2319
142,0,2071,2109,2103,1;                                             2111P   2320
144,2071,1,1,2093,2111;                                             2113P   2321
110,1.374542D1,1.5128276D1,-3.43D0,1.374542D1,1.5128276D1,          2115P   2322
-2.43D0;                                                            2115P   2323
110,1.033385091199D1,1.5128276D1,-1.843091198770D-2,                2117P   2324
9.896989088012D0,1.5128276D1,4.184309119877D-1;                     2117P   2325
120,2115,2117,4.680973053849D0,6.314601233715D0;                    2119P   2326
110,1.374542D1,1.8558276D1,0D0,1.374542D1,1.8958276D1,4D-1;         2121P   2327
124,0D0,-1D0,0D0,1.374542D1,1D0,0D0,0D0,1.5128276D1,0D0,0D0,1D0,    2123P   2328
4D-1;                                                               2123P   2329
100,0D0,0D0,0D0,3.83D0,0D0,-2.527841298913D-14,3.83D0;              2125P   2330
102,4,1223,1213,2121,2125;                                          2127P   2331
110,9.578106600847D-1,6.283185307180D0,0D0,4.218933991525D-2,       2129P   2332
6.283185307180D0,0D0;                                               2129P   2333
110,4.218933991525D-2,6.283185307180D0,0D0,4.218933991525D-2,       2131P   2334
4.712388980385D0,0D0;                                               2131P   2335
110,4.218933991525D-2,4.712388980385D0,0D0,9.578106600847D-1,       2133P   2336
4.712388980385D0,0D0;                                               2133P   2337
110,9.578106600847D-1,4.712388980385D0,0D0,9.578106600847D-1,       2135P   2338
6.283185307180D0,0D0;                                               2135P   2339
102,4,2129,2131,2133,2135;                                          2137P   2340
142,0,2119,2137,2127,1;                                             2139P   2341
144,2119,1,0,2139;                                                  2141P   2342
128,1,1,1,1,0,0,1,0,0,-5.917506706491D-1,-5.917506706491D-1,        2143P   2343
2.606524569990D-2,2.606524569990D-2,1.298142135624D1,               2143P   2344
1.298142135624D1,2.130142135624D1,2.130142135624D1,1D0,1D0,1D0,     2143P   2345
1D0,1.033385091199D1,1.5288276D1,-1.843091198770D-2,                2143P   2346
9.896989088012D0,1.5288276D1,4.184309119877D-1,1.033385091199D1,    2143P   2347
6.968276D0,-1.843091198770D-2,9.896989088012D0,6.968276D0,          2143P   2348
4.184309119877D-1,-5.917506706491D-1,2.606524569990D-2,             2143P   2349
1.298142135624D1,2.130142135624D1;                                  2143P   2350
110,1.031542D1,1.5128276D1,0D0,9.91542D0,1.5128276D1,4D-1;          2145P   2351
110,9.91542D0,1.5128276D1,4D-1,9.91542D0,7.128276D0,4D-1;           2147P   2352
102,4,1205,1221,2145,2147;                                          2149P   2353
110,0D0,2.114142135624D1,0D0,-5.656854249492D-1,                    2151P   2354
2.114142135624D1,0D0;                                               2151P   2355
110,-5.656854249492D-1,2.114142135624D1,0D0,-5.656854249492D-1,     2153P   2356
1.314142135624D1,0D0;                                               2153P   2357
110,-5.656854249492D-1,1.314142135624D1,0D0,0D0,                    2155P   2358
1.314142135624D1,0D0;                                               2155P   2359
110,0D0,1.314142135624D1,0D0,0D0,2.114142135624D1,0D0;              2157P   2360
102,4,2151,2153,2155,2157;                                          2159P   2361
142,0,2143,2159,2149,1;                                             2161P   2362
144,2143,1,0,2161;                                                  2163P   2363
128,1,1,1,1,0,0,1,0,0,-5.917506706491D-1,-5.917506706491D-1,        2165P   2364
2.606524569990D-2,2.606524569990D-2,-4.66D0,-4.66D0,3.66D0,         2165P   2365
3.66D0,1D0,1D0,1D0,1D0,2.190542D1,1.853984508801D1,                 2165P   2366
-1.843091198769D-2,2.190542D1,1.897670691199D1,                     2165P   2367
4.184309119877D-1,1.358542D1,1.853984508801D1,                      2165P   2368
-1.843091198769D-2,1.358542D1,1.897670691199D1,                     2165P   2369
4.184309119877D-1,-5.917506706491D-1,2.606524569990D-2,-4.66D0,     2165P   2370
3.66D0;                                                             2165P   2371
110,2.174542D1,1.8958276D1,4D-1,1.374542D1,1.8958276D1,4D-1;        2167P   2372
102,4,1235,2167,1215,1229;                                          2169P   2373
110,-5.656854249492D-1,-4.5D0,0D0,0D0,-4.5D0,0D0;                   2171P   2374
110,0D0,-4.5D0,0D0,0D0,3.5D0,0D0;                                   2173P   2375
110,0D0,3.5D0,0D0,-5.656854249492D-1,3.5D0,0D0;                     2175P   2376
110,-5.656854249492D-1,3.5D0,0D0,-5.656854249492D-1,-4.5D0,0D0;     2177P   2377
102,4,2171,2173,2175,2177;                                          2179P   2378
142,0,2165,2179,2169,1;                                             2181P   2379
144,2165,1,0,2181;                                                  2183P   2380
110,2.174542D1,1.6128276D1,-2.43D0,2.174542D1,1.6128276D1,          2185P   2381
-1.43D0;                                                            2185P   2382
110,1.933385091199D1,1.6128276D1,-1.843091198770D-2,                2187P   2383
1.889698908801D1,1.6128276D1,4.184309119877D-1;                     2187P   2384
120,2185,2187,3.110176727054D0,4.743804906921D0;                    2189P   2385
124,1D0,0D0,0D0,2.174542D1,0D0,1D0,0D0,1.6128276D1,0D0,0D0,1D0,     2191P   2386
4D-1;                                                               2191P   2387
100,0D0,0D0,0D0,2.83D0,0D0,0D0,2.83D0;                              2193P   2388
110,2.174542D1,1.8958276D1,4D-1,2.174542D1,1.8558276D1,0D0;         2195P   2389
102,4,1179,2193,2195,1239;                                          2197P   2390
110,4.218933991526D-2,3.141592653590D0,0D0,9.578106600847D-1,       2199P   2391
3.141592653590D0,0D0;                                               2199P   2392
110,9.578106600847D-1,3.141592653590D0,0D0,9.578106600847D-1,       2201P   2393
4.712388980385D0,0D0;                                               2201P   2394
110,9.578106600847D-1,4.712388980385D0,0D0,4.218933991526D-2,       2203P   2395
4.712388980385D0,0D0;                                               2203P   2396
110,4.218933991526D-2,4.712388980385D0,0D0,4.218933991526D-2,       2205P   2397
3.141592653590D0,0D0;                                               2205P   2398
102,4,2199,2201,2203,2205;                                          2207P   2399
142,0,2189,2207,2197,1;                                             2209P   2400
144,2189,1,0,2209;                                                  2211P   2401
110,1.654542D1,1.1628276D1,0D0,1.654542D1,1.1628276D1,1D0;          2213P   2402
110,1.588042D1,1.1628276D1,-8.02D-2,1.588042D1,1.1628276D1,         2215P   2403
4.0902D0;                                                           2215P   2404
120,2213,2215,-6.283185307180D-2,3.204424506662D0;                  2217P   2405
110,1.588042D1,1.1628276D1,0D0,1.588042D1,1.1628276D1,4.01D0;       2219P   2406
102,4,1241,1249,2219,1245;                                          2221P   2407
110,9.807692307692D-1,3.141592653590D0,0D0,1.923076923077D-2,       2223P   2408
3.141592653590D0,0D0;                                               2223P   2409
110,1.923076923077D-2,3.141592653590D0,0D0,1.923076923077D-2,       2225P   2410
0D0,0D0;                                                            2225P   2411
110,1.923076923077D-2,0D0,0D0,9.807692307692D-1,0D0,0D0;            2227P   2412
110,9.807692307692D-1,0D0,0D0,9.807692307692D-1,                    2229P   2413
3.141592653590D0,0D0;                                               2229P   2414
102,4,2223,2225,2227,2229;                                          2231P   2415
142,0,2217,2231,2221,1;                                             2233P   2416
144,2217,1,0,2233;                                                  2235P   2417
110,1.654542D1,1.1628276D1,0D0,1.654542D1,1.1628276D1,1D0;          2237P   2418
110,1.588042D1,1.1628276D1,-8.02D-2,1.588042D1,1.1628276D1,         2239P   2419
4.0902D0;                                                           2239P   2420
120,2237,2239,3.078760800518D0,6.346017160251D0;                    2241P   2421
110,1.721042D1,1.1628276D1,0D0,1.721042D1,1.1628276D1,4.01D0;       2243P   2422
102,4,1253,2243,1259,1255;                                          2245P   2423
110,1.923076923077D-2,6.283185307180D0,0D0,1.923076923077D-2,       2247P   2424
3.141592653590D0,0D0;                                               2247P   2425
110,1.923076923077D-2,3.141592653590D0,0D0,9.807692307692D-1,       2249P   2426
3.141592653590D0,0D0;                                               2249P   2427
110,9.807692307692D-1,3.141592653590D0,0D0,9.807692307692D-1,       2251P   2428
6.283185307180D0,0D0;                                               2251P   2429
110,9.807692307692D-1,6.283185307180D0,0D0,1.923076923077D-2,       2253P   2430
6.283185307180D0,0D0;                                               2253P   2431
102,4,2247,2249,2251,2253;                                          2255P   2432
142,0,2241,2255,2245,1;                                             2257P   2433
144,2241,1,0,2257;                                                  2259P   2434
128,1,1,1,1,0,0,1,0,0,-6.916D-1,-6.916D-1,6.916D-1,6.916D-1,        2261P   2435
-6.930412437075D-1,-6.930412437075D-1,6.930412437075D-1,            2261P   2436
6.930412437075D-1,1D0,1D0,1D0,1D0,1.723702D1,1.232131724371D1,      2261P   2437
4.01D0,1.585382D1,1.232131724371D1,4.01D0,1.723702D1,               2261P   2438
1.093523475629D1,4.01D0,1.585382D1,1.093523475629D1,4.01D0,         2261P   2439
-6.916D-1,6.916D-1,-6.930412437075D-1,6.930412437075D-1;            2261P   2440
102,2,1259,1245;                                                    2263P   2441
126,15,3,0,0,1,0,0D0,0D0,0D0,0D0,7.692307692308D-2,                 2265P   2442
1.538461538462D-1,2.307692307692D-1,3.076923076923D-1,              2265P   2443
3.846153846154D-1,4.615384615385D-1,5.384615384615D-1,              2265P   2444
6.153846153846D-1,6.923076923077D-1,7.692307692308D-1,              2265P   2445
8.461538461538D-1,9.230769230769D-1,1D0,1D0,1D0,1D0,1D0,1D0,1D0,    2265P   2446
1D0,1D0,1D0,1D0,1D0,1D0,1D0,1D0,1D0,1D0,1D0,1D0,1D0,-6.65D-1,       2265P   2447
0D0,0D0,-6.651318023120D-1,-5.359964674677D-2,0D0,                  2265P   2448
-6.519303686079D-1,-1.606864041001D-1,0D0,-5.946038579344D-1,       2265P   2449
-3.120676160368D-1,0D0,-5.026237420108D-1,-4.452885882073D-1,       2265P   2450
0D0,-3.814590592252D-1,-5.526374375146D-1,0D0,                      2265P   2451
-2.381183605459D-1,-6.278672866500D-1,0D0,-8.094099789094D-2,       2265P   2452
-6.666082242002D-1,0D0,8.094099789094D-2,-6.666082242002D-1,0D0,    2265P   2453
2.381183605459D-1,-6.278672866500D-1,0D0,3.814590592252D-1,         2265P   2454
-5.526374375146D-1,0D0,5.026237420108D-1,-4.452885882073D-1,0D0,    2265P   2455
5.946038579344D-1,-3.120676160368D-1,0D0,6.519303686079D-1,         2265P   2456
-1.606864041001D-1,0D0,6.651318023120D-1,-5.359964674677D-2,0D0,    2265P   2457
6.65D-1,0D0,0D0,0D0,1D0,0D0,0D0,1D0;                                2265P   2458
126,15,3,0,0,1,0,0D0,0D0,0D0,0D0,7.692307692308D-2,                 2267P   2459
1.538461538462D-1,2.307692307692D-1,3.076923076923D-1,              2267P   2460
3.846153846154D-1,4.615384615385D-1,5.384615384615D-1,              2267P   2461
6.153846153846D-1,6.923076923077D-1,7.692307692308D-1,              2267P   2462
8.461538461538D-1,9.230769230769D-1,1D0,1D0,1D0,1D0,1D0,1D0,1D0,    2267P   2463
1D0,1D0,1D0,1D0,1D0,1D0,1D0,1D0,1D0,1D0,1D0,1D0,1D0,6.65D-1,0D0,    2267P   2464
0D0,6.651318023120D-1,5.359964674677D-2,0D0,6.519303686079D-1,      2267P   2465
1.606864041001D-1,0D0,5.946038579344D-1,3.120676160368D-1,0D0,      2267P   2466
5.026237420108D-1,4.452885882073D-1,0D0,3.814590592252D-1,          2267P   2467
5.526374375146D-1,0D0,2.381183605459D-1,6.278672866500D-1,0D0,      2267P   2468
8.094099789094D-2,6.666082242002D-1,0D0,-8.094099789094D-2,         2267P   2469
6.666082242002D-1,0D0,-2.381183605459D-1,6.278672866500D-1,0D0,     2267P   2470
-3.814590592252D-1,5.526374375146D-1,0D0,-5.026237420108D-1,        2267P   2471
4.452885882073D-1,0D0,-5.946038579344D-1,3.120676160368D-1,0D0,     2267P   2472
-6.519303686079D-1,1.606864041001D-1,0D0,-6.651318023120D-1,        2267P   2473
5.359964674677D-2,0D0,-6.65D-1,0D0,0D0,0D0,1D0,0D0,0D0,1D0;         2267P   2474
102,2,2265,2267;                                                    2269P   2475
142,0,2261,2269,2263,1;                                             2271P   2476
144,2261,1,0,2271;                                                  2273P   2477
110,1.374542D1,1.5128276D1,7.43D0,1.374542D1,1.5128276D1,6.43D0;    2275P   2478
110,1.715698908801D1,1.5128276D1,4.018430911988D0,                  2277P   2479
1.759385091199D1,1.5128276D1,3.581569088012D0;                      2277P   2480
120,2275,2277,3.110176727054D0,4.743804906921D0;                    2279P   2481
110,1.374542D1,1.8958276D1,3.6D0,1.374542D1,1.8558276D1,4D0;        2281P   2482
124,0D0,-1D0,0D0,1.374542D1,1D0,0D0,0D0,1.5128276D1,0D0,0D0,1D0,    2283P   2483
4D0;                                                                2283P   2484
100,0D0,0D0,0D0,3.43D0,0D0,-2.339998285200D-14,3.43D0;              2285P   2485
102,4,1267,1091,2281,2285;                                          2287P   2486
110,4.218933991526D-2,3.141592653590D0,0D0,9.578106600847D-1,       2289P   2487
3.141592653590D0,0D0;                                               2289P   2488
110,9.578106600847D-1,3.141592653590D0,0D0,9.578106600847D-1,       2291P   2489
4.712388980385D0,0D0;                                               2291P   2490
110,9.578106600847D-1,4.712388980385D0,0D0,4.218933991526D-2,       2293P   2491
4.712388980385D0,0D0;                                               2293P   2492
110,4.218933991526D-2,4.712388980385D0,0D0,4.218933991526D-2,       2295P   2493
3.141592653590D0,0D0;                                               2295P   2494
102,4,2289,2291,2293,2295;                                          2297P   2495
142,0,2279,2297,2287,1;                                             2299P   2496
144,2279,1,0,2299;                                                  2301P   2497
128,1,1,1,1,0,0,1,0,0,-2.606524569990D-2,-2.606524569990D-2,        2303P   2498
5.917506706491D-1,5.917506706491D-1,-1.6D-1,-1.6D-1,8.16D0,         2303P   2499
8.16D0,1D0,1D0,1D0,1D0,9.896989088012D0,1.5288276D1,                2303P   2500
3.581569088012D0,1.033385091199D1,1.5288276D1,4.018430911988D0,     2303P   2501
9.896989088012D0,6.968276D0,3.581569088012D0,1.033385091199D1,      2303P   2502
6.968276D0,4.018430911988D0,-2.606524569990D-2,                     2303P   2503
5.917506706491D-1,-1.6D-1,8.16D0;                                   2303P   2504
110,9.91542D0,1.5128276D1,3.6D0,1.031542D1,1.5128276D1,4D0;         2305P   2505
110,1.031542D1,1.5128276D1,4D0,1.031542D1,7.128276D0,4D0;           2307P   2506
102,4,1271,1093,2305,2307;                                          2309P   2507
110,5.656854249492D-1,8D0,0D0,0D0,8D0,0D0;                          2311P   2508
110,0D0,8D0,0D0,0D0,0D0,0D0;                                        2313P   2509
110,0D0,0D0,0D0,5.656854249492D-1,0D0,0D0;                          2315P   2510
110,5.656854249492D-1,0D0,0D0,5.656854249492D-1,8D0,0D0;            2317P   2511
102,4,2311,2313,2315,2317;                                          2319P   2512
142,0,2303,2319,2309,1;                                             2321P   2513
144,2303,1,0,2321;                                                  2323P   2514
110,1.274542D1,7.128276D0,6.43D0,1.274542D1,7.128276D0,5.43D0;      2325P   2515
110,1.515698908801D1,7.128276D0,4.018430911988D0,                   2327P   2516
1.559385091199D1,7.128276D0,3.581569088012D0;                       2327P   2517
120,2325,2327,1.539380400259D0,3.173008580126D0;                    2329P   2518
110,9.91542D0,7.128276D0,3.6D0,1.031542D1,7.128276D0,4D0;           2331P   2519
124,-1D0,0D0,0D0,1.274542D1,0D0,-1D0,0D0,7.128276D0,0D0,0D0,1D0,    2333P   2520
4D0;                                                                2333P   2521
100,0D0,0D0,0D0,2.43D0,0D0,2.065238849077D-14,2.43D0;               2335P   2522
102,4,1085,1097,2331,2335;                                          2337P   2523
110,4.218933991525D-2,1.570796326795D0,0D0,9.578106600847D-1,       2339P   2524
1.570796326795D0,0D0;                                               2339P   2525
110,9.578106600847D-1,1.570796326795D0,0D0,9.578106600847D-1,       2341P   2526
3.141592653590D0,0D0;                                               2341P   2527
110,9.578106600847D-1,3.141592653590D0,0D0,4.218933991525D-2,       2343P   2528
3.141592653590D0,0D0;                                               2343P   2529
110,4.218933991525D-2,3.141592653590D0,0D0,4.218933991525D-2,       2345P   2530
1.570796326795D0,0D0;                                               2345P   2531
102,4,2339,2341,2343,2345;                                          2347P   2532
142,0,2329,2347,2337,1;                                             2349P   2533
144,2329,1,0,2349;                                                  2351P   2534
128,1,1,1,1,0,0,1,0,0,-2.606524569990D-2,-2.606524569990D-2,        2353P   2535
5.917506706491D-1,5.917506706491D-1,-1.6D-1,-1.6D-1,8.16D0,         2353P   2536
8.16D0,1D0,1D0,1D0,1D0,2.190542D1,1.897670691199D1,                 2353P   2537
3.581569088012D0,2.190542D1,1.853984508801D1,4.018430911988D0,      2353P   2538
1.358542D1,1.897670691199D1,3.581569088012D0,1.358542D1,            2353P   2539
1.853984508801D1,4.018430911988D0,-2.606524569990D-2,               2353P   2540
5.917506706491D-1,-1.6D-1,8.16D0;                                   2353P   2541
110,2.174542D1,1.8558276D1,4D0,1.374542D1,1.8558276D1,4D0;          2355P   2542
102,4,1261,1111,1071,2355;                                          2357P   2543
110,5.656854249492D-1,8D0,0D0,0D0,8D0,0D0;                          2359P   2544
110,0D0,8D0,0D0,0D0,0D0,0D0;                                        2361P   2545
110,0D0,0D0,0D0,5.656854249492D-1,0D0,0D0;                          2363P   2546
110,5.656854249492D-1,0D0,0D0,5.656854249492D-1,8D0,0D0;            2365P   2547
102,4,2359,2361,2363,2365;                                          2367P   2548
142,0,2353,2367,2357,1;                                             2369P   2549
144,2353,1,0,2369;                                                  2371P   2550
406,1,21HANTENNA_PCB_COVER_ANY;                                     2373P   2551
402,250,19,21,23,25,27,29,31,33,37,39,41,43,45,47,49,51,53,55,      2375P   2552
57,59,61,63,65,67,69,73,75,77,79,81,83,85,87,89,91,93,95,97,101,    2375P   2553
103,105,109,111,113,115,117,119,121,123,125,127,129,131,133,135,    2375P   2554
139,141,143,145,147,149,151,153,155,157,159,163,165,173,175,177,    2375P   2555
179,181,183,185,187,191,193,201,203,205,207,209,211,213,215,219,    2375P   2556
221,227,229,231,233,235,237,239,243,245,255,257,259,261,263,265,    2375P   2557
267,269,271,273,275,279,281,285,287,289,291,293,295,299,301,303,    2375P   2558
305,307,309,311,313,317,319,327,329,331,333,335,337,339,341,345,    2375P   2559
347,351,353,355,357,359,361,365,367,369,371,373,375,377,379,381,    2375P   2560
383,387,389,395,397,399,401,403,405,407,411,413,419,421,423,425,    2375P   2561
427,429,431,435,437,439,441,443,445,447,449,451,453,457,459,465,    2375P   2562
467,469,471,473,475,477,481,483,485,487,495,497,499,501,503,505,    2375P   2563
509,511,513,515,523,525,527,529,531,533,537,539,541,543,545,547,    2375P   2564
549,551,555,557,559,561,563,565,567,569,573,575,577,579,581,583,    2375P   2565
585,587,591,593,597,599,601,603,605,607,611,613,615,617,619,621,    2375P   2566
623,625,629,0,1,2373;                                               2375P   2567
406,1,14HPATCH_DA15_ANY;                                            2377P   2568
402,514,1005,1009,1011,1015,1019,1023,1027,1029,1033,1035,1039,     2379P   2569
1043,1047,1049,1053,1057,1059,1061,1063,1065,1069,1071,1073,        2379P   2570
1075,1079,1081,1083,1085,1087,1091,1093,1097,1099,1103,1105,        2379P   2571
1109,1111,1113,1117,1119,1121,1123,1127,1129,1131,1133,1137,        2379P   2572
1139,1141,1143,1147,1149,1151,1155,1157,1161,1163,1167,1169,        2379P   2573
1173,1175,1177,1179,1181,1185,1187,1191,1193,1195,1197,1199,        2379P   2574
1203,1205,1209,1213,1215,1219,1221,1223,1225,1227,1229,1233,        2379P   2575
1235,1239,1241,1245,1249,1253,1255,1259,1261,1265,1267,1269,        2379P   2576
1271,1275,1277,1279,1281,1283,1285,1287,1289,1291,1293,1295,        2379P   2577
1297,1299,1303,1305,1307,1309,1313,1315,1317,1319,1327,1329,        2379P   2578
1331,1333,1335,1337,1341,1343,1345,1347,1349,1351,1355,1357,        2379P   2579
1359,1361,1365,1367,1369,1371,1379,1381,1383,1385,1387,1389,        2379P   2580
1393,1395,1397,1399,1407,1409,1411,1413,1415,1417,1421,1423,        2379P   2581
1425,1427,1429,1431,1443,1445,1447,1449,1453,1455,1457,1459,        2379P   2582
1467,1469,1471,1473,1475,1477,1481,1483,1485,1487,1495,1497,        2379P   2583
1499,1501,1503,1505,1509,1511,1513,1515,1519,1521,1523,1525,        2379P   2584
1529,1533,1535,1537,1539,1543,1545,1547,1549,1553,1557,1559,        2379P   2585
1561,1563,1571,1573,1575,1577,1579,1581,1585,1587,1589,1591,        2379P   2586
1599,1601,1603,1605,1607,1609,1613,1615,1621,1623,1625,1627,        2379P   2587
1629,1631,1635,1637,1639,1641,1649,1651,1653,1655,1657,1659,        2379P   2588
1663,1665,1673,1675,1677,1679,1681,1683,1687,1689,1699,1701,        2379P   2589
1703,1705,1707,1709,1711,1713,1715,1717,1721,1723,1725,1727,        2379P   2590
1729,1731,1733,1735,1737,1739,1743,1745,1747,1749,1751,1753,        2379P   2591
1755,1757,1759,1761,1765,1767,1769,1771,1773,1775,1777,1779,        2379P   2592
1783,1785,1787,1789,1791,1793,1795,1797,1799,1801,1805,1807,        2379P   2593
1809,1811,1813,1815,1817,1819,1823,1825,1827,1829,1831,1833,        2379P   2594
1835,1837,1839,1841,1845,1847,1849,1851,1853,1855,1857,1859,        2379P   2595
1863,1865,1867,1869,1871,1873,1875,1877,1879,1881,1885,1887,        2379P   2596
1889,1891,1893,1895,1897,1899,1903,1905,1923,1925,1927,1929,        2379P   2597
1931,1933,1935,1937,1939,1941,1945,1947,1949,1951,1953,1955,        2379P   2598
1957,1959,1961,1963,1967,1969,1975,1977,1979,1981,1983,1985,        2379P   2599
1989,1991,1993,1995,2003,2005,2007,2009,2011,2013,2017,2019,        2379P   2600
2027,2029,2031,2033,2035,2037,2041,2043,2045,2047,2055,2057,        2379P   2601
2059,2061,2063,2065,2069,2071,2073,2075,2077,2079,2081,2083,        2379P   2602
2085,2087,2089,2091,2103,2105,2107,2109,2113,2115,2117,2119,        2379P   2603
2127,2129,2131,2133,2135,2137,2141,2143,2149,2151,2153,2155,        2379P   2604
2157,2159,2163,2165,2169,2171,2173,2175,2177,2179,2183,2185,        2379P   2605
2187,2189,2197,2199,2201,2203,2205,2207,2211,2213,2215,2217,        2379P   2606
2221,2223,2225,2227,2229,2231,2235,2237,2239,2241,2245,2247,        2379P   2607
2249,2251,2253,2255,2259,2261,2263,2265,2267,2269,2273,2275,        2379P   2608
2277,2279,2287,2289,2291,2293,2295,2297,2301,2303,2309,2311,        2379P   2609
2313,2315,2317,2319,2323,2325,2327,2329,2337,2339,2341,2343,        2379P   2610
2345,2347,2351,2353,2357,2359,2361,2363,2365,2367,2371,0,1,2377;    2379P   2611
406,1,8H_V_L_ANY;                                                   2381P   2612
402,134,635,639,641,645,647,651,655,657,661,665,667,671,675,677,    2383P   2613
681,685,689,693,695,699,701,705,707,709,711,715,717,719,721,723,    2383P   2614
725,729,731,733,735,743,745,747,749,751,753,757,759,761,763,765,    2383P   2615
767,771,773,775,777,785,787,789,791,793,795,799,801,803,805,809,    2383P   2616
811,813,815,817,819,823,825,827,829,831,833,837,839,841,843,847,    2383P   2617
849,851,853,857,859,861,863,865,867,871,873,875,877,881,883,885,    2383P   2618
887,889,891,895,897,907,909,911,913,925,927,929,931,935,937,939,    2383P   2619
941,945,947,949,951,953,955,959,961,963,965,969,971,973,975,977,    2383P   2620
979,983,985,987,989,991,993,997,0,1,2381;                           2383P   2621
314,7.529411764706D1,7.529411764706D1,7.529411764706D1;             2385P   2622
406,1,13HGBSA-100A_ANY;                                             2387P   2623
402,3,2375,2379,2383,0,1,2387;                                      2389P   2624
314,1D2,5.019607843137D1,5.019607843137D1;                          2391P   2625
110,1.110915424502D1,2.107322475177D1,-8.305786853026D-1,           2393P   2626
1.110915424502D1,2.107322475177D1,-1.430578685303D0;                2393P   2627
110,1.050915424502D1,2.107322475177D1,-1.430578685303D0,            2395P   2628
1.110915424502D1,2.107322475177D1,-1.430578685303D0;                2395P   2629
124,-9.851965514038D-1,-1.714285714286D-1,0D0,1.223324820997D1,     2397P   2630
0D0,0D0,1D0,2.107322475177D1,-1.714285714286D-1,                    2397P   2631
9.851965514038D-1,0D0,-1.130578685303D0;                            2397P   2632
100,0D0,0D0,0D0,1.75D0,0D0,1.724093964957D0,3D-1;                   2399P   2633
124,-1D0,0D0,0D0,1.223324820997D1,0D0,0D0,1D0,2.107322475177D1,     2401P   2634
0D0,1D0,0D0,-1.130578685303D0;                                      2401P   2635
100,0D0,0D0,0D0,1.75D0,0D0,1.724093964957D0,3D-1;                   2403P   2636
110,1.050915424502D1,2.107322475177D1,-8.305786853026D-1,           2405P   2637
1.110915424502D1,2.107322475177D1,-8.305786853026D-1;               2405P   2638
110,1.193324820997D1,2.107322475177D1,-8.305786853026D-1,           2407P   2639
1.193324820997D1,2.107322475177D1,-1.430578685303D0;                2407P   2640
110,1.193324820997D1,2.107322475177D1,-8.305786853026D-1,           2409P   2641
1.253324820997D1,2.107322475177D1,-8.305786853026D-1;               2409P   2642
110,1.253324820997D1,2.107322475177D1,-8.305786853026D-1,           2411P   2643
1.253324820997D1,2.107322475177D1,-1.430578685303D0;                2411P   2644
110,1.193324820997D1,2.107322475177D1,-1.430578685303D0,            2413P   2645
1.253324820997D1,2.107322475177D1,-1.430578685303D0;                2413P   2646
110,1.335734217493D1,2.107322475177D1,-8.305786853026D-1,           2415P   2647
1.335734217493D1,2.107322475177D1,-1.430578685303D0;                2415P   2648
110,1.335734217493D1,2.107322475177D1,-8.305786853026D-1,           2417P   2649
1.395734217493D1,2.107322475177D1,-8.305786853026D-1;               2417P   2650
124,9.851965514038D-1,1.714285714286D-1,0D0,1.223324820997D1,       2419P   2651
0D0,0D0,1D0,2.107322475177D1,1.714285714286D-1,                     2419P   2652
-9.851965514038D-1,0D0,-1.130578685303D0;                           2419P   2653
100,0D0,0D0,0D0,1.75D0,0D0,1.724093964957D0,3D-1;                   2421P   2654
124,1D0,0D0,0D0,1.223324820997D1,0D0,0D0,1D0,2.107322475177D1,      2423P   2655
0D0,-1D0,0D0,-1.130578685303D0;                                     2423P   2656
100,0D0,0D0,0D0,1.75D0,0D0,1.724093964957D0,3D-1;                   2425P   2657
110,1.335734217493D1,2.107322475177D1,-1.430578685303D0,            2427P   2658
1.395734217493D1,2.107322475177D1,-1.430578685303D0;                2427P   2659
110,1.110915424502D1,2.107322475177D1,-8.305786853026D-1,           2429P   2660
1.110915424502D1,2.407322475177D1,-8.305786853026D-1;               2429P   2661
110,1.050915424502D1,2.107322475177D1,-8.305786853026D-1,           2431P   2662
1.050915424502D1,2.407322475177D1,-8.305786853026D-1;               2431P   2663
110,1.050915424502D1,2.407322475177D1,-8.305786853026D-1,           2433P   2664
1.110915424502D1,2.407322475177D1,-8.305786853026D-1;               2433P   2665
110,1.193324820997D1,2.107322475177D1,-8.305786853026D-1,           2435P   2666
1.193324820997D1,2.407322475177D1,-8.305786853026D-1;               2435P   2667
110,1.193324820997D1,2.407322475177D1,-8.305786853026D-1,           2437P   2668
1.253324820997D1,2.407322475177D1,-8.305786853026D-1;               2437P   2669
110,1.253324820997D1,2.107322475177D1,-8.305786853026D-1,           2439P   2670
1.253324820997D1,2.407322475177D1,-8.305786853026D-1;               2439P   2671
110,1.335734217493D1,2.107322475177D1,-8.305786853026D-1,           2441P   2672
1.335734217493D1,2.407322475177D1,-8.305786853026D-1;               2441P   2673
110,1.335734217493D1,2.407322475177D1,-8.305786853026D-1,           2443P   2674
1.395734217493D1,2.407322475177D1,-8.305786853026D-1;               2443P   2675
110,1.395734217493D1,2.107322475177D1,-8.305786853026D-1,           2445P   2676
1.395734217493D1,2.407322475177D1,-8.305786853026D-1;               2445P   2677
110,1.048324820997D1,2.107322475177D1,-1.130578685303D0,            2447P   2678
1.048324820997D1,2.877322475177D1,-1.130578685303D0;                2447P   2679
110,1.398324820997D1,2.107322475177D1,-1.130578685303D0,            2449P   2680
1.398324820997D1,2.877322475177D1,-1.130578685303D0;                2449P   2681
110,1.110915424502D1,2.107322475177D1,-1.430578685303D0,            2451P   2682
1.110915424502D1,2.407322475177D1,-1.430578685303D0;                2451P   2683
110,1.110915424502D1,2.407322475177D1,-1.430578685303D0,            2453P   2684
1.050915424502D1,2.407322475177D1,-1.430578685303D0;                2453P   2685
110,1.050915424502D1,2.107322475177D1,-1.430578685303D0,            2455P   2686
1.050915424502D1,2.407322475177D1,-1.430578685303D0;                2455P   2687
110,1.193324820997D1,2.107322475177D1,-1.430578685303D0,            2457P   2688
1.193324820997D1,2.407322475177D1,-1.430578685303D0;                2457P   2689
110,1.253324820997D1,2.107322475177D1,-1.430578685303D0,            2459P   2690
1.253324820997D1,2.407322475177D1,-1.430578685303D0;                2459P   2691
110,1.253324820997D1,2.407322475177D1,-1.430578685303D0,            2461P   2692
1.193324820997D1,2.407322475177D1,-1.430578685303D0;                2461P   2693
110,1.335734217493D1,2.107322475177D1,-1.430578685303D0,            2463P   2694
1.335734217493D1,2.407322475177D1,-1.430578685303D0;                2463P   2695
110,1.395734217493D1,2.107322475177D1,-1.430578685303D0,            2465P   2696
1.395734217493D1,2.407322475177D1,-1.430578685303D0;                2465P   2697
110,1.395734217493D1,2.407322475177D1,-1.430578685303D0,            2467P   2698
1.335734217493D1,2.407322475177D1,-1.430578685303D0;                2467P   2699
110,1.253324820997D1,2.407322475177D1,-1.430578685303D0,            2469P   2700
1.253324820997D1,2.407322475177D1,-8.305786853026D-1;               2469P   2701
110,1.110915424502D1,2.407322475177D1,-1.430578685303D0,            2471P   2702
1.110915424502D1,2.407322475177D1,-8.305786853026D-1;               2471P   2703
124,-9.851965514038D-1,1.714285714286D-1,0D0,1.223324820997D1,      2473P   2704
0D0,0D0,1D0,2.407322475177D1,1.714285714286D-1,                     2473P   2705
9.851965514038D-1,0D0,-1.130578685303D0;                            2473P   2706
100,0D0,0D0,0D0,1.75D0,0D0,-1.647142857143D0,5.911179308423D-1;     2475P   2707
124,9.851965514038D-1,-1.714285714286D-1,0D0,1.223324820997D1,      2477P   2708
0D0,0D0,1D0,2.407322475177D1,-1.714285714286D-1,                    2477P   2709
-9.851965514038D-1,0D0,-1.130578685303D0;                           2477P   2710
100,0D0,0D0,0D0,1.75D0,0D0,-1.647142857143D0,5.911179308423D-1;     2479P   2711
110,1.193324820997D1,2.407322475177D1,-1.430578685303D0,            2481P   2712
1.193324820997D1,2.407322475177D1,-8.305786853026D-1;               2481P   2713
110,1.335734217493D1,2.407322475177D1,-1.430578685303D0,            2483P   2714
1.335734217493D1,2.407322475177D1,-8.305786853026D-1;               2483P   2715
124,1D0,0D0,0D0,1.223324820997D1,0D0,0D0,1D0,2.877322475177D1,      2485P   2716
0D0,-1D0,0D0,-1.130578685303D0;                                     2485P   2717
100,0D0,0D0,0D0,1.75D0,0D0,-1.75D0,0D0;                             2487P   2718
124,-1D0,0D0,0D0,1.223324820997D1,0D0,0D0,1D0,2.877322475177D1,     2489P   2719
0D0,1D0,0D0,-1.130578685303D0;                                      2489P   2720
100,0D0,0D0,0D0,1.75D0,0D0,-1.75D0,0D0;                             2491P   2721
128,1,1,1,1,0,0,1,0,0,-1.82D0,-1.82D0,1.82D0,1.82D0,-3.12D-1,       2493P   2722
-3.12D-1,3.12D-1,3.12D-1,1D0,1D0,1D0,1D0,1.041324820997D1,          2493P   2723
2.107322475177D1,-8.185786853026D-1,1.405324820997D1,               2493P   2724
2.107322475177D1,-8.185786853026D-1,1.041324820997D1,               2493P   2725
2.107322475177D1,-1.442578685303D0,1.405324820997D1,                2493P   2726
2.107322475177D1,-1.442578685303D0,-1.82D0,1.82D0,-3.12D-1,         2493P   2727
3.12D-1;                                                            2493P   2728
110,1.110915424502D1,2.107322475177D1,-1.430578685303D0,            2495P   2729
1.050915424502D1,2.107322475177D1,-1.430578685303D0;                2495P   2730
102,5,2393,2495,2399,2403,2405;                                     2497P   2731
110,-1.124093964957D0,-3D-1,0D0,-1.124093964957D0,3D-1,0D0;         2499P   2732
110,-1.124093964957D0,3D-1,0D0,-1.724093964957D0,3D-1,0D0;          2501P   2733
126,4,3,0,0,1,0,0D0,0D0,0D0,0D0,4.989253697126D-1,1D0,1D0,1D0,      2503P   2734
1D0,1D0,1D0,1D0,1D0,1D0,-1.724093964957D0,3D-1,0D0,                 2503P   2735
-1.732702713905D0,2.504792149242D-1,0D0,-1.745656940151D0,          2503P   2736
1.508525682449D-1,0D0,-1.749991928921D0,5.048081634946D-2,0D0,      2503P   2737
-1.75D0,0D0,0D0,0D0,1D0,0D0,0D0,1D0;                                2503P   2738
126,4,3,0,0,1,0,0D0,0D0,0D0,0D0,5.010746302874D-1,1D0,1D0,1D0,      2505P   2739
1D0,1D0,1D0,1D0,1D0,1D0,-1.75D0,0D0,0D0,-1.749991928921D0,          2505P   2740
-5.048081634946D-2,0D0,-1.745656940151D0,-1.508525682449D-1,0D0,    2505P   2741
-1.732702713905D0,-2.504792149242D-1,0D0,-1.724093964957D0,         2505P   2742
-3D-1,0D0,0D0,1D0,0D0,0D0,1D0;                                      2505P   2743
110,-1.724093964957D0,-3D-1,0D0,-1.124093964957D0,-3D-1,0D0;        2507P   2744
102,5,2499,2501,2503,2505,2507;                                     2509P   2745
142,0,2493,2509,2497,1;                                             2511P   2746
144,2493,1,0,2511;                                                  2513P   2747
128,1,1,1,1,0,0,1,0,0,-1.82D0,-1.82D0,1.82D0,1.82D0,-3.12D-1,       2515P   2748
-3.12D-1,3.12D-1,3.12D-1,1D0,1D0,1D0,1D0,1.041324820997D1,          2515P   2749
2.107322475177D1,-8.185786853026D-1,1.405324820997D1,               2515P   2750
2.107322475177D1,-8.185786853026D-1,1.041324820997D1,               2515P   2751
2.107322475177D1,-1.442578685303D0,1.405324820997D1,                2515P   2752
2.107322475177D1,-1.442578685303D0,-1.82D0,1.82D0,-3.12D-1,         2515P   2753
3.12D-1;                                                            2515P   2754
110,1.193324820997D1,2.107322475177D1,-1.430578685303D0,            2517P   2755
1.193324820997D1,2.107322475177D1,-8.305786853026D-1;               2517P   2756
110,1.253324820997D1,2.107322475177D1,-1.430578685303D0,            2519P   2757
1.193324820997D1,2.107322475177D1,-1.430578685303D0;                2519P   2758
102,4,2517,2409,2411,2519;                                          2521P   2759
110,-3D-1,3D-1,0D0,-3D-1,-3D-1,0D0;                                 2523P   2760
110,-3D-1,-3D-1,0D0,3D-1,-3D-1,0D0;                                 2525P   2761
110,3D-1,-3D-1,0D0,3D-1,3D-1,0D0;                                   2527P   2762
110,3D-1,3D-1,0D0,-3D-1,3D-1,0D0;                                   2529P   2763
102,4,2523,2525,2527,2529;                                          2531P   2764
142,0,2515,2531,2521,1;                                             2533P   2765
144,2515,1,0,2533;                                                  2535P   2766
128,1,1,1,1,0,0,1,0,0,-1.82D0,-1.82D0,1.82D0,1.82D0,-3.12D-1,       2537P   2767
-3.12D-1,3.12D-1,3.12D-1,1D0,1D0,1D0,1D0,1.041324820997D1,          2537P   2768
2.107322475177D1,-8.185786853026D-1,1.405324820997D1,               2537P   2769
2.107322475177D1,-8.185786853026D-1,1.041324820997D1,               2537P   2770
2.107322475177D1,-1.442578685303D0,1.405324820997D1,                2537P   2771
2.107322475177D1,-1.442578685303D0,-1.82D0,1.82D0,-3.12D-1,         2537P   2772
3.12D-1;                                                            2537P   2773
110,1.335734217493D1,2.107322475177D1,-1.430578685303D0,            2539P   2774
1.335734217493D1,2.107322475177D1,-8.305786853026D-1;               2539P   2775
110,1.395734217493D1,2.107322475177D1,-1.430578685303D0,            2541P   2776
1.335734217493D1,2.107322475177D1,-1.430578685303D0;                2541P   2777
102,5,2539,2417,2421,2425,2541;                                     2543P   2778
110,1.124093964957D0,3D-1,0D0,1.124093964957D0,-3D-1,0D0;           2545P   2779
110,1.124093964957D0,-3D-1,0D0,1.724093964957D0,-3D-1,0D0;          2547P   2780
126,4,3,0,0,1,0,0D0,0D0,0D0,0D0,4.989253697126D-1,1D0,1D0,1D0,      2549P   2781
1D0,1D0,1D0,1D0,1D0,1D0,1.724093964957D0,-3D-1,0D0,                 2549P   2782
1.732702713905D0,-2.504792149242D-1,0D0,1.745656940151D0,           2549P   2783
-1.508525682449D-1,0D0,1.749991928921D0,-5.048081634946D-2,0D0,     2549P   2784
1.75D0,0D0,0D0,0D0,1D0,0D0,0D0,1D0;                                 2549P   2785
126,4,3,0,0,1,0,0D0,0D0,0D0,0D0,5.010746302874D-1,1D0,1D0,1D0,      2551P   2786
1D0,1D0,1D0,1D0,1D0,1D0,1.75D0,0D0,0D0,1.749991928921D0,            2551P   2787
5.048081634946D-2,0D0,1.745656940151D0,1.508525682449D-1,0D0,       2551P   2788
1.732702713905D0,2.504792149242D-1,0D0,1.724093964957D0,3D-1,       2551P   2789
0D0,0D0,1D0,0D0,0D0,1D0;                                            2551P   2790
110,1.724093964957D0,3D-1,0D0,1.124093964957D0,3D-1,0D0;            2553P   2791
102,5,2545,2547,2549,2551,2553;                                     2555P   2792
142,0,2537,2555,2543,1;                                             2557P   2793
144,2537,1,0,2557;                                                  2559P   2794
128,1,1,1,1,0,0,1,0,0,5.050254271947D-1,5.050254271947D-1,          2561P   2795
3.625025427195D0,3.625025427195D0,-2.413676599416D0,                2561P   2796
-2.413676599416D0,-1.789676599416D0,-1.789676599416D0,1D0,1D0,      2561P   2797
1D0,1D0,1.110915424502D1,2.101322475177D1,-8.185786853026D-1,       2561P   2798
1.110915424502D1,2.413322475177D1,-8.185786853026D-1,               2561P   2799
1.110915424502D1,2.101322475177D1,-1.442578685303D0,                2561P   2800
1.110915424502D1,2.413322475177D1,-1.442578685303D0,                2561P   2801
5.050254271947D-1,3.625025427195D0,-2.413676599416D0,               2561P   2802
-1.789676599416D0;                                                  2561P   2803
110,1.110915424502D1,2.107322475177D1,-1.430578685303D0,            2563P   2804
1.110915424502D1,2.107322475177D1,-8.305786853026D-1;               2563P   2805
110,1.110915424502D1,2.407322475177D1,-8.305786853026D-1,           2565P   2806
1.110915424502D1,2.407322475177D1,-1.430578685303D0;                2565P   2807
110,1.110915424502D1,2.407322475177D1,-1.430578685303D0,            2567P   2808
1.110915424502D1,2.107322475177D1,-1.430578685303D0;                2567P   2809
102,4,2563,2429,2565,2567;                                          2569P   2810
110,5.650254271947D-1,-1.801676599416D0,0D0,5.650254271947D-1,      2571P   2811
-2.401676599416D0,0D0;                                              2571P   2812
110,5.650254271947D-1,-2.401676599416D0,0D0,3.565025427195D0,       2573P   2813
-2.401676599416D0,0D0;                                              2573P   2814
110,3.565025427195D0,-2.401676599416D0,0D0,3.565025427195D0,        2575P   2815
-1.801676599416D0,0D0;                                              2575P   2816
110,3.565025427195D0,-1.801676599416D0,0D0,5.650254271947D-1,       2577P   2817
-1.801676599416D0,0D0;                                              2577P   2818
102,4,2571,2573,2575,2577;                                          2579P   2819
142,0,2561,2579,2569,1;                                             2581P   2820
144,2561,1,0,2581;                                                  2583P   2821
128,1,1,1,1,0,0,1,0,0,-1.793057723555D0,-1.793057723555D0,          2585P   2822
1.793057723555D0,1.793057723555D0,-6D-2,-6D-2,3.06D0,3.06D0,1D0,    2585P   2823
1D0,1D0,1D0,1.402630593353D1,2.101322475177D1,                      2585P   2824
-8.305786853026D-1,1.044019048642D1,2.101322475177D1,               2585P   2825
-8.305786853026D-1,1.402630593353D1,2.413322475177D1,               2585P   2826
-8.305786853026D-1,1.044019048642D1,2.413322475177D1,               2585P   2827
-8.305786853026D-1,-1.793057723555D0,1.793057723555D0,-6D-2,        2585P   2828
3.06D0;                                                             2585P   2829
110,1.110915424502D1,2.407322475177D1,-8.305786853026D-1,           2587P   2830
1.110915424502D1,2.107322475177D1,-8.305786853026D-1;               2587P   2831
110,1.110915424502D1,2.107322475177D1,-8.305786853026D-1,           2589P   2832
1.050915424502D1,2.107322475177D1,-8.305786853026D-1;               2589P   2833
102,4,2587,2589,2431,2433;                                          2591P   2834
110,1.124093964957D0,3D0,0D0,1.124093964957D0,0D0,0D0;              2593P   2835
110,1.124093964957D0,0D0,0D0,1.724093964957D0,0D0,0D0;              2595P   2836
110,1.724093964957D0,0D0,0D0,1.724093964957D0,3D0,0D0;              2597P   2837
110,1.724093964957D0,3D0,0D0,1.124093964957D0,3D0,0D0;              2599P   2838
102,4,2593,2595,2597,2599;                                          2601P   2839
142,0,2585,2601,2591,1;                                             2603P   2840
144,2585,1,0,2603;                                                  2605P   2841
128,1,1,1,1,0,0,1,0,0,-1.793057723555D0,-1.793057723555D0,          2607P   2842
1.793057723555D0,1.793057723555D0,-6D-2,-6D-2,3.06D0,3.06D0,1D0,    2607P   2843
1D0,1D0,1D0,1.402630593353D1,2.101322475177D1,                      2607P   2844
-8.305786853026D-1,1.044019048642D1,2.101322475177D1,               2607P   2845
-8.305786853026D-1,1.402630593353D1,2.413322475177D1,               2607P   2846
-8.305786853026D-1,1.044019048642D1,2.413322475177D1,               2607P   2847
-8.305786853026D-1,-1.793057723555D0,1.793057723555D0,-6D-2,        2607P   2848
3.06D0;                                                             2607P   2849
110,1.253324820997D1,2.407322475177D1,-8.305786853026D-1,           2609P   2850
1.253324820997D1,2.107322475177D1,-8.305786853026D-1;               2609P   2851
110,1.253324820997D1,2.107322475177D1,-8.305786853026D-1,           2611P   2852
1.193324820997D1,2.107322475177D1,-8.305786853026D-1;               2611P   2853
102,4,2435,2437,2609,2611;                                          2613P   2854
110,3D-1,0D0,0D0,3D-1,3D0,0D0;                                      2615P   2855
110,3D-1,3D0,0D0,-3D-1,3D0,0D0;                                     2617P   2856
110,-3D-1,3D0,0D0,-3D-1,0D0,0D0;                                    2619P   2857
110,-3D-1,0D0,0D0,3D-1,0D0,0D0;                                     2621P   2858
102,4,2615,2617,2619,2621;                                          2623P   2859
142,0,2607,2623,2613,1;                                             2625P   2860
144,2607,1,0,2625;                                                  2627P   2861
128,1,1,1,1,0,0,1,0,0,-1.793057723555D0,-1.793057723555D0,          2629P   2862
1.793057723555D0,1.793057723555D0,-6D-2,-6D-2,3.06D0,3.06D0,1D0,    2629P   2863
1D0,1D0,1D0,1.402630593353D1,2.101322475177D1,                      2629P   2864
-8.305786853026D-1,1.044019048642D1,2.101322475177D1,               2629P   2865
-8.305786853026D-1,1.402630593353D1,2.413322475177D1,               2629P   2866
-8.305786853026D-1,1.044019048642D1,2.413322475177D1,               2629P   2867
-8.305786853026D-1,-1.793057723555D0,1.793057723555D0,-6D-2,        2629P   2868
3.06D0;                                                             2629P   2869
110,1.395734217493D1,2.407322475177D1,-8.305786853026D-1,           2631P   2870
1.395734217493D1,2.107322475177D1,-8.305786853026D-1;               2631P   2871
110,1.395734217493D1,2.107322475177D1,-8.305786853026D-1,           2633P   2872
1.335734217493D1,2.107322475177D1,-8.305786853026D-1;               2633P   2873
102,4,2441,2443,2631,2633;                                          2635P   2874
110,-1.124093964957D0,0D0,0D0,-1.124093964957D0,3D0,0D0;            2637P   2875
110,-1.124093964957D0,3D0,0D0,-1.724093964957D0,3D0,0D0;            2639P   2876
110,-1.724093964957D0,3D0,0D0,-1.724093964957D0,0D0,0D0;            2641P   2877
110,-1.724093964957D0,0D0,0D0,-1.124093964957D0,0D0,0D0;            2643P   2878
102,4,2637,2639,2641,2643;                                          2645P   2879
142,0,2629,2645,2635,1;                                             2647P   2880
144,2629,1,0,2647;                                                  2649P   2881
110,1.223324820997D1,2.107322475177D1,-1.130578685303D0,            2651P   2882
1.223324820997D1,2.207322475177D1,-1.130578685303D0;                2651P   2883
110,1.398324820997D1,2.091922475177D1,-1.130578685303D0,            2653P   2884
1.398324820997D1,2.892722475177D1,-1.130578685303D0;                2653P   2885
120,2651,2653,3.078760800518D0,6.346017160251D0;                    2655P   2886
110,1.050915424502D1,2.407322475177D1,-8.305786853026D-1,           2657P   2887
1.050915424502D1,2.107322475177D1,-8.305786853026D-1;               2657P   2888
124,-9.851965514038D-1,-1.714285714286D-1,0D0,1.223324820997D1,     2659P   2889
0D0,0D0,-1D0,2.107322475177D1,1.714285714286D-1,                    2659P   2890
-9.851965514038D-1,0D0,-1.130578685303D0;                           2659P   2891
100,0D0,0D0,0D0,1.75D0,0D0,1.724093964957D0,3D-1;                   2661P   2892
110,1.398324820997D1,2.877322475177D1,-1.130578685303D0,            2663P   2893
1.398324820997D1,2.107322475177D1,-1.130578685303D0;                2663P   2894
124,1D0,0D0,0D0,1.223324820997D1,0D0,0D0,-1D0,2.107322475177D1,     2665P   2895
0D0,1D0,0D0,-1.130578685303D0;                                      2665P   2896
100,0D0,0D0,0D0,1.75D0,0D0,1.724093964957D0,3D-1;                   2667P   2897
124,9.851965514038D-1,-1.714285714286D-1,0D0,1.223324820997D1,      2669P   2898
0D0,0D0,-1D0,2.407322475177D1,1.714285714286D-1,                    2669P   2899
9.851965514038D-1,0D0,-1.130578685303D0;                            2669P   2900
100,0D0,0D0,0D0,1.75D0,0D0,-1.647142857143D0,5.911179308423D-1;     2671P   2901
102,8,2657,2661,2447,2491,2663,2667,2445,2671;                      2673P   2902
110,3.938561438561D-1,3.313872177318D0,0D0,1.923076923077D-2,       2675P   2903
3.313872177318D0,0D0;                                               2675P   2904
110,1.923076923077D-2,3.313872177318D0,0D0,1.923076923077D-2,       2677P   2905
3.141592653590D0,0D0;                                               2677P   2906
110,1.923076923077D-2,3.141592653590D0,0D0,9.807692307692D-1,       2679P   2907
3.141592653590D0,0D0;                                               2679P   2908
110,9.807692307692D-1,3.141592653590D0,0D0,9.807692307692D-1,       2681P   2909
6.283185307180D0,0D0;                                               2681P   2910
110,9.807692307692D-1,6.283185307180D0,0D0,1.923076923077D-2,       2683P   2911
6.283185307180D0,0D0;                                               2683P   2912
110,1.923076923077D-2,6.283185307180D0,0D0,1.923076923077D-2,       2685P   2913
6.110905783452D0,0D0;                                               2685P   2914
110,1.923076923077D-2,6.110905783452D0,0D0,3.938561438561D-1,       2687P   2915
6.110905783452D0,0D0;                                               2687P   2916
110,3.938561438561D-1,6.110905783452D0,0D0,3.938561438561D-1,       2689P   2917
3.313872177318D0,0D0;                                               2689P   2918
102,8,2675,2677,2679,2681,2683,2685,2687,2689;                      2691P   2919
142,0,2655,2691,2673,1;                                             2693P   2920
144,2655,1,0,2693;                                                  2695P   2921
110,1.223324820997D1,2.107322475177D1,-1.130578685303D0,            2697P   2922
1.223324820997D1,2.207322475177D1,-1.130578685303D0;                2697P   2923
110,1.398324820997D1,2.091922475177D1,-1.130578685303D0,            2699P   2924
1.398324820997D1,2.892722475177D1,-1.130578685303D0;                2699P   2925
120,2697,2699,-6.283185307180D-2,3.204424506662D0;                  2701P   2926
110,1.395734217493D1,2.407322475177D1,-1.430578685303D0,            2703P   2927
1.395734217493D1,2.107322475177D1,-1.430578685303D0;                2703P   2928
124,9.851965514038D-1,1.714285714286D-1,0D0,1.223324820997D1,       2705P   2929
0D0,0D0,-1D0,2.107322475177D1,-1.714285714286D-1,                   2705P   2930
9.851965514038D-1,0D0,-1.130578685303D0;                            2705P   2931
100,0D0,0D0,0D0,1.75D0,0D0,1.724093964957D0,3D-1;                   2707P   2932
110,1.048324820997D1,2.877322475177D1,-1.130578685303D0,            2709P   2933
1.048324820997D1,2.107322475177D1,-1.130578685303D0;                2709P   2934
124,-1D0,0D0,0D0,1.223324820997D1,0D0,0D0,-1D0,2.107322475177D1,    2711P   2935
0D0,-1D0,0D0,-1.130578685303D0;                                     2711P   2936
100,0D0,0D0,0D0,1.75D0,0D0,1.724093964957D0,3D-1;                   2713P   2937
124,-9.851965514038D-1,1.714285714286D-1,0D0,1.223324820997D1,      2715P   2938
0D0,0D0,-1D0,2.407322475177D1,-1.714285714286D-1,                   2715P   2939
-9.851965514038D-1,0D0,-1.130578685303D0;                           2715P   2940
100,0D0,0D0,0D0,1.75D0,0D0,-1.647142857143D0,5.911179308423D-1;     2717P   2941
102,8,2703,2707,2449,2487,2709,2713,2455,2717;                      2719P   2942
110,3.938561438561D-1,1.722795237280D-1,0D0,1.923076923077D-2,      2721P   2943
1.722795237280D-1,0D0;                                              2721P   2944
110,1.923076923077D-2,1.722795237280D-1,0D0,1.923076923077D-2,      2723P   2945
0D0,0D0;                                                            2723P   2946
110,1.923076923077D-2,0D0,0D0,9.807692307692D-1,0D0,0D0;            2725P   2947
110,9.807692307692D-1,0D0,0D0,9.807692307692D-1,                    2727P   2948
3.141592653590D0,0D0;                                               2727P   2949
110,9.807692307692D-1,3.141592653590D0,0D0,1.923076923077D-2,       2729P   2950
3.141592653590D0,0D0;                                               2729P   2951
110,1.923076923077D-2,3.141592653590D0,0D0,1.923076923077D-2,       2731P   2952
2.969313129862D0,0D0;                                               2731P   2953
110,1.923076923077D-2,2.969313129862D0,0D0,3.938561438561D-1,       2733P   2954
2.969313129862D0,0D0;                                               2733P   2955
110,3.938561438561D-1,2.969313129862D0,0D0,3.938561438561D-1,       2735P   2956
1.722795237280D-1,0D0;                                              2735P   2957
102,8,2721,2723,2725,2727,2729,2731,2733,2735;                      2737P   2958
142,0,2701,2737,2719,1;                                             2739P   2959
144,2701,1,0,2739;                                                  2741P   2960
128,1,1,1,1,0,0,1,0,0,-1.793057723555D0,-1.793057723555D0,          2743P   2961
1.793057723555D0,1.793057723555D0,-6D-2,-6D-2,3.06D0,3.06D0,1D0,    2743P   2962
1D0,1D0,1D0,1.044019048642D1,2.101322475177D1,-1.430578685303D0,    2743P   2963
1.402630593353D1,2.101322475177D1,-1.430578685303D0,                2743P   2964
1.044019048642D1,2.413322475177D1,-1.430578685303D0,                2743P   2965
1.402630593353D1,2.413322475177D1,-1.430578685303D0,                2743P   2966
-1.793057723555D0,1.793057723555D0,-6D-2,3.06D0;                    2743P   2967
110,1.050915424502D1,2.407322475177D1,-1.430578685303D0,            2745P   2968
1.050915424502D1,2.107322475177D1,-1.430578685303D0;                2745P   2969
102,4,2451,2453,2745,2395;                                          2747P   2970
110,-1.124093964957D0,0D0,0D0,-1.124093964957D0,3D0,0D0;            2749P   2971
110,-1.124093964957D0,3D0,0D0,-1.724093964957D0,3D0,0D0;            2751P   2972
110,-1.724093964957D0,3D0,0D0,-1.724093964957D0,0D0,0D0;            2753P   2973
110,-1.724093964957D0,0D0,0D0,-1.124093964957D0,0D0,0D0;            2755P   2974
102,4,2749,2751,2753,2755;                                          2757P   2975
142,0,2743,2757,2747,1;                                             2759P   2976
144,2743,1,0,2759;                                                  2761P   2977
128,1,1,1,1,0,0,1,0,0,-1.793057723555D0,-1.793057723555D0,          2763P   2978
1.793057723555D0,1.793057723555D0,-6D-2,-6D-2,3.06D0,3.06D0,1D0,    2763P   2979
1D0,1D0,1D0,1.044019048642D1,2.101322475177D1,-1.430578685303D0,    2763P   2980
1.402630593353D1,2.101322475177D1,-1.430578685303D0,                2763P   2981
1.044019048642D1,2.413322475177D1,-1.430578685303D0,                2763P   2982
1.402630593353D1,2.413322475177D1,-1.430578685303D0,                2763P   2983
-1.793057723555D0,1.793057723555D0,-6D-2,3.06D0;                    2763P   2984
110,1.193324820997D1,2.407322475177D1,-1.430578685303D0,            2765P   2985
1.193324820997D1,2.107322475177D1,-1.430578685303D0;                2765P   2986
102,4,2765,2413,2459,2461;                                          2767P   2987
110,-3D-1,3D0,0D0,-3D-1,0D0,0D0;                                    2769P   2988
110,-3D-1,0D0,0D0,3D-1,0D0,0D0;                                     2771P   2989
110,3D-1,0D0,0D0,3D-1,3D0,0D0;                                      2773P   2990
110,3D-1,3D0,0D0,-3D-1,3D0,0D0;                                     2775P   2991
102,4,2769,2771,2773,2775;                                          2777P   2992
142,0,2763,2777,2767,1;                                             2779P   2993
144,2763,1,0,2779;                                                  2781P   2994
128,1,1,1,1,0,0,1,0,0,-1.793057723555D0,-1.793057723555D0,          2783P   2995
1.793057723555D0,1.793057723555D0,-6D-2,-6D-2,3.06D0,3.06D0,1D0,    2783P   2996
1D0,1D0,1D0,1.044019048642D1,2.101322475177D1,-1.430578685303D0,    2783P   2997
1.402630593353D1,2.101322475177D1,-1.430578685303D0,                2783P   2998
1.044019048642D1,2.413322475177D1,-1.430578685303D0,                2783P   2999
1.402630593353D1,2.413322475177D1,-1.430578685303D0,                2783P   3000
-1.793057723555D0,1.793057723555D0,-6D-2,3.06D0;                    2783P   3001
110,1.335734217493D1,2.407322475177D1,-1.430578685303D0,            2785P   3002
1.335734217493D1,2.107322475177D1,-1.430578685303D0;                2785P   3003
102,4,2785,2427,2465,2467;                                          2787P   3004
110,1.124093964957D0,3D0,0D0,1.124093964957D0,0D0,0D0;              2789P   3005
110,1.124093964957D0,0D0,0D0,1.724093964957D0,0D0,0D0;              2791P   3006
110,1.724093964957D0,0D0,0D0,1.724093964957D0,3D0,0D0;              2793P   3007
110,1.724093964957D0,3D0,0D0,1.124093964957D0,3D0,0D0;              2795P   3008
102,4,2789,2791,2793,2795;                                          2797P   3009
142,0,2783,2797,2787,1;                                             2799P   3010
144,2783,1,0,2799;                                                  2801P   3011
128,1,1,1,1,0,0,1,0,0,9.593117382497D-1,9.593117382497D-1,          2803P   3012
4.545427185360D0,4.545427185360D0,-1.521453052827D0,                2803P   3013
-1.521453052827D0,2.121453052825D0,2.121453052825D0,1D0,1D0,1D0,    2803P   3014
1D0,1.402630593353D1,2.407322475177D1,-2.952031738130D0,            2803P   3015
1.044019048642D1,2.407322475177D1,-2.952031738130D0,                2803P   3016
1.402630593353D1,2.407322475177D1,6.908743675219D-1,                2803P   3017
1.044019048642D1,2.407322475177D1,6.908743675219D-1,                2803P   3018
9.593117382497D-1,4.545427185360D0,-1.521453052827D0,               2803P   3019
2.121453052825D0;                                                   2803P   3020
110,1.110915424502D1,2.407322475177D1,-8.305786853026D-1,           2805P   3021
1.050915424502D1,2.407322475177D1,-8.305786853026D-1;               2805P   3022
110,1.395734217493D1,2.407322475177D1,-8.305786853026D-1,           2807P   3023
1.335734217493D1,2.407322475177D1,-8.305786853026D-1;               2807P   3024
110,1.335734217493D1,2.407322475177D1,-8.305786853026D-1,           2809P   3025
1.335734217493D1,2.407322475177D1,-1.430578685303D0;                2809P   3026
110,1.335734217493D1,2.407322475177D1,-1.430578685303D0,            2811P   3027
1.395734217493D1,2.407322475177D1,-1.430578685303D0;                2811P   3028
110,1.050915424502D1,2.407322475177D1,-1.430578685303D0,            2813P   3029
1.110915424502D1,2.407322475177D1,-1.430578685303D0;                2813P   3030
102,8,2471,2805,2475,2807,2809,2811,2479,2813;                      2815P   3031
110,3.876463426761D0,0D0,0D0,3.876463426761D0,6D-1,0D0;             2817P   3032
110,3.876463426761D0,6D-1,0D0,4.476463426761D0,6D-1,0D0;            2819P   3033
126,21,3,0,0,1,0,0D0,0D0,0D0,0D0,5.254385711254D-2,                 2821P   3034
1.051808396639D-1,1.578186803776D-1,2.104575892155D-1,              2821P   3035
2.630977755726D-1,3.157394481663D-1,3.683828149279D-1,              2821P   3036
4.210280828935D-1,4.736754580977D-1,5.263245419023D-1,              2821P   3037
5.789719171065D-1,6.316171850721D-1,6.842605518337D-1,              2821P   3038
7.369022244274D-1,7.895424107845D-1,8.421813196224D-1,              2821P   3039
8.948191603361D-1,9.474561428875D-1,1D0,1D0,1D0,1D0,1D0,1D0,1D0,    2821P   3040
1D0,1D0,1D0,1D0,1D0,1D0,1D0,1D0,1D0,1D0,1D0,1D0,1D0,1D0,1D0,1D0,    2821P   3041
1D0,1D0,1D0,4.476463426761D0,6D-1,0D0,4.461813375355D0,             2821P   3042
6.844762528060D-1,0D0,4.419879652659D0,8.513600934492D-1,0D0,       2821P   3043
4.321061376190D0,1.089895509075D0,0D0,4.188206594815D0,             2821P   3044
1.311471701966D0,0D0,4.024289461686D0,1.511169145860D0,0D0,         2821P   3045
3.832842503769D0,1.684661915853D0,0D0,3.618008918247D0,             2821P   3046
1.828195250510D0,0D0,3.384434248319D0,1.938660404696D0,0D0,         2821P   3047
3.137171182483D0,2.013663670386D0,0D0,2.881570087773D0,             2821P   3048
2.051577675820D0,0D0,2.623168835837D0,2.051577675820D0,0D0,         2821P   3049
2.367567741126D0,2.013663670386D0,0D0,2.120304675290D0,             2821P   3050
1.938660404696D0,0D0,1.886730005362D0,1.828195250510D0,0D0,         2821P   3051
1.671896419841D0,1.684661915853D0,0D0,1.480449461923D0,             2821P   3052
1.511169145860D0,0D0,1.316532328795D0,1.311471701966D0,0D0,         2821P   3053
1.183677547419D0,1.089895509075D0,0D0,1.084859270951D0,             2821P   3054
8.513600934492D-1,0D0,1.042925548255D0,6.844762528060D-1,0D0,       2821P   3055
1.028275496848D0,6D-1,0D0,0D0,1D0,0D0,0D0,1D0;                      2821P   3056
110,1.028275496848D0,6D-1,0D0,1.628275496848D0,6D-1,0D0;            2823P   3057
110,1.628275496848D0,6D-1,0D0,1.628275496848D0,0D0,0D0;             2825P   3058
110,1.628275496848D0,0D0,0D0,1.028275496848D0,0D0,0D0;              2827P   3059
126,21,3,0,0,1,0,0D0,0D0,0D0,0D0,5.254385622277D-2,                 2829P   3060
1.051808392311D-1,1.578186803874D-1,2.104575896167D-1,              2829P   3061
2.630977762771D-1,3.157394490495D-1,3.683828158283D-1,              2829P   3062
4.210280836136D-1,4.736754584036D-1,5.263245415964D-1,              2829P   3063
5.789719163864D-1,6.316171841717D-1,6.842605509505D-1,              2829P   3064
7.369022237229D-1,7.895424103833D-1,8.421813196126D-1,              2829P   3065
8.948191607689D-1,9.474561437772D-1,1D0,1D0,1D0,1D0,1D0,1D0,1D0,    2829P   3066
1D0,1D0,1D0,1D0,1D0,1D0,1D0,1D0,1D0,1D0,1D0,1D0,1D0,1D0,1D0,1D0,    2829P   3067
1D0,1D0,1D0,1.028275496848D0,0D0,0D0,1.042925548006D0,              2829P   3068
-8.447625136897D-2,0D0,1.084859270314D0,-2.513600913598D-1,0D0,     2829P   3069
1.183677546354D0,-4.898955072009D-1,0D0,1.316532328692D0,           2829P   3070
-7.114717019949D-1,0D0,1.480449463125D0,-9.111691472439D-1,0D0,     2829P   3071
1.671896422378D0,-1.084661917907D0,0D0,1.886730008903D0,            2829P   3072
-1.228195252543D0,0D0,2.120304679131D0,-1.338660406156D0,0D0,       2829P   3073
2.367567744228D0,-1.413663671009D0,0D0,2.623168837026D0,            2829P   3074
-1.451577675783D0,0D0,2.881570086583D0,-1.451577675783D0,0D0,       2829P   3075
3.137171179382D0,-1.413663671009D0,0D0,3.384434244478D0,            2829P   3076
-1.338660406156D0,0D0,3.618008914706D0,-1.228195252543D0,0D0,       2829P   3077
3.832842501231D0,-1.084661917907D0,0D0,4.024289460484D0,            2829P   3078
-9.111691472439D-1,0D0,4.188206594917D0,-7.114717019949D-1,0D0,     2829P   3079
4.321061377255D0,-4.898955072009D-1,0D0,4.419879653295D0,           2829P   3080
-2.513600913598D-1,0D0,4.461813375603D0,-8.447625136897D-2,0D0,     2829P   3081
4.476463426761D0,0D0,0D0,0D0,1D0,0D0,0D0,1D0;                       2829P   3082
110,4.476463426761D0,0D0,0D0,3.876463426761D0,0D0,0D0;              2831P   3083
102,8,2817,2819,2821,2823,2825,2827,2829,2831;                      2833P   3084
142,0,2803,2833,2815,1;                                             2835P   3085
110,1.253324820997D1,2.407322475177D1,-8.305786853026D-1,           2837P   3086
1.193324820997D1,2.407322475177D1,-8.305786853026D-1;               2837P   3087
110,1.193324820997D1,2.407322475177D1,-8.305786853026D-1,           2839P   3088
1.193324820997D1,2.407322475177D1,-1.430578685303D0;                2839P   3089
110,1.193324820997D1,2.407322475177D1,-1.430578685303D0,            2841P   3090
1.253324820997D1,2.407322475177D1,-1.430578685303D0;                2841P   3091
102,4,2469,2837,2839,2841;                                          2843P   3092
110,2.452369461805D0,0D0,0D0,2.452369461805D0,6D-1,0D0;             2845P   3093
110,2.452369461805D0,6D-1,0D0,3.052369461805D0,6D-1,0D0;            2847P   3094
110,3.052369461805D0,6D-1,0D0,3.052369461805D0,0D0,0D0;             2849P   3095
110,3.052369461805D0,0D0,0D0,2.452369461805D0,0D0,0D0;              2851P   3096
102,4,2845,2847,2849,2851;                                          2853P   3097
142,0,2803,2853,2843,1;                                             2855P   3098
144,2803,1,1,2835,2855;                                             2857P   3099
128,1,1,1,1,0,0,1,0,0,5.050254271947D-1,5.050254271947D-1,          2859P   3100
3.625025427195D0,3.625025427195D0,-2.413676599416D0,                2859P   3101
-2.413676599416D0,-1.789676599416D0,-1.789676599416D0,1D0,1D0,      2859P   3102
1D0,1D0,1.253324820997D1,2.101322475177D1,-8.185786853026D-1,       2859P   3103
1.253324820997D1,2.413322475177D1,-8.185786853026D-1,               2859P   3104
1.253324820997D1,2.101322475177D1,-1.442578685303D0,                2859P   3105
1.253324820997D1,2.413322475177D1,-1.442578685303D0,                2859P   3106
5.050254271947D-1,3.625025427195D0,-2.413676599416D0,               2859P   3107
-1.789676599416D0;                                                  2859P   3108
110,1.253324820997D1,2.107322475177D1,-1.430578685303D0,            2861P   3109
1.253324820997D1,2.107322475177D1,-8.305786853026D-1;               2861P   3110
110,1.253324820997D1,2.407322475177D1,-8.305786853026D-1,           2863P   3111
1.253324820997D1,2.407322475177D1,-1.430578685303D0;                2863P   3112
110,1.253324820997D1,2.407322475177D1,-1.430578685303D0,            2865P   3113
1.253324820997D1,2.107322475177D1,-1.430578685303D0;                2865P   3114
102,4,2861,2439,2863,2865;                                          2867P   3115
110,5.650254271947D-1,-1.801676599416D0,0D0,5.650254271947D-1,      2869P   3116
-2.401676599416D0,0D0;                                              2869P   3117
110,5.650254271947D-1,-2.401676599416D0,0D0,3.565025427195D0,       2871P   3118
-2.401676599416D0,0D0;                                              2871P   3119
110,3.565025427195D0,-2.401676599416D0,0D0,3.565025427195D0,        2873P   3120
-1.801676599416D0,0D0;                                              2873P   3121
110,3.565025427195D0,-1.801676599416D0,0D0,5.650254271947D-1,       2875P   3122
-1.801676599416D0,0D0;                                              2875P   3123
102,4,2869,2871,2873,2875;                                          2877P   3124
142,0,2859,2877,2867,1;                                             2879P   3125
144,2859,1,0,2879;                                                  2881P   3126
128,1,1,1,1,0,0,1,0,0,-6D-2,-6D-2,3.06D0,3.06D0,                    2883P   3127
-2.413676599416D0,-2.413676599416D0,-1.789676599416D0,              2883P   3128
-1.789676599416D0,1D0,1D0,1D0,1D0,1.193324820997D1,                 2883P   3129
2.413322475177D1,-8.185786853026D-1,1.193324820997D1,               2883P   3130
2.101322475177D1,-8.185786853026D-1,1.193324820997D1,               2883P   3131
2.413322475177D1,-1.442578685303D0,1.193324820997D1,                2883P   3132
2.101322475177D1,-1.442578685303D0,-6D-2,3.06D0,                    2883P   3133
-2.413676599416D0,-1.789676599416D0;                                2883P   3134
110,1.193324820997D1,2.407322475177D1,-8.305786853026D-1,           2885P   3135
1.193324820997D1,2.107322475177D1,-8.305786853026D-1;               2885P   3136
102,4,2407,2457,2481,2885;                                          2887P   3137
110,3D0,-2.401676599416D0,0D0,3D0,-1.801676599416D0,0D0;            2889P   3138
110,3D0,-1.801676599416D0,0D0,0D0,-1.801676599416D0,0D0;            2891P   3139
110,0D0,-1.801676599416D0,0D0,0D0,-2.401676599416D0,0D0;            2893P   3140
110,0D0,-2.401676599416D0,0D0,3D0,-2.401676599416D0,0D0;            2895P   3141
102,4,2889,2891,2893,2895;                                          2897P   3142
142,0,2883,2897,2887,1;                                             2899P   3143
144,2883,1,0,2899;                                                  2901P   3144
128,1,1,1,1,0,0,1,0,0,-6D-2,-6D-2,3.06D0,3.06D0,                    2903P   3145
-2.413676599416D0,-2.413676599416D0,-1.789676599416D0,              2903P   3146
-1.789676599416D0,1D0,1D0,1D0,1D0,1.335734217493D1,                 2903P   3147
2.413322475177D1,-8.185786853026D-1,1.335734217493D1,               2903P   3148
2.101322475177D1,-8.185786853026D-1,1.335734217493D1,               2903P   3149
2.413322475177D1,-1.442578685303D0,1.335734217493D1,                2903P   3150
2.101322475177D1,-1.442578685303D0,-6D-2,3.06D0,                    2903P   3151
-2.413676599416D0,-1.789676599416D0;                                2903P   3152
110,1.335734217493D1,2.407322475177D1,-8.305786853026D-1,           2905P   3153
1.335734217493D1,2.107322475177D1,-8.305786853026D-1;               2905P   3154
102,4,2415,2463,2483,2905;                                          2907P   3155
110,3D0,-2.401676599416D0,0D0,3D0,-1.801676599416D0,0D0;            2909P   3156
110,3D0,-1.801676599416D0,0D0,0D0,-1.801676599416D0,0D0;            2911P   3157
110,0D0,-1.801676599416D0,0D0,0D0,-2.401676599416D0,0D0;            2913P   3158
110,0D0,-2.401676599416D0,0D0,3D0,-2.401676599416D0,0D0;            2915P   3159
102,4,2909,2911,2913,2915;                                          2917P   3160
142,0,2903,2917,2907,1;                                             2919P   3161
144,2903,1,0,2919;                                                  2921P   3162
128,1,1,1,1,0,0,1,0,0,-1.82D0,-1.82D0,1.82D0,1.82D0,-1.82D0,        2923P   3163
-1.82D0,1.82D0,1.82D0,1D0,1D0,1D0,1D0,1.041324820997D1,             2923P   3164
2.877322475177D1,6.894213146974D-1,1.405324820997D1,                2923P   3165
2.877322475177D1,6.894213146974D-1,1.041324820997D1,                2923P   3166
2.877322475177D1,-2.950578685303D0,1.405324820997D1,                2923P   3167
2.877322475177D1,-2.950578685303D0,-1.82D0,1.82D0,-1.82D0,          2923P   3168
1.82D0;                                                             2923P   3169
102,2,2487,2491;                                                    2925P   3170
126,24,3,0,0,1,0,0D0,0D0,0D0,0D0,4.545454545455D-2,                 2927P   3171
9.090909090909D-2,1.363636363636D-1,1.818181818182D-1,              2927P   3172
2.272727272727D-1,2.727272727273D-1,3.181818181818D-1,              2927P   3173
3.636363636364D-1,4.090909090909D-1,4.545454545455D-1,5D-1,         2927P   3174
5.454545454545D-1,5.909090909091D-1,6.363636363636D-1,              2927P   3175
6.818181818182D-1,7.272727272727D-1,7.727272727273D-1,              2927P   3176
8.181818181818D-1,8.636363636364D-1,9.090909090909D-1,              2927P   3177
9.545454545455D-1,1D0,1D0,1D0,1D0,1D0,1D0,1D0,1D0,1D0,1D0,1D0,      2927P   3178
1D0,1D0,1D0,1D0,1D0,1D0,1D0,1D0,1D0,1D0,1D0,1D0,1D0,1D0,1D0,1D0,    2927P   3179
1D0,1D0,1.75D0,0D0,0D0,1.750043110975D0,8.330581073019D-2,0D0,      2927P   3180
1.738064580418D0,2.498959602256D-1,0D0,1.684834441825D0,            2927P   3181
4.947112249847D-1,0D0,1.597273875234D0,7.294509866707D-1,0D0,       2927P   3182
1.477206008461D0,9.493424648522D-1,0D0,1.327064185648D0,            2927P   3183
1.149907737204D0,0D0,1.149907779668D0,1.327064292757D0,0D0,         2927P   3184
9.493424021060D-1,1.477205622488D0,0D0,7.294511951917D-1,           2927P   3185
1.597275312020D0,0D0,4.947104536469D-1,1.684829080655D0,0D0,        2927P   3186
2.498988370556D-1,1.738084588313D0,0D0,0D0,1.755957705844D0,0D0,    2927P   3187
-2.498988370556D-1,1.738084588313D0,0D0,-4.947104536469D-1,         2927P   3188
1.684829080655D0,0D0,-7.294511951917D-1,1.597275312020D0,0D0,       2927P   3189
-9.493424021060D-1,1.477205622488D0,0D0,-1.149907779668D0,          2927P   3190
1.327064292757D0,0D0,-1.327064185648D0,1.149907737204D0,0D0,        2927P   3191
-1.477206008461D0,9.493424648522D-1,0D0,-1.597273875234D0,          2927P   3192
7.294509866707D-1,0D0,-1.684834441825D0,4.947112249847D-1,0D0,      2927P   3193
-1.738064580418D0,2.498959602256D-1,0D0,-1.750043110975D0,          2927P   3194
8.330581073019D-2,0D0,-1.75D0,0D0,0D0,0D0,1D0,0D0,0D0,1D0;          2927P   3195
126,24,3,0,0,1,0,0D0,0D0,0D0,0D0,4.545454545455D-2,                 2929P   3196
9.090909090909D-2,1.363636363636D-1,1.818181818182D-1,              2929P   3197
2.272727272727D-1,2.727272727273D-1,3.181818181818D-1,              2929P   3198
3.636363636364D-1,4.090909090909D-1,4.545454545455D-1,5D-1,         2929P   3199
5.454545454545D-1,5.909090909091D-1,6.363636363636D-1,              2929P   3200
6.818181818182D-1,7.272727272727D-1,7.727272727273D-1,              2929P   3201
8.181818181818D-1,8.636363636364D-1,9.090909090909D-1,              2929P   3202
9.545454545455D-1,1D0,1D0,1D0,1D0,1D0,1D0,1D0,1D0,1D0,1D0,1D0,      2929P   3203
1D0,1D0,1D0,1D0,1D0,1D0,1D0,1D0,1D0,1D0,1D0,1D0,1D0,1D0,1D0,1D0,    2929P   3204
1D0,1D0,-1.75D0,0D0,0D0,-1.750043110975D0,-8.330581073019D-2,       2929P   3205
0D0,-1.738064580418D0,-2.498959602256D-1,0D0,-1.684834441825D0,     2929P   3206
-4.947112249847D-1,0D0,-1.597273875234D0,-7.294509866707D-1,0D0,    2929P   3207
-1.477206008461D0,-9.493424648522D-1,0D0,-1.327064185648D0,         2929P   3208
-1.149907737204D0,0D0,-1.149907779668D0,-1.327064292757D0,0D0,      2929P   3209
-9.493424021060D-1,-1.477205622488D0,0D0,-7.294511951917D-1,        2929P   3210
-1.597275312020D0,0D0,-4.947104536469D-1,-1.684829080655D0,0D0,     2929P   3211
-2.498988370556D-1,-1.738084588313D0,0D0,0D0,-1.755957705844D0,     2929P   3212
0D0,2.498988370556D-1,-1.738084588313D0,0D0,4.947104536469D-1,      2929P   3213
-1.684829080655D0,0D0,7.294511951917D-1,-1.597275312020D0,0D0,      2929P   3214
9.493424021060D-1,-1.477205622488D0,0D0,1.149907779668D0,           2929P   3215
-1.327064292757D0,0D0,1.327064185648D0,-1.149907737204D0,0D0,       2929P   3216
1.477206008461D0,-9.493424648522D-1,0D0,1.597273875234D0,           2929P   3217
-7.294509866707D-1,0D0,1.684834441825D0,-4.947112249847D-1,0D0,     2929P   3218
1.738064580418D0,-2.498959602256D-1,0D0,1.750043110975D0,           2929P   3219
-8.330581073019D-2,0D0,1.75D0,0D0,0D0,0D0,1D0,0D0,0D0,1D0;          2929P   3220
102,2,2927,2929;                                                    2931P   3221
142,0,2923,2931,2925,1;                                             2933P   3222
144,2923,1,0,2933;                                                  2935P   3223
406,1,14H00_OTHER_PARTS;                                            2937P   3224
402,200,2393,2395,2399,2403,2405,2407,2409,2411,2413,2415,2417,     2939P   3225
2421,2425,2427,2429,2431,2433,2435,2437,2439,2441,2443,2445,        2939P   3226
2447,2449,2451,2453,2455,2457,2459,2461,2463,2465,2467,2469,        2939P   3227
2471,2475,2479,2481,2483,2487,2491,2493,2497,2499,2501,2503,        2939P   3228
2505,2507,2509,2513,2515,2521,2523,2525,2527,2529,2531,2535,        2939P   3229
2537,2543,2545,2547,2549,2551,2553,2555,2559,2561,2569,2571,        2939P   3230
2573,2575,2577,2579,2583,2585,2591,2593,2595,2597,2599,2601,        2939P   3231
2605,2607,2613,2615,2617,2619,2621,2623,2627,2629,2635,2637,        2939P   3232
2639,2641,2643,2645,2649,2651,2653,2655,2673,2675,2677,2679,        2939P   3233
2681,2683,2685,2687,2689,2691,2695,2697,2699,2701,2719,2721,        2939P   3234
2723,2725,2727,2729,2731,2733,2735,2737,2741,2743,2747,2749,        2939P   3235
2751,2753,2755,2757,2761,2763,2767,2769,2771,2773,2775,2777,        2939P   3236
2781,2783,2787,2789,2791,2793,2795,2797,2801,2803,2815,2817,        2939P   3237
2819,2821,2823,2825,2827,2829,2831,2833,2843,2845,2847,2849,        2939P   3238
2851,2853,2857,2859,2867,2869,2871,2873,2875,2877,2881,2883,        2939P   3239
2887,2889,2891,2893,2895,2897,2901,2903,2907,2909,2911,2913,        2939P   3240
2915,2917,2921,2923,2925,2927,2929,2931,2935,0,1,2937;              2939P   3241
406,1,18H0_ALL_COMPONENTS_1;                                        2941P   3242
402,201,2389,2393,2395,2399,2403,2405,2407,2409,2411,2413,2415,     2943P   3243
2417,2421,2425,2427,2429,2431,2433,2435,2437,2439,2441,2443,        2943P   3244
2445,2447,2449,2451,2453,2455,2457,2459,2461,2463,2465,2467,        2943P   3245
2469,2471,2475,2479,2481,2483,2487,2491,2493,2497,2499,2501,        2943P   3246
2503,2505,2507,2509,2513,2515,2521,2523,2525,2527,2529,2531,        2943P   3247
2535,2537,2543,2545,2547,2549,2551,2553,2555,2559,2561,2569,        2943P   3248
2571,2573,2575,2577,2579,2583,2585,2591,2593,2595,2597,2599,        2943P   3249
2601,2605,2607,2613,2615,2617,2619,2621,2623,2627,2629,2635,        2943P   3250
2637,2639,2641,2643,2645,2649,2651,2653,2655,2673,2675,2677,        2943P   3251
2679,2681,2683,2685,2687,2689,2691,2695,2697,2699,2701,2719,        2943P   3252
2721,2723,2725,2727,2729,2731,2733,2735,2737,2741,2743,2747,        2943P   3253
2749,2751,2753,2755,2757,2761,2763,2767,2769,2771,2773,2775,        2943P   3254
2777,2781,2783,2787,2789,2791,2793,2795,2797,2801,2803,2815,        2943P   3255
2817,2819,2821,2823,2825,2827,2829,2831,2833,2843,2845,2847,        2943P   3256
2849,2851,2853,2857,2859,2867,2869,2871,2873,2875,2877,2881,        2943P   3257
2883,2887,2889,2891,2893,2895,2897,2901,2903,2907,2909,2911,        2943P   3258
2913,2915,2917,2921,2923,2925,2927,2929,2931,2935,0,1,2941;         2943P   3259
406,1,13HEXT-CONNECTOR;                                             2945P   3260
402,200,2393,2395,2399,2403,2405,2407,2409,2411,2413,2415,2417,     2947P   3261
2421,2425,2427,2429,2431,2433,2435,2437,2439,2441,2443,2445,        2947P   3262
2447,2449,2451,2453,2455,2457,2459,2461,2463,2465,2467,2469,        2947P   3263
2471,2475,2479,2481,2483,2487,2491,2493,2497,2499,2501,2503,        2947P   3264
2505,2507,2509,2513,2515,2521,2523,2525,2527,2529,2531,2535,        2947P   3265
2537,2543,2545,2547,2549,2551,2553,2555,2559,2561,2569,2571,        2947P   3266
2573,2575,2577,2579,2583,2585,2591,2593,2595,2597,2599,2601,        2947P   3267
2605,2607,2613,2615,2617,2619,2621,2623,2627,2629,2635,2637,        2947P   3268
2639,2641,2643,2645,2649,2651,2653,2655,2673,2675,2677,2679,        2947P   3269
2681,2683,2685,2687,2689,2691,2695,2697,2699,2701,2719,2721,        2947P   3270
2723,2725,2727,2729,2731,2733,2735,2737,2741,2743,2747,2749,        2947P   3271
2751,2753,2755,2757,2761,2763,2767,2769,2771,2773,2775,2777,        2947P   3272
2781,2783,2787,2789,2791,2793,2795,2797,2801,2803,2815,2817,        2947P   3273
2819,2821,2823,2825,2827,2829,2831,2833,2843,2845,2847,2849,        2947P   3274
2851,2853,2857,2859,2867,2869,2871,2873,2875,2877,2881,2883,        2947P   3275
2887,2889,2891,2893,2895,2897,2901,2903,2907,2909,2911,2913,        2947P   3276
2915,2917,2921,2923,2925,2927,2929,2931,2935,0,1,2945;              2947P   3277
406,1,9HGBSA-100A;                                                  2949P   3278
402,1,2389,0,1,2949;                                                2951P   3279
S      1G      6D   2952P   3279                                        T      1
