 PTC IGES file: gtc01-a-mkt01_prt.igs                                   S      1
1H,,1H;,17HGTC01-A-MKT01_PRT,21Hgtc01-a-mkt01_prt.igs,                  G      1
49HPro/ENGINEER by Parametric Technology Corporation,7H2006170,32,38,7, G      2
38,15,17HGTC01-A-MKT01_PRT,1.,2,2HMM,32768,0.5,15H20080630.105150,      G      3
0.00465196,111.651,3HGRA,7HUnknown,10,0,15H20080630.105150;             G      4
     314       1       1       1       0       0       0       001000200D      1
     314       0       4       1       0                   COLOR       1D      2
     314       2       1       1       0       0       0       001000200D      3
     314       0       1       1       0                   COLOR       2D      4
     314       3       1       1       0       0       0       001000200D      5
     314       0       1       1       0                   COLOR       3D      6
     314       4       1       1       0       0       0       001000200D      7
     314       0       1       1       0                   COLOR       4D      8
     314       5       1       1       0       0       0       001000200D      9
     314       0       8       1       0                   COLOR       5D     10
     314       6       1       1       0       0       0       001000200D     11
     314       0       8       1       0                   COLOR       6D     12
     314       7       1       1       0       0       0       001000200D     13
     314       0       5       1       0                   COLOR       7D     14
     314       8       1       1       0       0       0       001000200D     15
     314       0       5       1       0                   COLOR       8D     16
     314       9       1       1       0       0       0       001000200D     17
     314       0       8       1       0                   COLOR       9D     18
     124      10       1       1       0       0       0       001000000D     19
     124       0       0       2       0                   XFORM       1D     20
     100      12       1       1       0       0      19       001010000D     21
     100       0     -15       1       0                     ARC       1D     22
     124      13       1       1       0       0       0       001000000D     23
     124       0       0       2       0                   XFORM       2D     24
     100      15       1       1       0       0      23       001010000D     25
     100       0     -15       1       0                     ARC       2D     26
     124      16       1       1       0       0       0       001000000D     27
     124       0       0       2       0                   XFORM       3D     28
     100      18       1       1       0       0      27       001010000D     29
     100       0     -15       1       0                     ARC       3D     30
     124      19       1       1       0       0       0       001000000D     31
     124       0       0       2       0                   XFORM       4D     32
     100      21       1       1       0       0      31       001010000D     33
     100       0     -15       1       0                     ARC       4D     34
     126      22       1       1       0       0       0       001010000D     35
     126       0     -15       9       0                B_SPLINE       1D     36
     124      31       1       1       0       0       0       001000000D     37
     124       0       0       3       0                   XFORM       5D     38
     100      34       1       1       0       0      37       001010000D     39
     100       0     -15       2       0                     ARC       5D     40
     126      36       1       1       0       0       0       001010000D     41
     126       0     -15       9       0                B_SPLINE       2D     42
     124      45       1       1       0       0       0       001000000D     43
     124       0       0       3       0                   XFORM       6D     44
     100      48       1       1       0       0      43       001010000D     45
     100       0     -15       2       0                     ARC       6D     46
     124      50       1       1       0       0       0       001000000D     47
     124       0       0       2       0                   XFORM       7D     48
     100      52       1       1       0       0      47       001010000D     49
     100       0     -15       1       0                     ARC       7D     50
     126      53       1       1       0       0       0       001010000D     51
     126       0     -15      42       0                B_SPLINE       3D     52
     124      95       1       1       0       0       0       001000000D     53
     124       0       0       4       0                   XFORM       8D     54
     100      99       1       1       0       0      53       001010000D     55
     100       0     -15       2       0                     ARC       8D     56
     110     101       1       1       0       0       0       001010000D     57
     110       0     -15       2       0                    LINE       1D     58
     110     103       1       1       0       0       0       001010000D     59
     110       0     -15       2       0                    LINE       2D     60
     124     105       1       1       0       0       0       001000000D     61
     124       0       0       2       0                   XFORM       9D     62
     100     107       1       1       0       0      61       001010000D     63
     100       0     -15       1       0                     ARC       9D     64
     126     108       1       1       0       0       0       001010000D     65
     126       0     -15      16       0                B_SPLINE       4D     66
     124     124       1       1       0       0       0       001000000D     67
     124       0       0       4       0                   XFORM      10D     68
     100     128       1       1       0       0      67       001010000D     69
     100       0     -15       2       0                     ARC      10D     70
     124     130       1       1       0       0       0       001000000D     71
     124       0       0       3       0                   XFORM      11D     72
     100     133       1       1       0       0      71       001010000D     73
     100       0     -15       2       0                     ARC      11D     74
     124     135       1       1       0       0       0       001000000D     75
     124       0       0       3       0                   XFORM      12D     76
     100     138       1       1       0       0      75       001010000D     77
     100       0     -15       2       0                     ARC      12D     78
     110     140       1       1       0       0       0       001010000D     79
     110       0     -15       2       0                    LINE       3D     80
     110     142       1       1       0       0       0       001010000D     81
     110       0     -15       2       0                    LINE       4D     82
     110     144       1       1       0       0       0       001010000D     83
     110       0     -15       2       0                    LINE       5D     84
     110     146       1       1       0       0       0       001010000D     85
     110       0     -15       1       0                    LINE       6D     86
     124     147       1       1       0       0       0       001000000D     87
     124       0       0       2       0                   XFORM      13D     88
     100     149       1       1       0       0      87       001010000D     89
     100       0     -15       1       0                     ARC      13D     90
     110     150       1       1       0       0       0       001010000D     91
     110       0     -15       1       0                    LINE       7D     92
     124     151       1       1       0       0       0       001000000D     93
     124       0       0       2       0                   XFORM      14D     94
     100     153       1       1       0       0      93       001010000D     95
     100       0     -15       1       0                     ARC      14D     96
     110     154       1       1       0       0       0       001010000D     97
     110       0     -15       1       0                    LINE       8D     98
     126     155       1       1       0       0       0       001010000D     99
     126       0     -15       8       0                B_SPLINE       5D    100
     110     163       1       1       0       0       0       001010000D    101
     110       0     -15       2       0                    LINE       9D    102
     126     165       1       1       0       0       0       001010000D    103
     126       0     -15       7       0                B_SPLINE       6D    104
     126     172       1       1       0       0       0       001010000D    105
     126       0     -15       7       0                B_SPLINE       7D    106
     110     179       1       1       0       0       0       001010000D    107
     110       0     -15       1       0                    LINE      10D    108
     110     180       1       1       0       0       0       001010000D    109
     110       0     -15       1       0                    LINE      11D    110
     110     181       1       1       0       0       0       001010000D    111
     110       0     -15       1       0                    LINE      12D    112
     110     182       1       1       0       0       0       001010000D    113
     110       0     -15       1       0                    LINE      13D    114
     110     183       1       1       0       0       0       001010000D    115
     110       0     -15       1       0                    LINE      14D    116
     110     184       1       1       0       0       0       001010000D    117
     110       0     -15       1       0                    LINE      15D    118
     110     185       1       1       0       0       0       001010000D    119
     110       0     -15       1       0                    LINE      16D    120
     110     186       1       1       0       0       0       001010000D    121
     110       0     -15       1       0                    LINE      17D    122
     110     187       1       1       0       0       0       001010000D    123
     110       0     -15       1       0                    LINE      18D    124
     110     188       1       1       0       0       0       001010000D    125
     110       0     -15       1       0                    LINE      19D    126
     110     189       1       1       0       0       0       001010000D    127
     110       0     -15       1       0                    LINE      20D    128
     110     190       1       1       0       0       0       001010000D    129
     110       0     -15       1       0                    LINE      21D    130
     110     191       1       1       0       0       0       001010000D    131
     110       0     -15       1       0                    LINE      22D    132
     126     192       1       1       0       0       0       001010000D    133
     126       0     -15       6       0                B_SPLINE       8D    134
     126     198       1       1       0       0       0       001010000D    135
     126       0     -15      14       0                B_SPLINE       9D    136
     126     212       1       1       0       0       0       001010000D    137
     126       0     -15      10       0                B_SPLINE      10D    138
     126     222       1       1       0       0       0       001010000D    139
     126       0     -15      16       0                B_SPLINE      11D    140
     126     238       1       1       0       0       0       001010000D    141
     126       0     -15      10       0                B_SPLINE      12D    142
     126     248       1       1       0       0       0       001010000D    143
     126       0     -15      13       0                B_SPLINE      13D    144
     124     261       1       1       0       0       0       001000000D    145
     124       0       0       3       0                   XFORM      15D    146
     100     264       1       1       0       0     145       001010000D    147
     100       0     -15       2       0                     ARC      15D    148
     126     266       1       1       0       0       0       001010000D    149
     126       0     -15      13       0                B_SPLINE      14D    150
     126     279       1       1       0       0       0       001010000D    151
     126       0     -15       7       0                B_SPLINE      15D    152
     110     286       1       1       0       0       0       001010000D    153
     110       0     -15       1       0                    LINE      23D    154
     126     287       1       1       0       0       0       001010000D    155
     126       0     -15       9       0                B_SPLINE      16D    156
     126     296       1       1       0       0       0       001010000D    157
     126       0     -15      10       0                B_SPLINE      17D    158
     126     306       1       1       0       0       0       001010000D    159
     126       0     -15      10       0                B_SPLINE      18D    160
     126     316       1       1       0       0       0       001010000D    161
     126       0     -15      10       0                B_SPLINE      19D    162
     124     326       1       1       0       0       0       001000000D    163
     124       0       0       3       0                   XFORM      16D    164
     100     329       1       1       0       0     163       001010000D    165
     100       0     -15       2       0                     ARC      16D    166
     126     331       1       1       0       0       0       001010000D    167
     126       0     -15       8       0                B_SPLINE      20D    168
     124     339       1       1       0       0       0       001000000D    169
     124       0       0       3       0                   XFORM      17D    170
     100     342       1       1       0       0     169       001010000D    171
     100       0     -15       2       0                     ARC      17D    172
     126     344       1       1       0       0       0       001010000D    173
     126       0     -15       8       0                B_SPLINE      21D    174
     126     352       1       1       0       0       0       001010000D    175
     126       0     -15       6       0                B_SPLINE      22D    176
     110     358       1       1       0       0       0       001010000D    177
     110       0     -15       2       0                    LINE      24D    178
     126     360       1       1       0       0       0       001010000D    179
     126       0     -15       8       0                B_SPLINE      23D    180
     126     368       1       1       0       0       0       001010000D    181
     126       0     -15       9       0                B_SPLINE      24D    182
     126     377       1       1       0       0       0       001010000D    183
     126       0     -15       8       0                B_SPLINE      25D    184
     126     385       1       1       0       0       0       001010000D    185
     126       0     -15       7       0                B_SPLINE      26D    186
     126     392       1       1       0       0       0       001010000D    187
     126       0     -15       7       0                B_SPLINE      27D    188
     110     399       1       1       0       0       0       001010000D    189
     110       0     -15       2       0                    LINE      25D    190
     126     401       1       1       0       0       0       001010000D    191
     126       0     -15       8       0                B_SPLINE      28D    192
     110     409       1       1       0       0       0       001010000D    193
     110       0     -15       1       0                    LINE      26D    194
     126     410       1       1       0       0       0       001010000D    195
     126       0     -15       8       0                B_SPLINE      29D    196
     110     418       1       1       0       0       0       001010000D    197
     110       0     -15       1       0                    LINE      27D    198
     110     419       1       1       0       0       0       001010000D    199
     110       0     -15       2       0                    LINE      28D    200
     110     421       1       1       0       0       0       001010000D    201
     110       0     -15       2       0                    LINE      29D    202
     110     423       1       1       0       0       0       001010000D    203
     110       0     -15       2       0                    LINE      30D    204
     110     425       1       1       0       0       0       001010000D    205
     110       0     -15       2       0                    LINE      31D    206
     110     427       1       1       0       0       0       001010000D    207
     110       0     -15       2       0                    LINE      32D    208
     110     429       1       1       0       0       0       001010000D    209
     110       0     -15       2       0                    LINE      33D    210
     110     431       1       1       0       0       0       001010000D    211
     110       0     -15       2       0                    LINE      34D    212
     110     433       1       1       0       0       0       001010000D    213
     110       0     -15       2       0                    LINE      35D    214
     110     435       1       1       0       0       0       001010000D    215
     110       0     -15       2       0                    LINE      36D    216
     110     437       1       1       0       0       0       001010000D    217
     110       0     -15       2       0                    LINE      37D    218
     110     439       1       1       0       0       0       001010000D    219
     110       0     -15       2       0                    LINE      38D    220
     110     441       1       1       0       0       0       001010000D    221
     110       0     -15       2       0                    LINE      39D    222
     110     443       1       1       0       0       0       001010000D    223
     110       0     -15       2       0                    LINE      40D    224
     110     445       1       1       0       0       0       001010000D    225
     110       0     -15       2       0                    LINE      41D    226
     110     447       1       1       0       0       0       001010000D    227
     110       0     -15       2       0                    LINE      42D    228
     110     449       1       1       0       0       0       001010000D    229
     110       0     -15       2       0                    LINE      43D    230
     110     451       1       1       0       0       0       001010000D    231
     110       0     -15       2       0                    LINE      44D    232
     110     453       1       1       0       0       0       001010000D    233
     110       0     -15       2       0                    LINE      45D    234
     110     455       1       1       0       0       0       001010000D    235
     110       0     -15       2       0                    LINE      46D    236
     110     457       1       1       0       0       0       001010000D    237
     110       0     -15       2       0                    LINE      47D    238
     110     459       1       1       0       0       0       001010000D    239
     110       0     -15       1       0                    LINE      48D    240
     110     460       1       1       0       0       0       001010000D    241
     110       0     -15       2       0                    LINE      49D    242
     110     462       1       1       0       0       0       001010000D    243
     110       0     -15       2       0                    LINE      50D    244
     124     464       1       1       0       0       0       001000000D    245
     124       0       0       2       0                   XFORM      18D    246
     100     466       1       1       0       0     245       001010000D    247
     100       0     -15       1       0                     ARC      18D    248
     110     467       1       1       0       0       0       001010000D    249
     110       0     -15       1       0                    LINE      51D    250
     124     468       1       1       0       0       0       001000000D    251
     124       0       0       2       0                   XFORM      19D    252
     100     470       1       1       0       0     251       001010000D    253
     100       0     -15       1       0                     ARC      19D    254
     110     471       1       1       0       0       0       001010000D    255
     110       0     -15       1       0                    LINE      52D    256
     126     472       1       1       0       0       0       001010000D    257
     126       0     -15       8       0                B_SPLINE      30D    258
     124     480       1       1       0       0       0       001000000D    259
     124       0       0       3       0                   XFORM      20D    260
     100     483       1       1       0       0     259       001010000D    261
     100       0     -15       2       0                     ARC      20D    262
     124     485       1       1       0       0       0       001000000D    263
     124       0       0       3       0                   XFORM      21D    264
     100     488       1       1       0       0     263       001010000D    265
     100       0     -15       2       0                     ARC      21D    266
     110     490       1       1       0       0       0       001010000D    267
     110       0     -15       2       0                    LINE      53D    268
     110     492       1       1       0       0       0       001010000D    269
     110       0     -15       2       0                    LINE      54D    270
     110     494       1       1       0       0       0       001010000D    271
     110       0     -15       2       0                    LINE      55D    272
     110     496       1       1       0       0       0       001010000D    273
     110       0     -15       2       0                    LINE      56D    274
     110     498       1       1       0       0       0       001010000D    275
     110       0     -15       2       0                    LINE      57D    276
     110     500       1       1       0       0       0       001010000D    277
     110       0     -15       2       0                    LINE      58D    278
     124     502       1       1       0       0       0       001000000D    279
     124       0       0       2       0                   XFORM      22D    280
     100     504       1       1       0       0     279       001010000D    281
     100       0     -15       1       0                     ARC      22D    282
     124     505       1       1       0       0       0       001000000D    283
     124       0       0       2       0                   XFORM      23D    284
     100     507       1       1       0       0     283       001010000D    285
     100       0     -15       1       0                     ARC      23D    286
     124     508       1       1       0       0       0       001000000D    287
     124       0       0       2       0                   XFORM      24D    288
     100     510       1       1       0       0     287       001010000D    289
     100       0     -15       1       0                     ARC      24D    290
     124     511       1       1       0       0       0       001000000D    291
     124       0       0       2       0                   XFORM      25D    292
     100     513       1       1       0       0     291       001010000D    293
     100       0     -15       1       0                     ARC      25D    294
     126     514       1       1       0       0       0       001010000D    295
     126       0     -15       9       0                B_SPLINE      31D    296
     124     523       1       1       0       0       0       001000000D    297
     124       0       0       3       0                   XFORM      26D    298
     100     526       1       1       0       0     297       001010000D    299
     100       0     -15       2       0                     ARC      26D    300
     126     528       1       1       0       0       0       001010000D    301
     126       0     -15       9       0                B_SPLINE      32D    302
     124     537       1       1       0       0       0       001000000D    303
     124       0       0       3       0                   XFORM      27D    304
     100     540       1       1       0       0     303       001010000D    305
     100       0     -15       2       0                     ARC      27D    306
     110     542       1       1       0       0       0       001010000D    307
     110       0     -15       2       0                    LINE      59D    308
     110     544       1       1       0       0       0       001010000D    309
     110       0     -15       2       0                    LINE      60D    310
     110     546       1       1       0       0       0       001010000D    311
     110       0     -15       2       0                    LINE      61D    312
     110     548       1       1       0       0       0       001010000D    313
     110       0     -15       2       0                    LINE      62D    314
     110     550       1       1       0       0       0       001010000D    315
     110       0     -15       2       0                    LINE      63D    316
     110     552       1       1       0       0       0       001010000D    317
     110       0     -15       2       0                    LINE      64D    318
     110     554       1       1       0       0       0       001010000D    319
     110       0     -15       2       0                    LINE      65D    320
     126     556       1       1       0       0       0       001010000D    321
     126       0     -15       9       0                B_SPLINE      33D    322
     120     565       1       1       0       0       0       001010000D    323
     120       0     -15       1       0                    SREV       1D    324
     102     566       1       1       0       0       0       001010000D    325
     102       0       0       1       0                  CCURVE       1D    326
     126     567       1       1       0       0       0       001010500D    327
     126       0     -15      32       0                B_SPLINE      34D    328
     126     599       1       1       0       0       0       001010500D    329
     126       0     -15      14       0                B_SPLINE      35D    330
     102     613       1       1       0       0       0       001010500D    331
     102       0       0       1       0                  CCURVE       2D    332
     142     614       1       1       0       0       0       001010500D    333
     142       0       0       1       0                  UV_BND       1D    334
     102     615       1       1       0       0       0       001010000D    335
     102       0       0       1       0                  CCURVE       3D    336
     126     616       1       1       0       0       0       001010500D    337
     126       0     -15      21       0                B_SPLINE      36D    338
     126     637       1       1       0       0       0       001010500D    339
     126       0     -15      21       0                B_SPLINE      37D    340
     102     658       1       1       0       0       0       001010500D    341
     102       0       0       1       0                  CCURVE       4D    342
     142     659       1       1       0       0       0       001010500D    343
     142       0       0       1       0                  UV_BND       2D    344
     144     660       1       1       0       0       0       000000000D    345
     144       0     -15       1       0                 TRM_SRF       1D    346
     110     661       1       1       0       0       0       001010000D    347
     110       0     -15       2       0                    LINE      66D    348
     126     663       1       1       0       0       0       001010000D    349
     126       0     -15       9       0                B_SPLINE      38D    350
     120     672       1       1       0       0       0       001010000D    351
     120       0     -15       1       0                    SREV       2D    352
     124     673       1       1       0       0       0       001000000D    353
     124       0       0       2       0                   XFORM      28D    354
     100     675       1       1       0       0     353       001010000D    355
     100       0       0       1       0                     ARC      28D    356
     124     676       1       1       0       0       0       001000000D    357
     124       0       0       2       0                   XFORM      29D    358
     100     678       1       1       0       0     357       001010000D    359
     100       0       0       1       0                     ARC      29D    360
     102     679       1       1       0       0       0       001010000D    361
     102       0       0       1       0                  CCURVE       5D    362
     126     680       1       1       0       0       0       001010500D    363
     126       0     -15      19       0                B_SPLINE      39D    364
     126     699       1       1       0       0       0       001010500D    365
     126       0     -15      19       0                B_SPLINE      40D    366
     102     718       1       1       0       0       0       001010500D    367
     102       0       0       1       0                  CCURVE       6D    368
     142     719       1       1       0       0       0       001010500D    369
     142       0       0       1       0                  UV_BND       3D    370
     102     720       1       1       0       0       0       001010000D    371
     102       0       0       1       0                  CCURVE       7D    372
     126     721       1       1       0       0       0       001010500D    373
     126       0     -15       7       0                B_SPLINE      41D    374
     110     728       1       1       0       0       0       001010500D    375
     110       0     -15       2       0                    LINE      67D    376
     126     730       1       1       0       0       0       001010500D    377
     126       0     -15       7       0                B_SPLINE      42D    378
     110     737       1       1       0       0       0       001010500D    379
     110       0     -15       2       0                    LINE      68D    380
     102     739       1       1       0       0       0       001010500D    381
     102       0       0       1       0                  CCURVE       8D    382
     142     740       1       1       0       0       0       001010500D    383
     142       0       0       1       0                  UV_BND       4D    384
     144     741       1       1       0       0       0       000000000D    385
     144       0     -15       1       0                 TRM_SRF       2D    386
     128     742       1       1       0       0       0       001010000D    387
     128       0     -15     184       0                  SPLSRF       1D    388
     124     926       1       1       0       0       0       001000000D    389
     124       0       0       4       0                   XFORM      30D    390
     100     930       1       1       0       0     389       001010000D    391
     100       0       0       2       0                     ARC      30D    392
     102     932       1       1       0       0       0       001010000D    393
     102       0       0       1       0                  CCURVE       9D    394
     126     933       1       1       0       0       0       001010500D    395
     126       0     -15      32       0                B_SPLINE      43D    396
     110     965       1       1       0       0       0       001010500D    397
     110       0     -15       2       0                    LINE      69D    398
     126     967       1       1       0       0       0       001010500D    399
     126       0     -15      32       0                B_SPLINE      44D    400
     110     999       1       1       0       0       0       001010500D    401
     110       0     -15       2       0                    LINE      70D    402
     102    1001       1       1       0       0       0       001010500D    403
     102       0       0       1       0                  CCURVE      10D    404
     142    1002       1       1       0       0       0       001010500D    405
     142       0       0       1       0                  UV_BND       5D    406
     144    1003       1       1       0       0       0       000000000D    407
     144       0     -15       1       0                 TRM_SRF       3D    408
     110    1004       1       1       0       0       0       001010000D    409
     110       0     -15       2       0                    LINE      71D    410
     110    1006       1       1       0       0       0       001010000D    411
     110       0     -15       2       0                    LINE      72D    412
     120    1008       1       1       0       0       0       001010000D    413
     120       0     -15       1       0                    SREV       3D    414
     110    1009       1       1       0       0       0       001010000D    415
     110       0       0       2       0                    LINE      73D    416
     102    1011       1       1       0       0       0       001010000D    417
     102       0       0       1       0                  CCURVE      11D    418
     126    1012       1       1       0       0       0       001010500D    419
     126       0     -15      32       0                B_SPLINE      45D    420
     110    1044       1       1       0       0       0       001010500D    421
     110       0     -15       1       0                    LINE      74D    422
     110    1045       1       1       0       0       0       001010500D    423
     110       0     -15       2       0                    LINE      75D    424
     110    1047       1       1       0       0       0       001010500D    425
     110       0     -15       2       0                    LINE      76D    426
     102    1049       1       1       0       0       0       001010500D    427
     102       0       0       1       0                  CCURVE      12D    428
     142    1050       1       1       0       0       0       001010500D    429
     142       0       0       1       0                  UV_BND       6D    430
     144    1051       1       1       0       0       0       000000000D    431
     144       0     -15       1       0                 TRM_SRF       4D    432
     110    1052       1       1       0       0       0       001010000D    433
     110       0     -15       2       0                    LINE      77D    434
     110    1054       1       1       0       0       0       001010000D    435
     110       0     -15       2       0                    LINE      78D    436
     120    1056       1       1       0       0       0       001010000D    437
     120       0     -15       1       0                    SREV       4D    438
     110    1057       1       1       0       0       0       001010000D    439
     110       0       0       2       0                    LINE      79D    440
     102    1059       1       1       0       0       0       001010000D    441
     102       0       0       1       0                  CCURVE      13D    442
     126    1060       1       1       0       0       0       001010500D    443
     126       0     -15      14       0                B_SPLINE      46D    444
     110    1074       1       1       0       0       0       001010500D    445
     110       0     -15       1       0                    LINE      80D    446
     110    1075       1       1       0       0       0       001010500D    447
     110       0     -15       2       0                    LINE      81D    448
     110    1077       1       1       0       0       0       001010500D    449
     110       0     -15       2       0                    LINE      82D    450
     102    1079       1       1       0       0       0       001010500D    451
     102       0       0       1       0                  CCURVE      14D    452
     142    1080       1       1       0       0       0       001010500D    453
     142       0       0       1       0                  UV_BND       7D    454
     144    1081       1       1       0       0       0       000000000D    455
     144       0     -15       1       0                 TRM_SRF       5D    456
     128    1082       1       1       0       0       0       001010000D    457
     128       0     -15      77       0                  SPLSRF       2D    458
     124    1159       1       1       0       0       0       001000000D    459
     124       0       0       4       0                   XFORM      31D    460
     100    1163       1       1       0       0     459       001010000D    461
     100       0       0       2       0                     ARC      31D    462
     102    1165       1       1       0       0       0       001010000D    463
     102       0       0       1       0                  CCURVE      15D    464
     126    1166       1       1       0       0       0       001010500D    465
     126       0     -15      14       0                B_SPLINE      47D    466
     110    1180       1       1       0       0       0       001010500D    467
     110       0     -15       2       0                    LINE      83D    468
     126    1182       1       1       0       0       0       001010500D    469
     126       0     -15      14       0                B_SPLINE      48D    470
     110    1196       1       1       0       0       0       001010500D    471
     110       0     -15       2       0                    LINE      84D    472
     102    1198       1       1       0       0       0       001010500D    473
     102       0       0       1       0                  CCURVE      16D    474
     142    1199       1       1       0       0       0       001010500D    475
     142       0       0       1       0                  UV_BND       8D    476
     144    1200       1       1       0       0       0       000000000D    477
     144       0     -15       1       0                 TRM_SRF       6D    478
     128    1201       1       1       0       0       0       001010000D    479
     128       0     -15       8       0                  SPLSRF       3D    480
     110    1209       1       1       0       0       0       001010000D    481
     110       0       0       2       0                    LINE      85D    482
     124    1211       1       1       0       0       0       001000000D    483
     124       0       0       3       0                   XFORM      32D    484
     100    1214       1       1       0       0     483       001010000D    485
     100       0       0       2       0                     ARC      32D    486
     124    1216       1       1       0       0       0       001000000D    487
     124       0       0       2       0                   XFORM      33D    488
     100    1218       1       1       0       0     487       001010000D    489
     100       0       0       1       0                     ARC      33D    490
     102    1219       1       1       0       0       0       001010000D    491
     102       0       0       1       0                  CCURVE      17D    492
     110    1220       1       1       0       0       0       001010500D    493
     110       0     -15       2       0                    LINE      86D    494
     126    1222       1       1       0       0       0       001010500D    495
     126       0     -15      12       0                B_SPLINE      49D    496
     110    1234       1       1       0       0       0       001010500D    497
     110       0     -15       2       0                    LINE      87D    498
     126    1236       1       1       0       0       0       001010500D    499
     126       0     -15      40       0                B_SPLINE      50D    500
     110    1276       1       1       0       0       0       001010500D    501
     110       0     -15       2       0                    LINE      88D    502
     126    1278       1       1       0       0       0       001010500D    503
     126       0     -15      10       0                B_SPLINE      51D    504
     110    1288       1       1       0       0       0       001010500D    505
     110       0     -15       2       0                    LINE      89D    506
     110    1290       1       1       0       0       0       001010500D    507
     110       0     -15       2       0                    LINE      90D    508
     102    1292       1       1       0       0       0       001010500D    509
     102       0       0       1       0                  CCURVE      18D    510
     142    1293       1       1       0       0       0       001010500D    511
     142       0       0       1       0                  UV_BND       9D    512
     124    1294       1       1       0       0       0       001000000D    513
     124       0       0       3       0                   XFORM      34D    514
     100    1297       1       1       0       0     513       001010000D    515
     100       0       0       2       0                     ARC      34D    516
     124    1299       1       1       0       0       0       001000000D    517
     124       0       0       3       0                   XFORM      35D    518
     100    1302       1       1       0       0     517       001010000D    519
     100       0       0       2       0                     ARC      35D    520
     102    1304       1       1       0       0       0       001010000D    521
     102       0       0       1       0                  CCURVE      19D    522
     126    1305       1       1       0       0       0       001010500D    523
     126       0     -15      32       0                B_SPLINE      52D    524
     126    1337       1       1       0       0       0       001010500D    525
     126       0     -15      13       0                B_SPLINE      53D    526
     102    1350       1       1       0       0       0       001010500D    527
     102       0       0       1       0                  CCURVE      20D    528
     142    1351       1       1       0       0       0       001010500D    529
     142       0       0       1       0                  UV_BND      10D    530
     144    1352       1       1       0       0       0       000000000D    531
     144       0     -15       1       0                 TRM_SRF       7D    532
     128    1353       1       1       0       0       0       001010000D    533
     128       0     -15       9       0                  SPLSRF       4D    534
     110    1362       1       1       0       0       0       001010000D    535
     110       0       0       2       0                    LINE      91D    536
     102    1364       1       1       0       0       0       001010000D    537
     102       0       0       1       0                  CCURVE      21D    538
     110    1365       1       1       0       0       0       001010500D    539
     110       0     -15       2       0                    LINE      92D    540
     110    1367       1       1       0       0       0       001010500D    541
     110       0     -15       1       0                    LINE      93D    542
     110    1368       1       1       0       0       0       001010500D    543
     110       0     -15       2       0                    LINE      94D    544
     110    1370       1       1       0       0       0       001010500D    545
     110       0     -15       2       0                    LINE      95D    546
     102    1372       1       1       0       0       0       001010500D    547
     102       0       0       1       0                  CCURVE      22D    548
     142    1373       1       1       0       0       0       001010500D    549
     142       0       0       1       0                  UV_BND      11D    550
     144    1374       1       1       0       0       0       000000000D    551
     144       0     -15       1       0                 TRM_SRF       8D    552
     110    1375       1       1       0       0       0       001010000D    553
     110       0     -15       2       0                    LINE      96D    554
     110    1377       1       1       0       0       0       001010000D    555
     110       0     -15       2       0                    LINE      97D    556
     120    1379       1       1       0       0       0       001010000D    557
     120       0     -15       1       0                    SREV       5D    558
     124    1380       1       1       0       0       0       001000000D    559
     124       0       0       2       0                   XFORM      36D    560
     100    1382       1       1       0       0     559       001010000D    561
     100       0       0       1       0                     ARC      36D    562
     110    1383       1       1       0       0       0       001010000D    563
     110       0       0       1       0                    LINE      98D    564
     102    1384       1       1       0       0       0       001010000D    565
     102       0       0       1       0                  CCURVE      23D    566
     110    1385       1       1       0       0       0       001010500D    567
     110       0     -15       1       0                    LINE      99D    568
     110    1386       1       1       0       0       0       001010500D    569
     110       0     -15       2       0                    LINE     100D    570
     110    1388       1       1       0       0       0       001010500D    571
     110       0     -15       2       0                    LINE     101D    572
     110    1390       1       1       0       0       0       001010500D    573
     110       0     -15       2       0                    LINE     102D    574
     102    1392       1       1       0       0       0       001010500D    575
     102       0       0       1       0                  CCURVE      24D    576
     142    1393       1       1       0       0       0       001010500D    577
     142       0       0       1       0                  UV_BND      12D    578
     144    1394       1       1       0       0       0       000000000D    579
     144       0     -15       1       0                 TRM_SRF       9D    580
     128    1395       1       1       0       0       0       001010000D    581
     128       0     -15       9       0                  SPLSRF       5D    582
     126    1404       1       1       0       0       0       001010000D    583
     126       0       0       8       0                B_SPLINE      54D    584
     102    1412       1       1       0       0       0       001010000D    585
     102       0       0       1       0                  CCURVE      25D    586
     110    1413       1       1       0       0       0       001010500D    587
     110       0     -15       2       0                    LINE     103D    588
     110    1415       1       1       0       0       0       001010500D    589
     110       0     -15       1       0                    LINE     104D    590
     126    1416       1       1       0       0       0       001010500D    591
     126       0     -15       6       0                B_SPLINE      55D    592
     110    1422       1       1       0       0       0       001010500D    593
     110       0     -15       2       0                    LINE     105D    594
     102    1424       1       1       0       0       0       001010500D    595
     102       0       0       1       0                  CCURVE      26D    596
     142    1425       1       1       0       0       0       001010500D    597
     142       0       0       1       0                  UV_BND      13D    598
     144    1426       1       1       0       0       0       000000000D    599
     144       0     -15       1       0                 TRM_SRF      10D    600
     128    1427       1       1       0       0       0       001010000D    601
     128       0     -15       8       0                  SPLSRF       6D    602
     110    1435       1       1       0       0       0       001010000D    603
     110       0       0       1       0                    LINE     106D    604
     110    1436       1       1       0       0       0       001010000D    605
     110       0       0       1       0                    LINE     107D    606
     110    1437       1       1       0       0       0       001010000D    607
     110       0       0       1       0                    LINE     108D    608
     110    1438       1       1       0       0       0       001010000D    609
     110       0       0       1       0                    LINE     109D    610
     102    1439       1       1       0       0       0       001010000D    611
     102       0       0       1       0                  CCURVE      27D    612
     110    1440       1       1       0       0       0       001010500D    613
     110       0     -15       1       0                    LINE     110D    614
     110    1441       1       1       0       0       0       001010500D    615
     110       0     -15       1       0                    LINE     111D    616
     110    1442       1       1       0       0       0       001010500D    617
     110       0     -15       1       0                    LINE     112D    618
     110    1443       1       1       0       0       0       001010500D    619
     110       0     -15       1       0                    LINE     113D    620
     126    1444       1       1       0       0       0       001010500D    621
     126       0     -15      11       0                B_SPLINE      56D    622
     110    1455       1       1       0       0       0       001010500D    623
     110       0     -15       1       0                    LINE     114D    624
     126    1456       1       1       0       0       0       001010500D    625
     126       0     -15      39       0                B_SPLINE      57D    626
     110    1495       1       1       0       0       0       001010500D    627
     110       0     -15       1       0                    LINE     115D    628
     126    1496       1       1       0       0       0       001010500D    629
     126       0     -15       9       0                B_SPLINE      58D    630
     102    1505       1       1       0       0       0       001010500D    631
     102       0       0       1       0                  CCURVE      28D    632
     142    1506       1       1       0       0       0       001010500D    633
     142       0       0       1       0                  UV_BND      14D    634
     102    1507       1       1       0       0       0       001010000D    635
     102       0       0       1       0                  CCURVE      29D    636
     126    1508       1       1       0       0       0       001010500D    637
     126       0     -15       7       0                B_SPLINE      59D    638
     110    1515       1       1       0       0       0       001010500D    639
     110       0     -15       1       0                    LINE     116D    640
     126    1516       1       1       0       0       0       001010500D    641
     126       0     -15       6       0                B_SPLINE      60D    642
     126    1522       1       1       0       0       0       001010500D    643
     126       0     -15      36       0                B_SPLINE      61D    644
     102    1558       1       1       0       0       0       001010500D    645
     102       0       0       1       0                  CCURVE      30D    646
     142    1559       1       1       0       0       0       001010500D    647
     142       0       0       1       0                  UV_BND      15D    648
     102    1560       1       1       0       0       0       001010000D    649
     102       0       0       1       0                  CCURVE      31D    650
     110    1561       1       1       0       0       0       001010500D    651
     110       0     -15       1       0                    LINE     117D    652
     110    1562       1       1       0       0       0       001010500D    653
     110       0     -15       1       0                    LINE     118D    654
     110    1563       1       1       0       0       0       001010500D    655
     110       0     -15       1       0                    LINE     119D    656
     110    1564       1       1       0       0       0       001010500D    657
     110       0     -15       1       0                    LINE     120D    658
     102    1565       1       1       0       0       0       001010500D    659
     102       0       0       1       0                  CCURVE      32D    660
     142    1566       1       1       0       0       0       001010500D    661
     142       0       0       1       0                  UV_BND      16D    662
     102    1567       1       1       0       0       0       001010000D    663
     102       0       0       1       0                  CCURVE      33D    664
     110    1568       1       1       0       0       0       001010500D    665
     110       0     -15       1       0                    LINE     121D    666
     110    1569       1       1       0       0       0       001010500D    667
     110       0     -15       1       0                    LINE     122D    668
     110    1570       1       1       0       0       0       001010500D    669
     110       0     -15       1       0                    LINE     123D    670
     110    1571       1       1       0       0       0       001010500D    671
     110       0     -15       1       0                    LINE     124D    672
     102    1572       1       1       0       0       0       001010500D    673
     102       0       0       1       0                  CCURVE      34D    674
     142    1573       1       1       0       0       0       001010500D    675
     142       0       0       1       0                  UV_BND      17D    676
     144    1574       1       1       0       0       0       000000000D    677
     144       0     -15       1       0                 TRM_SRF      11D    678
     126    1575       1       1       0       0       0       001010000D    679
     126       0       2      13       0                B_SPLINE      62D    680
     122    1588       1       1       0       0       0       001010000D    681
     122       0       2       1       0                    TCYL       1D    682
     126    1589       1       1       0       0       0       001010000D    683
     126       0       0       6       0                B_SPLINE      63D    684
     126    1595       1       1       0       0       0       001010000D    685
     126       0       0       8       0                B_SPLINE      64D    686
     126    1603       1       1       0       0       0       001010000D    687
     126       0       0       7       0                B_SPLINE      65D    688
     102    1610       1       1       0       0       0       001010000D    689
     102       0       0       1       0                  CCURVE      35D    690
     126    1611       1       1       0       0       0       001010500D    691
     126       0     -15      12       0                B_SPLINE      66D    692
     126    1623       1       1       0       0       0       001010500D    693
     126       0     -15      10       0                B_SPLINE      67D    694
     110    1633       1       1       0       0       0       001010500D    695
     110       0     -15       2       0                    LINE     125D    696
     126    1635       1       1       0       0       0       001010500D    697
     126       0     -15       7       0                B_SPLINE      68D    698
     110    1642       1       1       0       0       0       001010500D    699
     110       0     -15       2       0                    LINE     126D    700
     126    1644       1       1       0       0       0       001010500D    701
     126       0     -15       7       0                B_SPLINE      69D    702
     110    1651       1       1       0       0       0       001010500D    703
     110       0     -15       2       0                    LINE     127D    704
     110    1653       1       1       0       0       0       001010500D    705
     110       0     -15       2       0                    LINE     128D    706
     126    1655       1       1       0       0       0       001010500D    707
     126       0     -15       7       0                B_SPLINE      70D    708
     102    1662       1       1       0       0       0       001010500D    709
     102       0       0       1       0                  CCURVE      36D    710
     142    1663       1       1       0       0       0       001010500D    711
     142       0       0       1       0                  UV_BND      18D    712
     144    1664       1       1       0       0       0       000000000D    713
     144       0       2       1       0                 TRM_SRF      12D    714
     128    1665       1       1       0       0       0       001010000D    715
     128       0     -15      82       0                  SPLSRF       7D    716
     102    1747       1       1       0       0       0       001010000D    717
     102       0       0       1       0                  CCURVE      37D    718
     110    1748       1       1       0       0       0       001010500D    719
     110       0     -15       2       0                    LINE     129D    720
     126    1750       1       1       0       0       0       001010500D    721
     126       0     -15       9       0                B_SPLINE      71D    722
     126    1759       1       1       0       0       0       001010500D    723
     126       0     -15      14       0                B_SPLINE      72D    724
     126    1773       1       1       0       0       0       001010500D    725
     126       0     -15       9       0                B_SPLINE      73D    726
     102    1782       1       1       0       0       0       001010500D    727
     102       0       0       1       0                  CCURVE      38D    728
     142    1783       1       1       0       0       0       001010500D    729
     142       0       0       1       0                  UV_BND      19D    730
     144    1784       1       1       0       0       0       000000000D    731
     144       0     -15       1       0                 TRM_SRF      13D    732
     128    1785       1       1       0       0       0       001010000D    733
     128       0     -15      32       0                  SPLSRF       8D    734
     126    1817       1       1       0       0       0       001010000D    735
     126       0       0      10       0                B_SPLINE      74D    736
     126    1827       1       1       0       0       0       001010000D    737
     126       0       0      10       0                B_SPLINE      75D    738
     102    1837       1       1       0       0       0       001010000D    739
     102       0       0       1       0                  CCURVE      39D    740
     126    1838       1       1       0       0       0       001010500D    741
     126       0     -15      10       0                B_SPLINE      76D    742
     126    1848       1       1       0       0       0       001010500D    743
     126       0     -15       9       0                B_SPLINE      77D    744
     126    1857       1       1       0       0       0       001010500D    745
     126       0     -15       7       0                B_SPLINE      78D    746
     126    1864       1       1       0       0       0       001010500D    747
     126       0     -15       9       0                B_SPLINE      79D    748
     126    1873       1       1       0       0       0       001010500D    749
     126       0     -15      10       0                B_SPLINE      80D    750
     110    1883       1       1       0       0       0       001010500D    751
     110       0     -15       2       0                    LINE     130D    752
     102    1885       1       1       0       0       0       001010500D    753
     102       0       0       1       0                  CCURVE      40D    754
     142    1886       1       1       0       0       0       001010500D    755
     142       0       0       1       0                  UV_BND      20D    756
     144    1887       1       1       0       0       0       000000000D    757
     144       0     -15       1       0                 TRM_SRF      14D    758
     126    1888       1       1       0       0       0       001010000D    759
     126       0       2      13       0                B_SPLINE      81D    760
     122    1901       1       1       0       0       0       001010000D    761
     122       0       2       1       0                    TCYL       2D    762
     126    1902       1       1       0       0       0       001010000D    763
     126       0       0       7       0                B_SPLINE      82D    764
     110    1909       1       1       0       0       0       001010000D    765
     110       0       0       1       0                    LINE     131D    766
     126    1910       1       1       0       0       0       001010000D    767
     126       0       0       8       0                B_SPLINE      83D    768
     102    1918       1       1       0       0       0       001010000D    769
     102       0       0       1       0                  CCURVE      41D    770
     126    1919       1       1       0       0       0       001010500D    771
     126       0     -15       8       0                B_SPLINE      84D    772
     126    1927       1       1       0       0       0       001010500D    773
     126       0     -15       7       0                B_SPLINE      85D    774
     110    1934       1       1       0       0       0       001010500D    775
     110       0     -15       2       0                    LINE     132D    776
     110    1936       1       1       0       0       0       001010500D    777
     110       0     -15       2       0                    LINE     133D    778
     126    1938       1       1       0       0       0       001010500D    779
     126       0     -15       7       0                B_SPLINE      86D    780
     110    1945       1       1       0       0       0       001010500D    781
     110       0     -15       2       0                    LINE     134D    782
     126    1947       1       1       0       0       0       001010500D    783
     126       0     -15       7       0                B_SPLINE      87D    784
     110    1954       1       1       0       0       0       001010500D    785
     110       0     -15       2       0                    LINE     135D    786
     126    1956       1       1       0       0       0       001010500D    787
     126       0     -15      10       0                B_SPLINE      88D    788
     102    1966       1       1       0       0       0       001010500D    789
     102       0       0       1       0                  CCURVE      42D    790
     142    1967       1       1       0       0       0       001010500D    791
     142       0       0       1       0                  UV_BND      21D    792
     144    1968       1       1       0       0       0       000000000D    793
     144       0       2       1       0                 TRM_SRF      15D    794
     128    1969       1       1       0       0       0       001010000D    795
     128       0     -15      49       0                  SPLSRF       9D    796
     102    2018       1       1       0       0       0       001010000D    797
     102       0       0       1       0                  CCURVE      43D    798
     110    2019       1       1       0       0       0       001010500D    799
     110       0     -15       2       0                    LINE     136D    800
     126    2021       1       1       0       0       0       001010500D    801
     126       0     -15       9       0                B_SPLINE      89D    802
     126    2030       1       1       0       0       0       001010500D    803
     126       0     -15       9       0                B_SPLINE      90D    804
     126    2039       1       1       0       0       0       001010500D    805
     126       0     -15       9       0                B_SPLINE      91D    806
     102    2048       1       1       0       0       0       001010500D    807
     102       0       0       1       0                  CCURVE      44D    808
     142    2049       1       1       0       0       0       001010500D    809
     142       0       0       1       0                  UV_BND      22D    810
     144    2050       1       1       0       0       0       000000000D    811
     144       0     -15       1       0                 TRM_SRF      16D    812
     110    2051       1       1       0       0       0       001010000D    813
     110       0     -15       2       0                    LINE     137D    814
     110    2053       1       1       0       0       0       001010000D    815
     110       0     -15       2       0                    LINE     138D    816
     120    2055       1       1       0       0       0       001010000D    817
     120       0     -15       1       0                    SREV       6D    818
     126    2056       1       1       0       0       0       001010000D    819
     126       0       0       8       0                B_SPLINE      92D    820
     124    2064       1       1       0       0       0       001000000D    821
     124       0       0       3       0                   XFORM      37D    822
     100    2067       1       1       0       0     821       001010000D    823
     100       0       0       2       0                     ARC      37D    824
     126    2069       1       1       0       0       0       001010000D    825
     126       0       0       8       0                B_SPLINE      93D    826
     124    2077       1       1       0       0       0       001000000D    827
     124       0       0       3       0                   XFORM      38D    828
     100    2080       1       1       0       0     827       001010000D    829
     100       0       0       2       0                     ARC      38D    830
     102    2082       1       1       0       0       0       001010000D    831
     102       0       0       1       0                  CCURVE      45D    832
     126    2083       1       1       0       0       0       001010500D    833
     126       0     -15       9       0                B_SPLINE      94D    834
     126    2092       1       1       0       0       0       001010500D    835
     126       0     -15       7       0                B_SPLINE      95D    836
     110    2099       1       1       0       0       0       001010500D    837
     110       0     -15       2       0                    LINE     139D    838
     126    2101       1       1       0       0       0       001010500D    839
     126       0     -15       7       0                B_SPLINE      96D    840
     126    2108       1       1       0       0       0       001010500D    841
     126       0     -15       9       0                B_SPLINE      97D    842
     126    2117       1       1       0       0       0       001010500D    843
     126       0     -15      34       0                B_SPLINE      98D    844
     102    2151       1       1       0       0       0       001010500D    845
     102       0       0       1       0                  CCURVE      46D    846
     142    2152       1       1       0       0       0       001010500D    847
     142       0       0       1       0                  UV_BND      23D    848
     144    2153       1       1       0       0       0       000000000D    849
     144       0     -15       1       0                 TRM_SRF      17D    850
     110    2154       1       1       0       0       0       001010000D    851
     110       0     -15       2       0                    LINE     140D    852
     126    2156       1       1       0       0       0       001010000D    853
     126       0     -15       9       0                B_SPLINE      99D    854
     120    2165       1       1       0       0       0       001010000D    855
     120       0     -15       1       0                    SREV       7D    856
     102    2166       1       1       0       0       0       001010000D    857
     102       0       0       1       0                  CCURVE      47D    858
     126    2167       1       1       0       0       0       001010500D    859
     126       0     -15      14       0                B_SPLINE     100D    860
     126    2181       1       1       0       0       0       001010500D    861
     126       0     -15      34       0                B_SPLINE     101D    862
     126    2215       1       1       0       0       0       001010500D    863
     126       0     -15       9       0                B_SPLINE     102D    864
     126    2224       1       1       0       0       0       001010500D    865
     126       0     -15       7       0                B_SPLINE     103D    866
     102    2231       1       1       0       0       0       001010500D    867
     102       0       0       1       0                  CCURVE      48D    868
     142    2232       1       1       0       0       0       001010500D    869
     142       0       0       1       0                  UV_BND      24D    870
     144    2233       1       1       0       0       0       000000000D    871
     144       0     -15       1       0                 TRM_SRF      18D    872
     126    2234       1       1       0       0       0       001010000D    873
     126       0     -15       9       0                B_SPLINE     104D    874
     122    2243       1       1       0       0       0       001010000D    875
     122       0     -15       1       0                    TCYL       3D    876
     126    2244       1       1       0       0       0       001010000D    877
     126       0       0       6       0                B_SPLINE     105D    878
     102    2250       1       1       0       0       0       001010000D    879
     102       0       0       1       0                  CCURVE      49D    880
     126    2251       1       1       0       0       0       001010500D    881
     126       0     -15       5       0                B_SPLINE     106D    882
     110    2256       1       1       0       0       0       001010500D    883
     110       0     -15       2       0                    LINE     141D    884
     126    2258       1       1       0       0       0       001010500D    885
     126       0     -15       7       0                B_SPLINE     107D    886
     110    2265       1       1       0       0       0       001010500D    887
     110       0     -15       2       0                    LINE     142D    888
     102    2267       1       1       0       0       0       001010500D    889
     102       0       0       1       0                  CCURVE      50D    890
     142    2268       1       1       0       0       0       001010500D    891
     142       0       0       1       0                  UV_BND      25D    892
     144    2269       1       1       0       0       0       000000000D    893
     144       0     -15       1       0                 TRM_SRF      19D    894
     128    2270       1       1       0       0       0       001010000D    895
     128       0     -15       9       0                  SPLSRF      10D    896
     126    2279       1       1       0       0       0       001010000D    897
     126       0       0       9       0                B_SPLINE     108D    898
     126    2288       1       1       0       0       0       001010000D    899
     126       0       0       8       0                B_SPLINE     109D    900
     102    2296       1       1       0       0       0       001010000D    901
     102       0       0       1       0                  CCURVE      51D    902
     110    2297       1       1       0       0       0       001010500D    903
     110       0     -15       1       0                    LINE     143D    904
     126    2298       1       1       0       0       0       001010500D    905
     126       0     -15       6       0                B_SPLINE     110D    906
     126    2304       1       1       0       0       0       001010500D    907
     126       0     -15       7       0                B_SPLINE     111D    908
     126    2311       1       1       0       0       0       001010500D    909
     126       0     -15       7       0                B_SPLINE     112D    910
     102    2318       1       1       0       0       0       001010500D    911
     102       0       0       1       0                  CCURVE      52D    912
     142    2319       1       1       0       0       0       001010500D    913
     142       0       0       1       0                  UV_BND      26D    914
     144    2320       1       1       0       0       0       000000000D    915
     144       0     -15       1       0                 TRM_SRF      20D    916
     128    2321       1       1       0       0       0       001010000D    917
     128       0       2       8       0                  SPLSRF      11D    918
     102    2329       1       1       0       0       0       001010000D    919
     102       0       0       1       0                  CCURVE      53D    920
     110    2330       1       1       0       0       0       001010500D    921
     110       0     -15       1       0                    LINE     144D    922
     126    2331       1       1       0       0       0       001010500D    923
     126       0     -15       6       0                B_SPLINE     113D    924
     110    2337       1       1       0       0       0       001010500D    925
     110       0     -15       1       0                    LINE     145D    926
     126    2338       1       1       0       0       0       001010500D    927
     126       0     -15       6       0                B_SPLINE     114D    928
     102    2344       1       1       0       0       0       001010500D    929
     102       0       0       1       0                  CCURVE      54D    930
     142    2345       1       1       0       0       0       001010500D    931
     142       0       0       1       0                  UV_BND      27D    932
     144    2346       1       1       0       0       0       000000000D    933
     144       0       2       1       0                 TRM_SRF      21D    934
     128    2347       1       1       0       0       0       001010000D    935
     128       0     -15       9       0                  SPLSRF      12D    936
     110    2356       1       1       0       0       0       001010000D    937
     110       0       0       1       0                    LINE     146D    938
     126    2357       1       1       0       0       0       001010000D    939
     126       0       0       8       0                B_SPLINE     115D    940
     102    2365       1       1       0       0       0       001010000D    941
     102       0       0       1       0                  CCURVE      55D    942
     110    2366       1       1       0       0       0       001010500D    943
     110       0     -15       1       0                    LINE     147D    944
     126    2367       1       1       0       0       0       001010500D    945
     126       0     -15       6       0                B_SPLINE     116D    946
     110    2373       1       1       0       0       0       001010500D    947
     110       0     -15       2       0                    LINE     148D    948
     126    2375       1       1       0       0       0       001010500D    949
     126       0     -15       7       0                B_SPLINE     117D    950
     102    2382       1       1       0       0       0       001010500D    951
     102       0       0       1       0                  CCURVE      56D    952
     142    2383       1       1       0       0       0       001010500D    953
     142       0       0       1       0                  UV_BND      28D    954
     144    2384       1       1       0       0       0       000000000D    955
     144       0     -15       1       0                 TRM_SRF      22D    956
     128    2385       1       1       0       0       0       001010000D    957
     128       0     -15       7       0                  SPLSRF      13D    958
     110    2392       1       1       0       0       0       001010000D    959
     110       0       0       1       0                    LINE     149D    960
     110    2393       1       1       0       0       0       001010000D    961
     110       0       0       1       0                    LINE     150D    962
     102    2394       1       1       0       0       0       001010000D    963
     102       0       0       1       0                  CCURVE      57D    964
     110    2395       1       1       0       0       0       001010500D    965
     110       0     -15       1       0                    LINE     151D    966
     110    2396       1       1       0       0       0       001010500D    967
     110       0     -15       1       0                    LINE     152D    968
     110    2397       1       1       0       0       0       001010500D    969
     110       0     -15       1       0                    LINE     153D    970
     110    2398       1       1       0       0       0       001010500D    971
     110       0     -15       1       0                    LINE     154D    972
     102    2399       1       1       0       0       0       001010500D    973
     102       0       0       1       0                  CCURVE      58D    974
     142    2400       1       1       0       0       0       001010500D    975
     142       0       0       1       0                  UV_BND      29D    976
     144    2401       1       1       0       0       0       000000000D    977
     144       0     -15       1       0                 TRM_SRF      23D    978
     128    2402       1       1       0       0       0       001010000D    979
     128       0     -15       8       0                  SPLSRF      14D    980
     110    2410       1       1       0       0       0       001010000D    981
     110       0       0       1       0                    LINE     155D    982
     110    2411       1       1       0       0       0       001010000D    983
     110       0       0       2       0                    LINE     156D    984
     102    2413       1       1       0       0       0       001010000D    985
     102       0       0       1       0                  CCURVE      59D    986
     110    2414       1       1       0       0       0       001010500D    987
     110       0     -15       1       0                    LINE     157D    988
     110    2415       1       1       0       0       0       001010500D    989
     110       0     -15       2       0                    LINE     158D    990
     110    2417       1       1       0       0       0       001010500D    991
     110       0     -15       2       0                    LINE     159D    992
     110    2419       1       1       0       0       0       001010500D    993
     110       0     -15       2       0                    LINE     160D    994
     102    2421       1       1       0       0       0       001010500D    995
     102       0       0       1       0                  CCURVE      60D    996
     142    2422       1       1       0       0       0       001010500D    997
     142       0       0       1       0                  UV_BND      30D    998
     144    2423       1       1       0       0       0       000000000D    999
     144       0     -15       1       0                 TRM_SRF      24D   1000
     128    2424       1       1       0       0       0       001010000D   1001
     128       0     -15       9       0                  SPLSRF      15D   1002
     110    2433       1       1       0       0       0       001010000D   1003
     110       0       0       1       0                    LINE     161D   1004
     110    2434       1       1       0       0       0       001010000D   1005
     110       0       0       2       0                    LINE     162D   1006
     102    2436       1       1       0       0       0       001010000D   1007
     102       0       0       1       0                  CCURVE      61D   1008
     110    2437       1       1       0       0       0       001010500D   1009
     110       0     -15       1       0                    LINE     163D   1010
     110    2438       1       1       0       0       0       001010500D   1011
     110       0     -15       2       0                    LINE     164D   1012
     110    2440       1       1       0       0       0       001010500D   1013
     110       0     -15       2       0                    LINE     165D   1014
     110    2442       1       1       0       0       0       001010500D   1015
     110       0     -15       2       0                    LINE     166D   1016
     102    2444       1       1       0       0       0       001010500D   1017
     102       0       0       1       0                  CCURVE      62D   1018
     142    2445       1       1       0       0       0       001010500D   1019
     142       0       0       1       0                  UV_BND      31D   1020
     144    2446       1       1       0       0       0       000000000D   1021
     144       0     -15       1       0                 TRM_SRF      25D   1022
     128    2447       1       1       0       0       0       001010000D   1023
     128       0     -15       8       0                  SPLSRF      16D   1024
     110    2455       1       1       0       0       0       001010000D   1025
     110       0       0       1       0                    LINE     167D   1026
     110    2456       1       1       0       0       0       001010000D   1027
     110       0       0       2       0                    LINE     168D   1028
     102    2458       1       1       0       0       0       001010000D   1029
     102       0       0       1       0                  CCURVE      63D   1030
     110    2459       1       1       0       0       0       001010500D   1031
     110       0     -15       1       0                    LINE     169D   1032
     110    2460       1       1       0       0       0       001010500D   1033
     110       0     -15       2       0                    LINE     170D   1034
     110    2462       1       1       0       0       0       001010500D   1035
     110       0     -15       2       0                    LINE     171D   1036
     110    2464       1       1       0       0       0       001010500D   1037
     110       0     -15       2       0                    LINE     172D   1038
     102    2466       1       1       0       0       0       001010500D   1039
     102       0       0       1       0                  CCURVE      64D   1040
     142    2467       1       1       0       0       0       001010500D   1041
     142       0       0       1       0                  UV_BND      32D   1042
     144    2468       1       1       0       0       0       000000000D   1043
     144       0     -15       1       0                 TRM_SRF      26D   1044
     128    2469       1       1       0       0       0       001010000D   1045
     128       0     -15       9       0                  SPLSRF      17D   1046
     110    2478       1       1       0       0       0       001010000D   1047
     110       0       0       1       0                    LINE     173D   1048
     110    2479       1       1       0       0       0       001010000D   1049
     110       0       0       2       0                    LINE     174D   1050
     102    2481       1       1       0       0       0       001010000D   1051
     102       0       0       1       0                  CCURVE      65D   1052
     110    2482       1       1       0       0       0       001010500D   1053
     110       0     -15       1       0                    LINE     175D   1054
     110    2483       1       1       0       0       0       001010500D   1055
     110       0     -15       2       0                    LINE     176D   1056
     110    2485       1       1       0       0       0       001010500D   1057
     110       0     -15       2       0                    LINE     177D   1058
     110    2487       1       1       0       0       0       001010500D   1059
     110       0     -15       2       0                    LINE     178D   1060
     102    2489       1       1       0       0       0       001010500D   1061
     102       0       0       1       0                  CCURVE      66D   1062
     142    2490       1       1       0       0       0       001010500D   1063
     142       0       0       1       0                  UV_BND      33D   1064
     144    2491       1       1       0       0       0       000000000D   1065
     144       0     -15       1       0                 TRM_SRF      27D   1066
     128    2492       1       1       0       0       0       001010000D   1067
     128       0     -15       8       0                  SPLSRF      18D   1068
     102    2500       1       1       0       0       0       001010000D   1069
     102       0       0       1       0                  CCURVE      67D   1070
     110    2501       1       1       0       0       0       001010500D   1071
     110       0     -15       2       0                    LINE     179D   1072
     110    2503       1       1       0       0       0       001010500D   1073
     110       0     -15       2       0                    LINE     180D   1074
     110    2505       1       1       0       0       0       001010500D   1075
     110       0     -15       2       0                    LINE     181D   1076
     110    2507       1       1       0       0       0       001010500D   1077
     110       0     -15       2       0                    LINE     182D   1078
     102    2509       1       1       0       0       0       001010500D   1079
     102       0       0       1       0                  CCURVE      68D   1080
     142    2510       1       1       0       0       0       001010500D   1081
     142       0       0       1       0                  UV_BND      34D   1082
     144    2511       1       1       0       0       0       000000000D   1083
     144       0     -15       1       0                 TRM_SRF      28D   1084
     128    2512       1       1       0       0       0       001010000D   1085
     128       0     -15       8       0                  SPLSRF      19D   1086
     102    2520       1       1       0       0       0       001010000D   1087
     102       0       0       1       0                  CCURVE      69D   1088
     110    2521       1       1       0       0       0       001010500D   1089
     110       0     -15       2       0                    LINE     183D   1090
     110    2523       1       1       0       0       0       001010500D   1091
     110       0     -15       2       0                    LINE     184D   1092
     110    2525       1       1       0       0       0       001010500D   1093
     110       0     -15       2       0                    LINE     185D   1094
     110    2527       1       1       0       0       0       001010500D   1095
     110       0     -15       2       0                    LINE     186D   1096
     102    2529       1       1       0       0       0       001010500D   1097
     102       0       0       1       0                  CCURVE      70D   1098
     142    2530       1       1       0       0       0       001010500D   1099
     142       0       0       1       0                  UV_BND      35D   1100
     144    2531       1       1       0       0       0       000000000D   1101
     144       0     -15       1       0                 TRM_SRF      29D   1102
     128    2532       1       1       0       0       0       001010000D   1103
     128       0     -15       9       0                  SPLSRF      20D   1104
     110    2541       1       1       0       0       0       001010000D   1105
     110       0       0       1       0                    LINE     187D   1106
     110    2542       1       1       0       0       0       001010000D   1107
     110       0       0       2       0                    LINE     188D   1108
     102    2544       1       1       0       0       0       001010000D   1109
     102       0       0       1       0                  CCURVE      71D   1110
     110    2545       1       1       0       0       0       001010500D   1111
     110       0     -15       1       0                    LINE     189D   1112
     110    2546       1       1       0       0       0       001010500D   1113
     110       0     -15       2       0                    LINE     190D   1114
     110    2548       1       1       0       0       0       001010500D   1115
     110       0     -15       2       0                    LINE     191D   1116
     110    2550       1       1       0       0       0       001010500D   1117
     110       0     -15       2       0                    LINE     192D   1118
     102    2552       1       1       0       0       0       001010500D   1119
     102       0       0       1       0                  CCURVE      72D   1120
     142    2553       1       1       0       0       0       001010500D   1121
     142       0       0       1       0                  UV_BND      36D   1122
     144    2554       1       1       0       0       0       000000000D   1123
     144       0     -15       1       0                 TRM_SRF      30D   1124
     128    2555       1       1       0       0       0       001010000D   1125
     128       0     -15       8       0                  SPLSRF      21D   1126
     110    2563       1       1       0       0       0       001010000D   1127
     110       0       0       1       0                    LINE     193D   1128
     110    2564       1       1       0       0       0       001010000D   1129
     110       0       0       2       0                    LINE     194D   1130
     102    2566       1       1       0       0       0       001010000D   1131
     102       0       0       1       0                  CCURVE      73D   1132
     110    2567       1       1       0       0       0       001010500D   1133
     110       0     -15       1       0                    LINE     195D   1134
     110    2568       1       1       0       0       0       001010500D   1135
     110       0     -15       2       0                    LINE     196D   1136
     110    2570       1       1       0       0       0       001010500D   1137
     110       0     -15       2       0                    LINE     197D   1138
     110    2572       1       1       0       0       0       001010500D   1139
     110       0     -15       2       0                    LINE     198D   1140
     102    2574       1       1       0       0       0       001010500D   1141
     102       0       0       1       0                  CCURVE      74D   1142
     142    2575       1       1       0       0       0       001010500D   1143
     142       0       0       1       0                  UV_BND      37D   1144
     144    2576       1       1       0       0       0       000000000D   1145
     144       0     -15       1       0                 TRM_SRF      31D   1146
     128    2577       1       1       0       0       0       001010000D   1147
     128       0     -15       9       0                  SPLSRF      22D   1148
     110    2586       1       1       0       0       0       001010000D   1149
     110       0       0       1       0                    LINE     199D   1150
     110    2587       1       1       0       0       0       001010000D   1151
     110       0       0       2       0                    LINE     200D   1152
     102    2589       1       1       0       0       0       001010000D   1153
     102       0       0       1       0                  CCURVE      75D   1154
     110    2590       1       1       0       0       0       001010500D   1155
     110       0     -15       1       0                    LINE     201D   1156
     110    2591       1       1       0       0       0       001010500D   1157
     110       0     -15       2       0                    LINE     202D   1158
     110    2593       1       1       0       0       0       001010500D   1159
     110       0     -15       2       0                    LINE     203D   1160
     110    2595       1       1       0       0       0       001010500D   1161
     110       0     -15       2       0                    LINE     204D   1162
     102    2597       1       1       0       0       0       001010500D   1163
     102       0       0       1       0                  CCURVE      76D   1164
     142    2598       1       1       0       0       0       001010500D   1165
     142       0       0       1       0                  UV_BND      38D   1166
     144    2599       1       1       0       0       0       000000000D   1167
     144       0     -15       1       0                 TRM_SRF      32D   1168
     128    2600       1       1       0       0       0       001010000D   1169
     128       0     -15       8       0                  SPLSRF      23D   1170
     110    2608       1       1       0       0       0       001010000D   1171
     110       0       0       1       0                    LINE     205D   1172
     110    2609       1       1       0       0       0       001010000D   1173
     110       0       0       2       0                    LINE     206D   1174
     102    2611       1       1       0       0       0       001010000D   1175
     102       0       0       1       0                  CCURVE      77D   1176
     110    2612       1       1       0       0       0       001010500D   1177
     110       0     -15       1       0                    LINE     207D   1178
     110    2613       1       1       0       0       0       001010500D   1179
     110       0     -15       2       0                    LINE     208D   1180
     110    2615       1       1       0       0       0       001010500D   1181
     110       0     -15       2       0                    LINE     209D   1182
     110    2617       1       1       0       0       0       001010500D   1183
     110       0     -15       2       0                    LINE     210D   1184
     102    2619       1       1       0       0       0       001010500D   1185
     102       0       0       1       0                  CCURVE      78D   1186
     142    2620       1       1       0       0       0       001010500D   1187
     142       0       0       1       0                  UV_BND      39D   1188
     144    2621       1       1       0       0       0       000000000D   1189
     144       0     -15       1       0                 TRM_SRF      33D   1190
     128    2622       1       1       0       0       0       001010000D   1191
     128       0       2       9       0                  SPLSRF      24D   1192
     110    2631       1       1       0       0       0       001010000D   1193
     110       0       0       1       0                    LINE     211D   1194
     110    2632       1       1       0       0       0       001010000D   1195
     110       0       0       2       0                    LINE     212D   1196
     102    2634       1       1       0       0       0       001010000D   1197
     102       0       0       1       0                  CCURVE      79D   1198
     110    2635       1       1       0       0       0       001010500D   1199
     110       0     -15       1       0                    LINE     213D   1200
     110    2636       1       1       0       0       0       001010500D   1201
     110       0     -15       2       0                    LINE     214D   1202
     110    2638       1       1       0       0       0       001010500D   1203
     110       0     -15       2       0                    LINE     215D   1204
     110    2640       1       1       0       0       0       001010500D   1205
     110       0     -15       2       0                    LINE     216D   1206
     102    2642       1       1       0       0       0       001010500D   1207
     102       0       0       1       0                  CCURVE      80D   1208
     142    2643       1       1       0       0       0       001010500D   1209
     142       0       0       1       0                  UV_BND      40D   1210
     144    2644       1       1       0       0       0       000000000D   1211
     144       0       2       1       0                 TRM_SRF      34D   1212
     128    2645       1       1       0       0       0       001010000D   1213
     128       0       2       8       0                  SPLSRF      25D   1214
     110    2653       1       1       0       0       0       001010000D   1215
     110       0       0       2       0                    LINE     217D   1216
     102    2655       1       1       0       0       0       001010000D   1217
     102       0       0       1       0                  CCURVE      81D   1218
     110    2656       1       1       0       0       0       001010500D   1219
     110       0     -15       1       0                    LINE     218D   1220
     110    2657       1       1       0       0       0       001010500D   1221
     110       0     -15       2       0                    LINE     219D   1222
     110    2659       1       1       0       0       0       001010500D   1223
     110       0     -15       2       0                    LINE     220D   1224
     110    2661       1       1       0       0       0       001010500D   1225
     110       0     -15       2       0                    LINE     221D   1226
     102    2663       1       1       0       0       0       001010500D   1227
     102       0       0       1       0                  CCURVE      82D   1228
     142    2664       1       1       0       0       0       001010500D   1229
     142       0       0       1       0                  UV_BND      41D   1230
     144    2665       1       1       0       0       0       000000000D   1231
     144       0       2       1       0                 TRM_SRF      35D   1232
     128    2666       1       1       0       0       0       001010000D   1233
     128       0     -15       9       0                  SPLSRF      26D   1234
     110    2675       1       1       0       0       0       001010000D   1235
     110       0       0       2       0                    LINE     222D   1236
     110    2677       1       1       0       0       0       001010000D   1237
     110       0       0       2       0                    LINE     223D   1238
     102    2679       1       1       0       0       0       001010000D   1239
     102       0       0       1       0                  CCURVE      83D   1240
     110    2680       1       1       0       0       0       001010500D   1241
     110       0     -15       2       0                    LINE     224D   1242
     110    2682       1       1       0       0       0       001010500D   1243
     110       0     -15       2       0                    LINE     225D   1244
     110    2684       1       1       0       0       0       001010500D   1245
     110       0     -15       2       0                    LINE     226D   1246
     110    2686       1       1       0       0       0       001010500D   1247
     110       0     -15       1       0                    LINE     227D   1248
     110    2687       1       1       0       0       0       001010500D   1249
     110       0     -15       2       0                    LINE     228D   1250
     110    2689       1       1       0       0       0       001010500D   1251
     110       0     -15       2       0                    LINE     229D   1252
     102    2691       1       1       0       0       0       001010500D   1253
     102       0       0       1       0                  CCURVE      84D   1254
     142    2692       1       1       0       0       0       001010500D   1255
     142       0       0       1       0                  UV_BND      42D   1256
     144    2693       1       1       0       0       0       000000000D   1257
     144       0     -15       1       0                 TRM_SRF      36D   1258
     128    2694       1       1       0       0       0       001010000D   1259
     128       0     -15       9       0                  SPLSRF      27D   1260
     102    2703       1       1       0       0       0       001010000D   1261
     102       0       0       1       0                  CCURVE      85D   1262
     110    2704       1       1       0       0       0       001010500D   1263
     110       0     -15       2       0                    LINE     230D   1264
     110    2706       1       1       0       0       0       001010500D   1265
     110       0     -15       2       0                    LINE     231D   1266
     110    2708       1       1       0       0       0       001010500D   1267
     110       0     -15       2       0                    LINE     232D   1268
     110    2710       1       1       0       0       0       001010500D   1269
     110       0     -15       2       0                    LINE     233D   1270
     110    2712       1       1       0       0       0       001010500D   1271
     110       0     -15       2       0                    LINE     234D   1272
     102    2714       1       1       0       0       0       001010500D   1273
     102       0       0       1       0                  CCURVE      86D   1274
     142    2715       1       1       0       0       0       001010500D   1275
     142       0       0       1       0                  UV_BND      43D   1276
     144    2716       1       1       0       0       0       000000000D   1277
     144       0     -15       1       0                 TRM_SRF      37D   1278
     110    2717       1       1       0       0       0       001010000D   1279
     110       0     -15       2       0                    LINE     235D   1280
     110    2719       1       1       0       0       0       001010000D   1281
     110       0     -15       2       0                    LINE     236D   1282
     120    2721       1       1       0       0       0       001010000D   1283
     120       0     -15       1       0                    SREV       8D   1284
     102    2722       1       1       0       0       0       001010000D   1285
     102       0       0       1       0                  CCURVE      87D   1286
     110    2723       1       1       0       0       0       001010500D   1287
     110       0     -15       2       0                    LINE     237D   1288
     110    2725       1       1       0       0       0       001010500D   1289
     110       0     -15       2       0                    LINE     238D   1290
     110    2727       1       1       0       0       0       001010500D   1291
     110       0     -15       2       0                    LINE     239D   1292
     110    2729       1       1       0       0       0       001010500D   1293
     110       0     -15       1       0                    LINE     240D   1294
     102    2730       1       1       0       0       0       001010500D   1295
     102       0       0       1       0                  CCURVE      88D   1296
     142    2731       1       1       0       0       0       001010500D   1297
     142       0       0       1       0                  UV_BND      44D   1298
     144    2732       1       1       0       0       0       000000000D   1299
     144       0     -15       1       0                 TRM_SRF      38D   1300
     128    2733       1       1       0       0       0       001010000D   1301
     128       0     -15       9       0                  SPLSRF      28D   1302
     102    2742       1       1       0       0       0       001010000D   1303
     102       0       0       1       0                  CCURVE      89D   1304
     110    2743       1       1       0       0       0       001010500D   1305
     110       0     -15       2       0                    LINE     241D   1306
     110    2745       1       1       0       0       0       001010500D   1307
     110       0     -15       1       0                    LINE     242D   1308
     126    2746       1       1       0       0       0       001010500D   1309
     126       0     -15       6       0                B_SPLINE     118D   1310
     110    2752       1       1       0       0       0       001010500D   1311
     110       0     -15       2       0                    LINE     243D   1312
     102    2754       1       1       0       0       0       001010500D   1313
     102       0       0       1       0                  CCURVE      90D   1314
     142    2755       1       1       0       0       0       001010500D   1315
     142       0       0       1       0                  UV_BND      45D   1316
     144    2756       1       1       0       0       0       000000000D   1317
     144       0     -15       1       0                 TRM_SRF      39D   1318
     110    2757       1       1       0       0       0       001010000D   1319
     110       0     -15       2       0                    LINE     244D   1320
     110    2759       1       1       0       0       0       001010000D   1321
     110       0     -15       2       0                    LINE     245D   1322
     120    2761       1       1       0       0       0       001010000D   1323
     120       0     -15       1       0                    SREV       9D   1324
     102    2762       1       1       0       0       0       001010000D   1325
     102       0       0       1       0                  CCURVE      91D   1326
     110    2763       1       1       0       0       0       001010500D   1327
     110       0     -15       2       0                    LINE     246D   1328
     126    2765       1       1       0       0       0       001010500D   1329
     126       0     -15       7       0                B_SPLINE     119D   1330
     110    2772       1       1       0       0       0       001010500D   1331
     110       0     -15       2       0                    LINE     247D   1332
     126    2774       1       1       0       0       0       001010500D   1333
     126       0     -15       7       0                B_SPLINE     120D   1334
     102    2781       1       1       0       0       0       001010500D   1335
     102       0       0       1       0                  CCURVE      92D   1336
     142    2782       1       1       0       0       0       001010500D   1337
     142       0       0       1       0                  UV_BND      46D   1338
     144    2783       1       1       0       0       0       000000000D   1339
     144       0     -15       1       0                 TRM_SRF      40D   1340
     128    2784       1       1       0       0       0       001010000D   1341
     128       0       2       8       0                  SPLSRF      29D   1342
     102    2792       1       1       0       0       0       001010000D   1343
     102       0       0       1       0                  CCURVE      93D   1344
     110    2793       1       1       0       0       0       001010500D   1345
     110       0     -15       2       0                    LINE     248D   1346
     110    2795       1       1       0       0       0       001010500D   1347
     110       0     -15       2       0                    LINE     249D   1348
     110    2797       1       1       0       0       0       001010500D   1349
     110       0     -15       2       0                    LINE     250D   1350
     110    2799       1       1       0       0       0       001010500D   1351
     110       0     -15       2       0                    LINE     251D   1352
     102    2801       1       1       0       0       0       001010500D   1353
     102       0       0       1       0                  CCURVE      94D   1354
     142    2802       1       1       0       0       0       001010500D   1355
     142       0       0       1       0                  UV_BND      47D   1356
     144    2803       1       1       0       0       0       000000000D   1357
     144       0       2       1       0                 TRM_SRF      41D   1358
     110    2804       1       1       0       0       0       001010000D   1359
     110       0     -15       2       0                    LINE     252D   1360
     110    2806       1       1       0       0       0       001010000D   1361
     110       0     -15       2       0                    LINE     253D   1362
     120    2808       1       1       0       0       0       001010000D   1363
     120       0     -15       1       0                    SREV      10D   1364
     124    2809       1       1       0       0       0       001000000D   1365
     124       0       0       2       0                   XFORM      39D   1366
     100    2811       1       1       0       0    1365       001010000D   1367
     100       0       0       1       0                     ARC      39D   1368
     110    2812       1       1       0       0       0       001010000D   1369
     110       0       0       2       0                    LINE     254D   1370
     102    2814       1       1       0       0       0       001010000D   1371
     102       0       0       1       0                  CCURVE      95D   1372
     126    2815       1       1       0       0       0       001010500D   1373
     126       0     -15      19       0                B_SPLINE     121D   1374
     110    2834       1       1       0       0       0       001010500D   1375
     110       0     -15       2       0                    LINE     255D   1376
     126    2836       1       1       0       0       0       001010500D   1377
     126       0     -15      19       0                B_SPLINE     122D   1378
     110    2855       1       1       0       0       0       001010500D   1379
     110       0     -15       2       0                    LINE     256D   1380
     102    2857       1       1       0       0       0       001010500D   1381
     102       0       0       1       0                  CCURVE      96D   1382
     142    2858       1       1       0       0       0       001010500D   1383
     142       0       0       1       0                  UV_BND      48D   1384
     144    2859       1       1       0       0       0       000000000D   1385
     144       0     -15       1       0                 TRM_SRF      42D   1386
     110    2860       1       1       0       0       0       001010000D   1387
     110       0     -15       2       0                    LINE     257D   1388
     110    2862       1       1       0       0       0       001010000D   1389
     110       0     -15       2       0                    LINE     258D   1390
     120    2864       1       1       0       0       0       001010000D   1391
     120       0     -15       1       0                    SREV      11D   1392
     124    2865       1       1       0       0       0       001000000D   1393
     124       0       0       2       0                   XFORM      40D   1394
     100    2867       1       1       0       0    1393       001010000D   1395
     100       0       0       1       0                     ARC      40D   1396
     110    2868       1       1       0       0       0       001010000D   1397
     110       0       0       2       0                    LINE     259D   1398
     102    2870       1       1       0       0       0       001010000D   1399
     102       0       0       1       0                  CCURVE      97D   1400
     126    2871       1       1       0       0       0       001010500D   1401
     126       0     -15      19       0                B_SPLINE     123D   1402
     110    2890       1       1       0       0       0       001010500D   1403
     110       0     -15       2       0                    LINE     260D   1404
     126    2892       1       1       0       0       0       001010500D   1405
     126       0     -15      19       0                B_SPLINE     124D   1406
     110    2911       1       1       0       0       0       001010500D   1407
     110       0     -15       2       0                    LINE     261D   1408
     102    2913       1       1       0       0       0       001010500D   1409
     102       0       0       1       0                  CCURVE      98D   1410
     142    2914       1       1       0       0       0       001010500D   1411
     142       0       0       1       0                  UV_BND      49D   1412
     144    2915       1       1       0       0       0       000000000D   1413
     144       0     -15       1       0                 TRM_SRF      43D   1414
     110    2916       1       1       0       0       0       001010000D   1415
     110       0     -15       2       0                    LINE     262D   1416
     126    2918       1       1       0       0       0       001010000D   1417
     126       0     -15       9       0                B_SPLINE     125D   1418
     120    2927       1       1       0       0       0       001010000D   1419
     120       0     -15       1       0                    SREV      12D   1420
     102    2928       1       1       0       0       0       001010000D   1421
     102       0       0       1       0                  CCURVE      99D   1422
     126    2929       1       1       0       0       0       001010500D   1423
     126       0     -15      21       0                B_SPLINE     126D   1424
     126    2950       1       1       0       0       0       001010500D   1425
     126       0     -15      21       0                B_SPLINE     127D   1426
     102    2971       1       1       0       0       0       001010500D   1427
     102       0       0       1       0                  CCURVE     100D   1428
     142    2972       1       1       0       0       0       001010500D   1429
     142       0       0       1       0                  UV_BND      50D   1430
     102    2973       1       1       0       0       0       001010000D   1431
     102       0       0       1       0                  CCURVE     101D   1432
     126    2974       1       1       0       0       0       001010500D   1433
     126       0     -15      19       0                B_SPLINE     128D   1434
     126    2993       1       1       0       0       0       001010500D   1435
     126       0     -15      19       0                B_SPLINE     129D   1436
     102    3012       1       1       0       0       0       001010500D   1437
     102       0       0       1       0                  CCURVE     102D   1438
     142    3013       1       1       0       0       0       001010500D   1439
     142       0       0       1       0                  UV_BND      51D   1440
     144    3014       1       1       0       0       0       000000000D   1441
     144       0     -15       1       0                 TRM_SRF      44D   1442
     110    3015       1       1       0       0       0       001010000D   1443
     110       0     -15       2       0                    LINE     263D   1444
     126    3017       1       1       0       0       0       001010000D   1445
     126       0     -15       9       0                B_SPLINE     130D   1446
     120    3026       1       1       0       0       0       001010000D   1447
     120       0     -15       1       0                    SREV      13D   1448
     102    3027       1       1       0       0       0       001010000D   1449
     102       0       0       1       0                  CCURVE     103D   1450
     126    3028       1       1       0       0       0       001010500D   1451
     126       0     -15       7       0                B_SPLINE     131D   1452
     110    3035       1       1       0       0       0       001010500D   1453
     110       0     -15       2       0                    LINE     264D   1454
     126    3037       1       1       0       0       0       001010500D   1455
     126       0     -15       7       0                B_SPLINE     132D   1456
     110    3044       1       1       0       0       0       001010500D   1457
     110       0     -15       2       0                    LINE     265D   1458
     102    3046       1       1       0       0       0       001010500D   1459
     102       0       0       1       0                  CCURVE     104D   1460
     142    3047       1       1       0       0       0       001010500D   1461
     142       0       0       1       0                  UV_BND      52D   1462
     144    3048       1       1       0       0       0       000000000D   1463
     144       0     -15       1       0                 TRM_SRF      45D   1464
     110    3049       1       1       0       0       0       001010000D   1465
     110       0     -15       2       0                    LINE     266D   1466
     110    3051       1       1       0       0       0       001010000D   1467
     110       0     -15       2       0                    LINE     267D   1468
     120    3053       1       1       0       0       0       001010000D   1469
     120       0     -15       1       0                    SREV      14D   1470
     110    3054       1       1       0       0       0       001010000D   1471
     110       0       0       2       0                    LINE     268D   1472
     102    3056       1       1       0       0       0       001010000D   1473
     102       0       0       1       0                  CCURVE     105D   1474
     126    3057       1       1       0       0       0       001010500D   1475
     126       0     -15      21       0                B_SPLINE     133D   1476
     110    3078       1       1       0       0       0       001010500D   1477
     110       0     -15       2       0                    LINE     269D   1478
     126    3080       1       1       0       0       0       001010500D   1479
     126       0     -15      21       0                B_SPLINE     134D   1480
     110    3101       1       1       0       0       0       001010500D   1481
     110       0     -15       2       0                    LINE     270D   1482
     102    3103       1       1       0       0       0       001010500D   1483
     102       0       0       1       0                  CCURVE     106D   1484
     142    3104       1       1       0       0       0       001010500D   1485
     142       0       0       1       0                  UV_BND      53D   1486
     144    3105       1       1       0       0       0       000000000D   1487
     144       0     -15       1       0                 TRM_SRF      46D   1488
     110    3106       1       1       0       0       0       001010000D   1489
     110       0     -15       2       0                    LINE     271D   1490
     110    3108       1       1       0       0       0       001010000D   1491
     110       0     -15       2       0                    LINE     272D   1492
     120    3110       1       1       0       0       0       001010000D   1493
     120       0     -15       1       0                    SREV      15D   1494
     110    3111       1       1       0       0       0       001010000D   1495
     110       0       0       2       0                    LINE     273D   1496
     102    3113       1       1       0       0       0       001010000D   1497
     102       0       0       1       0                  CCURVE     107D   1498
     126    3114       1       1       0       0       0       001010500D   1499
     126       0     -15      21       0                B_SPLINE     135D   1500
     110    3135       1       1       0       0       0       001010500D   1501
     110       0     -15       2       0                    LINE     274D   1502
     126    3137       1       1       0       0       0       001010500D   1503
     126       0     -15      21       0                B_SPLINE     136D   1504
     110    3158       1       1       0       0       0       001010500D   1505
     110       0     -15       2       0                    LINE     275D   1506
     102    3160       1       1       0       0       0       001010500D   1507
     102       0       0       1       0                  CCURVE     108D   1508
     142    3161       1       1       0       0       0       001010500D   1509
     142       0       0       1       0                  UV_BND      54D   1510
     144    3162       1       1       0       0       0       000000000D   1511
     144       0     -15       1       0                 TRM_SRF      47D   1512
     128    3163       1       1       0       0       0       001010000D   1513
     128       0     -15       9       0                  SPLSRF      30D   1514
     110    3172       1       1       0       0       0       001010000D   1515
     110       0       0       2       0                    LINE     276D   1516
     102    3174       1       1       0       0       0       001010000D   1517
     102       0       0       1       0                  CCURVE     109D   1518
     126    3175       1       1       0       0       0       001010500D   1519
     126       0     -15       6       0                B_SPLINE     137D   1520
     110    3181       1       1       0       0       0       001010500D   1521
     110       0     -15       1       0                    LINE     277D   1522
     126    3182       1       1       0       0       0       001010500D   1523
     126       0     -15       6       0                B_SPLINE     138D   1524
     110    3188       1       1       0       0       0       001010500D   1525
     110       0     -15       1       0                    LINE     278D   1526
     102    3189       1       1       0       0       0       001010500D   1527
     102       0       0       1       0                  CCURVE     110D   1528
     142    3190       1       1       0       0       0       001010500D   1529
     142       0       0       1       0                  UV_BND      55D   1530
     144    3191       1       1       0       0       0       000000000D   1531
     144       0     -15       1       0                 TRM_SRF      48D   1532
     128    3192       1       1       0       0       0       001010000D   1533
     128       0     -15       9       0                  SPLSRF      31D   1534
     110    3201       1       1       0       0       0       001010000D   1535
     110       0       0       2       0                    LINE     279D   1536
     102    3203       1       1       0       0       0       001010000D   1537
     102       0       0       1       0                  CCURVE     111D   1538
     126    3204       1       1       0       0       0       001010500D   1539
     126       0     -15       6       0                B_SPLINE     139D   1540
     110    3210       1       1       0       0       0       001010500D   1541
     110       0     -15       1       0                    LINE     280D   1542
     126    3211       1       1       0       0       0       001010500D   1543
     126       0     -15       6       0                B_SPLINE     140D   1544
     110    3217       1       1       0       0       0       001010500D   1545
     110       0     -15       1       0                    LINE     281D   1546
     102    3218       1       1       0       0       0       001010500D   1547
     102       0       0       1       0                  CCURVE     112D   1548
     142    3219       1       1       0       0       0       001010500D   1549
     142       0       0       1       0                  UV_BND      56D   1550
     144    3220       1       1       0       0       0       000000000D   1551
     144       0     -15       1       0                 TRM_SRF      49D   1552
     128    3221       1       1       0       0       0       001010000D   1553
     128       0     -15       9       0                  SPLSRF      32D   1554
     110    3230       1       1       0       0       0       001010000D   1555
     110       0       0       2       0                    LINE     282D   1556
     102    3232       1       1       0       0       0       001010000D   1557
     102       0       0       1       0                  CCURVE     113D   1558
     126    3233       1       1       0       0       0       001010500D   1559
     126       0     -15       6       0                B_SPLINE     141D   1560
     110    3239       1       1       0       0       0       001010500D   1561
     110       0     -15       1       0                    LINE     283D   1562
     126    3240       1       1       0       0       0       001010500D   1563
     126       0     -15       6       0                B_SPLINE     142D   1564
     110    3246       1       1       0       0       0       001010500D   1565
     110       0     -15       1       0                    LINE     284D   1566
     102    3247       1       1       0       0       0       001010500D   1567
     102       0       0       1       0                  CCURVE     114D   1568
     142    3248       1       1       0       0       0       001010500D   1569
     142       0       0       1       0                  UV_BND      57D   1570
     144    3249       1       1       0       0       0       000000000D   1571
     144       0     -15       1       0                 TRM_SRF      50D   1572
     128    3250       1       1       0       0       0       001010000D   1573
     128       0     -15       9       0                  SPLSRF      33D   1574
     110    3259       1       1       0       0       0       001010000D   1575
     110       0       0       2       0                    LINE     285D   1576
     102    3261       1       1       0       0       0       001010000D   1577
     102       0       0       1       0                  CCURVE     115D   1578
     126    3262       1       1       0       0       0       001010500D   1579
     126       0     -15       6       0                B_SPLINE     143D   1580
     110    3268       1       1       0       0       0       001010500D   1581
     110       0     -15       1       0                    LINE     286D   1582
     126    3269       1       1       0       0       0       001010500D   1583
     126       0     -15       6       0                B_SPLINE     144D   1584
     110    3275       1       1       0       0       0       001010500D   1585
     110       0     -15       1       0                    LINE     287D   1586
     102    3276       1       1       0       0       0       001010500D   1587
     102       0       0       1       0                  CCURVE     116D   1588
     142    3277       1       1       0       0       0       001010500D   1589
     142       0       0       1       0                  UV_BND      58D   1590
     144    3278       1       1       0       0       0       000000000D   1591
     144       0     -15       1       0                 TRM_SRF      51D   1592
     124    3279       1       1       0       0       0       001000000D   1593
     124       0       0       2       0                   XFORM      41D   1594
     100    3281       1       1       0       0    1593       001010000D   1595
     100       0     -15       1       0                     ARC      41D   1596
     110    3282       1       1       0       0       0       001010000D   1597
     110       0     -15       2       0                    LINE     288D   1598
     124    3284       1       1       0       0       0       001000000D   1599
     124       0       0       2       0                   XFORM      42D   1600
     100    3286       1       1       0       0    1599       001010000D   1601
     100       0     -15       1       0                     ARC      42D   1602
     110    3287       1       1       0       0       0       001010000D   1603
     110       0     -15       2       0                    LINE     289D   1604
     110    3289       1       1       0       0       0       001010000D   1605
     110       0     -15       2       0                    LINE     290D   1606
     110    3291       1       1       0       0       0       001010000D   1607
     110       0     -15       2       0                    LINE     291D   1608
     110    3293       1       1       0       0       0       001010000D   1609
     110       0     -15       2       0                    LINE     292D   1610
     110    3295       1       1       0       0       0       001010000D   1611
     110       0     -15       2       0                    LINE     293D   1612
     110    3297       1       1       0       0       0       001010000D   1613
     110       0     -15       2       0                    LINE     294D   1614
     120    3299       1       1       0       0       0       001010000D   1615
     120       0     -15       1       0                    SREV      16D   1616
     102    3300       1       1       0       0       0       001010000D   1617
     102       0       0       1       0                  CCURVE     117D   1618
     110    3301       1       1       0       0       0       001010500D   1619
     110       0     -15       2       0                    LINE     295D   1620
     110    3303       1       1       0       0       0       001010500D   1621
     110       0     -15       1       0                    LINE     296D   1622
     110    3304       1       1       0       0       0       001010500D   1623
     110       0     -15       2       0                    LINE     297D   1624
     110    3306       1       1       0       0       0       001010500D   1625
     110       0     -15       2       0                    LINE     298D   1626
     102    3308       1       1       0       0       0       001010500D   1627
     102       0       0       1       0                  CCURVE     118D   1628
     142    3309       1       1       0       0       0       001010500D   1629
     142       0       0       1       0                  UV_BND      59D   1630
     144    3310       1       1       0       0       0       001000000D   1631
     144       0     -15       1       0                 TRM_SRF      52D   1632
     128    3311       1       1       0       0       0       001010000D   1633
     128       0     -15       9       0                  SPLSRF      34D   1634
     102    3320       1       1       0       0       0       001010000D   1635
     102       0       0       1       0                  CCURVE     119D   1636
     110    3321       1       1       0       0       0       001010500D   1637
     110       0     -15       2       0                    LINE     299D   1638
     110    3323       1       1       0       0       0       001010500D   1639
     110       0     -15       2       0                    LINE     300D   1640
     110    3325       1       1       0       0       0       001010500D   1641
     110       0     -15       2       0                    LINE     301D   1642
     110    3327       1       1       0       0       0       001010500D   1643
     110       0     -15       2       0                    LINE     302D   1644
     102    3329       1       1       0       0       0       001010500D   1645
     102       0       0       1       0                  CCURVE     120D   1646
     142    3330       1       1       0       0       0       001010500D   1647
     142       0       0       1       0                  UV_BND      60D   1648
     144    3331       1       1       0       0       0       001000000D   1649
     144       0     -15       1       0                 TRM_SRF      53D   1650
     124    3332       1       1       0       0       0       001000000D   1651
     124       0       0       2       0                   XFORM      43D   1652
     100    3334       1       1       0       0    1651       001010000D   1653
     100       0     -15       2       0                     ARC      43D   1654
     110    3336       1       1       0       0       0       001010000D   1655
     110       0     -15       2       0                    LINE     303D   1656
     124    3338       1       1       0       0       0       001000000D   1657
     124       0       0       2       0                   XFORM      44D   1658
     100    3340       1       1       0       0    1657       001010000D   1659
     100       0     -15       1       0                     ARC      44D   1660
     110    3341       1       1       0       0       0       001010000D   1661
     110       0     -15       2       0                    LINE     304D   1662
     110    3343       1       1       0       0       0       001010000D   1663
     110       0     -15       2       0                    LINE     305D   1664
     110    3345       1       1       0       0       0       001010000D   1665
     110       0     -15       2       0                    LINE     306D   1666
     110    3347       1       1       0       0       0       001010000D   1667
     110       0     -15       2       0                    LINE     307D   1668
     110    3349       1       1       0       0       0       001010000D   1669
     110       0     -15       2       0                    LINE     308D   1670
     110    3351       1       1       0       0       0       001010000D   1671
     110       0     -15       2       0                    LINE     309D   1672
     120    3353       1       1       0       0       0       001010000D   1673
     120       0     -15       1       0                    SREV      17D   1674
     102    3354       1       1       0       0       0       001010000D   1675
     102       0       0       1       0                  CCURVE     121D   1676
     126    3355       1       1       0       0       0       001010500D   1677
     126       0     -15      40       0                B_SPLINE     145D   1678
     110    3395       1       1       0       0       0       001010500D   1679
     110       0     -15       1       0                    LINE     310D   1680
     126    3396       1       1       0       0       0       001010500D   1681
     126       0     -15      39       0                B_SPLINE     146D   1682
     110    3435       1       1       0       0       0       001010500D   1683
     110       0     -15       2       0                    LINE     311D   1684
     102    3437       1       1       0       0       0       001010500D   1685
     102       0       0       1       0                  CCURVE     122D   1686
     142    3438       1       1       0       0       0       001010500D   1687
     142       0       0       1       0                  UV_BND      61D   1688
     144    3439       1       1       0       0       0       001000000D   1689
     144       0     -15       1       0                 TRM_SRF      54D   1690
     128    3440       1       1       0       0       0       001010000D   1691
     128       0     -15       9       0                  SPLSRF      35D   1692
     102    3449       1       1       0       0       0       001010000D   1693
     102       0       0       1       0                  CCURVE     123D   1694
     110    3450       1       1       0       0       0       001010500D   1695
     110       0     -15       2       0                    LINE     312D   1696
     110    3452       1       1       0       0       0       001010500D   1697
     110       0     -15       2       0                    LINE     313D   1698
     110    3454       1       1       0       0       0       001010500D   1699
     110       0     -15       2       0                    LINE     314D   1700
     110    3456       1       1       0       0       0       001010500D   1701
     110       0     -15       2       0                    LINE     315D   1702
     102    3458       1       1       0       0       0       001010500D   1703
     102       0       0       1       0                  CCURVE     124D   1704
     142    3459       1       1       0       0       0       001010500D   1705
     142       0       0       1       0                  UV_BND      62D   1706
     144    3460       1       1       0       0       0       001000000D   1707
     144       0     -15       1       0                 TRM_SRF      55D   1708
     406    3461       1       1       0       0       0       001000000D   1709
     406       0       0       1      15                    PROP       1D   1710
     402    3462       1       1       0       0       0       000000300D   1711
     402       0       0       5       7                   LAYER       1D   1712
     406    3467       1       1       0       0       0       001000000D   1713
     406       0       0       1      15                    PROP       2D   1714
     402    3468       1       1       0       0       0       000000300D   1715
     402       0       0       5       7                   LAYER       2D   1716
     406    3473       1       1       0       0       0       001000000D   1717
     406       0       0       1      15                    PROP       3D   1718
     402    3474       1       1       0       0       0       000000300D   1719
     402       0       0       5       7                   LAYER       3D   1720
     406    3479       1       1       0       0       0       001000000D   1721
     406       0       0       1      15                    PROP       4D   1722
     402    3480       1       1       0       0       0       001000301D   1723
     402       0       0       5       7                   LAYER       4D   1724
314,1.1D0,1.2D0,1D2;                                                   1P      1
314,1.1D1,1.1D1,1.1D1;                                                 3P      2
314,3.92D1,1.2D0,1.2D0;                                                5P      3
314,4.1D1,0D0,2.2D1;                                                   7P      4
314,8.784D1,9.49D1,1D2;                                                9P      5
314,9.6D1,9.6D1,9.6D1;                                                11P      6
314,9.8D1,6.27D1,0D0;                                                 13P      7
314,1D2,5.8D1,2.6D1;                                                  15P      8
314,1D2,1D2,9.49D1;                                                   17P      9
124,0D0,0D0,1D0,3.099829684623D1,1D0,0D0,0D0,-1.949999995638D0,       19P     10
0D0,1D0,0D0,-2.269977051632D1;                                        19P     11
100,0D0,0D0,0D0,1.3D0,0D0,-1.3D0,0D0;                                 21P     12
124,0D0,0D0,1D0,3.099829527251D1,-1D0,0D0,0D0,-1.949999995638D0,      23P     13
0D0,-1D0,0D0,-2.269977051632D1;                                       23P     14
100,0D0,0D0,0D0,1.3D0,0D0,-1.3D0,0D0;                                 25P     15
124,0D0,0D0,1D0,3.093262768672D1,-1D0,0D0,0D0,-1.949999995638D0,      27P     16
0D0,-1D0,0D0,-2.269977051632D1;                                       27P     17
100,0D0,0D0,0D0,1.7D0,0D0,-1.7D0,0D0;                                 29P     18
124,0D0,0D0,1D0,3.093262974340D1,1D0,0D0,0D0,-1.949999995638D0,       31P     19
0D0,1D0,0D0,-2.269977051632D1;                                        31P     20
100,0D0,0D0,0D0,1.7D0,0D0,-1.7D0,0D0;                                 33P     21
126,5,3,0,0,1,0,0D0,0D0,0D0,0D0,3.333333333333D-1,                    35P     22
6.666666666667D-1,1D0,1D0,1D0,1D0,1D0,1D0,1D0,1D0,1D0,1D0,            35P     23
3.103306731123D1,-2.174999995638D0,-2.369977051632D1,                 35P     24
3.103428732754D1,-2.125009076007D0,-2.369977051632D1,                 35P     25
3.103591368817D1,-2.025020696180D0,-2.369977051632D1,                 35P     26
3.103591258009D1,-1.874979247189D0,-2.369977051632D1,                 35P     27
3.103428474263D1,-1.774990894738D0,-2.369977051632D1,                 35P     28
3.103306398799D1,-1.724999995638D0,-2.369977051632D1,0D0,1D0,         35P     29
0D0,0D0,1D0;                                                          35P     30
124,9.941441422493D-1,1.080621322735D-1,0D0,2.183324310544D1,         37P     31
0D0,0D0,-1D0,-1.724999995638D0,-1.080621322735D-1,                    37P     32
9.941441422493D-1,0D0,-2.269976234964D1;                              37P     33
100,0D0,0D0,0D0,9.254011054911D0,0D0,9.037888555367D0,                39P     34
1.988288476352D0;                                                     39P     35
126,5,3,0,0,1,0,0D0,0D0,0D0,0D0,3.333333333333D-1,                    41P     36
6.666666666667D-1,1D0,1D0,1D0,1D0,1D0,1D0,1D0,1D0,1D0,1D0,            41P     37
3.103306576339D1,-1.724999995638D0,-2.169977051632D1,                 41P     38
3.103428651779D1,-1.774990894727D0,-2.169977051632D1,                 41P     39
3.103591435494D1,-1.874979247163D0,-2.169977051632D1,                 41P     40
3.103591546302D1,-2.025020696144D0,-2.169977051632D1,                 41P     41
3.103428910270D1,-2.125009075991D0,-2.169977051632D1,                 41P     42
3.103306908663D1,-2.174999995638D0,-2.169977051632D1,0D0,1D0,         41P     43
0D0,0D0,1D0;                                                          41P     44
124,9.941443382944D-1,1.080603286924D-1,0D0,2.183324310544D1,         43P     45
0D0,0D0,1D0,-2.174999995638D0,1.080603286924D-1,                      43P     46
-9.941443382944D-1,0D0,-2.269976234964D1;                             43P     47
100,0D0,0D0,0D0,9.254014358688D0,0D0,9.037891936302D0,                45P     48
1.988288484739D0;                                                     45P     49
124,0D0,0D0,1D0,3.064900069108D1,1D0,0D0,0D0,-1.949999995638D0,       47P     50
0D0,1D0,0D0,-2.269977051632D1;                                        47P     51
100,0D0,0D0,0D0,2.305268214515D0,0D0,0D0,-2.305268214515D0;           49P     52
126,29,3,0,0,1,0,0D0,0D0,0D0,0D0,3.703703703704D-2,                   51P     53
7.407407407407D-2,1.111111111111D-1,1.481481481481D-1,                51P     54
1.851851851852D-1,2.222222222222D-1,2.592592592593D-1,                51P     55
2.962962962963D-1,3.333333333333D-1,3.703703703704D-1,                51P     56
4.074074074074D-1,4.444444444444D-1,4.814814814815D-1,                51P     57
5.185185185185D-1,5.555555555556D-1,5.925925925926D-1,                51P     58
6.296296296296D-1,6.666666666667D-1,7.037037037037D-1,                51P     59
7.407407407407D-1,7.777777777778D-1,8.148148148148D-1,                51P     60
8.518518518519D-1,8.888888888889D-1,9.259259259259D-1,                51P     61
9.629629629630D-1,1D0,1D0,1D0,1D0,1D0,1D0,1D0,1D0,1D0,1D0,1D0,        51P     62
1D0,1D0,1D0,1D0,1D0,1D0,1D0,1D0,1D0,1D0,1D0,1D0,1D0,1D0,1D0,1D0,      51P     63
1D0,1D0,1D0,1D0,1D0,1D0,1D0,3.083638753629D1,-1.949999740351D0,       51P     64
-2.485165909417D1,3.083638981267D1,-2.074570782260D0,                 51P     65
-2.485164781891D1,3.083640226681D1,-2.324557034519D0,                 51P     66
-2.482995801839D1,3.083644165244D1,-2.689827382601D0,                 51P     67
-2.473224172622D1,3.083646701755D1,-3.033515280997D0,                 51P     68
-2.457178999698D1,3.083651589675D1,-3.343661576986D0,                 51P     69
-2.435379792969D1,3.083658314621D1,-3.609988012291D0,                 51P     70
-2.408617530461D1,3.083664235604D1,-3.825376841800D0,                 51P     71
-2.377705434891D1,3.083667842724D1,-3.983853887372D0,                 51P     72
-2.343530447131D1,3.083669269120D1,-4.080380601923D0,                 51P     73
-2.307204277041D1,3.083669579889D1,-4.112538681739D0,                 51P     74
-2.270019521788D1,3.083669339052D1,-4.080574834026D0,                 51P     75
-2.232903650929D1,3.083667993882D1,-3.984736945619D0,                 51P     76
-2.196673814297D1,3.083664469094D1,-3.826478005623D0,                 51P     77
-2.162430565189D1,3.083658595920D1,-3.610997760251D0,                 51P     78
-2.131455806860D1,3.083651951582D1,-3.345024770468D0,                 51P     79
-2.104694205386D1,3.083647028736D1,-3.035747410623D0,                 51P     80
-2.082908773863D1,3.083644630400D1,-2.692644857963D0,                 51P     81
-2.066834806627D1,3.083640649197D1,-2.327344846696D0,                 51P     82
-2.056998091341D1,3.083638633323D1,-1.948829426992D0,                 51P     83
-2.053675186699D1,3.083640081209D1,-1.570954265028D0,                 51P     84
-2.057030639821D1,3.083643483057D1,-1.205662719653D0,                 51P     85
-2.066896657822D1,3.083645355335D1,-8.629406683987D-1,                51P     86
-2.082986266982D1,3.083649806155D1,-5.537647420606D-1,                51P     87
-2.104794763826D1,3.083656035283D1,-2.880566856592D-1,                51P     88
-2.131574129453D1,3.083661540429D1,-7.352130914778D-2,                51P     89
-2.162453804078D1,3.083664814510D1,8.387443692617D-2,                 51P     90
-2.196473873222D1,3.083665982742D1,1.801067040902D-1,                 51P     91
-2.232591959143D1,3.083666215813D1,2.018446756921D-1,                 51P     92
-2.257518883397D1,3.083666077423D1,2.018558156114D-1,                 51P     93
-2.269976951285D1,0D0,1D0,0D0,0D0,1D0;                                51P     94
124,3.489840025636D-2,9.993908652786D-1,7.567700392594D-6,            53P     95
3.064186733511D1,-2.384611917099D-8,7.573145649754D-6,                53P     96
-9.999999999713D-1,-1.949999975228D0,-9.993908653072D-1,              53P     97
3.489840025518D-2,2.881222617505D-7,-2.480516099162D1;                53P     98
100,0D0,0D0,0D0,1.999999750214D-1,0D0,5.325839072668D-2,              55P     99
1.927784578882D-1;                                                    55P    100
110,3.064884717759D1,-1.949999995384D0,-2.500504156370D1,             57P    101
2.965D1,-1.950001080605D0,-2.503992431892D1;                          57P    102
110,3.064911482995D1,3.552617575377D-1,-2.269977051617D1,             59P    103
2.965D1,3.901538069660D-1,-2.269976943135D1;                          59P    104
124,0D0,0D0,1D0,3.064898463006D1,0D0,1D0,0D0,-1.949999995638D0,       61P    105
-1D0,0D0,0D0,-2.269977051632D1;                                       61P    106
100,0D0,0D0,0D0,2.305268205844D0,0D0,0D0,2.305268205844D0;            63P    107
126,12,3,0,0,1,0,0D0,0D0,0D0,0D0,1D-1,2D-1,3D-1,4D-1,5D-1,6D-1,       65P    108
7D-1,8D-1,9D-1,1D0,1D0,1D0,1D0,1D0,1D0,1D0,1D0,1D0,1D0,1D0,1D0,       65P    109
1D0,1D0,1D0,1D0,1D0,3.083666077423D1,2.018558156114D-1,               65P    110
-2.269976951285D1,3.083666159911D1,2.018479968502D-1,                 65P    111
-2.281150831989D1,3.083665979029D1,1.844260728695D-1,                 65P    112
-2.303560478404D1,3.083665009246D1,1.056734838989D-1,                 65P    113
-2.336525883941D1,3.083662496580D1,-2.361553629122D-2,                65P    114
-2.367830840646D1,3.083658107593D1,-1.999437348314D-1,                65P    115
-2.396699721635D1,3.083652529953D1,-4.197220096649D-1,                65P    116
-2.422524278736D1,3.083647374958D1,-6.777031902850D-1,                65P    117
-2.444626487812D1,3.083644388450D1,-9.674726942925D-1,                65P    118
-2.462428002293D1,3.083642420096D1,-1.281650717875D0,                 65P    119
-2.475460154688D1,3.083639455620D1,-1.611960220506D0,                 65P    120
-2.483394980303D1,3.083638764064D1,-1.837453553842D0,                 65P    121
-2.485165105930D1,3.083638753629D1,-1.949999740351D0,                 65P    122
-2.485165909417D1,0D0,1D0,0D0,0D0,1D0;                                65P    123
124,3.489877928591D-2,9.993908520711D-1,-9.414210637916D-7,           67P    124
3.064213508241D1,9.993908520716D-1,-3.489877928592D-2,                67P    125
1.246733793385D-8,1.553815736663D-1,-2.039471016606D-8,               67P    126
-9.412826939756D-7,-9.999999999996D-1,-2.269977051446D1;              67P    127
100,0D0,0D0,0D0,1.999999801758D-1,0D0,5.323428388801D-2,              69P    128
1.927851215454D-1;                                                    69P    129
124,0D0,0D0,-1D0,2.965D1,-1.390892228018D-6,-9.999999999990D-1,       71P    130
0D0,-1.949999995638D0,-9.999999999990D-1,1.390892228018D-6,0D0,       71P    131
-2.269977051632D1;                                                    71P    132
100,0D0,0D0,0D0,2.340154087371D0,0D0,-6.509804259356D-6,              73P    133
-2.340154087362D0;                                                    73P    134
124,0D0,0D0,-1D0,2.965D1,9.999999999990D-1,1.390892226554D-6,         75P    135
0D0,-1.949999995638D0,1.390892226554D-6,-9.999999999990D-1,0D0,       75P    136
-2.269977051632D1;                                                    75P    137
100,0D0,0D0,0D0,2.340153517837D0,0D0,-6.509802675501D-6,              77P    138
2.340153517828D0;                                                     77P    139
110,2.965D1,-1.429036888287D0,-2.551305846242D1,2.965D1,              79P    140
-1.429036888287D0,-2.71D1;                                            79P    141
110,2.965D1,-1.95D0,-2.762096311171D1,2.965D1,-5.270963111713D0,      81P    142
-2.762096311171D1;                                                    81P    143
110,2.965D1,-5.270963111713D0,-2.607903688829D1,2.965D1,-3.25D0,      83P    144
-2.607903688829D1;                                                    83P    145
110,2.965D1,-2.970963111713D0,-2.58D1,2.925D1,-2.95D0,-2.58D1;        85P    146
124,0D0,0D0,1D0,2.965D1,0D0,1D0,0D0,-3.25D0,-1D0,0D0,0D0,             87P    147
-2.58D1;                                                              87P    148
100,0D0,0D0,0D0,2.790368882868D-1,0D0,0D0,2.790368882868D-1;          89P    149
110,2.965D1,-3.25D0,-2.607903688829D1,2.925D1,-3.25D0,-2.61D1;        91P    150
124,0D0,0D0,1D0,2.925D1,0D0,1D0,0D0,-3.25D0,-1D0,0D0,0D0,             93P    151
-2.58D1;                                                              93P    152
100,0D0,0D0,0D0,3D-1,0D0,0D0,3D-1;                                    95P    153
110,2.925D1,-2.95D0,-2.58D1,2.925D1,-2.95D0,-2.535805478089D1;        97P    154
126,5,3,0,0,1,0,0D0,0D0,0D0,0D0,3.333333333333D-1,                    99P    155
6.666666666667D-1,1D0,1D0,1D0,1D0,1D0,1D0,1D0,1D0,1D0,1D0,            99P    156
2.965D1,-2.970963111713D0,-2.537252676082D1,2.960548033938D1,         99P    157
-2.968629935166D0,-2.537092040245D1,2.951649116192D1,                 99P    158
-2.963966209995D0,-2.536770659869D1,2.938315781806D1,                 99P    159
-2.956978505539D0,-2.536288261393D1,2.929436922347D1,                 99P    160
-2.952325292471D0,-2.535966442682D1,2.925D1,-2.95D0,                  99P    161
-2.535805478089D1,0D0,1D0,0D0,0D0,1D0;                                99P    162
110,2.965D1,-2.970963111713D0,-2.537252676082D1,2.965D1,             101P    163
-2.970963111713D0,-2.58D1;                                           101P    164
126,5,3,0,0,1,0,0D0,0D0,0D0,0D0,3.333333333333D-1,                   103P    165
6.666666666667D-1,1D0,1D0,1D0,1D0,1D0,1D0,1D0,1D0,1D0,1D0,           103P    166
2.925D1,-3.064783104234D-1,-2.288292100522D1,2.925D1,                103P    167
-2.726428709281D-1,-2.288303644505D1,2.925D1,-2.048267829469D-1,     103P    168
-2.288327518194D1,2.925D1,-1.026612592932D-1,-2.288365723553D1,      103P    169
2.925D1,-3.426818168500D-2,-2.288392808700D1,2.925D1,0D0,            103P    170
-2.288406760762D1,0D0,1D0,0D0,0D0,1D0;                               103P    171
126,5,3,0,0,1,0,0D0,0D0,0D0,0D0,3.333333333333D-1,                   105P    172
6.666666666667D-1,1D0,1D0,1D0,1D0,1D0,1D0,1D0,1D0,1D0,1D0,           105P    173
2.925D1,0D0,-2.231580740897D1,2.925D1,-3.817019068254D-2,            105P    174
-2.231596284731D1,2.925D1,-1.143376929082D-1,-2.231626361348D1,      105P    175
2.925D1,-2.280794727987D-1,-2.231668487836D1,2.925D1,                105P    176
-3.035493445926D-1,-2.231694602461D1,2.925D1,-3.411963124899D-1,     105P    177
-2.231707175692D1,0D0,1D0,0D0,0D0,1D0;                               105P    178
110,2.925D1,0D0,-2.288406760762D1,2.925D1,0D0,-2.231580740897D1;     107P    179
110,2.925D1,-7D-1,-2.05D1,2.925D1,-3.7D0,-2.05D1;                    109P    180
110,2.925D1,-7D-1,-2.09D1,2.925D1,-7D-1,-2.05D1;                     111P    181
110,2.925D1,-3.7D0,-2.09D1,2.925D1,-7D-1,-2.09D1;                    113P    182
110,2.925D1,-3.7D0,-2.05D1,2.925D1,-3.7D0,-2.09D1;                   115P    183
110,2.925D1,-7D-1,-2.49D1,2.925D1,-7D-1,-2.45D1;                     117P    184
110,2.925D1,-3.7D0,-2.49D1,2.925D1,-7D-1,-2.49D1;                    119P    185
110,2.925D1,-3.7D0,-2.45D1,2.925D1,-3.7D0,-2.49D1;                   121P    186
110,2.925D1,-7D-1,-2.45D1,2.925D1,-3.7D0,-2.45D1;                    123P    187
110,2.925D1,-1.95D0,-2.76D1,2.925D1,-1.95D0,-2.62D1;                 125P    188
110,2.925D1,-1.45D0,-2.71D1,2.925D1,-1.45D0,-2.549556651109D1;       127P    189
110,2.925D1,-3.25D0,-2.61D1,2.925D1,-5.25D0,-2.61D1;                 129P    190
110,2.925D1,-5.25D0,-2.62D1,2.925D1,-1.95D0,-2.62D1;                 131P    191
126,3,3,0,0,1,0,0D0,0D0,0D0,0D0,1D0,1D0,1D0,1D0,1D0,1D0,1D0,1D0,     133P    192
2.831378957554D1,-1.863789575536D0,-2.286380805052D1,                133P    193
2.865841144989D1,-1.869806985618D0,-2.286982239146D1,                133P    194
2.900303108334D1,-1.875824470174D0,-2.287583680361D1,                133P    195
2.934765296499D1,-1.881842102039D0,-2.288185136525D1,0D0,1D0,        133P    196
0D0,0D0,1D0;                                                         133P    197
126,10,3,0,0,1,0,0D0,0D0,0D0,0D0,1.25D-1,2.5D-1,3.75D-1,5D-1,        135P    198
6.25D-1,7.5D-1,8.75D-1,1D0,1D0,1D0,1D0,1D0,1D0,1D0,1D0,1D0,1D0,      135P    199
1D0,1D0,1D0,1D0,1D0,3.002672787622D1,-3.353551014003D-1,             135P    200
-2.289638121224D1,3.003818135809D1,-3.935858465537D-1,               135P    201
-2.289638606444D1,3.006083334161D1,-5.153687940489D-1,               135P    202
-2.289639534574D1,3.009292499314D1,-7.129637976130D-1,               135P    203
-2.289640871764D1,3.012251709640D1,-9.289201249433D-1,               135P    204
-2.289642120810D1,3.014840796465D1,-1.165373738881D0,                135P    205
-2.289643209832D1,3.016903283943D1,-1.424582870180D0,                135P    206
-2.289644014450D1,3.018232521758D1,-1.708687602717D0,                135P    207
-2.289644556615D1,3.018582120519D1,-2.014065169530D0,                135P    208
-2.289644724647D1,3.018006171325D1,-2.233135384903D0,                135P    209
-2.289644420476D1,3.017469415967D1,-2.346302130171D0,                135P    210
-2.289644026367D1,0D0,1D0,0D0,0D0,1D0;                               135P    211
126,7,3,0,0,1,0,0D0,0D0,0D0,0D0,2D-1,4D-1,6D-1,8D-1,1D0,1D0,1D0,     137P    212
1D0,1D0,1D0,1D0,1D0,1D0,1D0,1D0,1D0,3.017469415967D1,                137P    213
-2.346302130171D0,-2.289644026367D1,3.019378315822D1,                137P    214
-2.376420111117D0,-2.289679734778D1,3.023098433253D1,                137P    215
-2.442501932327D0,-2.290382785667D1,3.027862067635D1,                137P    216
-2.558572889369D0,-2.293216423400D1,3.031291278752D1,                137P    217
-2.690603322283D0,-2.297650513358D1,3.032896692987D1,                137P    218
-2.837684785571D0,-2.303448139334D1,3.032335428182D1,                137P    219
-2.947664762952D0,-2.308137168379D1,3.031507717467D1,                137P    220
-3.004846688334D0,-2.310584496645D1,0D0,1D0,0D0,0D0,1D0;             137P    221
126,12,3,0,0,1,0,0D0,0D0,0D0,0D0,1D-1,2D-1,3D-1,4D-1,5D-1,6D-1,      139P    222
7D-1,8D-1,9D-1,1D0,1D0,1D0,1D0,1D0,1D0,1D0,1D0,1D0,1D0,1D0,1D0,      139P    223
1D0,1D0,1D0,1D0,1D0,3.031507717467D1,-3.004846688334D0,              139P    224
-2.310584496645D1,3.033065387368D1,-2.879483572224D0,                139P    225
-2.310586385909D1,3.035503632905D1,-2.637800445517D0,                139P    226
-2.310589142826D1,3.037493055963D1,-2.306077604967D0,                139P    227
-2.310590555281D1,3.038195480502D1,-1.997976074368D0,                139P    228
-2.310590983825D1,3.037848416608D1,-1.708852935627D0,                139P    229
-2.310590802237D1,3.036639378239D1,-1.438863846624D0,                139P    230
-2.310590303321D1,3.034766228675D1,-1.190191260865D0,                139P    231
-2.310589557186D1,3.032404150538D1,-9.619448006860D-1,               139P    232
-2.310588565528D1,3.029687401156D1,-7.521653851397D-1,               139P    233
-2.310587391509D1,3.026723196021D1,-5.591638970689D-1,               139P    234
-2.310586198084D1,3.024619572416D1,-4.397257527681D-1,               139P    235
-2.310585184996D1,3.023552865618D1,-3.824633135209D-1,               139P    236
-2.310584732589D1,0D0,1D0,0D0,0D0,1D0;                               139P    237
126,7,3,0,0,1,0,0D0,0D0,0D0,0D0,2D-1,4D-1,6D-1,8D-1,1D0,1D0,1D0,     141P    238
1D0,1D0,1D0,1D0,1D0,1D0,1D0,1D0,1D0,3.023552865618D1,                141P    239
-3.824633135209D-1,-2.310584732589D1,3.023553022684D1,               141P    240
-3.768389442444D-1,-2.308413599488D1,3.022903035017D1,               141P    241
-3.667640380068D-1,-2.304261591214D1,3.019788916417D1,               141P    242
-3.537908881682D-1,-2.298169020470D1,3.015220042710D1,               141P    243
-3.449087189901D-1,-2.293574236928D1,3.009111117395D1,               141P    244
-3.385103872617D-1,-2.290393723489D1,3.004892604080D1,               141P    245
-3.361828475904D-1,-2.289676590977D1,3.002672787622D1,               141P    246
-3.353551014003D-1,-2.289638121224D1,0D0,1D0,0D0,0D0,1D0;            141P    247
126,8,3,0,0,1,0,0D0,0D0,0D0,0D0,1.666666666667D-1,                   143P    248
3.333333333333D-1,5D-1,6.666666666667D-1,8.333333333333D-1,1D0,      143P    249
1D0,1D0,1D0,1D0,1D0,1D0,1D0,1D0,1D0,1D0,1D0,1D0,                     143P    250
2.934018302993D1,-1.881826497645D0,-2.231815682941D1,                143P    251
2.939396766847D1,-1.882766043506D0,-2.231721814567D1,                143P    252
2.950175140281D1,-1.893290524028D0,-2.231533835483D1,                143P    253
2.966094785526D1,-1.935808425780D0,-2.231256340516D1,                143P    254
2.980970010545D1,-2.003150775971D0,-2.230996538619D1,                143P    255
2.994543840863D1,-2.093373822808D0,-2.230757958527D1,                143P    256
3.006606955448D1,-2.205750489839D0,-2.230543038579D1,                143P    257
3.013324950055D1,-2.293032889133D0,-2.230420241845D1,                143P    258
3.016311235206D1,-2.339278888673D0,-2.230364511179D1,0D0,1D0,        143P    259
0D0,0D0,1D0;                                                         143P    260
124,9.974139410040D-1,7.187092799518D-2,0D0,2.183324310544D1,        145P    261
0D0,0D0,1D0,-3.004862309041D0,7.187092799518D-2,                     145P    262
-9.974139410040D-1,0D0,-2.269976234964D1;                            145P    263
100,0D0,0D0,0D0,8.491547628260D0,0D0,8.430711976501D0,               147P    264
1.014631308555D0;                                                    147P    265
126,8,3,0,0,1,0,0D0,0D0,0D0,0D0,1.666666666667D-1,                   149P    266
3.333333333333D-1,5D-1,6.666666666667D-1,8.333333333333D-1,1D0,      149P    267
1D0,1D0,1D0,1D0,1D0,1D0,1D0,1D0,1D0,1D0,1D0,1D0,                     149P    268
3.017469415967D1,-2.346302130171D0,-2.289644026367D1,                149P    269
3.014502218527D1,-2.299486685127D0,-2.289588520688D1,                149P    270
3.007801452498D1,-2.210963384301D0,-2.289465844485D1,                149P    271
2.995693428889D1,-2.096700447297D0,-2.289249972826D1,                149P    272
2.982050839484D1,-2.005064109058D0,-2.289010123061D1,                149P    273
2.967081682858D1,-1.936657994068D0,-2.288748661455D1,                149P    274
2.951044775988D1,-1.893465840630D0,-2.288469122281D1,                149P    275
2.940184171431D1,-1.882788321517D0,-2.288279710198D1,                149P    276
2.934765296499D1,-1.881842102039D0,-2.288185136525D1,0D0,1D0,        149P    277
0D0,0D0,1D0;                                                         149P    278
126,4,3,0,0,1,0,0D0,0D0,0D0,0D0,5D-1,1D0,1D0,1D0,1D0,1D0,1D0,        151P    279
1D0,1D0,1D0,2.934765296499D1,-1.881842102039D0,                      151P    280
-2.288185136525D1,2.934992553128D1,-1.881846860250D0,                151P    281
-2.278789453664D1,2.935095583943D1,-1.881849090110D0,                151P    282
-2.259990328015D1,2.934494419379D1,-1.881836471508D0,                151P    283
-2.241201281050D1,2.934018302993D1,-1.881826497645D0,                151P    284
-2.231815682941D1,0D0,1D0,0D0,0D0,1D0;                               151P    285
110,2.835D1,0D0,-2.233151696741D1,2.925D1,0D0,-2.231580740897D1;     153P    286
126,6,3,0,0,1,0,0D0,0D0,0D0,0D0,2.5D-1,5D-1,7.5D-1,1D0,1D0,1D0,      155P    287
1D0,1D0,1D0,1D0,1D0,1D0,1D0,1D0,3.016311235206D1,                    155P    288
-2.339278888673D0,-2.230364511179D1,3.017222947702D1,                155P    289
-2.143911796183D0,-2.230363829837D1,3.017600271523D1,                155P    290
-1.768692583415D0,-2.230363669703D1,3.014815877665D1,                155P    291
-1.256727988812D0,-2.230364863427D1,3.009548259185D1,                155P    292
-7.917782034357D-1,-2.230367162782D1,3.004789839687D1,               155P    293
-5.074172485789D-1,-2.230368952750D1,3.002189740085D1,               155P    294
-3.722131047333D-1,-2.230370079892D1,0D0,1D0,0D0,0D0,1D0;            155P    295
126,7,3,0,0,1,0,0D0,0D0,0D0,0D0,2D-1,4D-1,6D-1,8D-1,1D0,1D0,1D0,     157P    296
1D0,1D0,1D0,1D0,1D0,1D0,1D0,1D0,1D0,3.002189740085D1,                157P    297
-3.722131047333D-1,-2.230370079892D1,3.004402267110D1,               157P    298
-3.731059204300D-1,-2.230331752299D1,3.008622489434D1,               157P    299
-3.763780036743D-1,-2.229620636856D1,3.014872747552D1,               157P    300
-3.871236463622D-1,-2.226403825276D1,3.019609233091D1,               157P    301
-4.025373764417D-1,-2.221700863734D1,3.022863323880D1,               157P    302
-4.245410189244D-1,-2.215444297095D1,3.023551280965D1,               157P    303
-4.410472520759D-1,-2.211178120515D1,3.023551048366D1,               157P    304
-4.501243700761D-1,-2.208947363039D1,0D0,1D0,0D0,0D0,1D0;            157P    305
126,7,3,0,0,1,0,0D0,0D0,0D0,0D0,2D-1,4D-1,6D-1,8D-1,1D0,1D0,1D0,     159P    306
1D0,1D0,1D0,1D0,1D0,1D0,1D0,1D0,1D0,3.023551048366D1,                159P    307
-4.501243700761D-1,-2.208947363039D1,3.025963047280D1,               159P    308
-5.854423999794D-1,-2.208946317081D1,3.030348485227D1,               159P    309
-8.694083683339D-1,-2.208942392797D1,3.035042673465D1,               159P    310
-1.331953052597D0,-2.208941288988D1,3.037295113725D1,                159P    311
-1.839396117009D0,-2.208939790823D1,3.036328862241D1,                159P    312
-2.392420124981D0,-2.208941323941D1,3.032885653375D1,                159P    313
-2.795687125344D0,-2.208941558791D1,3.030283626067D1,                159P    314
-3.004820626142D0,-2.208944771262D1,0D0,1D0,0D0,0D0,1D0;             159P    315
126,7,3,0,0,1,0,0D0,0D0,0D0,0D0,2D-1,4D-1,6D-1,8D-1,1D0,1D0,1D0,     161P    316
1D0,1D0,1D0,1D0,1D0,1D0,1D0,1D0,1D0,3.030283626067D1,                161P    317
-3.004820626142D0,-2.208944771262D1,3.031186112826D1,                161P    318
-2.946679777739D0,-2.211429532008D1,3.031853575255D1,                161P    319
-2.834951876390D0,-2.216211276171D1,3.030313943153D1,                161P    320
-2.686156976786D0,-2.222131027773D1,3.026877336689D1,                161P    321
-2.552692493688D0,-2.226684577548D1,3.022047433867D1,                161P    322
-2.435714845619D0,-2.229603231601D1,3.018255654980D1,                161P    323
-2.369390426587D0,-2.230328222846D1,3.016311235206D1,                161P    324
-2.339278888673D0,-2.230364511179D1,0D0,1D0,0D0,0D0,1D0;             161P    325
124,0D0,0D0,-1D0,3.023545440371D1,9.680449472125D-1,                 163P    326
-2.507767536601D-1,0D0,-1.949999995638D0,-2.507767536601D-1,         163P    327
-9.680449472125D-1,0D0,-2.269977051632D1;                            163P    328
100,0D0,0D0,0D0,1.619282318548D0,0D0,1.298884478627D0,               165P    329
-9.669407108724D-1;                                                  165P    330
126,5,3,0,0,1,0,0D0,0D0,0D0,0D0,3.333333333333D-1,                   167P    331
6.666666666667D-1,1D0,1D0,1D0,1D0,1D0,1D0,1D0,1D0,1D0,1D0,           167P    332
3.002189740085D1,-3.722131047333D-1,-2.230370079892D1,               167P    333
2.993644210061D1,-3.687647480746D-1,-2.230518113872D1,               167P    334
2.976518924439D1,-3.618640848020D-1,-2.230814770190D1,               167P    335
2.950796379147D1,-3.515283078923D-1,-2.231260341271D1,               167P    336
2.933604868845D1,-3.446395996602D-1,-2.231558127127D1,2.925D1,       167P    337
-3.411963124899D-1,-2.231707175692D1,0D0,1D0,0D0,0D0,1D0;            167P    338
124,0D0,0D0,1D0,2.925D1,9.728538469606D-1,-2.314203803772D-1,        169P    339
0D0,-1.949999995638D0,2.314203803772D-1,9.728538469606D-1,0D0,       169P    340
-2.269977051632D1;                                                   169P    341
100,0D0,0D0,0D0,1.653695144624D0,0D0,1.556521638217D0,               171P    342
-5.585230712484D-1;                                                  171P    343
126,5,3,0,0,1,0,0D0,0D0,0D0,0D0,3.333333333333D-1,                   173P    344
6.666666666667D-1,1D0,1D0,1D0,1D0,1D0,1D0,1D0,1D0,1D0,1D0,           173P    345
2.925D1,-3.064783104234D-1,-2.288292100522D1,2.933655997475D1,       173P    346
-3.096869148303D-1,-2.288442096807D1,2.950950903322D1,               173P    347
-3.161040149882D-1,-2.288741797744D1,2.976841328072D1,               173P    348
-3.257293113926D-1,-2.289190462611D1,2.994068317600D1,               173P    349
-3.321465851161D-1,-2.289489004473D1,3.002672787622D1,               173P    350
-3.353551014003D-1,-2.289638121224D1,0D0,1D0,0D0,0D0,1D0;            173P    351
126,3,3,0,0,1,0,0D0,0D0,0D0,0D0,1D0,1D0,1D0,1D0,1D0,1D0,1D0,1D0,     175P    352
2.831389901153D1,-1.863899011535D0,-2.233606786476D1,                175P    353
2.865599371963D1,-1.869874730163D0,-2.233009762790D1,                175P    354
2.899808833897D1,-1.875850560319D0,-2.232412728369D1,                175P    355
2.934018302993D1,-1.881826497645D0,-2.231815682941D1,0D0,1D0,        175P    356
0D0,0D0,1D0;                                                         175P    357
110,2.805D1,-1.6D0,-2.234055690163D1,2.805D1,-1.6D0,                 177P    358
-2.285932080364D1;                                                   177P    359
126,5,3,0,0,1,0,0D0,0D0,0D0,0D0,3.333333333333D-1,                   179P    360
6.666666666667D-1,1D0,1D0,1D0,1D0,1D0,1D0,1D0,1D0,1D0,1D0,           179P    361
2.805D1,-1.6D0,-2.234055690163D1,2.807940815799D1,                   179P    362
-1.629408157994D0,-2.234006459532D1,2.813816718787D1,                179P    363
-1.688167187869D0,-2.233907561967D1,2.822614019304D1,                179P    364
-1.776140193043D0,-2.233757909017D1,2.828466586897D1,                179P    365
-1.834665868967D0,-2.233657300204D1,2.831389901153D1,                179P    366
-1.863899011535D0,-2.233606786476D1,0D0,1D0,0D0,0D0,1D0;             179P    367
126,5,3,0,0,1,0,0D0,0D0,0D0,0D0,3.333333333333D-1,                   181P    368
6.666666666667D-1,1D0,1D0,1D0,1D0,1D0,1D0,1D0,1D0,1D0,1D0,           181P    369
2.831389901153D1,-1.863899011535D0,-2.233606786476D1,                181P    370
2.831385492989D1,-1.863854929894D0,-2.239439569685D1,                181P    371
2.831378786085D1,-1.863787860855D0,-2.251125805035D1,                181P    372
2.831375106590D1,-1.863751065900D0,-2.268717532413D1,                181P    373
2.831376949690D1,-1.863769496901D0,-2.280486198683D1,                181P    374
2.831378957554D1,-1.863789575536D0,-2.286380805052D1,0D0,1D0,        181P    375
0D0,0D0,1D0;                                                         181P    376
126,5,3,0,0,1,0,0D0,0D0,0D0,0D0,3.333333333333D-1,                   183P    377
6.666666666667D-1,1D0,1D0,1D0,1D0,1D0,1D0,1D0,1D0,1D0,1D0,           183P    378
2.805D1,-1.6D0,-2.285932080364D1,2.807940049975D1,                   183P    379
-1.629400499754D0,-2.285981300012D1,2.813814120186D1,                183P    380
-1.688141201858D0,-2.286080169818D1,2.822607683910D1,                183P    381
-1.776076839101D0,-2.286229761799D1,2.828457270380D1,                183P    382
-1.834572703800D0,-2.286330319666D1,2.831378957554D1,                183P    383
-1.863789575536D0,-2.286380805052D1,0D0,1D0,0D0,0D0,1D0;             183P    384
126,5,3,0,0,1,0,0D0,0D0,0D0,0D0,3.333333333333D-1,                   185P    385
6.666666666667D-1,1D0,1D0,1D0,1D0,1D0,1D0,1D0,1D0,1D0,1D0,           185P    386
2.805D1,-1.6D0,-2.285932080364D1,2.805D1,-1.452696765239D0,          185P    387
-2.285942597414D1,2.805D1,-1.160054365669D0,-2.285976970904D1,       185P    388
2.805D1,-7.316976683428D-1,-2.286065245849D1,2.805D1,                185P    389
-4.437683864315D-1,-2.286150456907D1,2.805D1,-3D-1,                  185P    390
-2.286199707500D1,0D0,1D0,0D0,0D0,1D0;                               185P    391
126,5,3,0,0,1,0,0D0,0D0,0D0,0D0,3.333333333333D-1,                   187P    392
6.666666666667D-1,1D0,1D0,1D0,1D0,1D0,1D0,1D0,1D0,1D0,1D0,           187P    393
2.805D1,-3D-1,-2.233787843286D1,2.805D1,-4.437472079855D-1,          187P    394
-2.233837118910D1,2.805D1,-7.316497968349D-1,-2.233922409897D1,      187P    395
2.805D1,-1.160138668876D0,-2.234010777868D1,2.805D1,                 187P    396
-1.452733557727D0,-2.234045166541D1,2.805D1,-1.6D0,                  187P    397
-2.234055690163D1,0D0,1D0,0D0,0D0,1D0;                               187P    398
110,2.805D1,-3D-1,-2.286199707500D1,2.805D1,-3D-1,                   189P    399
-2.233787843286D1;                                                   189P    400
126,5,3,0,0,1,0,0D0,0D0,0D0,0D0,3.333333333333D-1,                   191P    401
6.666666666667D-1,1D0,1D0,1D0,1D0,1D0,1D0,1D0,1D0,1D0,1D0,           191P    402
2.805D1,-3D-1,-2.286199707500D1,2.808315822777D1,                    191P    403
-2.668417722288D-1,-2.286268944383D1,2.814959148018D1,               191P    404
-2.004085198212D-1,-2.286408369190D1,2.824959651174D1,               191P    405
-1.004034882552D-1,-2.286620398561D1,2.831649376875D1,               191P    406
-3.350623125D-2,-2.286763677736D1,2.835D1,0D0,-2.286835804919D1,     191P    407
0D0,1D0,0D0,0D0,1D0;                                                 191P    408
110,2.835D1,0D0,-2.286835804919D1,2.835D1,0D0,-2.233151696741D1;     193P    409
126,5,3,0,0,1,0,0D0,0D0,0D0,0D0,3.333333333333D-1,                   195P    410
6.666666666667D-1,1D0,1D0,1D0,1D0,1D0,1D0,1D0,1D0,1D0,1D0,           195P    411
2.805D1,-3D-1,-2.233787843286D1,2.808316448033D1,                    195P    412
-2.668355196717D-1,-2.233718585898D1,2.814960607883D1,               195P    413
-2.003939211713D-1,-2.233579129355D1,2.824961191628D1,               195P    414
-1.003880837237D-1,-2.233367080732D1,2.831650037469D1,               195P    415
-3.349962530546D-2,-2.233223812419D1,2.835D1,0D0,                    195P    416
-2.233151696741D1,0D0,1D0,0D0,0D0,1D0;                               195P    417
110,2.835D1,0D0,-2.286835804919D1,2.925D1,0D0,-2.288406760762D1;     197P    418
110,2.9D1,-7.131019448208D-1,-2.051310194482D1,2.925D1,-7D-1,        199P    419
-2.05D1;                                                             199P    420
110,2.9D1,-3.686898055179D0,-2.051310194482D1,2.925D1,-3.7D0,        201P    421
-2.05D1;                                                             201P    422
110,2.9D1,-3.686898055179D0,-2.088689805518D1,2.925D1,-3.7D0,        203P    423
-2.09D1;                                                             203P    424
110,2.9D1,-7.131019448208D-1,-2.088689805518D1,2.925D1,-7D-1,        205P    425
-2.09D1;                                                             205P    426
110,2.9D1,-7.131019448208D-1,-2.051310194482D1,2.9D1,                207P    427
-3.686898055179D0,-2.051310194482D1;                                 207P    428
110,2.9D1,-3.686898055179D0,-2.051310194482D1,2.9D1,                 209P    429
-3.686898055179D0,-2.088689805518D1;                                 209P    430
110,2.9D1,-3.686898055179D0,-2.088689805518D1,2.9D1,                 211P    431
-7.131019448208D-1,-2.088689805518D1;                                211P    432
110,2.9D1,-7.131019448208D-1,-2.088689805518D1,2.9D1,                213P    433
-7.131019448208D-1,-2.051310194482D1;                                213P    434
110,2.9D1,-7.131019448208D-1,-2.488689805518D1,2.9D1,                215P    435
-7.131019448208D-1,-2.451310194482D1;                                215P    436
110,2.9D1,-7.131019448208D-1,-2.451310194482D1,2.9D1,                217P    437
-3.686898055179D0,-2.451310194482D1;                                 217P    438
110,2.9D1,-3.686898055179D0,-2.451310194482D1,2.9D1,                 219P    439
-3.686898055179D0,-2.488689805518D1;                                 219P    440
110,2.9D1,-3.686898055179D0,-2.488689805518D1,2.9D1,                 221P    441
-7.131019448208D-1,-2.488689805518D1;                                221P    442
110,2.9D1,-7.131019448208D-1,-2.488689805518D1,2.925D1,-7D-1,        223P    443
-2.49D1;                                                             223P    444
110,2.9D1,-7.131019448208D-1,-2.451310194482D1,2.925D1,-7D-1,        225P    445
-2.45D1;                                                             225P    446
110,2.9D1,-3.686898055179D0,-2.451310194482D1,2.925D1,-3.7D0,        227P    447
-2.45D1;                                                             227P    448
110,2.9D1,-3.686898055179D0,-2.488689805518D1,2.925D1,-3.7D0,        229P    449
-2.49D1;                                                             229P    450
110,2.9D1,-1.963101944821D0,-2.758689805518D1,2.925D1,-1.95D0,       231P    451
-2.76D1;                                                             231P    452
110,2.9D1,-1.963101944821D0,-2.621310194482D1,2.925D1,-1.95D0,       233P    453
-2.62D1;                                                             233P    454
110,2.965D1,-5.270963111713D0,-2.762096311171D1,2.9D1,               235P    455
-5.236898055179D0,-2.758689805518D1;                                 235P    456
110,2.9D1,-5.236898055179D0,-2.621310194482D1,2.925D1,-5.25D0,       237P    457
-2.62D1;                                                             237P    458
110,2.925D1,-5.25D0,-2.61D1,2.925D1,-5.25D0,-2.62D1;                 239P    459
110,2.965D1,-5.270963111713D0,-2.607903688829D1,2.925D1,-5.25D0,     241P    460
-2.61D1;                                                             241P    461
110,2.965D1,-5.270963111713D0,-2.762096311171D1,2.965D1,             243P    462
-5.270963111713D0,-2.607903688829D1;                                 243P    463
124,0D0,0D0,-1D0,2.925D1,1D0,0D0,0D0,-1.95D0,0D0,-1D0,0D0,           245P    464
-2.71D1;                                                             245P    465
100,0D0,0D0,0D0,5D-1,0D0,0D0,5D-1;                                   247P    466
110,2.925D1,-1.95D0,-2.76D1,2.965D1,-1.95D0,-2.762096311171D1;       249P    467
124,0D0,0D0,1D0,2.965D1,0D0,1D0,0D0,-1.95D0,-1D0,0D0,0D0,            251P    468
-2.71D1;                                                             251P    469
100,0D0,0D0,0D0,5.209631117132D-1,0D0,0D0,5.209631117132D-1;         253P    470
110,2.965D1,-1.429036888287D0,-2.71D1,2.925D1,-1.45D0,-2.71D1;       255P    471
126,5,3,0,0,1,0,0D0,0D0,0D0,0D0,3.333333333333D-1,                   257P    472
6.666666666667D-1,1D0,1D0,1D0,1D0,1D0,1D0,1D0,1D0,1D0,1D0,           257P    473
2.925D1,-1.45D0,-2.549556651109D1,2.929435910417D1,                  257P    474
-1.447675237859D0,-2.549751239757D1,2.938313420649D1,                257P    475
-1.443022731891D0,-2.550140260326D1,2.951646754272D1,                257P    476
-1.436035027835D0,-2.550723323930D1,2.960547021691D1,                257P    477
-1.431370595330D0,-2.551111723415D1,2.965D1,-1.429036888287D0,       257P    478
-2.551305846242D1,0D0,1D0,0D0,0D0,1D0;                               257P    479
124,0D0,0D0,-1D0,2.925D1,-3.520935743624D-1,-9.359648043023D-1,      259P    480
0D0,-1.949999995638D0,-9.359648043023D-1,3.520935743624D-1,0D0,      259P    481
-2.269977051632D1;                                                   259P    482
100,0D0,0D0,0D0,2.840154087371D0,0D0,2.440719865469D0,               261P    483
-1.452364203055D0;                                                   261P    484
124,0D0,0D0,1D0,2.965D1,1.820838054162D-1,9.832830151107D-1,0D0,     263P    485
-1.949999995638D0,-9.832830151107D-1,1.820838054162D-1,0D0,          263P    486
-2.269977051632D1;                                                   263P    487
100,0D0,0D0,0D0,2.861117199084D0,0D0,2.442174969382D0,               265P    488
-1.490561319040D0;                                                   265P    489
110,2.9D1,-5.236898055179D0,-2.758689805518D1,2.9D1,                 267P    490
-1.963101944821D0,-2.758689805518D1;                                 267P    491
110,2.9D1,-1.963101944821D0,-2.758689805518D1,2.9D1,                 269P    492
-1.963101944821D0,-2.621310194482D1;                                 269P    493
110,2.9D1,-1.963101944821D0,-2.621310194482D1,2.9D1,                 271P    494
-5.236898055179D0,-2.621310194482D1;                                 271P    495
110,2.9D1,-5.236898055179D0,-2.621310194482D1,2.9D1,                 273P    496
-5.236898055179D0,-2.758689805518D1;                                 273P    497
110,3.099835288395D1,-3.249999995638D0,-2.269977051632D1,            275P    498
3.084682732986D1,-3.249999995638D0,-2.269977038106D1;                275P    499
110,3.099833359752D1,-6.499999956377D-1,-2.269977051632D1,           277P    500
3.084680771909D1,-6.499999956377D-1,-2.269977038088D1;               277P    501
124,0D0,0D0,1D0,3.084677160010D1,1D0,-1.041817517725D-7,0D0,         279P    502
-1.949999995638D0,1.041817517725D-7,1D0,0D0,-2.269977051632D1;       279P    503
100,0D0,0D0,0D0,1.3D0,0D0,-1.3D0,2.706990612371D-7;                  281P    504
124,0D0,0D0,1D0,3.084677000001D1,-1D0,-1.040482954496D-7,0D0,        283P    505
-1.949999995638D0,1.040482954496D-7,-1D0,0D0,-2.269977051632D1;      283P    506
100,0D0,0D0,0D0,1.3D0,0D0,-1.3D0,-2.706990609187D-7;                 285P    507
124,0D0,0D0,-1D0,3.077999071621D1,1D0,5.464994208804D-8,0D0,         287P    508
-1.949999995638D0,5.464994208804D-8,-1D0,0D0,-2.269977051632D1;      287P    509
100,0D0,0D0,0D0,1.7D0,0D0,-1.7D0,-2.834753939279D-7;                 289P    510
124,0D0,0D0,-1D0,3.077999280783D1,-1D0,1.121002898351D-7,0D0,        291P    511
-1.949999995638D0,1.121002898351D-7,1D0,0D0,-2.269977051632D1;       291P    512
100,0D0,0D0,0D0,1.7D0,0D0,-1.7D0,2.834753943443D-7;                  293P    513
126,5,3,0,0,1,0,0D0,0D0,0D0,0D0,3.333333333333D-1,                   295P    514
6.666666666667D-1,1D0,1D0,1D0,1D0,1D0,1D0,1D0,1D0,1D0,1D0,           295P    515
3.088212378507D1,-1.724999995638D0,-2.369977051632D1,                295P    516
3.088336503494D1,-1.774990740161D0,-2.369977051632D1,                295P    517
3.088502019660D1,-1.874978894951D0,-2.369977051632D1,                295P    518
3.088502132314D1,-2.025021046327D0,-2.369977051632D1,                295P    519
3.088336766289D1,-2.125009229687D0,-2.369977051632D1,                295P    520
3.088212716363D1,-2.174999995638D0,-2.369977051632D1,0D0,1D0,        295P    521
0D0,0D0,1D0;                                                         295P    522
124,9.939489440917D-1,1.098430541224D-1,0D0,2.183324310544D1,        297P    523
0D0,0D0,-1D0,-2.174999995638D0,-1.098430541224D-1,                   297P    524
9.939489440917D-1,0D0,-2.269976234964D1;                             297P    525
100,0D0,0D0,0D0,9.103972706020D0,0D0,8.884288391865D0,               299P    526
1.987898086452D0;                                                    299P    527
126,5,3,0,0,1,0,0D0,0D0,0D0,0D0,3.333333333333D-1,                   301P    528
6.666666666667D-1,1D0,1D0,1D0,1D0,1D0,1D0,1D0,1D0,1D0,1D0,           301P    529
3.088212896864D1,-2.174999995638D0,-2.169977051632D1,                301P    530
3.088336946766D1,-2.125009229667D0,-2.169977051632D1,                301P    531
3.088502312758D1,-2.025021046281D0,-2.169977051632D1,                301P    532
3.088502200103D1,-1.874978894916D0,-2.169977051632D1,                301P    533
3.088336683971D1,-1.774990740146D0,-2.169977051632D1,                301P    534
3.088212559008D1,-1.724999995638D0,-2.169977051632D1,0D0,1D0,        301P    535
0D0,0D0,1D0;                                                         301P    536
124,9.939491378807D-1,1.098413005482D-1,0D0,2.183324310544D1,        303P    537
0D0,0D0,1D0,-1.724999995638D0,1.098413005482D-1,                     303P    538
-9.939491378807D-1,0D0,-2.269976234964D1;                            303P    539
100,0D0,0D0,0D0,9.103969347900D0,0D0,8.884284952713D0,               305P    540
1.987898077496D0;                                                    305P    541
110,3.093273702015D1,-3.649999995638D0,-2.269977051632D1,            307P    542
3.078010299197D1,-3.649999995638D0,-2.269977032575D1;                307P    543
110,3.093271160456D1,-2.499999956377D-1,-2.269977051632D1,           309P    544
3.078007714230D1,-2.499999956377D-1,-2.269977042341D1;               309P    545
110,3.103306731123D1,-2.174999995638D0,-2.369977051632D1,            311P    546
3.088212716363D1,-2.174999995638D0,-2.369977051632D1;                311P    547
110,3.103306908663D1,-2.174999995638D0,-2.169977051632D1,            313P    548
3.088212896864D1,-2.174999995638D0,-2.169977051632D1;                313P    549
110,3.103306576339D1,-1.724999995638D0,-2.169977051632D1,            315P    550
3.088212559008D1,-1.724999995638D0,-2.169977051632D1;                315P    551
110,3.103306398799D1,-1.724999995638D0,-2.369977051632D1,            317P    552
3.088212378507D1,-1.724999995638D0,-2.369977051632D1;                317P    553
110,2.183324310544D1,-5.249999995638D0,-2.269976234964D1,            319P    554
2.183324310544D1,-4.249999995638D0,-2.269976234964D1;                319P    555
126,5,3,0,0,1,0,0D0,0D0,0D0,0D0,3.250988940937D-1,                   321P    556
6.749024583512D-1,1D0,1D0,1D0,1D0,1D0,1D0,1D0,1D0,1D0,1D0,           321P    557
3.052561533829D1,-4.144095663556D0,-2.039296649765D1,                321P    558
3.063530440937D1,-3.678749964691D0,-2.036385703393D1,                321P    559
3.079073137679D1,-2.691239392407D0,-2.032260957304D1,                321P    560
3.079072049606D1,-1.208757713802D0,-2.032261246058D1,                321P    561
3.063527965589D1,-2.212517086271D-1,-2.036386360305D1,               321P    562
3.052558450003D1,2.440902953871D-1,-2.039297468156D1,0D0,1D0,        321P    563
0D0,0D0,1D0;                                                         321P    564
120,319,321,1.540510860432D-2,5.034013083023D-1;                     323P    565
102,2,51,65;                                                         325P    566
126,29,3,0,0,1,0,0D0,0D0,0D0,0D0,3.696414977031D-2,                  327P    567
7.410032742990D-2,1.113378769569D-1,1.485565258654D-1,               327P    568
1.856595970326D-1,2.226851884191D-1,2.596806224022D-1,               327P    569
2.965782579041D-1,3.332800886664D-1,3.699298855996D-1,               327P    570
4.067527484340D-1,4.437737619564D-1,4.808403988821D-1,               327P    571
5.179234290491D-1,5.550800990369D-1,5.922818444948D-1,               327P    572
6.294821062685D-1,6.667712179476D-1,7.040314753741D-1,               327P    573
7.412220643649D-1,7.784075282994D-1,8.155619688805D-1,               327P    574
8.526204607602D-1,8.895618478306D-1,9.263909748530D-1,               327P    575
9.631566459564D-1,1D0,1D0,1D0,1D0,1D0,1D0,1D0,1D0,1D0,1D0,1D0,       327P    576
1D0,1D0,1D0,1D0,1D0,1D0,1D0,1D0,1D0,1D0,1D0,1D0,1D0,1D0,1D0,1D0,     327P    577
1D0,1D0,1D0,1D0,1D0,1D0,1D0,4.999996402506D-1,4.940167660004D-1,     327P    578
0D0,4.718090726939D-1,4.940258381909D-1,0D0,4.153050137022D-1,       327P    579
4.917162955882D-1,0D0,3.328429245894D-1,4.814249297979D-1,0D0,       327P    580
2.550815062692D-1,4.644400637469D-1,0D0,1.845596062001D-1,           327P    581
4.411776880439D-1,0D0,1.235373675528D-1,4.122761108639D-1,0D0,       327P    582
7.391605889623D-2,3.785522148246D-1,0D0,3.728548984817D-2,           327P    583
3.410066770425D-1,0D0,1.487124277650D-2,3.008709330321D-1,0D0,       327P    584
7.331857254343D-3,2.594829443292D-1,0D0,1.481199020712D-2,           327P    585
2.181212125543D-1,0D0,3.712767306450D-2,1.780122259899D-1,0D0,       327P    586
7.367461414414D-2,1.404492589036D-1,0D0,1.232558834320D-1,           327P    587
1.066884743330D-1,0D0,1.842058228733D-1,7.777240342106D-2,0D0,       327P    588
2.546032483463D-1,5.449951318295D-2,0D0,3.322967931322D-1,           327P    589
3.747422370385D-2,0D0,4.149954362620D-1,2.709917972080D-2,0D0,       327P    590
5.002193801248D-1,2.362467212724D-2,0D0,5.854286106194D-1,           327P    591
2.713520729246D-2,0D0,6.680691075282D-1,3.753714055260D-2,0D0,       327P    592
7.457161021014D-1,5.458638789082D-2,0D0,8.160520628461D-1,           327P    593
7.787501284137D-2,0D0,8.768796263253D-1,1.067714842809D-1,0D0,       327P    594
9.262845232533D-1,1.404352931803D-1,0D0,9.627445346772D-1,           327P    595
1.778604471464D-1,0D0,9.851181688730D-1,2.179391375182D-1,0D0,       327P    596
9.902031982012D-1,2.455660884625D-1,0D0,9.901712928129D-1,           327P    597
2.594028115724D-1,0D0,0D0,1D0,0D0,0D0,1D0;                           327P    598
126,12,3,0,0,1,0,0D0,0D0,0D0,0D0,9.944104202712D-2,                  329P    599
1.993057507645D-1,2.991910643748D-1,3.990238427962D-1,               329P    600
4.990274636015D-1,5.992072856685D-1,6.994910349207D-1,               329P    601
7.997824275067D-1,8.999718264085D-1,1D0,1D0,1D0,1D0,1D0,1D0,1D0,     329P    602
1D0,1D0,1D0,1D0,1D0,1D0,1D0,1D0,1D0,1D0,9.901712928129D-1,           329P    603
2.594028115724D-1,0D0,9.901925521422D-1,2.718497928602D-1,0D0,       329P    604
9.860727121594D-1,2.967867842825D-1,0D0,9.678223308931D-1,           329P    605
3.332137081413D-1,0D0,9.379009491216D-1,3.676919161810D-1,0D0,       329P    606
8.971844794313D-1,3.993073542810D-1,0D0,8.467456636239D-1,           329P    607
4.273049227352D-1,0D0,7.878576648964D-1,4.510493798481D-1,0D0,       329P    608
7.220263781455D-1,4.700111796598D-1,0D0,6.509228815631D-1,           329P    609
4.837970033890D-1,0D0,5.763204663911D-1,4.921491895158D-1,0D0,       329P    610
5.254278209679D-1,4.940228042568D-1,0D0,4.999996402506D-1,           329P    611
4.940167660004D-1,0D0,0D0,1D0,0D0,0D0,1D0;                           329P    612
102,2,327,329;                                                       331P    613
142,0,323,331,325,1;                                                 333P    614
102,2,29,33;                                                         335P    615
126,19,3,0,0,1,0,0D0,0D0,0D0,0D0,5.875036565849D-2,                  337P    616
1.174502777172D-1,1.759871861204D-1,2.347389806778D-1,               337P    617
2.933865592866D-1,3.524138479512D-1,4.112799296976D-1,               337P    618
4.705374323819D-1,5.295033106271D-1,5.887588451808D-1,               337P    619
6.476454462324D-1,7.066488207338D-1,7.653109567915D-1,               337P    620
8.240349446944D-1,8.825759249617D-1,9.412544806996D-1,1D0,1D0,       337P    621
1D0,1D0,1D0,1D0,1D0,1D0,1D0,1D0,1D0,1D0,1D0,1D0,1D0,1D0,1D0,1D0,     337P    622
1D0,1D0,1D0,1D0,1D0,1D0,1.142436073560D-1,2.594031764167D-1,0D0,     337P    623
1.142142697465D-1,2.709009841460D-1,0D0,1.187041327734D-1,           337P    624
2.938729141973D-1,0D0,1.384181123050D-1,3.270568068292D-1,0D0,       337P    625
1.704581128902D-1,3.578133945557D-1,0D0,2.136170196907D-1,           337P    626
3.850855149983D-1,0D0,2.665203276087D-1,4.080455777119D-1,0D0,       337P    627
3.272691528294D-1,4.259056890445D-1,0D0,3.939956100681D-1,           337P    628
4.381512267546D-1,0D0,4.642354348972D-1,4.443599428964D-1,0D0,       337P    629
5.358133661835D-1,4.443578258028D-1,0D0,6.060589215835D-1,           337P    630
4.381444125498D-1,0D0,6.727798804025D-1,4.258943444653D-1,0D0,       337P    631
7.335267623641D-1,4.080288889289D-1,0D0,7.864129033504D-1,           337P    632
3.850700922868D-1,0D0,8.295629278961D-1,3.577971180209D-1,0D0,       337P    633
8.615900053070D-1,3.270470646410D-1,0D0,8.812980803390D-1,           337P    634
2.938669338745D-1,0D0,8.857865519731D-1,2.709000796375D-1,0D0,       337P    635
8.857572493480D-1,2.594031764192D-1,0D0,0D0,1D0,0D0,0D0,1D0;         337P    636
126,19,3,0,0,1,0,0D0,0D0,0D0,0D0,5.875737713144D-2,                  339P    637
1.174933528855D-1,1.760232526375D-1,2.348196634730D-1,               339P    638
2.934490009350D-1,3.525107856773D-1,4.113606185459D-1,               339P    639
4.706074342340D-1,5.295890281915D-1,5.888091803687D-1,               339P    640
6.477320849401D-1,7.066952549181D-1,7.653796617649D-1,               339P    641
8.240654504344D-1,8.826122686003D-1,9.412619929964D-1,1D0,1D0,       339P    642
1D0,1D0,1D0,1D0,1D0,1D0,1D0,1D0,1D0,1D0,1D0,1D0,1D0,1D0,1D0,1D0,     339P    643
1D0,1D0,1D0,1D0,1D0,1D0,8.857572493480D-1,2.594031764192D-1,0D0,     339P    644
8.857866446758D-1,2.479039852764D-1,0D0,8.812945317784D-1,           339P    645
2.249235419844D-1,0D0,8.615708288771D-1,1.917332838141D-1,0D0,       339P    646
8.295094634207D-1,1.609658768342D-1,0D0,7.863348082283D-1,           339P    647
1.336943823260D-1,0D0,7.334027603933D-1,1.107323844566D-1,0D0,       339P    648
6.726440686157D-1,9.287951471396D-2,0D0,6.059079045257D-1,           339P    649
8.064247464835D-2,0D0,5.356696428654D-1,7.444210202946D-2,0D0,       339P    650
4.641036251432D-1,7.445258670393D-2,0D0,3.938549044375D-1,           339P    651
8.067371148388D-2,0D0,3.271535861392D-1,9.292810014595D-2,0D0,       339P    652
2.664088661568D-1,1.108014169851D-1,0D0,2.135478791019D-1,           339P    653
1.337577639592D-1,0D0,1.704097094578D-1,1.610322462764D-1,0D0,       339P    654
1.384004908738D-1,1.917733296449D-1,0D0,1.187008019821D-1,           339P    655
2.249480996295D-1,0D0,1.142143544618D-1,2.479077607842D-1,0D0,       339P    656
1.142436073560D-1,2.594031764167D-1,0D0,0D0,1D0,0D0,0D0,1D0;         339P    657
102,2,337,339;                                                       341P    658
142,0,323,341,335,1;                                                 343P    659
144,323,1,1,333,343;                                                 345P    660
110,2.183324310544D1,-5.249999995638D0,-2.269976234964D1,            347P    661
2.183324310544D1,-4.249999995638D0,-2.269976234964D1;                347P    662
126,5,3,0,0,1,0,0D0,0D0,0D0,0D0,3.250988940937D-1,                   349P    663
6.749024583512D-1,1D0,1D0,1D0,1D0,1D0,1D0,1D0,1D0,1D0,1D0,           349P    664
3.052561533829D1,-4.144095663556D0,-2.039296649765D1,                349P    665
3.063530440937D1,-3.678749964691D0,-2.036385703393D1,                349P    666
3.079073137679D1,-2.691239392407D0,-2.032260957304D1,                349P    667
3.079072049606D1,-1.208757713802D0,-2.032261246058D1,                349P    668
3.063527965589D1,-2.212517086271D-1,-2.036386360305D1,               349P    669
3.052558450003D1,2.440902953871D-1,-2.039297468156D1,0D0,1D0,        349P    670
0D0,0D0,1D0;                                                         349P    671
120,347,349,1.540510860432D-2,5.034013083023D-1;                     351P    672
124,0D0,0D0,-1D0,3.099829684623D1,-1D0,0D0,0D0,                      353P    673
-1.949999995638D0,0D0,1D0,0D0,-2.269977051632D1;                     353P    674
100,0D0,0D0,0D0,1.3D0,0D0,-1.3D0,0D0;                                355P    675
124,0D0,0D0,-1D0,3.099829527251D1,1D0,0D0,0D0,-1.949999995638D0,     357P    676
0D0,-1D0,0D0,-2.269977051632D1;                                      357P    677
100,0D0,0D0,0D0,1.3D0,0D0,-1.3D0,0D0;                                359P    678
102,2,355,359;                                                       361P    679
126,17,3,0,0,1,0,0D0,0D0,0D0,0D0,6.658988997648D-2,                  363P    680
1.332336199438D-1,1.996605539994D-1,2.664018551028D-1,               363P    681
3.328936188153D-1,3.998764734803D-1,4.664700872653D-1,               363P    682
5.335270856267D-1,6.001204104147D-1,6.671018521301D-1,               363P    683
7.335911658561D-1,8.003363038909D-1,8.667623074838D-1,               363P    684
9.334092813270D-1,1D0,1D0,1D0,1D0,1D0,1D0,1D0,1D0,1D0,1D0,1D0,       363P    685
1D0,1D0,1D0,1D0,1D0,1D0,1D0,1D0,1D0,1D0,1D0,2.057500353918D-1,       363P    686
2.594031699913D-1,0D0,2.057149408453D-1,2.495077223869D-1,0D0,       363P    687
2.101067911770D-1,2.297247767547D-1,0D0,2.293033717125D-1,           363P    688
2.014093030703D-1,0D0,2.603596100896D-1,1.756858541098D-1,0D0,       363P    689
3.018006619001D-1,1.537067998221D-1,0D0,3.519475344896D-1,           363P    690
1.363387857482D-1,0D0,4.084616567094D-1,1.243665764976D-1,0D0,       363P    691
4.690787869640D-1,1.182432805557D-1,0D0,5.309187920540D-1,           363P    692
1.182431186828D-1,0D0,5.915355517447D-1,1.243660350522D-1,0D0,       363P    693
6.480488354719D-1,1.363376259839D-1,0D0,6.981963892509D-1,           363P    694
1.537051657826D-1,0D0,7.396383796518D-1,1.756839773161D-1,0D0,       363P    695
7.706962314035D-1,2.014080652487D-1,0D0,7.898936277277D-1,           363P    696
2.297239858860D-1,0D0,7.942856828733D-1,2.495075798888D-1,0D0,       363P    697
7.942505821522D-1,2.594031699932D-1,0D0,0D0,1D0,0D0,0D0,1D0;         363P    698
126,17,3,0,0,1,0,0D0,0D0,0D0,0D0,6.659004945064D-2,                  365P    699
1.332343483239D-1,1.996607305390D-1,2.664019026552D-1,               365P    700
3.328933650088D-1,3.998757903185D-1,4.664693562171D-1,               365P    701
5.335262280781D-1,6.001195319478D-1,6.671010447656D-1,               365P    702
7.335902521660D-1,8.003355719007D-1,8.667612106292D-1,               365P    703
9.334090208489D-1,1D0,1D0,1D0,1D0,1D0,1D0,1D0,1D0,1D0,1D0,1D0,       365P    704
1D0,1D0,1D0,1D0,1D0,1D0,1D0,1D0,1D0,1D0,1D0,7.942505821522D-1,       365P    705
2.594031699932D-1,0D0,7.942856780826D-1,2.692986619130D-1,0D0,       365P    706
7.898937818706D-1,2.890817576031D-1,0D0,7.706970572923D-1,           365P    707
3.173972985998D-1,0D0,7.396407030101D-1,3.431207386702D-1,0D0,       365P    708
6.981997698095D-1,3.650996836072D-1,0D0,6.480530606291D-1,           365P    709
3.824676097278D-1,0D0,5.915391489373D-1,3.944397688860D-1,0D0,       365P    710
5.309222009783D-1,4.005630531623D-1,0D0,4.690822582023D-1,           365P    711
4.005632257036D-1,0D0,4.084655155786D-1,3.944403330828D-1,0D0,       365P    712
3.519522325749D-1,3.824687746273D-1,0D0,3.018046128608D-1,           365P    713
3.651012684778D-1,0D0,2.603626316782D-1,3.431225458231D-1,0D0,       365P    714
2.293045885266D-1,3.173984522308D-1,0D0,2.101070331075D-1,           365P    715
2.890824935256D-1,0D0,2.057149334704D-1,2.692987775340D-1,0D0,       365P    716
2.057500353918D-1,2.594031699913D-1,0D0,0D0,1D0,0D0,0D0,1D0;         365P    717
102,2,363,365;                                                       367P    718
142,0,351,367,361,1;                                                 369P    719
102,4,35,39,41,45;                                                   371P    720
126,5,3,0,0,1,0,0D0,0D0,0D0,0D0,3.333238089395D-1,                   373P    721
6.666762021984D-1,1D0,1D0,1D0,1D0,1D0,1D0,1D0,1D0,1D0,1D0,           373P    722
4.492332755674D-1,3.676757998738D-1,0D0,4.605143849216D-1,           373P    723
3.676615576484D-1,0D0,4.830777624526D-1,3.676425697977D-1,0D0,       373P    724
5.169225362493D-1,3.676425827249D-1,0D0,5.394859137361D-1,           373P    725
3.676615878232D-1,0D0,5.507670229629D-1,3.676758386803D-1,0D0,       373P    726
0D0,1D0,0D0,0D0,1D0;                                                 373P    727
110,5.507670229629D-1,3.676758386803D-1,0D0,5.507670229629D-1,       375P    728
1.511304945782D-1,0D0;                                               375P    729
126,5,3,0,0,1,0,0D0,0D0,0D0,0D0,3.333237977420D-1,                   377P    730
6.666761910006D-1,1D0,1D0,1D0,1D0,1D0,1D0,1D0,1D0,1D0,1D0,           377P    731
5.507670229629D-1,1.511304945782D-1,0D0,5.394859137373D-1,           377P    732
1.511447451998D-1,0D0,5.169225362525D-1,1.511637499840D-1,0D0,       377P    733
4.830777624575D-1,1.511637629110D-1,0D0,4.605143849245D-1,           377P    734
1.511447753741D-1,0D0,4.492332755674D-1,1.511305333841D-1,0D0,       377P    735
0D0,1D0,0D0,0D0,1D0;                                                 377P    736
110,4.492332755674D-1,1.511305333841D-1,0D0,4.492332755674D-1,       379P    737
3.676757998738D-1,0D0;                                               379P    738
102,4,373,375,377,379;                                               381P    739
142,0,351,381,371,1;                                                 383P    740
144,351,1,1,369,383;                                                 385P    741
128,3,31,3,3,0,0,0,0,0,0D0,0D0,0D0,0D0,1D0,1D0,1D0,1D0,              387P    742
-3.247073609782D-3,-3.247073609782D-3,-3.247073609782D-3,            387P    743
-3.247073609782D-3,0D0,3.692865735577D-2,7.404454505850D-2,          387P    744
1.112766763674D-1,1.485081524658D-1,1.856261165229D-1,               387P    745
2.226594416589D-1,2.596626438512D-1,2.965753323258D-1,               387P    746
3.332889419402D-1,3.699378213899D-1,4.067541258492D-1,               387P    747
4.437726037203D-1,4.808406743979D-1,5.179262842337D-1,               387P    748
5.550862665520D-1,5.922906501606D-1,6.294948099492D-1,               387P    749
6.667881948191D-1,7.040485332231D-1,7.412386770957D-1,               387P    750
7.784252874956D-1,8.155765894338D-1,8.526257488337D-1,               387P    751
8.895553794563D-1,9.263747174879D-1,9.631444939866D-1,1D0,           387P    752
1.003787271669D0,1.003787271669D0,1.003787271669D0,                  387P    753
1.003787271669D0,1.251617372553D0,9.161275424824D-1,                 387P    754
9.161275424824D-1,1.251617372553D0,1.251617372553D0,                 387P    755
9.161275424824D-1,9.161275424824D-1,1.251617372553D0,                387P    756
1.251617372553D0,9.161275424824D-1,9.161275424824D-1,                387P    757
1.251617372553D0,1.251617372553D0,9.161275424824D-1,                 387P    758
9.161275424824D-1,1.251617372553D0,1.251617372553D0,                 387P    759
9.161275424824D-1,9.161275424824D-1,1.251617372553D0,                387P    760
1.251617372553D0,9.161275424824D-1,9.161275424824D-1,                387P    761
1.251617372553D0,1.251617372553D0,9.161275424824D-1,                 387P    762
9.161275424824D-1,1.251617372553D0,1.251617372553D0,                 387P    763
9.161275424824D-1,9.161275424824D-1,1.251617372553D0,                387P    764
1.251617372553D0,9.161275424824D-1,9.161275424824D-1,                387P    765
1.251617372553D0,1.251617372553D0,9.161275424824D-1,                 387P    766
9.161275424824D-1,1.251617372553D0,1.251617372553D0,                 387P    767
9.161275424824D-1,9.161275424824D-1,1.251617372553D0,                387P    768
1.251617372553D0,9.161275424824D-1,9.161275424824D-1,                387P    769
1.251617372553D0,1.251617372553D0,9.161275424824D-1,                 387P    770
9.161275424824D-1,1.251617372553D0,1.251617372553D0,                 387P    771
9.161275424824D-1,9.161275424824D-1,1.251617372553D0,                387P    772
1.251617372553D0,9.161275424824D-1,9.161275424824D-1,                387P    773
1.251617372553D0,1.251617372553D0,9.161275424824D-1,                 387P    774
9.161275424824D-1,1.251617372553D0,1.251617372553D0,                 387P    775
9.161275424824D-1,9.161275424824D-1,1.251617372553D0,                387P    776
1.251617372553D0,9.161275424824D-1,9.161275424824D-1,                387P    777
1.251617372553D0,1.251617372553D0,9.161275424824D-1,                 387P    778
9.161275424824D-1,1.251617372553D0,1.251617372553D0,                 387P    779
9.161275424824D-1,9.161275424824D-1,1.251617372553D0,                387P    780
1.251617372553D0,9.161275424824D-1,9.161275424824D-1,                387P    781
1.251617372553D0,1.251617372553D0,9.161275424824D-1,                 387P    782
9.161275424824D-1,1.251617372553D0,1.251617372553D0,                 387P    783
9.161275424824D-1,9.161275424824D-1,1.251617372553D0,                387P    784
1.251617372553D0,9.161275424824D-1,9.161275424824D-1,                387P    785
1.251617372553D0,1.251617372553D0,9.161275424824D-1,                 387P    786
9.161275424824D-1,1.251617372553D0,1.251617372553D0,                 387P    787
9.161275424824D-1,9.161275424824D-1,1.251617372553D0,                387P    788
1.251617372553D0,9.161275424824D-1,9.161275424824D-1,                387P    789
1.251617372553D0,1.251617372553D0,9.161275424824D-1,                 387P    790
9.161275424824D-1,1.251617372553D0,1.251617372553D0,                 387P    791
9.161275424824D-1,9.161275424824D-1,1.251617372553D0,                387P    792
1.251617372553D0,9.161275424824D-1,9.161275424824D-1,                387P    793
1.251617372553D0,1.251617372553D0,9.161275424824D-1,                 387P    794
9.161275424824D-1,1.251617372553D0,1.251617372553D0,                 387P    795
9.161275424824D-1,9.161275424824D-1,1.251617372553D0,                387P    796
3.059346490641D1,-1.841624443661D0,-2.499666497382D1,                387P    797
3.073513461102D1,-1.839960985011D0,-2.503196225323D1,                387P    798
3.084816731244D1,-1.844318729622D0,-2.493963909382D1,                387P    799
3.084166944539D1,-1.851193461993D0,-2.479393579077D1,                387P    800
3.059346468773D1,-1.853475916122D0,-2.499722471514D1,                387P    801
3.073513438471D1,-1.851994262960D0,-2.503253059462D1,                387P    802
3.084816712127D1,-1.855875380067D0,-2.494018490203D1,                387P    803
3.084166930385D1,-1.861998324859D0,-2.479444605228D1,                387P    804
3.059346294967D1,-2.000190286326D0,-2.500300947098D1,                387P    805
3.073513257512D1,-2.000959203184D0,-2.503840422962D1,                387P    806
3.084816548790D1,-1.998939887240D0,-2.494582564483D1,                387P    807
3.084166795275D1,-1.995756141371D0,-2.479971940831D1,                387P    808
3.059347386004D1,-2.283807498074D0,-2.498700157058D1,                387P    809
3.073514380566D1,-2.288925662807D0,-2.502215037756D1,                387P    810
3.084817589309D1,-2.275498982028D0,-2.493021571929D1,                387P    811
3.084167705076D1,-2.254324321340D0,-2.478512548354D1,                387P    812
3.059351849910D1,-2.681380806628D0,-2.489255538756D1,                387P    813
3.073518940400D1,-2.692605273935D0,-2.492625286668D1,                387P    814
3.084821897556D1,-2.663195507859D0,-2.483811436738D1,                387P    815
3.084171616531D1,-2.616800934271D0,-2.469901515266D1,                387P    816
3.059354360144D1,-3.057163049174D0,-2.472896363778D1,                387P    817
3.073521447341D1,-3.074166711240D0,-2.476014705491D1,                387P    818
3.084824413442D1,-3.029655978642D0,-2.467858402940D1,                387P    819
3.084174146408D1,-2.959423494827D0,-2.454986225483D1,                387P    820
3.059360037923D1,-3.398102067336D0,-2.450150859593D1,                387P    821
3.073527394207D1,-3.420329056771D0,-2.452919701297D1,                387P    822
3.084829655782D1,-3.362101544237D0,-2.445677698193D1,                387P    823
3.084178277143D1,-3.270242317706D0,-2.434248399342D1,                387P    824
3.059367971942D1,-3.693003695196D0,-2.421796284487D1,                387P    825
3.073535615826D1,-3.719752495741D0,-2.424129413340D1,                387P    826
3.084837124312D1,-3.649663536242D0,-2.418027146044D1,                387P    827
3.084184557482D1,-3.539097810787D0,-2.408396530062D1,                387P    828
3.059374716380D1,-3.932878075601D0,-2.388762042273D1,                387P    829
3.073542488360D1,-3.963312101809D0,-2.390587511533D1,                387P    830
3.084843661707D1,-3.883580689709D0,-2.385813036406D1,                387P    831
3.084190565998D1,-3.757798668203D0,-2.378277940036D1,                387P    832
3.059378267466D1,-4.110620204264D0,-2.352094088929D1,                387P    833
3.073545956298D1,-4.143792643270D0,-2.353356040327D1,                387P    834
3.084847347729D1,-4.056922433123D0,-2.350055391293D1,                387P    835
3.084194595967D1,-3.919864960970D0,-2.344846309645D1,                387P    836
3.059379129005D1,-4.220934190221D0,-2.312989844619D1,                387P    837
3.073546643188D1,-4.255810438702D0,-2.313650849453D1,                387P    838
3.084848491960D1,-4.164512883869D0,-2.311921966399D1,                387P    839
3.084196461764D1,-4.020457096236D0,-2.309193451045D1,                387P    840
3.059379105800D1,-4.261063364866D0,-2.272691057196D1,                387P    841
3.073546526866D1,-4.296560347368D0,-2.272732777112D1,                387P    842
3.084848619366D1,-4.203652966306D0,-2.272623698280D1,                387P    843
3.084196973754D1,-4.057051310007D0,-2.272451534820D1,                387P    844
3.059379209129D1,-4.230415443937D0,-2.232345367828D1,                387P    845
3.073546703878D1,-4.265438305549D0,-2.231767083607D1,                387P    846
3.084848603524D1,-4.173760363943D0,-2.233279696179D1,                387P    847
3.084196653601D1,-4.029103071998D0,-2.235666860647D1,                387P    848
3.059378648273D1,-4.129583337479D0,-2.193042471821D1,                387P    849
3.073546317012D1,-4.163048413565D0,-2.191860191018D1,                387P    850
3.084847761087D1,-4.075416943529D0,-2.194952557836D1,                387P    851
3.084195092374D1,-3.937156470334D0,-2.199832891504D1,                387P    852
3.059375613798D1,-3.960767838765D0,-2.155973519438D1,                387P    853
3.073543389029D1,-3.991631051725D0,-2.154221558444D1,                387P    854
3.084844553932D1,-3.910779089948D0,-2.158803869383D1,                387P    855
3.084191444874D1,-3.783227855689D0,-2.166035655084D1,                387P    856
3.059369294059D1,-3.728815748848D0,-2.122369903333D1,                387P    857
3.073536971801D1,-3.756114165116D0,-2.120101529030D1,                387P    858
3.084838391656D1,-3.684585184101D0,-2.126034513085D1,                387P    859
3.084185684976D1,-3.571747771773D0,-2.135397934634D1,                387P    860
3.059361400216D1,-3.440955166838D0,-2.093337316917D1,                387P    861
3.073528804604D1,-3.463838859193D0,-2.090622806279D1,                387P    862
3.084830940241D1,-3.403887417085D0,-2.097722772945D1,                387P    863
3.084179362892D1,-3.309309900806D0,-2.108927884345D1,                387P    864
3.059355234349D1,-3.106003117069D0,-2.069803830322D1,                387P    865
3.073522350961D1,-3.123755523886D0,-2.066727711375D1,                387P    866
3.084825240050D1,-3.077280228604D0,-2.074773652665D1,                387P    867
3.084174851506D1,-3.003949648526D0,-2.087471630201D1,                387P    868
3.059352717383D1,-2.734376991839D0,-2.052535253799D1,                387P    869
3.073519809866D1,-2.746417415134D0,-2.049193760054D1,                387P    870
3.084822761969D1,-2.714878719962D0,-2.057933805793D1,                387P    871
3.084172472909D1,-2.665122278854D0,-2.071727213257D1,                387P    872
3.059348343890D1,-2.337617566435D0,-2.042090397262D1,                387P    873
3.073515362110D1,-2.343561151708D0,-2.038588395022D1,                387P    874
3.084818508507D1,-2.327970373566D0,-2.047748271732D1,                387P    875
3.084168526059D1,-2.303382324311D0,-2.062204248804D1,                387P    876
3.059346172951D1,-1.928411566480D0,-2.038825568251D1,                387P    877
3.073513124458D1,-1.928079344233D0,-2.035273402835D1,                387P    878
3.084816445615D1,-1.928946713089D0,-2.044564519830D1,                387P    879
3.084166738871D1,-1.930316191287D0,-2.059227605725D1,                387P    880
3.059348131826D1,-1.519943894642D0,-2.042854609323D1,                387P    881
3.073515154129D1,-1.513347149846D0,-2.039364349204D1,                387P    882
3.084818289873D1,-1.530642934672D0,-2.048493506240D1,                387P    883
3.084168290604D1,-1.557923101057D0,-2.062901004612D1,                387P    884
3.059351717029D1,-1.125427121656D0,-2.054028626486D1,                387P    885
3.073518782095D1,-1.112765241792D0,-2.050710084787D1,                387P    886
3.084821806016D1,-1.145916580237D0,-2.059390108312D1,                387P    887
3.084171630259D1,-1.198222981361D0,-2.073088785273D1,                387P    888
3.059353821438D1,-7.571948626149D-1,-2.071975716160D1,               387P    889
3.073520932170D1,-7.388763824672D-1,-2.068932969683D1,               387P    890
3.084823836657D1,-7.868304978052D-1,-2.076891607685D1,               387P    891
3.084173472405D1,-8.624956201783D-1,-2.089451809816D1,               387P    892
3.059359832768D1,-4.268294971107D-1,-2.096109464572D1,               387P    893
3.073527233060D1,-4.034498191189D-1,-2.093437551264D1,               387P    894
3.084829379457D1,-4.646953871538D-1,-2.100426087759D1,               387P    895
3.084177819072D1,-5.613164888117D-1,-2.111455346400D1,               387P    896
3.059367247205D1,-1.448118436032D-1,-2.125616290064D1,               387P    897
3.073534901675D1,-1.171063732462D-1,-2.123397804237D1,               387P    898
3.084836382574D1,-1.896939414800D-1,-2.129200300440D1,               387P    899
3.084183772167D1,-3.042043351725D-1,-2.138357787673D1,               387P    900
3.059372897033D1,8.031058668745D-2,-2.159513946421D1,                387P    901
3.073540620525D1,1.114768664315D-1,-2.157816395173D1,                387P    902
3.084841920923D1,2.984160670756D-2,-2.162256402697D1,                387P    903
3.084189025640D1,-9.894941283999D-2,-2.169263602995D1,               387P    904
3.059375361561D1,2.421832303429D-1,-2.196736846195D1,                387P    905
3.073542960987D1,2.758450125921D-1,-2.195611340464D1,                387P    906
3.084844586836D1,1.877095211571D-1,-2.198555215576D1,                387P    907
3.084192204811D1,4.864960031065D-2,-2.203201198155D1,                387P    908
3.059375641479D1,3.364766167690D-1,-2.236179009454D1,                387P    909
3.073543067714D1,3.715954288063D-1,-2.235659638504D1,                387P    910
3.084845145679D1,2.796762411478D-1,-2.237018158459D1,                387P    911
3.084193477515D1,1.346345010955D-1,-2.239162135708D1,                387P    912
3.059375538238D1,3.532027721178D-1,-2.264579946337D1,                387P    913
3.073542923040D1,3.885803503447D-1,-2.264497020443D1,                387P    914
3.084845112818D1,2.959897623374D-1,-2.264713968082D1,                387P    915
3.084193619801D1,1.498863520001D-1,-2.265056334038D1,                387P    916
3.059375539210D1,3.475479304325D-1,-2.279422085018D1,                387P    917
3.073542936536D1,3.828380622228D-1,-2.279567243009D1,                387P    918
3.084845090678D1,2.904747171089D-1,-2.279187611380D1,                387P    919
3.084193542521D1,1.447305050032D-1,-2.278588465256D1,                387P    920
3.059375544365D1,3.468955170937D-1,-2.280804286378D1,                387P    921
3.073542943198D1,3.821755591660D-1,-2.280970685108D1,                387P    922
3.084845090579D1,2.898384286030D-1,-2.280535495928D1,                387P    923
3.084193532830D1,1.441356552758D-1,-2.279848669742D1,0D0,1D0,        387P    924
-3.247073609782D-3,1.003787271669D0;                                 387P    925
124,9.726275884663D-1,-2.323694776717D-1,9.414210637916D-7,          389P    926
3.064213508241D1,2.323694776718D-1,9.726275884667D-1,                389P    927
-1.246733793385D-8,1.553815736663D-1,-9.127550642983D-7,             389P    928
2.308835976917D-7,9.999999999996D-1,-2.269977051446D1;               389P    929
100,0D0,0D0,0D0,1.999999801758D-1,0D0,5.323428388801D-2,             391P    930
1.927851215454D-1;                                                   391P    931
102,4,49,55,51,391;                                                  393P    932
126,29,3,0,0,1,0,0D0,0D0,0D0,0D0,3.683826449380D-2,                  395P    933
7.360490333465D-2,1.104332648320D-1,1.473746420801D-1,               395P    934
1.844338609544D-1,2.215895320203D-1,2.587752885930D-1,               395P    935
2.959659505101D-1,3.332275082191D-1,3.705179151339D-1,               395P    936
4.077183501502D-1,4.449202794302D-1,4.820782134095D-1,               395P    937
5.191619993415D-1,5.562285725182D-1,5.932491345399D-1,               395P    938
6.300716552131D-1,6.667213502987D-1,7.034230931717D-1,               395P    939
7.403204042505D-1,7.773153874298D-1,8.143409257297D-1,               395P    940
8.514447544318D-1,8.886647807343D-1,9.259020904859D-1,               395P    941
9.630398798380D-1,1D0,1D0,1D0,1D0,1D0,1D0,1D0,1D0,1D0,1D0,1D0,       395P    942
1D0,1D0,1D0,1D0,1D0,1D0,1D0,1D0,1D0,1D0,1D0,1D0,1D0,1D0,1D0,1D0,     395P    943
1D0,1D0,1D0,1D0,1D0,1D0,1D0,1.637754534088D-1,9.939100452745D-1,     395P    944
0D0,1.637768648876D-1,9.817908481892D-1,0D0,1.637673627784D-1,       395P    945
9.575701422430D-1,0D0,1.637401888243D-1,9.212239591593D-1,0D0,       395P    946
1.637240564315D-1,8.848482383725D-1,0D0,1.637385912086D-1,           395P    947
8.483745398381D-1,0D0,1.637805405107D-1,8.117940625543D-1,0D0,       395P    948
1.638225730909D-1,7.751332403513D-1,0D0,1.638279136593D-1,           395P    949
7.384287372917D-1,0D0,1.638355904490D-1,7.016892370236D-1,0D0,       395P    950
1.638456272650D-1,6.649159498741D-1,0D0,1.638346446186D-1,           395P    951
6.281394003356D-1,0D0,1.638235416227D-1,5.913819510699D-1,0D0,       395P    952
1.638193901349D-1,5.546680914855D-1,0D0,1.637745918596D-1,           395P    953
5.179932127668D-1,0D0,1.637321546030D-1,4.813625546718D-1,0D0,       395P    954
1.637163642247D-1,4.447768223811D-1,0D0,1.637320263800D-1,           395P    955
4.082769421600D-1,0D0,1.637590873034D-1,3.719143077461D-1,0D0,       395P    956
1.637718978471D-1,3.356566729338D-1,0D0,1.637591492349D-1,           395P    957
2.993744166651D-1,0D0,1.637322579202D-1,2.629784452048D-1,0D0,       395P    958
1.637167872982D-1,2.264758802666D-1,0D0,1.637332559987D-1,           395P    959
1.899054216712D-1,0D0,1.637750920971D-1,1.532613581874D-1,0D0,       395P    960
1.638216295651D-1,1.165473241115D-1,0D0,1.638234665295D-1,           395P    961
7.982334377038D-2,0D0,1.638364393546D-1,4.318030419131D-2,0D0,       395P    962
1.638423263312D-1,1.879776529680D-2,0D0,1.638420701355D-1,           395P    963
6.638876926563D-3,0D0,0D0,1D0,0D0,0D0,1D0;                           395P    964
110,1.638420701355D-1,6.638876926563D-3,0D0,8.362634556320D-1,       397P    965
6.638873901653D-3,0D0;                                               397P    966
126,29,3,0,0,1,0,0D0,0D0,0D0,0D0,3.696449217315D-2,                  399P    967
7.410064237024D-2,1.113381635672D-1,1.485567854285D-1,               399P    968
1.856598293131D-1,2.226853937780D-1,2.596808010185D-1,               399P    969
2.965784100386D-1,3.332802145856D-1,3.699299854164D-1,               399P    970
4.067528220928D-1,4.437738093961D-1,4.808404201349D-1,               399P    971
5.179234241322D-1,5.550800679068D-1,5.922817870498D-1,               399P    972
6.294820224685D-1,6.667711076964D-1,7.040313386250D-1,               399P    973
7.412219010089D-1,7.784073382451D-1,8.155617521251D-1,               399P    974
8.526202171083D-1,8.895615773114D-1,9.263906768890D-1,               399P    975
9.631563214783D-1,1D0,1D0,1D0,1D0,1D0,1D0,1D0,1D0,1D0,1D0,1D0,       399P    976
1D0,1D0,1D0,1D0,1D0,1D0,1D0,1D0,1D0,1D0,1D0,1D0,1D0,1D0,1D0,1D0,     399P    977
1D0,1D0,1D0,1D0,1D0,1D0,1D0,8.362634556320D-1,6.638873901653D-3,     399P    978
0D0,8.362727758058D-1,1.879974720260D-2,0D0,8.362795567310D-1,       399P    979
4.318375281266D-2,0D0,8.362753850233D-1,7.982758756071D-2,0D0,       399P    980
8.362784776523D-1,1.165500038874D-1,0D0,8.362764652895D-1,           399P    981
1.532649294989D-1,0D0,8.362773653834D-1,1.899086698099D-1,0D0,       399P    982
8.362770079628D-1,2.264786020453D-1,0D0,8.362771234717D-1,           399P    983
2.629805706783D-1,0D0,8.362770836783D-1,2.993761578298D-1,0D0,       399P    984
8.362770998852D-1,3.356582151724D-1,0D0,8.362771054306D-1,           399P    985
3.719156585272D-1,0D0,8.362771007789D-1,4.082779207790D-1,0D0,       399P    986
8.362771119464D-1,4.447772199378D-1,0D0,8.362770976214D-1,           399P    987
4.813624102315D-1,0D0,8.362770678707D-1,5.179928288060D-1,0D0,       399P    988
8.362772491189D-1,5.546683805705D-1,0D0,8.362768416246D-1,           399P    989
5.913812528733D-1,0D0,8.362771946709D-1,6.281377397018D-1,0D0,       399P    990
8.362771737501D-1,6.649145734076D-1,0D0,8.362767208012D-1,           399P    991
7.016883001897D-1,0D0,8.362781771737D-1,7.384266122884D-1,0D0,       399P    992
8.362761999121D-1,7.751303611419D-1,0D0,8.362776011569D-1,           399P    993
8.117917263954D-1,0D0,8.362768623094D-1,8.483720029818D-1,0D0,       399P    994
8.362773504619D-1,8.848452386116D-1,0D0,8.362765427997D-1,           399P    995
9.212200375989D-1,0D0,8.362791194329D-1,9.575672859411D-1,0D0,       399P    996
8.362727449554D-1,9.817891679510D-1,0D0,8.362649292130D-1,           399P    997
9.939100447425D-1,0D0,0D0,1D0,0D0,0D0,1D0;                           399P    998
110,8.362649292130D-1,9.939100447425D-1,0D0,1.637754534088D-1,       401P    999
9.939100452745D-1,0D0;                                               401P   1000
102,4,395,397,399,401;                                               403P   1001
142,0,387,403,393,1;                                                 405P   1002
144,387,1,0,405;                                                     407P   1003
110,9.666324516700D1,-1.949999995638D0,-2.269977051632D1,            409P   1004
9.566324516700D1,-1.949999995638D0,-2.269977051632D1;                409P   1005
110,3.070493937921D1,-1.949999995638D0,-2.500308530880D1,            411P   1006
2.959420831055D1,-1.949999995638D0,-2.504187289242D1;                411P   1007
120,409,411,-9.424777960769D-2,4.806636759992D0;                     413P   1008
110,2.965D1,3.901538069660D-1,-2.269976943135D1,                     415P   1009
3.064911482995D1,3.552617575377D-1,-2.269977051617D1;                415P   1010
102,4,49,57,73,415;                                                  417P   1011
126,29,3,0,0,1,0,0D0,0D0,0D0,0D0,3.683828071731D-2,                  419P   1012
7.360491885688D-2,1.104332953773D-1,1.473746763658D-1,               419P   1013
1.844338992210D-1,2.215895705615D-1,2.587753249124D-1,               419P   1014
2.959659823044D-1,3.332275336163D-1,3.705179322509D-1,               419P   1015
4.077183576621D-1,4.449202765409D-1,4.820781996667D-1,               419P   1016
5.191619748056D-1,5.562285376949D-1,5.932490904607D-1,               419P   1017
6.300716032938D-1,6.667212920307D-1,7.034230302728D-1,               419P   1018
7.403203391317D-1,7.773153230330D-1,8.143408645863D-1,               419P   1019
8.514447005418D-1,8.886647345389D-1,9.259020649966D-1,               419P   1020
9.630398580694D-1,1D0,1D0,1D0,1D0,1D0,1D0,1D0,1D0,1D0,1D0,1D0,       419P   1021
1D0,1D0,1D0,1D0,1D0,1D0,1D0,1D0,1D0,1D0,1D0,1D0,1D0,1D0,1D0,1D0,     419P   1022
1D0,1D0,1D0,1D0,1D0,1D0,1D0,5.025927790390D-2,4.712388980385D0,      419P   1023
0D0,5.025955210050D-2,4.654523895385D0,0D0,5.026101976890D-2,        419P   1024
4.538907141941D0,0D0,5.027371025121D-2,4.365442175273D0,0D0,         419P   1025
5.030463162650D-2,4.191814369594D0,0D0,5.035300586920D-2,            419P   1026
4.017725673486D0,0D0,5.040602729397D-2,3.843121581257D0,0D0,         419P   1027
5.044274579456D-2,3.668132446897D0,0D0,5.045936205711D-2,            419P   1028
3.492936646686D0,0D0,5.048934758917D-2,3.317574874424D0,0D0,         419P   1029
5.050161881967D-2,3.142047611630D0,0D0,5.048436427235D-2,            419P   1030
2.966504267373D0,0D0,5.044928582339D-2,2.791056511809D0,0D0,         419P   1031
5.042806641542D-2,2.615816072320D0,0D0,5.038715067917D-2,            419P   1032
2.440759454218D0,0D0,5.033047605755D-2,2.265916485226D0,0D0,         419P   1033
5.027880825146D-2,2.091289128117D0,0D0,5.024592735528D-2,            419P   1034
1.917072144538D0,0D0,5.023171469886D-2,1.743512784594D0,0D0,         419P   1035
5.022856077434D-2,1.570456731544D0,0D0,5.023233516410D-2,            419P   1036
1.397282392821D0,0D0,5.024721098231D-2,1.223562666758D0,0D0,         419P   1037
5.028079913877D-2,1.049333417679D0,0D0,5.033296016510D-2,            419P   1038
8.747798117959D-1,0D0,5.039023126298D-2,6.998719194249D-1,0D0,       419P   1039
5.043090612338D-2,5.246296680102D-1,0D0,5.045321752338D-2,           419P   1040
3.493339809111D-1,0D0,5.048736793108D-2,1.744479375668D-1,0D0,       419P   1041
5.050045568822D-2,5.805596312501D-2,0D0,5.050024582854D-2,0D0,       419P   1042
0D0,0D0,1D0,0D0,0D0,1D0;                                             419P   1043
110,5.050024582854D-2,0D0,0D0,9.497702990161D-1,0D0,0D0;             421P   1044
110,9.497702990161D-1,0D0,0D0,9.497702990161D-1,                     423P   1045
4.712388980385D0,0D0;                                                423P   1046
110,9.497702990161D-1,4.712388980385D0,0D0,5.025927790390D-2,        425P   1047
4.712388980385D0,0D0;                                                425P   1048
102,4,419,421,423,425;                                               427P   1049
142,0,413,427,417,1;                                                 429P   1050
144,413,1,0,429;                                                     431P   1051
110,9.666322885768D1,-1.949999995638D0,-2.269977051632D1,            433P   1052
9.566322885768D1,-1.949999995638D0,-2.269977051632D1;                433P   1053
110,3.070490666440D1,3.533153697360D-1,-2.269977051632D1,            435P   1054
2.959420831055D1,3.921018109259D-1,-2.269977051632D1;                435P   1055
120,433,435,-3.141592653590D-2,1.602212253331D0;                     437P   1056
110,2.965D1,-1.950001080605D0,-2.503992431892D1,                     439P   1057
3.064884717759D1,-1.949999995384D0,-2.500504156370D1;                439P   1058
102,4,63,59,77,439;                                                  441P   1059
126,12,3,0,0,1,0,0D0,0D0,0D0,0D0,1.000191206873D-1,                  443P   1060
2.002140477393D-1,3.005058799610D-1,4.007944095059D-1,               443P   1061
5.009787762224D-1,6.009849520493D-1,7.008187039537D-1,               443P   1062
8.007037722159D-1,9.005723098821D-1,1D0,1D0,1D0,1D0,1D0,1D0,1D0,     443P   1063
1D0,1D0,1D0,1D0,1D0,1D0,1D0,1D0,1D0,1D0,5.047215541863D-2,           443P   1064
1.570796326795D0,0D0,5.047402502802D-2,1.518426648701D0,0D0,         443P   1065
5.046625512749D-2,1.413594964997D0,0D0,5.044096781899D-2,            443P   1066
1.256250063797D0,0D0,5.042304962542D-2,1.098763707808D0,0D0,         443P   1067
5.039844108826D-2,9.412828344200D-1,0D0,5.035512460664D-2,           443P   1068
7.839518026981D-1,0D0,5.030703579354D-2,6.268593500091D-1,0D0,       443P   1069
5.026774388548D-2,4.699242860014D-1,0D0,5.024359100380D-2,           443P   1070
3.130608016984D-1,0D0,5.023313291156D-2,1.564097098217D-1,0D0,       443P   1071
5.023154807202D-2,5.205929479736D-2,0D0,5.023118046280D-2,0D0,       443P   1072
0D0,0D0,1D0,0D0,0D0,1D0;                                             443P   1073
110,5.023118046280D-2,0D0,0D0,9.497688195372D-1,0D0,0D0;             445P   1074
110,9.497688195372D-1,0D0,0D0,9.497688195372D-1,                     447P   1075
1.570796326795D0,0D0;                                                447P   1076
110,9.497688195372D-1,1.570796326795D0,0D0,5.047215541863D-2,        449P   1077
1.570796326795D0,0D0;                                                449P   1078
102,4,443,445,447,449;                                               451P   1079
142,0,437,451,441,1;                                                 453P   1080
144,437,1,0,453;                                                     455P   1081
128,3,12,3,3,0,0,0,0,0,0D0,0D0,0D0,0D0,1D0,1D0,1D0,1D0,              457P   1082
9.783585113425D-3,9.783585113425D-3,9.783585113425D-3,               457P   1083
9.783585113425D-3,9.935306963140D-2,1.992065779701D-1,               457P   1084
2.991120753760D-1,3.989620916287D-1,4.989820303919D-1,               457P   1085
5.991849957404D-1,6.994931005714D-1,7.997988830885D-1,               457P   1086
8.999939865827D-1,9.918199093799D-1,9.918199093799D-1,               457P   1087
9.918199093799D-1,9.918199093799D-1,1.251612611836D0,                457P   1088
9.161291293879D-1,9.161291293879D-1,1.251612611836D0,                457P   1089
1.251612611836D0,9.161291293879D-1,9.161291293879D-1,                457P   1090
1.251612611836D0,1.251612611836D0,9.161291293879D-1,                 457P   1091
9.161291293879D-1,1.251612611836D0,1.251612611836D0,                 457P   1092
9.161291293879D-1,9.161291293879D-1,1.251612611836D0,                457P   1093
1.251612611836D0,9.161291293879D-1,9.161291293879D-1,                457P   1094
1.251612611836D0,1.251612611836D0,9.161291293879D-1,                 457P   1095
9.161291293879D-1,1.251612611836D0,1.251612611836D0,                 457P   1096
9.161291293879D-1,9.161291293879D-1,1.251612611836D0,                457P   1097
1.251612611836D0,9.161291293879D-1,9.161291293879D-1,                457P   1098
1.251612611836D0,1.251612611836D0,9.161291293879D-1,                 457P   1099
9.161291293879D-1,1.251612611836D0,1.251612611836D0,                 457P   1100
9.161291293879D-1,9.161291293879D-1,1.251612611836D0,                457P   1101
1.251612611836D0,9.161291293879D-1,9.161291293879D-1,                457P   1102
1.251612611836D0,1.251612611836D0,9.161291293879D-1,                 457P   1103
9.161291293879D-1,1.251612611836D0,1.251612611836D0,                 457P   1104
9.161291293879D-1,9.161291293879D-1,1.251612611836D0,                457P   1105
3.059375851882D1,3.491609668485D-1,-2.266363498424D1,                457P   1106
3.073543139121D1,3.844735645469D-1,-2.266307984934D1,                457P   1107
3.084845107781D1,2.920456264116D-1,-2.266453241483D1,                457P   1108
3.084193585287D1,1.462005803179D-1,-2.266682463942D1,                457P   1109
3.059375864384D1,3.509132789017D-1,-2.277556671199D1,                457P   1110
3.073543147961D1,3.862529634523D-1,-2.277673154626D1,                457P   1111
3.084845113442D1,2.937545887749D-1,-2.277368503663D1,                457P   1112
3.084193590809D1,1.477982223860D-1,-2.276887695146D1,                457P   1113
3.059375837283D1,3.373131270510D-1,-2.301281203823D1,                457P   1114
3.073543151839D1,3.724424749206D-1,-2.301762243532D1,                457P   1115
3.084845059710D1,2.804899730551D-1,-2.300503990108D1,                457P   1116
3.084193437202D1,1.353967401057D-1,-2.298518234028D1,                457P   1117
3.059375642762D1,2.609711072605D-1,-2.336764956798D1,                457P   1118
3.073543102931D1,2.949206957062D-1,-2.337791259106D1,                457P   1119
3.084844619307D1,2.060314153658D-1,-2.335106757442D1,                457P   1120
3.084192383007D1,6.578117810823D-2,-2.330870121249D1,                457P   1121
3.059373798214D1,1.233474604736D-1,-2.371747553892D1,                457P   1122
3.073541391887D1,1.551745376281D-1,-2.373311432683D1,                457P   1123
3.084842561358D1,7.181094859720D-2,-2.369220845862D1,                457P   1124
3.084189776699D1,-5.970873004235D-2,-2.362765128240D1,               457P   1125
3.059369310799D1,-6.931063624360D-2,-2.404049860503D1,               457P   1126
3.073536895476D1,-4.044737559276D-2,-2.406110126681D1,               457P   1127
3.084838087405D1,-1.160698346215D-1,-2.400721184316D1,               457P   1128
3.084185338597D1,-2.353682571807D-1,-2.392216405733D1,               457P   1129
3.059362732712D1,-3.120963035290D-1,-2.432826256181D1,               457P   1130
3.073530130870D1,-2.869590571489D-1,-2.435328705669D1,               457P   1131
3.084831811345D1,-3.528191420970D-1,-2.428783100363D1,               457P   1132
3.084179833298D1,-4.567169514379D-1,-2.418452911824D1,               457P   1133
3.059356255585D1,-5.988916315658D-1,-2.457309543380D1,               457P   1134
3.073523384203D1,-5.781499905995D-1,-2.460188182122D1,               457P   1135
3.084825770267D1,-6.324734020884D-1,-2.452658441991D1,               457P   1136
3.084174905558D1,-7.181791631919D-1,-2.440775159963D1,               457P   1137
3.059352473782D1,-9.220353495746D-1,-2.476814626136D1,               457P   1138
3.073519411549D1,-9.062463239828D-1,-2.479992955997D1,               457P   1139
3.084822297838D1,-9.475707265225D-1,-2.471679177618D1,               457P   1140
3.084172222187D1,-1.012778656001D0,-2.458558591140D1,                457P   1141
3.059350511534D1,-1.272635446906D0,-2.490793461612D1,                457P   1142
3.073517475641D1,-1.262240537873D0,-2.494186607060D1,                457P   1143
3.084820290524D1,-1.289478042099D0,-2.485310966246D1,                457P   1144
3.084170103140D1,-1.332445656864D0,-2.471303645798D1,                457P   1145
3.059347139521D1,-1.630855188810D0,-2.498649710115D1,                457P   1146
3.073514015329D1,-1.625959458364D0,-2.502163568360D1,                457P   1147
3.084817069730D1,-1.638794130653D0,-2.492972149255D1,                457P   1148
3.084167257079D1,-1.659038550911D0,-2.478466484005D1,                457P   1149
3.059346637946D1,-1.871374890944D0,-2.500073180585D1,                457P   1150
3.073513496688D1,-1.870167884258D0,-2.503608909361D1,                457P   1151
3.084816576344D1,-1.873329147361D0,-2.494360241766D1,                457P   1152
3.084166810961D1,-1.878316635985D0,-2.479764243830D1,                457P   1153
3.059346790145D1,-1.986125380031D0,-2.499893547947D1,                457P   1154
3.073513652306D1,-1.986678343122D0,-2.503426516907D1,                457P   1155
3.084816734111D1,-1.985224558438D0,-2.494185084698D1,                457P   1156
3.084166967879D1,-1.982933047633D0,-2.479600499211D1,0D0,1D0,        457P   1157
9.783585113425D-3,9.918199093799D-1;                                 457P   1158
124,9.725984338336D-1,-2.324914760741D-1,-7.567700392594D-6,         459P   1159
3.064186733511D1,7.293347579713D-6,-2.039653095358D-6,               459P   1160
9.999999999713D-1,-1.949999975228D0,-2.324914760828D-1,              459P   1161
-9.725984338609D-1,-2.881222617505D-7,-2.480516099162D1;             459P   1162
100,0D0,0D0,0D0,1.999999750214D-1,0D0,5.325839072668D-2,             461P   1163
1.927784578882D-1;                                                   461P   1164
102,4,63,69,65,461;                                                  463P   1165
126,12,3,0,0,1,0,0D0,0D0,0D0,0D0,1.000190821363D-1,                  465P   1166
2.002140250952D-1,3.005058518711D-1,4.007944019516D-1,               465P   1167
5.009787911793D-1,6.009849873499D-1,7.008187556510D-1,               465P   1168
8.007038111020D-1,9.005723574005D-1,1D0,1D0,1D0,1D0,1D0,1D0,1D0,     465P   1169
1D0,1D0,1D0,1D0,1D0,1D0,1D0,1D0,1D0,1D0,1.638352336405D-1,           465P   1170
9.821858186275D-1,0D0,1.638368705535D-1,9.500966662812D-1,0D0,       465P   1171
1.638318798477D-1,8.858484330579D-1,0D0,1.638197443216D-1,           465P   1172
7.894007284472D-1,0D0,1.638232182361D-1,6.928750853228D-1,0D0,       465P   1173
1.637924769528D-1,5.963513815377D-1,0D0,1.637522067238D-1,           465P   1174
4.999199156604D-1,0D0,1.637234515682D-1,4.036337737110D-1,0D0,       465P   1175
1.637202700339D-1,3.074418837533D-1,0D0,1.637389011165D-1,           465P   1176
2.112979157747D-1,0D0,1.637622328506D-1,1.152742218935D-1,0D0,       465P   1177
1.637695912397D-1,5.131987230301D-2,0D0,1.637684191784D-1,           465P   1178
1.942043389656D-2,0D0,0D0,1D0,0D0,0D0,1D0;                           465P   1179
110,1.637684191784D-1,1.942043389656D-2,0D0,8.362655507913D-1,       467P   1180
1.942043492683D-2,0D0;                                               467P   1181
126,12,3,0,0,1,0,0D0,0D0,0D0,0D0,9.944019964432D-2,                  469P   1182
1.993051250126D-1,2.991906540718D-1,3.990236494802D-1,               469P   1183
4.990274878850D-1,5.992075279412D-1,6.994914959109D-1,               469P   1184
7.997831047046D-1,8.999727205948D-1,1D0,1D0,1D0,1D0,1D0,1D0,1D0,     469P   1185
1D0,1D0,1D0,1D0,1D0,1D0,1D0,1D0,1D0,1D0,8.362655507913D-1,           469P   1186
1.942043492683D-2,0D0,8.362724777585D-1,5.132361544601D-2,0D0,       469P   1187
8.362781956931D-1,1.152801346924D-1,0D0,8.362759095077D-1,           469P   1188
2.113053112590D-1,0D0,8.362765177400D-1,3.074458799029D-1,0D0,       469P   1189
8.362763535252D-1,4.036352263039D-1,0D0,8.362764280775D-1,           469P   1190
4.999191341801D-1,0D0,8.362762304742D-1,5.963491788359D-1,0D0,       469P   1191
8.362768078218D-1,6.928734895746D-1,0D0,8.362758800279D-1,           469P   1192
7.893928850270D-1,0D0,8.362780418233D-1,8.858418458364D-1,0D0,       469P   1193
8.362728552560D-1,9.500928698248D-1,0D0,8.362664465396D-1,           469P   1194
9.821858194023D-1,0D0,0D0,1D0,0D0,0D0,1D0;                           469P   1195
110,8.362664465396D-1,9.821858194023D-1,0D0,1.638352336405D-1,       471P   1196
9.821858186275D-1,0D0;                                               471P   1197
102,4,465,467,469,471;                                               473P   1198
142,0,457,473,463,1;                                                 475P   1199
144,457,1,0,475;                                                     477P   1200
128,1,1,1,1,0,0,1,0,0,-5.394616529019D0,-5.394616529019D0,           479P   1201
1.035361170884D0,1.035361170884D0,1.968042995610D1,                  479P   1202
1.968042995610D1,2.777665984025D1,2.777665984025D1,1D0,1D0,1D0,      479P   1203
1D0,2.965D1,-5.394616529019D0,-1.968042995610D1,2.965D1,             479P   1204
1.035361170884D0,-1.968042995610D1,2.965D1,-5.394616529019D0,        479P   1205
-2.777665984025D1,2.965D1,1.035361170884D0,-2.777665984025D1,        479P   1206
-5.394616529019D0,1.035361170884D0,1.968042995610D1,                 479P   1207
2.777665984025D1;                                                    479P   1208
110,2.965D1,-2.970963111713D0,-2.58D1,2.965D1,-2.970963111713D0,     481P   1209
-2.537252676082D1;                                                   481P   1210
124,0D0,0D0,-1D0,2.965D1,-3.568407181651D-1,-9.341652433373D-1,      483P   1211
0D0,-1.949999995638D0,-9.341652433373D-1,3.568407181651D-1,0D0,      483P   1212
-2.269977051632D1;                                                   483P   1213
100,0D0,0D0,0D0,2.861117199084D0,0D0,2.442174969382D0,               485P   1214
-1.490561319040D0;                                                   485P   1215
124,0D0,0D0,-1D0,2.965D1,1D0,0D0,0D0,-1.95D0,0D0,-1D0,0D0,           487P   1216
-2.71D1;                                                             487P   1217
100,0D0,0D0,0D0,5.209631117132D-1,0D0,0D0,5.209631117132D-1;         489P   1218
102,8,83,89,481,485,79,489,81,243;                                   491P   1219
110,-5.270963111713D0,2.607903688829D1,0D0,-3.25D0,                  493P   1220
2.607903688829D1,0D0;                                                493P   1221
126,10,3,0,0,1,0,0D0,0D0,0D0,0D0,1.251163402711D-1,                  495P   1222
2.501611977251D-1,3.751578852904D-1,5.001330974947D-1,               495P   1223
6.250981478612D-1,7.500665497115D-1,8.750327293451D-1,1D0,1D0,       495P   1224
1D0,1D0,1D0,1D0,1D0,1D0,1D0,1D0,1D0,1D0,1D0,1D0,1D0,-3.25D0,         495P   1225
2.607903688829D1,0D0,-3.231715303901D0,2.607906130852D1,0D0,         495P   1226
-3.195173218284D0,2.607542238542D1,0D0,-3.142468599311D0,            495P   1227
2.605943724782D1,0D0,-3.093921050861D0,2.603346803098D1,0D0,         495P   1228
-3.051378985340D0,2.599853980826D1,0D0,-3.016470944374D0,            495P   1229
2.595598663002D1,0D0,-2.990528426034D0,2.590744447820D1,0D0,         495P   1230
-2.974569939469D0,2.585477151534D1,0D0,-2.970938793238D0,            495P   1231
2.581826280098D1,0D0,-2.970963111713D0,2.58D1,0D0,0D0,1D0,0D0,       495P   1232
0D0,1D0;                                                             495P   1233
110,-2.970963111713D0,2.58D1,0D0,-2.970963111713D0,                  497P   1234
2.537252676082D1,0D0;                                                497P   1235
126,36,3,0,0,1,0,0D0,0D0,0D0,0D0,2.941131804148D-2,                  499P   1236
5.882176576815D-2,8.823392044911D-2,1.176434074512D-1,               499P   1237
1.470564595605D-1,1.764649414862D-1,2.058790108463D-1,               499P   1238
2.352866417398D-1,2.647017889113D-1,2.941090537737D-1,               499P   1239
3.235251580820D-1,3.529330266669D-1,3.823494249842D-1,               499P   1240
4.117589464638D-1,4.411746412903D-1,4.705867211685D-1,               499P   1241
5.000005020139D-1,5.294152990052D-1,5.588263578081D-1,               499P   1242
5.882430256165D-1,6.176515562702D-1,6.470688725815D-1,               499P   1243
6.764757846966D-1,7.058927344696D-1,7.352990844785D-1,               499P   1244
7.647149737825D-1,7.941217520956D-1,8.235364199982D-1,               499P   1245
8.529441471733D-1,8.823576073047D-1,9.117664813116D-1,               499P   1246
9.411787998377D-1,9.705888253570D-1,1D0,1D0,1D0,1D0,1D0,1D0,1D0,     499P   1247
1D0,1D0,1D0,1D0,1D0,1D0,1D0,1D0,1D0,1D0,1D0,1D0,1D0,1D0,1D0,1D0,     499P   1248
1D0,1D0,1D0,1D0,1D0,1D0,1D0,1D0,1D0,1D0,1D0,1D0,1D0,1D0,1D0,1D0,     499P   1249
1D0,1D0,-2.970963111713D0,2.537252676082D1,0D0,                      499P   1250
-3.121312846378D0,2.531524111655D1,0D0,-3.412057632804D0,            499P   1251
2.517484916363D1,0D0,-3.806875852767D0,2.489433397212D1,0D0,         499P   1252
-4.148926761247D0,2.455144338161D1,0D0,-4.428584405687D0,            499P   1253
2.415600689170D1,0D0,-4.637873870307D0,2.371924520283D1,0D0,         499P   1254
-4.770878346489D0,2.325352545798D1,0D0,-4.823806323528D0,            499P   1255
2.277211452516D1,0D0,-4.795162740717D0,2.228861551716D1,0D0,         499P   1256
-4.685763248806D0,2.181682211979D1,0D0,-4.498694374006D0,            499P   1257
2.137004949526D1,0D0,-4.239295382116D0,2.096105568178D1,0D0,         499P   1258
-3.914882021093D0,2.060138017455D1,0D0,-3.534715780674D0,            499P   1259
2.030129521895D1,0D0,-3.109528073994D0,2.006927616285D1,0D0,         499P   1260
-2.651443333701D0,1.991194159458D1,0D0,-2.173423175050D0,            499P   1261
1.983374719256D1,0D0,-1.689064660208D0,1.983691743571D1,0D0,         499P   1262
-1.212119474680D0,1.992136451042D1,0D0,-7.561078492366D-1,           499P   1263
2.008469226379D1,0D0,-3.340202319480D-1,2.032224758999D1,0D0,        499P   1264
4.221885472469D-2,2.062731503358D1,0D0,3.618656997794D-1,            499P   1265
2.099118036481D1,0D0,6.159109809412D-1,2.140358256523D1,0D0,         499P   1266
7.970929731426D-1,2.185272797540D1,0D0,9.003096397376D-1,            499P   1267
2.232596178577D1,0D0,9.226125609573D-1,2.280975363911D1,0D0,         499P   1268
8.633741180834D-1,2.329046661411D1,0D0,7.242879005375D-1,            499P   1269
2.375437140828D1,0D0,5.092794681830D-1,2.418837328075D1,0D0,         499P   1270
2.244821604497D-1,2.458009811276D1,0D0,-1.220555312387D-1,           499P   1271
2.491846138042D1,0D0,-5.204550244968D-1,2.519386297650D1,0D0,        499P   1272
-9.594777333942D-1,2.539837960180D1,0D0,-1.270809078392D0,           499P   1273
2.548389688846D1,0D0,-1.429036888287D0,2.551305846242D1,0D0,0D0,     499P   1274
1D0,0D0,0D0,1D0;                                                     499P   1275
110,-1.429036888287D0,2.551305846242D1,0D0,-1.429036888287D0,        501P   1276
2.71D1,0D0;                                                          501P   1277
126,8,3,0,0,1,0,0D0,0D0,0D0,0D0,1.666666993082D-1,                   503P   1278
3.333334638162D-1,4.999988533636D-1,6.666620067677D-1,               503P   1279
8.333321559896D-1,1D0,1D0,1D0,1D0,1D0,1D0,1D0,1D0,1D0,1D0,1D0,       503P   1280
1D0,1D0,-1.429036888287D0,2.71D1,0D0,-1.428895609762D0,              503P   1281
2.714549854995D1,0D0,-1.441072775099D0,2.723636668541D1,0D0,         503P   1282
-1.493631455943D0,2.736347974427D1,0D0,-1.577396308379D0,            503P   1283
2.747260148551D1,0D0,-1.686518289610D0,2.755636745671D1,0D0,         503P   1284
-1.813631764073D0,2.760892697592D1,0D0,-1.904501141181D0,            503P   1285
2.762110440155D1,0D0,-1.95D0,2.762096311171D1,0D0,0D0,1D0,0D0,       503P   1286
0D0,1D0;                                                             503P   1287
110,-1.95D0,2.762096311171D1,0D0,-5.270963111713D0,                  505P   1288
2.762096311171D1,0D0;                                                505P   1289
110,-5.270963111713D0,2.762096311171D1,0D0,-5.270963111713D0,        507P   1290
2.607903688829D1,0D0;                                                507P   1291
102,8,493,495,497,499,501,503,505,507;                               509P   1292
142,0,479,509,491,1;                                                 511P   1293
124,0D0,0D0,1D0,2.965D1,9.999999999990D-1,-1.390892225076D-6,        513P   1294
0D0,-1.949999995638D0,1.390892225076D-6,9.999999999990D-1,0D0,       513P   1295
-2.269977051632D1;                                                   513P   1296
100,0D0,0D0,0D0,2.340154087371D0,0D0,-6.509804259356D-6,             515P   1297
-2.340154087362D0;                                                   515P   1298
124,0D0,0D0,1D0,2.965D1,-1.390892227977D-6,9.999999999990D-1,        517P   1299
0D0,-1.949999995638D0,-9.999999999990D-1,-1.390892227977D-6,0D0,     517P   1300
-2.269977051632D1;                                                   517P   1301
100,0D0,0D0,0D0,2.340153517837D0,0D0,-6.509802675501D-6,             519P   1302
2.340153517828D0;                                                    519P   1303
102,2,515,519;                                                       521P   1304
126,29,3,0,0,1,0,0D0,0D0,0D0,0D0,3.703676235141D-2,                  523P   1305
7.407382136330D-2,1.111108803752D-1,1.481479393871D-1,               523P   1306
1.851849983990D-1,2.222220574108D-1,2.592591164227D-1,               523P   1307
2.962961754346D-1,3.333332344465D-1,3.703702934584D-1,               523P   1308
4.074073524703D-1,4.444444114822D-1,4.814814704941D-1,               523P   1309
5.185185295059D-1,5.555555885178D-1,5.925926475297D-1,               523P   1310
6.296297065416D-1,6.666667655535D-1,7.037038245654D-1,               523P   1311
7.407408835773D-1,7.777779425892D-1,8.148150016010D-1,               523P   1312
8.518520606129D-1,8.888891196248D-1,9.259261786367D-1,               523P   1313
9.629632376486D-1,1D0,1D0,1D0,1D0,1D0,1D0,1D0,1D0,1D0,1D0,1D0,       523P   1314
1D0,1D0,1D0,1D0,1D0,1D0,1D0,1D0,1D0,1D0,1D0,1D0,1D0,1D0,1D0,1D0,     523P   1315
1D0,1D0,1D0,1D0,1D0,1D0,1D0,3.901538069660D-1,2.269976726142D1,      523P   1316
0D0,3.902817899419D-1,2.256360183127D1,0D0,3.662723514051D-1,        523P   1317
2.229134810516D1,0D0,2.602341628827D-1,2.189531405462D1,0D0,         523P   1318
8.694390454659D-2,2.152373869869D1,0D0,-1.482124242972D-1,           523P   1319
2.118789198643D1,0D0,-4.381219731490D-1,2.089798414081D1,0D0,        523P   1320
-7.739673442177D-1,2.066282234023D1,0D0,-1.145546361694D0,           523P   1321
2.048955226558D1,0D0,-1.541568164632D0,2.038343853092D1,0D0,         523P   1322
-1.949999997215D0,2.034770537772D1,0D0,-2.358431820335D0,            523P   1323
2.038343853189D1,0D0,-2.754453651661D0,2.048955226173D1,0D0,         523P   1324
-3.126032565046D0,2.066282235469D1,0D0,-3.461878324092D0,            523P   1325
2.089798408683D1,0D0,-3.751786425125D0,2.118789218786D1,0D0,         523P   1326
-3.986948157268D0,2.152373794691D1,0D0,-4.160218250229D0,            523P   1327
2.189531686030D1,0D0,-4.266331980069D0,2.229133869162D1,0D0,         523P   1328
-4.302065134237D0,2.269977051474D1,0D0,-4.266331981033D0,            523P   1329
2.310820234733D1,0D0,-4.160218246373D0,2.350422415026D1,0D0,         523P   1330
-3.986948171725D0,2.387580316774D1,0D0,-3.751786371151D0,            523P   1331
2.421164853881D1,0D0,-3.461878525531D0,2.450155808766D1,0D0,         523P   1332
-3.126031813267D0,2.473671441650D1,0D0,-2.754456457339D0,            523P   1333
2.491000467484D1,0D0,-2.358422406795D0,2.501604286336D1,0D0,         523P   1334
-2.086168680691D0,2.504005230190D1,0D0,-1.950003250539D0,            523P   1335
2.503992431892D1,0D0,0D0,1D0,0D0,0D0,1D0;                            523P   1336
126,11,3,0,0,1,0,0D0,0D0,0D0,0D0,1.111118033174D-1,                  525P   1337
2.222227166553D-1,3.333336299932D-1,4.444445433311D-1,               525P   1338
5.555554566689D-1,6.666663700068D-1,7.777772833447D-1,               525P   1339
8.888881966826D-1,1D0,1D0,1D0,1D0,1D0,1D0,1D0,1D0,1D0,1D0,1D0,       525P   1340
1D0,1D0,1D0,1D0,1D0,-1.950003250539D0,2.503992431892D1,0D0,          525P   1341
-1.813835679249D0,2.504005232610D1,0D0,-1.541579804365D0,            525P   1342
2.501604276993D1,0D0,-1.145543748616D0,2.491000415903D1,0D0,         525P   1343
-7.739683829422D-1,2.473671392828D1,0D0,-4.381221399318D-1,          525P   1344
2.450155759698D1,0D0,-1.482129149779D-1,2.421164837203D1,0D0,        525P   1345
8.694341632212D-2,2.387580212901D1,0D0,2.602336470758D-1,            525P   1346
2.350422676334D1,0D0,3.662722579687D-1,2.310819070759D1,0D0,         525P   1347
3.902818141397D-1,2.283593483271D1,0D0,3.901538069660D-1,            525P   1348
2.269976726142D1,0D0,0D0,1D0,0D0,0D0,1D0;                            525P   1349
102,2,523,525;                                                       527P   1350
142,0,479,527,521,1;                                                 529P   1351
144,479,1,1,511,529;                                                 531P   1352
128,1,1,1,1,0,0,1,0,0,2.291165431862D0,2.291165431862D0,             533P   1353
4.423779937492D0,4.423779937492D0,-5.582569695854D-2,                533P   1354
-5.582569695854D-2,4.563746353577D-1,4.563746353577D-1,1D0,1D0,      533P   1355
1D0,1D0,2.919425081022D1,-3.194174303041D0,-2.610292169123D1,        533P   1356
2.919425081022D1,-5.326788808672D0,-2.610292169123D1,                533P   1357
2.970574918978D1,-3.194174303041D0,-2.607611519705D1,                533P   1358
2.970574918978D1,-5.326788808672D0,-2.607611519705D1,                533P   1359
2.291165431862D0,4.423779937492D0,-5.582569695854D-2,                533P   1360
4.563746353577D-1;                                                   533P   1361
110,2.925D1,-5.25D0,-2.61D1,2.965D1,-5.270963111713D0,               535P   1362
-2.607903688829D1;                                                   535P   1363
102,4,91,129,535,83;                                                 537P   1364
110,2.346991128820D0,4.005489383992D-1,0D0,2.346991128820D0,0D0,     539P   1365
0D0;                                                                 539P   1366
110,2.346991128820D0,0D0,0D0,4.346991128820D0,0D0,0D0;               541P   1367
110,4.346991128820D0,0D0,0D0,4.367954240534D0,4.005489383992D-1,     543P   1368
0D0;                                                                 543P   1369
110,4.367954240534D0,4.005489383992D-1,0D0,2.346991128820D0,         545P   1370
4.005489383992D-1,0D0;                                               545P   1371
102,4,539,541,543,545;                                               547P   1372
142,0,533,547,537,1;                                                 549P   1373
144,533,1,0,549;                                                     551P   1374
110,3.497434100632D1,-3.25D0,-2.58D1,3.397434100632D1,-3.25D0,       553P   1375
-2.58D1;                                                             553P   1376
110,2.970574918978D1,-2.973884802946D0,-2.58D1,2.919425081022D1,     555P   1377
-2.947078308767D0,-2.58D1;                                           555P   1378
120,553,555,-2.000656518975D-1,1.770861978692D0;                     557P   1379
124,0D0,0D0,-1D0,2.925D1,1D0,0D0,0D0,-3.25D0,0D0,-1D0,0D0,           559P   1380
-2.58D1;                                                             559P   1381
100,0D0,0D0,0D0,3D-1,0D0,0D0,3D-1;                                   561P   1382
110,2.925D1,-3.25D0,-2.61D1,2.965D1,-3.25D0,-2.607903688829D1;       563P   1383
102,4,85,561,563,89;                                                 565P   1384
110,1.089919186622D-1,0D0,0D0,8.910080813378D-1,0D0,0D0;             567P   1385
110,8.910080813378D-1,0D0,0D0,8.910080813378D-1,                     569P   1386
1.570796326795D0,0D0;                                                569P   1387
110,8.910080813378D-1,1.570796326795D0,0D0,1.089919186622D-1,        571P   1388
1.570796326795D0,0D0;                                                571P   1389
110,1.089919186622D-1,1.570796326795D0,0D0,1.089919186622D-1,        573P   1390
0D0,0D0;                                                             573P   1391
102,4,567,569,571,573;                                               575P   1392
142,0,557,575,565,1;                                                 577P   1393
144,557,1,0,577;                                                     579P   1394
128,1,1,1,1,0,0,1,0,0,-2.740281682578D1,-2.740281682578D1,           581P   1395
-2.684922021276D1,-2.684922021276D1,-5.582569695854D-2,              581P   1396
-5.582569695854D-2,4.563746353577D-1,4.563746353577D-1,1D0,1D0,      581P   1397
1D0,1D0,2.919425081022D1,-2.947078308767D0,-2.585582569696D1,        581P   1398
2.919425081022D1,-2.947078308767D0,-2.530222908394D1,                581P   1399
2.970574918978D1,-2.973884802946D0,-2.585582569696D1,                581P   1400
2.970574918978D1,-2.973884802946D0,-2.530222908394D1,                581P   1401
-2.740281682578D1,-2.684922021276D1,-5.582569695854D-2,              581P   1402
4.563746353577D-1;                                                   581P   1403
126,5,3,0,0,1,0,0D0,0D0,0D0,0D0,3.333333333333D-1,                   583P   1404
6.666666666667D-1,1D0,1D0,1D0,1D0,1D0,1D0,1D0,1D0,1D0,1D0,           583P   1405
2.925D1,-2.95D0,-2.535805478089D1,2.929436922347D1,                  583P   1406
-2.952325292471D0,-2.535966442682D1,2.938315781806D1,                583P   1407
-2.956978505539D0,-2.536288261393D1,2.951649116192D1,                583P   1408
-2.963966209995D0,-2.536770659869D1,2.960548033938D1,                583P   1409
-2.968629935166D0,-2.537092040245D1,2.965D1,-2.970963111713D0,       583P   1410
-2.537252676082D1,0D0,1D0,0D0,0D0,1D0;                               583P   1411
102,4,85,97,583,101;                                                 585P   1412
110,-2.734699112882D1,4.005489383992D-1,0D0,-2.734699112882D1,       587P   1413
0D0,0D0;                                                             587P   1414
110,-2.734699112882D1,0D0,0D0,-2.690504590971D1,0D0,0D0;             589P   1415
126,5,3,0,0,1,0,0D0,0D0,0D0,0D0,3.329580204502D-1,                   591P   1416
6.662913667400D-1,1D0,1D0,1D0,1D0,1D0,1D0,1D0,1D0,1D0,1D0,           591P   1417
-2.690504590971D1,0D0,0D0,-2.690665646335D1,4.445516930640D-2,       591P   1418
0D0,-2.690987646110D1,1.334157258295D-1,0D0,-2.691470044060D1,       591P   1419
2.669320394133D-1,0D0,-2.691791243398D1,3.559932350197D-1,0D0,       591P   1420
-2.691951788964D1,4.005489383992D-1,0D0,0D0,1D0,0D0,0D0,1D0;         591P   1421
110,-2.691951788964D1,4.005489383992D-1,0D0,-2.734699112882D1,       593P   1422
4.005489383992D-1,0D0;                                               593P   1423
102,4,587,589,591,593;                                               595P   1424
142,0,581,595,585,1;                                                 597P   1425
144,581,1,0,597;                                                     599P   1426
128,1,1,1,1,0,0,1,0,0,-5.372817141471D0,-5.372817141471D0,           601P   1427
1.013674215022D0,1.013674215022D0,1.970226470611D1,                  601P   1428
1.970226470611D1,2.775485755478D1,2.775485755478D1,1D0,1D0,1D0,      601P   1429
1D0,2.925D1,-5.372817141471D0,-1.970226470611D1,2.925D1,             601P   1430
1.013674215022D0,-1.970226470611D1,2.925D1,-5.372817141471D0,        601P   1431
-2.775485755478D1,2.925D1,1.013674215022D0,-2.775485755478D1,        601P   1432
-5.372817141471D0,1.013674215022D0,1.970226470611D1,                 601P   1433
2.775485755478D1;                                                    601P   1434
110,2.925D1,-1.95D0,-2.62D1,2.925D1,-5.25D0,-2.62D1;                 603P   1435
110,2.925D1,-5.25D0,-2.62D1,2.925D1,-5.25D0,-2.61D1;                 605P   1436
110,2.925D1,-5.25D0,-2.61D1,2.925D1,-3.25D0,-2.61D1;                 607P   1437
110,2.925D1,-1.45D0,-2.549556651109D1,2.925D1,-1.45D0,-2.71D1;       609P   1438
102,9,125,603,605,607,95,97,261,609,247;                             611P   1439
110,-1.95D0,2.76D1,0D0,-1.95D0,2.62D1,0D0;                           613P   1440
110,-1.95D0,2.62D1,0D0,-5.25D0,2.62D1,0D0;                           615P   1441
110,-5.25D0,2.62D1,0D0,-5.25D0,2.61D1,0D0;                           617P   1442
110,-5.25D0,2.61D1,0D0,-3.25D0,2.61D1,0D0;                           619P   1443
126,10,3,0,0,1,0,0D0,0D0,0D0,0D0,1.251356437769D-1,                  621P   1444
2.502248207887D-1,3.752676869028D-1,5.002626109276D-1,               621P   1445
6.252086887034D-1,7.501313243851D-1,8.750530330019D-1,1D0,1D0,       621P   1446
1D0,1D0,1D0,1D0,1D0,1D0,1D0,1D0,1D0,1D0,1D0,1D0,1D0,-3.25D0,         621P   1447
2.61D1,0D0,-3.230338598673D0,2.610002627747D1,0D0,                   621P   1448
-3.191041218287D0,2.609611235210D1,0D0,-3.134361348579D0,            621P   1449
2.607891750720D1,0D0,-3.082154807801D0,2.605098182663D1,0D0,         621P   1450
-3.036417968625D0,2.601341615391D1,0D0,-2.998900645380D0,            621P   1451
2.596766458052D1,0D0,-2.971024626648D0,2.591548722228D1,0D0,         621P   1452
-2.953876149853D0,2.585887293060D1,0D0,-2.949973877743D0,            621P   1453
2.581963162939D1,0D0,-2.95D0,2.58D1,0D0,0D0,1D0,0D0,0D0,1D0;         621P   1454
110,-2.95D0,2.58D1,0D0,-2.95D0,2.535805478089D1,0D0;                 623P   1455
126,36,3,0,0,1,0,0D0,0D0,0D0,0D0,2.941176575854D-2,                  625P   1456
5.882353360406D-2,8.823529802035D-2,1.176470701740D-1,               625P   1457
1.470588313039D-1,1.764706078468D-1,2.058823648339D-1,               625P   1458
2.352941453982D-1,2.647058980460D-1,2.941176818042D-1,               625P   1459
3.235294284836D-1,3.529412083053D-1,3.823529545551D-1,               625P   1460
4.117647273256D-1,4.411764774743D-1,4.705882412734D-1,               625P   1461
4.999999986426D-1,5.294117533214D-1,5.588235197791D-1,               625P   1462
5.882352671424D-1,6.176470426027D-1,6.470587859089D-1,               625P   1463
6.764705685148D-1,7.058823120289D-1,7.352940990568D-1,               625P   1464
7.647058492314D-1,7.941176324524D-1,8.235293867173D-1,               625P   1465
8.529411663246D-1,8.823529258177D-1,9.117647004189D-1,               625P   1466
9.411764641885D-1,9.705882336872D-1,1D0,1D0,1D0,1D0,1D0,1D0,1D0,     625P   1467
1D0,1D0,1D0,1D0,1D0,1D0,1D0,1D0,1D0,1D0,1D0,1D0,1D0,1D0,1D0,1D0,     625P   1468
1D0,1D0,1D0,1D0,1D0,1D0,1D0,1D0,1D0,1D0,1D0,1D0,1D0,1D0,1D0,1D0,     625P   1469
1D0,1D0,-2.95D0,2.535805478089D1,0D0,-3.099829983325D0,              625P   1470
2.530183744870D1,0D0,-3.389703167428D0,2.516361625153D1,0D0,         625P   1471
-3.783679449091D0,2.488640380445D1,0D0,-4.125349170216D0,            625P   1472
2.454678960790D1,0D0,-4.405041558221D0,2.415456450104D1,0D0,         625P   1473
-4.614768580492D0,2.372087548485D1,0D0,-4.748558282335D0,            625P   1474
2.325808967818D1,0D0,-4.802596823520D0,2.277939281416D1,0D0,         625P   1475
-4.775344572851D0,2.229842718861D1,0D0,-4.667578039485D0,            625P   1476
2.182889853087D1,0D0,-4.482368357825D0,2.138418741215D1,0D0,         625P   1477
-4.224993360666D0,2.097696652155D1,0D0,-3.902787690246D0,            625P   1478
2.061884076402D1,0D0,-3.524933073306D0,2.032001544568D1,0D0,         625P   1479
-3.102197515248D0,2.008900639794D1,0D0,-2.646627554719D0,            625P   1480
1.993239659402D1,0D0,-2.171205789886D0,1.985464900784D1,0D0,         625P   1481
-1.689480272743D0,1.985797920610D1,0D0,-1.215178804395D0,            625P   1482
1.994229228100D1,0D0,-7.618176777296D-1,2.010518554740D1,0D0,        625P   1483
-3.423162317849D-1,2.034201706839D1,0D0,3.137074592614D-2,           625P   1484
2.064603772474D1,0D0,3.485944797869D-1,2.100858399458D1,0D0,         625P   1485
6.003147662638D-1,2.141932409825D1,0D0,7.793584933821D-1,            625P   1486
2.186655345908D1,0D0,8.806232657846D-1,2.233752696089D1,0D0,         625P   1487
9.012233934487D-1,2.281882358303D1,0D0,8.405717983975D-1,            625P   1488
2.329672732792D1,0D0,7.003968956828D-1,2.375761979193D1,0D0,         625P   1489
4.846931209629D-1,2.418836596148D1,0D0,1.996081620806D-1,            625P   1490
2.457669336566D1,0D0,-1.467369407821D-1,2.491152681297D1,0D0,        625P   1491
-5.444605707077D-1,2.518335751951D1,0D0,-9.822729486407D-1,          625P   1492
2.538431617585D1,0D0,-1.292445944030D0,2.546752845219D1,0D0,         625P   1493
-1.45D0,2.549556651109D1,0D0,0D0,1D0,0D0,0D0,1D0;                    625P   1494
110,-1.45D0,2.549556651109D1,0D0,-1.45D0,2.71D1,0D0;                 627P   1495
126,8,3,0,0,1,0,0D0,0D0,0D0,0D0,1.666668364710D-1,                   629P   1496
3.333340053084D-1,4.999999603699D-1,6.666658379671D-1,               629P   1497
8.333331239199D-1,1D0,1D0,1D0,1D0,1D0,1D0,1D0,1D0,1D0,1D0,1D0,       629P   1498
1D0,1D0,-1.45D0,2.71D1,0D0,-1.449864404973D0,2.714366776287D1,       629P   1499
0D0,-1.461551601573D0,2.723087958417D1,0D0,-1.511995546328D0,        629P   1500
2.735287797232D1,0D0,-1.592390503584D0,2.745760942317D1,0D0,         629P   1501
-1.697121962412D0,2.753800441757D1,0D0,-1.819120364337D0,            629P   1502
2.758844839016D1,0D0,-1.906332226870D0,2.760013559540D1,0D0,         629P   1503
-1.95D0,2.76D1,0D0,0D0,1D0,0D0,0D0,1D0;                              629P   1504
102,9,613,615,617,619,621,623,625,627,629;                           631P   1505
142,0,601,631,611,1;                                                 633P   1506
102,4,103,107,105,171;                                               635P   1507
126,5,3,0,0,1,0,0D0,0D0,0D0,0D0,3.319158527516D-1,                   637P   1508
6.652596325714D-1,1D0,1D0,1D0,1D0,1D0,1D0,1D0,1D0,1D0,1D0,           637P   1509
-3.064783104234D-1,2.288292100522D1,0D0,-2.725699332753D-1,          637P   1510
2.288303669277D1,0D0,-2.046073278612D-1,2.288327597915D1,0D0,        637P   1511
-1.024478881258D-1,2.288365805760D1,0D0,-3.419684392230D-2,          637P   1512
2.288392837628D1,0D0,0D0,2.288406760762D1,0D0,0D0,1D0,0D0,0D0,       637P   1513
1D0;                                                                 637P   1514
110,0D0,2.288406760762D1,0D0,0D0,2.231580740897D1,0D0;               639P   1515
126,5,3,0,0,1,0,0D0,0D0,0D0,0D0,3.348596710711D-1,                   641P   1516
6.682079219083D-1,1D0,1D0,1D0,1D0,1D0,1D0,1D0,1D0,1D0,1D0,0D0,       641P   1517
2.231580740897D1,0D0,-3.808424154238D-2,2.231596249922D1,0D0,        641P   1518
-1.140808659264D-1,2.231626262978D1,0D0,-2.278129740598D-1,          641P   1519
2.231668392277D1,0D0,-3.034608518259D-1,2.231694573092D1,0D0,        641P   1520
-3.411963124899D-1,2.231707175692D1,0D0,0D0,1D0,0D0,0D0,1D0;         641P   1521
126,33,3,0,0,1,0,0D0,0D0,0D0,0D0,3.225126869633D-2,                  643P   1522
6.451623345867D-2,9.675298664813D-2,1.290277021433D-1,               643P   1523
1.612532534470D-1,1.935361474122D-1,2.257533141126D-1,               643P   1524
2.580457841213D-1,2.902563692854D-1,3.225652169513D-1,               643P   1525
3.547667100298D-1,3.870968243628D-1,4.192871316048D-1,               643P   1526
4.516387614147D-1,4.838198109754D-1,5.161811433566D-1,               643P   1527
5.483623209308D-1,5.807137371169D-1,6.129043846610D-1,               643P   1528
6.452341153064D-1,6.774360759278D-1,7.097444286023D-1,               643P   1529
7.419555404572D-1,7.742474004209D-1,8.064650148591D-1,               643P   1530
8.387473069030D-1,8.709731802291D-1,9.032473772908D-1,               643P   1531
9.354842760507D-1,9.677488591880D-1,1D0,1D0,1D0,1D0,1D0,1D0,1D0,     643P   1532
1D0,1D0,1D0,1D0,1D0,1D0,1D0,1D0,1D0,1D0,1D0,1D0,1D0,1D0,1D0,1D0,     643P   1533
1D0,1D0,1D0,1D0,1D0,1D0,1D0,1D0,1D0,1D0,1D0,1D0,1D0,1D0,1D0,         643P   1534
-3.411963124899D-1,2.231707175692D1,0D0,-3.655071923385D-1,          643P   1535
2.221430673964D1,0D0,-4.342971298591D-1,2.201361763430D1,0D0,        643P   1536
-5.925670145845D-1,2.173759526904D1,0D0,-8.006163006939D-1,          643P   1537
2.149674708211D1,0D0,-1.050595762733D0,2.129997581019D1,0D0,         643P   1538
-1.333593775243D0,2.115432515114D1,0D0,-1.638971188302D0,            643P   1539
2.106526419440D1,0D0,-1.955925952612D0,2.103594213346D1,0D0,         643P   1540
-2.272442553332D0,2.106747654780D1,0D0,-2.577443234479D0,            643P   1541
2.115876909016D1,0D0,-2.859230982955D0,2.130633611103D1,0D0,         643P   1542
-3.108062805670D0,2.150508485885D1,0D0,-3.314251337641D0,            643P   1543
2.174730564474D1,0D0,-3.470776185865D0,2.202476389085D1,0D0,         643P   1544
-3.571439811939D0,2.232651858095D1,0D0,-3.612861619360D0,            643P   1545
2.264244931269D1,0D0,-3.593379795411D0,2.295995789466D1,0D0,         643P   1546
-3.513644051357D0,2.326845431120D1,0D0,-3.376843680917D0,            643P   1547
2.355563931395D1,0D0,-3.187572243802D0,2.381187929601D1,0D0,         643P   1548
-2.953316291411D0,2.402707597943D1,0D0,-2.682053711354D0,            643P   1549
2.419391165981D1,0D0,-2.384337233171D0,2.430592169581D1,0D0,         643P   1550
-2.070465141835D0,2.435924057111D1,0D0,-1.752466500664D0,            643P   1551
2.435184204963D1,0D0,-1.441476544861D0,2.428399069476D1,0D0,         643P   1552
-1.149277713625D0,2.415826341514D1,0D0,-8.862112195294D-1,           643P   1553
2.397910879382D1,0D0,-6.621632825413D-1,2.375325258410D1,0D0,        643P   1554
-4.851204886868D-1,2.348877830317D1,0D0,-3.617827806204D-1,          643P   1555
2.319547859851D1,0D0,-3.180436819724D-1,2.298788681956D1,0D0,        643P   1556
-3.064783104234D-1,2.288292100522D1,0D0,0D0,1D0,0D0,0D0,1D0;         643P   1557
102,4,637,639,641,643;                                               645P   1558
142,0,601,645,635,1;                                                 647P   1559
102,4,109,115,113,111;                                               649P   1560
110,-7D-1,2.05D1,0D0,-3.7D0,2.05D1,0D0;                              651P   1561
110,-3.7D0,2.05D1,0D0,-3.7D0,2.09D1,0D0;                             653P   1562
110,-3.7D0,2.09D1,0D0,-7D-1,2.09D1,0D0;                              655P   1563
110,-7D-1,2.09D1,0D0,-7D-1,2.05D1,0D0;                               657P   1564
102,4,651,653,655,657;                                               659P   1565
142,0,601,659,649,1;                                                 661P   1566
102,4,117,123,121,119;                                               663P   1567
110,-7D-1,2.49D1,0D0,-7D-1,2.45D1,0D0;                               665P   1568
110,-7D-1,2.45D1,0D0,-3.7D0,2.45D1,0D0;                              667P   1569
110,-3.7D0,2.45D1,0D0,-3.7D0,2.49D1,0D0;                             669P   1570
110,-3.7D0,2.49D1,0D0,-7D-1,2.49D1,0D0;                              671P   1571
102,4,665,667,669,671;                                               673P   1572
142,0,601,673,663,1;                                                 675P   1573
144,601,1,3,633,647,661,675;                                         677P   1574
126,8,3,0,0,1,0,0D0,0D0,0D0,0D0,1.447650134757D-2,                   679P   1575
1.585721039468D-1,3.733230824928D-1,5.880740610388D-1,               679P   1576
8.028250395849D-1,1D0,1D0,1D0,1D0,1D0,1D0,1D0,1D0,1D0,1D0,1D0,       679P   1577
1D0,1D0,3.023995721248D1,3.439213647759D-2,-2.290148867746D1,        679P   1578
3.023995804166D1,2.293021287420D-2,-2.290144117415D1,                679P   1579
3.023996704451D1,-1.026438008367D-1,-2.290092540096D1,               679P   1580
3.023998618487D1,-3.988988995098D-1,-2.289982885044D1,               679P   1581
3.024000847302D1,-8.572408518442D-1,-2.289855196342D1,               679P   1582
3.024002398356D1,-1.378298489844D0,-2.289766336483D1,                679P   1583
3.024002958551D1,-1.885400419163D0,-2.289734242928D1,                679P   1584
3.024002734537D1,-2.220115451784D0,-2.289747076694D1,                679P   1585
3.024002492822D1,-2.380907728198D0,-2.289760924551D1,0D0,1D0,        679P   1586
0D0,0D0,1D0;                                                         679P   1587
122,679,2.799411401816D1,3.439213647759D-2,-2.286228733868D1;        681P   1588
126,3,3,0,0,1,0,0D0,0D0,0D0,0D0,1D0,1D0,1D0,1D0,1D0,1D0,1D0,1D0,     683P   1589
2.934765296499D1,-1.881842102039D0,-2.288185136525D1,                683P   1590
2.900303108334D1,-1.875824470174D0,-2.287583680361D1,                683P   1591
2.865841144989D1,-1.869806985618D0,-2.286982239146D1,                683P   1592
2.831378957554D1,-1.863789575536D0,-2.286380805052D1,0D0,1D0,        683P   1593
0D0,0D0,1D0;                                                         683P   1594
126,5,3,0,0,1,0,0D0,0D0,0D0,0D0,3.333333333333D-1,                   685P   1595
6.666666666667D-1,1D0,1D0,1D0,1D0,1D0,1D0,1D0,1D0,1D0,1D0,           685P   1596
2.831378957554D1,-1.863789575536D0,-2.286380805052D1,                685P   1597
2.828457270380D1,-1.834572703800D0,-2.286330319666D1,                685P   1598
2.822607683910D1,-1.776076839101D0,-2.286229761799D1,                685P   1599
2.813814120186D1,-1.688141201858D0,-2.286080169818D1,                685P   1600
2.807940049975D1,-1.629400499754D0,-2.285981300012D1,2.805D1,        685P   1601
-1.6D0,-2.285932080364D1,0D0,1D0,0D0,0D0,1D0;                        685P   1602
126,5,3,0,0,1,0,0D0,0D0,0D0,0D0,3.333333333333D-1,                   687P   1603
6.666666666667D-1,1D0,1D0,1D0,1D0,1D0,1D0,1D0,1D0,1D0,1D0,           687P   1604
2.925D1,0D0,-2.288406760762D1,2.925D1,-3.426818168500D-2,            687P   1605
-2.288392808700D1,2.925D1,-1.026612592932D-1,-2.288365723553D1,      687P   1606
2.925D1,-2.048267829469D-1,-2.288327518194D1,2.925D1,                687P   1607
-2.726428709281D-1,-2.288303644505D1,2.925D1,-3.064783104234D-1,     687P   1608
-2.288292100522D1,0D0,1D0,0D0,0D0,1D0;                               687P   1609
102,9,135,149,683,685,185,191,197,687,173;                           689P   1610
126,10,3,0,0,1,0,0D0,0D0,0D0,0D0,9.182510125693D-2,                  691P   1611
1.911377085819D-1,2.991411588008D-1,4.169964167078D-1,               691P   1612
5.458074064653D-1,6.862135831965D-1,8.374674610322D-1,1D0,1D0,       691P   1613
1D0,1D0,1D0,1D0,1D0,1D0,1D0,1D0,1D0,1D0,1D0,1D0,1D0,                 691P   1614
1.553078390481D-1,9.494950947045D-2,0D0,1.807388844169D-1,           691P   1615
8.963941308284D-2,0D0,2.337150259014D-1,7.920498985691D-2,0D0,       691P   1616
3.166630329152D-1,6.490509222933D-2,0D0,4.067529031898D-1,           691P   1617
5.177382292247D-2,0D0,5.048719668060D-1,4.032589743303D-2,0D0,       691P   1618
6.120142830512D-1,3.128206128222D-2,0D0,7.286130418669D-1,           691P   1619
2.555745564795D-2,0D0,8.544712570128D-1,2.417583101915D-2,0D0,       691P   1620
9.411239920144D-1,2.678046489689D-2,0D0,9.858611887207D-1,           691P   1621
2.908157172239D-2,0D0,0D0,1D0,0D0,0D0,1D0;                           691P   1622
126,8,3,0,0,1,0,0D0,0D0,0D0,0D0,1.680426632929D-1,                   693P   1623
3.355638816999D-1,5.016920758735D-1,6.678746205522D-1,               693P   1624
8.347056405167D-1,1D0,1D0,1D0,1D0,1D0,1D0,1D0,1D0,1D0,1D0,1D0,       693P   1625
1D0,1D0,9.858611887207D-1,2.908157172239D-2,0D0,                     693P   1626
9.667245735690D-1,4.226353874159D-2,0D0,9.305303276859D-1,           693P   1627
7.209863042424D-2,0D0,8.838189348544D-1,1.257674985991D-1,0D0,       693P   1628
8.459677862044D-1,1.868112413892D-1,0D0,8.178380587891D-1,           693P   1629
2.536495988848D-1,0D0,8.002275260840D-1,3.244664440051D-1,0D0,       693P   1630
7.957337628233D-1,3.731001311979D-1,0D0,7.953608518426D-1,           693P   1631
3.973442525533D-1,0D0,0D0,1D0,0D0,0D0,1D0;                           693P   1632
110,7.953608518426D-1,3.973442525533D-1,0D0,7.879388691013D-1,       695P   1633
8.576905434153D-1,0D0;                                               695P   1634
126,5,3,0,0,1,0,0D0,0D0,0D0,0D0,3.326319619348D-1,                   697P   1635
6.659768244942D-1,1D0,1D0,1D0,1D0,1D0,1D0,1D0,1D0,1D0,1D0,           697P   1636
7.879388691013D-1,8.576905434153D-1,0D0,7.759131453809D-1,           697P   1637
8.707137698911D-1,0D0,7.518276712649D-1,8.967881138869D-1,0D0,       697P   1638
7.156411149247D-1,9.359400805691D-1,0D0,6.914799781173D-1,           697P   1639
9.620688094900D-1,0D0,6.793849330481D-1,9.751464418461D-1,0D0,       697P   1640
0D0,1D0,0D0,0D0,1D0;                                                 697P   1641
110,6.793849330481D-1,9.751464418461D-1,0D0,1.404920838587D-1,       699P   1642
9.751256477578D-1,0D0;                                               699P   1643
126,5,3,0,0,1,0,0D0,0D0,0D0,0D0,3.321681501558D-1,                   701P   1644
6.655103056635D-1,1D0,1D0,1D0,1D0,1D0,1D0,1D0,1D0,1D0,1D0,           701P   1645
1.404920838587D-1,9.751256477578D-1,0D0,1.265686609667D-1,           701P   1646
9.603343597109D-1,0D0,9.865103656352D-2,9.306994835155D-1,0D0,       701P   1647
5.664298272506D-2,8.861698648812D-1,0D0,2.855331103438D-2,           701P   1648
8.564315236629D-1,0D0,1.447650134757D-2,8.415367924850D-1,0D0,       701P   1649
0D0,1D0,0D0,0D0,1D0;                                                 701P   1650
110,1.447650134757D-2,8.415367924850D-1,0D0,1.447650134757D-2,       703P   1651
4.407964370249D-1,0D0;                                               703P   1652
110,1.447650134757D-2,4.407964370249D-1,0D0,1.432074390395D-1,       705P   1653
4.408053458942D-1,0D0;                                               705P   1654
126,5,3,0,0,1,0,0D0,0D0,0D0,0D0,3.339880461390D-1,                   707P   1655
6.673140927962D-1,1D0,1D0,1D0,1D0,1D0,1D0,1D0,1D0,1D0,1D0,           707P   1656
1.432074390395D-1,4.408053458942D-1,0D0,1.445509123297D-1,           707P   1657
4.023012845666D-1,0D0,1.472375916157D-1,3.253695832462D-1,0D0,       707P   1658
1.512710063699D-1,2.100843019463D-1,0D0,1.539622532509D-1,           707P   1659
1.333031382359D-1,0D0,1.553078390481D-1,9.494950947045D-2,0D0,       707P   1660
0D0,1D0,0D0,0D0,1D0;                                                 707P   1661
102,9,691,693,695,697,699,701,703,705,707;                           709P   1662
142,0,681,709,689,1;                                                 711P   1663
144,681,1,0,711;                                                     713P   1664
128,3,13,3,3,0,0,0,0,0,0D0,0D0,0D0,0D0,1D0,1D0,1D0,1D0,              715P   1665
1.735713720261D-1,1.735713720261D-1,1.735713720261D-1,               715P   1666
1.735713720261D-1,2.600229256425D-1,3.717543248881D-1,               715P   1667
4.742082102412D-1,5.694363992475D-1,6.577554739429D-1,               715P   1668
7.386964919589D-1,8.126630064281D-1,8.803672074076D-1,               715P   1669
9.425598428542D-1,1D0,1.005407970737D0,1.005407970737D0,             715P   1670
1.005407970737D0,1.005407970737D0,1.358942432585D0,                  715P   1671
8.803525224717D-1,8.803525224717D-1,1.358942432585D0,                715P   1672
1.358942432585D0,8.803525224717D-1,8.803525224717D-1,                715P   1673
1.358942432585D0,1.358942432585D0,8.803525224717D-1,                 715P   1674
8.803525224717D-1,1.358942432585D0,1.358942432585D0,                 715P   1675
8.803525224717D-1,8.803525224717D-1,1.358942432585D0,                715P   1676
1.358942432585D0,8.803525224717D-1,8.803525224717D-1,                715P   1677
1.358942432585D0,1.358942432585D0,8.803525224717D-1,                 715P   1678
8.803525224717D-1,1.358942432585D0,1.358942432585D0,                 715P   1679
8.803525224717D-1,8.803525224717D-1,1.358942432585D0,                715P   1680
1.358942432585D0,8.803525224717D-1,8.803525224717D-1,                715P   1681
1.358942432585D0,1.358942432585D0,8.803525224717D-1,                 715P   1682
8.803525224717D-1,1.358942432585D0,1.358942432585D0,                 715P   1683
8.803525224717D-1,8.803525224717D-1,1.358942432585D0,                715P   1684
1.358942432585D0,8.803525224717D-1,8.803525224717D-1,                715P   1685
1.358942432585D0,1.358942432585D0,8.803525224717D-1,                 715P   1686
8.803525224717D-1,1.358942432585D0,1.358942432585D0,                 715P   1687
8.803525224717D-1,8.803525224717D-1,1.358942432585D0,                715P   1688
1.358942432585D0,8.803525224717D-1,8.803525224717D-1,                715P   1689
1.358942432585D0,3.006204440972D1,-3.001322508045D0,                 715P   1690
-2.290315302835D1,3.023594072208D1,-3.023510103928D0,                715P   1691
-2.285622608369D1,3.035901470818D1,-3.039239447494D0,                715P   1692
-2.298866373806D1,3.030123444055D1,-3.031891942672D0,                715P   1693
-2.316054102426D1,3.007386618145D1,-2.908671371295D0,                715P   1694
-2.290316885204D1,3.024801047396D1,-2.928908106770D0,                715P   1695
-2.285623834505D1,3.037126410812D1,-2.943253190637D0,                715P   1696
-2.298867347876D1,3.031340535206D1,-2.936550545123D0,                715P   1697
-2.316055194915D1,3.009739063469D1,-2.695827149563D0,                715P   1698
-2.290319703300D1,3.027202877225D1,-2.711578960694D0,                715P   1699
-2.285625922018D1,3.039564017007D1,-2.722742610015D0,                715P   1700
-2.298868918378D1,3.033762510659D1,-2.717523315503D0,                715P   1701
-2.316057008217D1,3.012055871472D1,-2.371792820434D0,                715P   1702
-2.290321850596D1,3.029568517905D1,-2.380689305204D0,                715P   1703
-2.285627309616D1,3.041965034276D1,-2.386992593387D0,                715P   1704
-2.298869768268D1,3.036148071838D1,-2.384043042780D0,                715P   1705
-2.316058110497D1,3.013044182993D1,-2.037595470676D0,                715P   1706
-2.290322539646D1,3.030577570077D1,-2.039442480230D0,                715P   1707
-2.285627659923D1,3.042989111905D1,-2.040750733540D0,                715P   1708
-2.298869878794D1,3.037165584813D1,-2.040138015689D0,                715P   1709
-2.316058333539D1,3.012766757538D1,-1.728573487052D0,                715P   1710
-2.290322361392D1,3.030294319109D1,-1.723900093198D0,                715P   1711
-2.285627576626D1,3.042701640674D1,-1.720589829385D0,                715P   1712
-2.298869862712D1,3.036879957424D1,-1.722140103941D0,                715P   1713
-2.316058285917D1,3.011487677993D1,-1.443080627895D0,                715P   1714
-2.290321692740D1,3.028988366799D1,-1.432381155430D0,                715P   1715
-2.285627359491D1,3.041376220533D1,-1.424803504474D0,                715P   1716
-2.298869965189D1,3.035563042823D1,-1.428353725621D0,                715P   1717
-2.316058238419D1,3.009444478375D1,-1.181088201851D0,                715P   1718
-2.290320664010D1,3.026902108232D1,-1.164844721493D0,                715P   1719
-2.285627053367D1,3.039258768140D1,-1.153341012125D0,                715P   1720
-2.298870170544D1,3.033459219086D1,-1.158731140982D0,                715P   1721
-2.316058203730D1,3.006849994154D1,-9.419708787797D-1,               715P   1722
-2.290319279690D1,3.024253137191D1,-9.206856228538D-1,               715P   1723
-2.285626583846D1,3.036570324416D1,-9.056119846026D-1,               715P   1724
-2.298870348499D1,3.030788021070D1,-9.126757847292D-1,               715P   1725
-2.316058077756D1,3.003871227704D1,-7.237296632760D-1,               715P   1726
-2.290317677073D1,3.021211925372D1,-6.978496607815D-1,               715P   1727
-2.285626043544D1,3.033483874390D1,-6.795238599586D-1,               715P   1728
-2.298870560024D1,3.027721335730D1,-6.881141038662D-1,               715P   1729
-2.316057936292D1,3.000628089446D1,-5.239414039374D-1,               715P   1730
-2.290315955045D1,3.017900774144D1,-4.938531417739D-1,               715P   1731
-2.285625488804D1,3.030123451540D1,-4.725495418837D-1,               715P   1732
-2.298870831335D1,3.024382439782D1,-4.825385951399D-1,               715P   1733
-2.316057819664D1,2.998153351882D1,-3.911343176463D-1,               715P   1734
-2.290314636268D1,3.015374042413D1,-3.582433339883D-1,               715P   1735
-2.285625064823D1,3.027559052923D1,-3.349568182863D-1,               715P   1736
-2.298871040511D1,3.021834497929D1,-3.458777806225D-1,               715P   1737
-2.316057731406D1,2.996827825778D1,-3.245479400725D-1,               715P   1738
-2.290313917802D1,3.014020616727D1,-2.902493012097D-1,               715P   1739
-2.285624825903D1,3.026185415538D1,-2.659669151143D-1,               715P   1740
-2.298871140896D1,3.020469691090D1,-2.773559634190D-1,               715P   1741
-2.316057672368D1,2.996713162016D1,-3.188195382199D-1,               715P   1742
-2.290313855560D1,3.013903539160D1,-2.843997804959D-1,               715P   1743
-2.285624805145D1,3.026066589304D1,-2.600317070085D-1,               715P   1744
-2.298871149490D1,3.020351628853D1,-2.714610310867D-1,               715P   1745
-2.316057667170D1,0D0,1D0,1.735713720261D-1,1.005407970737D0;        715P   1746
102,4,135,137,139,141;                                               717P   1747
110,1.469504906975D-1,9.968517902370D-1,0D0,1.469504906952D-1,       719P   1748
3.773110133576D-1,0D0;                                               719P   1749
126,7,3,0,0,1,0,0D0,0D0,0D0,0D0,1.574178102602D-1,                   721P   1750
3.347231415763D-1,5.326365051975D-1,7.529530834299D-1,1D0,1D0,       721P   1751
1D0,1D0,1D0,1D0,1D0,1D0,1D0,1D0,1D0,1D0,1.469504906952D-1,           721P   1752
3.773110133576D-1,0D0,1.999067451832D-1,3.677551370525D-1,0D0,       721P   1753
2.994559282366D-1,3.469223011329D-1,0D0,4.286676546273D-1,           721P   1754
3.126082277100D-1,0D0,5.576744948845D-1,2.735961238065D-1,0D0,       721P   1755
6.952208506615D-1,2.295992440490D-1,0D0,7.958309669921D-1,           721P   1756
1.985364410798D-1,0D0,8.529892227028D-1,1.821274862788D-1,0D0,       721P   1757
0D0,1D0,0D0,0D0,1D0;                                                 721P   1758
126,12,3,0,0,1,0,0D0,0D0,0D0,0D0,1.381309199286D-1,                  723P   1759
2.647709353378D-1,3.820757938882D-1,4.918441752172D-1,               723P   1760
5.943104456671D-1,6.890396228710D-1,7.762756226142D-1,               723P   1761
8.566852444684D-1,9.309996324984D-1,1D0,1D0,1D0,1D0,1D0,1D0,1D0,     723P   1762
1D0,1D0,1D0,1D0,1D0,1D0,1D0,1D0,1D0,1D0,8.529892227028D-1,           723P   1763
1.821274862788D-1,0D0,8.530024951705D-1,2.184481816904D-1,0D0,       723P   1764
8.530241565191D-1,2.880640465451D-1,0D0,8.530437300721D-1,           723P   1765
3.885202724465D-1,0D0,8.530509219022D-1,4.815241405145D-1,0D0,       723P   1766
8.530478740724D-1,5.681713375986D-1,0D0,8.530363531979D-1,           723P   1767
6.488826947024D-1,0D0,8.530180945565D-1,7.236666521318D-1,0D0,       723P   1768
8.529950656439D-1,7.926543630986D-1,0D0,8.529684645794D-1,           723P   1769
8.562763466567D-1,0D0,8.529390463554D-1,9.151037731038D-1,0D0,       723P   1770
8.529173443398D-1,9.527870154287D-1,0D0,8.529062342563D-1,           723P   1771
9.709295942231D-1,0D0,0D0,1D0,0D0,0D0,1D0;                           723P   1772
126,7,3,0,0,1,0,0D0,0D0,0D0,0D0,1.987946797724D-1,                   725P   1773
4.020149718949D-1,6.008480501763D-1,8.028682664881D-1,1D0,1D0,       725P   1774
1D0,1D0,1D0,1D0,1D0,1D0,1D0,1D0,1D0,1D0,8.529062342563D-1,           725P   1775
9.709295942231D-1,0D0,8.007564240412D-1,9.725616449403D-1,0D0,       725P   1776
7.019952070342D-1,9.760068810065D-1,0D0,5.661952854838D-1,           725P   1777
9.813747036215D-1,0D0,4.328627014588D-1,9.867659864471D-1,0D0,       725P   1778
2.973691523258D-1,9.920139704400D-1,0D0,1.988982165304D-1,           725P   1779
9.953098134579D-1,0D0,1.469504906975D-1,9.968517902370D-1,0D0,       725P   1780
0D0,1D0,0D0,0D0,1D0;                                                 725P   1781
102,4,719,721,723,725;                                               727P   1782
142,0,715,727,717,1;                                                 729P   1783
144,715,1,0,729;                                                     731P   1784
128,3,4,3,3,0,0,0,0,0,0D0,0D0,0D0,0D0,1D0,1D0,1D0,1D0,               733P   1785
3.697141634284D-1,3.697141634284D-1,3.697141634284D-1,               733P   1786
3.697141634284D-1,5.000035071776D-1,6.888628046771D-1,               733P   1787
6.888628046771D-1,6.888628046771D-1,6.888628046771D-1,               733P   1788
1.229928143726D0,9.233572854245D-1,9.233572854245D-1,                733P   1789
1.229928143726D0,1.229928143726D0,9.233572854245D-1,                 733P   1790
9.233572854245D-1,1.229928143726D0,1.229928143726D0,                 733P   1791
9.233572854245D-1,9.233572854245D-1,1.229928143726D0,                733P   1792
1.229928143726D0,9.233572854245D-1,9.233572854245D-1,                733P   1793
1.229928143726D0,1.229928143726D0,9.233572854245D-1,                 733P   1794
9.233572854245D-1,1.229928143726D0,3.030509784786D1,                 733P   1795
-3.060043364404D0,-2.313693260245D1,3.042844333987D1,                733P   1796
-2.378734563886D0,-2.314322127621D1,2.997513800819D1,                733P   1797
-1.855857900366D0,-2.311977882113D1,2.928415337400D1,                733P   1798
-1.882408770622D0,-2.308413497732D1,3.031266544843D1,                733P   1799
-3.060045911201D0,-2.299028046092D1,3.043611044135D1,                733P   1800
-2.378735647978D0,-2.299445899336D1,2.998239228125D1,                733P   1801
-1.855864348094D0,-2.297888008103D1,2.929079119312D1,                733P   1802
-1.882423397520D0,-2.295519328380D1,3.032187643756D1,                733P   1803
-3.060049170061D0,-2.263058087898D1,3.044544254286D1,                733P   1804
-2.378737140632D0,-2.262958575443D1,2.999122188831D1,                733P   1805
-1.855872321591D0,-2.263329552603D1,2.929887045293D1,                733P   1806
-1.882441252682D0,-2.263893611011D1,3.030819567398D1,                733P   1807
-3.060044351242D0,-2.227088966010D1,3.043158189540D1,                733P   1808
-2.378734944259D0,-2.226472126062D1,2.997810757783D1,                733P   1809
-1.855860503378D0,-2.228771943890D1,2.928687060630D1,                733P   1810
-1.882414763336D0,-2.232268667501D1,3.029210805317D1,                733P   1811
-3.060038865605D0,-2.205863004227D1,3.041528275360D1,                733P   1812
-2.378732573929D0,-2.204940658940D1,2.996268603472D1,                733P   1813
-1.855846712150D0,-2.208378550827D1,2.927275953300D1,                733P   1814
-1.882383555297D0,-2.213605901737D1,0D0,1D0,3.697141634284D-1,       733P   1815
6.888628046771D-1;                                                   733P   1816
126,7,3,0,0,1,0,0D0,0D0,0D0,0D0,2D-1,4D-1,6D-1,8D-1,1D0,1D0,1D0,     735P   1817
1D0,1D0,1D0,1D0,1D0,1D0,1D0,1D0,1D0,3.016311235206D1,                735P   1818
-2.339278888673D0,-2.230364511179D1,3.018255654980D1,                735P   1819
-2.369390426587D0,-2.230328222846D1,3.022047433867D1,                735P   1820
-2.435714845619D0,-2.229603231601D1,3.026877336689D1,                735P   1821
-2.552692493688D0,-2.226684577548D1,3.030313943153D1,                735P   1822
-2.686156976786D0,-2.222131027773D1,3.031853575255D1,                735P   1823
-2.834951876390D0,-2.216211276171D1,3.031186112826D1,                735P   1824
-2.946679777739D0,-2.211429532008D1,3.030283626067D1,                735P   1825
-3.004820626142D0,-2.208944771262D1,0D0,1D0,0D0,0D0,1D0;             735P   1826
126,7,3,0,0,1,0,0D0,0D0,0D0,0D0,2D-1,4D-1,6D-1,8D-1,1D0,1D0,1D0,     737P   1827
1D0,1D0,1D0,1D0,1D0,1D0,1D0,1D0,1D0,3.031507717467D1,                737P   1828
-3.004846688334D0,-2.310584496645D1,3.032335428182D1,                737P   1829
-2.947664762952D0,-2.308137168379D1,3.032896692987D1,                737P   1830
-2.837684785571D0,-2.303448139334D1,3.031291278752D1,                737P   1831
-2.690603322283D0,-2.297650513358D1,3.027862067635D1,                737P   1832
-2.558572889369D0,-2.293216423400D1,3.023098433253D1,                737P   1833
-2.442501932327D0,-2.290382785667D1,3.019378315822D1,                737P   1834
-2.376420111117D0,-2.289679734778D1,3.017469415967D1,                737P   1835
-2.346302130171D0,-2.289644026367D1,0D0,1D0,0D0,0D0,1D0;             737P   1836
102,6,143,735,147,737,149,151;                                       739P   1837
126,8,3,0,0,1,0,0D0,0D0,0D0,0D0,1.653827444692D-1,                   741P   1838
3.322676673309D-1,4.984863375396D-1,6.645673791410D-1,               741P   1839
8.319160230464D-1,1D0,1D0,1D0,1D0,1D0,1D0,1D0,1D0,1D0,1D0,1D0,       741P   1840
1D0,1D0,9.646658219677D-1,6.265325221497D-1,0D0,                     741P   1841
9.309318577492D-1,6.259307085512D-1,0D0,8.655189215640D-1,           741P   1842
6.247500955969D-1,0D0,7.728659099443D-1,6.230989737251D-1,0D0,       741P   1843
6.839318960518D-1,6.216008100887D-1,0D0,5.974269444562D-1,           741P   1844
6.202829634245D-1,0D0,5.119036152232D-1,6.191653644463D-1,0D0,       741P   1845
4.548058577737D-1,6.185667550722D-1,0D0,4.260252097707D-1,           741P   1846
6.183069123210D-1,0D0,0D0,1D0,0D0,0D0,1D0;                           741P   1847
126,7,3,0,0,1,0,0D0,0D0,0D0,0D0,1.565949600931D-1,                   743P   1848
3.334858135822D-1,5.313134332779D-1,7.518624814970D-1,1D0,1D0,       743P   1849
1D0,1D0,1D0,1D0,1D0,1D0,1D0,1D0,1D0,1D0,4.260252097707D-1,           743P   1850
6.183069123210D-1,0D0,4.059251320147D-1,6.181914729780D-1,0D0,       743P   1851
3.632100122817D-1,6.200788889241D-1,0D0,2.953664299872D-1,           743P   1852
6.283599115306D-1,0D0,2.194862332861D-1,6.414841856453D-1,0D0,       743P   1853
1.332311133995D-1,6.590035461461D-1,0D0,7.002335085372D-2,           743P   1854
6.724512591734D-1,0D0,3.535906585435D-2,6.795413458641D-1,0D0,       743P   1855
0D0,1D0,0D0,0D0,1D0;                                                 743P   1856
126,5,3,0,0,1,0,0D0,0D0,0D0,0D0,3.333401233358D-1,                   745P   1857
6.666675298458D-1,1D0,1D0,1D0,1D0,1D0,1D0,1D0,1D0,1D0,1D0,           745P   1858
3.535906585435D-2,6.795413458641D-1,0D0,3.534986555507D-2,           745P   1859
6.461528357318D-1,0D0,3.533660362255D-2,5.793747238906D-1,0D0,       745P   1860
3.533203320456D-2,4.792045394154D-1,0D0,3.533913959197D-2,           745P   1861
4.124256318470D-1,0D0,3.534521581442D-2,3.790367164933D-1,0D0,       745P   1862
0D0,1D0,0D0,0D0,1D0;                                                 745P   1863
126,7,3,0,0,1,0,0D0,0D0,0D0,0D0,2.470466906110D-1,                   747P   1864
4.673633404106D-1,6.652767683216D-1,8.425821572331D-1,1D0,1D0,       747P   1865
1D0,1D0,1D0,1D0,1D0,1D0,1D0,1D0,1D0,1D0,3.534521581442D-2,           747P   1866
3.790367164933D-1,0D0,6.948699615784D-2,3.859736042498D-1,0D0,       747P   1867
1.318640284819D-1,3.991532721033D-1,0D0,2.170616911005D-1,           747P   1868
4.163943325450D-1,0D0,2.921377178321D-1,4.294162592313D-1,0D0,       747P   1869
3.593410053757D-1,4.377795666283D-1,0D0,4.017052764402D-1,           747P   1870
4.398791183471D-1,0D0,4.216777283481D-1,4.399101225543D-1,0D0,       747P   1871
0D0,1D0,0D0,0D0,1D0;                                                 747P   1872
126,8,3,0,0,1,0,0D0,0D0,0D0,0D0,1.680036499364D-1,                   749P   1873
3.355327240466D-1,5.016687085992D-1,6.678590462057D-1,               749P   1874
8.346978895074D-1,1D0,1D0,1D0,1D0,1D0,1D0,1D0,1D0,1D0,1D0,1D0,       749P   1875
1D0,1D0,4.216777283481D-1,4.399101225543D-1,0D0,                     749P   1876
4.506987012297D-1,4.398661187548D-1,0D0,5.082982595976D-1,           749P   1877
4.397577068457D-1,0D0,5.945324424590D-1,4.395403203323D-1,0D0,       749P   1878
6.817452865299D-1,4.392748630845D-1,0D0,7.713649084489D-1,           749P   1879
4.389684697743D-1,0D0,8.647238547222D-1,4.386292769203D-1,0D0,       749P   1880
9.306571880088D-1,4.383868949155D-1,0D0,9.646658220637D-1,           749P   1881
4.382636573373D-1,0D0,0D0,1D0,0D0,0D0,1D0;                           749P   1882
110,9.646658220637D-1,4.382636573373D-1,0D0,9.646658219677D-1,       751P   1883
6.265325221497D-1,0D0;                                               751P   1884
102,6,741,743,745,747,749,751;                                       753P   1885
142,0,733,753,739,1;                                                 755P   1886
144,733,1,0,755;                                                     757P   1887
126,8,3,0,0,1,0,0D0,0D0,0D0,0D0,1.948744786950D-1,                   759P   1888
4.049931137195D-1,6.151117487440D-1,8.252303837685D-1,               759P   1889
9.855346436649D-1,1D0,1D0,1D0,1D0,1D0,1D0,1D0,1D0,1D0,1D0,1D0,       759P   1890
1D0,1D0,3.022798297132D1,-2.373703398912D0,-2.230248480715D1,        759P   1891
3.022798531381D1,-2.215337309850D0,-2.230261900869D1,                759P   1892
3.022798746973D1,-1.887364105846D0,-2.230274252080D1,                759P   1893
3.022798209800D1,-1.391139405560D0,-2.230243477491D1,                759P   1894
3.022796730191D1,-8.826807364809D-1,-2.230158710758D1,               759P   1895
3.022794531612D1,-4.198917964180D-1,-2.230032754236D1,               759P   1896
3.022792583526D1,-1.152095082907D-1,-2.229921148447D1,               759P   1897
3.022791593540D1,2.285694913280D-2,-2.229864432205D1,                759P   1898
3.022791510879D1,3.428262030425D-2,-2.229859696529D1,0D0,1D0,        759P   1899
0D0,0D0,1D0;                                                         759P   1900
122,759,2.799418184129D1,-2.373703398912D0,-2.234147595091D1;        761P   1901
126,5,3,0,0,1,0,0D0,0D0,0D0,0D0,3.333333333333D-1,                   763P   1902
6.666666666667D-1,1D0,1D0,1D0,1D0,1D0,1D0,1D0,1D0,1D0,1D0,           763P   1903
2.925D1,-3.411963124899D-1,-2.231707175692D1,2.925D1,                763P   1904
-3.035493445926D-1,-2.231694602461D1,2.925D1,-2.280794727987D-1,     763P   1905
-2.231668487836D1,2.925D1,-1.143376929082D-1,-2.231626361348D1,      763P   1906
2.925D1,-3.817019068254D-2,-2.231596284731D1,2.925D1,0D0,            763P   1907
-2.231580740897D1,0D0,1D0,0D0,0D0,1D0;                               763P   1908
110,2.925D1,0D0,-2.231580740897D1,2.835D1,0D0,-2.233151696741D1;     765P   1909
126,5,3,0,0,1,0,0D0,0D0,0D0,0D0,3.333333333333D-1,                   767P   1910
6.666666666667D-1,1D0,1D0,1D0,1D0,1D0,1D0,1D0,1D0,1D0,1D0,           767P   1911
2.835D1,0D0,-2.233151696741D1,2.831650037469D1,                      767P   1912
-3.349962530546D-2,-2.233223812419D1,2.824961191628D1,               767P   1913
-1.003880837237D-1,-2.233367080732D1,2.814960607883D1,               767P   1914
-2.003939211713D-1,-2.233579129355D1,2.808316448033D1,               767P   1915
-2.668355196717D-1,-2.233718585898D1,2.805D1,-3D-1,                  767P   1916
-2.233787843286D1,0D0,1D0,0D0,0D0,1D0;                               767P   1917
102,9,155,167,763,765,767,187,179,175,143;                           769P   1918
126,6,3,0,0,1,0,0D0,0D0,0D0,0D0,2.844209890816D-1,                   771P   1919
5.441341711566D-1,7.815590894192D-1,1D0,1D0,1D0,1D0,1D0,1D0,1D0,     771P   1920
1D0,1D0,1D0,1D0,1.414007348710D-2,2.905442750359D-2,0D0,             771P   1921
9.105639160256D-2,2.513213447794D-2,0D0,2.387611315672D-1,           771P   1922
2.303946127146D-2,0D0,4.513379794255D-1,3.489206288444D-2,0D0,       771P   1923
6.454837853479D-1,5.816473178723D-2,0D0,7.693528811747D-1,           771P   1924
8.006891320388D-2,0D0,8.288504607552D-1,9.215260453977D-2,0D0,       771P   1925
0D0,1D0,0D0,0D0,1D0;                                                 771P   1926
126,5,3,0,0,1,0,0D0,0D0,0D0,0D0,3.328111596360D-1,                   773P   1927
6.660305290807D-1,1D0,1D0,1D0,1D0,1D0,1D0,1D0,1D0,1D0,1D0,           773P   1928
8.288504607552D-1,9.215260453977D-2,0D0,8.303016489277D-1,           773P   1929
1.304965269196D-1,0D0,8.332018951750D-1,2.072315807807D-1,0D0,       773P   1930
8.375448881446D-1,3.224446226318D-1,0D0,8.404349227509D-1,           773P   1931
3.993138214387D-1,0D0,8.418797064079D-1,4.377917158214D-1,0D0,       773P   1932
0D0,1D0,0D0,0D0,1D0;                                                 773P   1933
110,8.418797064079D-1,4.377917158214D-1,0D0,9.855346436649D-1,       775P   1934
4.377818391348D-1,0D0;                                               775P   1935
110,9.855346436649D-1,4.377818391348D-1,0D0,9.855346436649D-1,       777P   1936
8.406825216980D-1,0D0;                                               777P   1937
126,5,3,0,0,1,0,0D0,0D0,0D0,0D0,3.344461239959D-1,                   779P   1938
6.677896935592D-1,1D0,1D0,1D0,1D0,1D0,1D0,1D0,1D0,1D0,1D0,           779P   1939
9.855346436649D-1,8.406825216980D-1,0D0,9.714252738664D-1,           779P   1940
8.556555976936D-1,0D0,9.432670385312D-1,8.855523669775D-1,0D0,       779P   1941
9.011491291924D-1,9.303220389655D-1,0D0,8.731538557482D-1,           779P   1942
9.601186236181D-1,0D0,8.591902187357D-1,9.749915369414D-1,0D0,       779P   1943
0D0,1D0,0D0,0D0,1D0;                                                 779P   1944
110,8.591902187357D-1,9.749915369414D-1,0D0,3.187036682239D-1,       781P   1945
9.750124602929D-1,0D0;                                               781P   1946
126,5,3,0,0,1,0,0D0,0D0,0D0,0D0,3.339893658867D-1,                   783P   1947
6.673359971602D-1,1D0,1D0,1D0,1D0,1D0,1D0,1D0,1D0,1D0,1D0,           783P   1948
3.187036682239D-1,9.750124602929D-1,0D0,3.065678800438D-1,           783P   1949
9.618602053703D-1,0D0,2.823232774573D-1,9.355809843600D-1,0D0,       783P   1950
2.460078615878D-1,8.962016257D-1,0D0,2.218341569721D-1,              783P   1951
8.699745122155D-1,0D0,2.097635633598D-1,8.568743859242D-1,0D0,       783P   1952
0D0,1D0,0D0,0D0,1D0;                                                 783P   1953
110,2.097635633598D-1,8.568743859242D-1,0D0,2.023692478709D-1,       785P   1954
3.974405022374D-1,0D0;                                               785P   1955
126,8,3,0,0,1,0,0D0,0D0,0D0,0D0,1.653955004162D-1,                   787P   1956
3.322932929614D-1,4.985247814742D-1,6.646186307661D-1,               787P   1957
8.319801801158D-1,1D0,1D0,1D0,1D0,1D0,1D0,1D0,1D0,1D0,1D0,1D0,       787P   1958
1D0,1D0,2.023692478709D-1,3.974405022374D-1,0D0,                     787P   1959
2.019973030995D-1,3.732501974877D-1,0D0,1.975557880643D-1,           787P   1960
3.247285152525D-1,0D0,1.801630982667D-1,2.540451687298D-1,0D0,       787P   1961
1.523856756251D-1,1.872815994675D-1,0D0,1.150099042176D-1,           787P   1962
1.262298308262D-1,0D0,6.886565054433D-2,7.241326738417D-2,0D0,       787P   1963
3.308075057655D-2,4.237347049562D-2,0D0,1.414007348710D-2,           787P   1964
2.905442750359D-2,0D0,0D0,1D0,0D0,0D0,1D0;                           787P   1965
102,9,771,773,775,777,779,781,783,785,787;                           789P   1966
142,0,761,789,769,1;                                                 791P   1967
144,761,1,0,791;                                                     793P   1968
128,3,7,3,3,0,0,0,0,0,0D0,0D0,0D0,0D0,1D0,1D0,1D0,1D0,               795P   1969
6.100145294618D-3,6.100145294618D-3,6.100145294618D-3,               795P   1970
6.100145294618D-3,1.595193993017D-1,3.359933787618D-1,               795P   1971
5.329390907690D-1,7.527429964114D-1,8.264258932494D-1,               795P   1972
8.264258932494D-1,8.264258932494D-1,8.264258932494D-1,               795P   1973
1.368776680545D0,8.770744398183D-1,8.770744398183D-1,                795P   1974
1.368776680545D0,1.368776680545D0,8.770744398183D-1,                 795P   1975
8.770744398183D-1,1.368776680545D0,1.368776680545D0,                 795P   1976
8.770744398183D-1,8.770744398183D-1,1.368776680545D0,                795P   1977
1.368776680545D0,8.770744398183D-1,8.770744398183D-1,                795P   1978
1.368776680545D0,1.368776680545D0,8.770744398183D-1,                 795P   1979
8.770744398183D-1,1.368776680545D0,1.368776680545D0,                 795P   1980
8.770744398183D-1,8.770744398183D-1,1.368776680545D0,                795P   1981
1.368776680545D0,8.770744398183D-1,8.770744398183D-1,                795P   1982
1.368776680545D0,1.368776680545D0,8.770744398183D-1,                 795P   1983
8.770744398183D-1,1.368776680545D0,2.996227964171D1,                 795P   1984
-3.554166618890D-1,-2.229694423278D1,3.013731917469D1,               795P   1985
-3.211367339198D-1,-2.234465297657D1,3.025958103610D1,               795P   1986
-2.971781255005D-1,-2.220838816225D1,3.019730575327D1,               795P   1987
-3.093606104741D-1,-2.203500000027D1,2.999411800043D1,               795P   1988
-5.180395472777D-1,-2.229692668098D1,3.016984007867D1,               795P   1989
-4.872612909598D-1,-2.234464712251D1,3.029259027983D1,               795P   1990
-4.657483717907D-1,-2.220839047884D1,3.023008285601D1,               795P   1991
-4.766848870238D-1,-2.203499815507D1,3.005211789419D1,               795P   1992
-8.698634076952D-1,-2.229689528192D1,3.022907729250D1,               795P   1993
-8.466214207644D-1,-2.234463697632D1,3.035271275741D1,               795P   1994
-8.303723326630D-1,-2.220839517989D1,3.028978450775D1,               795P   1995
-8.386275018384D-1,-2.203499529710D1,3.010845897920D1,               795P   1996
-1.436515778423D0,-2.229686534697D1,3.028662627994D1,                795P   1997
-1.425474839033D0,-2.234462719314D1,3.041112596144D1,                795P   1998
-1.417755537777D0,-2.220839947747D1,3.034778689140D1,                795P   1999
-1.421676830797D0,-2.203499242985D1,3.012516866582D1,                795P   2000
-2.077675444493D0,-2.229685534283D1,3.030369436164D1,                795P   2001
-2.080412277715D0,-2.234462314080D1,3.042845046368D1,                795P   2002
-2.082324808945D0,-2.220839958435D1,3.036498949971D1,                795P   2003
-2.081351936680D0,-2.203499042105D1,3.009584842639D1,                795P   2004
-2.607157258303D0,-2.229687546796D1,3.027374363953D1,                795P   2005
-2.621303755889D0,-2.234463298815D1,3.039804865076D1,                795P   2006
-2.631200152995D0,-2.220840224964D1,3.033480212053D1,                795P   2007
-2.626181275306D0,-2.203499673997D1,3.006017836804D1,                795P   2008
-2.922321746842D0,-2.229691949729D1,3.023731172920D1,                795P   2009
-2.943230478154D0,-2.234466582547D1,3.036107165864D1,                795P   2010
-2.957862894226D0,-2.220842726843D1,3.029808424194D1,                795P   2011
-2.950449895820D0,-2.203502573961D1,3.005008744100D1,                795P   2012
-3.001301695003D0,-2.229693322088D1,3.022700526360D1,                795P   2013
-3.023904457087D0,-2.234467646800D1,3.035061098176D1,                795P   2014
-3.039723619921D0,-2.220843575887D1,3.028769687188D1,                795P   2015
-3.031711148009D0,-2.203503532619D1,0D0,1D0,6.100145294618D-3,       795P   2016
8.264258932494D-1;                                                   795P   2017
102,4,155,157,159,161;                                               797P   2018
110,1.458729652122D-1,6.205669642638D-1,0D0,1.458729651700D-1,       799P   2019
1.465922550624D-2,0D0;                                               799P   2020
126,7,3,0,0,1,0,0D0,0D0,0D0,0D0,1.902247901592D-1,                   801P   2021
3.892883646195D-1,5.889580514699D-1,7.957796574168D-1,1D0,1D0,       801P   2022
1D0,1D0,1D0,1D0,1D0,1D0,1D0,1D0,1D0,1D0,1.458729651700D-1,           801P   2023
1.465922550624D-2,0D0,1.976804886958D-1,1.620196142869D-2,0D0,       801P   2024
2.963246853928D-1,1.980892524742D-2,0D0,4.313888520308D-1,           801P   2025
2.631031595811D-2,0D0,5.648829275489D-1,3.371095554431D-2,0D0,       801P   2026
7.013664342076D-1,4.165779572782D-2,0D0,8.009951560616D-1,           801P   2027
4.705432957606D-2,0D0,8.539977922987D-1,4.967885703524D-2,0D0,       801P   2028
0D0,1D0,0D0,0D0,1D0;                                                 801P   2029
126,7,3,0,0,1,0,0D0,0D0,0D0,0D0,1.677652670198D-1,                   803P   2030
3.495361325329D-1,5.476030501755D-1,7.636783544959D-1,1D0,1D0,       803P   2031
1D0,1D0,1D0,1D0,1D0,1D0,1D0,1D0,1D0,1D0,8.539977922987D-1,           803P   2032
4.967885703524D-2,0D0,8.540222556163D-1,9.263966970629D-2,0D0,       803P   2033
8.540661312698D-1,1.821474143037D-1,0D0,8.541112621128D-1,           803P   2034
3.223730568614D-1,0D0,8.541318756350D-1,4.749656343783D-1,0D0,       803P   2035
8.541209710499D-1,6.415289403027D-1,0D0,8.540895521596D-1,           803P   2036
7.573640189691D-1,0D0,8.540670966501D-1,8.178676329659D-1,0D0,       803P   2037
0D0,1D0,0D0,0D0,1D0;                                                 803P   2038
126,7,3,0,0,1,0,0D0,0D0,0D0,0D0,2.481377831850D-1,                   805P   2039
4.686868137455D-1,6.665144176019D-1,8.434052569280D-1,1D0,1D0,       805P   2040
1D0,1D0,1D0,1D0,1D0,1D0,1D0,1D0,1D0,1D0,8.540670966501D-1,           805P   2041
8.178676329659D-1,0D0,7.965133644284D-1,8.011895351343D-1,0D0,       805P   2042
6.956040977529D-1,7.696678234344D-1,0D0,5.579222609513D-1,           805P   2043
7.250780804841D-1,0D0,4.288775518972D-1,6.856493059665D-1,0D0,       805P   2044
2.994890117733D-1,6.510667241120D-1,0D0,1.992776856217D-1,           805P   2045
6.301378859432D-1,0D0,1.458729652122D-1,6.205669642638D-1,0D0,       805P   2046
0D0,1D0,0D0,0D0,1D0;                                                 805P   2047
102,4,799,801,803,805;                                               807P   2048
142,0,795,807,797,1;                                                 809P   2049
144,795,1,0,809;                                                     811P   2050
110,7.660563301419D1,-1.949999995638D0,-2.269977051632D1,            813P   2051
7.560563301419D1,-1.949999995638D0,-2.269977051632D1;                813P   2052
110,3.029136173906D1,-3.326700042608D-1,-2.269977051632D1,           815P   2053
2.919420831055D1,-2.943565622866D-1,-2.269977051632D1;               815P   2054
120,813,815,-7.793415049750D-3,6.168421221496D0;                     817P   2055
126,5,3,0,0,1,0,0D0,0D0,0D0,0D0,3.333333333333D-1,                   819P   2056
6.666666666667D-1,1D0,1D0,1D0,1D0,1D0,1D0,1D0,1D0,1D0,1D0,           819P   2057
3.002672787622D1,-3.353551014003D-1,-2.289638121224D1,               819P   2058
2.994068317600D1,-3.321465851161D-1,-2.289489004473D1,               819P   2059
2.976841328072D1,-3.257293113926D-1,-2.289190462611D1,               819P   2060
2.950950903322D1,-3.161040149882D-1,-2.288741797744D1,               819P   2061
2.933655997475D1,-3.096869148303D-1,-2.288442096807D1,2.925D1,       819P   2062
-3.064783104234D-1,-2.288292100522D1,0D0,1D0,0D0,0D0,1D0;            819P   2063
124,0D0,0D0,-1D0,2.925D1,9.938480442160D-1,-1.107522686356D-1,       821P   2064
0D0,-1.949999995638D0,-1.107522686356D-1,-9.938480442160D-1,0D0,     821P   2065
-2.269977051632D1;                                                   821P   2066
100,0D0,0D0,0D0,1.653695144624D0,0D0,1.556521638217D0,               823P   2067
-5.585230712484D-1;                                                  823P   2068
126,5,3,0,0,1,0,0D0,0D0,0D0,0D0,3.333333333333D-1,                   825P   2069
6.666666666667D-1,1D0,1D0,1D0,1D0,1D0,1D0,1D0,1D0,1D0,1D0,           825P   2070
2.925D1,-3.411963124899D-1,-2.231707175692D1,2.933604868845D1,       825P   2071
-3.446395996602D-1,-2.231558127127D1,2.950796379147D1,               825P   2072
-3.515283078923D-1,-2.231260341271D1,2.976518924439D1,               825P   2073
-3.618640848020D-1,-2.230814770190D1,2.993644210061D1,               825P   2074
-3.687647480746D-1,-2.230518113872D1,3.002189740085D1,               825P   2075
-3.722131047333D-1,-2.230370079892D1,0D0,1D0,0D0,0D0,1D0;            825P   2076
124,0D0,0D0,1D0,3.023545440371D1,9.262528169562D-1,                  827P   2077
-3.769027979210D-1,0D0,-1.949999995638D0,3.769027979210D-1,          827P   2078
9.262528169562D-1,0D0,-2.269977051632D1;                             827P   2079
100,0D0,0D0,0D0,1.619282318548D0,0D0,1.298884478627D0,               829P   2080
-9.669407108724D-1;                                                  829P   2081
102,6,141,819,823,825,157,829;                                       831P   2082
126,7,3,0,0,1,0,0D0,0D0,0D0,0D0,1.987946201898D-1,                   833P   2083
4.020149272625D-1,6.008480201715D-1,8.028682513453D-1,1D0,1D0,       833P   2084
1D0,1D0,1D0,1D0,1D0,1D0,1D0,1D0,1D0,1D0,5.088888723900D-2,           833P   2085
2.534825660604D-1,0D0,5.079768380362D-2,2.398981686977D-1,0D0,       833P   2086
5.723243543588D-2,2.125106133333D-1,0D0,8.457419551413D-2,           833P   2087
1.753991857091D-1,0D0,1.275387149003D-1,1.455994832231D-1,0D0,       833P   2088
1.813837277102D-1,1.263280274163D-1,0D0,2.213335083363D-1,           833P   2089
1.213990106158D-1,0D0,2.412057949237D-1,1.211705388870D-1,0D0,       833P   2090
0D0,1D0,0D0,0D0,1D0;                                                 833P   2091
126,5,3,0,0,1,0,0D0,0D0,0D0,0D0,3.326706953016D-1,                   835P   2092
6.660043403646D-1,1D0,1D0,1D0,1D0,1D0,1D0,1D0,1D0,1D0,1D0,           835P   2093
2.412057949237D-1,1.211705388870D-1,0D0,3.197094204941D-1,           835P   2094
1.200209295011D-1,0D0,4.768733359332D-1,1.177326892269D-1,0D0,       835P   2095
7.128543059394D-1,1.143360995838D-1,0D0,8.703317506249D-1,           835P   2096
1.120951852261D-1,0D0,9.491486896889D-1,1.109799433454D-1,0D0,       835P   2097
0D0,1D0,0D0,0D0,1D0;                                                 835P   2098
110,9.491486896889D-1,1.109799433454D-1,0D0,9.491486896889D-1,       837P   2099
6.049647863101D0,0D0;                                                837P   2100
126,5,3,0,0,1,0,0D0,0D0,0D0,0D0,3.340950148736D-1,                   839P   2101
6.674396462987D-1,1D0,1D0,1D0,1D0,1D0,1D0,1D0,1D0,1D0,1D0,           839P   2102
9.491486896889D-1,6.049647863101D0,0D0,8.708076280960D-1,            839P   2103
6.048290687146D0,0D0,7.143018027178D-1,6.045563294504D0,0D0,         839P   2104
4.798159934835D-1,6.041427814976D0,0D0,3.236714364894D-1,            839P   2105
6.038640694700D0,0D0,2.456912901452D-1,6.037240314203D0,0D0,0D0,     839P   2106
1D0,0D0,0D0,1D0;                                                     839P   2107
126,7,3,0,0,1,0,0D0,0D0,0D0,0D0,1.902246284606D-1,                   841P   2108
3.892881003285D-1,5.889576842740D-1,7.957791836301D-1,1D0,1D0,       841P   2109
1D0,1D0,1D0,1D0,1D0,1D0,1D0,1D0,1D0,1D0,2.456912901452D-1,           841P   2110
6.037240314203D0,0D0,2.256766812067D-1,6.036936542134D0,0D0,         841P   2111
1.851694683351D-1,6.031675870577D0,0D0,1.302492857624D-1,            841P   2112
6.011419807397D0,0D0,8.595387890979D-2,5.979919102390D0,0D0,         841P   2113
5.752134047076D-2,5.940461819936D0,0D0,5.082374746615D-2,            841P   2114
5.911262913683D0,0D0,5.090454735102D-2,5.896735092634D0,0D0,0D0,     841P   2115
1D0,0D0,0D0,1D0;                                                     841P   2116
126,31,3,0,0,1,0,0D0,0D0,0D0,0D0,3.430336093999D-2,                  843P   2117
6.870969541291D-2,1.032277005734D-1,1.378434527441D-1,               843P   2118
1.725125052086D-1,2.071762174249D-1,2.418326411D-1,                  843P   2119
2.765075401098D-1,3.111699180277D-1,3.457462534081D-1,               843P   2120
3.801932678109D-1,4.145037255374D-1,4.487144604450D-1,               843P   2121
4.828932837786D-1,5.170803301896D-1,5.512859417735D-1,               843P   2122
5.855458564817D-1,6.199166485638D-1,6.544172716590D-1,               843P   2123
6.890214941648D-1,7.236839962866D-1,7.583513815388D-1,               843P   2124
7.930064347838D-1,8.276774592209D-1,8.623482219064D-1,               843P   2125
8.969443541320D-1,9.314140407804D-1,9.657617621173D-1,1D0,1D0,       843P   2126
1D0,1D0,1D0,1D0,1D0,1D0,1D0,1D0,1D0,1D0,1D0,1D0,1D0,1D0,1D0,1D0,     843P   2127
1D0,1D0,1D0,1D0,1D0,1D0,1D0,1D0,1D0,1D0,1D0,1D0,1D0,1D0,1D0,1D0,     843P   2128
1D0,1D0,5.090454735102D-2,5.896735092634D0,0D0,                      843P   2129
5.091361146340D-2,5.832208850847D0,0D0,5.093613587878D-2,            843P   2130
5.702962193350D0,0D0,5.096943715303D-2,5.508783613420D0,0D0,         843P   2131
5.098848517908D-2,5.314015451445D0,0D0,5.099515683921D-2,            843P   2132
5.118751302485D0,0D0,5.101152203919D-2,4.923212050942D0,0D0,         843P   2133
5.101808535305D-2,4.727596692183D0,0D0,5.100918248211D-2,            843P   2134
4.531970585158D0,0D0,5.098853077705D-2,4.336346341507D0,0D0,         843P   2135
5.097641132170D-2,4.140872732779D0,0D0,5.095694881756D-2,            843P   2136
3.945829433618D0,0D0,5.092161548976D-2,3.751450404456D0,0D0,         843P   2137
5.088522523589D-2,3.557761496643D0,0D0,5.085923435378D-2,            843P   2138
3.364578816898D0,0D0,5.084876946032D-2,3.171628633218D0,0D0,         843P   2139
5.085470232201D-2,2.978687801675D0,0D0,5.087665453960D-2,            843P   2140
2.785594291328D0,0D0,5.091128701905D-2,2.592154421435D0,0D0,         843P   2141
5.094883483746D-2,2.398157668676D0,0D0,5.097501072503D-2,            843P   2142
2.203510923314D0,0D0,5.098566008879D-2,2.008313636660D0,0D0,         843P   2143
5.100618234357D-2,1.812801615130D0,0D0,5.101984965062D-2,            843P   2144
1.617194088074D0,0D0,5.101809517412D-2,1.421571004105D0,0D0,         843P   2145
5.100277874673D-2,1.225941041579D0,0D0,5.099273096689D-2,            843P   2146
1.030421622927D0,0D0,5.097989349477D-2,8.352823382545D-1,0D0,        843P   2147
5.094875390741D-2,6.407531228169D-1,0D0,5.091378821620D-2,           843P   2148
4.468991264788D-1,0D0,5.089519418822D-2,3.178859260014D-1,0D0,       843P   2149
5.088888723900D-2,2.534825660604D-1,0D0,0D0,1D0,0D0,0D0,1D0;         843P   2150
102,6,833,835,837,839,841,843;                                       845P   2151
142,0,817,845,831,1;                                                 847P   2152
144,817,1,0,847;                                                     849P   2153
110,2.183324310544D1,-5.249999995638D0,-2.269976234964D1,            851P   2154
2.183324310544D1,-4.249999995638D0,-2.269976234964D1;                851P   2155
126,5,3,0,0,1,0,0D0,0D0,0D0,0D0,2.889415160878D-1,                   853P   2156
7.272418874631D-1,1D0,1D0,1D0,1D0,1D0,1D0,1D0,1D0,1D0,1D0,           853P   2157
2.994849415793D1,-3.601017533250D0,-2.054612385323D1,                853P   2158
3.000706297393D1,-3.292393881804D0,-2.053058076578D1,                853P   2159
3.011338216880D1,-2.505623360778D0,-2.050236560528D1,                853P   2160
3.011337414173D1,-1.412079641206D0,-2.050236773551D1,                853P   2161
3.001172300112D1,-6.426340102094D-1,-2.052934408020D1,               853P   2162
2.995815814359D1,-3.508851115979D-1,-2.054355920903D1,0D0,1D0,       853P   2163
0D0,0D0,1D0;                                                         853P   2164
120,851,853,6.139194365203D-2,4.574655431164D-1;                     855P   2165
102,4,139,165,159,147;                                               857P   2166
126,12,3,0,0,1,0,0D0,0D0,0D0,0D0,1.381307101599D-1,                  859P   2167
2.647705695896D-1,3.820752768127D-1,4.918435180320D-1,               859P   2168
5.943096569656D-1,6.890387140650D-1,7.762746029426D-1,               859P   2169
8.566841214642D-1,9.309984144186D-1,1D0,1D0,1D0,1D0,1D0,1D0,1D0,     859P   2170
1D0,1D0,1D0,1D0,1D0,1D0,1D0,1D0,1D0,1D0,1.847453545445D-1,           859P   2171
3.072420691745D-1,0D0,2.218197084533D-1,3.071604169653D-1,0D0,       859P   2172
2.928891076017D-1,3.070305529005D-1,0D0,3.954600151414D-1,           859P   2173
3.069174691950D-1,0D0,4.904304029320D-1,3.068766419269D-1,0D0,       859P   2174
5.789104117731D-1,3.068939665439D-1,0D0,6.613229886824D-1,           859P   2175
3.069586171456D-1,0D0,7.376739822864D-1,3.070606360561D-1,0D0,       859P   2176
8.080923343547D-1,3.071909162238D-1,0D0,8.730406553379D-1,           859P   2177
3.073421103435D-1,0D0,9.331156368011D-1,3.075089578326D-1,0D0,       859P   2178
9.716193387164D-1,3.076318830767D-1,0D0,9.901639207468D-1,           859P   2179
3.076947856913D-1,0D0,0D0,1D0,0D0,0D0,1D0;                           859P   2180
126,31,3,0,0,1,0,0D0,0D0,0D0,0D0,3.423842369750D-2,                  861P   2181
6.858592139492D-2,1.030553836097D-1,1.376512905783D-1,               861P   2182
1.723218275210D-1,2.069926262136D-1,2.416474538180D-1,               861P   2183
2.763146133493D-1,3.109768897820D-1,3.455808869782D-1,               861P   2184
3.800812854384D-1,4.144518537308D-1,4.487115453711D-1,               861P   2185
4.829169342408D-1,5.171037580585D-1,5.512823588522D-1,               861P   2186
5.854928710122D-1,6.198031053419D-1,6.542498954587D-1,               861P   2187
6.888260057111D-1,7.234881579407D-1,7.581628311807D-1,               861P   2188
7.928190292063D-1,8.274825157256D-1,8.621513424585D-1,               861P   2189
8.967668692445D-1,9.312846496567D-1,9.656907601085D-1,1D0,1D0,       861P   2190
1D0,1D0,1D0,1D0,1D0,1D0,1D0,1D0,1D0,1D0,1D0,1D0,1D0,1D0,1D0,1D0,     861P   2191
1D0,1D0,1D0,1D0,1D0,1D0,1D0,1D0,1D0,1D0,1D0,1D0,1D0,1D0,1D0,1D0,     861P   2192
1D0,1D0,9.901639207468D-1,3.076947856913D-1,0D0,                     861P   2193
9.820585888669D-1,3.196927380913D-1,0D0,9.596023875533D-1,           861P   2194
3.430436886398D-1,0D0,9.090357141418D-1,3.748582516879D-1,0D0,       861P   2195
8.432692394830D-1,4.022609448067D-1,0D0,7.648083626358D-1,           861P   2196
4.242322659905D-1,0D0,6.766419169611D-1,4.399611018481D-1,0D0,       861P   2197
5.821770433657D-1,4.489035498639D-1,0D0,4.849832466730D-1,           861P   2198
4.507787579862D-1,0D0,3.886484701633D-1,4.455317557997D-1,0D0,       861P   2199
2.967725393881D-1,4.333260236612D-1,0D0,2.128755883257D-1,           861P   2200
4.145744756838D-1,0D0,1.401527626904D-1,3.899505215746D-1,0D0,       861P   2201
8.133396042970D-2,3.603638880056D-1,0D0,3.858557271890D-2,           861P   2202
3.269148751573D-1,0D0,1.348586945200D-2,2.908578791483D-1,0D0,       861P   2203
6.987894784286D-3,2.535769505537D-1,0D0,1.933795521852D-2,           861P   2204
2.165268736206D-1,0D0,5.006222876994D-2,1.811375488484D-1,0D0,       861P   2205
9.803492073858D-2,1.487471932742D-1,0D0,1.615139808363D-1,           861P   2206
1.205732328619D-1,0D0,2.381361321496D-1,9.767703259261D-2,0D0,       861P   2207
3.249720767799D-1,8.090957780016D-2,0D0,4.186704258051D-1,           861P   2208
7.085968798847D-2,0D0,5.156694529878D-1,6.784840664081D-2,0D0,       861P   2209
6.123840988433D-1,7.196480066215D-2,0D0,7.052120331122D-1,           861P   2210
8.308175776877D-2,0D0,7.906041030832D-1,1.008287655859D-1,0D0,       861P   2211
8.653192281484D-1,1.245722925755D-1,0D0,9.265210569550D-1,           861P   2212
1.534593155406D-1,0D0,9.569089666736D-1,1.754269655117D-1,0D0,       861P   2213
9.691211782500D-1,1.868991579427D-1,0D0,0D0,1D0,0D0,0D0,1D0;         861P   2214
126,7,3,0,0,1,0,0D0,0D0,0D0,0D0,1.677775301105D-1,                   863P   2215
3.495456785494D-1,5.476096019998D-1,7.636816990175D-1,1D0,1D0,       863P   2216
1D0,1D0,1D0,1D0,1D0,1D0,1D0,1D0,1D0,1D0,9.691211782500D-1,           863P   2217
1.868991579427D-1,0D0,9.252239535204D-1,1.871109488560D-1,0D0,       863P   2218
8.338257125771D-1,1.874896139114D-1,0D0,6.907041145847D-1,           863P   2219
1.878768633539D-1,0D0,5.348855154491D-1,1.880524793719D-1,0D0,       863P   2220
3.647959837049D-1,1.879601891132D-1,0D0,2.465221007736D-1,           863P   2221
1.876742975798D-1,0D0,1.847534191879D-1,1.874626807160D-1,0D0,       863P   2222
0D0,1D0,0D0,0D0,1D0;                                                 863P   2223
126,5,3,0,0,1,0,0D0,0D0,0D0,0D0,3.333789130851D-1,                   865P   2224
6.666895798495D-1,1D0,1D0,1D0,1D0,1D0,1D0,1D0,1D0,1D0,1D0,           865P   2225
1.847534191879D-1,1.874626807160D-1,0D0,1.847480554119D-1,           865P   2226
2.007733151954D-1,0D0,1.847403653348D-1,2.273918688453D-1,0D0,       865P   2227
1.847377648412D-1,2.673183396509D-1,0D0,1.847418706992D-1,           865P   2228
2.939341647649D-1,0D0,1.847453545445D-1,3.072420691745D-1,0D0,       865P   2229
0D0,1D0,0D0,0D0,1D0;                                                 865P   2230
102,4,859,861,863,865;                                               867P   2231
142,0,855,867,857,1;                                                 869P   2232
144,855,1,0,869;                                                     871P   2233
126,5,3,0,0,1,0,0D0,0D0,0D0,0D0,1.579466482807D-2,                   873P   2234
9.842102943298D-1,1D0,1D0,1D0,1D0,1D0,1D0,1D0,1D0,1D0,1D0,           873P   2235
2.940586939290D1,-1.882869445849D0,-2.290978573838D1,                873P   2236
2.940586941729D1,-1.882868048320D0,-2.290652387068D1,                873P   2237
2.940587090192D1,-1.882782993948D0,-2.270326480279D1,                873P   2238
2.940587016742D1,-1.882825073860D0,-2.249657255587D1,                873P   2239
2.940586723880D1,-1.882992854253D0,-2.229348355821D1,                873P   2240
2.940586719125D1,-1.882995578494D0,-2.229022547018D1,0D0,1D0,        873P   2241
0D0,0D0,1D0;                                                         873P   2242
122,873,2.825794362539D1,-1.862832327044D0,-2.290978573838D1;        875P   2243
126,3,3,0,0,1,0,0D0,0D0,0D0,0D0,1D0,1D0,1D0,1D0,1D0,1D0,1D0,1D0,     877P   2244
2.934018302993D1,-1.881826497645D0,-2.231815682941D1,                877P   2245
2.899808833897D1,-1.875850560319D0,-2.232412728369D1,                877P   2246
2.865599371963D1,-1.869874730163D0,-2.233009762790D1,                877P   2247
2.831389901153D1,-1.863899011535D0,-2.233606786476D1,0D0,1D0,        877P   2248
0D0,0D0,1D0;                                                         877P   2249
102,4,151,877,181,133;                                               879P   2250
126,4,3,0,0,1,0,0D0,0D0,0D0,0D0,5.000100351464D-1,1D0,1D0,1D0,       881P   2251
1D0,1D0,1D0,1D0,1D0,1D0,4.508647981792D-2,5.071853325455D-2,0D0,     881P   2252
1.967390824537D-1,4.873672915888D-2,0D0,5.000212461266D-1,           881P   2253
4.783862771842D-2,0D0,8.032695018867D-1,5.307125763575D-2,0D0,       881P   2254
9.548821099882D-1,5.722014140149D-2,0D0,0D0,1D0,0D0,0D0,1D0;         881P   2255
110,9.548821099882D-1,5.722014140149D-2,0D0,9.259536705557D-1,       883P   2256
9.512538546935D-1,0D0;                                               883P   2257
126,5,3,0,0,1,0,0D0,0D0,0D0,0D0,3.321599947734D-1,                   885P   2258
6.654971666417D-1,1D0,1D0,1D0,1D0,1D0,1D0,1D0,1D0,1D0,1D0,           885P   2259
9.259536705557D-1,9.512538546935D-1,0D0,8.315844241662D-1,           885P   2260
9.512929755771D-1,0D0,6.425937597541D-1,9.513524525015D-1,0D0,       885P   2261
3.587378884502D-1,9.513849548001D-1,0D0,1.691732741039D-1,           885P   2262
9.513685749780D-1,0D0,7.420674533194D-2,9.513508228943D-1,0D0,       885P   2263
0D0,1D0,0D0,0D0,1D0;                                                 885P   2264
110,7.420674533194D-2,9.513508228943D-1,0D0,4.508647981792D-2,       887P   2265
5.071853325455D-2,0D0;                                               887P   2266
102,4,881,883,885,887;                                               889P   2267
142,0,875,889,879,1;                                                 891P   2268
144,875,1,0,891;                                                     893P   2269
128,1,1,1,1,0,0,1,0,0,-1.975783219554D-2,-1.975783219554D-2,         895P   2270
6.196337474767D-1,6.196337474767D-1,-5.582569695854D-2,              895P   2271
-5.582569695854D-2,4.290352581675D-1,4.290352581675D-1,1D0,1D0,      895P   2272
1D0,1D0,2.801052527112D1,-1.560525271116D0,-2.228024216780D1,        895P   2273
2.801052527112D1,-1.560525271116D0,-2.291963374748D1,                895P   2274
2.835337374042D1,-1.903373740418D0,-2.228024216780D1,                895P   2275
2.835337374042D1,-1.903373740418D0,-2.291963374748D1,                895P   2276
-1.975783219554D-2,6.196337474767D-1,-5.582569695854D-2,             895P   2277
4.290352581675D-1;                                                   895P   2278
126,5,3,0,0,1,0,0D0,0D0,0D0,0D0,3.333333333333D-1,                   897P   2279
6.666666666667D-1,1D0,1D0,1D0,1D0,1D0,1D0,1D0,1D0,1D0,1D0,           897P   2280
2.831378957554D1,-1.863789575536D0,-2.286380805052D1,                897P   2281
2.831376949690D1,-1.863769496901D0,-2.280486198683D1,                897P   2282
2.831375106590D1,-1.863751065900D0,-2.268717532413D1,                897P   2283
2.831378786085D1,-1.863787860855D0,-2.251125805035D1,                897P   2284
2.831385492989D1,-1.863854929894D0,-2.239439569685D1,                897P   2285
2.831389901153D1,-1.863899011535D0,-2.233606786476D1,0D0,1D0,        897P   2286
0D0,0D0,1D0;                                                         897P   2287
126,5,3,0,0,1,0,0D0,0D0,0D0,0D0,3.333333333333D-1,                   899P   2288
6.666666666667D-1,1D0,1D0,1D0,1D0,1D0,1D0,1D0,1D0,1D0,1D0,           899P   2289
2.831389901153D1,-1.863899011535D0,-2.233606786476D1,                899P   2290
2.828466586897D1,-1.834665868967D0,-2.233657300204D1,                899P   2291
2.822614019304D1,-1.776140193043D0,-2.233757909017D1,                899P   2292
2.813816718787D1,-1.688167187869D0,-2.233907561967D1,                899P   2293
2.807940815799D1,-1.629408157994D0,-2.234006459532D1,2.805D1,        899P   2294
-1.6D0,-2.234055690163D1,0D0,1D0,0D0,0D0,1D0;                        899P   2295
102,4,177,183,897,899;                                               901P   2296
110,4.055690163361D-2,0D0,0D0,5.593208036432D-1,0D0,0D0;             903P   2297
126,5,3,0,0,1,0,0D0,0D0,0D0,0D0,3.340231755058D-1,                   905P   2298
6.673680380652D-1,1D0,1D0,1D0,1D0,1D0,1D0,1D0,1D0,1D0,1D0,           905P   2299
5.593208036432D-1,0D0,0D0,5.598125002977D-1,4.153641053254D-2,       905P   2300
0D0,5.608001949062D-1,1.245248193628D-1,0D0,5.622959999394D-1,       905P   2301
2.488764181350D-1,0D0,5.633026545195D-1,3.316915742427D-1,0D0,       905P   2302
5.638080505182D-1,3.730547953357D-1,0D0,0D0,1D0,0D0,0D0,1D0;         905P   2303
126,5,3,0,0,1,0,0D0,0D0,0D0,0D0,3.345028333583D-1,                   907P   2304
6.678400052266D-1,1D0,1D0,1D0,1D0,1D0,1D0,1D0,1D0,1D0,1D0,           907P   2305
5.638080505182D-1,3.730547953357D-1,0D0,5.049645197837D-1,           907P   2306
3.730264621635D-1,0D0,3.874824991134D-1,3.730003191862D-1,0D0,       907P   2307
2.115690804637D-1,3.730521944050D-1,0D0,9.449923221526D-2,           907P   2308
3.731471224128D-1,0D0,3.606786476301D-2,3.732095612090D-1,0D0,       907P   2309
0D0,1D0,0D0,0D0,1D0;                                                 907P   2310
126,5,3,0,0,1,0,0D0,0D0,0D0,0D0,3.326640028398D-1,                   909P   2311
6.660106341133D-1,1D0,1D0,1D0,1D0,1D0,1D0,1D0,1D0,1D0,1D0,           909P   2312
3.606786476301D-2,3.732095612090D-1,0D0,3.657352142981D-2,           909P   2313
3.318251942714D-1,0D0,3.758064213012D-2,2.489714755274D-1,0D0,       909P   2314
3.907704247591D-2,1.245682881114D-1,0D0,4.006506917111D-2,           909P   2315
4.154943645649D-2,0D0,4.055690163361D-2,0D0,0D0,0D0,1D0,0D0,0D0,     909P   2316
1D0;                                                                 909P   2317
102,4,903,905,907,909;                                               911P   2318
142,0,895,911,901,1;                                                 913P   2319
144,895,1,0,913;                                                     915P   2320
128,1,1,1,1,0,0,1,0,0,2.228205273590D1,2.228205273590D1,             917P   2321
2.291782277196D1,2.291782277196D1,-1.655825696959D0,                 917P   2322
-1.655825696959D0,-2.441743030415D-1,-2.441743030415D-1,1D0,1D0,     917P   2323
1D0,1D0,2.805D1,-1.655825696959D0,-2.228205273590D1,2.805D1,         917P   2324
-1.655825696959D0,-2.291782277196D1,2.805D1,-2.441743030415D-1,      917P   2325
-2.228205273590D1,2.805D1,-2.441743030415D-1,-2.291782277196D1,      917P   2326
2.228205273590D1,2.291782277196D1,-1.655825696959D0,                 917P   2327
-2.441743030415D-1;                                                  917P   2328
102,4,177,185,189,187;                                               919P   2329
110,2.234055690163D1,-1.6D0,0D0,2.285932080364D1,-1.6D0,0D0;         921P   2330
126,5,3,0,0,1,0,0D0,0D0,0D0,0D0,3.370592821495D-1,                   923P   2331
6.683776949188D-1,1D0,1D0,1D0,1D0,1D0,1D0,1D0,1D0,1D0,1D0,           923P   2332
2.285932080364D1,-1.6D0,0D0,2.285942564277D1,-1.453940662949D0,      923P   2333
0D0,2.285976198501D1,-1.164309790558D0,0D0,2.286065364887D1,         923P   2334
-7.309762807271D-1,0D0,2.286150494094D1,-4.437025064643D-1,0D0,      923P   2335
2.286199707500D1,-3D-1,0D0,0D0,1D0,0D0,0D0,1D0;                      923P   2336
110,2.286199707500D1,-3D-1,0D0,2.233787843286D1,-3D-1,0D0;           925P   2337
126,5,3,0,0,1,0,0D0,0D0,0D0,0D0,3.316075606918D-1,                   927P   2338
6.629794852243D-1,1D0,1D0,1D0,1D0,1D0,1D0,1D0,1D0,1D0,1D0,           927P   2339
2.233787843286D1,-3D-1,0D0,2.233837095076D1,-4.436961164342D-1,      927P   2340
0D0,2.233922299948D1,-7.309866889554D-1,0D0,2.234011538068D1,        927P   2341
-1.164320199131D0,0D0,2.234045198977D1,-1.453957461666D0,0D0,        927P   2342
2.234055690163D1,-1.6D0,0D0,0D0,1D0,0D0,0D0,1D0;                     927P   2343
102,4,921,923,925,927;                                               929P   2344
142,0,917,929,919,1;                                                 931P   2345
144,917,1,0,931;                                                     933P   2346
128,1,1,1,1,0,0,1,0,0,-2.418374614636D-2,-2.418374614636D-2,         935P   2347
6.243087295525D-1,6.243087295525D-1,-5.582569695854D-2,              935P   2348
-5.582569695854D-2,4.800897656705D-1,4.800897656705D-1,1D0,1D0,      935P   2349
1D0,1D0,2.801052527112D1,-3.394747288839D-1,-2.292418374615D1,       935P   2350
2.801052527112D1,-3.394747288839D-1,-2.227569127045D1,               935P   2351
2.838947472888D1,3.947472888385D-2,-2.292418374615D1,                935P   2352
2.838947472888D1,3.947472888385D-2,-2.227569127045D1,                935P   2353
-2.418374614636D-2,6.243087295525D-1,-5.582569695854D-2,             935P   2354
4.800897656705D-1;                                                   935P   2355
110,2.835D1,0D0,-2.233151696741D1,2.835D1,0D0,-2.286835804919D1;     937P   2356
126,5,3,0,0,1,0,0D0,0D0,0D0,0D0,3.333333333333D-1,                   939P   2357
6.666666666667D-1,1D0,1D0,1D0,1D0,1D0,1D0,1D0,1D0,1D0,1D0,           939P   2358
2.835D1,0D0,-2.286835804919D1,2.831649376875D1,-3.350623125D-2,      939P   2359
-2.286763677736D1,2.824959651174D1,-1.004034882552D-1,               939P   2360
-2.286620398561D1,2.814959148018D1,-2.004085198212D-1,               939P   2361
-2.286408369190D1,2.808315822777D1,-2.668417722288D-1,               939P   2362
-2.286268944383D1,2.805D1,-3D-1,-2.286199707500D1,0D0,1D0,0D0,       939P   2363
0D0,1D0;                                                             939P   2364
102,4,189,195,937,939;                                               941P   2365
110,3.800292499805D-2,0D0,0D0,5.621215671401D-1,0D0,0D0;             943P   2366
126,5,3,0,0,1,0,0D0,0D0,0D0,0D0,3.322103064408D-1,                   945P   2367
6.655538760041D-1,1D0,1D0,1D0,1D0,1D0,1D0,1D0,1D0,1D0,1D0,           945P   2368
5.621215671401D-1,0D0,0D0,5.628153231934D-1,4.698179159847D-2,       945P   2369
0D0,5.642123061571D-1,1.411055380478D-1,0D0,5.663327046923D-1,       945P   2370
2.825268972646D-1,0D0,5.677630614143D-1,3.769664067532D-1,0D0,       945P   2371
5.684830325939D-1,4.242640687119D-1,0D0,0D0,1D0,0D0,0D0,1D0;         945P   2372
110,5.684830325939D-1,4.242640687119D-1,0D0,3.164195081219D-2,       947P   2373
4.242640687119D-1,0D0;                                               947P   2374
126,5,3,0,0,1,0,0D0,0D0,0D0,0D0,3.344896943365D-1,                   949P   2375
6.678318498441D-1,1D0,1D0,1D0,1D0,1D0,1D0,1D0,1D0,1D0,1D0,           949P   2376
3.164195081219D-2,4.242640687119D-1,0D0,3.236198858905D-2,           949P   2377
3.769602454025D-1,0D0,3.379235707048D-2,2.825147745740D-1,0D0,       949P   2378
3.591258164403D-2,1.410934151970D-1,0D0,3.730933150700D-2,           949P   2379
4.697583006527D-2,0D0,3.800292499805D-2,0D0,0D0,0D0,1D0,0D0,0D0,     949P   2380
1D0;                                                                 949P   2381
102,4,943,945,947,949;                                               951P   2382
142,0,935,951,941,1;                                                 953P   2383
144,935,1,0,953;                                                     955P   2384
128,1,1,1,1,0,0,1,0,0,-3.989330458175D-2,-3.989330458175D-2,         957P   2385
6.400182879879D-1,6.400182879879D-1,2.441743030415D-1,               957P   2386
2.441743030415D-1,1.255825696959D0,1.255825696959D0,1D0,1D0,1D0,     957P   2387
1D0,2.829417430304D1,0D0,-2.293989330458D1,2.829417430304D1,0D0,     957P   2388
-2.225998171201D1,2.930582569696D1,0D0,-2.293989330458D1,            957P   2389
2.930582569696D1,0D0,-2.225998171201D1,-3.989330458175D-2,           957P   2390
6.400182879879D-1,2.441743030415D-1,1.255825696959D0;                957P   2391
110,2.925D1,0D0,-2.231580740897D1,2.925D1,0D0,-2.288406760762D1;     959P   2392
110,2.925D1,0D0,-2.288406760762D1,2.835D1,0D0,-2.286835804919D1;     961P   2393
102,4,959,961,193,153;                                               963P   2394
110,5.841925910293D-1,1.2D0,0D0,1.593239237679D-2,1.2D0,0D0;         965P   2395
110,1.593239237679D-2,1.2D0,0D0,3.164195081219D-2,3D-1,0D0;          967P   2396
110,3.164195081219D-2,3D-1,0D0,5.684830325939D-1,3D-1,0D0;           969P   2397
110,5.684830325939D-1,3D-1,0D0,5.841925910293D-1,1.2D0,0D0;          971P   2398
102,4,965,967,969,971;                                               973P   2399
142,0,957,973,963,1;                                                 975P   2400
144,957,1,0,975;                                                     977P   2401
128,1,1,1,1,0,0,1,0,0,4.869911288205D-1,4.869911288205D-1,           979P   2402
3.606991128820D0,3.606991128820D0,-3.061687834580D-1,                979P   2403
-3.061687834580D-1,5.582569695854D-2,5.582569695854D-2,1D0,1D0,      979P   2404
1D0,1D0,2.894425081022D1,-6.4D-1,-2.051602363605D1,                  979P   2405
2.894425081022D1,-3.76D0,-2.051602363605D1,2.930574918978D1,         979P   2406
-6.4D-1,-2.049707830877D1,2.930574918978D1,-3.76D0,                  979P   2407
-2.049707830877D1,4.869911288205D-1,3.606991128820D0,                979P   2408
-3.061687834580D-1,5.582569695854D-2;                                979P   2409
110,2.925D1,-3.7D0,-2.05D1,2.925D1,-7D-1,-2.05D1;                    981P   2410
110,2.925D1,-7D-1,-2.05D1,2.9D1,-7.131019448208D-1,                  983P   2411
-2.051310194482D1;                                                   983P   2412
102,4,981,983,207,201;                                               985P   2413
110,3.546991128820D0,0D0,0D0,5.469911288205D-1,0D0,0D0;              987P   2414
110,5.469911288205D-1,0D0,0D0,5.600930736412D-1,                     989P   2415
-2.503430864995D-1,0D0;                                              989P   2416
110,5.600930736412D-1,-2.503430864995D-1,0D0,3.533889184D0,          991P   2417
-2.503430864995D-1,0D0;                                              991P   2418
110,3.533889184D0,-2.503430864995D-1,0D0,3.546991128820D0,0D0,       993P   2419
0D0;                                                                 993P   2420
102,4,987,989,991,993;                                               995P   2421
142,0,979,995,985,1;                                                 997P   2422
144,979,1,0,997;                                                     999P   2423
128,1,1,1,1,0,0,1,0,0,4.911654318619D-1,4.911654318619D-1,          1001P   2424
1.002816825779D0,1.002816825779D0,-3.061687834580D-1,               1001P   2425
-3.061687834580D-1,5.582569695854D-2,5.582569695854D-2,1D0,1D0,     1001P   2426
1D0,1D0,2.894425081022D1,-3.683976363946D0,-2.044417430304D1,       1001P   2427
2.894425081022D1,-3.683976363946D0,-2.095582569696D1,               1001P   2428
2.930574918978D1,-3.702921691233D0,-2.044417430304D1,               1001P   2429
2.930574918978D1,-3.702921691233D0,-2.095582569696D1,               1001P   2430
4.911654318619D-1,1.002816825779D0,-3.061687834580D-1,              1001P   2431
5.582569695854D-2;                                                  1001P   2432
110,2.925D1,-3.7D0,-2.09D1,2.925D1,-3.7D0,-2.05D1;                  1003P   2433
110,2.925D1,-3.7D0,-2.05D1,2.9D1,-3.686898055179D0,                 1005P   2434
-2.051310194482D1;                                                  1005P   2435
102,4,1003,1005,209,203;                                            1007P   2436
110,9.469911288205D-1,0D0,0D0,5.469911288205D-1,0D0,0D0;            1009P   2437
110,5.469911288205D-1,0D0,0D0,5.600930736412D-1,                    1011P   2438
-2.503430864995D-1,0D0;                                             1011P   2439
110,5.600930736412D-1,-2.503430864995D-1,0D0,9.338891839997D-1,     1013P   2440
-2.503430864995D-1,0D0;                                             1013P   2441
110,9.338891839997D-1,-2.503430864995D-1,0D0,9.469911288205D-1,     1015P   2442
0D0,0D0;                                                            1015P   2443
102,4,1009,1011,1013,1015;                                          1017P   2444
142,0,1001,1017,1007,1;                                             1019P   2445
144,1001,1,0,1019;                                                  1021P   2446
128,1,1,1,1,0,0,1,0,0,4.869911288205D-1,4.869911288205D-1,          1023P   2447
3.606991128820D0,3.606991128820D0,-3.061687834580D-1,               1023P   2448
-3.061687834580D-1,5.582569695854D-2,5.582569695854D-2,1D0,1D0,     1023P   2449
1D0,1D0,2.894425081022D1,-3.76D0,-2.088397636395D1,                 1023P   2450
2.894425081022D1,-6.4D-1,-2.088397636395D1,2.930574918978D1,        1023P   2451
-3.76D0,-2.090292169123D1,2.930574918978D1,-6.4D-1,                 1023P   2452
-2.090292169123D1,4.869911288205D-1,3.606991128820D0,               1023P   2453
-3.061687834580D-1,5.582569695854D-2;                               1023P   2454
110,2.925D1,-7D-1,-2.09D1,2.925D1,-3.7D0,-2.09D1;                   1025P   2455
110,2.925D1,-3.7D0,-2.09D1,2.9D1,-3.686898055179D0,                 1027P   2456
-2.088689805518D1;                                                  1027P   2457
102,4,1025,1027,211,205;                                            1029P   2458
110,3.546991128820D0,0D0,0D0,5.469911288205D-1,0D0,0D0;             1031P   2459
110,5.469911288205D-1,0D0,0D0,5.600930736412D-1,                    1033P   2460
-2.503430864995D-1,0D0;                                             1033P   2461
110,5.600930736412D-1,-2.503430864995D-1,0D0,3.533889184D0,         1035P   2462
-2.503430864995D-1,0D0;                                             1035P   2463
110,3.533889184D0,-2.503430864995D-1,0D0,3.546991128820D0,0D0,      1037P   2464
0D0;                                                                1037P   2465
102,4,1031,1033,1035,1037;                                          1039P   2466
142,0,1023,1039,1029,1;                                             1041P   2467
144,1023,1,0,1041;                                                  1043P   2468
128,1,1,1,1,0,0,1,0,0,4.911654318619D-1,4.911654318619D-1,          1045P   2469
1.002816825779D0,1.002816825779D0,-3.061687834580D-1,               1045P   2470
-3.061687834580D-1,5.582569695854D-2,5.582569695854D-2,1D0,1D0,     1045P   2471
1D0,1D0,2.894425081022D1,-7.160236360540D-1,-2.095582569696D1,      1045P   2472
2.894425081022D1,-7.160236360540D-1,-2.044417430304D1,              1045P   2473
2.930574918978D1,-6.970783087667D-1,-2.095582569696D1,              1045P   2474
2.930574918978D1,-6.970783087667D-1,-2.044417430304D1,              1045P   2475
4.911654318619D-1,1.002816825779D0,-3.061687834580D-1,              1045P   2476
5.582569695854D-2;                                                  1045P   2477
110,2.925D1,-7D-1,-2.05D1,2.925D1,-7D-1,-2.09D1;                    1047P   2478
110,2.925D1,-7D-1,-2.09D1,2.9D1,-7.131019448208D-1,                 1049P   2479
-2.088689805518D1;                                                  1049P   2480
102,4,1047,1049,213,199;                                            1051P   2481
110,9.469911288205D-1,0D0,0D0,5.469911288205D-1,0D0,0D0;            1053P   2482
110,5.469911288205D-1,0D0,0D0,5.600930736412D-1,                    1055P   2483
-2.503430864995D-1,0D0;                                             1055P   2484
110,5.600930736412D-1,-2.503430864995D-1,0D0,9.338891839997D-1,     1057P   2485
-2.503430864995D-1,0D0;                                             1057P   2486
110,9.338891839997D-1,-2.503430864995D-1,0D0,9.469911288205D-1,     1059P   2487
0D0,0D0;                                                            1059P   2488
102,4,1053,1055,1057,1059;                                          1061P   2489
142,0,1045,1061,1051,1;                                             1063P   2490
144,1045,1,0,1063;                                                  1065P   2491
128,1,1,1,1,0,0,1,0,0,6.536260226136D-1,6.536260226136D-1,          1067P   2492
3.746373977386D0,3.746373977386D0,2.042562602261D1,                 1067P   2493
2.042562602261D1,2.497437397739D1,2.497437397739D1,1D0,1D0,1D0,     1067P   2494
1D0,2.9D1,-6.536260226136D-1,-2.042562602261D1,2.9D1,               1067P   2495
-3.746373977386D0,-2.042562602261D1,2.9D1,-6.536260226136D-1,       1067P   2496
-2.497437397739D1,2.9D1,-3.746373977386D0,-2.497437397739D1,        1067P   2497
6.536260226136D-1,3.746373977386D0,2.042562602261D1,                1067P   2498
2.497437397739D1;                                                   1067P   2499
102,4,207,209,211,213;                                              1069P   2500
110,7.131019448208D-1,2.051310194482D1,0D0,3.686898055179D0,        1071P   2501
2.051310194482D1,0D0;                                               1071P   2502
110,3.686898055179D0,2.051310194482D1,0D0,3.686898055179D0,         1073P   2503
2.088689805518D1,0D0;                                               1073P   2504
110,3.686898055179D0,2.088689805518D1,0D0,7.131019448208D-1,        1075P   2505
2.088689805518D1,0D0;                                               1075P   2506
110,7.131019448208D-1,2.088689805518D1,0D0,7.131019448208D-1,       1077P   2507
2.051310194482D1,0D0;                                               1077P   2508
102,4,1071,1073,1075,1077;                                          1079P   2509
142,0,1067,1079,1069,1;                                             1081P   2510
144,1067,1,0,1081;                                                  1083P   2511
128,1,1,1,1,0,0,1,0,0,6.536260226136D-1,6.536260226136D-1,          1085P   2512
3.746373977386D0,3.746373977386D0,2.042562602261D1,                 1085P   2513
2.042562602261D1,2.497437397739D1,2.497437397739D1,1D0,1D0,1D0,     1085P   2514
1D0,2.9D1,-6.536260226136D-1,-2.042562602261D1,2.9D1,               1085P   2515
-3.746373977386D0,-2.042562602261D1,2.9D1,-6.536260226136D-1,       1085P   2516
-2.497437397739D1,2.9D1,-3.746373977386D0,-2.497437397739D1,        1085P   2517
6.536260226136D-1,3.746373977386D0,2.042562602261D1,                1085P   2518
2.497437397739D1;                                                   1085P   2519
102,4,215,217,219,221;                                              1087P   2520
110,7.131019448208D-1,2.488689805518D1,0D0,7.131019448208D-1,       1089P   2521
2.451310194482D1,0D0;                                               1089P   2522
110,7.131019448208D-1,2.451310194482D1,0D0,3.686898055179D0,        1091P   2523
2.451310194482D1,0D0;                                               1091P   2524
110,3.686898055179D0,2.451310194482D1,0D0,3.686898055179D0,         1093P   2525
2.488689805518D1,0D0;                                               1093P   2526
110,3.686898055179D0,2.488689805518D1,0D0,7.131019448208D-1,        1095P   2527
2.488689805518D1,0D0;                                               1095P   2528
102,4,1089,1091,1093,1095;                                          1097P   2529
142,0,1085,1097,1087,1;                                             1099P   2530
144,1085,1,0,1099;                                                  1101P   2531
128,1,1,1,1,0,0,1,0,0,4.911654318619D-1,4.911654318619D-1,          1103P   2532
1.002816825779D0,1.002816825779D0,-3.061687834580D-1,               1103P   2533
-3.061687834580D-1,5.582569695854D-2,5.582569695854D-2,1D0,1D0,     1103P   2534
1D0,1D0,2.894425081022D1,-7.160236360540D-1,-2.495582569696D1,      1103P   2535
2.894425081022D1,-7.160236360540D-1,-2.444417430304D1,              1103P   2536
2.930574918978D1,-6.970783087667D-1,-2.495582569696D1,              1103P   2537
2.930574918978D1,-6.970783087667D-1,-2.444417430304D1,              1103P   2538
4.911654318619D-1,1.002816825779D0,-3.061687834580D-1,              1103P   2539
5.582569695854D-2;                                                  1103P   2540
110,2.925D1,-7D-1,-2.45D1,2.925D1,-7D-1,-2.49D1;                    1105P   2541
110,2.925D1,-7D-1,-2.49D1,2.9D1,-7.131019448208D-1,                 1107P   2542
-2.488689805518D1;                                                  1107P   2543
102,4,1105,1107,215,225;                                            1109P   2544
110,9.469911288205D-1,0D0,0D0,5.469911288205D-1,0D0,0D0;            1111P   2545
110,5.469911288205D-1,0D0,0D0,5.600930736412D-1,                    1113P   2546
-2.503430864995D-1,0D0;                                             1113P   2547
110,5.600930736412D-1,-2.503430864995D-1,0D0,9.338891839997D-1,     1115P   2548
-2.503430864995D-1,0D0;                                             1115P   2549
110,9.338891839997D-1,-2.503430864995D-1,0D0,9.469911288205D-1,     1117P   2550
0D0,0D0;                                                            1117P   2551
102,4,1111,1113,1115,1117;                                          1119P   2552
142,0,1103,1119,1109,1;                                             1121P   2553
144,1103,1,0,1121;                                                  1123P   2554
128,1,1,1,1,0,0,1,0,0,4.869911288205D-1,4.869911288205D-1,          1125P   2555
3.606991128820D0,3.606991128820D0,-3.061687834580D-1,               1125P   2556
-3.061687834580D-1,5.582569695854D-2,5.582569695854D-2,1D0,1D0,     1125P   2557
1D0,1D0,2.894425081022D1,-6.4D-1,-2.451602363605D1,                 1125P   2558
2.894425081022D1,-3.76D0,-2.451602363605D1,2.930574918978D1,        1125P   2559
-6.4D-1,-2.449707830877D1,2.930574918978D1,-3.76D0,                 1125P   2560
-2.449707830877D1,4.869911288205D-1,3.606991128820D0,               1125P   2561
-3.061687834580D-1,5.582569695854D-2;                               1125P   2562
110,2.925D1,-3.7D0,-2.45D1,2.925D1,-7D-1,-2.45D1;                   1127P   2563
110,2.925D1,-7D-1,-2.45D1,2.9D1,-7.131019448208D-1,                 1129P   2564
-2.451310194482D1;                                                  1129P   2565
102,4,1127,1129,217,227;                                            1131P   2566
110,3.546991128820D0,0D0,0D0,5.469911288205D-1,0D0,0D0;             1133P   2567
110,5.469911288205D-1,0D0,0D0,5.600930736412D-1,                    1135P   2568
-2.503430864995D-1,0D0;                                             1135P   2569
110,5.600930736412D-1,-2.503430864995D-1,0D0,3.533889184D0,         1137P   2570
-2.503430864995D-1,0D0;                                             1137P   2571
110,3.533889184D0,-2.503430864995D-1,0D0,3.546991128820D0,0D0,      1139P   2572
0D0;                                                                1139P   2573
102,4,1133,1135,1137,1139;                                          1141P   2574
142,0,1125,1141,1131,1;                                             1143P   2575
144,1125,1,0,1143;                                                  1145P   2576
128,1,1,1,1,0,0,1,0,0,4.911654318619D-1,4.911654318619D-1,          1147P   2577
1.002816825779D0,1.002816825779D0,-3.061687834580D-1,               1147P   2578
-3.061687834580D-1,5.582569695854D-2,5.582569695854D-2,1D0,1D0,     1147P   2579
1D0,1D0,2.894425081022D1,-3.683976363946D0,-2.444417430304D1,       1147P   2580
2.894425081022D1,-3.683976363946D0,-2.495582569696D1,               1147P   2581
2.930574918978D1,-3.702921691233D0,-2.444417430304D1,               1147P   2582
2.930574918978D1,-3.702921691233D0,-2.495582569696D1,               1147P   2583
4.911654318619D-1,1.002816825779D0,-3.061687834580D-1,              1147P   2584
5.582569695854D-2;                                                  1147P   2585
110,2.925D1,-3.7D0,-2.49D1,2.925D1,-3.7D0,-2.45D1;                  1149P   2586
110,2.925D1,-3.7D0,-2.45D1,2.9D1,-3.686898055179D0,                 1151P   2587
-2.451310194482D1;                                                  1151P   2588
102,4,1149,1151,219,229;                                            1153P   2589
110,9.469911288205D-1,0D0,0D0,5.469911288205D-1,0D0,0D0;            1155P   2590
110,5.469911288205D-1,0D0,0D0,5.600930736412D-1,                    1157P   2591
-2.503430864995D-1,0D0;                                             1157P   2592
110,5.600930736412D-1,-2.503430864995D-1,0D0,9.338891839997D-1,     1159P   2593
-2.503430864995D-1,0D0;                                             1159P   2594
110,9.338891839997D-1,-2.503430864995D-1,0D0,9.469911288205D-1,     1161P   2595
0D0,0D0;                                                            1161P   2596
102,4,1155,1157,1159,1161;                                          1163P   2597
142,0,1147,1163,1153,1;                                             1165P   2598
144,1147,1,0,1165;                                                  1167P   2599
128,1,1,1,1,0,0,1,0,0,4.869911288205D-1,4.869911288205D-1,          1169P   2600
3.606991128820D0,3.606991128820D0,-3.061687834580D-1,               1169P   2601
-3.061687834580D-1,5.582569695854D-2,5.582569695854D-2,1D0,1D0,     1169P   2602
1D0,1D0,2.894425081022D1,-3.76D0,-2.488397636395D1,                 1169P   2603
2.894425081022D1,-6.4D-1,-2.488397636395D1,2.930574918978D1,        1169P   2604
-3.76D0,-2.490292169123D1,2.930574918978D1,-6.4D-1,                 1169P   2605
-2.490292169123D1,4.869911288205D-1,3.606991128820D0,               1169P   2606
-3.061687834580D-1,5.582569695854D-2;                               1169P   2607
110,2.925D1,-7D-1,-2.49D1,2.925D1,-3.7D0,-2.49D1;                   1171P   2608
110,2.925D1,-3.7D0,-2.49D1,2.9D1,-3.686898055179D0,                 1173P   2609
-2.488689805518D1;                                                  1173P   2610
102,4,1171,1173,221,223;                                            1175P   2611
110,3.546991128820D0,0D0,0D0,5.469911288205D-1,0D0,0D0;             1177P   2612
110,5.469911288205D-1,0D0,0D0,5.600930736412D-1,                    1179P   2613
-2.503430864995D-1,0D0;                                             1179P   2614
110,5.600930736412D-1,-2.503430864995D-1,0D0,3.533889184D0,         1181P   2615
-2.503430864995D-1,0D0;                                             1181P   2616
110,3.533889184D0,-2.503430864995D-1,0D0,3.546991128820D0,0D0,      1183P   2617
0D0;                                                                1183P   2618
102,4,1177,1179,1181,1183;                                          1185P   2619
142,0,1169,1185,1175,1;                                             1187P   2620
144,1169,1,0,1187;                                                  1189P   2621
128,1,1,1,1,0,0,1,0,0,4.911654318619D-1,4.911654318619D-1,          1191P   2622
2.002816825779D0,2.002816825779D0,-3.061687834580D-1,               1191P   2623
-3.061687834580D-1,5.582569695854D-2,5.582569695854D-2,1D0,1D0,     1191P   2624
1D0,1D0,2.894425081022D1,-1.966023636054D0,-2.765582569696D1,       1191P   2625
2.894425081022D1,-1.966023636054D0,-2.614417430304D1,               1191P   2626
2.930574918978D1,-1.947078308767D0,-2.765582569696D1,               1191P   2627
2.930574918978D1,-1.947078308767D0,-2.614417430304D1,               1191P   2628
4.911654318619D-1,2.002816825779D0,-3.061687834580D-1,              1191P   2629
5.582569695854D-2;                                                  1191P   2630
110,2.925D1,-1.95D0,-2.62D1,2.925D1,-1.95D0,-2.76D1;                1193P   2631
110,2.925D1,-1.95D0,-2.76D1,2.9D1,-1.963101944821D0,                1195P   2632
-2.758689805518D1;                                                  1195P   2633
102,4,1193,1195,269,233;                                            1197P   2634
110,1.946991128820D0,0D0,0D0,5.469911288205D-1,0D0,0D0;             1199P   2635
110,5.469911288205D-1,0D0,0D0,5.600930736412D-1,                    1201P   2636
-2.503430864995D-1,0D0;                                             1201P   2637
110,5.600930736412D-1,-2.503430864995D-1,0D0,1.933889184D0,         1203P   2638
-2.503430864995D-1,0D0;                                             1203P   2639
110,1.933889184D0,-2.503430864995D-1,0D0,1.946991128820D0,0D0,      1205P   2640
0D0;                                                                1205P   2641
102,4,1199,1201,1203,1205;                                          1207P   2642
142,0,1191,1207,1197,1;                                             1209P   2643
144,1191,1,0,1209;                                                  1211P   2644
128,1,1,1,1,0,0,1,0,0,4.809911288205D-1,4.809911288205D-1,          1213P   2645
3.912991128820D0,3.912991128820D0,-3.061687834580D-1,               1213P   2646
-3.061687834580D-1,5.582569695854D-2,5.582569695854D-2,1D0,1D0,     1213P   2647
1D0,1D0,2.894425081022D1,-1.884D0,-2.621602363605D1,                1213P   2648
2.894425081022D1,-5.316D0,-2.621602363605D1,2.930574918978D1,       1213P   2649
-1.884D0,-2.619707830877D1,2.930574918978D1,-5.316D0,               1213P   2650
-2.619707830877D1,4.809911288205D-1,3.912991128820D0,               1213P   2651
-3.061687834580D-1,5.582569695854D-2;                               1213P   2652
110,2.925D1,-1.95D0,-2.62D1,2.9D1,-1.963101944821D0,                1215P   2653
-2.621310194482D1;                                                  1215P   2654
102,4,131,1215,271,237;                                             1217P   2655
110,3.846991128820D0,0D0,0D0,5.469911288205D-1,0D0,0D0;             1219P   2656
110,5.469911288205D-1,0D0,0D0,5.600930736412D-1,                    1221P   2657
-2.503430864995D-1,0D0;                                             1221P   2658
110,5.600930736412D-1,-2.503430864995D-1,0D0,3.833889184D0,         1223P   2659
-2.503430864995D-1,0D0;                                             1223P   2660
110,3.833889184D0,-2.503430864995D-1,0D0,3.846991128820D0,0D0,      1225P   2661
0D0;                                                                1225P   2662
102,4,1219,1221,1223,1225;                                          1227P   2663
142,0,1213,1227,1217,1;                                             1229P   2664
144,1213,1,0,1229;                                                  1231P   2665
128,1,1,1,1,0,0,1,0,0,2.657020232015D1,2.657020232015D1,            1233P   2666
2.822377993749D1,2.822377993749D1,-3.061687834580D-1,               1233P   2667
-3.061687834580D-1,4.563746353577D-1,4.563746353577D-1,1D0,1D0,     1233P   2668
1D0,1D0,2.894425081022D1,-5.233976363946D0,-2.602321119133D1,       1233P   2669
2.894425081022D1,-5.233976363946D0,-2.767678880867D1,               1233P   2670
2.970574918978D1,-5.273884802946D0,-2.602321119133D1,               1233P   2671
2.970574918978D1,-5.273884802946D0,-2.767678880867D1,               1233P   2672
2.657020232015D1,2.822377993749D1,-3.061687834580D-1,               1233P   2673
4.563746353577D-1;                                                  1233P   2674
110,2.9D1,-5.236898055179D0,-2.758689805518D1,2.965D1,              1235P   2675
-5.270963111713D0,-2.762096311171D1;                                1235P   2676
110,2.925D1,-5.25D0,-2.62D1,2.9D1,-5.236898055179D0,                1237P   2677
-2.621310194482D1;                                                  1237P   2678
102,6,1235,243,241,239,1237,273;                                    1239P   2679
110,2.813388918400D1,-2.503430864995D-1,0D0,2.816795424053D1,       1241P   2680
4.005489383992D-1,0D0;                                              1241P   2681
110,2.816795424053D1,4.005489383992D-1,0D0,2.662602801711D1,        1243P   2682
4.005489383992D-1,0D0;                                              1243P   2683
110,2.662602801711D1,4.005489383992D-1,0D0,2.664699112882D1,0D0,    1245P   2684
0D0;                                                                1245P   2685
110,2.664699112882D1,0D0,0D0,2.674699112882D1,0D0,0D0;              1247P   2686
110,2.674699112882D1,0D0,0D0,2.676009307364D1,                      1249P   2687
-2.503430864995D-1,0D0;                                             1249P   2688
110,2.676009307364D1,-2.503430864995D-1,0D0,2.813388918400D1,       1251P   2689
-2.503430864995D-1,0D0;                                             1251P   2690
102,6,1241,1243,1245,1247,1249,1251;                                1253P   2691
142,0,1233,1253,1239,1;                                             1255P   2692
144,1233,1,0,1255;                                                  1257P   2693
128,1,1,1,1,0,0,1,0,0,-5.434373502768D0,-5.434373502768D0,          1259P   2694
-1.980571866586D0,-1.980571866586D0,-3.061687834580D-1,             1259P   2695
-3.061687834580D-1,4.563746353577D-1,4.563746353577D-1,1D0,1D0,     1259P   2696
1D0,1D0,2.894425081022D1,-5.337382373947D0,-2.758397636395D1,       1259P   2697
2.894425081022D1,-1.883580737766D0,-2.758397636395D1,               1259P   2698
2.970574918978D1,-5.337382373947D0,-2.762388480295D1,               1259P   2699
2.970574918978D1,-1.883580737766D0,-2.762388480295D1,               1259P   2700
-5.434373502768D0,-1.980571866586D0,-3.061687834580D-1,             1259P   2701
4.563746353577D-1;                                                  1259P   2702
102,5,249,81,235,267,231;                                           1261P   2703
110,-2.046991128820D0,0D0,0D0,-2.046991128820D0,                    1263P   2704
4.005489383992D-1,0D0;                                              1263P   2705
110,-2.046991128820D0,4.005489383992D-1,0D0,-5.367954240534D0,      1265P   2706
4.005489383992D-1,0D0;                                              1265P   2707
110,-5.367954240534D0,4.005489383992D-1,0D0,-5.333889184D0,         1267P   2708
-2.503430864995D-1,0D0;                                             1267P   2709
110,-5.333889184D0,-2.503430864995D-1,0D0,-2.060093073641D0,        1269P   2710
-2.503430864995D-1,0D0;                                             1269P   2711
110,-2.060093073641D0,-2.503430864995D-1,0D0,-2.046991128820D0,     1271P   2712
0D0,0D0;                                                            1271P   2713
102,5,1263,1265,1267,1269,1271;                                     1273P   2714
142,0,1259,1273,1261,1;                                             1275P   2715
144,1259,1,0,1275;                                                  1277P   2716
110,1.970943165614D1,-1.95D0,-2.71D1,1.870943165614D1,-1.95D0,      1279P   2717
-2.71D1;                                                            1279P   2718
110,2.970574918978D1,-1.426115197054D0,-2.71D1,2.919425081022D1,    1281P   2719
-1.452921691233D0,-2.71D1;                                          1281P   2720
120,1279,1281,-1.116513939171D-1,1.682447720712D0;                  1283P   2721
102,4,247,249,253,255;                                              1285P   2722
110,8.910080813378D-1,0D0,0D0,8.910080813378D-1,                    1287P   2723
1.570796326795D0,0D0;                                               1287P   2724
110,8.910080813378D-1,1.570796326795D0,0D0,1.089919186622D-1,       1289P   2725
1.570796326795D0,0D0;                                               1289P   2726
110,1.089919186622D-1,1.570796326795D0,0D0,1.089919186622D-1,       1291P   2727
0D0,0D0;                                                            1291P   2728
110,1.089919186622D-1,0D0,0D0,8.910080813378D-1,0D0,0D0;            1293P   2729
102,4,1287,1289,1291,1293;                                          1295P   2730
142,0,1283,1295,1285,1;                                             1297P   2731
144,1283,1,0,1297;                                                  1299P   2732
128,1,1,1,1,0,0,1,0,0,-2.870281682578D1,-2.870281682578D1,          1301P   2733
-2.698673194295D1,-2.698673194295D1,-5.582569695854D-2,             1301P   2734
-5.582569695854D-2,4.563746353577D-1,4.563746353577D-1,1D0,1D0,     1301P   2735
1D0,1D0,2.919425081022D1,-1.452921691233D0,-2.715582569696D1,       1301P   2736
2.919425081022D1,-1.452921691233D0,-2.543974081413D1,               1301P   2737
2.970574918978D1,-1.426115197054D0,-2.715582569696D1,               1301P   2738
2.970574918978D1,-1.426115197054D0,-2.543974081413D1,               1301P   2739
-2.870281682578D1,-2.698673194295D1,-5.582569695854D-2,             1301P   2740
4.563746353577D-1;                                                  1301P   2741
102,4,255,127,257,79;                                               1303P   2742
110,-2.864699112882D1,4.005489383992D-1,0D0,-2.864699112882D1,      1305P   2743
0D0,0D0;                                                            1305P   2744
110,-2.864699112882D1,0D0,0D0,-2.704255763991D1,0D0,0D0;            1307P   2745
126,5,3,0,0,1,0,0D0,0D0,0D0,0D0,3.329079541019D-1,                  1309P   2746
6.662412895025D-1,1D0,1D0,1D0,1D0,1D0,1D0,1D0,1D0,1D0,1D0,          1309P   2747
-2.704255763991D1,0D0,0D0,-2.704450477032D1,4.444837759680D-2,      1309P   2748
0D0,-2.704839745634D1,1.334021057651D-1,0D0,-2.705422808458D1,      1309P   2749
2.669184200833D-1,0D0,-2.705810959917D1,3.559864425906D-1,0D0,      1309P   2750
-2.706004959124D1,4.005489383992D-1,0D0,0D0,1D0,0D0,0D0,1D0;        1309P   2751
110,-2.706004959124D1,4.005489383992D-1,0D0,-2.864699112882D1,      1311P   2752
4.005489383992D-1,0D0;                                              1311P   2753
102,4,1305,1307,1309,1311;                                          1313P   2754
142,0,1301,1313,1303,1;                                             1315P   2755
144,1301,1,0,1315;                                                  1317P   2756
110,-2.494336835533D1,-1.949999995638D0,-2.269977051632D1,          1319P   2757
-2.594336835533D1,-1.949999995638D0,-2.269977051632D1;              1319P   2758
110,2.970574918978D1,9.140388946795D-1,-2.269977051632D1,           1321P   2759
2.919425081022D1,8.872324004997D-1,-2.269977051632D1;               1321P   2760
120,1319,1321,1.815675115415D0,7.791940758998D0;                    1323P   2761
102,4,261,257,265,99;                                               1325P   2762
110,8.910080813378D-1,1.930603300869D0,0D0,8.910080813378D-1,       1327P   2763
7.677012573544D0,0D0;                                               1327P   2764
126,5,3,0,0,1,0,0D0,0D0,0D0,0D0,3.329079541019D-1,                  1329P   2765
6.662412895025D-1,1D0,1D0,1D0,1D0,1D0,1D0,1D0,1D0,1D0,1D0,          1329P   2766
8.910080813378D-1,7.677012573544D0,0D0,8.042287983261D-1,           1329P   2767
7.676327001485D0,0D0,6.305590004834D-1,7.674958097329D0,0D0,        1329P   2768
3.698869432935D-1,7.672912718293D0,0D0,1.959940016304D-1,           1329P   2769
7.671554418300D0,0D0,1.089919186622D-1,7.670876364219D0,0D0,0D0,    1329P   2770
1D0,0D0,0D0,1D0;                                                    1329P   2771
110,1.089919186622D-1,7.670876364219D0,0D0,1.089919186622D-1,       1331P   2772
1.935680096050D0,0D0;                                               1331P   2773
126,5,3,0,0,1,0,0D0,0D0,0D0,0D0,3.337086332600D-1,                  1333P   2774
6.670419795498D-1,1D0,1D0,1D0,1D0,1D0,1D0,1D0,1D0,1D0,1D0,          1333P   2775
1.089919186622D-1,1.935680096050D0,0D0,1.959807403562D-1,           1333P   2776
1.935118967080D0,0D0,3.698603534436D-1,1.933994959837D0,0D0,        1333P   2777
6.305324091996D-1,1.932302712612D0,0D0,8.042155384565D-1,           1333P   2778
1.931170366420D0,0D0,8.910080813378D-1,1.930603300869D0,0D0,0D0,    1333P   2779
1D0,0D0,0D0,1D0;                                                    1333P   2780
102,4,1327,1329,1331,1333;                                          1335P   2781
142,0,1323,1335,1325,1;                                             1337P   2782
144,1323,1,0,1337;                                                  1339P   2783
128,1,1,1,1,0,0,1,0,0,2.615727624786D1,2.615727624786D1,            1341P   2784
2.764272375214D1,2.764272375214D1,-5.302373977386D0,                1341P   2785
-5.302373977386D0,-1.897626022614D0,-1.897626022614D0,1D0,1D0,      1341P   2786
1D0,1D0,2.9D1,-5.302373977386D0,-2.615727624786D1,2.9D1,            1341P   2787
-5.302373977386D0,-2.764272375214D1,2.9D1,-1.897626022614D0,        1341P   2788
-2.615727624786D1,2.9D1,-1.897626022614D0,-2.764272375214D1,        1341P   2789
2.615727624786D1,2.764272375214D1,-5.302373977386D0,                1341P   2790
-1.897626022614D0;                                                  1341P   2791
102,4,267,269,271,273;                                              1343P   2792
110,2.758689805518D1,-5.236898055179D0,0D0,2.758689805518D1,        1345P   2793
-1.963101944821D0,0D0;                                              1345P   2794
110,2.758689805518D1,-1.963101944821D0,0D0,2.621310194482D1,        1347P   2795
-1.963101944821D0,0D0;                                              1347P   2796
110,2.621310194482D1,-1.963101944821D0,0D0,2.621310194482D1,        1349P   2797
-5.236898055179D0,0D0;                                              1349P   2798
110,2.621310194482D1,-5.236898055179D0,0D0,2.758689805518D1,        1351P   2799
-5.236898055179D0,0D0;                                              1351P   2800
102,4,1345,1347,1349,1351;                                          1353P   2801
142,0,1341,1353,1343,1;                                             1355P   2802
144,1341,1,0,1355;                                                  1357P   2803
110,-3.759979200150D1,-1.949999995638D0,-2.269977051632D1,          1359P   2804
-3.659979200150D1,-1.949999995638D0,-2.269977051632D1;              1359P   2805
110,3.079089853336D1,-6.499999956377D-1,-2.269977051632D1,          1361P   2806
3.105417858091D1,-6.499999956377D-1,-2.269977051632D1;              1361P   2807
120,1359,1361,-6.283185307180D-2,3.204424506662D0;                  1363P   2808
124,0D0,0D0,-1D0,3.084677160010D1,-1D0,1.040482954496D-7,0D0,       1365P   2809
-1.949999995638D0,1.040482954496D-7,1D0,0D0,-2.269977051632D1;      1365P   2810
100,0D0,0D0,0D0,1.3D0,0D0,-1.3D0,2.706990612371D-7;                 1367P   2811
110,3.084680771909D1,-6.499999956377D-1,-2.269977038088D1,          1369P   2812
3.099833359752D1,-6.499999956377D-1,-2.269977051632D1;              1369P   2813
102,4,21,275,1367,1369;                                             1371P   2814
126,17,3,0,0,1,0,0D0,0D0,0D0,0D0,6.659071867305D-2,                 1373P   2815
1.332376925162D-1,1.996636961091D-1,2.664088341439D-1,              1373P   2816
3.328981478699D-1,3.998795895853D-1,4.664729143733D-1,              1373P   2817
5.335299127347D-1,6.001235265197D-1,6.671063811847D-1,              1373P   2818
7.335981448972D-1,8.003394460006D-1,8.667663800562D-1,              1373P   2819
9.334101100235D-1,1D0,1D0,1D0,1D0,1D0,1D0,1D0,1D0,1D0,1D0,1D0,      1373P   2820
1D0,1D0,1D0,1D0,1D0,1D0,1D0,1D0,1D0,1D0,1D0,7.878875216134D-1,      1373P   2821
0D0,0D0,7.878883616056D-1,6.973245105316D-2,0D0,                    1373P   2822
7.878773672496D-1,2.092588306588D-1,0D0,7.878361432978D-1,          1373P   2823
4.183471045795D-1,0D0,7.877834118316D-1,6.275906816478D-1,0D0,      1373P   2824
7.877386799203D-1,8.366788993197D-1,0D0,7.876816609427D-1,          1373P   2825
1.046338233803D0,0D0,7.876033942876D-1,1.255853332781D0,0D0,        1373P   2826
7.875537440331D-1,1.465948606502D0,0D0,7.875614636708D-1,           1373P   2827
1.675653264431D0,0D0,7.876262423990D-1,1.885750323312D0,0D0,        1373P   2828
7.877185994676D-1,2.095269777802D0,0D0,7.877880981867D-1,           1373P   2829
2.304929203695D0,0D0,7.878431302761D-1,2.514016846648D0,0D0,        1373P   2830
7.879035650536D-1,2.723254038480D0,0D0,7.879495437698D-1,           1373P   2831
2.932338960409D0,0D0,7.879616243894D-1,3.071861052800D0,0D0,        1373P   2832
7.879607760742D-1,3.141592653590D0,0D0,0D0,1D0,0D0,0D0,1D0;         1373P   2833
110,7.879607760742D-1,3.141592653590D0,0D0,2.124308204236D-1,       1375P   2834
3.141592549541D0,0D0;                                               1375P   2835
126,17,3,0,0,1,0,0D0,0D0,0D0,0D0,6.658576283482D-2,                 1377P   2836
1.332164041577D-1,1.996443553026D-1,2.663760098189D-1,              1377P   2837
3.328734309402D-1,3.998615109535D-1,4.664623588748D-1,              1377P   2838
5.335349366723D-1,6.001354676326D-1,6.671221928214D-1,              1377P   2839
7.336170173982D-1,8.003525494597D-1,8.667795390168D-1,              1377P   2840
9.334134143826D-1,1D0,1D0,1D0,1D0,1D0,1D0,1D0,1D0,1D0,1D0,1D0,      1377P   2841
1D0,1D0,1D0,1D0,1D0,1D0,1D0,1D0,1D0,1D0,1D0,2.124308204236D-1,      1377P   2842
3.141592549541D0,0D0,2.124317447192D-1,3.071865222287D0,0D0,        1377P   2843
2.124189906668D-1,2.932361250930D0,0D0,2.123709458964D-1,           1377P   2844
2.723293534805D0,0D0,2.123088055589D-1,2.514078966327D0,0D0,        1377P   2845
2.122549933104D-1,2.304994687392D0,0D0,2.121920813248D-1,           1377P   2846
2.095333834534D0,0D0,2.121041278297D-1,1.885795380727D0,0D0,        1377P   2847
2.120416970997D-1,1.675668920439D0,0D0,2.120338469085D-1,           1377P   2848
1.465932592946D0,0D0,2.120808934217D-1,1.255807887259D0,0D0,        1377P   2849
2.121545189604D-1,1.046273908712D0,0D0,2.122047411217D-1,           1377P   2850
8.366132008751D-1,0D0,2.122480803752D-1,6.275284889495D-1,0D0,      1377P   2851
2.123023892597D-1,4.183075365907D-1,0D0,2.123456001574D-1,          1377P   2852
2.092365175259D-1,0D0,2.123572498908D-1,6.972827538079D-2,0D0,      1377P   2853
2.123563340493D-1,1.041817530023D-7,0D0,0D0,1D0,0D0,0D0,1D0;        1377P   2854
110,2.123563340493D-1,1.041817530023D-7,0D0,7.878875216134D-1,      1379P   2855
0D0,0D0;                                                            1379P   2856
102,4,1373,1375,1377,1379;                                          1381P   2857
142,0,1363,1381,1371,1;                                             1383P   2858
144,1363,1,0,1383;                                                  1385P   2859
110,-3.759979200150D1,-1.949999995638D0,-2.269977051632D1,          1387P   2860
-3.659979200150D1,-1.949999995638D0,-2.269977051632D1;              1387P   2861
110,3.079089617561D1,-6.499999956377D-1,-2.269977051632D1,          1389P   2862
3.105417858091D1,-6.499999956377D-1,-2.269977051632D1;              1389P   2863
120,1387,1389,3.078760692305D0,6.346017268598D0;                    1391P   2864
124,0D0,0D0,-1D0,3.084677000001D1,1D0,1.041817517725D-7,0D0,        1393P   2865
-1.949999995638D0,1.041817517725D-7,-1D0,0D0,-2.269977051632D1;     1393P   2866
100,0D0,0D0,0D0,1.3D0,0D0,-1.3D0,-2.706990609187D-7;                1395P   2867
110,3.084682732986D1,-3.249999995638D0,-2.269977038106D1,           1397P   2868
3.099835288395D1,-3.249999995638D0,-2.269977051632D1;               1397P   2869
102,4,25,277,1395,1397;                                             1399P   2870
126,17,3,0,0,1,0,0D0,0D0,0D0,0D0,6.659097915110D-2,                 1401P   2871
1.332387893708D-1,1.996644280993D-1,2.664097478340D-1,              1401P   2872
3.328989552344D-1,3.998804680522D-1,4.664737719219D-1,              1401P   2873
5.335306437829D-1,6.001242096815D-1,6.671066349912D-1,              1401P   2874
7.335980973448D-1,8.003392694610D-1,8.667656516761D-1,              1401P   2875
9.334099505494D-1,1D0,1D0,1D0,1D0,1D0,1D0,1D0,1D0,1D0,1D0,1D0,      1401P   2876
1D0,1D0,1D0,1D0,1D0,1D0,1D0,1D0,1D0,1D0,1D0,7.879626749281D-1,      1401P   2877
3.141592653590D0,0D0,7.879629094632D-1,3.211325373556D0,0D0,        1401P   2878
7.879496007789D-1,3.350852907536D0,0D0,7.879018605933D-1,           1401P   2879
3.559941963231D0,0D0,7.878398201169D-1,3.769186212369D0,0D0,        1401P   2880
7.877834134216D-1,3.978274133960D0,0D0,7.877128196351D-1,           1401P   2881
4.187933617456D0,0D0,7.876197104485D-1,4.397448659785D0,0D0,        1401P   2882
7.875545481236D-1,4.607543853087D0,0D0,7.875468320289D-1,           1401P   2883
4.817248303988D0,0D0,7.875968721050D-1,5.027344732324D0,0D0,        1401P   2884
7.876758955866D-1,5.236863364799D0,0D0,7.877340027727D-1,           1401P   2885
5.446521886604D0,0D0,7.877801110124D-1,5.655608503076D0,0D0,        1401P   2886
7.878344440506D-1,5.864845564975D0,0D0,7.878774260124D-1,           1401P   2887
6.073930683191D0,0D0,7.878896472714D-1,6.213453542780D0,0D0,        1401P   2888
7.878894211235D-1,6.283185307180D0,0D0,0D0,1D0,0D0,0D0,1D0;         1401P   2889
110,7.878894211235D-1,6.283185307180D0,0D0,2.123633875572D-1,       1403P   2890
6.283185411361D0,0D0;                                               1403P   2891
126,17,3,0,0,1,0,0D0,0D0,0D0,0D0,6.658591991804D-2,                 1405P   2892
1.332171225434D-1,1.996445131997D-1,2.663760463288D-1,              1405P   2893
3.328731565499D-1,3.998608105513D-1,4.664616149707D-1,              1405P   2894
5.335340669344D-1,6.001345747464D-1,6.671213796018D-1,              1405P   2895
7.336160911583D-1,8.003518205535D-1,8.667784422556D-1,              1405P   2896
9.334131527474D-1,1D0,1D0,1D0,1D0,1D0,1D0,1D0,1D0,1D0,1D0,1D0,      1405P   2897
1D0,1D0,1D0,1D0,1D0,1D0,1D0,1D0,1D0,1D0,1D0,2.123633875572D-1,      1405P   2898
6.283185411361D0,0D0,2.123636792830D-1,6.213457913762D0,0D0,        1405P   2899
2.123507822221D-1,6.073953167193D0,0D0,2.123057839395D-1,           1405P   2900
5.864885246671D0,0D0,2.122498466472D-1,5.655670789637D0,0D0,        1405P   2901
2.122051074358D-1,5.446587520311D0,0D0,2.121537783312D-1,           1405P   2902
5.236927542546D0,0D0,2.120793832886D-1,5.027389884772D0,0D0,        1405P   2903
2.120319404734D-1,4.817264018347D0,0D0,2.120397873680D-1,           1405P   2904
4.607527867095D0,0D0,2.121026085734D-1,4.397403206743D0,0D0,        1405P   2905
2.121913273773D-1,4.187869257189D0,0D0,2.122553527622D-1,           1405P   2906
3.978208354473D0,0D0,2.123105623515D-1,3.769123904306D0,0D0,        1405P   2907
2.123743351832D-1,3.559902240364D0,0D0,2.124241709130D-1,           1405P   2908
3.350830415041D0,0D0,2.124381735159D-1,3.211321000105D0,0D0,        1405P   2909
2.124378732644D-1,3.141592549541D0,0D0,0D0,1D0,0D0,0D0,1D0;         1405P   2910
110,2.124378732644D-1,3.141592549541D0,0D0,7.879626749281D-1,       1407P   2911
3.141592653590D0,0D0;                                               1407P   2912
102,4,1401,1403,1405,1407;                                          1409P   2913
142,0,1391,1409,1399,1;                                             1411P   2914
144,1391,1,0,1411;                                                  1413P   2915
110,2.183324310544D1,-5.249999995638D0,-2.269976234964D1,           1415P   2916
2.183324310544D1,-4.249999995638D0,-2.269976234964D1;               1415P   2917
126,5,3,0,0,1,0,0D0,0D0,0D0,0D0,2.814000243097D-1,                  1417P   2918
7.186022363076D-1,1D0,1D0,1D0,1D0,1D0,1D0,1D0,1D0,1D0,1D0,          1417P   2919
3.047453676751D1,-3.683652679720D0,-2.040652181167D1,               1417P   2920
3.053460073710D1,-3.362746485549D0,-2.039058193793D1,               1417P   2921
3.064558425167D1,-2.533438191456D0,-2.036112895269D1,               1417P   2922
3.064557568713D1,-1.366561827947D0,-2.036113122556D1,               1417P   2923
3.053458069811D1,-5.372579865170D-1,-2.039058725591D1,              1417P   2924
3.047451276784D1,-2.163553219910D-1,-2.040652818074D1,0D0,1D0,      1417P   2925
0D0,0D0,1D0;                                                        1417P   2926
120,1415,1417,6.387037863568D-2,4.549381119209D-1;                  1419P   2927
102,2,289,293;                                                      1421P   2928
126,19,3,0,0,1,0,0D0,0D0,0D0,0D0,5.873865185529D-2,                 1423P   2929
1.174032447355D-1,1.759405508683D-1,2.346533957699D-1,              1423P   2930
2.933203551718D-1,3.523259666840D-1,4.112229442123D-1,              1423P   2931
4.704921517360D-1,5.294684855271D-1,5.887399308311D-1,              1423P   2932
6.476150356620D-1,7.066450640603D-1,7.652964129013D-1,              1423P   2933
8.240373647162D-1,8.825703795965D-1,9.412564622422D-1,1D0,1D0,      1423P   2934
1D0,1D0,1D0,1D0,1D0,1D0,1D0,1D0,1D0,1D0,1D0,1D0,1D0,1D0,1D0,1D0,    1423P   2935
1D0,1D0,1D0,1D0,1D0,1D0,9.901698093369D-1,2.594031813464D-1,0D0,    1423P   2936
9.902071762863D-1,2.710949151796D-1,0D0,9.845024655520D-1,          1423P   2937
2.944493449610D-1,0D0,9.594565003035D-1,3.281884449616D-1,0D0,      1423P   2938
9.187597044160D-1,3.594518451460D-1,0D0,8.639298696008D-1,          1423P   2939
3.871785418339D-1,0D0,7.967334930422D-1,4.105160566D-1,0D0,         1423P   2940
7.195466064360D-1,4.286751880627D-1,0D0,6.347677149490D-1,          1423P   2941
4.411255670624D-1,0D0,5.455075554911D-1,4.474401604901D-1,0D0,      1423P   2942
4.545533507848D-1,4.474422348156D-1,0D0,3.653010908538D-1,          1423P   2943
4.411322861571D-1,0D0,2.805156238848D-1,4.286864533389D-1,0D0,      1423P   2944
2.033271794262D-1,4.105328942678D-1,0D0,1.361091693961D-1,          1423P   2945
3.871941096645D-1,0D0,8.126833330198D-2,3.594684416623D-1,0D0,      1423P   2946
4.055506150841D-2,3.281983670001D-1,0D0,1.550157563436D-2,          1423P   2947
2.944554554665D-1,0D0,9.795087598054D-3,2.710958308578D-1,0D0,      1423P   2948
9.832501305304D-3,2.594031704276D-1,0D0,0D0,1D0,0D0,0D0,1D0;        1423P   2949
126,19,3,0,0,1,0,0D0,0D0,0D0,0D0,5.873110811456D-2,                 1425P   2950
1.173667257855D-1,1.759102135749D-1,2.345845259164D-1,              1425P   2951
2.932751465852D-1,3.522399684940D-1,4.111750748741D-1,              1425P   2952
4.704085548292D-1,5.294006781838D-1,5.886619555465D-1,              1425P   2953
6.475184485714D-1,7.065839146416D-1,7.652152276811D-1,              1425P   2954
8.240013537613D-1,8.825270205616D-1,9.412493844423D-1,1D0,1D0,      1425P   2955
1D0,1D0,1D0,1D0,1D0,1D0,1D0,1D0,1D0,1D0,1D0,1D0,1D0,1D0,1D0,1D0,    1425P   2956
1D0,1D0,1D0,1D0,1D0,1D0,9.832501305304D-3,2.594031704276D-1,0D0,    1425P   2957
9.795203369811D-3,2.477129580528D-1,0D0,1.549733714593D-2,          1425P   2958
2.243658841466D-1,0D0,4.053264439239D-2,1.906322084305D-1,0D0,      1425P   2959
8.120672008877D-2,1.593779548067D-1,0D0,1.360219207903D-1,          1425P   2960
1.316495087171D-1,0D0,2.031866404786D-1,1.083144584011D-1,0D0,      1425P   2961
2.803720477598D-1,9.014715588561D-2,0D0,3.651265995045D-1,          1425P   2962
7.769247476209D-2,0D0,4.543916610203D-1,7.137023254D-2,0D0,         1425P   2963
5.453308486794D-1,7.135988458648D-2,0D0,6.345801110822D-1,          1425P   2964
7.766154979200D-2,0D0,7.193772688256D-1,9.009882586837D-2,0D0,      1425P   2965
7.965767374469D-1,1.082447671880D-1,0D0,8.638310397233D-1,          1425P   2966
1.315854930514D-1,0D0,9.186914589792D-1,1.593102560827D-1,0D0,      1425P   2967
9.594320146369D-1,1.905913945127D-1,0D0,9.844979134343D-1,          1425P   2968
2.243407618831D-1,0D0,9.902072922251D-1,2.477091009587D-1,0D0,      1425P   2969
9.901698093369D-1,2.594031813464D-1,0D0,0D0,1D0,0D0,0D0,1D0;        1425P   2970
102,2,1423,1425;                                                    1427P   2971
142,0,1419,1427,1421,1;                                             1429P   2972
102,2,281,285;                                                      1431P   2973
126,17,3,0,0,1,0,0D0,0D0,0D0,0D0,6.658658561736D-2,                 1433P   2974
1.332204609832D-1,1.996474505403D-1,2.663829826018D-1,              1433P   2975
3.328778071786D-1,3.998645323674D-1,4.664650633277D-1,              1433P   2976
5.335376411252D-1,6.001384890465D-1,6.671265690598D-1,              1433P   2977
7.336239901811D-1,8.003556446974D-1,8.667835958423D-1,              1433P   2978
9.334142371652D-1,1D0,1D0,1D0,1D0,1D0,1D0,1D0,1D0,1D0,1D0,1D0,      1433P   2979
1D0,1D0,1D0,1D0,1D0,1D0,1D0,1D0,1D0,1D0,1D0,8.738600492338D-1,      1433P   2980
2.594031699469D-1,0D0,8.739047086315D-1,2.493418032543D-1,0D0,      1433P   2981
8.683239863606D-1,2.292283111566D-1,0D0,8.439323515738D-1,          1433P   2982
2.004401929461D-1,0D0,8.044742275905D-1,1.742900954813D-1,0D0,      1433P   2983
7.518219789128D-1,1.519477291117D-1,0D0,6.881108258811D-1,          1433P   2984
1.342943022885D-1,0D0,6.163071178613D-1,1.221258569136D-1,0D0,      1433P   2985
5.392868008537D-1,1.159021920056D-1,0D0,4.607114521805D-1,          1433P   2986
1.159023518108D-1,0D0,3.836906710316D-1,1.221263936065D-1,0D0,      1433P   2987
3.118858473224D-1,1.342954650236D-1,0D0,2.481755332686D-1,          1433P   2988
1.519493734982D-1,0D0,1.955244399882D-1,1.742919999851D-1,0D0,      1433P   2989
1.560683614444D-1,2.004414456472D-1,0D0,1.316777569368D-1,          1433P   2990
2.292291142013D-1,0D0,1.260972942966D-1,2.493419479864D-1,0D0,      1433P   2991
1.261419458200D-1,2.594031699642D-1,0D0,0D0,1D0,0D0,0D0,1D0;        1433P   2992
126,17,3,0,0,1,0,0D0,0D0,0D0,0D0,6.658684725258D-2,                 1435P   2993
1.332215577444D-1,1.996481794465D-1,2.663839088417D-1,              1435P   2994
3.328786203982D-1,3.998654252536D-1,4.664659330656D-1,              1435P   2995
5.335383850293D-1,6.001391894487D-1,6.671268434501D-1,              1435P   2996
7.336239536712D-1,8.003554868003D-1,8.667828774566D-1,              1435P   2997
9.334140800820D-1,1D0,1D0,1D0,1D0,1D0,1D0,1D0,1D0,1D0,1D0,1D0,      1435P   2998
1D0,1D0,1D0,1D0,1D0,1D0,1D0,1D0,1D0,1D0,1D0,1.261419458200D-1,      1435P   2999
2.594031699642D-1,0D0,1.260972794117D-1,2.694645551757D-1,0D0,      1435P   3000
1.316780484013D-1,2.895781730034D-1,0D0,1.560698738771D-1,          1435P   3001
3.183663331469D-1,0D0,1.955282358301D-1,3.445164424757D-1,0D0,      1435P   3002
2.481804728052D-1,3.668587240001D-1,0D0,3.118917180558D-1,          1435P   3003
3.845121225057D-1,0D0,3.836954317330D-1,3.966805386160D-1,0D0,      1435P   3004
4.607157389466D-1,4.029041819930D-1,0D0,5.392910201081D-1,          1435P   3005
4.029040123286D-1,0D0,6.163115833479D-1,3.966799810658D-1,0D0,      1435P   3006
6.881161473483D-1,3.845109573151D-1,0D0,7.518262595057D-1,          1435P   3007
3.668571332216D-1,0D0,8.044772005436D-1,3.445146125999D-1,0D0,      1435P   3008
8.439334201552D-1,3.183651697518D-1,0D0,8.683241966384D-1,          1435P   3009
2.895774280809D-1,0D0,8.739047080169D-1,2.694644386765D-1,0D0,      1435P   3010
8.738600492338D-1,2.594031699469D-1,0D0,0D0,1D0,0D0,0D0,1D0;        1435P   3011
102,2,1433,1435;                                                    1437P   3012
142,0,1419,1437,1431,1;                                             1439P   3013
144,1419,1,1,1429,1439;                                             1441P   3014
110,2.183324310544D1,-5.249999995638D0,-2.269976234964D1,           1443P   3015
2.183324310544D1,-4.249999995638D0,-2.269976234964D1;               1443P   3016
126,5,3,0,0,1,0,0D0,0D0,0D0,0D0,2.814000243097D-1,                  1445P   3017
7.186022363076D-1,1D0,1D0,1D0,1D0,1D0,1D0,1D0,1D0,1D0,1D0,          1445P   3018
3.047453676751D1,-3.683652679720D0,-2.040652181167D1,               1445P   3019
3.053460073710D1,-3.362746485549D0,-2.039058193793D1,               1445P   3020
3.064558425167D1,-2.533438191456D0,-2.036112895269D1,               1445P   3021
3.064557568713D1,-1.366561827947D0,-2.036113122556D1,               1445P   3022
3.053458069811D1,-5.372579865170D-1,-2.039058725591D1,              1445P   3023
3.047451276784D1,-2.163553219910D-1,-2.040652818074D1,0D0,1D0,      1445P   3024
0D0,0D0,1D0;                                                        1445P   3025
120,1443,1445,6.387037863568D-2,4.549381119209D-1;                  1447P   3026
102,4,295,299,301,305;                                              1449P   3027
126,5,3,0,0,1,0,0D0,0D0,0D0,0D0,3.333238843518D-1,                  1451P   3028
6.666761032268D-1,1D0,1D0,1D0,1D0,1D0,1D0,1D0,1D0,1D0,1D0,          1451P   3029
5.644967625259D-1,3.694674669555D-1,0D0,5.501648826751D-1,          1451P   3030
3.694524954383D-1,0D0,5.214995989368D-1,3.694325292709D-1,0D0,      1451P   3031
4.785019764059D-1,3.694325156920D-1,0D0,4.498366925811D-1,          1451P   3032
3.694524637419D-1,0D0,4.355048125320D-1,3.694674261918D-1,0D0,      1451P   3033
0D0,1D0,0D0,0D0,1D0;                                                1451P   3034
110,4.355048125320D-1,3.694674261918D-1,0D0,4.355048125320D-1,      1453P   3035
1.493389366807D-1,0D0;                                              1453P   3036
126,5,3,0,0,1,0,0D0,0D0,0D0,0D0,3.333238968507D-1,                  1455P   3037
6.666761157253D-1,1D0,1D0,1D0,1D0,1D0,1D0,1D0,1D0,1D0,1D0,          1455P   3038
4.355048125320D-1,1.493389366807D-1,0D0,4.498366925856D-1,          1455P   3039
1.493538988831D-1,0D0,4.785019764137D-1,1.493738466033D-1,0D0,      1455P   3040
5.214995989422D-1,1.493738330246D-1,0D0,5.501648826773D-1,          1455P   3041
1.493538671873D-1,0D0,5.644967625259D-1,1.493388959176D-1,0D0,      1455P   3042
0D0,1D0,0D0,0D0,1D0;                                                1455P   3043
110,5.644967625259D-1,1.493388959176D-1,0D0,5.644967625259D-1,      1457P   3044
3.694674669555D-1,0D0;                                              1457P   3045
102,4,1451,1453,1455,1457;                                          1459P   3046
142,0,1447,1459,1449,1;                                             1461P   3047
144,1447,1,0,1461;                                                  1463P   3048
110,-3.759979200150D1,-1.949999995638D0,-2.269977051632D1,          1465P   3049
-3.659979200150D1,-1.949999995638D0,-2.269977051632D1;              1465P   3050
110,3.072408116526D1,-2.499999956377D-1,-2.269977051632D1,          1467P   3051
3.098856271711D1,-2.499999956377D-1,-2.269977051632D1;              1467P   3052
120,1465,1467,3.078760685083D0,6.346017218236D0;                    1469P   3053
110,3.078010299197D1,-3.649999995638D0,-2.269977032575D1,           1471P   3054
3.093273702015D1,-3.649999995638D0,-2.269977051632D1;               1471P   3055
102,4,29,309,289,1471;                                              1473P   3056
126,19,3,0,0,1,0,0D0,0D0,0D0,0D0,5.875036565849D-2,                 1475P   3057
1.174502777172D-1,1.759871861204D-1,2.347389806778D-1,              1475P   3058
2.933865592866D-1,3.524138479512D-1,4.112799296976D-1,              1475P   3059
4.705374323819D-1,5.295033106271D-1,5.887588451808D-1,              1475P   3060
6.476454462324D-1,7.066488207338D-1,7.653109567915D-1,              1475P   3061
8.240349446944D-1,8.825759249617D-1,9.412544806996D-1,1D0,1D0,      1475P   3062
1D0,1D0,1D0,1D0,1D0,1D0,1D0,1D0,1D0,1D0,1D0,1D0,1D0,1D0,1D0,1D0,    1475P   3063
1D0,1D0,1D0,1D0,1D0,1D0,7.889240418893D-1,3.141592653590D0,0D0,     1475P   3064
7.889242930917D-1,3.203115431401D0,0D0,7.889041937596D-1,           1475P   3065
3.326108946416D0,0D0,7.888229558582D-1,3.510401652870D0,0D0,        1475P   3066
7.887012513397D-1,3.694692582331D0,0D0,7.885689577887D-1,           1475P   3067
3.878933539734D0,0D0,7.884623162722D-1,4.063683458167D0,0D0,        1475P   3068
7.883904264127D-1,4.248560905042D0,0D0,7.882768680119D-1,           1475P   3069
4.434070684984D0,0D0,7.881907799765D-1,4.619525120433D0,0D0,        1475P   3070
7.881818511304D-1,4.805379166085D0,0D0,7.882504190917D-1,           1475P   3071
4.990852888869D0,0D0,7.883472879825D-1,5.176357503141D0,0D0,        1475P   3072
7.884040301669D-1,5.361246084251D0,0D0,7.884975299484D-1,           1475P   3073
5.545957558505D0,0D0,7.886191144535D-1,5.730188346273D0,0D0,        1475P   3074
7.887328548131D-1,5.914432328920D0,0D0,7.888092032222D-1,           1475P   3075
6.098701547453D0,0D0,7.888281899186D-1,6.221667512730D0,0D0,        1475P   3076
7.888279459931D-1,6.283185307180D0,0D0,0D0,1D0,0D0,0D0,1D0;         1475P   3077
110,7.888279459931D-1,6.283185307180D0,0D0,2.117197840251D-1,       1477P   3078
6.283185361830D0,0D0;                                               1477P   3079
126,19,3,0,0,1,0,0D0,0D0,0D0,0D0,5.873865185528D-2,                 1479P   3080
1.174032447355D-1,1.759405508683D-1,2.346533957699D-1,              1479P   3081
2.933203551718D-1,3.523259666840D-1,4.112229442123D-1,              1479P   3082
4.704921517360D-1,5.294684855271D-1,5.887399308311D-1,              1479P   3083
6.476150356620D-1,7.066450640603D-1,7.652964129013D-1,              1479P   3084
8.240373647162D-1,8.825703795965D-1,9.412564622422D-1,1D0,1D0,      1479P   3085
1D0,1D0,1D0,1D0,1D0,1D0,1D0,1D0,1D0,1D0,1D0,1D0,1D0,1D0,1D0,1D0,    1479P   3086
1D0,1D0,1D0,1D0,1D0,1D0,2.117197840251D-1,6.283185361830D0,0D0,     1479P   3087
2.117200300945D-1,6.221674735203D0,0D0,2.117003368698D-1,           1479P   3088
6.098730648691D0,0D0,2.116205334547D-1,5.914487252190D0,0D0,        1479P   3089
2.115006818690D-1,5.730273357647D0,0D0,2.113722658131D-1,           1479P   3090
5.546053215595D0,0D0,2.112750717152D-1,5.361345888698D0,0D0,        1479P   3091
2.112240351859D-1,5.176439065857D0,0D0,2.111346648866D-1,           1479P   3092
4.990906803448D0,0D0,2.110692641948D-1,4.805396795477D0,0D0,        1479P   3093
2.110783498605D-1,4.619502804039D0,0D0,2.111615759282D-1,           1479P   3094
4.434013208202D0,0D0,2.112679275168D-1,4.248476414079D0,0D0,        1479P   3095
2.113343611531D-1,4.063582700508D0,0D0,2.114449168388D-1,           1479P   3096
3.878837212843D0,0D0,2.115842221364D-1,3.694607908500D0,0D0,        1479P   3097
2.117121737472D-1,3.510346849035D0,0D0,2.117969498685D-1,           1479P   3098
3.326080010492D0,0D0,2.118177746885D-1,3.203108191763D0,0D0,        1479P   3099
2.118175211817D-1,3.141592541490D0,0D0,0D0,1D0,0D0,0D0,1D0;         1479P   3100
110,2.118175211817D-1,3.141592541490D0,0D0,7.889240418893D-1,       1481P   3101
3.141592653590D0,0D0;                                               1481P   3102
102,4,1475,1477,1479,1481;                                          1483P   3103
142,0,1469,1483,1473,1;                                             1485P   3104
144,1469,1,0,1485;                                                  1487P   3105
110,-3.759979200150D1,-1.949999995638D0,-2.269977051632D1,          1489P   3106
-3.659979200150D1,-1.949999995638D0,-2.269977051632D1;              1489P   3107
110,3.072408427673D1,-2.499999956377D-1,-2.269977051632D1,          1491P   3108
3.098856271711D1,-2.499999956377D-1,-2.269977051632D1;              1491P   3109
120,1489,1491,-6.283185307180D-2,3.204424506662D0;                  1493P   3110
110,3.078007714230D1,-2.499999956377D-1,-2.269977042341D1,          1495P   3111
3.093271160456D1,-2.499999956377D-1,-2.269977051632D1;              1495P   3112
102,4,33,307,293,1495;                                              1497P   3113
126,19,3,0,0,1,0,0D0,0D0,0D0,0D0,5.875737713144D-2,                 1499P   3114
1.174933528855D-1,1.760232526375D-1,2.348196634730D-1,              1499P   3115
2.934490009350D-1,3.525107856773D-1,4.113606185459D-1,              1499P   3116
4.706074342340D-1,5.295890281915D-1,5.888091803687D-1,              1499P   3117
6.477320849401D-1,7.066952549181D-1,7.653796617649D-1,              1499P   3118
8.240654504344D-1,8.826122686003D-1,9.412619929964D-1,1D0,1D0,      1499P   3119
1D0,1D0,1D0,1D0,1D0,1D0,1D0,1D0,1D0,1D0,1D0,1D0,1D0,1D0,1D0,1D0,    1499P   3120
1D0,1D0,1D0,1D0,1D0,1D0,7.888254616523D-1,0D0,0D0,                  1499P   3121
7.888264171438D-1,6.152996103085D-2,0D0,7.888088331650D-1,          1499P   3122
1.845687629218D-1,0D0,7.887344786207D-1,3.688997655866D-1,0D0,      1499P   3123
7.886225475515D-1,5.532674011228D-1,0D0,7.885026511020D-1,          1499P   3124
7.375295096419D-1,0D0,7.884106409367D-1,9.223425324657D-1,0D0,      1499P   3125
7.883550227040D-1,1.107220703768D0,0D0,7.882588768118D-1,           1499P   3126
1.292738046087D0,0D0,7.881908467262D-1,1.478180558995D0,0D0,        1499P   3127
7.881999417620D-1,1.664003282250D0,0D0,7.882857632157D-1,           1499P   3128
1.849493592401D0,0D0,7.883984737888D-1,2.034958007649D0,0D0,        1499P   3129
7.884692337187D-1,2.219864862468D0,0D0,7.885744570329D-1,           1499P   3130
2.404518290622D0,0D0,7.887050310513D-1,2.588737720690D0,0D0,        1499P   3131
7.888247258735D-1,2.772918004157D0,0D0,7.889038530121D-1,           1499P   3132
2.957154854673D0,0D0,7.889225183140D-1,3.080082605727D0,0D0,        1499P   3133
7.889215586791D-1,3.141592653590D0,0D0,0D0,1D0,0D0,0D0,1D0;         1499P   3134
110,7.889215586791D-1,3.141592653590D0,0D0,2.118082485823D-1,       1501P   3135
3.141592541490D0,0D0;                                               1501P   3136
126,19,3,0,0,1,0,0D0,0D0,0D0,0D0,5.873110811456D-2,                 1503P   3137
1.173667257855D-1,1.759102135749D-1,2.345845259164D-1,              1503P   3138
2.932751465852D-1,3.522399684940D-1,4.111750748741D-1,              1503P   3139
4.704085548292D-1,5.294006781838D-1,5.886619555465D-1,              1503P   3140
6.475184485714D-1,7.065839146416D-1,7.652152276811D-1,              1503P   3141
8.240013537613D-1,8.825270205616D-1,9.412493844423D-1,1D0,1D0,      1503P   3142
1D0,1D0,1D0,1D0,1D0,1D0,1D0,1D0,1D0,1D0,1D0,1D0,1D0,1D0,1D0,1D0,    1503P   3143
1D0,1D0,1D0,1D0,1D0,1D0,2.118082485823D-1,3.141592541490D0,0D0,     1503P   3144
2.118092224369D-1,3.080089699374D0,0D0,2.117898562421D-1,           1503P   3145
2.957184025348D0,0D0,2.117072284303D-1,2.772972843322D0,0D0,        1503P   3146
2.115813250277D-1,2.588822798490D0,0D0,2.114437664266D-1,           1503P   3147
2.404612580056D0,0D0,2.113346465356D-1,2.219962796649D0,0D0,        1503P   3148
2.112693377091D-1,2.035034988253D0,0D0,2.111638584137D-1,           1503P   3149
1.849541973199D0,0D0,2.110809126698D-1,1.664013783660D0,0D0,        1503P   3150
2.110716736402D-1,1.478150875114D0,0D0,2.111365367149D-1,           1503P   3151
1.292675056792D0,0D0,2.112251839279D-1,1.107131709684D0,0D0,        1503P   3152
2.112750492874D-1,9.222406257635D-1,0D0,2.113707204756D-1,          1503P   3153
7.374323994386D-1,0D0,2.114974177223D-1,5.531835948907D-1,0D0,      1503P   3154
2.116154347007D-1,3.688454026669D-1,0D0,2.116932126899D-1,          1503P   3155
1.845403412215D-1,0D0,2.117114800294D-1,6.152294922622D-2,0D0,      1503P   3156
2.117105102757D-1,5.464994146109D-8,0D0,0D0,1D0,0D0,0D0,1D0;        1503P   3157
110,2.117105102757D-1,5.464994146109D-8,0D0,7.888254616523D-1,      1505P   3158
0D0,0D0;                                                            1505P   3159
102,4,1499,1501,1503,1505;                                          1507P   3160
142,0,1493,1507,1497,1;                                             1509P   3161
144,1493,1,0,1509;                                                  1511P   3162
128,1,1,1,1,0,0,1,0,0,-5.582569695854D-2,-5.582569695854D-2,        1513P   3163
5.058256969585D-1,5.058256969585D-1,6.842609008960D1,               1513P   3164
6.842609008960D1,6.869152050730D1,6.869152050730D1,1D0,1D0,1D0,     1513P   3165
1D0,3.082629808811D1,-1.669174298679D0,-2.369977051632D1,           1513P   3166
3.082629808811D1,-2.230825692596D0,-2.369977051632D1,               1513P   3167
3.109172850580D1,-1.669174298679D0,-2.369977051632D1,               1513P   3168
3.109172850580D1,-2.230825692596D0,-2.369977051632D1,               1513P   3169
-5.582569695854D-2,5.058256969585D-1,6.842609008960D1,              1513P   3170
6.869152050730D1;                                                   1513P   3171
110,3.088212716363D1,-2.174999995638D0,-2.369977051632D1,           1515P   3172
3.103306731123D1,-2.174999995638D0,-2.369977051632D1;               1515P   3173
102,4,35,317,295,1515;                                              1517P   3174
126,5,3,0,0,1,0,0D0,0D0,0D0,0D0,3.333238089395D-1,                  1519P   3175
6.666762021984D-1,1D0,1D0,1D0,1D0,1D0,1D0,1D0,1D0,1D0,1D0,          1519P   3176
4.5D-1,6.863285931273D1,0D0,4.000113480101D-1,6.863407928100D1,     1519P   3177
0D0,3.000099062307D-1,6.863570575211D1,0D0,1.499900483690D-1,       1519P   3178
6.863570464421D1,0D0,4.998863229505D-2,6.863407669608D1,0D0,0D0,    1519P   3179
6.863285598949D1,0D0,0D0,1D0,0D0,0D0,1D0;                           1519P   3180
110,0D0,6.863285598949D1,0D0,0D0,6.848191578656D1,0D0;              1521P   3181
126,5,3,0,0,1,0,0D0,0D0,0D0,0D0,3.333238843518D-1,                  1523P   3182
6.666761032268D-1,1D0,1D0,1D0,1D0,1D0,1D0,1D0,1D0,1D0,1D0,0D0,      1523P   3183
6.848191578656D1,0D0,4.998830884318D-2,6.848315698568D1,0D0,        1523P   3184
1.499897113231D-1,6.848481226197D1,0D0,3.000102414735D-1,           1523P   3185
6.848481338833D1,0D0,4.000116706618D-1,6.848315961364D1,0D0,        1523P   3186
4.5D-1,6.848191916513D1,0D0,0D0,1D0,0D0,0D0,1D0;                    1523P   3187
110,4.5D-1,6.848191916513D1,0D0,4.5D-1,6.863285931273D1,0D0;        1525P   3188
102,4,1519,1521,1523,1525;                                          1527P   3189
142,0,1513,1527,1517,1;                                             1529P   3190
144,1513,1,0,1529;                                                  1531P   3191
128,1,1,1,1,0,0,1,0,0,-5.582569695854D-2,-5.582569695854D-2,        1533P   3192
2.055825696959D0,2.055825696959D0,6.842609346817D1,                 1533P   3193
6.842609346817D1,6.874467530044D1,6.874467530044D1,1D0,1D0,1D0,     1533P   3194
1D0,3.082630146667D1,-2.174999995638D0,-2.375559621328D1,           1533P   3195
3.082630146667D1,-2.174999995638D0,-2.164394481936D1,               1533P   3196
3.114488329895D1,-2.174999995638D0,-2.375559621328D1,               1533P   3197
3.114488329895D1,-2.174999995638D0,-2.164394481936D1,               1533P   3198
-5.582569695854D-2,2.055825696959D0,6.842609346817D1,               1533P   3199
6.874467530044D1;                                                   1533P   3200
110,3.088212896864D1,-2.174999995638D0,-2.169977051632D1,           1535P   3201
3.103306908663D1,-2.174999995638D0,-2.169977051632D1;               1535P   3202
102,4,45,311,299,1535;                                              1537P   3203
126,5,3,0,0,1,0,0D0,0D0,0D0,0D0,3.333333131811D-1,                  1539P   3204
6.666666673583D-1,1D0,1D0,1D0,1D0,1D0,1D0,1D0,1D0,1D0,1D0,2D0,      1539P   3205
6.863286108812D1,0D0,1.778647269909D0,6.865694239238D1,0D0,         1539P   3206
1.334202796611D0,6.868905066847D1,0D0,6.657971296469D-1,            1539P   3207
6.868905007654D1,0D0,2.213527002684D-1,6.865694101138D1,0D0,0D0,    1539P   3208
6.863285931273D1,0D0,0D0,1D0,0D0,0D0,1D0;                           1539P   3209
110,0D0,6.863285931273D1,0D0,0D0,6.848191916513D1,0D0;              1541P   3210
126,5,3,0,0,1,0,0D0,0D0,0D0,0D0,3.333333309580D-1,                  1543P   3211
6.666666889878D-1,1D0,1D0,1D0,1D0,1D0,1D0,1D0,1D0,1D0,1D0,0D0,      1543P   3212
6.848191916513D1,0D0,2.213236456279D-1,6.850640005927D1,0D0,        1543P   3213
6.657680754876D-1,6.853904138768D1,0D0,1.334231848076D0,            1543P   3214
6.853904198950D1,0D0,1.778676323437D0,6.850640146332D1,0D0,2D0,     1543P   3215
6.848192097014D1,0D0,0D0,1D0,0D0,0D0,1D0;                           1543P   3216
110,2D0,6.848192097014D1,0D0,2D0,6.863286108812D1,0D0;              1545P   3217
102,4,1539,1541,1543,1545;                                          1547P   3218
142,0,1533,1547,1537,1;                                             1549P   3219
144,1533,1,0,1549;                                                  1551P   3220
128,1,1,1,1,0,0,1,0,0,-5.582569695854D-2,-5.582569695854D-2,        1553P   3221
5.058256969585D-1,5.058256969585D-1,6.842609189462D1,               1553P   3222
6.842609189462D1,6.869152228215D1,6.869152228215D1,1D0,1D0,1D0,     1553P   3223
1D0,3.082629989312D1,-2.230825692596D0,-2.169977051632D1,           1553P   3224
3.082629989312D1,-1.669174298679D0,-2.169977051632D1,               1553P   3225
3.109173028065D1,-2.230825692596D0,-2.169977051632D1,               1553P   3226
3.109173028065D1,-1.669174298679D0,-2.169977051632D1,               1553P   3227
-5.582569695854D-2,5.058256969585D-1,6.842609189462D1,              1553P   3228
6.869152228215D1;                                                   1553P   3229
110,3.088212559008D1,-1.724999995638D0,-2.169977051632D1,           1555P   3230
3.103306576339D1,-1.724999995638D0,-2.169977051632D1;               1555P   3231
102,4,41,313,301,1555;                                              1557P   3232
126,5,3,0,0,1,0,0D0,0D0,0D0,0D0,3.333237977420D-1,                  1559P   3233
6.666761910006D-1,1D0,1D0,1D0,1D0,1D0,1D0,1D0,1D0,1D0,1D0,          1559P   3234
4.5D-1,6.863285776489D1,0D0,4.000113677100D-1,6.863407847124D1,     1559P   3235
0D0,3.000099516450D-1,6.863570641906D1,0D0,1.499900937911D-1,       1559P   3236
6.863570752696D1,0D0,4.998865200273D-2,6.863408105616D1,0D0,0D0,    1559P   3237
6.863286108812D1,0D0,0D0,1D0,0D0,0D0,1D0;                           1559P   3238
110,0D0,6.863286108812D1,0D0,0D0,6.848192097014D1,0D0;              1561P   3239
126,5,3,0,0,1,0,0D0,0D0,0D0,0D0,3.333238968507D-1,                  1563P   3240
6.666761157253D-1,1D0,1D0,1D0,1D0,1D0,1D0,1D0,1D0,1D0,1D0,0D0,      1563P   3241
6.848192097014D1,0D0,4.998832935396D-2,6.848316141841D1,0D0,        1563P   3242
1.499897585538D-1,6.848481519277D1,0D0,3.000102886960D-1,           1563P   3243
6.848481406641D1,0D0,4.000116911643D-1,6.848315879045D1,0D0,        1563P   3244
4.5D-1,6.848191759158D1,0D0,0D0,1D0,0D0,0D0,1D0;                    1563P   3245
110,4.5D-1,6.848191759158D1,0D0,4.5D-1,6.863285776489D1,0D0;        1565P   3246
102,4,1559,1561,1563,1565;                                          1567P   3247
142,0,1553,1567,1557,1;                                             1569P   3248
144,1553,1,0,1569;                                                  1571P   3249
128,1,1,1,1,0,0,1,0,0,-5.582569695854D-2,-5.582569695854D-2,        1573P   3250
2.055825696959D0,2.055825696959D0,6.842609008960D1,                 1573P   3251
6.842609008960D1,6.874467199691D1,6.874467199691D1,1D0,1D0,1D0,     1573P   3252
1D0,3.082629808811D1,-1.724999995638D0,-2.164394481936D1,           1573P   3253
3.082629808811D1,-1.724999995638D0,-2.375559621328D1,               1573P   3254
3.114487999541D1,-1.724999995638D0,-2.164394481936D1,               1573P   3255
3.114487999541D1,-1.724999995638D0,-2.375559621328D1,               1573P   3256
-5.582569695854D-2,2.055825696959D0,6.842609008960D1,               1573P   3257
6.874467199691D1;                                                   1573P   3258
110,3.088212378507D1,-1.724999995638D0,-2.369977051632D1,           1575P   3259
3.103306398799D1,-1.724999995638D0,-2.369977051632D1;               1575P   3260
102,4,39,315,305,1575;                                              1577P   3261
126,5,3,0,0,1,0,0D0,0D0,0D0,0D0,3.333333144365D-1,                  1579P   3262
6.666666687382D-1,1D0,1D0,1D0,1D0,1D0,1D0,1D0,1D0,1D0,1D0,2D0,      1579P   3263
6.863285598949D1,0D0,1.778647312453D0,6.865693769548D1,0D0,         1579P   3264
1.334202895234D0,6.868904677216D1,0D0,6.657972270208D-1,            1579P   3265
6.868904736672D1,0D0,2.213527414816D-1,6.865693907910D1,0D0,0D0,    1579P   3266
6.863285776489D1,0D0,0D0,1D0,0D0,0D0,1D0;                           1579P   3267
110,0D0,6.863285776489D1,0D0,0D0,6.848191759158D1,0D0;              1581P   3268
126,5,3,0,0,1,0,0D0,0D0,0D0,0D0,3.333333295434D-1,                  1583P   3269
6.666666877009D-1,1D0,1D0,1D0,1D0,1D0,1D0,1D0,1D0,1D0,1D0,0D0,      1583P   3270
6.848191759158D1,0D0,2.213236882095D-1,6.850639809520D1,0D0,        1583P   3271
6.657681761201D-1,6.853903863350D1,0D0,1.334231950042D0,            1583P   3272
6.853903802894D1,0D0,1.778676367436D0,6.850639668841D1,0D0,2D0,     1583P   3273
6.848191578656D1,0D0,0D0,1D0,0D0,0D0,1D0;                           1583P   3274
110,2D0,6.848191578656D1,0D0,2D0,6.863285598949D1,0D0;              1585P   3275
102,4,1579,1581,1583,1585;                                          1587P   3276
142,0,1573,1587,1577,1;                                             1589P   3277
144,1573,1,0,1589;                                                  1591P   3278
124,1D0,0D0,0D0,2.870585997309D-9,0D0,0D0,-1D0,                     1593P   3279
-6.199998762176D0,0D0,1D0,0D0,-1.439977051632D1;                    1593P   3280
100,0D0,0D0,0D0,3.099981091332D1,0D0,-3.099981091332D1,0D0;         1595P   3281
110,-3.099981091045D1,-6.199999072029D0,-1.439977051632D1,          1597P   3282
-3.099981091045D1,1.799999080754D0,-1.439977051632D1;               1597P   3283
124,-1D0,0D0,0D0,2.870585997309D-9,0D0,0D0,1D0,1.799998770900D0,    1599P   3284
0D0,1D0,0D0,-1.439977051632D1;                                      1599P   3285
100,0D0,0D0,0D0,3.099981091332D1,0D0,-3.099981091332D1,0D0;         1601P   3286
110,3.099989163125D1,1.799999080754D0,-1.439977051631D1,            1603P   3287
3.099991928781D1,-6.199999072029D0,-1.439977051633D1;               1603P   3288
110,3.099991928781D1,-6.199999072029D0,-1.439977051633D1,           1605P   3289
3.099997234632D1,-6.199999965572D0,-7.309977051629D1;               1605P   3290
110,3.099991703321D1,1.799999974297D0,-7.309976087564D1,            1607P   3291
3.099989163125D1,1.799999080754D0,-1.439977051631D1;                1607P   3292
110,3.099997234632D1,-6.199999965572D0,-7.309977051629D1,           1609P   3293
3.099991703321D1,1.799999974297D0,-7.309976087564D1;                1609P   3294
110,2.870585997309D-9,-2.199999991226D0,-1.439977051632D1,          1611P   3295
2.870585997309D-9,-3.199999991226D0,-1.439977051632D1;              1611P   3296
110,-3.099981091045D1,1.959999043809D0,-1.439977051632D1,           1613P   3297
-3.099981091045D1,-6.359999035085D0,-1.439977051632D1;              1613P   3298
120,1611,1613,-3.204424506662D0,6.283185307180D-2;                  1615P   3299
102,4,1595,1597,1601,1603;                                          1617P   3300
110,9.807692307692D-1,-3.141592653590D0,0D0,9.807692307692D-1,      1619P   3301
0D0,0D0;                                                            1619P   3302
110,9.807692307692D-1,0D0,0D0,1.923076923077D-2,0D0,0D0;            1621P   3303
110,1.923076923077D-2,0D0,0D0,1.923076923077D-2,                    1623P   3304
-3.141592653590D0,0D0;                                              1623P   3305
110,1.923076923077D-2,-3.141592653590D0,0D0,9.807692307692D-1,      1625P   3306
-3.141592653590D0,0D0;                                              1625P   3307
102,4,1619,1621,1623,1625;                                          1627P   3308
142,0,1615,1627,1617,1;                                             1629P   3309
144,1615,1,0,1629;                                                  1631P   3310
128,1,1,1,1,0,0,1,0,0,-4.160017448677D0,-4.160017448677D0,          1633P   3311
4.160018343107D0,4.160018343107D0,-3.052400133772D1,                1633P   3312
-3.052400133772D1,3.052399875766D1,3.052399875766D1,1D0,1D0,1D0,    1633P   3313
1D0,3.099997234632D1,1.959999061677D0,-1.322576559779D1,            1633P   3314
3.100002987220D1,-6.360036729906D0,-1.322577061094D1,               1633P   3315
3.099991482043D1,1.960035845084D0,-7.427376569314D1,                1633P   3316
3.099997234632D1,-6.359999946499D0,-7.427377070629D1,               1633P   3317
-4.160017448677D0,4.160018343107D0,-3.052400133772D1,               1633P   3318
3.052399875766D1;                                                   1633P   3319
102,4,1605,1609,1607,1603;                                          1635P   3320
110,3.999981392599D0,-2.935000133589D1,0D0,4.000017654803D0,        1637P   3321
2.934999866408D1,0D0;                                               1637P   3322
110,4.000017654803D0,2.934999866408D1,0D0,-3.999982285261D0,        1639P   3323
2.934999384374D1,0D0;                                               1639P   3324
110,-3.999982285261D0,2.934999384374D1,0D0,-4.000016760373D0,       1641P   3325
-2.934999651563D1,0D0;                                              1641P   3326
110,-4.000016760373D0,-2.934999651563D1,0D0,3.999981392599D0,       1643P   3327
-2.935000133589D1,0D0;                                              1643P   3328
102,4,1637,1639,1641,1643;                                          1645P   3329
142,0,1633,1645,1635,1;                                             1647P   3330
144,1633,1,0,1647;                                                  1649P   3331
124,1D0,-1.544670002076D-8,0D0,2.870585997309D-9,0D0,0D0,-1D0,      1651P   3332
-6.199999194216D0,1.544670002076D-8,1D0,0D0,-1.439977051632D1;      1651P   3333
100,0D0,0D0,0D0,3.049981091332D1,0D0,-3.049981091332D1,             1653P   3334
4.711214305040D-7;                                                  1653P   3335
110,3.049989163107D1,1.800051050858D0,-1.439977051640D1,            1655P   3336
3.049991928762D1,-6.199946485294D0,-1.439977004520D1;               1655P   3337
124,-1D0,0D0,0D0,2.870585997309D-9,0D0,0D0,1D0,1.799998338824D0,    1657P   3338
0D0,1D0,0D0,-1.439977051632D1;                                      1657P   3339
100,0D0,0D0,0D0,3.049981091332D1,0D0,-3.049981091332D1,0D0;         1659P   3340
110,-3.049981091045D1,-6.200051902788D0,-1.439977051632D1,          1661P   3341
-3.049981091045D1,1.799945627348D0,-1.439977051632D1;               1661P   3342
110,3.049991928762D1,-6.199946485294D0,-1.439977004520D1,           1663P   3343
3.049997234593D1,-6.199946485390D0,-7.309977292626D1;               1663P   3344
110,3.049997234593D1,-6.199946485390D0,-7.309977292626D1,           1665P   3345
3.049991703284D1,1.800051050483D0,-7.309976114646D1;                1665P   3346
110,3.049991703284D1,1.800051050483D0,-7.309976114646D1,            1667P   3347
3.049989163107D1,1.800051050858D0,-1.439977051640D1;                1667P   3348
110,2.870585997309D-9,-2.199999991226D0,-1.439977051632D1,          1669P   3349
2.870585997309D-9,-3.199999991226D0,-1.439977051632D1;              1669P   3350
110,-3.049981091045D1,1.960053109361D0,-1.439977051632D1,           1671P   3351
-3.049981091045D1,-6.360053961850D0,-1.439977051632D1;              1671P   3352
120,1669,1671,-3.204424506662D0,6.283185307180D-2;                  1673P   3353
102,4,1653,1661,1659,1655;                                          1675P   3354
126,36,3,0,0,1,0,0D0,0D0,0D0,0D0,2.941013739864D-2,                 1677P   3355
5.882822442930D-2,8.823078752132D-2,1.176548379691D-1,              1677P   3356
1.470518720261D-1,1.764798588091D-1,2.058735729293D-1,              1677P   3357
2.353035289644D-1,2.646961359735D-1,2.941260920522D-1,              1677P   3358
3.235198059403D-1,3.529477929326D-1,3.823448264834D-1,              1677P   3359
4.117688775630D-1,4.411714402235D-1,4.705895920316D-1,              1677P   3360
4.999998863858D-1,5.294101830154D-1,5.588283330840D-1,              1677P   3361
5.882308974533D-1,6.176549473573D-1,6.470519820335D-1,              1677P   3362
6.764799684225D-1,7.058736828686D-1,7.353036389005D-1,              1677P   3363
7.646962459602D-1,7.941262024494D-1,8.235199162362D-1,              1677P   3364
8.529479038607D-1,8.823449374129D-1,9.117689888941D-1,              1677P   3365
9.411715517818D-1,9.705897040611D-1,1D0,1D0,1D0,1D0,1D0,1D0,1D0,    1677P   3366
1D0,1D0,1D0,1D0,1D0,1D0,1D0,1D0,1D0,1D0,1D0,1D0,1D0,1D0,1D0,1D0,    1677P   3367
1D0,1D0,1D0,1D0,1D0,1D0,1D0,1D0,1D0,1D0,1D0,1D0,1D0,1D0,1D0,1D0,    1677P   3368
1D0,1D0,9.807565605604D-1,-3.141592638143D0,0D0,                    1677P   3369
9.807565605617D-1,-3.110794430733D0,0D0,9.807565786681D-1,          1677P   3370
-3.049189648795D0,0D0,9.807566595987D-1,-2.956794552308D0,0D0,      1677P   3371
9.807567937815D-1,-2.864384977413D0,0D0,9.807569799794D-1,          1677P   3372
-2.771997310061D0,0D0,9.807572167087D-1,-2.679583195633D0,0D0,      1677P   3373
9.807575018007D-1,-2.587200644794D0,0D0,9.807578330232D-1,          1677P   3374
-2.494783844249D0,0D0,9.807582072988D-1,-2.402403853405D0,0D0,      1677P   3375
9.807586217324D-1,-2.309986157142D0,0D0,9.807590724540D-1,          1677P   3376
-2.217606166493D0,0D0,9.807595559781D-1,-2.125189365937D0,0D0,      1677P   3377
9.807600678117D-1,-2.032806815613D0,0D0,9.807606039494D-1,          1677P   3378
-1.940392700977D0,0D0,9.807611594840D-1,-1.848005033418D0,0D0,      1677P   3379
9.807617299647D-1,-1.755595392439D0,0D0,9.807623103024D-1,          1677P   3380
-1.663200056893D0,0D0,9.807628956851D-1,-1.570796673875D0,0D0,      1677P   3381
9.807634810679D-1,-1.478393292664D0,0D0,9.807640614057D-1,          1677P   3382
-1.385997954780D0,0D0,9.807646318864D-1,-1.293588315053D0,0D0,      1677P   3383
9.807651874211D-1,-1.201200645765D0,0D0,9.807657235590D-1,          1677P   3384
-1.108786531807D0,0D0,9.807662353928D-1,-1.016403980356D0,0D0,      1677P   3385
9.807667189172D-1,-9.239871798939D-1,0D0,9.807671696390D-1,         1677P   3386
-8.316071886571D-1,0D0,9.807675840730D-1,-7.391894919148D-1,0D0,    1677P   3387
9.807679583488D-1,-6.468095008892D-1,0D0,9.807682895717D-1,         1677P   3388
-5.543926993395D-1,0D0,9.807685746640D-1,-4.620101484916D-1,0D0,    1677P   3389
9.807688113936D-1,-3.695960326354D-1,0D0,9.807689975925D-1,         1677P   3390
-2.772083649294D-1,0D0,9.807691317733D-1,-1.847987208769D-1,0D0,    1677P   3391
9.807692127140D-1,-9.240339011152D-2,0D0,9.807692307968D-1,         1677P   3392
-3.079837358877D-2,0D0,9.807692307692D-1,0D0,0D0,0D0,1D0,0D0,       1677P   3393
0D0,1D0;                                                            1677P   3394
110,9.807692307692D-1,0D0,0D0,1.924344009550D-2,0D0,0D0;            1679P   3395
126,36,3,0,0,1,0,0D0,0D0,0D0,0D0,2.941028930693D-2,                 1681P   3396
5.882843478147D-2,8.823099122778D-2,1.176550359094D-1,              1681P   3397
1.470520630472D-1,1.764800439127D-1,2.058737512396D-1,              1681P   3398
2.353037010396D-1,2.646963015426D-1,2.941262509795D-1,              1681P   3399
3.235199587213D-1,3.529479386486D-1,3.823449664069D-1,              1681P   3400
4.117690100447D-1,4.411715672024D-1,4.705897112809D-1,              1681P   3401
5.000000003280D-1,5.294102890471D-1,5.588284333750D-1,              1681P   3402
5.882309902864D-1,6.176550340901D-1,6.470520616871D-1,              1681P   3403
6.764800416963D-1,7.058737493586D-1,7.353036987980D-1,              1681P   3404
7.646962992930D-1,7.941262490266D-1,8.235199563978D-1,              1681P   3405
8.529479371459D-1,8.823449643499D-1,9.117690088916D-1,              1681P   3406
9.411715653810D-1,9.705897107337D-1,1D0,1D0,1D0,1D0,1D0,1D0,1D0,    1681P   3407
1D0,1D0,1D0,1D0,1D0,1D0,1D0,1D0,1D0,1D0,1D0,1D0,1D0,1D0,1D0,1D0,    1681P   3408
1D0,1D0,1D0,1D0,1D0,1D0,1D0,1D0,1D0,1D0,1D0,1D0,1D0,1D0,1D0,1D0,    1681P   3409
1D0,1D0,1.924344009550D-2,0D0,0D0,1.924344012305D-2,                1681P   3410
-3.079836679055D-2,0D0,1.924342203925D-2,-9.240336953517D-2,0D0,    1681P   3411
1.924334109413D-2,-1.847986799229D-1,0D0,1.924320690600D-2,         1681P   3412
-2.772083034241D-1,0D0,1.924302069686D-2,-3.695959509853D-1,0D0,    1681P   3413
1.924278395429D-2,-4.620100463668D-1,0D0,1.924249884630D-2,         1681P   3414
-5.543925770932D-1,0D0,1.924216760524D-2,-6.468093582357D-1,0D0,    1681P   3415
1.924179330884D-2,-7.391893290642D-1,0D0,1.924137885212D-2,         1681P   3416
-8.316070054693D-1,0D0,1.924092810550D-2,-9.239869763525D-1,0D0,    1681P   3417
1.924044455456D-2,-1.016403756560D0,0D0,1.923993269264D-2,          1681P   3418
-1.108786287420D0,0D0,1.923939652529D-2,-1.201200381242D0,0D0,      1681P   3419
1.923884095999D-2,-1.293588029614D0,0D0,1.923827044789D-2,          1681P   3420
-1.385997649389D0,0D0,1.923769007814D-2,-1.478392965952D0,0D0,      1681P   3421
1.923710466313D-2,-1.570796327483D0,0D0,1.923651924812D-2,          1681P   3422
-1.663199689273D0,0D0,1.923593887837D-2,-1.755595005497D0,0D0,      1681P   3423
1.923536836627D-2,-1.848004625448D0,0D0,1.923481280097D-2,          1681P   3424
-1.940392273568D0,0D0,1.923427663362D-2,-2.032806367480D0,0D0,      1681P   3425
1.923376477170D-2,-2.125188898174D0,0D0,1.923328122076D-2,          1681P   3426
-2.217605678386D0,0D0,1.923283047415D-2,-2.309985649180D0,0D0,      1681P   3427
1.923241601743D-2,-2.402403325510D0,0D0,1.923204172103D-2,          1681P   3428
-2.494783296307D0,0D0,1.923171047996D-2,-2.587200077304D0,0D0,      1681P   3429
1.923142537197D-2,-2.679582608022D0,0D0,1.923118862940D-2,          1681P   3430
-2.771996703204D0,0D0,1.923100242026D-2,-2.864384350732D0,0D0,      1681P   3431
1.923086823214D-2,-2.956793974005D0,0D0,1.923078728702D-2,          1681P   3432
-3.049189284267D0,0D0,1.923076920322D-2,-3.110794286842D0,0D0,      1681P   3433
1.923076923077D-2,-3.141592653590D0,0D0,0D0,1D0,0D0,0D0,1D0;        1681P   3434
110,1.923076923077D-2,-3.141592653590D0,0D0,9.807565605604D-1,      1683P   3435
-3.141592638143D0,0D0;                                              1683P   3436
102,4,1677,1679,1681,1683;                                          1685P   3437
142,0,1673,1685,1675,1;                                             1687P   3438
144,1673,1,0,1687;                                                  1689P   3439
128,1,1,1,1,0,0,1,0,0,-4.160072846218D0,-4.160072846218D0,          1691P   3440
4.159961375666D0,4.159961375666D0,-3.052400139347D1,                1691P   3441
-3.052400139347D1,3.052400160285D1,3.052400160285D1,1D0,1D0,1D0,    1691P   3442
1D0,3.049997234595D1,1.960051002149D0,-1.322576507086D1,            1691P   3443
3.050002987182D1,-6.359983219535D0,-1.322577008400D1,               1691P   3444
3.049991482006D1,1.960087785558D0,-7.427376806714D1,                1691P   3445
3.049997234593D1,-6.359946436126D0,-7.427377308029D1,               1691P   3446
-4.160072846218D0,4.159961375666D0,-3.052400139347D1,               1691P   3447
3.052400160285D1;                                                   1691P   3448
102,4,1663,1665,1667,1655;                                          1693P   3449
110,3.999925348795D0,-2.935000133585D1,0D0,3.999960717553D0,        1695P   3450
2.935000154523D1,0D0;                                               1695P   3451
110,3.999960717553D0,2.935000154523D1,0D0,-4.000036818517D0,        1697P   3452
2.934999458574D1,0D0;                                               1697P   3453
110,-4.000036818517D0,2.934999458574D1,0D0,-4.000072188105D0,       1699P   3454
-2.934999604426D1,0D0;                                              1699P   3455
110,-4.000072188105D0,-2.934999604426D1,0D0,3.999925348795D0,       1701P   3456
-2.935000133585D1,0D0;                                              1701P   3457
102,4,1695,1697,1699,1701;                                          1703P   3458
142,0,1691,1703,1693,1;                                             1705P   3459
144,1691,1,0,1705;                                                  1707P   3460
406,1,11H6_ALL_SURFS;                                               1709P   3461
402,50,1595,1597,1601,1603,1605,1607,1609,1611,1613,1615,1617,      1711P   3462
1619,1621,1623,1625,1627,1631,1633,1635,1637,1639,1641,1643,        1711P   3463
1645,1649,1653,1655,1659,1661,1663,1665,1667,1669,1671,1673,        1711P   3464
1675,1677,1679,1681,1683,1685,1689,1691,1693,1695,1697,1699,        1711P   3465
1701,1703,1707,0,1,1709;                                            1711P   3466
406,1,14H7_ALL_FEATURES;                                            1713P   3467
402,50,1595,1597,1601,1603,1605,1607,1609,1611,1613,1615,1617,      1715P   3468
1619,1621,1623,1625,1627,1631,1633,1635,1637,1639,1641,1643,        1715P   3469
1645,1649,1653,1655,1659,1661,1663,1665,1667,1669,1671,1673,        1715P   3470
1675,1677,1679,1681,1683,1685,1689,1691,1693,1695,1697,1699,        1715P   3471
1701,1703,1707,0,1,1713;                                            1715P   3472
406,1,14H8_ALL_GEOMETRY;                                            1717P   3473
402,50,1595,1597,1601,1603,1605,1607,1609,1611,1613,1615,1617,      1719P   3474
1619,1621,1623,1625,1627,1631,1633,1635,1637,1639,1641,1643,        1719P   3475
1645,1649,1653,1655,1659,1661,1663,1665,1667,1669,1671,1673,        1719P   3476
1675,1677,1679,1681,1683,1685,1689,1691,1693,1695,1697,1699,        1719P   3477
1701,1703,1707,0,1,1717;                                            1719P   3478
406,1,10HSURF-BASIC;                                                1721P   3479
402,50,1595,1597,1601,1603,1605,1607,1609,1611,1613,1615,1617,      1723P   3480
1619,1621,1623,1625,1627,1631,1633,1635,1637,1639,1641,1643,        1723P   3481
1645,1649,1653,1655,1659,1661,1663,1665,1667,1669,1671,1673,        1723P   3482
1675,1677,1679,1681,1683,1685,1689,1691,1693,1695,1697,1699,        1723P   3483
1701,1703,1707,0,1,1721;                                            1723P   3484
S      1G      4D   1724P   3484                                        T      1
