 PTC IGES file: t-dsc20-100x00_1_prt.igs                                S      1
1H,,1H;,20HT-DSC20-100X00_1_PRT,24Ht-dsc20-100x00_1_prt.igs,            G      1
49HPro/ENGINEER by Parametric Technology Corporation,7H2006170,32,38,7, G      2
38,15,20HT-DSC20-100X00_1_PRT,1.,2,2HMM,32768,0.5,15H20080630.105213,   G      3
0.00120337,12.0342,3HGRA,7HUnknown,10,0,15H20080630.105213;             G      4
     314       1       1       1       0       0       0       001000200D      1
     314       0       4       1       0                   COLOR       1D      2
     314       2       1       1       0       0       0       001000200D      3
     314       0       1       1       0                   COLOR       2D      4
     314       3       1       1       0       0       0       001000200D      5
     314       0       1       1       0                   COLOR       3D      6
     314       4       1       1       0       0       0       001000200D      7
     314       0       1       1       0                   COLOR       4D      8
     314       5       1       1       0       0       0       001000200D      9
     314       0       8       1       0                   COLOR       5D     10
     314       6       1       1       0       0       0       001000200D     11
     314       0       8       1       0                   COLOR       6D     12
     314       7       1       1       0       0       0       001000200D     13
     314       0       5       1       0                   COLOR       7D     14
     314       8       1       1       0       0       0       001000200D     15
     314       0       8       1       0                   COLOR       8D     16
     126       9       1       1       0       0       0       001010000D     17
     126       0       0      10       0                B_SPLINE       1D     18
     126      19       1       1       0       0       0       001010000D     19
     126       0       0      10       0                B_SPLINE       2D     20
     110      29       1       1       0       0       0       001010000D     21
     110       0       0       2       0                    LINE       1D     22
     110      31       1       1       0       0       0       001010000D     23
     110       0       0       2       0                    LINE       2D     24
     124      33       1       1       0       0       0       001000000D     25
     124       0       0       3       0                   XFORM       1D     26
     104      36       1       1       0       0      25       001010000D     27
     104       0       0       3       1                   CONIC       1D     28
     110      39       1       1       0       0       0       001010000D     29
     110       0       0       2       0                    LINE       3D     30
     110      41       1       1       0       0       0       001010000D     31
     110       0       0       2       0                    LINE       4D     32
     124      43       1       1       0       0       0       001000000D     33
     124       0       0       3       0                   XFORM       2D     34
     104      46       1       1       0       0      33       001010000D     35
     104       0       0       3       1                   CONIC       2D     36
     110      49       1       1       0       0       0       001010000D     37
     110       0       0       2       0                    LINE       5D     38
     126      51       1       1       0       0       0       001010000D     39
     126       0       0       9       0                B_SPLINE       3D     40
     124      60       1       1       0       0       0       001000000D     41
     124       0       0       4       0                   XFORM       3D     42
     100      64       1       1       0       0      41       001010000D     43
     100       0       0       2       0                     ARC       1D     44
     124      66       1       1       0       0       0       001000000D     45
     124       0       0       3       0                   XFORM       4D     46
     100      69       1       1       0       0      45       001010000D     47
     100       0       0       2       0                     ARC       2D     48
     126      71       1       1       0       0       0       001010000D     49
     126       0       0       9       0                B_SPLINE       4D     50
     126      80       1       1       0       0       0       001010000D     51
     126       0       0      20       0                B_SPLINE       5D     52
     110     100       1       1       0       0       0       001010000D     53
     110       0       0       2       0                    LINE       6D     54
     110     102       1       1       0       0       0       001010000D     55
     110       0       0       2       0                    LINE       7D     56
     124     104       1       1       0       0       0       001000000D     57
     124       0       0       3       0                   XFORM       5D     58
     104     107       1       1       0       0      57       001010000D     59
     104       0       0       3       1                   CONIC       3D     60
     126     110       1       1       0       0       0       001010000D     61
     126       0       0       9       0                B_SPLINE       6D     62
     124     119       1       1       0       0       0       001000000D     63
     124       0       0       3       0                   XFORM       6D     64
     104     122       1       1       0       0      63       001010000D     65
     104       0       0       3       1                   CONIC       4D     66
     110     125       1       1       0       0       0       001010000D     67
     110       0       0       2       0                    LINE       8D     68
     110     127       1       1       0       0       0       001010000D     69
     110       0       0       2       0                    LINE       9D     70
     110     129       1       1       0       0       0       001010000D     71
     110       0       0       2       0                    LINE      10D     72
     110     131       1       1       0       0       0       001010000D     73
     110       0       0       2       0                    LINE      11D     74
     126     133       1       1       0       0       0       001010000D     75
     126       0       0      10       0                B_SPLINE       7D     76
     110     143       1       1       0       0       0       001010000D     77
     110       0       0       2       0                    LINE      12D     78
     126     145       1       1       0       0       0       001010000D     79
     126       0       0      10       0                B_SPLINE       8D     80
     126     155       1       1       0       0       0       001010000D     81
     126       0       0       9       0                B_SPLINE       9D     82
     126     164       1       1       0       0       0       001010000D     83
     126       0       0      17       0                B_SPLINE      10D     84
     126     181       1       1       0       0       0       001010000D     85
     126       0       0       9       0                B_SPLINE      11D     86
     124     190       1       1       0       0       0       001000000D     87
     124       0       0       4       0                   XFORM       7D     88
     100     194       1       1       0       0      87       001010000D     89
     100       0       0       2       0                     ARC       3D     90
     124     196       1       1       0       0       0       001000000D     91
     124       0       0       3       0                   XFORM       8D     92
     100     199       1       1       0       0      91       001010000D     93
     100       0       0       2       0                     ARC       4D     94
     124     201       1       1       0       0       0       001000000D     95
     124       0       0       4       0                   XFORM       9D     96
     104     205       1       1       0       0      95       001010000D     97
     104       0       0       3       1                   CONIC       5D     98
     124     208       1       1       0       0       0       001000000D     99
     124       0       0       4       0                   XFORM      10D    100
     104     212       1       1       0       0      99       001010000D    101
     104       0       0       3       1                   CONIC       6D    102
     126     215       1       1       0       0       0       001010000D    103
     126       0       0      14       0                B_SPLINE      12D    104
     124     229       1       1       0       0       0       001000000D    105
     124       0       0       4       0                   XFORM      11D    106
     100     233       1       1       0       0     105       001010000D    107
     100       0       0       2       0                     ARC       5D    108
     124     235       1       1       0       0       0       001000000D    109
     124       0       0       3       0                   XFORM      12D    110
     100     238       1       1       0       0     109       001010000D    111
     100       0       0       2       0                     ARC       6D    112
     126     240       1       1       0       0       0       001010000D    113
     126       0       0      14       0                B_SPLINE      13D    114
     126     254       1       1       0       0       0       001010000D    115
     126       0       0       9       0                B_SPLINE      14D    116
     124     263       1       1       0       0       0       001000000D    117
     124       0       0       4       0                   XFORM      13D    118
     100     267       1       1       0       0     117       001010000D    119
     100       0       0       2       0                     ARC       7D    120
     126     269       1       1       0       0       0       001010000D    121
     126       0       0       9       0                B_SPLINE      15D    122
     126     278       1       1       0       0       0       001010000D    123
     126       0       0      23       0                B_SPLINE      16D    124
     124     301       1       1       0       0       0       001000000D    125
     124       0       0       3       0                   XFORM      14D    126
     104     304       1       1       0       0     125       001010000D    127
     104       0       0       3       1                   CONIC       7D    128
     110     307       1       1       0       0       0       001010000D    129
     110       0       0       2       0                    LINE      13D    130
     124     309       1       1       0       0       0       001000000D    131
     124       0       0       3       0                   XFORM      15D    132
     104     312       1       1       0       0     131       001010000D    133
     104       0       0       3       1                   CONIC       8D    134
     110     315       1       1       0       0       0       001010000D    135
     110       0       0       2       0                    LINE      14D    136
     110     317       1       1       0       0       0       001010000D    137
     110       0       0       2       0                    LINE      15D    138
     110     319       1       1       0       0       0       001010000D    139
     110       0       0       2       0                    LINE      16D    140
     110     321       1       1       0       0       0       001010000D    141
     110       0       0       2       0                    LINE      17D    142
     110     323       1       1       0       0       0       001010000D    143
     110       0       0       2       0                    LINE      18D    144
     124     325       1       1       0       0       0       001000000D    145
     124       0       0       3       0                   XFORM      16D    146
     100     328       1       1       0       0     145       001010000D    147
     100       0       0       1       0                     ARC       8D    148
     110     329       1       1       0       0       0       001010000D    149
     110       0       0       2       0                    LINE      19D    150
     124     331       1       1       0       0       0       001000000D    151
     124       0       0       2       0                   XFORM      17D    152
     100     333       1       1       0       0     151       001010000D    153
     100       0       0       1       0                     ARC       9D    154
     110     334       1       1       0       0       0       001010000D    155
     110       0       0       1       0                    LINE      20D    156
     110     335       1       1       0       0       0       001010000D    157
     110       0       0       1       0                    LINE      21D    158
     110     336       1       1       0       0       0       001010000D    159
     110       0       0       1       0                    LINE      22D    160
     124     337       1       1       0       0       0       001000000D    161
     124       0       0       2       0                   XFORM      18D    162
     100     339       1       1       0       0     161       001010000D    163
     100       0       0       1       0                     ARC      10D    164
     110     340       1       1       0       0       0       001010000D    165
     110       0       0       1       0                    LINE      23D    166
     124     341       1       1       0       0       0       001000000D    167
     124       0       0       2       0                   XFORM      19D    168
     100     343       1       1       0       0     167       001010000D    169
     100       0       0       1       0                     ARC      11D    170
     124     344       1       1       0       0       0       001000000D    171
     124       0       0       1       0                   XFORM      20D    172
     100     345       1       1       0       0     171       001010000D    173
     100       0       0       1       0                     ARC      12D    174
     110     346       1       1       0       0       0       001010000D    175
     110       0       0       1       0                    LINE      24D    176
     110     347       1       1       0       0       0       001010000D    177
     110       0       0       1       0                    LINE      25D    178
     110     348       1       1       0       0       0       001010000D    179
     110       0       0       1       0                    LINE      26D    180
     110     349       1       1       0       0       0       001010000D    181
     110       0       0       1       0                    LINE      27D    182
     110     350       1       1       0       0       0       001010000D    183
     110       0       0       1       0                    LINE      28D    184
     110     351       1       1       0       0       0       001010000D    185
     110       0       0       1       0                    LINE      29D    186
     110     352       1       1       0       0       0       001010000D    187
     110       0       0       1       0                    LINE      30D    188
     110     353       1       1       0       0       0       001010000D    189
     110       0       0       1       0                    LINE      31D    190
     124     354       1       1       0       0       0       001000000D    191
     124       0       0       2       0                   XFORM      21D    192
     100     356       1       1       0       0     191       001010000D    193
     100       0       0       1       0                     ARC      13D    194
     124     357       1       1       0       0       0       001000000D    195
     124       0       0       1       0                   XFORM      22D    196
     100     358       1       1       0       0     195       001010000D    197
     100       0       0       1       0                     ARC      14D    198
     110     359       1       1       0       0       0       001010000D    199
     110       0       0       1       0                    LINE      32D    200
     124     360       1       1       0       0       0       001000000D    201
     124       0       0       2       0                   XFORM      23D    202
     100     362       1       1       0       0     201       001010000D    203
     100       0       0       1       0                     ARC      15D    204
     110     363       1       1       0       0       0       001010000D    205
     110       0       0       1       0                    LINE      33D    206
     110     364       1       1       0       0       0       001010000D    207
     110       0       0       2       0                    LINE      34D    208
     124     366       1       1       0       0       0       001000000D    209
     124       0       0       2       0                   XFORM      24D    210
     100     368       1       1       0       0     209       001010000D    211
     100       0       0       1       0                     ARC      16D    212
     110     369       1       1       0       0       0       001010000D    213
     110       0       0       2       0                    LINE      35D    214
     124     371       1       1       0       0       0       001000000D    215
     124       0       0       2       0                   XFORM      25D    216
     100     373       1       1       0       0     215       001010000D    217
     100       0       0       1       0                     ARC      17D    218
     124     374       1       1       0       0       0       001000000D    219
     124       0       0       2       0                   XFORM      26D    220
     100     376       1       1       0       0     219       001010000D    221
     100       0       0       1       0                     ARC      18D    222
     110     377       1       1       0       0       0       001010000D    223
     110       0       0       2       0                    LINE      36D    224
     124     379       1       1       0       0       0       001000000D    225
     124       0       0       2       0                   XFORM      27D    226
     100     381       1       1       0       0     225       001010000D    227
     100       0       0       1       0                     ARC      19D    228
     110     382       1       1       0       0       0       001010000D    229
     110       0       0       1       0                    LINE      37D    230
     110     383       1       1       0       0       0       001010000D    231
     110       0       0       1       0                    LINE      38D    232
     110     384       1       1       0       0       0       001010000D    233
     110       0       0       1       0                    LINE      39D    234
     110     385       1       1       0       0       0       001010000D    235
     110       0       0       1       0                    LINE      40D    236
     110     386       1       1       0       0       0       001010000D    237
     110       0       0       1       0                    LINE      41D    238
     110     387       1       1       0       0       0       001010000D    239
     110       0       0       1       0                    LINE      42D    240
     110     388       1       1       0       0       0       001010000D    241
     110       0       0       1       0                    LINE      43D    242
     110     389       1       1       0       0       0       001010000D    243
     110       0       0       2       0                    LINE      44D    244
     110     391       1       1       0       0       0       001010000D    245
     110       0       0       2       0                    LINE      45D    246
     110     393       1       1       0       0       0       001010000D    247
     110       0       0       1       0                    LINE      46D    248
     110     394       1       1       0       0       0       001010000D    249
     110       0       0       1       0                    LINE      47D    250
     110     395       1       1       0       0       0       001010000D    251
     110       0       0       1       0                    LINE      48D    252
     124     396       1       1       0       0       0       001000000D    253
     124       0       0       1       0                   XFORM      28D    254
     100     397       1       1       0       0     253       001010000D    255
     100       0       0       1       0                     ARC      20D    256
     110     398       1       1       0       0       0       001010000D    257
     110       0       0       2       0                    LINE      49D    258
     124     400       1       1       0       0       0       001000000D    259
     124       0       0       2       0                   XFORM      29D    260
     100     402       1       1       0       0     259       001010000D    261
     100       0       0       1       0                     ARC      21D    262
     110     403       1       1       0       0       0       001010000D    263
     110       0       0       1       0                    LINE      50D    264
     124     404       1       1       0       0       0       001000000D    265
     124       0       0       1       0                   XFORM      30D    266
     100     405       1       1       0       0     265       001010000D    267
     100       0       0       1       0                     ARC      22D    268
     110     406       1       1       0       0       0       001010000D    269
     110       0       0       2       0                    LINE      51D    270
     124     408       1       1       0       0       0       001000000D    271
     124       0       0       2       0                   XFORM      31D    272
     100     410       1       1       0       0     271       001010000D    273
     100       0       0       1       0                     ARC      23D    274
     110     411       1       1       0       0       0       001010000D    275
     110       0       0       1       0                    LINE      52D    276
     110     412       1       1       0       0       0       001010000D    277
     110       0       0       1       0                    LINE      53D    278
     110     413       1       1       0       0       0       001010000D    279
     110       0       0       1       0                    LINE      54D    280
     110     414       1       1       0       0       0       001010000D    281
     110       0       0       1       0                    LINE      55D    282
     110     415       1       1       0       0       0       001010000D    283
     110       0       0       1       0                    LINE      56D    284
     110     416       1       1       0       0       0       001010000D    285
     110       0       0       1       0                    LINE      57D    286
     110     417       1       1       0       0       0       001010000D    287
     110       0       0       1       0                    LINE      58D    288
     110     418       1       1       0       0       0       001010000D    289
     110       0       0       2       0                    LINE      59D    290
     124     420       1       1       0       0       0       001000000D    291
     124       0       0       2       0                   XFORM      32D    292
     100     422       1       1       0       0     291       001010000D    293
     100       0       0       1       0                     ARC      24D    294
     110     423       1       1       0       0       0       001010000D    295
     110       0       0       1       0                    LINE      60D    296
     124     424       1       1       0       0       0       001000000D    297
     124       0       0       2       0                   XFORM      33D    298
     100     426       1       1       0       0     297       001010000D    299
     100       0       0       1       0                     ARC      25D    300
     110     427       1       1       0       0       0       001010000D    301
     110       0       0       2       0                    LINE      61D    302
     126     429       1       1       0       0       0       001010000D    303
     126       0       0       9       0                B_SPLINE      17D    304
     110     438       1       1       0       0       0       001010000D    305
     110       0       0       2       0                    LINE      62D    306
     110     440       1       1       0       0       0       001010000D    307
     110       0       0       2       0                    LINE      63D    308
     124     442       1       1       0       0       0       001000000D    309
     124       0       0       3       0                   XFORM      34D    310
     104     445       1       1       0       0     309       001010000D    311
     104       0       0       3       1                   CONIC       9D    312
     110     448       1       1       0       0       0       001010000D    313
     110       0       0       2       0                    LINE      64D    314
     110     450       1       1       0       0       0       001010000D    315
     110       0       0       2       0                    LINE      65D    316
     124     452       1       1       0       0       0       001000000D    317
     124       0       0       3       0                   XFORM      35D    318
     104     455       1       1       0       0     317       001010000D    319
     104       0       0       3       1                   CONIC      10D    320
     126     458       1       1       0       0       0       001010000D    321
     126       0       0       9       0                B_SPLINE      18D    322
     126     467       1       1       0       0       0       001010000D    323
     126       0       0      24       0                B_SPLINE      19D    324
     126     491       1       1       0       0       0       001010000D    325
     126       0       0       9       0                B_SPLINE      20D    326
     126     500       1       1       0       0       0       001010000D    327
     126       0       0      13       0                B_SPLINE      21D    328
     124     513       1       1       0       0       0       001000000D    329
     124       0       0       4       0                   XFORM      36D    330
     100     517       1       1       0       0     329       001010000D    331
     100       0       0       2       0                     ARC      26D    332
     126     519       1       1       0       0       0       001010000D    333
     126       0       0      13       0                B_SPLINE      22D    334
     124     532       1       1       0       0       0       001000000D    335
     124       0       0       4       0                   XFORM      37D    336
     100     536       1       1       0       0     335       001010000D    337
     100       0       0       2       0                     ARC      27D    338
     124     538       1       1       0       0       0       001000000D    339
     124       0       0       3       0                   XFORM      38D    340
     100     541       1       1       0       0     339       001010000D    341
     100       0       0       2       0                     ARC      28D    342
     124     543       1       1       0       0       0       001000000D    343
     124       0       0       4       0                   XFORM      39D    344
     104     547       1       1       0       0     343       001010000D    345
     104       0       0       3       1                   CONIC      11D    346
     124     550       1       1       0       0       0       001000000D    347
     124       0       0       4       0                   XFORM      40D    348
     104     554       1       1       0       0     347       001010000D    349
     104       0       0       2       1                   CONIC      12D    350
     110     556       1       1       0       0       0       001010000D    351
     110       0       0       2       0                    LINE      66D    352
     110     558       1       1       0       0       0       001010000D    353
     110       0       0       1       0                    LINE      67D    354
     128     559       1       1       0       0       0       001010000D    355
     128       0       0       9       0                  SPLSRF       1D    356
     110     568       1       1       0       0       0       001010000D    357
     110       0       0       2       0                    LINE      68D    358
     102     570       1       1       0       0       0       001010000D    359
     102       0       0       1       0                  CCURVE       1D    360
     110     571       1       1       0       0       0       001010500D    361
     110       0       0       2       0                    LINE      69D    362
     126     573       1       1       0       0       0       001010500D    363
     126       0       0      15       0                B_SPLINE      23D    364
     110     588       1       1       0       0       0       001010500D    365
     110       0       0       2       0                    LINE      70D    366
     126     590       1       1       0       0       0       001010500D    367
     126       0       0       9       0                B_SPLINE      24D    368
     110     599       1       1       0       0       0       001010500D    369
     110       0       0       1       0                    LINE      71D    370
     126     600       1       1       0       0       0       001010500D    371
     126       0       0       8       0                B_SPLINE      25D    372
     102     608       1       1       0       0       0       001010500D    373
     102       0       0       1       0                  CCURVE       2D    374
     142     609       1       1       0       0       0       001010500D    375
     142       0       0       1       0                  UV_BND       1D    376
     144     610       1       1       0       0       0       000000000D    377
     144       0       0       1       0                 TRM_SRF       1D    378
     128     611       1       1       0       0       0       001010000D    379
     128       0       0       9       0                  SPLSRF       2D    380
     126     620       1       1       0       0       0       001010000D    381
     126       0       0       9       0                B_SPLINE      26D    382
     126     629       1       1       0       0       0       001010000D    383
     126       0       0       9       0                B_SPLINE      27D    384
     126     638       1       1       0       0       0       001010000D    385
     126       0       0      14       0                B_SPLINE      28D    386
     124     652       1       1       0       0       0       001000000D    387
     124       0       0       4       0                   XFORM      41D    388
     104     656       1       1       0       0     387       001010000D    389
     104       0       0       3       1                   CONIC      13D    390
     126     659       1       1       0       0       0       001010000D    391
     126       0       0       9       0                B_SPLINE      29D    392
     110     668       1       1       0       0       0       001010000D    393
     110       0       0       2       0                    LINE      72D    394
     102     670       1       1       0       0       0       001010000D    395
     102       0       0       2       0                  CCURVE       3D    396
     110     672       1       1       0       0       0       001010500D    397
     110       0       0       2       0                    LINE      73D    398
     126     674       1       1       0       0       0       001010500D    399
     126       0       0       7       0                B_SPLINE      30D    400
     126     681       1       1       0       0       0       001010500D    401
     126       0       0       7       0                B_SPLINE      31D    402
     126     688       1       1       0       0       0       001010500D    403
     126       0       0      10       0                B_SPLINE      32D    404
     126     698       1       1       0       0       0       001010500D    405
     126       0       0       7       0                B_SPLINE      33D    406
     126     705       1       1       0       0       0       001010500D    407
     126       0       0       7       0                B_SPLINE      34D    408
     126     712       1       1       0       0       0       001010500D    409
     126       0       0       9       0                B_SPLINE      35D    410
     110     721       1       1       0       0       0       001010500D    411
     110       0       0       2       0                    LINE      74D    412
     126     723       1       1       0       0       0       001010500D    413
     126       0       0       7       0                B_SPLINE      36D    414
     110     730       1       1       0       0       0       001010500D    415
     110       0       0       2       0                    LINE      75D    416
     110     732       1       1       0       0       0       001010500D    417
     110       0       0       2       0                    LINE      76D    418
     126     734       1       1       0       0       0       001010500D    419
     126       0       0       9       0                B_SPLINE      37D    420
     126     743       1       1       0       0       0       001010500D    421
     126       0       0       7       0                B_SPLINE      38D    422
     126     750       1       1       0       0       0       001010500D    423
     126       0       0       7       0                B_SPLINE      39D    424
     126     757       1       1       0       0       0       001010500D    425
     126       0       0      11       0                B_SPLINE      40D    426
     126     768       1       1       0       0       0       001010500D    427
     126       0       0       7       0                B_SPLINE      41D    428
     126     775       1       1       0       0       0       001010500D    429
     126       0       0       7       0                B_SPLINE      42D    430
     110     782       1       1       0       0       0       001010500D    431
     110       0       0       2       0                    LINE      77D    432
     110     784       1       1       0       0       0       001010500D    433
     110       0       0       2       0                    LINE      78D    434
     102     786       1       1       0       0       0       001010500D    435
     102       0       0       2       0                  CCURVE       4D    436
     142     788       1       1       0       0       0       001010500D    437
     142       0       0       1       0                  UV_BND       2D    438
     144     789       1       1       0       0       0       000000000D    439
     144       0       0       1       0                 TRM_SRF       2D    440
     110     790       1       1       0       0       0       001010000D    441
     110       0       0       2       0                    LINE      79D    442
     124     792       1       1       0       0       0       001000000D    443
     124       0       0       4       0                   XFORM      42D    444
     100     796       1       1       0       0     443       001010000D    445
     100       0       0       2       0                     ARC      29D    446
     120     798       1       1       0       0       0       001010000D    447
     120       0       0       1       0                    SREV       1D    448
     126     799       1       1       0       0       0       001010000D    449
     126       0       0       9       0                B_SPLINE      43D    450
     126     808       1       1       0       0       0       001010000D    451
     126       0       0      20       0                B_SPLINE      44D    452
     124     828       1       1       0       0       0       001000000D    453
     124       0       0       4       0                   XFORM      43D    454
     100     832       1       1       0       0     453       001010000D    455
     100       0       0       2       0                     ARC      30D    456
     124     834       1       1       0       0       0       001000000D    457
     124       0       0       3       0                   XFORM      44D    458
     100     837       1       1       0       0     457       001010000D    459
     100       0       0       2       0                     ARC      31D    460
     102     839       1       1       0       0       0       001010000D    461
     102       0       0       1       0                  CCURVE       5D    462
     126     840       1       1       0       0       0       001010500D    463
     126       0       0       7       0                B_SPLINE      45D    464
     126     847       1       1       0       0       0       001010500D    465
     126       0       0      15       0                B_SPLINE      46D    466
     126     862       1       1       0       0       0       001010500D    467
     126       0       0       7       0                B_SPLINE      47D    468
     110     869       1       1       0       0       0       001010500D    469
     110       0       0       2       0                    LINE      80D    470
     110     871       1       1       0       0       0       001010500D    471
     110       0       0       2       0                    LINE      81D    472
     102     873       1       1       0       0       0       001010500D    473
     102       0       0       1       0                  CCURVE       6D    474
     142     874       1       1       0       0       0       001010500D    475
     142       0       0       1       0                  UV_BND       3D    476
     144     875       1       1       0       0       0       000000000D    477
     144       0       0       1       0                 TRM_SRF       3D    478
     128     876       1       1       0       0       0       001010000D    479
     128       0       0       9       0                  SPLSRF       3D    480
     124     885       1       1       0       0       0       001000000D    481
     124       0       0       3       0                   XFORM      45D    482
     104     888       1       1       0       0     481       001010000D    483
     104       0       0       3       1                   CONIC      14D    484
     124     891       1       1       0       0       0       001000000D    485
     124       0       0       3       0                   XFORM      46D    486
     104     894       1       1       0       0     485       001010000D    487
     104       0       0       3       1                   CONIC      15D    488
     102     897       1       1       0       0       0       001010000D    489
     102       0       0       2       0                  CCURVE       7D    490
     110     899       1       1       0       0       0       001010500D    491
     110       0       0       2       0                    LINE      82D    492
     126     901       1       1       0       0       0       001010500D    493
     126       0       0       7       0                B_SPLINE      48D    494
     126     908       1       1       0       0       0       001010500D    495
     126       0       0       7       0                B_SPLINE      49D    496
     126     915       1       1       0       0       0       001010500D    497
     126       0       0      10       0                B_SPLINE      50D    498
     126     925       1       1       0       0       0       001010500D    499
     126       0       0       7       0                B_SPLINE      51D    500
     126     932       1       1       0       0       0       001010500D    501
     126       0       0       7       0                B_SPLINE      52D    502
     126     939       1       1       0       0       0       001010500D    503
     126       0       0       9       0                B_SPLINE      53D    504
     110     948       1       1       0       0       0       001010500D    505
     110       0       0       2       0                    LINE      83D    506
     126     950       1       1       0       0       0       001010500D    507
     126       0       0       7       0                B_SPLINE      54D    508
     110     957       1       1       0       0       0       001010500D    509
     110       0       0       2       0                    LINE      84D    510
     110     959       1       1       0       0       0       001010500D    511
     110       0       0       2       0                    LINE      85D    512
     126     961       1       1       0       0       0       001010500D    513
     126       0       0       9       0                B_SPLINE      55D    514
     126     970       1       1       0       0       0       001010500D    515
     126       0       0       7       0                B_SPLINE      56D    516
     126     977       1       1       0       0       0       001010500D    517
     126       0       0       7       0                B_SPLINE      57D    518
     126     984       1       1       0       0       0       001010500D    519
     126       0       0      11       0                B_SPLINE      58D    520
     126     995       1       1       0       0       0       001010500D    521
     126       0       0       7       0                B_SPLINE      59D    522
     126    1002       1       1       0       0       0       001010500D    523
     126       0       0       7       0                B_SPLINE      60D    524
     110    1009       1       1       0       0       0       001010500D    525
     110       0       0       2       0                    LINE      86D    526
     110    1011       1       1       0       0       0       001010500D    527
     110       0       0       2       0                    LINE      87D    528
     102    1013       1       1       0       0       0       001010500D    529
     102       0       0       2       0                  CCURVE       8D    530
     142    1015       1       1       0       0       0       001010500D    531
     142       0       0       1       0                  UV_BND       4D    532
     144    1016       1       1       0       0       0       000000000D    533
     144       0       0       1       0                 TRM_SRF       4D    534
     110    1017       1       1       0       0       0       001010000D    535
     110       0       0       2       0                    LINE      88D    536
     110    1019       1       1       0       0       0       001010000D    537
     110       0       0       2       0                    LINE      89D    538
     120    1021       1       1       0       0       0       001010000D    539
     120       0       0       1       0                    SREV       2D    540
     110    1022       1       1       0       0       0       001010000D    541
     110       0       0       2       0                    LINE      90D    542
     126    1024       1       1       0       0       0       001010000D    543
     126       0       0      10       0                B_SPLINE      61D    544
     102    1034       1       1       0       0       0       001010000D    545
     102       0       0       1       0                  CCURVE       9D    546
     110    1035       1       1       0       0       0       001010500D    547
     110       0       0       2       0                    LINE      91D    548
     126    1037       1       1       0       0       0       001010500D    549
     126       0       0       9       0                B_SPLINE      62D    550
     110    1046       1       1       0       0       0       001010500D    551
     110       0       0       1       0                    LINE      92D    552
     126    1047       1       1       0       0       0       001010500D    553
     126       0       0       8       0                B_SPLINE      63D    554
     102    1055       1       1       0       0       0       001010500D    555
     102       0       0       1       0                  CCURVE      10D    556
     142    1056       1       1       0       0       0       001010500D    557
     142       0       0       1       0                  UV_BND       5D    558
     144    1057       1       1       0       0       0       000000000D    559
     144       0       0       1       0                 TRM_SRF       5D    560
     128    1058       1       1       0       0       0       001010000D    561
     128       0       0       9       0                  SPLSRF       4D    562
     110    1067       1       1       0       0       0       001010000D    563
     110       0       0       2       0                    LINE      93D    564
     102    1069       1       1       0       0       0       001010000D    565
     102       0       0       1       0                  CCURVE      11D    566
     110    1070       1       1       0       0       0       001010500D    567
     110       0       0       2       0                    LINE      94D    568
     110    1072       1       1       0       0       0       001010500D    569
     110       0       0       2       0                    LINE      95D    570
     110    1074       1       1       0       0       0       001010500D    571
     110       0       0       2       0                    LINE      96D    572
     110    1076       1       1       0       0       0       001010500D    573
     110       0       0       2       0                    LINE      97D    574
     102    1078       1       1       0       0       0       001010500D    575
     102       0       0       1       0                  CCURVE      12D    576
     142    1079       1       1       0       0       0       001010500D    577
     142       0       0       1       0                  UV_BND       6D    578
     144    1080       1       1       0       0       0       000000000D    579
     144       0       0       1       0                 TRM_SRF       6D    580
     110    1081       1       1       0       0       0       001010000D    581
     110       0       0       2       0                    LINE      98D    582
     110    1083       1       1       0       0       0       001010000D    583
     110       0       0       2       0                    LINE      99D    584
     120    1085       1       1       0       0       0       001010000D    585
     120       0       0       1       0                    SREV       3D    586
     110    1086       1       1       0       0       0       001010000D    587
     110       0       0       2       0                    LINE     100D    588
     126    1088       1       1       0       0       0       001010000D    589
     126       0       0      10       0                B_SPLINE      64D    590
     110    1098       1       1       0       0       0       001010000D    591
     110       0       0       2       0                    LINE     101D    592
     102    1100       1       1       0       0       0       001010000D    593
     102       0       0       1       0                  CCURVE      13D    594
     110    1101       1       1       0       0       0       001010500D    595
     110       0       0       2       0                    LINE     102D    596
     126    1103       1       1       0       0       0       001010500D    597
     126       0       0       9       0                B_SPLINE      65D    598
     110    1112       1       1       0       0       0       001010500D    599
     110       0       0       1       0                    LINE     103D    600
     126    1113       1       1       0       0       0       001010500D    601
     126       0       0       8       0                B_SPLINE      66D    602
     102    1121       1       1       0       0       0       001010500D    603
     102       0       0       1       0                  CCURVE      14D    604
     142    1122       1       1       0       0       0       001010500D    605
     142       0       0       1       0                  UV_BND       7D    606
     144    1123       1       1       0       0       0       000000000D    607
     144       0       0       1       0                 TRM_SRF       7D    608
     128    1124       1       1       0       0       0       001010000D    609
     128       0       0       9       0                  SPLSRF       5D    610
     126    1133       1       1       0       0       0       001010000D    611
     126       0       0      17       0                B_SPLINE      67D    612
     102    1150       1       1       0       0       0       001010000D    613
     102       0       0       1       0                  CCURVE      15D    614
     110    1151       1       1       0       0       0       001010500D    615
     110       0       0       2       0                    LINE     104D    616
     126    1153       1       1       0       0       0       001010500D    617
     126       0       0      13       0                B_SPLINE      68D    618
     110    1166       1       1       0       0       0       001010500D    619
     110       0       0       2       0                    LINE     105D    620
     126    1168       1       1       0       0       0       001010500D    621
     126       0       0       9       0                B_SPLINE      69D    622
     110    1177       1       1       0       0       0       001010500D    623
     110       0       0       2       0                    LINE     106D    624
     126    1179       1       1       0       0       0       001010500D    625
     126       0       0       9       0                B_SPLINE      70D    626
     102    1188       1       1       0       0       0       001010500D    627
     102       0       0       1       0                  CCURVE      16D    628
     142    1189       1       1       0       0       0       001010500D    629
     142       0       0       1       0                  UV_BND       8D    630
     144    1190       1       1       0       0       0       000000000D    631
     144       0       0       1       0                 TRM_SRF       8D    632
     110    1191       1       1       0       0       0       001010000D    633
     110       0       0       2       0                    LINE     107D    634
     124    1193       1       1       0       0       0       001000000D    635
     124       0       0       4       0                   XFORM      47D    636
     100    1197       1       1       0       0     635       001010000D    637
     100       0       0       2       0                     ARC      32D    638
     120    1199       1       1       0       0       0       001010000D    639
     120       0       0       1       0                    SREV       4D    640
     102    1200       1       1       0       0       0       001010000D    641
     102       0       0       1       0                  CCURVE      17D    642
     126    1201       1       1       0       0       0       001010500D    643
     126       0       0       7       0                B_SPLINE      71D    644
     126    1208       1       1       0       0       0       001010500D    645
     126       0       0      13       0                B_SPLINE      72D    646
     126    1221       1       1       0       0       0       001010500D    647
     126       0       0       7       0                B_SPLINE      73D    648
     110    1228       1       1       0       0       0       001010500D    649
     110       0       0       2       0                    LINE     108D    650
     110    1230       1       1       0       0       0       001010500D    651
     110       0       0       2       0                    LINE     109D    652
     102    1232       1       1       0       0       0       001010500D    653
     102       0       0       1       0                  CCURVE      18D    654
     142    1233       1       1       0       0       0       001010500D    655
     142       0       0       1       0                  UV_BND       9D    656
     144    1234       1       1       0       0       0       000000000D    657
     144       0       0       1       0                 TRM_SRF       9D    658
     110    1235       1       1       0       0       0       001010000D    659
     110       0       0       2       0                    LINE     110D    660
     110    1237       1       1       0       0       0       001010000D    661
     110       0       0       2       0                    LINE     111D    662
     120    1239       1       1       0       0       0       001010000D    663
     120       0       0       1       0                    SREV       5D    664
     124    1240       1       1       0       0       0       001000000D    665
     124       0       0       4       0                   XFORM      48D    666
     100    1244       1       1       0       0     665       001010000D    667
     100       0       0       2       0                     ARC      33D    668
     124    1246       1       1       0       0       0       001000000D    669
     124       0       0       3       0                   XFORM      49D    670
     100    1249       1       1       0       0     669       001010000D    671
     100       0       0       2       0                     ARC      34D    672
     124    1251       1       1       0       0       0       001000000D    673
     124       0       0       4       0                   XFORM      50D    674
     100    1255       1       1       0       0     673       001010000D    675
     100       0       0       2       0                     ARC      35D    676
     124    1257       1       1       0       0       0       001000000D    677
     124       0       0       3       0                   XFORM      51D    678
     100    1260       1       1       0       0     677       001010000D    679
     100       0       0       2       0                     ARC      36D    680
     102    1262       1       1       0       0       0       001010000D    681
     102       0       0       1       0                  CCURVE      19D    682
     126    1263       1       1       0       0       0       001010500D    683
     126       0       0       7       0                B_SPLINE      74D    684
     110    1270       1       1       0       0       0       001010500D    685
     110       0       0       2       0                    LINE     112D    686
     110    1272       1       1       0       0       0       001010500D    687
     110       0       0       2       0                    LINE     113D    688
     126    1274       1       1       0       0       0       001010500D    689
     126       0       0       7       0                B_SPLINE      75D    690
     110    1281       1       1       0       0       0       001010500D    691
     110       0       0       2       0                    LINE     114D    692
     110    1283       1       1       0       0       0       001010500D    693
     110       0       0       2       0                    LINE     115D    694
     102    1285       1       1       0       0       0       001010500D    695
     102       0       0       1       0                  CCURVE      20D    696
     142    1286       1       1       0       0       0       001010500D    697
     142       0       0       1       0                  UV_BND      10D    698
     144    1287       1       1       0       0       0       000000000D    699
     144       0       0       1       0                 TRM_SRF      10D    700
     110    1288       1       1       0       0       0       001010000D    701
     110       0       0       2       0                    LINE     116D    702
     124    1290       1       1       0       0       0       001000000D    703
     124       0       0       4       0                   XFORM      52D    704
     100    1294       1       1       0       0     703       001010000D    705
     100       0       0       2       0                     ARC      37D    706
     120    1296       1       1       0       0       0       001010000D    707
     120       0       0       1       0                    SREV       6D    708
     102    1297       1       1       0       0       0       001010000D    709
     102       0       0       1       0                  CCURVE      21D    710
     126    1298       1       1       0       0       0       001010500D    711
     126       0       0      11       0                B_SPLINE      76D    712
     110    1309       1       1       0       0       0       001010500D    713
     110       0       0       2       0                    LINE     117D    714
     110    1311       1       1       0       0       0       001010500D    715
     110       0       0       2       0                    LINE     118D    716
     126    1313       1       1       0       0       0       001010500D    717
     126       0       0      11       0                B_SPLINE      77D    718
     126    1324       1       1       0       0       0       001010500D    719
     126       0       0       7       0                B_SPLINE      78D    720
     102    1331       1       1       0       0       0       001010500D    721
     102       0       0       1       0                  CCURVE      22D    722
     142    1332       1       1       0       0       0       001010500D    723
     142       0       0       1       0                  UV_BND      11D    724
     144    1333       1       1       0       0       0       000000000D    725
     144       0       0       1       0                 TRM_SRF      11D    726
     128    1334       1       1       0       0       0       001010000D    727
     128       0       0      24       0                  SPLSRF       6D    728
     126    1358       1       1       0       0       0       001010000D    729
     126       0       0       9       0                B_SPLINE      79D    730
     102    1367       1       1       0       0       0       001010000D    731
     102       0       0       1       0                  CCURVE      23D    732
     126    1368       1       1       0       0       0       001010500D    733
     126       0       0       7       0                B_SPLINE      80D    734
     126    1375       1       1       0       0       0       001010500D    735
     126       0       0      17       0                B_SPLINE      81D    736
     126    1392       1       1       0       0       0       001010500D    737
     126       0       0       7       0                B_SPLINE      82D    738
     126    1399       1       1       0       0       0       001010500D    739
     126       0       0       7       0                B_SPLINE      83D    740
     102    1406       1       1       0       0       0       001010500D    741
     102       0       0       1       0                  CCURVE      24D    742
     142    1407       1       1       0       0       0       001010500D    743
     142       0       0       1       0                  UV_BND      12D    744
     144    1408       1       1       0       0       0       000000000D    745
     144       0       0       1       0                 TRM_SRF      12D    746
     110    1409       1       1       0       0       0       001010000D    747
     110       0       0       2       0                    LINE     119D    748
     110    1411       1       1       0       0       0       001010000D    749
     110       0       0       2       0                    LINE     120D    750
     120    1413       1       1       0       0       0       001010000D    751
     120       0       0       1       0                    SREV       7D    752
     124    1414       1       1       0       0       0       001000000D    753
     124       0       0       3       0                   XFORM      53D    754
     104    1417       1       1       0       0     753       001010000D    755
     104       0       0       3       1                   CONIC      16D    756
     102    1420       1       1       0       0       0       001010000D    757
     102       0       0       1       0                  CCURVE      25D    758
     126    1421       1       1       0       0       0       001010500D    759
     126       0       0       7       0                B_SPLINE      84D    760
     126    1428       1       1       0       0       0       001010500D    761
     126       0       0      17       0                B_SPLINE      85D    762
     126    1445       1       1       0       0       0       001010500D    763
     126       0       0       7       0                B_SPLINE      86D    764
     110    1452       1       1       0       0       0       001010500D    765
     110       0       0       2       0                    LINE     121D    766
     102    1454       1       1       0       0       0       001010500D    767
     102       0       0       1       0                  CCURVE      26D    768
     142    1455       1       1       0       0       0       001010500D    769
     142       0       0       1       0                  UV_BND      13D    770
     144    1456       1       1       0       0       0       000000000D    771
     144       0       0       1       0                 TRM_SRF      13D    772
     110    1457       1       1       0       0       0       001010000D    773
     110       0       0       2       0                    LINE     122D    774
     110    1459       1       1       0       0       0       001010000D    775
     110       0       0       2       0                    LINE     123D    776
     120    1461       1       1       0       0       0       001010000D    777
     120       0       0       1       0                    SREV       8D    778
     102    1462       1       1       0       0       0       001010000D    779
     102       0       0       1       0                  CCURVE      27D    780
     126    1463       1       1       0       0       0       001010500D    781
     126       0       0       9       0                B_SPLINE      87D    782
     110    1472       1       1       0       0       0       001010500D    783
     110       0       0       2       0                    LINE     124D    784
     126    1474       1       1       0       0       0       001010500D    785
     126       0       0       9       0                B_SPLINE      88D    786
     110    1483       1       1       0       0       0       001010500D    787
     110       0       0       2       0                    LINE     125D    788
     102    1485       1       1       0       0       0       001010500D    789
     102       0       0       1       0                  CCURVE      28D    790
     142    1486       1       1       0       0       0       001010500D    791
     142       0       0       1       0                  UV_BND      14D    792
     144    1487       1       1       0       0       0       000000000D    793
     144       0       0       1       0                 TRM_SRF      14D    794
     128    1488       1       1       0       0       0       001010000D    795
     128       0       0       9       0                  SPLSRF       7D    796
     110    1497       1       1       0       0       0       001010000D    797
     110       0       0       2       0                    LINE     126D    798
     102    1499       1       1       0       0       0       001010000D    799
     102       0       0       1       0                  CCURVE      29D    800
     110    1500       1       1       0       0       0       001010500D    801
     110       0       0       2       0                    LINE     127D    802
     110    1502       1       1       0       0       0       001010500D    803
     110       0       0       2       0                    LINE     128D    804
     110    1504       1       1       0       0       0       001010500D    805
     110       0       0       2       0                    LINE     129D    806
     110    1506       1       1       0       0       0       001010500D    807
     110       0       0       2       0                    LINE     130D    808
     102    1508       1       1       0       0       0       001010500D    809
     102       0       0       1       0                  CCURVE      30D    810
     142    1509       1       1       0       0       0       001010500D    811
     142       0       0       1       0                  UV_BND      15D    812
     144    1510       1       1       0       0       0       000000000D    813
     144       0       0       1       0                 TRM_SRF      15D    814
     110    1511       1       1       0       0       0       001010000D    815
     110       0       0       2       0                    LINE     131D    816
     110    1513       1       1       0       0       0       001010000D    817
     110       0       0       2       0                    LINE     132D    818
     120    1515       1       1       0       0       0       001010000D    819
     120       0       0       1       0                    SREV       9D    820
     102    1516       1       1       0       0       0       001010000D    821
     102       0       0       1       0                  CCURVE      31D    822
     110    1517       1       1       0       0       0       001010500D    823
     110       0       0       2       0                    LINE     133D    824
     110    1519       1       1       0       0       0       001010500D    825
     110       0       0       2       0                    LINE     134D    826
     110    1521       1       1       0       0       0       001010500D    827
     110       0       0       2       0                    LINE     135D    828
     110    1523       1       1       0       0       0       001010500D    829
     110       0       0       2       0                    LINE     136D    830
     102    1525       1       1       0       0       0       001010500D    831
     102       0       0       1       0                  CCURVE      32D    832
     142    1526       1       1       0       0       0       001010500D    833
     142       0       0       1       0                  UV_BND      16D    834
     144    1527       1       1       0       0       0       000000000D    835
     144       0       0       1       0                 TRM_SRF      16D    836
     128    1528       1       1       0       0       0       001010000D    837
     128       0       0       8       0                  SPLSRF       8D    838
     102    1536       1       1       0       0       0       001010000D    839
     102       0       0       1       0                  CCURVE      33D    840
     110    1537       1       1       0       0       0       001010500D    841
     110       0       0       2       0                    LINE     137D    842
     126    1539       1       1       0       0       0       001010500D    843
     126       0       0       7       0                B_SPLINE      89D    844
     110    1546       1       1       0       0       0       001010500D    845
     110       0       0       2       0                    LINE     138D    846
     126    1548       1       1       0       0       0       001010500D    847
     126       0       0       7       0                B_SPLINE      90D    848
     102    1555       1       1       0       0       0       001010500D    849
     102       0       0       1       0                  CCURVE      34D    850
     142    1556       1       1       0       0       0       001010500D    851
     142       0       0       1       0                  UV_BND      17D    852
     144    1557       1       1       0       0       0       000000000D    853
     144       0       0       1       0                 TRM_SRF      17D    854
     128    1558       1       1       0       0       0       001010000D    855
     128       0       0       8       0                  SPLSRF       9D    856
     102    1566       1       1       0       0       0       001010000D    857
     102       0       0       1       0                  CCURVE      35D    858
     110    1567       1       1       0       0       0       001010500D    859
     110       0       0       1       0                    LINE     139D    860
     110    1568       1       1       0       0       0       001010500D    861
     110       0       0       1       0                    LINE     140D    862
     110    1569       1       1       0       0       0       001010500D    863
     110       0       0       1       0                    LINE     141D    864
     110    1570       1       1       0       0       0       001010500D    865
     110       0       0       1       0                    LINE     142D    866
     102    1571       1       1       0       0       0       001010500D    867
     102       0       0       1       0                  CCURVE      36D    868
     142    1572       1       1       0       0       0       001010500D    869
     142       0       0       1       0                  UV_BND      18D    870
     144    1573       1       1       0       0       0       000000000D    871
     144       0       0       1       0                 TRM_SRF      18D    872
     110    1574       1       1       0       0       0       001010000D    873
     110       0       0       1       0                    LINE     143D    874
     110    1575       1       1       0       0       0       001010000D    875
     110       0       0       2       0                    LINE     144D    876
     120    1577       1       1       0       0       0       001010000D    877
     120       0       0       1       0                    SREV      10D    878
     110    1578       1       1       0       0       0       001010000D    879
     110       0       0       1       0                    LINE     145D    880
     110    1579       1       1       0       0       0       001010000D    881
     110       0       0       1       0                    LINE     146D    882
     102    1580       1       1       0       0       0       001010000D    883
     102       0       0       1       0                  CCURVE      37D    884
     110    1581       1       1       0       0       0       001010500D    885
     110       0       0       2       0                    LINE     147D    886
     110    1583       1       1       0       0       0       001010500D    887
     110       0       0       1       0                    LINE     148D    888
     110    1584       1       1       0       0       0       001010500D    889
     110       0       0       2       0                    LINE     149D    890
     110    1586       1       1       0       0       0       001010500D    891
     110       0       0       2       0                    LINE     150D    892
     102    1588       1       1       0       0       0       001010500D    893
     102       0       0       1       0                  CCURVE      38D    894
     142    1589       1       1       0       0       0       001010500D    895
     142       0       0       1       0                  UV_BND      19D    896
     144    1590       1       1       0       0       0       000000000D    897
     144       0       0       1       0                 TRM_SRF      19D    898
     128    1591       1       1       0       0       0       001010000D    899
     128       0       0       8       0                  SPLSRF      10D    900
     110    1599       1       1       0       0       0       001010000D    901
     110       0       0       1       0                    LINE     151D    902
     110    1600       1       1       0       0       0       001010000D    903
     110       0       0       1       0                    LINE     152D    904
     102    1601       1       1       0       0       0       001010000D    905
     102       0       0       1       0                  CCURVE      39D    906
     110    1602       1       1       0       0       0       001010500D    907
     110       0       0       1       0                    LINE     153D    908
     126    1603       1       1       0       0       0       001010500D    909
     126       0       0      10       0                B_SPLINE      91D    910
     110    1613       1       1       0       0       0       001010500D    911
     110       0       0       1       0                    LINE     154D    912
     110    1614       1       1       0       0       0       001010500D    913
     110       0       0       1       0                    LINE     155D    914
     110    1615       1       1       0       0       0       001010500D    915
     110       0       0       1       0                    LINE     156D    916
     126    1616       1       1       0       0       0       001010500D    917
     126       0       0       7       0                B_SPLINE      92D    918
     126    1623       1       1       0       0       0       001010500D    919
     126       0       0       7       0                B_SPLINE      93D    920
     110    1630       1       1       0       0       0       001010500D    921
     110       0       0       1       0                    LINE     157D    922
     110    1631       1       1       0       0       0       001010500D    923
     110       0       0       1       0                    LINE     158D    924
     110    1632       1       1       0       0       0       001010500D    925
     110       0       0       1       0                    LINE     159D    926
     110    1633       1       1       0       0       0       001010500D    927
     110       0       0       1       0                    LINE     160D    928
     102    1634       1       1       0       0       0       001010500D    929
     102       0       0       1       0                  CCURVE      40D    930
     142    1635       1       1       0       0       0       001010500D    931
     142       0       0       1       0                  UV_BND      20D    932
     144    1636       1       1       0       0       0       000000000D    933
     144       0       0       1       0                 TRM_SRF      20D    934
     128    1637       1       1       0       0       0       001010000D    935
     128       0       0       7       0                  SPLSRF      11D    936
     102    1644       1       1       0       0       0       001010000D    937
     102       0       0       1       0                  CCURVE      41D    938
     110    1645       1       1       0       0       0       001010500D    939
     110       0       0       1       0                    LINE     161D    940
     110    1646       1       1       0       0       0       001010500D    941
     110       0       0       1       0                    LINE     162D    942
     110    1647       1       1       0       0       0       001010500D    943
     110       0       0       1       0                    LINE     163D    944
     110    1648       1       1       0       0       0       001010500D    945
     110       0       0       1       0                    LINE     164D    946
     102    1649       1       1       0       0       0       001010500D    947
     102       0       0       1       0                  CCURVE      42D    948
     142    1650       1       1       0       0       0       001010500D    949
     142       0       0       1       0                  UV_BND      21D    950
     144    1651       1       1       0       0       0       000000000D    951
     144       0       0       1       0                 TRM_SRF      21D    952
     128    1652       1       1       0       0       0       001010000D    953
     128       0       0       8       0                  SPLSRF      12D    954
     110    1660       1       1       0       0       0       001010000D    955
     110       0       0       1       0                    LINE     165D    956
     110    1661       1       1       0       0       0       001010000D    957
     110       0       0       1       0                    LINE     166D    958
     110    1662       1       1       0       0       0       001010000D    959
     110       0       0       1       0                    LINE     167D    960
     102    1663       1       1       0       0       0       001010000D    961
     102       0       0       1       0                  CCURVE      43D    962
     110    1664       1       1       0       0       0       001010500D    963
     110       0       0       1       0                    LINE     168D    964
     110    1665       1       1       0       0       0       001010500D    965
     110       0       0       1       0                    LINE     169D    966
     110    1666       1       1       0       0       0       001010500D    967
     110       0       0       1       0                    LINE     170D    968
     110    1667       1       1       0       0       0       001010500D    969
     110       0       0       1       0                    LINE     171D    970
     102    1668       1       1       0       0       0       001010500D    971
     102       0       0       1       0                  CCURVE      44D    972
     142    1669       1       1       0       0       0       001010500D    973
     142       0       0       1       0                  UV_BND      22D    974
     144    1670       1       1       0       0       0       000000000D    975
     144       0       0       1       0                 TRM_SRF      22D    976
     128    1671       1       1       0       0       0       001010000D    977
     128       0       0       8       0                  SPLSRF      13D    978
     110    1679       1       1       0       0       0       001010000D    979
     110       0       0       1       0                    LINE     172D    980
     124    1680       1       1       0       0       0       001000000D    981
     124       0       0       2       0                   XFORM      54D    982
     100    1682       1       1       0       0     981       001010000D    983
     100       0       0       1       0                     ARC      38D    984
     110    1683       1       1       0       0       0       001010000D    985
     110       0       0       1       0                    LINE     173D    986
     124    1684       1       1       0       0       0       001000000D    987
     124       0       0       2       0                   XFORM      55D    988
     100    1686       1       1       0       0     987       001010000D    989
     100       0       0       1       0                     ARC      39D    990
     124    1687       1       1       0       0       0       001000000D    991
     124       0       0       1       0                   XFORM      56D    992
     100    1688       1       1       0       0     991       001010000D    993
     100       0       0       1       0                     ARC      40D    994
     102    1689       1       1       0       0       0       001010000D    995
     102       0       0       1       0                  CCURVE      45D    996
     110    1690       1       1       0       0       0       001010500D    997
     110       0       0       1       0                    LINE     174D    998
     126    1691       1       1       0       0       0       001010500D    999
     126       0       0      10       0                B_SPLINE      94D   1000
     110    1701       1       1       0       0       0       001010500D   1001
     110       0       0       1       0                    LINE     175D   1002
     110    1702       1       1       0       0       0       001010500D   1003
     110       0       0       1       0                    LINE     176D   1004
     110    1703       1       1       0       0       0       001010500D   1005
     110       0       0       1       0                    LINE     177D   1006
     126    1704       1       1       0       0       0       001010500D   1007
     126       0       0       7       0                B_SPLINE      95D   1008
     126    1711       1       1       0       0       0       001010500D   1009
     126       0       0       7       0                B_SPLINE      96D   1010
     110    1718       1       1       0       0       0       001010500D   1011
     110       0       0       1       0                    LINE     178D   1012
     110    1719       1       1       0       0       0       001010500D   1013
     110       0       0       1       0                    LINE     179D   1014
     110    1720       1       1       0       0       0       001010500D   1015
     110       0       0       1       0                    LINE     180D   1016
     110    1721       1       1       0       0       0       001010500D   1017
     110       0       0       1       0                    LINE     181D   1018
     102    1722       1       1       0       0       0       001010500D   1019
     102       0       0       1       0                  CCURVE      46D   1020
     142    1723       1       1       0       0       0       001010500D   1021
     142       0       0       1       0                  UV_BND      23D   1022
     144    1724       1       1       0       0       0       000000000D   1023
     144       0       0       1       0                 TRM_SRF      23D   1024
     110    1725       1       1       0       0       0       001010000D   1025
     110       0       0       1       0                    LINE     182D   1026
     110    1726       1       1       0       0       0       001010000D   1027
     110       0       0       2       0                    LINE     183D   1028
     120    1728       1       1       0       0       0       001010000D   1029
     120       0       0       1       0                    SREV      11D   1030
     110    1729       1       1       0       0       0       001010000D   1031
     110       0       0       1       0                    LINE     184D   1032
     110    1730       1       1       0       0       0       001010000D   1033
     110       0       0       2       0                    LINE     185D   1034
     102    1732       1       1       0       0       0       001010000D   1035
     102       0       0       1       0                  CCURVE      47D   1036
     110    1733       1       1       0       0       0       001010500D   1037
     110       0       0       2       0                    LINE     186D   1038
     110    1735       1       1       0       0       0       001010500D   1039
     110       0       0       2       0                    LINE     187D   1040
     110    1737       1       1       0       0       0       001010500D   1041
     110       0       0       2       0                    LINE     188D   1042
     110    1739       1       1       0       0       0       001010500D   1043
     110       0       0       2       0                    LINE     189D   1044
     102    1741       1       1       0       0       0       001010500D   1045
     102       0       0       1       0                  CCURVE      48D   1046
     142    1742       1       1       0       0       0       001010500D   1047
     142       0       0       1       0                  UV_BND      24D   1048
     144    1743       1       1       0       0       0       000000000D   1049
     144       0       0       1       0                 TRM_SRF      24D   1050
     128    1744       1       1       0       0       0       001010000D   1051
     128       0       0       6       0                  SPLSRF      14D   1052
     124    1750       1       1       0       0       0       001000000D   1053
     124       0       0       1       0                   XFORM      57D   1054
     100    1751       1       1       0       0    1053       001010000D   1055
     100       0       0       1       0                     ARC      41D   1056
     124    1752       1       1       0       0       0       001000000D   1057
     124       0       0       1       0                   XFORM      58D   1058
     100    1753       1       1       0       0    1057       001010000D   1059
     100       0       0       1       0                     ARC      42D   1060
     110    1754       1       1       0       0       0       001010000D   1061
     110       0       0       2       0                    LINE     190D   1062
     102    1756       1       1       0       0       0       001010000D   1063
     102       0       0       1       0                  CCURVE      49D   1064
     110    1757       1       1       0       0       0       001010500D   1065
     110       0       0       1       0                    LINE     191D   1066
     110    1758       1       1       0       0       0       001010500D   1067
     110       0       0       1       0                    LINE     192D   1068
     110    1759       1       1       0       0       0       001010500D   1069
     110       0       0       1       0                    LINE     193D   1070
     126    1760       1       1       0       0       0       001010500D   1071
     126       0       0       6       0                B_SPLINE      97D   1072
     110    1766       1       1       0       0       0       001010500D   1073
     110       0       0       2       0                    LINE     194D   1074
     126    1768       1       1       0       0       0       001010500D   1075
     126       0       0       6       0                B_SPLINE      98D   1076
     110    1774       1       1       0       0       0       001010500D   1077
     110       0       0       1       0                    LINE     195D   1078
     126    1775       1       1       0       0       0       001010500D   1079
     126       0       0       6       0                B_SPLINE      99D   1080
     110    1781       1       1       0       0       0       001010500D   1081
     110       0       0       2       0                    LINE     196D   1082
     126    1783       1       1       0       0       0       001010500D   1083
     126       0       0       6       0                B_SPLINE     100D   1084
     102    1789       1       1       0       0       0       001010500D   1085
     102       0       0       1       0                  CCURVE      50D   1086
     142    1790       1       1       0       0       0       001010500D   1087
     142       0       0       1       0                  UV_BND      25D   1088
     144    1791       1       1       0       0       0       000000000D   1089
     144       0       0       1       0                 TRM_SRF      25D   1090
     128    1792       1       1       0       0       0       001010000D   1091
     128       0       0       6       0                  SPLSRF      15D   1092
     110    1798       1       1       0       0       0       001010000D   1093
     110       0       0       1       0                    LINE     197D   1094
     110    1799       1       1       0       0       0       001010000D   1095
     110       0       0       1       0                    LINE     198D   1096
     102    1800       1       1       0       0       0       001010000D   1097
     102       0       0       1       0                  CCURVE      51D   1098
     110    1801       1       1       0       0       0       001010500D   1099
     110       0       0       1       0                    LINE     199D   1100
     110    1802       1       1       0       0       0       001010500D   1101
     110       0       0       1       0                    LINE     200D   1102
     110    1803       1       1       0       0       0       001010500D   1103
     110       0       0       1       0                    LINE     201D   1104
     110    1804       1       1       0       0       0       001010500D   1105
     110       0       0       1       0                    LINE     202D   1106
     102    1805       1       1       0       0       0       001010500D   1107
     102       0       0       1       0                  CCURVE      52D   1108
     142    1806       1       1       0       0       0       001010500D   1109
     142       0       0       1       0                  UV_BND      26D   1110
     144    1807       1       1       0       0       0       000000000D   1111
     144       0       0       1       0                 TRM_SRF      26D   1112
     128    1808       1       1       0       0       0       001010000D   1113
     128       0       0       8       0                  SPLSRF      16D   1114
     110    1816       1       1       0       0       0       001010000D   1115
     110       0       0       1       0                    LINE     203D   1116
     102    1817       1       1       0       0       0       001010000D   1117
     102       0       0       1       0                  CCURVE      53D   1118
     110    1818       1       1       0       0       0       001010500D   1119
     110       0       0       1       0                    LINE     204D   1120
     110    1819       1       1       0       0       0       001010500D   1121
     110       0       0       1       0                    LINE     205D   1122
     110    1820       1       1       0       0       0       001010500D   1123
     110       0       0       1       0                    LINE     206D   1124
     110    1821       1       1       0       0       0       001010500D   1125
     110       0       0       1       0                    LINE     207D   1126
     102    1822       1       1       0       0       0       001010500D   1127
     102       0       0       1       0                  CCURVE      54D   1128
     142    1823       1       1       0       0       0       001010500D   1129
     142       0       0       1       0                  UV_BND      27D   1130
     144    1824       1       1       0       0       0       000000000D   1131
     144       0       0       1       0                 TRM_SRF      27D   1132
     128    1825       1       1       0       0       0       001010000D   1133
     128       0       0       6       0                  SPLSRF      17D   1134
     102    1831       1       1       0       0       0       001010000D   1135
     102       0       0       1       0                  CCURVE      55D   1136
     110    1832       1       1       0       0       0       001010500D   1137
     110       0       0       1       0                    LINE     208D   1138
     110    1833       1       1       0       0       0       001010500D   1139
     110       0       0       1       0                    LINE     209D   1140
     110    1834       1       1       0       0       0       001010500D   1141
     110       0       0       1       0                    LINE     210D   1142
     110    1835       1       1       0       0       0       001010500D   1143
     110       0       0       1       0                    LINE     211D   1144
     102    1836       1       1       0       0       0       001010500D   1145
     102       0       0       1       0                  CCURVE      56D   1146
     142    1837       1       1       0       0       0       001010500D   1147
     142       0       0       1       0                  UV_BND      28D   1148
     144    1838       1       1       0       0       0       000000000D   1149
     144       0       0       1       0                 TRM_SRF      28D   1150
     110    1839       1       1       0       0       0       001010000D   1151
     110       0       0       1       0                    LINE     212D   1152
     110    1840       1       1       0       0       0       001010000D   1153
     110       0       0       2       0                    LINE     213D   1154
     120    1842       1       1       0       0       0       001010000D   1155
     120       0       0       1       0                    SREV      12D   1156
     102    1843       1       1       0       0       0       001010000D   1157
     102       0       0       1       0                  CCURVE      57D   1158
     110    1844       1       1       0       0       0       001010500D   1159
     110       0       0       1       0                    LINE     214D   1160
     110    1845       1       1       0       0       0       001010500D   1161
     110       0       0       2       0                    LINE     215D   1162
     110    1847       1       1       0       0       0       001010500D   1163
     110       0       0       2       0                    LINE     216D   1164
     110    1849       1       1       0       0       0       001010500D   1165
     110       0       0       2       0                    LINE     217D   1166
     102    1851       1       1       0       0       0       001010500D   1167
     102       0       0       1       0                  CCURVE      58D   1168
     142    1852       1       1       0       0       0       001010500D   1169
     142       0       0       1       0                  UV_BND      29D   1170
     144    1853       1       1       0       0       0       000000000D   1171
     144       0       0       1       0                 TRM_SRF      29D   1172
     128    1854       1       1       0       0       0       001010000D   1173
     128       0       0       9       0                  SPLSRF      18D   1174
     110    1863       1       1       0       0       0       001010000D   1175
     110       0       0       2       0                    LINE     218D   1176
     110    1865       1       1       0       0       0       001010000D   1177
     110       0       0       2       0                    LINE     219D   1178
     102    1867       1       1       0       0       0       001010000D   1179
     102       0       0       1       0                  CCURVE      59D   1180
     110    1868       1       1       0       0       0       001010500D   1181
     110       0       0       1       0                    LINE     220D   1182
     110    1869       1       1       0       0       0       001010500D   1183
     110       0       0       1       0                    LINE     221D   1184
     110    1870       1       1       0       0       0       001010500D   1185
     110       0       0       1       0                    LINE     222D   1186
     110    1871       1       1       0       0       0       001010500D   1187
     110       0       0       1       0                    LINE     223D   1188
     102    1872       1       1       0       0       0       001010500D   1189
     102       0       0       1       0                  CCURVE      60D   1190
     142    1873       1       1       0       0       0       001010500D   1191
     142       0       0       1       0                  UV_BND      30D   1192
     144    1874       1       1       0       0       0       000000000D   1193
     144       0       0       1       0                 TRM_SRF      30D   1194
     110    1875       1       1       0       0       0       001010000D   1195
     110       0       0       1       0                    LINE     224D   1196
     110    1876       1       1       0       0       0       001010000D   1197
     110       0       0       2       0                    LINE     225D   1198
     120    1878       1       1       0       0       0       001010000D   1199
     120       0       0       1       0                    SREV      13D   1200
     124    1879       1       1       0       0       0       001000000D   1201
     124       0       0       1       0                   XFORM      59D   1202
     100    1880       1       1       0       0    1201       001010000D   1203
     100       0       0       1       0                     ARC      43D   1204
     102    1881       1       1       0       0       0       001010000D   1205
     102       0       0       1       0                  CCURVE      61D   1206
     110    1882       1       1       0       0       0       001010500D   1207
     110       0       0       2       0                    LINE     226D   1208
     110    1884       1       1       0       0       0       001010500D   1209
     110       0       0       2       0                    LINE     227D   1210
     110    1886       1       1       0       0       0       001010500D   1211
     110       0       0       2       0                    LINE     228D   1212
     110    1888       1       1       0       0       0       001010500D   1213
     110       0       0       2       0                    LINE     229D   1214
     102    1890       1       1       0       0       0       001010500D   1215
     102       0       0       1       0                  CCURVE      62D   1216
     142    1891       1       1       0       0       0       001010500D   1217
     142       0       0       1       0                  UV_BND      31D   1218
     144    1892       1       1       0       0       0       000000000D   1219
     144       0       0       1       0                 TRM_SRF      31D   1220
     128    1893       1       1       0       0       0       001010000D   1221
     128       0       0       6       0                  SPLSRF      19D   1222
     110    1899       1       1       0       0       0       001010000D   1223
     110       0       0       1       0                    LINE     230D   1224
     102    1900       1       1       0       0       0       001010000D   1225
     102       0       0       1       0                  CCURVE      63D   1226
     110    1901       1       1       0       0       0       001010500D   1227
     110       0       0       1       0                    LINE     231D   1228
     110    1902       1       1       0       0       0       001010500D   1229
     110       0       0       1       0                    LINE     232D   1230
     110    1903       1       1       0       0       0       001010500D   1231
     110       0       0       1       0                    LINE     233D   1232
     126    1904       1       1       0       0       0       001010500D   1233
     126       0       0       6       0                B_SPLINE     101D   1234
     110    1910       1       1       0       0       0       001010500D   1235
     110       0       0       2       0                    LINE     234D   1236
     126    1912       1       1       0       0       0       001010500D   1237
     126       0       0       6       0                B_SPLINE     102D   1238
     110    1918       1       1       0       0       0       001010500D   1239
     110       0       0       1       0                    LINE     235D   1240
     126    1919       1       1       0       0       0       001010500D   1241
     126       0       0       6       0                B_SPLINE     103D   1242
     110    1925       1       1       0       0       0       001010500D   1243
     110       0       0       2       0                    LINE     236D   1244
     126    1927       1       1       0       0       0       001010500D   1245
     126       0       0       6       0                B_SPLINE     104D   1246
     102    1933       1       1       0       0       0       001010500D   1247
     102       0       0       1       0                  CCURVE      64D   1248
     142    1934       1       1       0       0       0       001010500D   1249
     142       0       0       1       0                  UV_BND      32D   1250
     144    1935       1       1       0       0       0       000000000D   1251
     144       0       0       1       0                 TRM_SRF      32D   1252
     128    1936       1       1       0       0       0       001010000D   1253
     128       0       0       8       0                  SPLSRF      20D   1254
     110    1944       1       1       0       0       0       001010000D   1255
     110       0       0       1       0                    LINE     237D   1256
     110    1945       1       1       0       0       0       001010000D   1257
     110       0       0       1       0                    LINE     238D   1258
     102    1946       1       1       0       0       0       001010000D   1259
     102       0       0       1       0                  CCURVE      65D   1260
     110    1947       1       1       0       0       0       001010500D   1261
     110       0       0       1       0                    LINE     239D   1262
     110    1948       1       1       0       0       0       001010500D   1263
     110       0       0       1       0                    LINE     240D   1264
     110    1949       1       1       0       0       0       001010500D   1265
     110       0       0       1       0                    LINE     241D   1266
     110    1950       1       1       0       0       0       001010500D   1267
     110       0       0       1       0                    LINE     242D   1268
     102    1951       1       1       0       0       0       001010500D   1269
     102       0       0       1       0                  CCURVE      66D   1270
     142    1952       1       1       0       0       0       001010500D   1271
     142       0       0       1       0                  UV_BND      33D   1272
     144    1953       1       1       0       0       0       000000000D   1273
     144       0       0       1       0                 TRM_SRF      33D   1274
     128    1954       1       1       0       0       0       001010000D   1275
     128       0       0       7       0                  SPLSRF      21D   1276
     110    1961       1       1       0       0       0       001010000D   1277
     110       0       0       1       0                    LINE     243D   1278
     102    1962       1       1       0       0       0       001010000D   1279
     102       0       0       1       0                  CCURVE      67D   1280
     110    1963       1       1       0       0       0       001010500D   1281
     110       0       0       1       0                    LINE     244D   1282
     110    1964       1       1       0       0       0       001010500D   1283
     110       0       0       1       0                    LINE     245D   1284
     110    1965       1       1       0       0       0       001010500D   1285
     110       0       0       1       0                    LINE     246D   1286
     110    1966       1       1       0       0       0       001010500D   1287
     110       0       0       1       0                    LINE     247D   1288
     102    1967       1       1       0       0       0       001010500D   1289
     102       0       0       1       0                  CCURVE      68D   1290
     142    1968       1       1       0       0       0       001010500D   1291
     142       0       0       1       0                  UV_BND      34D   1292
     144    1969       1       1       0       0       0       000000000D   1293
     144       0       0       1       0                 TRM_SRF      34D   1294
     110    1970       1       1       0       0       0       001010000D   1295
     110       0       0       1       0                    LINE     248D   1296
     110    1971       1       1       0       0       0       001010000D   1297
     110       0       0       1       0                    LINE     249D   1298
     120    1972       1       1       0       0       0       001010000D   1299
     120       0       0       1       0                    SREV      14D   1300
     102    1973       1       1       0       0       0       001010000D   1301
     102       0       0       1       0                  CCURVE      69D   1302
     110    1974       1       1       0       0       0       001010500D   1303
     110       0       0       2       0                    LINE     250D   1304
     110    1976       1       1       0       0       0       001010500D   1305
     110       0       0       2       0                    LINE     251D   1306
     110    1978       1       1       0       0       0       001010500D   1307
     110       0       0       2       0                    LINE     252D   1308
     110    1980       1       1       0       0       0       001010500D   1309
     110       0       0       1       0                    LINE     253D   1310
     102    1981       1       1       0       0       0       001010500D   1311
     102       0       0       1       0                  CCURVE      70D   1312
     142    1982       1       1       0       0       0       001010500D   1313
     142       0       0       1       0                  UV_BND      35D   1314
     144    1983       1       1       0       0       0       000000000D   1315
     144       0       0       1       0                 TRM_SRF      35D   1316
     110    1984       1       1       0       0       0       001010000D   1317
     110       0       0       1       0                    LINE     254D   1318
     110    1985       1       1       0       0       0       001010000D   1319
     110       0       0       1       0                    LINE     255D   1320
     120    1986       1       1       0       0       0       001010000D   1321
     120       0       0       1       0                    SREV      15D   1322
     110    1987       1       1       0       0       0       001010000D   1323
     110       0       0       1       0                    LINE     256D   1324
     102    1988       1       1       0       0       0       001010000D   1325
     102       0       0       1       0                  CCURVE      71D   1326
     110    1989       1       1       0       0       0       001010500D   1327
     110       0       0       2       0                    LINE     257D   1328
     110    1991       1       1       0       0       0       001010500D   1329
     110       0       0       2       0                    LINE     258D   1330
     110    1993       1       1       0       0       0       001010500D   1331
     110       0       0       2       0                    LINE     259D   1332
     110    1995       1       1       0       0       0       001010500D   1333
     110       0       0       1       0                    LINE     260D   1334
     102    1996       1       1       0       0       0       001010500D   1335
     102       0       0       1       0                  CCURVE      72D   1336
     142    1997       1       1       0       0       0       001010500D   1337
     142       0       0       1       0                  UV_BND      36D   1338
     144    1998       1       1       0       0       0       000000000D   1339
     144       0       0       1       0                 TRM_SRF      36D   1340
     128    1999       1       1       0       0       0       001010000D   1341
     128       0       0       8       0                  SPLSRF      22D   1342
     110    2007       1       1       0       0       0       001010000D   1343
     110       0       0       1       0                    LINE     261D   1344
     102    2008       1       1       0       0       0       001010000D   1345
     102       0       0       1       0                  CCURVE      73D   1346
     110    2009       1       1       0       0       0       001010500D   1347
     110       0       0       1       0                    LINE     262D   1348
     110    2010       1       1       0       0       0       001010500D   1349
     110       0       0       1       0                    LINE     263D   1350
     110    2011       1       1       0       0       0       001010500D   1351
     110       0       0       1       0                    LINE     264D   1352
     110    2012       1       1       0       0       0       001010500D   1353
     110       0       0       1       0                    LINE     265D   1354
     102    2013       1       1       0       0       0       001010500D   1355
     102       0       0       1       0                  CCURVE      74D   1356
     142    2014       1       1       0       0       0       001010500D   1357
     142       0       0       1       0                  UV_BND      37D   1358
     144    2015       1       1       0       0       0       000000000D   1359
     144       0       0       1       0                 TRM_SRF      37D   1360
     128    2016       1       1       0       0       0       001010000D   1361
     128       0       0       8       0                  SPLSRF      23D   1362
     124    2024       1       1       0       0       0       001000000D   1363
     124       0       0       3       0                   XFORM      60D   1364
     100    2027       1       1       0       0    1363       001010000D   1365
     100       0       0       1       0                     ARC      44D   1366
     102    2028       1       1       0       0       0       001010000D   1367
     102       0       0       1       0                  CCURVE      75D   1368
     110    2029       1       1       0       0       0       001010500D   1369
     110       0       0       2       0                    LINE     266D   1370
     126    2031       1       1       0       0       0       001010500D   1371
     126       0       0       7       0                B_SPLINE     105D   1372
     110    2038       1       1       0       0       0       001010500D   1373
     110       0       0       2       0                    LINE     267D   1374
     126    2040       1       1       0       0       0       001010500D   1375
     126       0       0       7       0                B_SPLINE     106D   1376
     102    2047       1       1       0       0       0       001010500D   1377
     102       0       0       1       0                  CCURVE      76D   1378
     142    2048       1       1       0       0       0       001010500D   1379
     142       0       0       1       0                  UV_BND      38D   1380
     144    2049       1       1       0       0       0       000000000D   1381
     144       0       0       1       0                 TRM_SRF      38D   1382
     110    2050       1       1       0       0       0       001010000D   1383
     110       0       0       2       0                    LINE     268D   1384
     110    2052       1       1       0       0       0       001010000D   1385
     110       0       0       2       0                    LINE     269D   1386
     120    2054       1       1       0       0       0       001010000D   1387
     120       0       0       1       0                    SREV      16D   1388
     124    2055       1       1       0       0       0       001000000D   1389
     124       0       0       3       0                   XFORM      61D   1390
     100    2058       1       1       0       0    1389       001010000D   1391
     100       0       0       1       0                     ARC      45D   1392
     102    2059       1       1       0       0       0       001010000D   1393
     102       0       0       1       0                  CCURVE      77D   1394
     126    2060       1       1       0       0       0       001010500D   1395
     126       0       0       6       0                B_SPLINE     107D   1396
     110    2066       1       1       0       0       0       001010500D   1397
     110       0       0       2       0                    LINE     270D   1398
     110    2068       1       1       0       0       0       001010500D   1399
     110       0       0       2       0                    LINE     271D   1400
     110    2070       1       1       0       0       0       001010500D   1401
     110       0       0       2       0                    LINE     272D   1402
     126    2072       1       1       0       0       0       001010500D   1403
     126       0       0       7       0                B_SPLINE     108D   1404
     110    2079       1       1       0       0       0       001010500D   1405
     110       0       0       1       0                    LINE     273D   1406
     102    2080       1       1       0       0       0       001010500D   1407
     102       0       0       1       0                  CCURVE      78D   1408
     142    2081       1       1       0       0       0       001010500D   1409
     142       0       0       1       0                  UV_BND      39D   1410
     144    2082       1       1       0       0       0       000000000D   1411
     144       0       0       1       0                 TRM_SRF      39D   1412
     128    2083       1       1       0       0       0       001010000D   1413
     128       0       0       9       0                  SPLSRF      24D   1414
     110    2092       1       1       0       0       0       001010000D   1415
     110       0       0       2       0                    LINE     274D   1416
     102    2094       1       1       0       0       0       001010000D   1417
     102       0       0       1       0                  CCURVE      79D   1418
     110    2095       1       1       0       0       0       001010500D   1419
     110       0       0       2       0                    LINE     275D   1420
     110    2097       1       1       0       0       0       001010500D   1421
     110       0       0       2       0                    LINE     276D   1422
     110    2099       1       1       0       0       0       001010500D   1423
     110       0       0       2       0                    LINE     277D   1424
     110    2101       1       1       0       0       0       001010500D   1425
     110       0       0       2       0                    LINE     278D   1426
     102    2103       1       1       0       0       0       001010500D   1427
     102       0       0       1       0                  CCURVE      80D   1428
     142    2104       1       1       0       0       0       001010500D   1429
     142       0       0       1       0                  UV_BND      40D   1430
     144    2105       1       1       0       0       0       000000000D   1431
     144       0       0       1       0                 TRM_SRF      40D   1432
     110    2106       1       1       0       0       0       001010000D   1433
     110       0       0       2       0                    LINE     279D   1434
     110    2108       1       1       0       0       0       001010000D   1435
     110       0       0       2       0                    LINE     280D   1436
     120    2110       1       1       0       0       0       001010000D   1437
     120       0       0       1       0                    SREV      17D   1438
     124    2111       1       1       0       0       0       001000000D   1439
     124       0       0       3       0                   XFORM      62D   1440
     104    2114       1       1       0       0    1439       001010000D   1441
     104       0       0       3       1                   CONIC      17D   1442
     102    2117       1       1       0       0       0       001010000D   1443
     102       0       0       1       0                  CCURVE      81D   1444
     126    2118       1       1       0       0       0       001010500D   1445
     126       0       0       9       0                B_SPLINE     109D   1446
     110    2127       1       1       0       0       0       001010500D   1447
     110       0       0       2       0                    LINE     281D   1448
     126    2129       1       1       0       0       0       001010500D   1449
     126       0       0       9       0                B_SPLINE     110D   1450
     110    2138       1       1       0       0       0       001010500D   1451
     110       0       0       2       0                    LINE     282D   1452
     102    2140       1       1       0       0       0       001010500D   1453
     102       0       0       1       0                  CCURVE      82D   1454
     142    2141       1       1       0       0       0       001010500D   1455
     142       0       0       1       0                  UV_BND      41D   1456
     144    2142       1       1       0       0       0       000000000D   1457
     144       0       0       1       0                 TRM_SRF      41D   1458
     110    2143       1       1       0       0       0       001010000D   1459
     110       0       0       2       0                    LINE     283D   1460
     110    2145       1       1       0       0       0       001010000D   1461
     110       0       0       2       0                    LINE     284D   1462
     120    2147       1       1       0       0       0       001010000D   1463
     120       0       0       1       0                    SREV      18D   1464
     102    2148       1       1       0       0       0       001010000D   1465
     102       0       0       1       0                  CCURVE      83D   1466
     126    2149       1       1       0       0       0       001010500D   1467
     126       0       0       7       0                B_SPLINE     111D   1468
     126    2156       1       1       0       0       0       001010500D   1469
     126       0       0      19       0                B_SPLINE     112D   1470
     126    2175       1       1       0       0       0       001010500D   1471
     126       0       0       7       0                B_SPLINE     113D   1472
     110    2182       1       1       0       0       0       001010500D   1473
     110       0       0       2       0                    LINE     285D   1474
     102    2184       1       1       0       0       0       001010500D   1475
     102       0       0       1       0                  CCURVE      84D   1476
     142    2185       1       1       0       0       0       001010500D   1477
     142       0       0       1       0                  UV_BND      42D   1478
     144    2186       1       1       0       0       0       000000000D   1479
     144       0       0       1       0                 TRM_SRF      42D   1480
     128    2187       1       1       0       0       0       001010000D   1481
     128       0       0      27       0                  SPLSRF      25D   1482
     102    2214       1       1       0       0       0       001010000D   1483
     102       0       0       1       0                  CCURVE      85D   1484
     126    2215       1       1       0       0       0       001010500D   1485
     126       0       0       7       0                B_SPLINE     114D   1486
     126    2222       1       1       0       0       0       001010500D   1487
     126       0       0      19       0                B_SPLINE     115D   1488
     126    2241       1       1       0       0       0       001010500D   1489
     126       0       0       7       0                B_SPLINE     116D   1490
     126    2248       1       1       0       0       0       001010500D   1491
     126       0       0       7       0                B_SPLINE     117D   1492
     102    2255       1       1       0       0       0       001010500D   1493
     102       0       0       1       0                  CCURVE      86D   1494
     142    2256       1       1       0       0       0       001010500D   1495
     142       0       0       1       0                  UV_BND      43D   1496
     144    2257       1       1       0       0       0       000000000D   1497
     144       0       0       1       0                 TRM_SRF      43D   1498
     110    2258       1       1       0       0       0       001010000D   1499
     110       0       0       2       0                    LINE     286D   1500
     124    2260       1       1       0       0       0       001000000D   1501
     124       0       0       4       0                   XFORM      63D   1502
     100    2264       1       1       0       0    1501       001010000D   1503
     100       0       0       2       0                     ARC      46D   1504
     120    2266       1       1       0       0       0       001010000D   1505
     120       0       0       1       0                    SREV      19D   1506
     126    2267       1       1       0       0       0       001010000D   1507
     126       0       0      13       0                B_SPLINE     118D   1508
     124    2280       1       1       0       0       0       001000000D   1509
     124       0       0       4       0                   XFORM      64D   1510
     100    2284       1       1       0       0    1509       001010000D   1511
     100       0       0       2       0                     ARC      47D   1512
     124    2286       1       1       0       0       0       001000000D   1513
     124       0       0       3       0                   XFORM      65D   1514
     100    2289       1       1       0       0    1513       001010000D   1515
     100       0       0       2       0                     ARC      48D   1516
     102    2291       1       1       0       0       0       001010000D   1517
     102       0       0       1       0                  CCURVE      87D   1518
     126    2292       1       1       0       0       0       001010500D   1519
     126       0       0      10       0                B_SPLINE     119D   1520
     110    2302       1       1       0       0       0       001010500D   1521
     110       0       0       2       0                    LINE     287D   1522
     110    2304       1       1       0       0       0       001010500D   1523
     110       0       0       2       0                    LINE     288D   1524
     126    2306       1       1       0       0       0       001010500D   1525
     126       0       0      10       0                B_SPLINE     120D   1526
     126    2316       1       1       0       0       0       001010500D   1527
     126       0       0       7       0                B_SPLINE     121D   1528
     102    2323       1       1       0       0       0       001010500D   1529
     102       0       0       1       0                  CCURVE      88D   1530
     142    2324       1       1       0       0       0       001010500D   1531
     142       0       0       1       0                  UV_BND      44D   1532
     144    2325       1       1       0       0       0       000000000D   1533
     144       0       0       1       0                 TRM_SRF      44D   1534
     110    2326       1       1       0       0       0       001010000D   1535
     110       0       0       2       0                    LINE     289D   1536
     110    2328       1       1       0       0       0       001010000D   1537
     110       0       0       2       0                    LINE     290D   1538
     120    2330       1       1       0       0       0       001010000D   1539
     120       0       0       1       0                    SREV      20D   1540
     124    2331       1       1       0       0       0       001000000D   1541
     124       0       0       4       0                   XFORM      66D   1542
     104    2335       1       1       0       0    1541       001010000D   1543
     104       0       0       3       1                   CONIC      18D   1544
     102    2338       1       1       0       0       0       001010000D   1545
     102       0       0       1       0                  CCURVE      89D   1546
     126    2339       1       1       0       0       0       001010500D   1547
     126       0       0       7       0                B_SPLINE     122D   1548
     110    2346       1       1       0       0       0       001010500D   1549
     110       0       0       2       0                    LINE     291D   1550
     110    2348       1       1       0       0       0       001010500D   1551
     110       0       0       2       0                    LINE     292D   1552
     126    2350       1       1       0       0       0       001010500D   1553
     126       0       0       7       0                B_SPLINE     123D   1554
     110    2357       1       1       0       0       0       001010500D   1555
     110       0       0       2       0                    LINE     293D   1556
     110    2359       1       1       0       0       0       001010500D   1557
     110       0       0       2       0                    LINE     294D   1558
     102    2361       1       1       0       0       0       001010500D   1559
     102       0       0       1       0                  CCURVE      90D   1560
     142    2362       1       1       0       0       0       001010500D   1561
     142       0       0       1       0                  UV_BND      45D   1562
     144    2363       1       1       0       0       0       000000000D   1563
     144       0       0       1       0                 TRM_SRF      45D   1564
     128    2364       1       1       0       0       0       001010000D   1565
     128       0       0       9       0                  SPLSRF      26D   1566
     102    2373       1       1       0       0       0       001010000D   1567
     102       0       0       1       0                  CCURVE      91D   1568
     110    2374       1       1       0       0       0       001010500D   1569
     110       0       0       1       0                    LINE     295D   1570
     110    2375       1       1       0       0       0       001010500D   1571
     110       0       0       1       0                    LINE     296D   1572
     110    2376       1       1       0       0       0       001010500D   1573
     110       0       0       1       0                    LINE     297D   1574
     110    2377       1       1       0       0       0       001010500D   1575
     110       0       0       1       0                    LINE     298D   1576
     102    2378       1       1       0       0       0       001010500D   1577
     102       0       0       1       0                  CCURVE      92D   1578
     142    2379       1       1       0       0       0       001010500D   1579
     142       0       0       1       0                  UV_BND      46D   1580
     144    2380       1       1       0       0       0       000000000D   1581
     144       0       0       1       0                 TRM_SRF      46D   1582
     110    2381       1       1       0       0       0       001010000D   1583
     110       0       0       1       0                    LINE     299D   1584
     110    2382       1       1       0       0       0       001010000D   1585
     110       0       0       1       0                    LINE     300D   1586
     120    2383       1       1       0       0       0       001010000D   1587
     120       0       0       1       0                    SREV      21D   1588
     124    2384       1       1       0       0       0       001000000D   1589
     124       0       0       1       0                   XFORM      67D   1590
     100    2385       1       1       0       0    1589       001010000D   1591
     100       0       0       1       0                     ARC      49D   1592
     102    2386       1       1       0       0       0       001010000D   1593
     102       0       0       1       0                  CCURVE      93D   1594
     110    2387       1       1       0       0       0       001010500D   1595
     110       0       0       2       0                    LINE     301D   1596
     110    2389       1       1       0       0       0       001010500D   1597
     110       0       0       2       0                    LINE     302D   1598
     110    2391       1       1       0       0       0       001010500D   1599
     110       0       0       1       0                    LINE     303D   1600
     110    2392       1       1       0       0       0       001010500D   1601
     110       0       0       2       0                    LINE     304D   1602
     102    2394       1       1       0       0       0       001010500D   1603
     102       0       0       1       0                  CCURVE      94D   1604
     142    2395       1       1       0       0       0       001010500D   1605
     142       0       0       1       0                  UV_BND      47D   1606
     144    2396       1       1       0       0       0       000000000D   1607
     144       0       0       1       0                 TRM_SRF      47D   1608
314,1.1D0,1.2D0,1D2;                                                   1P      1
314,1.1D1,1.1D1,1.1D1;                                                 3P      2
314,3.92D1,1.2D0,1.2D0;                                                5P      3
314,4.1D1,0D0,2.2D1;                                                   7P      4
314,8.784D1,9.49D1,1D2;                                                9P      5
314,9.6D1,9.6D1,9.6D1;                                                11P      6
314,9.8D1,6.27D1,0D0;                                                 13P      7
314,1D2,1D2,9.49D1;                                                   15P      8
126,7,3,0,0,1,0,0D0,0D0,0D0,0D0,2D-1,4D-1,6D-1,8D-1,1D0,1D0,1D0,      17P      9
1D0,1D0,1D0,1D0,1D0,1D0,1D0,1D0,1D0,8.319569316663D-3,                17P     10
7.438593725764D-1,-9.870316982885D0,2.428338401590D-2,                17P     11
7.438593725764D-1,-9.870316982885D0,5.450511096783D-2,                17P     12
7.464825951547D-1,-9.866255854351D0,9.652472510469D-2,                17P     13
7.578096231237D-1,-9.848719975174D0,1.299039555640D-1,                17P     14
7.753783062181D-1,-9.821521107883D0,1.520478483243D-1,                17P     15
7.978236349084D-1,-9.786772494761D0,1.578006718902D-1,                17P     16
8.141376882966D-1,-9.761515962358D0,1.582816965926D-1,                17P     17
8.227937364290D-1,-9.748115146319D0,0D0,1D0,0D0,0D0,1D0;              17P     18
126,7,3,0,0,1,0,0D0,0D0,0D0,0D0,2D-1,4D-1,6D-1,8D-1,1D0,1D0,1D0,      19P     19
1D0,1D0,1D0,1D0,1D0,1D0,1D0,1D0,1D0,-1.582816965858D-1,               19P     20
8.227937363075D-1,-9.748115146507D0,-1.578007432423D-1,               19P     21
8.141389722798D-1,-9.761513974566D0,-1.520494590071D-1,               19P     22
7.978267883568D-1,-9.786767612767D0,-1.299091813922D-1,               19P     23
7.753821952013D-1,-9.821515087174D0,-9.653204782105D-2,               19P     24
7.578123393356D-1,-9.848715770084D0,-5.451096913809D-2,               19P     25
7.464833729132D-1,-9.866254650268D0,-2.428575129961D-2,               19P     26
7.438593725764D-1,-9.870316982885D0,-8.319569541160D-3,               19P     27
7.438593725764D-1,-9.870316982885D0,0D0,1D0,0D0,0D0,1D0;              19P     28
110,-1.582816965858D-1,8.227937363075D-1,-9.748115146507D0,           21P     29
-1.634524513369D-1,9.158415673541D-1,-9.604063639682D0;               21P     30
110,1.582816965926D-1,8.227937364290D-1,-9.748115146319D0,            23P     31
1.634524513369D-1,9.158415673542D-1,-9.604063639682D0;                23P     32
124,3.587207739119D-2,0D0,-9.993563899148D-1,2.067111621484D-1,       25P     33
0D0,1D0,0D0,1.016561870791D0,9.993563899148D-1,0D0,                   25P     34
3.587207739119D-2,-8.398923814699D0;                                  25P     35
104,9.987131940636D-1,0D0,1D0,0D0,0D0,-2.5D-1,0D0,                    27P     36
-4.638311320503D-1,-1.874500559985D-1,-5.056068996190D-2,             27P     37
-4.974403544143D-1;                                                   27P     38
110,2.048974451652D-1,5.191215163769D-1,-8.449451963291D0,            29P     39
2.992763749612D-1,2.520477164685D-1,-5.820159393016D0;                29P     40
110,3.000003488783D-1,4.510268209189D-1,-5.799977297356D0,            31P     41
2.056229319585D-1,7.180976581426D-1,-8.429240703854D0;                31P     42
124,3.587207739119D-2,0D0,-9.993563899148D-1,1.767617068708D-1,       33P     43
0D0,1D0,0D0,6.791517699933D-1,9.993563899148D-1,0D0,                  33P     44
3.587207739119D-2,-9.233282504879D0;                                  33P     45
104,9.987131940636D-1,0D0,1D0,0D0,0D0,-3.6D-1,0D0,                    35P     46
5.565973584600D-1,2.249400671991D-1,4.824292510289D-1,                35P     47
3.571575371861D-1;                                                    35P     48
110,1.543864568998D-1,9.907938729108D-1,-9.856632214756D0,            37P     49
1.582816965926D-1,8.227937364290D-1,-9.748115146319D0;                37P     50
126,5,3,0,0,1,0,0D0,0D0,0D0,0D0,3.333333333333D-1,                    39P     51
6.666666666667D-1,1D0,1D0,1D0,1D0,1D0,1D0,1D0,1D0,1D0,1D0,            39P     52
-1.634524513369D-1,9.158415673541D-1,-9.604063639682D0,               39P     53
-1.635301823962D-1,9.189458076466D-1,-9.601898138366D0,               39P     54
-1.636985687432D-1,9.248087527134D-1,-9.597207081029D0,               39P     55
-1.639921272807D-1,9.326609077301D-1,-9.589028864944D0,               39P     56
-1.642092018964D-1,9.371087567087D-1,-9.582981406308D0,               39P     57
-1.643236573597D-1,9.391456861166D-1,-9.579792803724D0,0D0,1D0,       39P     58
0D0,0D0,1D0;                                                          39P     59
124,-1.643236573607D-1,9.864064758666D-1,0D0,0D0,                     41P     60
8.285821134567D-1,1.380319844182D-1,-5.425853412481D-1,               41P     61
1.105635726647D-1,-5.352096943174D-1,-8.915960770417D-2,              41P     62
-8.400006830132D-1,-9.044583109410D0;                                 41P     63
100,0D0,0D0,0D0,9.999999999942D-1,0D0,9.864064758609D-1,              43P     64
1.643236573597D-1;                                                    43P     65
124,0D0,1D0,0D0,0D0,8.400006830133D-1,0D0,-5.425853412481D-1,         45P     66
1.105635726647D-1,-5.425853412481D-1,0D0,-8.400006830133D-1,          45P     67
-9.044583109410D0;                                                    45P     68
100,0D0,0D0,0D0,9.999999999942D-1,0D0,9.864064758609D-1,              47P     69
1.643236573597D-1;                                                    47P     70
126,5,3,0,0,1,0,0D0,0D0,0D0,0D0,3.333333333333D-1,                    49P     71
6.666666666667D-1,1D0,1D0,1D0,1D0,1D0,1D0,1D0,1D0,1D0,1D0,            49P     72
1.634524513369D-1,9.158415673542D-1,-9.604063639682D0,                49P     73
1.635301823962D-1,9.189458076467D-1,-9.601898138366D0,                49P     74
1.636985687432D-1,9.248087527136D-1,-9.597207081029D0,                49P     75
1.639921272807D-1,9.326609077301D-1,-9.589028864945D0,                49P     76
1.642092018964D-1,9.371087567086D-1,-9.582981406308D0,                49P     77
1.643236573597D-1,9.391456861166D-1,-9.579792803724D0,0D0,1D0,        49P     78
0D0,0D0,1D0;                                                          49P     79
126,13,3,0,0,1,0,0D0,0D0,0D0,0D0,9.090909090909D-2,                   51P     80
1.818181818182D-1,2.727272727273D-1,3.636363636364D-1,                51P     81
4.545454545455D-1,5.454545454545D-1,6.363636363636D-1,                51P     82
7.272727272727D-1,8.181818181818D-1,9.090909090909D-1,1D0,1D0,        51P     83
1D0,1D0,1D0,1D0,1D0,1D0,1D0,1D0,1D0,1D0,1D0,1D0,1D0,1D0,1D0,1D0,      51P     84
1.634524513369D-1,9.158415673542D-1,-9.604063639682D0,                51P     85
1.566967390698D-1,9.142502771160D-1,-9.606527187414D0,                51P     86
1.419830540276D-1,9.113375907278D-1,-9.611036447744D0,                51P     87
1.163151388424D-1,9.076210435125D-1,-9.616790201048D0,                51P     88
8.734939209085D-2,9.046172023009D-1,-9.621440582246D0,                51P     89
5.501940649977D-2,9.024067730179D-1,-9.624862646880D0,                51P     90
1.924221588603D-2,9.011688753153D-1,-9.626779091791D0,                51P     91
-1.817541387827D-2,9.011502656440D-1,-9.626807902257D0,               51P     92
-5.413209865874D-2,9.023584660372D-1,-9.624937433082D0,               51P     93
-8.693017923616D-2,9.045758683550D-1,-9.621504573180D0,               51P     94
-1.163679639946D-1,9.076216852442D-1,-9.616789207554D0,               51P     95
-1.423014879973D-1,9.113899513085D-1,-9.610955385983D0,               51P     96
-1.568408423368D-1,9.142842202611D-1,-9.606474638510D0,               51P     97
-1.634524513369D-1,9.158415673541D-1,-9.604063639682D0,0D0,1D0,       51P     98
0D0,0D0,1D0;                                                          51P     99
110,-1.543864569065D-1,9.907938730323D-1,-9.856632214568D0,           53P    100
-1.582816965858D-1,8.227937363075D-1,-9.748115146507D0;               53P    101
110,-1.583343848445D-1,1.061836913683D0,-9.746647309911D0,            55P    102
-1.543864569065D-1,9.907938730323D-1,-9.856632214568D0;               55P    103
124,3.587207739119D-2,0D0,-9.993563899148D-1,-2.067111621484D-1,      57P    104
0D0,-1D0,0D0,1.016561870791D0,-9.993563899148D-1,0D0,                 57P    105
-3.587207739119D-2,-8.398923814699D0;                                 57P    106
104,9.987131940636D-1,0D0,1D0,0D0,0D0,-9D-2,0D0,                      59P    107
2.782986792303D-1,1.124700335988D-1,3.033641397703D-2,                59P    108
2.984642126486D-1;                                                    59P    109
126,5,3,0,0,1,0,0D0,0D0,0D0,0D0,3.333333333333D-1,                    61P    110
6.666666666667D-1,1D0,1D0,1D0,1D0,1D0,1D0,1D0,1D0,1D0,1D0,            61P    111
-2.992763749612D-1,2.520477164685D-1,-5.820159393016D0,               61P    112
-2.993566137242D-1,2.518206565582D-1,-5.817924029849D0,               61P    113
-2.995171906878D-1,2.514042618475D-1,-5.813450533293D0,               61P    114
-2.997584892312D-1,2.508927439983D-1,-5.806728222828D0,               61P    115
-2.999193746328D-1,2.506274665153D-1,-5.802246133534D0,               61P    116
-3.000001551462D-1,2.505133167854D-1,-5.799995677798D0,0D0,1D0,       61P    117
0D0,0D0,1D0;                                                          61P    118
124,3.587207739119D-2,0D0,-9.993563899148D-1,-1.767617068708D-1,      63P    119
0D0,-1D0,0D0,6.791517699933D-1,-9.993563899148D-1,0D0,                63P    120
-3.587207739119D-2,-9.233282504879D0;                                 63P    121
104,9.987131940636D-1,0D0,1D0,0D0,0D0,-1.6D-1,0D0,                    65P    122
-3.710649056400D-1,-1.499600447994D-1,-3.056755474111D-1,             65P    123
-2.582299279642D-1;                                                   65P    124
110,-8.319569541160D-3,7.438593725764D-1,-9.870316982885D0,           67P    125
8.319569316663D-3,7.438593725764D-1,-9.870316982885D0;                67P    126
110,8.319569316663D-3,7.438593725764D-1,-9.870316982885D0,            69P    127
4.424329855147D-3,9.118595091797D-1,-9.978834051134D0;                69P    128
110,-4.424329630640D-3,9.118595091797D-1,-9.978834051134D0,           71P    129
-8.319569541160D-3,7.438593725764D-1,-9.870316982885D0;               71P    130
110,1.543864568998D-1,9.907938729108D-1,-9.856632214756D0,            73P    131
1.583343848445D-1,1.061836913683D0,-9.746647309911D0;                 73P    132
126,7,3,0,0,1,0,0D0,0D0,0D0,0D0,2D-1,4D-1,6D-1,8D-1,1D0,1D0,1D0,      75P    133
1D0,1D0,1D0,1D0,1D0,1D0,1D0,1D0,1D0,-1.543864569065D-1,               75P    134
9.907938730323D-1,-9.856632214568D0,-1.539054322041D-1,               75P    135
9.821378249D-1,-9.870033030607D0,-1.481526086383D-1,                  75P    136
9.658237715123D-1,-9.895289563011D0,-1.260087158779D-1,               75P    137
9.433784428218D-1,-9.930038176133D0,-9.262948541861D-2,               75P    138
9.258097597274D-1,-9.957237043423D0,-5.060987128176D-2,               75P    139
9.144827317586D-1,-9.974772922601D0,-2.038814432983D-2,               75P    140
9.118595091797D-1,-9.978834051134D0,-4.424329630640D-3,               75P    141
9.118595091797D-1,-9.978834051134D0,0D0,1D0,0D0,0D0,1D0;              75P    142
110,-4.424329630640D-3,9.118595091797D-1,-9.978834051134D0,           77P    143
4.424329855147D-3,9.118595091797D-1,-9.978834051134D0;                77P    144
126,7,3,0,0,1,0,0D0,0D0,0D0,0D0,2D-1,4D-1,6D-1,8D-1,1D0,1D0,1D0,      79P    145
1D0,1D0,1D0,1D0,1D0,1D0,1D0,1D0,1D0,4.424329855147D-3,                79P    146
9.118595091797D-1,-9.978834051134D0,2.039051161356D-2,                79P    147
9.118595091797D-1,-9.978834051134D0,5.061572945205D-2,                79P    148
9.144835095172D-1,-9.974771718518D0,9.263680813500D-2,                79P    149
9.258124759393D-1,-9.957232838334D0,1.260139417062D-1,                79P    150
9.433823318051D-1,-9.930032155423D0,1.481542193210D-1,                79P    151
9.658269249607D-1,-9.895284681016D0,1.539055035563D-1,                79P    152
9.821391088832D-1,-9.870031042815D0,1.543864568998D-1,                79P    153
9.907938729108D-1,-9.856632214756D0,0D0,1D0,0D0,0D0,1D0;              79P    154
126,5,3,0,0,1,0,0D0,0D0,0D0,0D0,3.333333333333D-1,                    81P    155
6.666666666667D-1,1D0,1D0,1D0,1D0,1D0,1D0,1D0,1D0,1D0,1D0,            81P    156
-1.603733245876D-1,1.109521965582D0,-9.689844704398D0,                81P    157
-1.601229267446D-1,1.105056250919D0,-9.696820511284D0,                81P    158
-1.596380571504D-1,1.095565998792D0,-9.710328441756D0,                81P    159
-1.589552357025D-1,1.079597010322D0,-9.729351091870D0,                81P    160
-1.585356777205D-1,1.067935250285D0,-9.741039513082D0,                81P    161
-1.583343848445D-1,1.061836913683D0,-9.746647309911D0,0D0,1D0,        81P    162
0D0,0D0,1D0;                                                          81P    163
126,11,3,0,0,1,0,0D0,0D0,0D0,0D0,1.111111111111D-1,                   83P    164
2.222222222222D-1,3.333333333333D-1,4.444444444444D-1,                83P    165
5.555555555556D-1,6.666666666667D-1,7.777777777778D-1,                83P    166
8.888888888889D-1,1D0,1D0,1D0,1D0,1D0,1D0,1D0,1D0,1D0,1D0,1D0,        83P    167
1D0,1D0,1D0,1D0,1D0,-1.583343848445D-1,1.061836913683D0,              83P    168
-9.746647309911D0,-1.502801595314D-1,1.059548381415D0,                83P    169
-9.750190289277D0,-1.326431354253D-1,1.055255350661D0,                83P    170
-9.756836522582D0,-1.013575143924D-1,1.049828395974D0,                83P    171
-9.765238234344D0,-6.522600065677D-2,1.045703888279D0,                83P    172
-9.771623569549D0,-2.317254225038D-2,1.043232650566D0,                83P    173
-9.775449403401D0,2.317230770222D-2,1.043232635944D0,                 83P    174
-9.775449426039D0,6.522619458523D-2,1.045703904326D0,                 83P    175
-9.771623544706D0,1.013573640543D-1,1.049828379390D0,                 83P    176
-9.765238260019D0,1.326430654988D-1,1.055255333371D0,                 83P    177
-9.756836549349D0,1.502801246158D-1,1.059548371494D0,                 83P    178
-9.750190304636D0,1.583343848445D-1,1.061836913683D0,                 83P    179
-9.746647309911D0,0D0,1D0,0D0,0D0,1D0;                                83P    180
126,5,3,0,0,1,0,0D0,0D0,0D0,0D0,3.333333333333D-1,                    85P    181
6.666666666667D-1,1D0,1D0,1D0,1D0,1D0,1D0,1D0,1D0,1D0,1D0,            85P    182
1.583343848445D-1,1.061836913683D0,-9.746647309911D0,                 85P    183
1.585356777205D-1,1.067935250285D0,-9.741039513082D0,                 85P    184
1.589552357025D-1,1.079597010322D0,-9.729351091870D0,                 85P    185
1.596380571504D-1,1.095565998792D0,-9.710328441756D0,                 85P    186
1.601229267446D-1,1.105056250919D0,-9.696820511284D0,                 85P    187
1.603733245876D-1,1.109521965582D0,-9.689844704398D0,0D0,1D0,         85P    188
0D0,0D0,1D0;                                                          85P    189
124,1.336444371572D-1,-9.910293458909D-1,0D0,0D0,                     87P    190
8.324653274409D-1,1.122614184938D-1,5.425853412380D-1,                87P    191
1.105635726588D-1,-5.377179958171D-1,-7.251351253949D-2,              87P    192
8.400006830197D-1,-9.044583109422D0;                                  87P    193
100,0D0,0D0,0D0,1.199999999992D0,0D0,1.189235215061D0,                89P    194
1.603733245875D-1;                                                    89P    195
124,0D0,-1D0,0D0,0D0,8.400006830197D-1,0D0,5.425853412380D-1,         91P    196
1.105635726588D-1,-5.425853412380D-1,0D0,8.400006830197D-1,           91P    197
-9.044583109422D0;                                                    91P    198
100,0D0,0D0,0D0,1.199999999992D0,0D0,1.189235215061D0,                93P    199
1.603733245875D-1;                                                    93P    200
124,-3.012685615726D-2,1.947250560249D-2,-9.993563899148D-1,0D0,      95P    201
5.428318351943D-1,8.398414128272D-1,0D0,-3.192153939077D0,            95P    202
8.393008824240D-1,-5.424824631506D-1,-3.587207739119D-2,              95P    203
-1.415766810227D1;                                                    95P    204
104,9.079717452617D-4,0D0,1D0,0D0,0D0,-1.44D0,0D0,                    97P    205
6.239821524998D0,1.185178375490D0,6.089766290166D0,                   97P    206
1.185886857033D0;                                                     97P    207
124,-3.012685615726D-2,-1.947250560249D-2,9.993563899148D-1,0D0,      99P    208
-5.428318351943D-1,8.398414128272D-1,0D0,-3.192153939077D0,           99P    209
-8.393008824240D-1,-5.424824631506D-1,-3.587207739119D-2,             99P    210
-1.415766810227D1;                                                    99P    211
104,9.079717452617D-4,0D0,1D0,0D0,0D0,-1.44D0,0D0,                   101P    212
-6.089766290166D0,1.185886857033D0,-6.239821531303D0,                101P    213
1.185178375460D0;                                                    101P    214
126,9,3,0,0,1,0,0D0,0D0,0D0,0D0,1.428571428571D-1,                   103P    215
2.857142857143D-1,4.285714285714D-1,5.714285714286D-1,               103P    216
7.142857142857D-1,8.571428571429D-1,1D0,1D0,1D0,1D0,1D0,1D0,1D0,     103P    217
1D0,1D0,1D0,1D0,1D0,1D0,1D0,-1.927466196884D-1,1.087795022941D0,     103P    218
-8.787942950696D0,-1.917545280261D-1,1.118155144937D0,               103P    219
-8.815581526829D0,-1.895999027613D-1,1.172022100006D0,               103P    220
-8.875632725035D0,-1.858163266647D-1,1.234134987276D0,               103P    221
-8.981028625658D0,-1.816789526775D-1,1.273802856229D0,               103P    222
-9.096294078833D0,-1.773377118994D-1,1.289820056636D0,               103P    223
-9.217235422944D0,-1.729714093617D-1,1.281521179612D0,               103P    224
-9.338876274481D0,-1.687365681263D-1,1.248954261870D0,               103P    225
-9.456853113761D0,-1.661509228213D-1,1.212544970814D0,               103P    226
-9.528889075598D0,-1.649081401462D-1,1.190386339907D0,               103P    227
-9.563511626004D0,0D0,1D0,0D0,0D0,1D0;                               103P    228
124,-1.374235025830D-1,9.905123830310D-1,0D0,0D0,                    105P    229
8.320310782808D-1,1.154358360320D-1,-5.425853412454D-1,              105P    230
1.919513738615D-1,-5.374374993547D-1,-7.456397804415D-2,             105P    231
-8.400006830150D-1,-8.918583006968D0;                                105P    232
100,0D0,0D0,0D0,1.199999999980D0,0D0,1.188614859618D0,               107P    233
1.649082030969D-1;                                                   107P    234
124,0D0,1D0,0D0,0D0,8.400006830150D-1,0D0,-5.425853412454D-1,        109P    235
1.919513738615D-1,-5.425853412454D-1,0D0,-8.400006830150D-1,         109P    236
-8.918583006968D0;                                                   109P    237
100,0D0,0D0,0D0,1.199999999980D0,0D0,1.188614859618D0,               111P    238
1.649082030969D-1;                                                   111P    239
126,9,3,0,0,1,0,0D0,0D0,0D0,0D0,1.428571428571D-1,                   113P    240
2.857142857143D-1,4.285714285714D-1,5.714285714286D-1,               113P    241
7.142857142857D-1,8.571428571429D-1,1D0,1D0,1D0,1D0,1D0,1D0,1D0,     113P    242
1D0,1D0,1D0,1D0,1D0,1D0,1D0,1.649080731074D-1,1.190386349983D0,      113P    243
-9.563511627547D0,1.661517109210D-1,1.212560227639D0,                113P    244
-9.528865253928D0,1.687388309961D-1,1.248979862235D0,                113P    245
-9.456790939052D0,1.729734806785D-1,1.281528961395D0,                113P    246
-9.338818336822D0,1.773383141130D-1,1.289816135401D0,                113P    247
-9.217218711860D0,1.816776695057D-1,1.273807903039D0,                113P    248
-9.096329795959D0,1.858138757323D-1,1.234164565528D0,                113P    249
-8.981096962485D0,1.895977070089D-1,1.172069187764D0,                113P    250
-8.875693700642D0,1.917537705464D-1,1.118178781666D0,                113P    251
-8.815603048127D0,1.927466347168D-1,1.087795019319D0,                113P    252
-8.787942950770D0,0D0,1D0,0D0,0D0,1D0;                               113P    253
126,5,3,0,0,1,0,0D0,0D0,0D0,0D0,3.333333333333D-1,                   115P    254
6.666666666667D-1,1D0,1D0,1D0,1D0,1D0,1D0,1D0,1D0,1D0,1D0,           115P    255
-1.940597643193D-1,1.036286754191D0,-8.751204671313D0,               115P    256
-1.939365870533D-1,1.042555124279D0,-8.754636253670D0,               115P    257
-1.936791179909D-1,1.054657329640D0,-8.762060580384D0,               115P    258
-1.932367192312D-1,1.071922947358D0,-8.774292006753D0,               115P    259
-1.929150456519D-1,1.082623691101D0,-8.783250789686D0,               115P    260
-1.927466196884D-1,1.087795022941D0,-8.787942950696D0,0D0,1D0,       115P    261
0D0,0D0,1D0;                                                         115P    262
124,1.606228183812D-1,-9.870158611772D-1,0D0,0D0,                    117P    263
6.673619690551D-1,1.086036856816D-1,-7.367721776203D-1,              117P    264
2.869899443699D-1,7.272058253852D-1,1.183424236742D-1,               117P    265
6.761410786845D-1,-9.660610367885D0;                                 117P    266
100,0D0,0D0,0D0,1.199999999980D0,0D0,1.138080758906D0,               119P    267
3.804894034804D-1;                                                   119P    268
126,5,3,0,0,1,0,0D0,0D0,0D0,0D0,3.333333333333D-1,                   121P    269
6.666666666667D-1,1D0,1D0,1D0,1D0,1D0,1D0,1D0,1D0,1D0,1D0,           121P    270
1.940597642227D-1,1.036286753893D0,-8.751204671864D0,                121P    271
1.939365868307D-1,1.042555131999D0,-8.754636257730D0,                121P    272
1.936791196015D-1,1.054657346408D0,-8.762060592348D0,                121P    273
1.932367118256D-1,1.071922963920D0,-8.774292017365D0,                121P    274
1.929150603685D-1,1.082623697283D0,-8.783250798449D0,                121P    275
1.927466347168D-1,1.087795019319D0,-8.787942950770D0,0D0,1D0,        121P    276
0D0,0D0,1D0;                                                         121P    277
126,15,3,0,0,1,0,0D0,0D0,0D0,0D0,7.692307692308D-2,                  123P    278
1.538461538462D-1,2.307692307692D-1,3.076923076923D-1,               123P    279
3.846153846154D-1,4.615384615385D-1,5.384615384615D-1,               123P    280
6.153846153846D-1,6.923076923077D-1,7.692307692308D-1,               123P    281
8.461538461538D-1,9.230769230769D-1,1D0,1D0,1D0,1D0,1D0,1D0,1D0,     123P    282
1D0,1D0,1D0,1D0,1D0,1D0,1D0,1D0,1D0,1D0,1D0,1D0,1D0,                 123P    283
-1.940597643193D-1,1.036286754191D0,-8.751204671313D0,               123P    284
-1.892454600629D-1,1.031521910833D0,-8.747674836179D0,               123P    285
-1.775371360162D-1,1.022686112618D0,-8.741247798050D0,               123P    286
-1.573301663928D-1,1.009191588614D0,-8.732134210999D0,               123P    287
-1.316594155711D-1,9.967111084844D-1,-8.724143143091D0,              123P    288
-1.004152153134D-1,9.855958534050D-1,-8.717397891601D0,              123P    289
-6.336207609909D-2,9.769911816373D-1,-8.712406649505D0,              123P    290
-2.172553970870D-2,9.722001692654D-1,-8.709714277625D0,              123P    291
2.157042217771D-2,9.721925887615D-1,-8.709710084010D0,               123P    292
6.317887726257D-2,9.769603345532D-1,-8.712389129314D0,               123P    293
1.002599395186D-1,9.855502012962D-1,-8.717370889853D0,               123P    294
1.315268220587D-1,9.966554718917D-1,-8.724108531898D0,               123P    295
1.572313673898D-1,1.009134771686D0,-8.732096735614D0,                123P    296
1.774846922923D-1,1.022644625691D0,-8.741218513252D0,                123P    297
1.892284584916D-1,1.031505091627D0,-8.747662377145D0,                123P    298
1.940597642227D-1,1.036286753893D0,-8.751204671864D0,0D0,1D0,        123P    299
0D0,0D0,1D0;                                                         123P    300
124,3.587207739119D-2,0D0,-9.993563899148D-1,-1.767617068708D-1,     125P    301
0D0,-1D0,0D0,6.791517699933D-1,-9.993563899148D-1,0D0,               125P    302
-3.587207739119D-2,-9.233282504879D0;                                125P    303
104,9.987131940636D-1,0D0,1D0,0D0,0D0,-3.6D-1,0D0,                   127P    304
-5.565973584600D-1,-2.249400671991D-1,-4.824292510289D-1,            127P    305
-3.571575371861D-1;                                                  127P    306
110,1.967280103892D-1,9.040918371922D-1,-8.677043378093D0,           129P    307
-1.967280103892D-1,9.040918371922D-1,-8.677043378093D0;              129P    308
124,3.587207739119D-2,0D0,9.993563899148D-1,2.067111621484D-1,       131P    309
0D0,-1D0,0D0,1.016561870791D0,9.993563899148D-1,0D0,                 131P    310
-3.587207739119D-2,-8.398923814699D0;                                131P    311
104,9.987131940636D-1,0D0,1D0,0D0,0D0,-9D-2,0D0,                     133P    312
-3.033641397703D-2,2.984642126486D-1,-2.782986792303D-1,             133P    313
1.124700335988D-1;                                                   133P    314
110,-2.056229319585D-1,7.180976581426D-1,-8.429240703854D0,          135P    315
2.056229319585D-1,7.180976581426D-1,-8.429240703854D0;               135P    316
110,-3.000003492796D-1,4.510269324863D-1,-5.799977297370D0,          137P    317
-2.056229319585D-1,7.180976581426D-1,-8.429240703854D0;              137P    318
110,3.000003488783D-1,4.510268209189D-1,-5.799977297356D0,           139P    319
-3.000003492796D-1,4.510269324863D-1,-5.799977297370D0;              139P    320
110,-3D-1,4.5D-1,-5.779736874143D0,3D-1,4.5D-1,                      141P    321
-5.779736874143D0;                                                   141P    322
110,-3.000001551462D-1,2.505133167854D-1,-5.799995677798D0,          143P    323
-3.000003492796D-1,4.510269324863D-1,-5.799977297370D0;              143P    324
124,0D0,0D0,-1D0,-3D-1,-9.948675067582D-1,-1.011861848119D-1,        145P    325
0D0,6.5D-1,-1.011861848119D-1,9.948675067582D-1,0D0,                 145P    326
-5.779736874143D0;                                                   145P    327
100,0D0,0D0,0D0,2D-1,0D0,1.989735013516D-1,2.023723696237D-2;        147P    328
110,-3D-1,4.5D-1,-5.779736874143D0,-3D-1,2.5D-1,                     149P    329
-5.779736874143D0;                                                   149P    330
124,0D0,0D0,1D0,-3D-1,-1D0,0D0,0D0,6.5D-1,0D0,-1D0,0D0,              151P    331
-5.779736874143D0;                                                   151P    332
100,0D0,0D0,0D0,4D-1,0D0,3.994864274672D-1,2.026312585733D-2;        153P    333
110,-3D-1,4.5D-1,-3.2D0,-3D-1,4.5D-1,-5.779736874143D0;              155P    334
110,-3D-1,4.5D-1,-2.8D0,-3D-1,2.5D-1,-2.8D0;                         157P    335
110,-3D-1,2.5D-1,-3.2D0,-3D-1,4.5D-1,-3.2D0;                         159P    336
124,6D-1,8D-1,0D0,-4.5D-1,0D0,0D0,1D0,4.5D-1,8D-1,-6D-1,0D0,         161P    337
-3D0;                                                                161P    338
100,0D0,0D0,0D0,2.5D-1,0D0,-7D-2,2.4D-1;                             163P    339
110,3D-1,4.5D-1,-5.779736874143D0,3D-1,4.5D-1,-3.2D0;                165P    340
124,-6D-1,-8D-1,0D0,4.5D-1,0D0,0D0,1D0,4.5D-1,-8D-1,6D-1,0D0,        167P    341
-3D0;                                                                167P    342
100,0D0,0D0,0D0,2.5D-1,0D0,1.5D-1,2D-1;                              169P    343
124,-1D0,0D0,0D0,4.5D-1,0D0,0D0,1D0,4.5D-1,0D0,1D0,0D0,-3D0;         171P    344
100,0D0,0D0,0D0,2.5D-1,0D0,1.5D-1,2D-1;                              173P    345
110,3D-1,4.5D-1,-2.8D0,3D-1,4.5D-1,-3D-1;                            175P    346
110,-2D-1,4.5D-1,-3D-1,-3D-1,4.5D-1,-3D-1;                           177P    347
110,-3D-1,4.5D-1,-3D-1,-3D-1,4.5D-1,-2.8D0;                          179P    348
110,-2D-1,2.5D-1,-3D-1,-3D-1,2.5D-1,-3D-1;                           181P    349
110,-3D-1,2.5D-1,-3D-1,-3D-1,4.5D-1,-3D-1;                           183P    350
110,-2D-1,4.5D-1,-3D-1,-2D-1,2.5D-1,-3D-1;                           185P    351
110,-3D-1,2.5D-1,-2.8D0,-3D-1,2.5D-1,-3D-1;                          187P    352
110,3D-1,2.5D-1,-3D-1,2D-1,2.5D-1,-3D-1;                             189P    353
124,-6D-1,-8D-1,0D0,4.5D-1,0D0,0D0,-1D0,2.5D-1,8D-1,-6D-1,0D0,       191P    354
-3D0;                                                                191P    355
100,0D0,0D0,0D0,2.5D-1,0D0,1.5D-1,2D-1;                              193P    356
124,-1D0,0D0,0D0,4.5D-1,0D0,0D0,-1D0,2.5D-1,0D0,-1D0,0D0,-3D0;       195P    357
100,0D0,0D0,0D0,2.5D-1,0D0,1.5D-1,2D-1;                              197P    358
110,-3D-1,2.5D-1,-5.779736874143D0,-3D-1,2.5D-1,-3.2D0;              199P    359
124,6D-1,8D-1,0D0,-4.5D-1,0D0,0D0,-1D0,2.5D-1,-8D-1,6D-1,0D0,        201P    360
-3D0;                                                                201P    361
100,0D0,0D0,0D0,2.5D-1,0D0,-7D-2,2.4D-1;                             203P    362
110,2D-1,2.5D-1,-3D-1,-2D-1,2.5D-1,-3D-1;                            205P    363
110,-2D-1,2.266150017438D-1,-2.061536300166D-1,2D-1,                 207P    364
2.266150017438D-1,-2.061536300166D-1;                                207P    365
124,0D0,0D0,-1D0,-2D-1,-8.830750087190D-1,-4.692318499163D-1,        209P    366
0D0,4D-1,-4.692318499163D-1,8.830750087190D-1,0D0,3.2D-1;            209P    367
100,0D0,0D0,0D0,4D-1,0D0,3.532300034876D-1,1.876927399665D-1;        211P    368
110,-2D-1,4.676999651246D-2,1.323072600334D-1,-2D-1,                 213P    369
2.266150017438D-1,-2.061536300166D-1;                                213P    370
124,0D0,0D0,-1D0,-2D-1,8.830750087188D-1,4.692318499167D-1,0D0,      215P    371
5D-2,4.692318499167D-1,-8.830750087188D-1,0D0,-3D-1;                 215P    372
100,0D0,0D0,0D0,2D-1,0D0,1.766150017438D-1,9.384636998334D-2;        217P    373
124,0D0,0D0,-1D0,-2D-1,8.830750087199D-1,4.692318499146D-1,0D0,      219P    374
5D-2,4.692318499146D-1,-8.830750087199D-1,0D0,-3D-1;                 219P    375
100,0D0,0D0,0D0,4D-1,0D0,3.532300034880D-1,1.876927399659D-1;        221P    376
110,-2D-1,2.233849982563D-1,2.261536300164D-1,-2D-1,                 223P    377
4.032300034876D-1,-1.123072600336D-1;                                223P    378
124,0D0,0D0,-1D0,-2D-1,-8.830750087170D-1,-4.692318499201D-1,        225P    379
0D0,4D-1,-4.692318499201D-1,8.830750087170D-1,0D0,3.2D-1;            225P    380
100,0D0,0D0,0D0,2D-1,0D0,1.766150017434D-1,9.384636998401D-2;        227P    381
110,-2D-1,2D-1,1.97D0,-2D-1,2D-1,3.2D-1;                             229P    382
110,-2D-1,0D0,1.97D0,2D-1,0D0,1.97D0;                                231P    383
110,-2D-1,0D0,3.2D-1,-2D-1,0D0,1.97D0;                               233P    384
110,-2D-1,0D0,1.97D0,-2D-1,2D-1,1.97D0;                              235P    385
110,2D-1,2D-1,1.97D0,-2D-1,2D-1,1.97D0;                              237P    386
110,2D-1,2D-1,3.2D-1,2D-1,2D-1,1.97D0;                               239P    387
110,-2D-1,2D-1,3.2D-1,2D-1,2D-1,3.2D-1;                              241P    388
110,2D-1,2.233849982563D-1,2.261536300164D-1,-2D-1,                  243P    389
2.233849982563D-1,2.261536300164D-1;                                 243P    390
110,2D-1,4.032300034876D-1,-1.123072600336D-1,-2D-1,                 245P    391
4.032300034876D-1,-1.123072600336D-1;                                245P    392
110,-2D-1,4.5D-1,-3D-1,2D-1,4.5D-1,-3D-1;                            247P    393
110,2D-1,0D0,3.2D-1,2D-1,0D0,1.97D0;                                 249P    394
110,2D-1,0D0,1.97D0,2D-1,2D-1,1.97D0;                                251P    395
124,0D0,0D0,1D0,2D-1,-1D0,0D0,0D0,4D-1,0D0,-1D0,0D0,3.2D-1;          253P    396
100,0D0,0D0,0D0,2D-1,0D0,1.766150017434D-1,9.384636998401D-2;        255P    397
110,2D-1,2.233849982563D-1,2.261536300164D-1,2D-1,                   257P    398
4.032300034876D-1,-1.123072600336D-1;                                257P    399
124,0D0,0D0,-1D0,2D-1,8.830750087199D-1,4.692318499146D-1,0D0,       259P    400
5D-2,4.692318499146D-1,-8.830750087199D-1,0D0,-3D-1;                 259P    401
100,0D0,0D0,0D0,4D-1,0D0,3.532300034880D-1,1.876927399659D-1;        261P    402
110,2D-1,4.5D-1,-3D-1,2D-1,2.5D-1,-3D-1;                             263P    403
124,0D0,0D0,1D0,2D-1,1D0,0D0,0D0,5D-2,0D0,1D0,0D0,-3D-1;             265P    404
100,0D0,0D0,0D0,2D-1,0D0,1.766150017438D-1,9.384636998334D-2;        267P    405
110,2D-1,2.266150017438D-1,-2.061536300166D-1,2D-1,                  269P    406
4.676999651246D-2,1.323072600334D-1;                                 269P    407
124,0D0,0D0,-1D0,2D-1,-8.830750087190D-1,-4.692318499163D-1,0D0,     271P    408
4D-1,-4.692318499163D-1,8.830750087190D-1,0D0,3.2D-1;                271P    409
100,0D0,0D0,0D0,4D-1,0D0,3.532300034876D-1,1.876927399665D-1;        273P    410
110,2D-1,4.5D-1,-3D-1,3D-1,4.5D-1,-3D-1;                             275P    411
110,3D-1,2.5D-1,-2.8D0,3D-1,2.5D-1,-3D-1;                            277P    412
110,3D-1,2.5D-1,-3D-1,3D-1,4.5D-1,-3D-1;                             279P    413
110,3D-1,4.5D-1,-2.8D0,3D-1,2.5D-1,-2.8D0;                           281P    414
110,3D-1,2.5D-1,-3.2D0,3D-1,4.5D-1,-3.2D0;                           283P    415
110,2D-1,2.5D-1,-3D0,2D-1,4.5D-1,-3D0;                               285P    416
110,3D-1,2.5D-1,-5.779736874143D0,3D-1,2.5D-1,-3.2D0;                287P    417
110,3.000001551462D-1,2.505133167736D-1,-5.799995677798D0,           289P    418
3.000003488783D-1,4.510268209189D-1,-5.799977297356D0;               289P    419
124,0D0,0D0,1D0,3D-1,-1D0,0D0,0D0,6.5D-1,0D0,-1D0,0D0,               291P    420
-5.779736874143D0;                                                   291P    421
100,0D0,0D0,0D0,4D-1,0D0,3.994864274672D-1,2.026312585733D-2;        293P    422
110,3D-1,4.5D-1,-5.779736874143D0,3D-1,2.5D-1,-5.779736874143D0;     295P    423
124,0D0,0D0,1D0,3D-1,-1D0,0D0,0D0,6.5D-1,0D0,-1D0,0D0,               297P    424
-5.779736874143D0;                                                   297P    425
100,0D0,0D0,0D0,2D-1,0D0,1.989735013730D-1,2.023723675214D-2;        299P    426
110,-3D-1,2.5D-1,-5.779736874143D0,3D-1,2.5D-1,                      301P    427
-5.779736874143D0;                                                   301P    428
126,5,3,0,0,1,0,0D0,0D0,0D0,0D0,3.333333333333D-1,                   303P    429
6.666666666667D-1,1D0,1D0,1D0,1D0,1D0,1D0,1D0,1D0,1D0,1D0,           303P    430
3.000001551462D-1,2.505133167736D-1,-5.799995677798D0,               303P    431
2.999193741775D-1,2.506274671468D-1,-5.802246146218D0,               303P    432
2.997584882152D-1,2.508927703150D-1,-5.806728251135D0,               303P    433
2.995171899554D-1,2.514042876770D-1,-5.813450553699D0,               303P    434
2.993566133740D-1,2.518206575492D-1,-5.817924039606D0,               303P    435
2.992763749612D-1,2.520477164685D-1,-5.820159393016D0,0D0,1D0,       303P    436
0D0,0D0,1D0;                                                         303P    437
110,2.992763749612D-1,2.520477164685D-1,-5.820159393016D0,           305P    438
-2.992763749612D-1,2.520477164685D-1,-5.820159393016D0;              305P    439
110,-2.048974451652D-1,5.191215163769D-1,-8.449451963291D0,          307P    440
-2.992763749612D-1,2.520477164685D-1,-5.820159393016D0;              307P    441
124,3.587207739119D-2,0D0,-9.993563899148D-1,-2.067111621484D-1,     309P    442
0D0,-1D0,0D0,1.016561870791D0,-9.993563899148D-1,0D0,                309P    443
-3.587207739119D-2,-8.398923814699D0;                                309P    444
104,9.987131940636D-1,0D0,1D0,0D0,0D0,-2.5D-1,0D0,                   311P    445
4.638311320503D-1,1.874500559985D-1,5.056068996190D-2,               311P    446
4.974403544143D-1;                                                   311P    447
110,-2.048974451652D-1,5.191215163769D-1,-8.449451963291D0,          313P    448
2.048974451652D-1,5.191215163769D-1,-8.449451963291D0;               313P    449
110,1.900725758831D-1,8.291118147926D-1,-8.862456420355D0,           315P    450
-1.900725758831D-1,8.291118147926D-1,-8.862456420355D0;              315P    451
124,3.587207739119D-2,0D0,9.993563899148D-1,1.767617068708D-1,       317P    452
0D0,-1D0,0D0,6.791517699933D-1,9.993563899148D-1,0D0,                317P    453
-3.587207739119D-2,-9.233282504879D0;                                317P    454
104,9.987131940636D-1,0D0,1D0,0D0,0D0,-1.6D-1,0D0,                   319P    455
3.056755474111D-1,-2.582299279642D-1,3.710649056400D-1,              319P    456
-1.499600447994D-1;                                                  319P    457
126,5,3,0,0,1,0,0D0,0D0,0D0,0D0,3.333333333333D-1,                   321P    458
6.666666666667D-1,1D0,1D0,1D0,1D0,1D0,1D0,1D0,1D0,1D0,1D0,           321P    459
-1.873975424584D-1,9.511168163096D-1,-8.936885566665D0,              321P    460
-1.874403306865D-1,9.497856651049D-1,-8.935693533968D0,              321P    461
-1.875236726067D-1,9.469705624164D-1,-8.933475010975D0,              321P    462
-1.876335890873D-1,9.423362036565D-1,-8.930514003935D0,              321P    463
-1.876873816092D-1,9.390874030955D-1,-8.928642394407D0,              321P    464
-1.877155053134D-1,9.373565231305D-1,-8.927858899121D0,0D0,1D0,      321P    465
0D0,0D0,1D0;                                                         321P    466
126,17,3,0,0,1,0,0D0,0D0,0D0,0D0,6.666666666667D-2,                  323P    467
1.333333333333D-1,2D-1,2.666666666667D-1,3.333333333333D-1,4D-1,     323P    468
4.666666666667D-1,5.333333333333D-1,6D-1,6.666666666667D-1,          323P    469
7.333333333333D-1,8D-1,8.666666666667D-1,9.333333333333D-1,1D0,      323P    470
1D0,1D0,1D0,1D0,1D0,1D0,1D0,1D0,1D0,1D0,1D0,1D0,1D0,1D0,1D0,1D0,     323P    471
1D0,1D0,1D0,1D0,1D0,-1.877155053134D-1,9.373565231305D-1,            323P    472
-8.927858899121D0,-1.832735698707D-1,9.349965957557D-1,              323P    473
-8.925863985389D0,-1.727626661548D-1,9.313310683713D-1,              323P    474
-8.922728857245D0,-1.547084346904D-1,9.257088663938D-1,              323P    475
-8.918292332204D0,-1.335630413741D-1,9.210280664786D-1,              323P    476
-8.914680823172D0,-1.098663530005D-1,9.169511415128D-1,              323P    477
-8.911633162648D0,-8.338794697998D-2,9.135922253414D-1,              323P    478
-8.909180360633D0,-5.379931425486D-2,9.110267806955D-1,              323P    479
-8.907343682134D0,-2.023852117422D-2,9.094757151207D-1,              323P    480
-8.906248710404D0,1.592381152690D-2,9.093675318678D-1,               323P    481
-8.906172769936D0,5.105589711839D-2,9.108294085173D-1,               323P    482
-8.907203452422D0,8.190902538280D-2,9.134255838395D-1,               323P    483
-8.909059657356D0,1.090106848965D-1,9.168206832634D-1,               323P    484
-8.911536658860D0,1.329325991017D-1,9.209024624338D-1,               323P    485
-8.914585460335D0,1.543253539070D-1,9.256062011721D-1,               323P    486
-8.918211705722D0,1.725998199971D-1,9.312686638683D-1,               323P    487
-8.922677770369D0,1.832261726362D-1,9.349714143832D-1,               323P    488
-8.925842698859D0,1.877155053134D-1,9.373565231305D-1,               323P    489
-8.927858899121D0,0D0,1D0,0D0,0D0,1D0;                               323P    490
126,5,3,0,0,1,0,0D0,0D0,0D0,0D0,3.333333333333D-1,                   325P    491
6.666666666667D-1,1D0,1D0,1D0,1D0,1D0,1D0,1D0,1D0,1D0,1D0,           325P    492
1.877155053134D-1,9.373565231305D-1,-8.927858899121D0,               325P    493
1.876873820611D-1,9.390873752807D-1,-8.928642381816D0,               325P    494
1.876336079070D-1,9.423361397164D-1,-8.930513971938D0,               325P    495
1.875236126464D-1,9.469705119991D-1,-8.933474958356D0,               325P    496
1.874404631734D-1,9.497856286487D-1,-8.935693535274D0,               325P    497
1.873976742890D-1,9.511168002541D-1,-8.936885586253D0,0D0,1D0,       325P    498
0D0,0D0,1D0;                                                         325P    499
126,8,3,0,0,1,0,0D0,0D0,0D0,0D0,1.666666666667D-1,                   327P    500
3.333333333333D-1,5D-1,6.666666666667D-1,8.333333333333D-1,1D0,      327P    501
1D0,1D0,1D0,1D0,1D0,1D0,1D0,1D0,1D0,1D0,1D0,1D0,                     327P    502
-1.688613637419D-1,1.019888056952D0,-9.453378938574D0,               327P    503
-1.698319982150D-1,1.037156677080D0,-9.426338135993D0,               327P    504
-1.718560247229D-1,1.064374243326D0,-9.369948874815D0,               327P    505
-1.751956708185D-1,1.085066920264D0,-9.276909891014D0,               327P    506
-1.786015491378D-1,1.083501916124D0,-9.182029625152D0,               327P    507
-1.819022107024D-1,1.060165850141D0,-9.090062039477D0,               327P    508
-1.849322321777D-1,1.015858947354D0,-9.005704481634D0,               327P    509
-1.866236163664D-1,9.748333727854D-1,-8.958446291372D0,              327P    510
-1.873975424584D-1,9.511168163096D-1,-8.936885566665D0,0D0,1D0,      327P    511
0D0,0D0,1D0;                                                         327P    512
124,1.874015816062D-1,-9.822833843711D-1,0D0,0D0,                    329P    513
6.641183645245D-1,1.267015546285D-1,-7.368130793872D-1,              329P    514
2.870157962454D-1,7.237592452693D-1,1.380799364253D-1,               329P    515
6.760965064574D-1,-9.660634090927D0;                                 329P    516
100,0D0,0D0,0D0,1.000000000004D0,0D0,9.297614426119D-1,              331P    517
3.681625454062D-1;                                                   331P    518
126,8,3,0,0,1,0,0D0,0D0,0D0,0D0,1.666666666667D-1,                   333P    519
3.333333333333D-1,5D-1,6.666666666667D-1,8.333333333333D-1,1D0,      333P    520
1D0,1D0,1D0,1D0,1D0,1D0,1D0,1D0,1D0,1D0,1D0,1D0,                     333P    521
1.688613629738D-1,1.019888053129D0,-9.453378944736D0,                333P    522
1.698319586274D-1,1.037155982614D0,-9.426339223622D0,                333P    523
1.718559121856D-1,1.064372948365D0,-9.369952007584D0,                333P    524
1.751954823546D-1,1.085066284294D0,-9.276915172651D0,                333P    525
1.786013326630D-1,1.083502704006D0,-9.182035533334D0,                333P    526
1.819020493876D-1,1.060167852783D0,-9.090066992557D0,                333P    527
1.849320738738D-1,1.015861041052D0,-9.005707178263D0,                333P    528
1.866237165578D-1,9.748343256063D-1,-8.958447192396D0,               333P    529
1.873976742890D-1,9.511168002541D-1,-8.936885586253D0,0D0,1D0,       333P    530
0D0,0D0,1D0;                                                         333P    531
124,1.688613854646D-1,-9.856398087024D-1,0D0,0D0,                    335P    532
8.279381125169D-1,1.418436791251D-1,5.425853412453D-1,               335P    533
1.919513738413D-1,-5.347937119497D-1,-9.162171245544D-2,             335P    534
8.400006830151D-1,-8.918583006955D0;                                 335P    535
100,0D0,0D0,0D0,1.000000000004D0,0D0,9.856398087063D-1,              337P    536
1.688613854652D-1;                                                   337P    537
124,0D0,-1D0,0D0,0D0,8.400006830151D-1,0D0,5.425853412453D-1,        339P    538
1.919513738413D-1,-5.425853412453D-1,0D0,8.400006830151D-1,          339P    539
-8.918583006955D0;                                                   339P    540
100,0D0,0D0,0D0,1.000000000004D0,0D0,9.856398087062D-1,              341P    541
1.688613854654D-1;                                                   341P    542
124,3.012685615726D-2,1.947250560249D-2,9.993563899148D-1,0D0,       343P    543
-5.428318351943D-1,8.398414128272D-1,0D0,-3.192153939077D0,          343P    544
-8.393008824240D-1,-5.424824631506D-1,3.587207739119D-2,             343P    545
-1.415766810227D1;                                                   343P    546
104,9.079717452617D-4,0D0,1D0,0D0,0D0,-1D0,0D0,                      345P    547
-6.089766290165D0,9.830196527458D-1,-6.239826517245D0,               345P    548
9.821648156812D-1;                                                   345P    549
124,3.012685615726D-2,1.947250560249D-2,9.993563899148D-1,0D0,       347P    550
5.428318351943D-1,-8.398414128272D-1,0D0,-3.192153939077D0,          347P    551
8.393008824240D-1,5.424824631506D-1,-3.587207739119D-2,              347P    552
-1.415766810227D1;                                                   347P    553
104,9.079717452617D-4,0D0,1D0,0D0,0D0,-1D0,0D0,6.089766290165D0,     349P    554
-9.830196527458D-1,6.239826495429D0,-9.821648158070D-1;              349P    555
110,2D-1,4.676999651246D-2,1.323072600334D-1,-2D-1,                  351P    556
4.676999651246D-2,1.323072600334D-1;                                 351P    557
110,-2D-1,0D0,3.2D-1,2D-1,0D0,3.2D-1;                                353P    558
128,1,1,1,1,0,0,1,0,0,1.685909170491D-1,1.685909170491D-1,           355P    559
5.144410749640D-1,5.144410749640D-1,-4.778935263009D-1,              355P    560
-4.778935263009D-1,-1.221064736991D-1,-1.221064736991D-1,1D0,        355P    561
1D0,1D0,1D0,-1.778935263009D-1,9.236770829412D-1,                    355P    562
-9.591933126848D0,-1.778935263009D-1,7.360238569893D-1,              355P    563
-9.882447495718D0,1.778935263009D-1,9.236770829412D-1,               355P    564
-9.591933126848D0,1.778935263009D-1,7.360238569893D-1,               355P    565
-9.882447495718D0,1.685909170491D-1,5.144410749640D-1,               355P    566
-4.778935263009D-1,-1.221064736991D-1;                               355P    567
110,-1.634524513369D-1,9.158415673541D-1,-9.604063639682D0,          357P    568
-1.582816965858D-1,8.227937363075D-1,-9.748115146507D0;              357P    569
102,6,23,51,357,19,67,17;                                            359P    570
110,3.545254643638D-1,-1.417184156613D-1,0D0,1.830319920131D-1,      361P    571
-1.365475486631D-1,0D0;                                              361P    572
126,13,3,0,0,1,0,0D0,0D0,0D0,0D0,7.054404886203D-2,                  363P    573
1.501038096360D-1,2.386152977990D-1,3.364179092888D-1,               363P    574
4.430788660658D-1,5.538094075561D-1,6.610540250264D-1,               363P    575
7.601139193847D-1,8.499526122334D-1,9.301800752630D-1,1D0,1D0,       363P    576
1D0,1D0,1D0,1D0,1D0,1D0,1D0,1D0,1D0,1D0,1D0,1D0,1D0,1D0,1D0,1D0,     363P    577
1.830319920131D-1,-1.365475486631D-1,0D0,1.861154559482D-1,          363P    578
-1.437675978165D-1,0D0,1.917977306067D-1,-1.594554680200D-1,0D0,     363P    579
1.984993754511D-1,-1.851375040515D-1,0D0,2.039599903050D-1,          363P    580
-2.141802273350D-1,0D0,2.079283027201D-1,-2.465038723608D-1,0D0,     363P    581
2.100796197042D-1,-2.814715303631D-1,0D0,2.101105592593D-1,          363P    582
-3.175557927781D-1,0D0,2.080032272752D-1,-3.527312585160D-1,0D0,     363P    583
2.040316256905D-1,-3.854097309069D-1,0D0,1.985187900429D-1,          363P    584
-4.148109633259D-1,0D0,1.917732781103D-1,-4.406283925023D-1,0D0,     363P    585
1.860840717472D-1,-4.563068649879D-1,0D0,1.830319920131D-1,          363P    586
-4.634524513369D-1,0D0,0D0,1D0,0D0,0D0,1D0;                          363P    587
110,1.830319920131D-1,-4.634524513369D-1,0D0,3.545254650354D-1,      365P    588
-4.582815843184D-1,0D0;                                              365P    589
126,7,3,0,0,1,0,0D0,0D0,0D0,0D0,2.005831412574D-1,                   367P    590
4.002615389604D-1,5.996539471381D-1,7.993441867285D-1,1D0,1D0,       367P    591
1D0,1D0,1D0,1D0,1D0,1D0,1D0,1D0,1D0,1D0,3.545254650354D-1,           367P    592
-4.582815843184D-1,0D0,3.700002111289D-1,-4.578915398204D-1,0D0,     367P    593
4.006344116228D-1,-4.520442139713D-1,0D0,4.418239090958D-1,          367P    594
-4.299582270485D-1,0D0,4.743319269947D-1,-3.964506539496D-1,0D0,     367P    595
4.951628125547D-1,-3.546050699928D-1,0D0,5.000796860360D-1,          367P    596
-3.238008188035D-1,0D0,5D-1,-3.083158439395D-1,0D0,0D0,1D0,0D0,      367P    597
0D0,1D0;                                                             367P    598
110,5D-1,-3.083158439395D-1,0D0,5D-1,-2.916841567340D-1,0D0;         369P    599
126,7,3,0,0,1,0,0D0,0D0,0D0,0D0,2.006322523495D-1,                   371P    600
4.003106488996D-1,5.997030559259D-1,7.993932943632D-1,1D0,1D0,       371P    601
1D0,1D0,1D0,1D0,1D0,1D0,1D0,1D0,1D0,1D0,5D-1,-2.916841567340D-1,     371P    602
0D0,5.000796550129D-1,-2.762010285690D-1,0D0,4.951638363285D-1,      371P    603
-2.453995126874D-1,0D0,4.743361277408D-1,-2.035555259705D-1,0D0,     371P    604
4.418299587422D-1,-1.700461592128D-1,0D0,4.006389606673D-1,          371P    605
-1.479569483113D-1,0D0,3.700020577040D-1,-1.421084851761D-1,0D0,     371P    606
3.545254643638D-1,-1.417184156613D-1,0D0,0D0,1D0,0D0,0D0,1D0;        371P    607
102,6,361,363,365,367,369,371;                                       373P    608
142,0,355,373,359,1;                                                 375P    609
144,355,1,0,375;                                                     377P    610
128,1,1,1,1,0,0,1,0,0,-8.119809896286D-2,-8.119809896286D-2,         379P    611
4.140428349412D0,4.140428349412D0,-1.306865859968D0,                 379P    612
-1.306865859968D0,-2.298000002607D-1,-2.298000002607D-1,1D0,1D0,     379P    613
1D0,1D0,3.029127444900D-1,1.306865859968D0,-5.718854160953D0,        379P    614
1.514742338172D-1,1.306865859968D0,-9.937763527970D0,                379P    615
3.029127444900D-1,2.298000002607D-1,-5.718854160953D0,               379P    616
1.514742338172D-1,2.298000002607D-1,-9.937763527970D0,               379P    617
-8.119809896286D-2,4.140428349412D0,-1.306865859968D0,               379P    618
-2.298000002607D-1;                                                  379P    619
126,5,3,0,0,1,0,0D0,0D0,0D0,0D0,3.333333333333D-1,                   381P    620
6.666666666667D-1,1D0,1D0,1D0,1D0,1D0,1D0,1D0,1D0,1D0,1D0,           381P    621
1.873976742890D-1,9.511168002541D-1,-8.936885586253D0,               381P    622
1.874404631734D-1,9.497856286487D-1,-8.935693535274D0,               381P    623
1.875236126464D-1,9.469705119991D-1,-8.933474958356D0,               381P    624
1.876336079070D-1,9.423361397164D-1,-8.930513971938D0,               381P    625
1.876873820611D-1,9.390873752807D-1,-8.928642381816D0,               381P    626
1.877155053134D-1,9.373565231305D-1,-8.927858899121D0,0D0,1D0,       381P    627
0D0,0D0,1D0;                                                         381P    628
126,5,3,0,0,1,0,0D0,0D0,0D0,0D0,3.333333333333D-1,                   383P    629
6.666666666667D-1,1D0,1D0,1D0,1D0,1D0,1D0,1D0,1D0,1D0,1D0,           383P    630
2.992763749612D-1,2.520477164685D-1,-5.820159393016D0,               383P    631
2.993566133740D-1,2.518206575492D-1,-5.817924039606D0,               383P    632
2.995171899554D-1,2.514042876770D-1,-5.813450553699D0,               383P    633
2.997584882152D-1,2.508927703150D-1,-5.806728251135D0,               383P    634
2.999193741775D-1,2.506274671468D-1,-5.802246146218D0,               383P    635
3.000001551462D-1,2.505133167736D-1,-5.799995677798D0,0D0,1D0,       383P    636
0D0,0D0,1D0;                                                         383P    637
126,9,3,0,0,1,0,0D0,0D0,0D0,0D0,1.428571428571D-1,                   385P    638
2.857142857143D-1,4.285714285714D-1,5.714285714286D-1,               385P    639
7.142857142857D-1,8.571428571429D-1,1D0,1D0,1D0,1D0,1D0,1D0,1D0,     385P    640
1D0,1D0,1D0,1D0,1D0,1D0,1D0,1.927466347168D-1,1.087795019319D0,      385P    641
-8.787942950770D0,1.917537705464D-1,1.118178781666D0,                385P    642
-8.815603048127D0,1.895977070089D-1,1.172069187764D0,                385P    643
-8.875693700642D0,1.858138757323D-1,1.234164565528D0,                385P    644
-8.981096962485D0,1.816776695057D-1,1.273807903039D0,                385P    645
-9.096329795959D0,1.773383141130D-1,1.289816135401D0,                385P    646
-9.217218711860D0,1.729734806785D-1,1.281528961395D0,                385P    647
-9.338818336822D0,1.687388309961D-1,1.248979862235D0,                385P    648
-9.456790939052D0,1.661517109210D-1,1.212560227639D0,                385P    649
-9.528865253928D0,1.649080731074D-1,1.190386349983D0,                385P    650
-9.563511627547D0,0D0,1D0,0D0,0D0,1D0;                               385P    651
124,-3.012685615726D-2,1.947250560249D-2,-9.993563899148D-1,0D0,     387P    652
-5.428318351943D-1,-8.398414128272D-1,0D0,-3.192153939077D0,         387P    653
-8.393008824240D-1,5.424824631506D-1,3.587207739119D-2,              387P    654
-1.415766810227D1;                                                   387P    655
104,9.079717452617D-4,0D0,1D0,0D0,0D0,-1.44D0,0D0,                   389P    656
-6.239821531303D0,-1.185178375460D0,-6.089766290166D0,               389P    657
-1.185886857033D0;                                                   389P    658
126,5,3,0,0,1,0,0D0,0D0,0D0,0D0,3.333333333333D-1,                   391P    659
6.666666666667D-1,1D0,1D0,1D0,1D0,1D0,1D0,1D0,1D0,1D0,1D0,           391P    660
1.603733245876D-1,1.109521965582D0,-9.689844704398D0,                391P    661
1.601229267446D-1,1.105056250919D0,-9.696820511284D0,                391P    662
1.596380571504D-1,1.095565998792D0,-9.710328441756D0,                391P    663
1.589552357025D-1,1.079597010322D0,-9.729351091870D0,                391P    664
1.585356777205D-1,1.067935250285D0,-9.741039513082D0,                391P    665
1.583343848445D-1,1.061836913683D0,-9.746647309911D0,0D0,1D0,        391P    666
0D0,0D0,1D0;                                                         391P    667
110,1.583343848445D-1,1.061836913683D0,-9.746647309911D0,            393P    668
1.543864568998D-1,9.907938729108D-1,-9.856632214756D0;               393P    669
102,19,23,49,349,333,381,319,27,29,383,289,31,133,35,121,385,        395P    670
389,391,393,37;                                                      395P    671
110,3.950656269496D0,-8.227947501874D-1,0D0,3.806513550192D0,        397P    672
-9.158415673544D-1,0D0;                                              397P    673
126,5,3,0,0,1,0,0D0,0D0,0D0,0D0,3.333451101491D-1,                   399P    674
6.666727470598D-1,1D0,1D0,1D0,1D0,1D0,1D0,1D0,1D0,1D0,1D0,           399P    675
3.806513550192D0,-9.158415673544D-1,0D0,3.804360490534D0,            399P    676
-9.189296313933D-1,0D0,3.799644154745D0,-9.248177699594D-1,0D0,      399P    677
3.791478685100D0,-9.326526666110D-1,0D0,3.785401080488D0,            399P    678
-9.371218710544D-1,0D0,3.782227083219D0,-9.391456861166D-1,0D0,      399P    679
0D0,1D0,0D0,0D0,1D0;                                                 399P    680
126,5,3,0,0,1,0,0D0,0D0,0D0,0D0,3.333509710516D-1,                   401P    681
6.667019428536D-1,1D0,1D0,1D0,1D0,1D0,1D0,1D0,1D0,1D0,1D0,           401P    682
3.782227083219D0,-9.391456861166D-1,0D0,3.768172427794D0,            401P    683
-9.481181943947D-1,0D0,3.740062701661D0,-9.660625605160D-1,0D0,      401P    684
3.697899098838D0,-9.929757357238D-1,0D0,3.669789945019D0,            401P    685
-1.010916079115D0,0D0,3.655736276655D0,-1.019885214428D0,0D0,        401P    686
0D0,1D0,0D0,0D0,1D0;                                                 401P    687
126,8,3,0,0,1,0,0D0,0D0,0D0,0D0,1.668781267251D-1,                   403P    688
3.335447118766D-1,5.001124900509D-1,6.666597402473D-1,               403P    689
8.332642771260D-1,1D0,1D0,1D0,1D0,1D0,1D0,1D0,1D0,1D0,1D0,1D0,       403P    690
1D0,1D0,3.655736276655D0,-1.019885214428D0,0D0,3.629193359725D0,     403P    691
-1.036908619002D0,0D0,3.572080074988D0,-1.064463638451D0,0D0,        403P    692
3.479239567299D0,-1.085032978800D0,0D0,3.384217136665D0,             403P    693
-1.083523420237D0,0D0,3.292121873401D0,-1.060119490850D0,0D0,        403P    694
3.207935227150D0,-1.015996067043D0,0D0,3.160046814505D0,             403P    695
-9.744884479896D-1,0D0,3.138896543134D0,-9.511371291353D-1,0D0,      403P    696
0D0,1D0,0D0,0D0,1D0;                                                 403P    697
126,5,3,0,0,1,0,0D0,0D0,0D0,0D0,3.266563920357D-1,                   405P    698
6.593906644738D-1,1D0,1D0,1D0,1D0,1D0,1D0,1D0,1D0,1D0,1D0,           405P    699
3.138896543134D0,-9.511371291353D-1,0D0,3.137707108198D0,            405P    700
-9.497833440777D-1,0D0,3.135467616413D0,-9.469228872688D-1,0D0,      405P    701
3.132478673213D0,-9.422922061840D-1,0D0,3.130685203842D0,            405P    702
-9.390417715335D-1,0D0,3.129818075811D0,-9.373816979575D-1,0D0,      405P    703
0D0,1D0,0D0,0D0,1D0;                                                 405P    704
126,5,3,0,0,1,0,0D0,0D0,0D0,0D0,3.333780086137D-1,                   407P    705
6.667034515227D-1,1D0,1D0,1D0,1D0,1D0,1D0,1D0,1D0,1D0,1D0,           407P    706
3.129818075811D0,-9.373816979575D-1,0D0,3.120698937352D0,            407P    707
-9.266074067546D-1,0D0,3.103615390288D0,-9.040871930338D-1,0D0,      407P    708
3.081696585248D0,-8.677943725192D-1,0D0,3.069718364396D0,            407P    709
-8.421949181334D-1,0D0,3.064428717583D0,-8.291118147925D-1,0D0,      407P    710
0D0,1D0,0D0,0D0,1D0;                                                 407P    711
126,7,3,0,0,1,0,0D0,0D0,0D0,0D0,2.003163552178D-1,                   409P    712
4.001609458620D-1,5.998566832049D-1,7.996953873568D-1,1D0,1D0,       409P    713
1D0,1D0,1D0,1D0,1D0,1D0,1D0,1D0,1D0,1D0,3.064428717583D0,            409P    714
-8.291118147925D-1,0D0,3.050881348349D0,-7.954744439079D-1,0D0,      409P    715
3.016303759115D0,-7.313792711124D-1,0D0,2.945125282186D0,            409P    716
-6.485927368627D-1,0D0,2.857846650837D0,-5.831271626881D-1,0D0,      409P    717
2.758449090110D0,-5.379674550354D-1,0D0,2.687240868804D0,            409P    718
-5.227125115711D-1,0D0,2.651158275494D0,-5.191215163770D-1,0D0,      409P    719
0D0,1D0,0D0,0D0,1D0;                                                 409P    720
110,2.651158275494D0,-5.191215163770D-1,0D0,2.017237616075D-2,       411P    721
-2.520477164685D-1,0D0;                                              411P    722
126,5,3,0,0,1,0,0D0,0D0,0D0,0D0,3.331182236609D-1,                   413P    723
6.662375521635D-1,1D0,1D0,1D0,1D0,1D0,1D0,1D0,1D0,1D0,1D0,           413P    724
2.017237616075D-2,-2.520477164685D-1,0D0,1.793579169522D-2,          413P    725
-2.518206638428D-1,0D0,1.345878934848D-2,-2.514042664124D-1,0D0,     413P    726
6.729389271524D-3,-2.508925021248D-1,0D0,2.236563760233D-3,          413P    727
-2.506268262751D-1,0D0,-1.297495564790D-5,-2.505128052551D-1,        413P    728
0D0,0D0,1D0,0D0,0D0,1D0;                                             413P    729
110,-1.297495564790D-5,-2.505128052551D-1,0D0,                       415P    730
-1.297495564790D-5,-4.510273682032D-1,0D0;                           415P    731
110,-1.297495564790D-5,-4.510273682032D-1,0D0,2.630933999509D0,      417P    732
-7.180976581428D-1,0D0;                                              417P    733
126,7,3,0,0,1,0,0D0,0D0,0D0,0D0,2.000928126678D-1,                   419P    734
4.001438365231D-1,6.001499732523D-1,8.001051966718D-1,1D0,1D0,       419P    735
1D0,1D0,1D0,1D0,1D0,1D0,1D0,1D0,1D0,1D0,2.630933999509D0,            419P    736
-7.180976581428D-1,0D0,2.652559850890D0,-7.202533402885D-1,0D0,      419P    737
2.695284581753D0,-7.294037584367D-1,0D0,2.754959241526D0,            419P    738
-7.565040554683D-1,0D0,2.807380247530D0,-7.958298649483D-1,0D0,      419P    739
2.850070652955D0,-8.455177247010D-1,0D0,2.870788547994D0,            419P    740
-8.839505025961D-1,0D0,2.878896264763D0,-9.040918371921D-1,0D0,      419P    741
0D0,1D0,0D0,0D0,1D0;                                                 419P    742
126,5,3,0,0,1,0,0D0,0D0,0D0,0D0,3.333310066552D-1,                   421P    743
6.666689933444D-1,1D0,1D0,1D0,1D0,1D0,1D0,1D0,1D0,1D0,1D0,           421P    744
2.878896264763D0,-9.040918371921D-1,0D0,2.885221623063D0,            421P    745
-9.197527094884D-1,0D0,2.899208837331D0,-9.505338551708D-1,0D0,      421P    746
2.924020596872D0,-9.947651047757D-1,0D0,2.942997099707D0,            421P    747
-1.022747481956D0,0D0,2.953064372194D0,-1.036309307179D0,0D0,        421P    748
0D0,1D0,0D0,0D0,1D0;                                                 421P    749
126,5,3,0,0,1,0,0D0,0D0,0D0,0D0,3.360184366942D-1,                   423P    750
6.691866411773D-1,1D0,1D0,1D0,1D0,1D0,1D0,1D0,1D0,1D0,1D0,           423P    751
2.953064372194D0,-1.036309307179D0,0D0,2.956551684995D0,             423P    752
-1.042496480247D0,0D0,2.963905858879D0,-1.054598816553D0,0D0,        423P    753
2.976161870332D0,-1.071848471085D0,0D0,2.985165710588D0,             423P    754
-1.082632492367D0,0D0,2.989874492944D0,-1.087809877257D0,0D0,        423P    755
0D0,1D0,0D0,0D0,1D0;                                                 423P    756
126,9,3,0,0,1,0,0D0,0D0,0D0,0D0,1.429820733288D-1,                   425P    757
2.858069659355D-1,4.285279867733D-1,5.712255475764D-1,               425P    758
7.139800565045D-1,8.568724476921D-1,1D0,1D0,1D0,1D0,1D0,1D0,1D0,     425P    759
1D0,1D0,1D0,1D0,1D0,1D0,1D0,2.989874492944D0,-1.087809877257D0,      425P    760
0D0,3.017144921656D0,-1.117829011856D0,0D0,3.077797433591D0,         425P    761
-1.172183137208D0,0D0,3.183055140319D0,-1.234106221458D0,0D0,        425P    762
3.298459710167D0,-1.273816199476D0,0D0,3.419424796720D0,             425P    763
-1.289823107575D0,0D0,3.541214735892D0,-1.281492793780D0,0D0,        425P    764
3.659022047886D0,-1.249052770270D0,0D0,3.731773402734D0,             425P    765
-1.212305335961D0,0D0,3.765942668957D0,-1.190381714386D0,0D0,        425P    766
0D0,1D0,0D0,0D0,1D0;                                                 425P    767
126,5,3,0,0,1,0,0D0,0D0,0D0,0D0,3.332760008661D-1,                   427P    768
6.666380006866D-1,1D0,1D0,1D0,1D0,1D0,1D0,1D0,1D0,1D0,1D0,           427P    769
3.765942668957D0,-1.190381714386D0,0D0,3.779986012732D0,             427P    770
-1.181399649948D0,0D0,3.808075980196D0,-1.163432665725D0,0D0,        427P    771
3.850211710957D0,-1.136479416690D0,0D0,3.878303925184D0,             427P    772
-1.118507962123D0,0D0,3.892349860023D0,-1.109521965582D0,0D0,        427P    773
0D0,1D0,0D0,0D0,1D0;                                                 427P    774
126,5,3,0,0,1,0,0D0,0D0,0D0,0D0,3.333261648352D-1,                   429P    775
6.666570903203D-1,1D0,1D0,1D0,1D0,1D0,1D0,1D0,1D0,1D0,1D0,           429P    776
3.892349860023D0,-1.109521965582D0,0D0,3.899313923958D0,             429P    777
-1.105068184547D0,0D0,3.912856451830D0,-1.095558471577D0,0D0,        429P    778
3.931873060309D0,-1.079604794388D0,0D0,3.943592348562D0,             429P    779
-1.067921188807D0,0D0,3.949189047810D0,-1.061836913683D0,0D0,        429P    780
0D0,1D0,0D0,0D0,1D0;                                                 429P    781
110,3.949189047810D0,-1.061836913683D0,0D0,4.059243225405D0,         431P    782
-9.907948867906D-1,0D0;                                              431P    783
110,4.059243225405D0,-9.907948867906D-1,0D0,3.950656269496D0,        433P    784
-8.227947501874D-1,0D0;                                              433P    785
102,19,397,399,401,403,405,407,409,411,413,415,417,419,421,423,      435P    786
425,427,429,431,433;                                                 435P    787
142,0,379,435,395,1;                                                 437P    788
144,379,1,0,437;                                                     439P    789
110,0D0,8.665641873725D-1,-9.532909916531D0,1D0,                     441P    790
8.665641873725D-1,-9.532909916531D0;                                 441P    791
124,-1.785507980054D-1,9.839306949840D-1,0D0,0D0,                    443P    792
1.806771219009D-1,3.278690710757D-2,-9.829958272261D-1,              443P    793
7.012990822804D-1,-9.671997674489D-1,-1.755146893872D-1,             443P    794
-1.836278945478D-1,-8.648213672032D0;                                443P    795
100,0D0,0D0,0D0,9.999999999942D-1,0D0,9.362392250578D-1,             445P    796
3.513632215408D-1;                                                   445P    797
120,441,445,1.407799603214D-3,9.797381865283D-1;                     447P    798
126,5,3,0,0,1,0,0D0,0D0,0D0,0D0,3.333333333333D-1,                   449P    799
6.666666666667D-1,1D0,1D0,1D0,1D0,1D0,1D0,1D0,1D0,1D0,1D0,           449P    800
-1.643236573597D-1,9.391456861166D-1,-9.579792803724D0,              449P    801
-1.642092018964D-1,9.371087567087D-1,-9.582981406308D0,              449P    802
-1.639921272807D-1,9.326609077301D-1,-9.589028864944D0,              449P    803
-1.636985687432D-1,9.248087527134D-1,-9.597207081029D0,              449P    804
-1.635301823962D-1,9.189458076466D-1,-9.601898138366D0,              449P    805
-1.634524513369D-1,9.158415673541D-1,-9.604063639682D0,0D0,1D0,      449P    806
0D0,0D0,1D0;                                                         449P    807
126,13,3,0,0,1,0,0D0,0D0,0D0,0D0,9.090909090909D-2,                  451P    808
1.818181818182D-1,2.727272727273D-1,3.636363636364D-1,               451P    809
4.545454545455D-1,5.454545454545D-1,6.363636363636D-1,               451P    810
7.272727272727D-1,8.181818181818D-1,9.090909090909D-1,1D0,1D0,       451P    811
1D0,1D0,1D0,1D0,1D0,1D0,1D0,1D0,1D0,1D0,1D0,1D0,1D0,1D0,1D0,1D0,     451P    812
-1.634524513369D-1,9.158415673541D-1,-9.604063639682D0,              451P    813
-1.568408423368D-1,9.142842202611D-1,-9.606474638510D0,              451P    814
-1.423014879973D-1,9.113899513085D-1,-9.610955385983D0,              451P    815
-1.163679639946D-1,9.076216852442D-1,-9.616789207554D0,              451P    816
-8.693017923616D-2,9.045758683550D-1,-9.621504573180D0,              451P    817
-5.413209865874D-2,9.023584660372D-1,-9.624937433082D0,              451P    818
-1.817541387827D-2,9.011502656440D-1,-9.626807902257D0,              451P    819
1.924221588603D-2,9.011688753153D-1,-9.626779091791D0,               451P    820
5.501940649977D-2,9.024067730179D-1,-9.624862646880D0,               451P    821
8.734939209085D-2,9.046172023009D-1,-9.621440582246D0,               451P    822
1.163151388424D-1,9.076210435125D-1,-9.616790201048D0,               451P    823
1.419830540276D-1,9.113375907278D-1,-9.611036447744D0,               451P    824
1.566967390698D-1,9.142502771160D-1,-9.606527187414D0,               451P    825
1.634524513369D-1,9.158415673542D-1,-9.604063639682D0,0D0,1D0,       451P    826
0D0,0D0,1D0;                                                         451P    827
124,1.643236573607D-1,-9.864064758666D-1,0D0,0D0,                    453P    828
8.285821134567D-1,1.380319844182D-1,5.425853412481D-1,               453P    829
1.105635726647D-1,-5.352096943174D-1,-8.915960770416D-2,             453P    830
8.400006830133D-1,-9.044583109410D0;                                 453P    831
100,0D0,0D0,0D0,9.999999999942D-1,0D0,9.864064758609D-1,             455P    832
1.643236573597D-1;                                                   455P    833
124,0D0,-1D0,0D0,0D0,8.400006830132D-1,0D0,5.425853412481D-1,        457P    834
1.105635726647D-1,-5.425853412481D-1,0D0,8.400006830132D-1,          457P    835
-9.044583109410D0;                                                   457P    836
100,0D0,0D0,0D0,9.999999999942D-1,0D0,9.864064758609D-1,             459P    837
1.643236573597D-1;                                                   459P    838
102,5,449,451,49,455,459;                                            461P    839
126,5,3,0,0,1,0,0D0,0D0,0D0,0D0,3.333272529384D-1,                   463P    840
6.666548898529D-1,1D0,1D0,1D0,1D0,1D0,1D0,1D0,1D0,1D0,1D0,           463P    841
1.444107496410D-2,8.126086419043D-1,0D0,1.455650661826D-2,           463P    842
7.690675603471D-1,0D0,1.477751976474D-2,6.820107127289D-1,0D0,       463P    843
1.507443344415D-2,5.514897116612D-1,0D0,1.524592850219D-2,           463P    844
4.645129560808D-1,0D0,1.532422210005D-2,4.210313615832D-1,0D0,       463P    845
0D0,1D0,0D0,0D0,1D0;                                                 463P    846
126,13,3,0,0,1,0,0D0,0D0,0D0,0D0,6.981992473698D-2,                  465P    847
1.500473877666D-1,2.398860806153D-1,3.389459749736D-1,               465P    848
4.461905924439D-1,5.569211339342D-1,6.635820907112D-1,               465P    849
7.613847022010D-1,8.498961903640D-1,9.294559511380D-1,1D0,1D0,       465P    850
1D0,1D0,1D0,1D0,1D0,1D0,1D0,1D0,1D0,1D0,1D0,1D0,1D0,1D0,1D0,1D0,     465P    851
1.532422210005D-2,4.210313615832D-1,0D0,2.256758733246D-2,           465P    852
3.885828185778D-1,0D0,3.843104222167D-2,3.303828533252D-1,0D0,       465P    853
6.446389053307D-2,2.668249106284D-1,0D0,9.401357134762D-2,           465P    854
2.182009069451D-1,0D0,1.267682141688D-1,1.851301730618D-1,0D0,       465P    855
1.619606358902D-1,1.682173208310D-1,0D0,1.980387609949D-1,           465P    856
1.684622628279D-1,0D0,2.330245301501D-1,1.857411504001D-1,0D0,       465P    857
2.654250686646D-1,2.188216456642D-1,0D0,2.946151131342D-1,           465P    858
2.670167296585D-1,0D0,3.205110323530D-1,3.301490930727D-1,0D0,       465P    859
3.363836959760D-1,3.882505054904D-1,0D0,3.437025455743D-1,           465P    860
4.210313615841D-1,0D0,0D0,1D0,0D0,0D0,1D0;                           465P    861
126,5,3,0,0,1,0,0D0,0D0,0D0,0D0,3.333451101513D-1,                   467P    862
6.666727470644D-1,1D0,1D0,1D0,1D0,1D0,1D0,1D0,1D0,1D0,1D0,           467P    863
3.437025455743D-1,4.210313615841D-1,0D0,3.437808391719D-1,           467P    864
4.645129560819D-1,0D0,3.439523342295D-1,5.514897116620D-1,0D0,       467P    865
3.442492479090D-1,6.820107127284D-1,0D0,3.444702610558D-1,           467P    866
7.690675603452D-1,0D0,3.445856927102D-1,8.126086419015D-1,0D0,       467P    867
0D0,1D0,0D0,0D0,1D0;                                                 467P    868
110,3.445856927102D-1,8.126086419015D-1,0D0,1.795133838372D-1,       469P    869
8.126086419017D-1,0D0;                                               469P    870
110,1.795133838372D-1,8.126086419017D-1,0D0,1.444107496410D-2,       471P    871
8.126086419043D-1,0D0;                                               471P    872
102,5,463,465,467,469,471;                                           473P    873
142,0,447,473,461,1;                                                 475P    874
144,447,1,0,475;                                                     477P    875
128,1,1,1,1,0,0,1,0,0,-8.119809896286D-2,-8.119809896286D-2,         479P    876
4.140428349412D0,4.140428349412D0,-1.306865734603D0,                 479P    877
-1.306865734603D0,-2.298000027551D-1,-2.298000027551D-1,1D0,1D0,     479P    878
1D0,1D0,-3.029127444900D-1,1.306865734603D0,-5.718854160953D0,       479P    879
-1.514742338172D-1,1.306865734603D0,-9.937763527970D0,               479P    880
-3.029127444900D-1,2.298000027551D-1,-5.718854160953D0,              479P    881
-1.514742338172D-1,2.298000027551D-1,-9.937763527970D0,              479P    882
-8.119809896286D-2,4.140428349412D0,-1.306865734603D0,               479P    883
-2.298000027551D-1;                                                  479P    884
124,3.587207739119D-2,0D0,9.993563899148D-1,-1.767617068708D-1,      481P    885
0D0,1D0,0D0,6.791517699933D-1,-9.993563899148D-1,0D0,                481P    886
3.587207739119D-2,-9.233282504879D0;                                 481P    887
104,9.987131940636D-1,0D0,1D0,0D0,0D0,-1.6D-1,0D0,                   483P    888
-3.056755474111D-1,2.582299279642D-1,-3.710649056400D-1,             483P    889
1.499600447994D-1;                                                   483P    890
124,3.587207739119D-2,0D0,9.993563899148D-1,-2.067111621484D-1,      485P    891
0D0,1D0,0D0,1.016561870791D0,-9.993563899148D-1,0D0,                 485P    892
3.587207739119D-2,-8.398923814699D0;                                 485P    893
104,9.987131940636D-1,0D0,1D0,0D0,0D0,-9D-2,0D0,                     487P    894
3.033641397703D-2,-2.984642126486D-1,2.782986792303D-1,              487P    895
-1.124700335988D-1;                                                  487P    896
102,19,21,39,345,327,321,483,311,307,61,143,137,487,127,115,103,     489P    897
97,81,55,53;                                                         489P    898
110,3.950656269496D0,-8.227947501873D-1,0D0,3.806513550192D0,        491P    899
-9.158415673543D-1,0D0;                                              491P    900
126,5,3,0,0,1,0,0D0,0D0,0D0,0D0,3.333451101472D-1,                   493P    901
6.666727470616D-1,1D0,1D0,1D0,1D0,1D0,1D0,1D0,1D0,1D0,1D0,           493P    902
3.806513550192D0,-9.158415673543D-1,0D0,3.804360490534D0,            493P    903
-9.189296313932D-1,0D0,3.799644154745D0,-9.248177699593D-1,0D0,      493P    904
3.791478685100D0,-9.326526666108D-1,0D0,3.785401080488D0,            493P    905
-9.371218710544D-1,0D0,3.782227083219D0,-9.391456861166D-1,0D0,      493P    906
0D0,1D0,0D0,0D0,1D0;                                                 493P    907
126,5,3,0,0,1,0,0D0,0D0,0D0,0D0,3.333509225904D-1,                   495P    908
6.667018459312D-1,1D0,1D0,1D0,1D0,1D0,1D0,1D0,1D0,1D0,1D0,           495P    909
3.782227083219D0,-9.391456861166D-1,0D0,3.768172427794D0,            495P    910
-9.481181943947D-1,0D0,3.740062701661D0,-9.660625605159D-1,0D0,      495P    911
3.697899092709D0,-9.929757396362D-1,0D0,3.669789932760D0,            495P    912
-1.010916086939D0,0D0,3.655736258266D0,-1.019885226163D0,0D0,        495P    913
0D0,1D0,0D0,0D0,1D0;                                                 495P    914
126,8,3,0,0,1,0,0D0,0D0,0D0,0D0,1.668836417025D-1,                   497P    915
3.335535744446D-1,5.001224876027D-1,6.666686509577D-1,               497P    916
8.332698654985D-1,1D0,1D0,1D0,1D0,1D0,1D0,1D0,1D0,1D0,1D0,1D0,       497P    917
1D0,1D0,3.655736258266D0,-1.019885226163D0,0D0,3.629192461149D0,     497P    918
-1.036909200003D0,0D0,3.572077516038D0,-1.064464732510D0,0D0,        497P    919
3.479234915289D0,-1.085033550137D0,0D0,3.384211851767D0,             497P    920
-1.083522716333D0,0D0,3.292117520039D0,-1.060117716532D0,0D0,        497P    921
3.207933041247D0,-1.015994336202D0,0D0,3.160046108274D0,             497P    922
-9.744876581072D-1,0D0,3.138896546861D0,-9.511371338444D-1,0D0,      497P    923
0D0,1D0,0D0,0D0,1D0;                                                 497P    924
126,5,3,0,0,1,0,0D0,0D0,0D0,0D0,3.266529587570D-1,                   499P    925
6.593871023791D-1,1D0,1D0,1D0,1D0,1D0,1D0,1D0,1D0,1D0,1D0,           499P    926
3.138896546861D0,-9.511371338444D-1,0D0,3.137707124749D0,            499P    927
-9.497833620904D-1,0D0,3.135467642376D0,-9.469229211489D-1,0D0,      499P    928
3.132478692274D0,-9.422922421148D-1,0D0,3.130685212259D0,            499P    929
-9.390417900560D-1,0D0,3.129818075811D0,-9.373816979575D-1,0D0,      499P    930
0D0,1D0,0D0,0D0,1D0;                                                 499P    931
126,5,3,0,0,1,0,0D0,0D0,0D0,0D0,3.333296642613D-1,                   501P    932
6.666703357384D-1,1D0,1D0,1D0,1D0,1D0,1D0,1D0,1D0,1D0,1D0,           501P    933
3.129818075811D0,-9.373816979575D-1,0D0,3.120688716788D0,            501P    934
-9.266177149451D-1,0D0,3.103589651320D0,-9.041085598060D-1,0D0,      501P    935
3.081669162595D0,-8.678132234173D-1,0D0,3.069706133858D0,            501P    936
-8.422021701709D-1,0D0,3.064428717583D0,-8.291118147925D-1,0D0,      501P    937
0D0,1D0,0D0,0D0,1D0;                                                 501P    938
126,7,3,0,0,1,0,0D0,0D0,0D0,0D0,1.998948033281D-1,                   503P    939
3.998500267475D-1,5.998561634767D-1,7.999071873320D-1,1D0,1D0,       503P    940
1D0,1D0,1D0,1D0,1D0,1D0,1D0,1D0,1D0,1D0,3.064428717583D0,            503P    941
-8.291118147925D-1,0D0,3.050915856302D0,-7.955429237992D-1,0D0,      503P    942
3.016386031237D0,-7.314882939739D-1,0D0,2.945235355528D0,            503P    943
-6.486751943864D-1,0D0,2.857867012189D0,-5.831321785865D-1,0D0,      503P    944
2.758409245900D0,-5.379650168673D-1,0D0,2.687201361129D0,            503P    945
-5.227143199534D-1,0D0,2.651158275494D0,-5.191215163770D-1,0D0,      503P    946
0D0,1D0,0D0,0D0,1D0;                                                 503P    947
110,2.651158275494D0,-5.191215163770D-1,0D0,2.017237616075D-2,       505P    948
-2.520477164685D-1,0D0;                                              505P    949
126,5,3,0,0,1,0,0D0,0D0,0D0,0D0,3.331192417790D-1,                   507P    950
6.662387590201D-1,1D0,1D0,1D0,1D0,1D0,1D0,1D0,1D0,1D0,1D0,           507P    951
2.017237616075D-2,-2.520477164685D-1,0D0,1.793578568732D-2,          507P    952
-2.518206542650D-1,0D0,1.345877613405D-2,-2.514042441538D-1,0D0,     507P    953
6.729375745442D-3,-2.508924799451D-1,0D0,2.236556171134D-3,          507P    954
-2.506268166953D-1,0D0,-1.297495564790D-5,-2.505128052906D-1,        507P    955
0D0,0D0,1D0,0D0,0D0,1D0;                                             507P    956
110,-1.297495564790D-5,-2.505128052906D-1,0D0,                       509P    957
-1.297495564790D-5,-4.510278129483D-1,0D0;                           509P    958
110,-1.297495564790D-5,-4.510278129483D-1,0D0,2.630933999509D0,      511P    959
-7.180976581428D-1,0D0;                                              511P    960
126,7,3,0,0,1,0,0D0,0D0,0D0,0D0,2.003046126430D-1,                   513P    961
4.001433167950D-1,5.998390541379D-1,7.996836447821D-1,1D0,1D0,       513P    962
1D0,1D0,1D0,1D0,1D0,1D0,1D0,1D0,1D0,1D0,2.630933999509D0,            513P    963
-7.180976581428D-1,0D0,2.652583555495D0,-7.202522552593D-1,0D0,      513P    964
2.695308488279D0,-7.294052213379D-1,0D0,2.754947024715D0,            513P    965
-7.565010459294D-1,0D0,2.807314203525D0,-7.957803904342D-1,0D0,      513P    966
2.850021289682D0,-8.454523109840D-1,0D0,2.870767843223D0,            513P    967
-8.839094146614D-1,0D0,2.878896264763D0,-9.040918371921D-1,0D0,      513P    968
0D0,1D0,0D0,0D0,1D0;                                                 513P    969
126,5,3,0,0,1,0,0D0,0D0,0D0,0D0,3.333035553077D-1,                   515P    970
6.666336951293D-1,1D0,1D0,1D0,1D0,1D0,1D0,1D0,1D0,1D0,1D0,           515P    971
2.878896264763D0,-9.040918371921D-1,0D0,2.885228830885D0,            515P    972
-9.197479134385D-1,0D0,2.899225198280D0,-9.505218537599D-1,0D0,      515P    973
2.924036152761D0,-9.947518810871D-1,0D0,2.943003310566D0,            515P    974
-1.022741121523D0,0D0,2.953064372194D0,-1.036309307179D0,0D0,        515P    975
0D0,1D0,0D0,0D0,1D0;                                                 515P    976
126,5,3,0,0,1,0,0D0,0D0,0D0,0D0,3.360181149121D-1,                   517P    977
6.691862734497D-1,1D0,1D0,1D0,1D0,1D0,1D0,1D0,1D0,1D0,1D0,           517P    978
2.953064372194D0,-1.036309307179D0,0D0,2.956551681803D0,             517P    979
-1.042496475422D0,0D0,2.963905852393D0,-1.054598806875D0,0D0,        517P    980
2.976161865184D0,-1.071848464060D0,0D0,2.985165710691D0,             517P    981
-1.082632492428D0,0D0,2.989874498625D0,-1.087809884034D0,0D0,        517P    982
0D0,1D0,0D0,0D0,1D0;                                                 517P    983
126,9,3,0,0,1,0,0D0,0D0,0D0,0D0,1.429060427903D-1,                   519P    984
2.857273614528D-1,4.284889352624D-1,5.712429505962D-1,               519P    985
7.140416136023D-1,8.569376375558D-1,1D0,1D0,1D0,1D0,1D0,1D0,1D0,     519P    986
1D0,1D0,1D0,1D0,1D0,1D0,1D0,2.989874498625D0,-1.087809884034D0,      519P    987
0D0,3.017130376312D0,-1.117812919048D0,0D0,3.077762597610D0,         519P    988
-1.172154867876D0,0D0,3.183003918549D0,-1.234083807139D0,0D0,        519P    989
3.298430800051D0,-1.273812247037D0,0D0,3.419436178196D0,             519P    990
-1.289826358729D0,0D0,3.541255810201D0,-1.281487204530D0,0D0,        519P    991
3.659055503870D0,-1.249037982903D0,0D0,3.731789048185D0,             519P    992
-1.212295245017D0,0D0,3.765942674269D0,-1.190381710988D0,0D0,        519P    993
0D0,1D0,0D0,0D0,1D0;                                                 519P    994
126,5,3,0,0,1,0,0D0,0D0,0D0,0D0,3.332759728492D-1,                   521P    995
6.666379866782D-1,1D0,1D0,1D0,1D0,1D0,1D0,1D0,1D0,1D0,1D0,           521P    996
3.765942674269D0,-1.190381710988D0,0D0,3.779986016274D0,             521P    997
-1.181399647683D0,0D0,3.808075981967D0,-1.163432664592D0,0D0,        521P    998
3.850211710957D0,-1.136479416690D0,0D0,3.878303925184D0,             521P    999
-1.118507962123D0,0D0,3.892349860023D0,-1.109521965582D0,0D0,        521P   1000
0D0,1D0,0D0,0D0,1D0;                                                 521P   1001
126,5,3,0,0,1,0,0D0,0D0,0D0,0D0,3.333261648348D-1,                   523P   1002
6.666570903202D-1,1D0,1D0,1D0,1D0,1D0,1D0,1D0,1D0,1D0,1D0,           523P   1003
3.892349860023D0,-1.109521965582D0,0D0,3.899313923958D0,             523P   1004
-1.105068184547D0,0D0,3.912856451830D0,-1.095558471577D0,0D0,        523P   1005
3.931873060309D0,-1.079604794388D0,0D0,3.943592348562D0,             523P   1006
-1.067921188807D0,0D0,3.949189047810D0,-1.061836913683D0,0D0,        523P   1007
0D0,1D0,0D0,0D0,1D0;                                                 523P   1008
110,3.949189047810D0,-1.061836913683D0,0D0,4.059243225405D0,         525P   1009
-9.907948867906D-1,0D0;                                              525P   1010
110,4.059243225405D0,-9.907948867906D-1,0D0,3.950656269496D0,        527P   1011
-8.227947501873D-1,0D0;                                              527P   1012
102,19,491,493,495,497,499,501,503,505,507,509,511,513,515,517,      529P   1013
519,521,523,525,527;                                                 529P   1014
142,0,479,529,489,1;                                                 531P   1015
144,479,1,0,531;                                                     533P   1016
110,-8.692298889115D-3,8.092518472615D-1,-9.733984948728D0,          535P   1017
1.078020671338D-2,1.649093260089D0,-1.027646741188D1;                535P   1018
110,-8.659498310367D-3,7.292787219752D-1,-9.860898839016D0,          537P   1019
-4.144988742811D-3,9.239877219795D-1,-9.986668081050D0;              537P   1020
120,535,537,-9.627383309346D-2,1.636933028593D0;                     539P   1021
110,-8.319569541160D-3,7.438593725764D-1,-9.870316982885D0,          541P   1022
-4.424329630640D-3,9.118595091797D-1,-9.978834051134D0;              541P   1023
126,7,3,0,0,1,0,0D0,0D0,0D0,0D0,2D-1,4D-1,6D-1,8D-1,1D0,1D0,1D0,     543P   1024
1D0,1D0,1D0,1D0,1D0,1D0,1D0,1D0,1D0,-4.424329630640D-3,              543P   1025
9.118595091797D-1,-9.978834051134D0,-2.038814432983D-2,              543P   1026
9.118595091797D-1,-9.978834051134D0,-5.060987128176D-2,              543P   1027
9.144827317586D-1,-9.974772922601D0,-9.262948541861D-2,              543P   1028
9.258097597274D-1,-9.957237043423D0,-1.260087158779D-1,              543P   1029
9.433784428218D-1,-9.930038176133D0,-1.481526086383D-1,              543P   1030
9.658237715123D-1,-9.895289563011D0,-1.539054322041D-1,              543P   1031
9.821378249D-1,-9.870033030607D0,-1.543864569065D-1,                 543P   1032
9.907938730323D-1,-9.856632214568D0,0D0,1D0,0D0,0D0,1D0;             543P   1033
102,4,53,19,541,543;                                                 545P   1034
110,9.251156823758D-1,1.540659195500D0,0D0,6.228891730871D-2,        547P   1035
1.540659195500D0,0D0;                                                547P   1036
126,7,3,0,0,1,0,0D0,0D0,0D0,0D0,2.006076484824D-1,                   549P   1037
4.002880823824D-1,5.996811792874D-1,7.993698896656D-1,1D0,1D0,       549P   1038
1D0,1D0,1D0,1D0,1D0,1D0,1D0,1D0,1D0,1D0,6.228891730871D-2,           549P   1039
1.540659195500D0,0D0,6.232168402089D-2,1.437620758685D0,0D0,         549P   1040
6.281283100840D-2,1.232027990832D0,0D0,6.466790344646D-2,            549P   1041
9.240471514318D-1,0D0,6.748223076137D-2,6.165599034432D-1,0D0,       549P   1042
7.099676381603D-2,3.085996170999D-1,0D0,7.358387971321D-2,           549P   1043
1.030296044428D-1,0D0,7.488431762427D-2,0D0,0D0,0D0,1D0,0D0,0D0,     549P   1044
1D0;                                                                 549P   1045
110,7.488431762427D-2,0D0,0D0,9.377110826913D-1,0D0,0D0;             551P   1046
126,7,3,0,0,1,0,0D0,0D0,0D0,0D0,2.006065471974D-1,                   553P   1047
4.002834144347D-1,5.996765109779D-1,7.993687880318D-1,1D0,1D0,       553P   1048
1D0,1D0,1D0,1D0,1D0,1D0,1D0,1D0,1D0,1D0,9.377110826913D-1,0D0,       553P   1049
0D0,9.364107999128D-1,1.030173825972D-1,0D0,9.338239137776D-1,       553P   1050
3.085690193461D-1,0D0,9.303095148801D-1,6.165109760609D-1,0D0,       553P   1051
9.274950369142D-1,9.239982202773D-1,0D0,9.256396937042D-1,           553P   1052
1.231997386814D0,0D0,9.251484511962D-1,1.437608533943D0,0D0,         553P   1053
9.251156823758D-1,1.540659195500D0,0D0,0D0,1D0,0D0,0D0,1D0;          553P   1054
102,4,547,549,551,553;                                               555P   1055
142,0,539,555,545,1;                                                 557P   1056
144,539,1,0,557;                                                     559P   1057
128,1,1,1,1,0,0,1,0,0,-8.654289635648D-3,-8.654289635648D-3,         561P   1058
8.654289635647D-3,8.654289635647D-3,-1.039999999998D-1,              561P   1059
-1.039999999998D-1,1.040000000003D-1,1.040000000003D-1,1D0,1D0,      561P   1060
1D0,1D0,8.654289635648D-3,9.152195119120D-1,-9.981004392499D0,       561P   1061
-8.654289635647D-3,9.152195119120D-1,-9.981004392499D0,              561P   1062
8.654289635648D-3,7.404993698448D-1,-9.868146641520D0,               561P   1063
-8.654289635647D-3,7.404993698448D-1,-9.868146641520D0,              561P   1064
-8.654289635648D-3,8.654289635647D-3,-1.039999999998D-1,             561P   1065
1.040000000003D-1;                                                   561P   1066
110,4.424329855147D-3,9.118595091797D-1,-9.978834051134D0,           563P   1067
-4.424329630640D-3,9.118595091797D-1,-9.978834051134D0;              563P   1068
102,4,67,69,563,71;                                                  565P   1069
110,8.321432341968D-3,1.000000000003D-1,0D0,-8.321432341969D-3,      567P   1070
1.000000000003D-1,0D0;                                               567P   1071
110,-8.321432341969D-3,1.000000000003D-1,0D0,-4.426192655927D-3,     569P   1072
-9.999999999979D-2,0D0;                                              569P   1073
110,-4.426192655927D-3,-9.999999999979D-2,0D0,4.426192655926D-3,     571P   1074
-9.999999999979D-2,0D0;                                              571P   1075
110,4.426192655926D-3,-9.999999999979D-2,0D0,8.321432341968D-3,      573P   1076
1.000000000003D-1,0D0;                                               573P   1077
102,4,567,569,571,573;                                               575P   1078
142,0,561,575,565,1;                                                 577P   1079
144,561,1,0,577;                                                     579P   1080
110,4.068778553316D-3,1.008662438293D0,-9.862791110164D0,            581P   1081
2.354128415581D-2,1.688210254658D-1,-9.320308647013D0;               581P   1082
110,4.144988742818D-3,9.239877219794D-1,-9.986668081050D0,           583P   1083
8.659498310374D-3,7.292787219751D-1,-9.860898839016D0;               583P   1084
120,581,583,-9.627383309346D-2,1.636933028594D0;                     585P   1085
110,1.582816965926D-1,8.227937364290D-1,-9.748115146319D0,           587P   1086
1.543864568998D-1,9.907938729108D-1,-9.856632214756D0;               587P   1087
126,7,3,0,0,1,0,0D0,0D0,0D0,0D0,2D-1,4D-1,6D-1,8D-1,1D0,1D0,1D0,     589P   1088
1D0,1D0,1D0,1D0,1D0,1D0,1D0,1D0,1D0,1.543864568998D-1,               589P   1089
9.907938729108D-1,-9.856632214756D0,1.539055035563D-1,               589P   1090
9.821391088832D-1,-9.870031042815D0,1.481542193210D-1,               589P   1091
9.658269249607D-1,-9.895284681016D0,1.260139417062D-1,               589P   1092
9.433823318051D-1,-9.930032155423D0,9.263680813500D-2,               589P   1093
9.258124759393D-1,-9.957232838334D0,5.061572945205D-2,               589P   1094
9.144835095172D-1,-9.974771718518D0,2.039051161356D-2,               589P   1095
9.118595091797D-1,-9.978834051134D0,4.424329855147D-3,               589P   1096
9.118595091797D-1,-9.978834051134D0,0D0,1D0,0D0,0D0,1D0;             589P   1097
110,4.424329855147D-3,9.118595091797D-1,-9.978834051134D0,           591P   1098
8.319569316663D-3,7.438593725764D-1,-9.870316982885D0;               591P   1099
102,4,587,589,591,17;                                                593P   1100
110,9.377110826913D-1,1.540659195501D0,0D0,7.488431762428D-2,        595P   1101
1.540659195501D0,0D0;                                                595P   1102
126,7,3,0,0,1,0,0D0,0D0,0D0,0D0,2.006076484823D-1,                   597P   1103
4.002880823822D-1,5.996811792873D-1,7.993698896655D-1,1D0,1D0,       597P   1104
1D0,1D0,1D0,1D0,1D0,1D0,1D0,1D0,1D0,1D0,7.488431762428D-2,           597P   1105
1.540659195501D0,0D0,7.485155091003D-2,1.437620758686D0,0D0,         597P   1106
7.436040392079D-2,1.232027990833D0,0D0,7.250533148336D-2,            597P   1107
9.240471514327D-1,0D0,6.969100416846D-2,6.165599034438D-1,0D0,       597P   1108
6.617647111316D-2,3.085996171003D-1,0D0,6.358935521771D-2,           597P   1109
1.030296044429D-1,0D0,6.228891730871D-2,0D0,0D0,0D0,1D0,0D0,0D0,     597P   1110
1D0;                                                                 597P   1111
110,6.228891730871D-2,0D0,0D0,9.251156823758D-1,0D0,0D0;             599P   1112
126,7,3,0,0,1,0,0D0,0D0,0D0,0D0,2.006065471976D-1,                   601P   1113
4.002834144350D-1,5.996765109782D-1,7.993687880321D-1,1D0,1D0,       601P   1114
1D0,1D0,1D0,1D0,1D0,1D0,1D0,1D0,1D0,1D0,9.251156823758D-1,0D0,       601P   1115
0D0,9.264159651563D-1,1.030173825973D-1,0D0,9.290028512933D-1,       601P   1116
3.085690193465D-1,0D0,9.325172501902D-1,6.165109760617D-1,0D0,       601P   1117
9.353317281560D-1,9.239982202784D-1,0D0,9.371870713667D-1,           601P   1118
1.231997386815D0,0D0,9.376783138730D-1,1.437608533944D0,0D0,         601P   1119
9.377110826913D-1,1.540659195501D0,0D0,0D0,1D0,0D0,0D0,1D0;          601P   1120
102,4,595,597,599,601;                                               603P   1121
142,0,585,603,593,1;                                                 605P   1122
144,585,1,0,605;                                                     607P   1123
128,1,1,1,1,0,0,1,0,0,2.091463626209D-1,2.091463626209D-1,           609P   1124
5.144410749645D-1,5.144410749645D-1,-4.727754598085D-1,              609P   1125
-4.727754598085D-1,-1.272245401915D-1,-1.272245401915D-1,1D0,        609P   1126
1D0,1D0,1D0,-1.727754598085D-1,1.069672429270D0,                     609P   1127
-9.734516797078D0,-1.727754598085D-1,9.040239935930D-1,              609P   1128
-9.990964563967D0,1.727754598085D-1,1.069672429270D0,                609P   1129
-9.734516797078D0,1.727754598085D-1,9.040239935930D-1,               609P   1130
-9.990964563967D0,2.091463626209D-1,5.144410749645D-1,               609P   1131
-4.727754598085D-1,-1.272245401915D-1;                               609P   1132
126,11,3,0,0,1,0,0D0,0D0,0D0,0D0,1.111111111111D-1,                  611P   1133
2.222222222222D-1,3.333333333333D-1,4.444444444444D-1,               611P   1134
5.555555555556D-1,6.666666666667D-1,7.777777777778D-1,               611P   1135
8.888888888889D-1,1D0,1D0,1D0,1D0,1D0,1D0,1D0,1D0,1D0,1D0,1D0,       611P   1136
1D0,1D0,1D0,1D0,1D0,1.583343848445D-1,1.061836913683D0,              611P   1137
-9.746647309911D0,1.502801246158D-1,1.059548371494D0,                611P   1138
-9.750190304636D0,1.326430654988D-1,1.055255333371D0,                611P   1139
-9.756836549349D0,1.013573640543D-1,1.049828379390D0,                611P   1140
-9.765238260019D0,6.522619458523D-2,1.045703904326D0,                611P   1141
-9.771623544706D0,2.317230770222D-2,1.043232635944D0,                611P   1142
-9.775449426039D0,-2.317254225038D-2,1.043232650566D0,               611P   1143
-9.775449403401D0,-6.522600065677D-2,1.045703888279D0,               611P   1144
-9.771623569549D0,-1.013575143924D-1,1.049828395974D0,               611P   1145
-9.765238234344D0,-1.326431354253D-1,1.055255350661D0,               611P   1146
-9.756836522582D0,-1.502801595314D-1,1.059548381415D0,               611P   1147
-9.750190289277D0,-1.583343848445D-1,1.061836913683D0,               611P   1148
-9.746647309911D0,0D0,1D0,0D0,0D0,1D0;                               611P   1149
102,6,73,611,55,75,77,79;                                            613P   1150
110,3.545254650362D-1,-1.456136553676D-1,0D0,2.235874375849D-1,      615P   1151
-1.416656151555D-1,0D0;                                              615P   1152
126,11,3,0,0,1,0,0D0,0D0,0D0,0D0,8.879490132479D-2,                  617P   1153
1.892450513287D-1,3.027173696301D-1,4.312690329735D-1,               617P   1154
5.687314663092D-1,6.972824288333D-1,8.107551999518D-1,               617P   1155
9.112053423465D-1,1D0,1D0,1D0,1D0,1D0,1D0,1D0,1D0,1D0,1D0,1D0,       617P   1156
1D0,1D0,1D0,1D0,1D0,2.235874375849D-1,-1.416656151555D-1,0D0,        617P   1157
2.280589779285D-1,-1.502621464192D-1,0D0,2.364015515029D-1,          617P   1158
-1.691395922193D-1,0D0,2.462492106082D-1,-2.006801434365D-1,0D0,     617P   1159
2.537150101900D-1,-2.372841727919D-1,0D0,2.578998738628D-1,          617P   1160
-2.784750347604D-1,0D0,2.578998658210D-1,-3.215250522968D-1,0D0,     617P   1161
2.537149996865D-1,-3.627158858453D-1,0D0,2.462492052660D-1,          617P   1162
-3.993198884475D-1,0D0,2.364015314303D-1,-4.308604581323D-1,0D0,     617P   1163
2.280589657298D-1,-4.497378773004D-1,0D0,2.235874375849D-1,          617P   1164
-4.583343848445D-1,0D0,0D0,1D0,0D0,0D0,1D0;                          617P   1165
110,2.235874375849D-1,-4.583343848445D-1,0D0,3.545254643646D-1,      619P   1166
-4.543863446526D-1,0D0;                                              619P   1167
126,7,3,0,0,1,0,0D0,0D0,0D0,0D0,2.006067056359D-1,                   621P   1168
4.002969440735D-1,5.996893511002D-1,7.993677476505D-1,1D0,1D0,       621P   1169
1D0,1D0,1D0,1D0,1D0,1D0,1D0,1D0,1D0,1D0,3.545254643646D-1,           621P   1170
-4.543863446526D-1,0D0,3.700020577047D-1,-4.539962751378D-1,0D0,     621P   1171
4.006389606679D-1,-4.481478120026D-1,0D0,4.418299587427D-1,          621P   1172
-4.260586011011D-1,0D0,4.743361277413D-1,-3.925492343435D-1,0D0,     621P   1173
4.951638363290D-1,-3.507052476265D-1,0D0,5.000796550134D-1,          621P   1174
-3.199037317450D-1,0D0,5.000000000005D-1,-3.044206035800D-1,0D0,     621P   1175
0D0,1D0,0D0,0D0,1D0;                                                 621P   1176
110,5.000000000005D-1,-3.044206035800D-1,0D0,5.000000000005D-1,      623P   1177
-2.955793957464D-1,0D0;                                              623P   1178
126,7,3,0,0,1,0,0D0,0D0,0D0,0D0,2.006558132716D-1,                   625P   1179
4.003460528622D-1,5.997384610403D-1,7.994168587436D-1,1D0,1D0,       625P   1180
1D0,1D0,1D0,1D0,1D0,1D0,1D0,1D0,1D0,1D0,5.000000000005D-1,           625P   1181
-2.955793957464D-1,0D0,5.000796860365D-1,-2.800944208825D-1,0D0,     625P   1182
4.951628125552D-1,-2.492901696933D-1,0D0,4.743319269952D-1,          625P   1183
-2.074445857364D-1,0D0,4.418239090962D-1,-1.739370126376D-1,0D0,     625P   1184
4.006344116233D-1,-1.518510257148D-1,0D0,3.700002111295D-1,          625P   1185
-1.460036998657D-1,0D0,3.545254650362D-1,-1.456136553676D-1,0D0,     625P   1186
0D0,1D0,0D0,0D0,1D0;                                                 625P   1187
102,6,615,617,619,621,623,625;                                       627P   1188
142,0,609,627,613,1;                                                 629P   1189
144,609,1,0,629;                                                     631P   1190
110,0D0,8.665641873785D-1,-9.532909916538D0,1D0,                     633P   1191
8.665641873785D-1,-9.532909916538D0;                                 633P   1192
124,-1.455607462678D-1,9.893493160386D-1,0D0,0D0,                    635P   1193
5.415626692847D-1,7.967890108571D-2,-8.368758258899D-1,              635P   1194
3.739106882998D-1,-8.279625259534D-1,-1.218162697500D-1,             635P   1195
-5.473927767527D-1,-8.779721673235D0;                                635P   1196
100,0D0,0D0,0D0,1.199999999992D0,0D0,1.149148965943D0,               637P   1197
3.456250194268D-1;                                                   637P   1198
120,633,637,5.394095225085D-4,4.679673344770D-1;                     639P   1199
102,5,81,83,85,89,93;                                                641P   1200
126,5,3,0,0,1,0,0D0,0D0,0D0,0D0,3.333261648347D-1,                   643P   1201
6.666570903202D-1,1D0,1D0,1D0,1D0,1D0,1D0,1D0,1D0,1D0,1D0,           643P   1202
1.203422913676D-2,4.180388533925D-1,0D0,1.224429237323D-2,           643P   1203
3.894721808251D-1,0D0,1.265277074253D-2,3.323469551881D-1,0D0,       643P   1204
1.322631764176D-2,2.466812473137D-1,0D0,1.357974870831D-2,           643P   1205
1.895842550496D-1,0D0,1.374852842890D-2,1.610383989835D-1,0D0,       643P   1206
0D0,1D0,0D0,0D0,1D0;                                                 643P   1207
126,11,3,0,0,1,0,0D0,0D0,0D0,0D0,8.879465765353D-2,                  645P   1208
1.892448000482D-1,3.027175711667D-1,4.312685336908D-1,               645P   1209
5.687309670265D-1,6.972826303699D-1,8.107549486713D-1,               645P   1210
9.112050986752D-1,1D0,1D0,1D0,1D0,1D0,1D0,1D0,1D0,1D0,1D0,1D0,       645P   1211
1D0,1D0,1D0,1D0,1D0,1.374852842890D-2,1.610383989835D-1,0D0,         645P   1212
2.097590033164D-2,1.461128574850D-1,0D0,3.682275429437D-2,           645P   1213
1.185953201241D-1,0D0,6.322977656561D-2,8.685885184985D-2,0D0,       645P   1214
9.380222788749D-2,6.325442129874D-2,0D0,1.281453568554D-1,           645P   1215
5.021727614613D-2,0D0,1.640140341892D-1,5.021725129808D-2,0D0,       645P   1216
1.983571867476D-1,6.325438802530D-2,0D0,2.289296604253D-1,           645P   1217
8.685883534646D-2,0D0,2.553366670663D-1,1.185952545069D-1,0D0,       645P   1218
2.711835433207D-1,1.461128168368D-1,0D0,2.784109351673D-1,           645P   1219
1.610383989835D-1,0D0,0D0,1D0,0D0,0D0,1D0;                           645P   1220
126,5,3,0,0,1,0,0D0,0D0,0D0,0D0,3.333429096797D-1,                   647P   1221
6.666738351649D-1,1D0,1D0,1D0,1D0,1D0,1D0,1D0,1D0,1D0,1D0,           647P   1222
2.784109351673D-1,1.610383989835D-1,0D0,2.785797148878D-1,           647P   1223
1.895842550496D-1,0D0,2.789331459543D-1,2.466812473136D-1,0D0,       647P   1224
2.795066928536D-1,3.323469551880D-1,0D0,2.799151712229D-1,           647P   1225
3.894721808251D-1,0D0,2.801252344594D-1,4.180388533925D-1,0D0,       647P   1226
0D0,1D0,0D0,0D0,1D0;                                                 647P   1227
110,2.801252344594D-1,4.180388533925D-1,0D0,1.460797317981D-1,       649P   1228
4.180388533897D-1,0D0;                                               649P   1229
110,1.460797317981D-1,4.180388533897D-1,0D0,1.203422913676D-2,       651P   1230
4.180388533925D-1,0D0;                                               651P   1231
102,5,643,645,647,649,651;                                           653P   1232
142,0,639,653,641,1;                                                 655P   1233
144,639,1,0,655;                                                     657P   1234
110,0D0,1.105635726577D-1,-9.044583109410D0,0D0,                     659P   1235
6.531489139025D-1,-8.204582426395D0;                                 659P   1236
110,0D0,1.110728876689D0,-9.707816031737D0,0D0,1.207787709050D0,     661P   1237
-9.557554903618D0;                                                   661P   1238
120,659,661,-1.498939949919D-1,1.498939949919D-1;                    663P   1239
124,-1.336444371572D-1,9.910293458909D-1,0D0,0D0,                    665P   1240
8.324653274409D-1,1.122614184938D-1,-5.425853412380D-1,              665P   1241
1.105635726588D-1,-5.377179958171D-1,-7.251351253949D-2,             665P   1242
-8.400006830197D-1,-9.044583109422D0;                                665P   1243
100,0D0,0D0,0D0,1.199999999992D0,0D0,1.189235215061D0,               667P   1244
1.603733245875D-1;                                                   667P   1245
124,0D0,1D0,0D0,0D0,8.400006830197D-1,0D0,-5.425853412380D-1,        669P   1246
1.105635726588D-1,-5.425853412380D-1,0D0,-8.400006830197D-1,         669P   1247
-9.044583109422D0;                                                   669P   1248
100,0D0,0D0,0D0,1.199999999992D0,0D0,1.189235215061D0,               671P   1249
1.603733245875D-1;                                                   671P   1250
124,1.374235025830D-1,-9.905123830310D-1,0D0,0D0,                    673P   1251
8.320310782808D-1,1.154358360320D-1,5.425853412454D-1,               673P   1252
1.919513738615D-1,-5.374374993547D-1,-7.456397804415D-2,             673P   1253
8.400006830150D-1,-8.918583006968D0;                                 673P   1254
100,0D0,0D0,0D0,1.199999999980D0,0D0,1.188614859618D0,               675P   1255
1.649082030969D-1;                                                   675P   1256
124,0D0,-1D0,0D0,0D0,8.400006830150D-1,0D0,5.425853412454D-1,        677P   1257
1.919513738615D-1,-5.425853412454D-1,0D0,8.400006830150D-1,          677P   1258
-8.918583006968D0;                                                   677P   1259
100,0D0,0D0,0D0,1.199999999980D0,0D0,1.188614859618D0,               679P   1260
1.649082030969D-1;                                                   679P   1261
102,6,97,667,671,101,675,679;                                        681P   1262
126,5,3,0,0,1,0,0D0,0D0,0D0,0D0,3.333333331645D-1,                   683P   1263
6.666666668305D-1,1D0,1D0,1D0,1D0,1D0,1D0,1D0,1D0,1D0,1D0,           683P   1264
9.192704528101D-1,1.378597658552D-1,0D0,8.260992409116D-1,           683P   1265
1.374359598605D-1,0D0,6.397568173946D-1,1.365883458170D-1,0D0,       683P   1266
3.602431826082D-1,1.353169226987D-1,0D0,1.739007590898D-1,           683P   1267
1.344693086552D-1,0D0,8.072954718988D-2,1.340455026605D-1,0D0,       683P   1268
0D0,1D0,0D0,0D0,1D0;                                                 683P   1269
110,8.072954718988D-2,1.340455026605D-1,0D0,8.072954718987D-2,       685P   1270
0D0,0D0;                                                             685P   1271
110,8.072954718987D-2,0D0,0D0,8.072954718987D-2,                     687P   1272
-1.340455026605D-1,0D0;                                              687P   1273
126,5,3,0,0,1,0,0D0,0D0,0D0,0D0,3.333333331696D-1,                   689P   1274
6.666666668355D-1,1D0,1D0,1D0,1D0,1D0,1D0,1D0,1D0,1D0,1D0,           689P   1275
8.072954718987D-2,-1.340455026605D-1,0D0,1.739007590898D-1,          689P   1276
-1.344693086552D-1,0D0,3.602431826082D-1,-1.353169226987D-1,0D0,     689P   1277
6.397568173946D-1,-1.365883458170D-1,0D0,8.260992409116D-1,          689P   1278
-1.374359598605D-1,0D0,9.192704528101D-1,-1.378597658552D-1,0D0,     689P   1279
0D0,1D0,0D0,0D0,1D0;                                                 689P   1280
110,9.192704528101D-1,-1.378597658552D-1,0D0,9.192704528101D-1,      691P   1281
0D0,0D0;                                                             691P   1282
110,9.192704528101D-1,0D0,0D0,9.192704528101D-1,                     693P   1283
1.378597658552D-1,0D0;                                               693P   1284
102,6,683,685,687,689,691,693;                                       695P   1285
142,0,663,695,681,1;                                                 697P   1286
144,663,1,0,697;                                                     699P   1287
110,0D0,6.791517699936D-1,-9.233282504880D0,-1D0,                    701P   1288
6.791517699936D-1,-9.233282504880D0;                                 701P   1289
124,1.724888757412D-1,-9.850114657939D-1,0D0,0D0,                    703P   1290
6.453318076555D-1,1.130063576395D-1,-7.554974660190D-1,              703P   1291
2.991638597760D-1,7.441736664070D-1,1.303149085390D-1,               703P   1292
6.551515693630D-1,-9.671471035156D0;                                 703P   1293
100,0D0,0D0,0D0,1.199999999980D0,0D0,1.128594226012D0,               705P   1294
4.077684060419D-1;                                                   705P   1295
120,701,705,2.010202342081D-5,1.457962307755D0;                      707P   1296
102,5,103,107,111,113,119;                                           709P   1297
126,9,3,0,0,1,0,0D0,0D0,0D0,0D0,1.429320958366D-1,                   711P   1298
2.857515942792D-1,4.285113486319D-1,5.712635446051D-1,               711P   1299
7.140603876801D-1,8.569545904620D-1,1D0,1D0,1D0,1D0,1D0,1D0,1D0,     711P   1300
1D0,1D0,1D0,1D0,1D0,1D0,1D0,3.346774550960D-1,2.805745213364D-2,     711P   1301
0D0,3.338523295601D-1,9.509623139293D-2,0D0,3.320166963070D-1,       711P   1302
2.290557643267D-1,0D0,3.288310323980D-1,4.297290836236D-1,0D0,       711P   1303
3.253387296705D-1,6.300907551498D-1,0D0,3.216797616216D-1,           711P   1304
8.302147746065D-1,0D0,3.179985830538D-1,1.030185024077D0,0D0,        711P   1305
3.144413668831D-1,1.230094707189D0,0D0,3.122462687605D-1,            711P   1306
1.363307481217D0,0D0,3.112157962699D-1,1.429924957645D0,0D0,0D0,     711P   1307
1D0,0D0,0D0,1D0;                                                     711P   1308
110,3.112157962699D-1,1.429924957645D0,0D0,1.733558610498D-1,        713P   1309
1.429924947440D0,0D0;                                                713P   1310
110,1.733558610498D-1,1.429924947440D0,0D0,3.549609519226D-2,        715P   1311
1.429924947440D0,0D0;                                                715P   1312
126,9,3,0,0,1,0,0D0,0D0,0D0,0D0,1.431106097543D-1,                   717P   1313
2.860011798012D-1,4.287538693456D-1,5.714496114923D-1,               717P   1314
7.141688133748D-1,8.569918857006D-1,1D0,1D0,1D0,1D0,1D0,1D0,1D0,     717P   1315
1D0,1D0,1D0,1D0,1D0,1D0,1D0,3.549609519226D-2,1.429924947440D0,      717P   1316
0D0,3.446502872674D-2,1.363276947356D0,0D0,3.226928918208D-2,        717P   1317
1.230035288364D0,0D0,2.871187348246D-2,1.030117438827D0,0D0,         717P   1318
2.503157715492D-2,8.301960124298D-1,0D0,2.137382945944D-2,           717P   1319
6.301382507098D-1,0D0,1.788220063408D-2,4.298205919516D-1,0D0,       717P   1320
1.469603900700D-2,2.291291161724D-1,0D0,1.285979283735D-2,           717P   1321
9.513208079075D-2,0D0,1.203422913688D-2,2.805745386331D-2,0D0,       717P   1322
0D0,1D0,0D0,0D0,1D0;                                                 717P   1323
126,5,3,0,0,1,0,0D0,0D0,0D0,0D0,3.329258370911D-1,                   719P   1324
6.670701415702D-1,1D0,1D0,1D0,1D0,1D0,1D0,1D0,1D0,1D0,1D0,           719P   1325
1.203422913688D-2,2.805745386331D-2,0D0,4.783945860669D-2,           719P   1326
2.809327134256D-2,0D0,1.195813451924D-1,2.814114463352D-2,0D0,       719P   1327
2.271294726127D-1,2.814114470587D-2,0D0,2.988717925205D-1,           719P   1328
2.809327064517D-2,0D0,3.346774550960D-1,2.805745213364D-2,0D0,       719P   1329
0D0,1D0,0D0,0D0,1D0;                                                 719P   1330
102,5,711,713,715,717,719;                                           721P   1331
142,0,707,721,709,1;                                                 723P   1332
144,707,1,0,723;                                                     725P   1333
128,3,3,3,3,0,0,1,0,0,-3.162338883885D0,-3.162338883885D0,           727P   1334
-3.162338883885D0,-3.162338883885D0,-2.753442999994D0,               727P   1335
-2.753442999994D0,-2.753442999994D0,-2.753442999994D0,               727P   1336
-1.744514303178D-1,-1.744514303178D-1,-1.744514303178D-1,            727P   1337
-1.744514303178D-1,1.744514300730D-1,1.744514300730D-1,              727P   1338
1.744514300730D-1,1.744514300730D-1,1D0,1D0,1D0,1D0,1D0,1D0,1D0,     727P   1339
1D0,1D0,1D0,1D0,1D0,1D0,1D0,1D0,1D0,-2.082814887672D-1,              727P   1340
1.091520208553D0,-8.795079247010D0,-2.082814887672D-1,               727P   1341
1.055767791632D0,-8.760379627499D0,-2.082814887672D-1,               727P   1342
1.009853961371D0,-8.736254609853D0,-2.082814887672D-1,               727P   1343
9.639171092934D-1,-8.727059197341D0,-7.083820506344D-2,              727P   1344
1.108583789767D0,-8.777898894073D0,-7.083820506344D-2,               727P   1345
1.068332375050D0,-8.738808497788D0,-7.083820506344D-2,               727P   1346
1.016454506845D0,-8.711822432942D0,-7.083820506344D-2,               727P   1347
9.648897047012D-1,-8.701897316537D0,7.083820476825D-2,               727P   1348
1.108583607250D0,-8.777898717077D0,7.083820476825D-2,                727P   1349
1.068333364169D0,-8.738809504332D0,7.083820476825D-2,                727P   1350
1.016457314773D0,-8.711823929222D0,7.083820476825D-2,                727P   1351
9.648939836109D-1,-8.701898460965D0,2.082814884780D-1,               727P   1352
1.091520210214D0,-8.795079248550D0,2.082814884780D-1,                727P   1353
1.055767782850D0,-8.760379618490D0,2.082814884780D-1,                727P   1354
1.009853936379D0,-8.736254596477D0,2.082814884780D-1,                727P   1355
9.639170711905D-1,-8.727059187097D0,-3.162338883885D0,               727P   1356
-2.753442999994D0,-1.744514303178D-1,1.744514300730D-1;              727P   1357
126,5,3,0,0,1,0,0D0,0D0,0D0,0D0,3.333333333333D-1,                   729P   1358
6.666666666667D-1,1D0,1D0,1D0,1D0,1D0,1D0,1D0,1D0,1D0,1D0,           729P   1359
-1.927466196884D-1,1.087795022941D0,-8.787942950696D0,               729P   1360
-1.929150456519D-1,1.082623691101D0,-8.783250789686D0,               729P   1361
-1.932367192312D-1,1.071922947358D0,-8.774292006753D0,               729P   1362
-1.936791179909D-1,1.054657329640D0,-8.762060580384D0,               729P   1363
-1.939365870533D-1,1.042555124279D0,-8.754636253670D0,               729P   1364
-1.940597643193D-1,1.036286754191D0,-8.751204671313D0,0D0,1D0,       729P   1365
0D0,0D0,1D0;                                                         729P   1366
102,4,729,123,121,119;                                               731P   1367
126,5,3,0,0,1,0,0D0,0D0,0D0,0D0,3.305882723979D-1,                   733P   1368
6.639158575914D-1,1D0,1D0,1D0,1D0,1D0,1D0,1D0,1D0,1D0,1D0,           733P   1369
-3.141604283398D0,-1.613201441758D-1,0D0,-3.122746364661D0,          733P   1370
-1.614607429041D-1,0D0,-3.084854874290D0,-1.617299059725D-1,0D0,     733P   1371
-3.027589569432D0,-1.620956687806D-1,0D0,-2.989034389460D0,          733P   1372
-1.623139350676D-1,0D0,-2.969598520598D0,-1.624168649800D-1,0D0,     733P   1373
0D0,1D0,0D0,0D0,1D0;                                                 733P   1374
126,15,3,0,0,1,0,0D0,0D0,0D0,0D0,5.569238333037D-2,                  735P   1375
1.166991995755D-1,1.857436194911D-1,2.645101845196D-1,               735P   1376
3.533186800730D-1,4.500140728816D-1,5.496133690024D-1,               735P   1377
6.462691810117D-1,7.351067677243D-1,8.139178568696D-1,               735P   1378
8.830300306312D-1,9.441469394838D-1,1D0,1D0,1D0,1D0,1D0,1D0,1D0,     735P   1379
1D0,1D0,1D0,1D0,1D0,1D0,1D0,1D0,1D0,1D0,1D0,1D0,1D0,                 735P   1380
-2.969598520598D0,-1.624168649800D-1,0D0,-2.953776256248D0,          735P   1381
-1.579209699719D-1,0D0,-2.922476070113D0,-1.479195189055D-1,0D0,     735P   1382
-2.879791316424D0,-1.302294528344D-1,0D0,-2.842045672817D0,          735P   1383
-1.083493811818D-1,0D0,-2.810099284273D0,-8.202353293029D-2,0D0,     735P   1384
-2.786559404631D0,-5.138935585D-2,0D0,-2.773939590775D0,             735P   1385
-1.757339420952D-2,0D0,-2.773914643765D0,1.743514505824D-2,0D0,      735P   1386
-2.786481294761D0,5.125178666652D-2,0D0,-2.809969983931D0,           735P   1387
8.189417620609D-2,0D0,-2.841885340246D0,1.082418808548D-1,0D0,       735P   1388
-2.879629049555D0,1.301523171422D-1,0D0,-2.922360252071D0,           735P   1389
1.478820771218D-1,0D0,-2.953727762964D0,1.579085260235D-1,0D0,       735P   1390
-2.969598039346D0,1.624168647352D-1,0D0,0D0,1D0,0D0,0D0,1D0;         735P   1391
126,5,3,0,0,1,0,0D0,0D0,0D0,0D0,3.360844167861D-1,                   737P   1392
6.694120022816D-1,1D0,1D0,1D0,1D0,1D0,1D0,1D0,1D0,1D0,1D0,           737P   1393
-2.969598039346D0,1.624168647352D-1,0D0,-2.989033974637D0,           737P   1394
1.623139348311D-1,0D0,-3.027589272562D0,1.620956685761D-1,0D0,       737P   1395
-3.084854736685D0,1.617299058099D-1,0D0,-3.122746323052D0,           737P   1396
1.614607428299D-1,0D0,-3.141604283500D0,1.613201442022D-1,0D0,       737P   1397
0D0,1D0,0D0,0D0,1D0;                                                 737P   1398
126,5,3,0,0,1,0,0D0,0D0,0D0,0D0,3.329283006757D-1,                   739P   1399
6.670675607579D-1,1D0,1D0,1D0,1D0,1D0,1D0,1D0,1D0,1D0,1D0,           739P   1400
-3.141604283500D0,1.613201442022D-1,0D0,-3.141658778833D0,           739P   1401
1.255135411165D-1,0D0,-3.141731870427D0,5.377258179030D-2,0D0,       739P   1402
-3.141732253953D0,-5.377169012441D-2,0D0,-3.141659161389D0,          739P   1403
-1.255130953534D-1,0D0,-3.141604283398D0,-1.613201441758D-1,0D0,     739P   1404
0D0,1D0,0D0,0D0,1D0;                                                 739P   1405
102,4,733,735,737,739;                                               741P   1406
142,0,727,741,731,1;                                                 743P   1407
144,727,1,0,743;                                                     745P   1408
110,3D-1,6.791517699933D-1,-9.233282504879D0,1.3D0,                  747P   1409
6.791517699933D-1,-9.233282504879D0;                                 747P   1410
110,-2.111690853532D-1,7.915176999330D-2,-9.233282504879D0,          749P   1411
2.111690853532D-1,7.915176999330D-2,-9.233282504879D0;               749P   1412
120,747,749,4.050728152816D0,4.352168412977D0;                       751P   1413
124,3.587207739119D-2,0D0,9.993563899148D-1,1.767617068708D-1,       753P   1414
0D0,-1D0,0D0,6.791517699933D-1,9.993563899148D-1,0D0,                753P   1415
-3.587207739119D-2,-9.233282504879D0;                                753P   1416
104,9.987131940636D-1,0D0,1D0,0D0,0D0,-3.6D-1,0D0,                   755P   1417
4.824292510289D-1,-3.571575371861D-1,5.565973584600D-1,              755P   1418
-2.249400671991D-1;                                                  755P   1419
102,4,127,123,755,129;                                               757P   1420
126,5,3,0,0,1,0,0D0,0D0,0D0,0D0,3.333035553151D-1,                   759P   1421
6.666336951241D-1,1D0,1D0,1D0,1D0,1D0,1D0,1D0,1D0,1D0,1D0,           759P   1422
3.419315601965D-2,4.328099954704D0,0D0,3.473033154447D-2,            759P   1423
4.299955798347D0,0D0,3.591829037259D-2,4.243666342712D0,0D0,         759P   1424
3.802576743528D-2,4.159231692659D0,0D0,3.963762687961D-2,            759P   1425
4.102942154107D0,0D0,4.049276205633D-2,4.074796611090D0,0D0,0D0,     759P   1426
1D0,0D0,0D0,1D0;                                                     759P   1427
126,15,3,0,0,1,0,0D0,0D0,0D0,0D0,5.570095478019D-2,                  761P   1428
1.167065926720D-1,1.857496789871D-1,2.645147226308D-1,               761P   1429
3.533215028384D-1,4.500150279650D-1,5.496124003145D-1,               761P   1430
6.462663454062D-1,7.351022162111D-1,8.139117831117D-1,               761P   1431
8.830226219641D-1,9.441383503369D-1,1D0,1D0,1D0,1D0,1D0,1D0,1D0,     761P   1432
1D0,1D0,1D0,1D0,1D0,1D0,1D0,1D0,1D0,1D0,1D0,1D0,1D0,                 761P   1433
4.049276205633D-2,4.074796611090D0,0D0,5.313053262467D-2,            761P   1434
4.084647715739D0,0D0,8.123329073305D-2,4.104315477542D0,0D0,         761P   1435
1.309950705159D-1,4.131618395192D0,0D0,1.927184370758D-1,            761P   1436
4.156262211557D0,0D0,2.671745522190D-1,4.177528239356D0,0D0,         761P   1437
3.540250813107D-1,4.193473546754D0,0D0,4.500607752161D-1,            761P   1438
4.202125194922D0,0D0,5.495463955887D-1,4.202141779367D0,0D0,         761P   1439
6.455844852034D-1,4.193525360089D0,0D0,7.324591256758D-1,            761P   1440
4.177613241438D0,0D0,8.069779429128D-1,4.156366140305D0,0D0,         761P   1441
8.687876769914D-1,4.131721816069D0,0D0,9.186615947874D-1,            761P   1442
4.104387731728D0,0D0,9.468345817145D-1,4.084677437306D0,0D0,         761P   1443
9.595072379437D-1,4.074796611090D0,0D0,0D0,1D0,0D0,0D0,1D0;          761P   1444
126,5,3,0,0,1,0,0D0,0D0,0D0,0D0,3.333325672699D-1,                   763P   1445
6.666673779472D-1,1D0,1D0,1D0,1D0,1D0,1D0,1D0,1D0,1D0,1D0,           763P   1446
9.595072379437D-1,4.074796611090D0,0D0,9.603623091393D-1,            763P   1447
4.102939302512D0,0D0,9.619741089173D-1,4.159226383610D0,0D0,         763P   1448
9.640815718399D-1,4.243661034896D0,0D0,9.652696000356D-1,            763P   1449
4.299953342364D0,0D0,9.658068439803D-1,4.328099954704D0,0D0,0D0,     763P   1450
1D0,0D0,0D0,1D0;                                                     763P   1451
110,9.658068439803D-1,4.328099954704D0,0D0,3.419315601965D-2,        765P   1452
4.328099954704D0,0D0;                                                765P   1453
102,4,759,761,763,765;                                               767P   1454
142,0,751,767,757,1;                                                 769P   1455
144,751,1,0,769;                                                     771P   1456
110,3D-1,1.016561870791D0,-8.398923814699D0,1.3D0,                   773P   1457
1.016561870791D0,-8.398923814699D0;                                  773P   1458
110,-2.200640069225D-1,7.165618707910D-1,-8.398923814699D0,          775P   1459
2.200640069225D-1,7.165618707910D-1,-8.398923814699D0;               775P   1460
120,773,775,5.309218006947D-2,1.234644217664D0;                      777P   1461
102,4,59,135,133,129;                                                779P   1462
126,7,3,0,0,1,0,0D0,0D0,0D0,0D0,2.003180188073D-1,                   781P   1463
4.001654081516D-1,5.998612641464D-1,7.996973299336D-1,1D0,1D0,       781P   1464
1D0,1D0,1D0,1D0,1D0,1D0,1D0,1D0,1D0,1D0,5.302092981870D-2,           781P   1465
1.186507301117D0,0D0,5.235842031487D-2,1.114016758670D0,0D0,         781P   1466
5.066750297005D-2,9.692155059294D-1,0D0,4.718675118531D-2,           781P   1467
7.521838267989D-1,0D0,4.291863925082D-2,5.353583616791D-1,0D0,       781P   1468
3.805783140524D-2,3.183950585133D-1,0D0,3.457558466133D-2,           781P   1469
1.736734446211D-1,0D0,3.281107884467D-2,1.012290966162D-1,0D0,       781P   1470
0D0,1D0,0D0,0D0,1D0;                                                 781P   1471
110,3.281107884467D-2,1.012290966162D-1,0D0,9.671889211553D-1,       783P   1472
1.012290966162D-1,0D0;                                               783P   1473
126,7,3,0,0,1,0,0D0,0D0,0D0,0D0,2.000928126681D-1,                   785P   1474
4.001438365233D-1,6.001499732525D-1,8.001051966718D-1,1D0,1D0,       785P   1475
1D0,1D0,1D0,1D0,1D0,1D0,1D0,1D0,1D0,1D0,9.671889211553D-1,           785P   1476
1.012290966162D-1,0D0,9.654265482521D-1,1.735967953157D-1,0D0,       785P   1477
9.619444071899D-1,3.183198252222D-1,0D0,9.570804313283D-1,           785P   1478
5.353983380023D-1,0D0,9.528079024805D-1,7.524543517441D-1,0D0,       785P   1479
9.493287051061D-1,9.694849478267D-1,0D0,9.476400585608D-1,           785P   1480
1.114171055219D0,0D0,9.469790701813D-1,1.186507301117D0,0D0,0D0,     785P   1481
1D0,0D0,0D0,1D0;                                                     785P   1482
110,9.469790701813D-1,1.186507301117D0,0D0,5.302092981870D-2,        787P   1483
1.186507301117D0,0D0;                                                787P   1484
102,4,781,783,785,787;                                               789P   1485
142,0,777,789,779,1;                                                 791P   1486
144,777,1,0,791;                                                     793P   1487
128,1,1,1,1,0,0,1,0,0,-3.256674763209D-2,-3.256674763209D-2,         795P   1488
2.715940989200D0,2.715940989200D0,-6.144420066438D-1,                795P   1489
-6.144420066438D-1,1.444200503876D-2,1.444200503876D-2,1D0,1D0,      795P   1490
1D0,1D0,-3.144420066438D-1,4.456850668388D-1,-5.747388711595D0,      795P   1491
-3.144420066438D-1,7.234390815016D-1,-8.481826037036D0,              795P   1492
3.144420050388D-1,4.456850668388D-1,-5.747388711595D0,               795P   1493
3.144420050388D-1,7.234390815016D-1,-8.481826037036D0,               795P   1494
-3.256674763209D-2,2.715940989200D0,-6.144420066438D-1,              795P   1495
1.444200503876D-2;                                                   795P   1496
110,2.056229319585D-1,7.180976581426D-1,-8.429240703854D0,           797P   1497
3.000003488783D-1,4.510268209189D-1,-5.799977297356D0;               797P   1498
102,4,137,135,797,139;                                               799P   1499
110,2.028917038392D-2,-6.000009316798D-1,0D0,2.663085071184D0,       801P   1500
-5.056229319585D-1,0D0;                                              801P   1501
110,2.663085071184D0,-5.056229319585D-1,0D0,2.663085071184D0,        803P   1502
-9.437706804150D-2,0D0;                                              803P   1503
110,2.663085071184D0,-9.437706804150D-2,0D0,2.028917038392D-2,       805P   1504
9.300747446165D-7,0D0;                                               805P   1505
110,2.028917038392D-2,9.300747446165D-7,0D0,2.028917038392D-2,       807P   1506
-6.000009316798D-1,0D0;                                              807P   1507
102,4,801,803,805,807;                                               809P   1508
142,0,795,809,799,1;                                                 811P   1509
144,795,1,0,811;                                                     813P   1510
110,3D-1,6.5D-1,-5.779736874143D0,-7D-1,6.5D-1,                      815P   1511
-5.779736874143D0;                                                   815P   1512
110,3.12D-1,4.510238582342D-1,-5.799948133580D0,-3.12D-1,            817P   1513
4.510238582342D-1,-5.799948133580D0;                                 817P   1514
120,815,817,-2.157408869719D-3,1.032562829977D-1;                    819P   1515
102,4,147,141,299,139;                                               821P   1516
110,9.807692307692D-1,-1.302224876536D-4,0D0,9.807692307692D-1,      823P   1517
1.012290966156D-1,0D0;                                               823P   1518
110,9.807692307692D-1,1.012290966156D-1,0D0,1.923076923077D-2,       825P   1519
1.012290966156D-1,0D0;                                               825P   1520
110,1.923076923077D-2,1.012290966156D-1,0D0,1.923076923077D-2,       827P   1521
-1.302224876536D-4,0D0;                                              827P   1522
110,1.923076923077D-2,-1.302224876536D-4,0D0,9.807692307692D-1,      829P   1523
-1.302224876536D-4,0D0;                                              829P   1524
102,4,823,825,827,829;                                               831P   1525
142,0,819,831,821,1;                                                 833P   1526
144,819,1,0,833;                                                     835P   1527
128,1,1,1,1,0,0,1,0,0,-2.964506829954D-2,-2.964506829954D-2,         837P   1528
3.968571181416D-2,3.968571181416D-2,-1.150807403536D-1,              837P   1529
-1.150807403536D-1,1.143143244032D-1,1.143143244032D-1,1D0,1D0,      837P   1530
1D0,1D0,-3D-1,4.678716222123D-1,-5.812778429232D0,-3D-1,             837P   1531
4.608653102932D-1,-5.743802573569D0,-3D-1,2.396508975852D-1,         837P   1532
-5.835960245068D0,-3D-1,2.326445856661D-1,-5.766984389405D0,         837P   1533
-2.964506829954D-2,3.968571181416D-2,-1.150807403536D-1,             837P   1534
1.143143244032D-1;                                                   837P   1535
102,4,143,147,149,153;                                               839P   1536
110,5.033344095617D-3,9.987324943922D-2,0D0,-1.520399333552D-2,      841P   1537
-9.961624737975D-2,0D0;                                              841P   1538
126,5,3,0,0,1,0,0D0,0D0,0D0,0D0,3.324770154156D-1,                   843P   1539
6.662390644150D-1,1D0,1D0,1D0,1D0,1D0,1D0,1D0,1D0,1D0,1D0,           843P   1540
-1.520399333552D-2,-9.961624737975D-2,0D0,-1.295733973048D-2,        843P   1541
-9.961566491006D-2,0D0,-8.455345374994D-3,-9.969072684941D-2,        843P   1542
0D0,-1.705681516061D-3,-1.000318416946D-1,0D0,2.789598216398D-3,     843P   1543
-1.004117779239D-1,0D0,5.033377413562D-3,-1.006396653895D-1,0D0,     843P   1544
0D0,1D0,0D0,0D0,1D0;                                                 843P   1545
110,5.033377413562D-3,-1.006396653895D-1,0D0,2.524463685014D-2,      845P   1546
9.833647637622D-2,0D0;                                               845P   1547
126,5,3,0,0,1,0,0D0,0D0,0D0,0D0,3.333332408910D-1,                   847P   1548
6.666667591046D-1,1D0,1D0,1D0,1D0,1D0,1D0,1D0,1D0,1D0,1D0,           847P   1549
2.524463685014D-2,9.833647637622D-2,0D0,2.300374600045D-2,           847P   1550
9.856410048586D-2,0D0,1.851811636674D-2,9.898148322565D-2,0D0,       847P   1551
1.178005739967D-2,9.949381401237D-2,0D0,7.282889008562D-3,           847P   1552
9.975944161747D-2,0D0,5.033344095617D-3,9.987324943922D-2,0D0,       847P   1553
0D0,1D0,0D0,0D0,1D0;                                                 847P   1554
102,4,841,843,845,847;                                               849P   1555
142,0,837,849,839,1;                                                 851P   1556
144,837,1,0,851;                                                     853P   1557
128,1,1,1,1,0,0,1,0,0,1.085368254461D-1,1.085368254461D-1,           855P   1558
2.791463174555D0,2.791463174555D0,-1.144410749640D-1,                855P   1559
-1.144410749640D-1,1.144410749640D-1,1.144410749640D-1,1D0,1D0,      855P   1560
1D0,1D0,-3D-1,4.644410749640D-1,-3.148405262517D0,-3D-1,             855P   1561
4.644410749640D-1,-5.831331611626D0,-3D-1,2.355589250360D-1,         855P   1562
-3.148405262517D0,-3D-1,2.355589250360D-1,-5.831331611626D0,         855P   1563
1.085368254461D-1,2.791463174555D0,-1.144410749640D-1,               855P   1564
1.144410749640D-1;                                                   855P   1565
102,4,159,155,149,199;                                               857P   1566
110,1.601315629290D-1,1D-1,0D0,1.601315629290D-1,-1D-1,0D0;          859P   1567
110,1.601315629290D-1,-1D-1,0D0,2.739868437072D0,-1D-1,0D0;          861P   1568
110,2.739868437072D0,-1D-1,0D0,2.739868437072D0,1D-1,0D0;            863P   1569
110,2.739868437072D0,1D-1,0D0,1.601315629290D-1,1D-1,0D0;            865P   1570
102,4,859,861,863,865;                                               867P   1571
142,0,855,867,857,1;                                                 869P   1572
144,855,1,0,869;                                                     871P   1573
110,-4.5D-1,3.5D-1,-3D0,-4.5D-1,-6.5D-1,-3D0;                        873P   1574
110,-3D-1,4.644410749640D-1,-3.2D0,-3D-1,2.355589250360D-1,          875P   1575
-3.2D0;                                                              875P   1576
120,873,875,-5.776429985608D-2,1.912354735859D0;                     877P   1577
110,-3D-1,4.5D-1,-3.2D0,-3D-1,2.5D-1,-3.2D0;                         879P   1578
110,-3D-1,2.5D-1,-2.8D0,-3D-1,4.5D-1,-2.8D0;                         881P   1579
102,4,163,879,203,881;                                               883P   1580
110,6.309393270100D-2,1.854590436003D0,0D0,6.309393270100D-2,        885P   1581
0D0,0D0;                                                             885P   1582
110,6.309393270100D-2,0D0,0D0,9.369060672990D-1,0D0,0D0;             887P   1583
110,9.369060672990D-1,0D0,0D0,9.369060672990D-1,                     889P   1584
1.854590436003D0,0D0;                                                889P   1585
110,9.369060672990D-1,1.854590436003D0,0D0,6.309393270100D-2,        891P   1586
1.854590436003D0,0D0;                                                891P   1587
102,4,885,887,889,891;                                               893P   1588
142,0,877,893,883,1;                                                 895P   1589
144,877,1,0,895;                                                     897P   1590
128,1,1,1,1,0,0,1,0,0,-1.095947374829D-1,-1.095947374829D-1,         899P   1591
5.589331611626D0,5.589331611626D0,-6.144410749640D-1,                899P   1592
-6.144410749640D-1,1.444107496402D-2,1.444107496402D-2,1D0,1D0,      899P   1593
1D0,1D0,-3.144410749640D-1,4.5D-1,-1.904052625171D-1,                899P   1594
-3.144410749640D-1,4.5D-1,-5.889331611626D0,3.144410749640D-1,       899P   1595
4.5D-1,-1.904052625171D-1,3.144410749640D-1,4.5D-1,                  899P   1596
-5.889331611626D0,-1.095947374829D-1,5.589331611626D0,               899P   1597
-6.144410749640D-1,1.444107496402D-2;                                899P   1598
110,3D-1,4.5D-1,-3D-1,2D-1,4.5D-1,-3D-1;                             901P   1599
110,2D-1,4.5D-1,-3D-1,-2D-1,4.5D-1,-3D-1;                            903P   1600
102,11,179,163,155,141,165,169,173,175,901,903,177;                  905P   1601
110,0D0,-6D-1,0D0,2.5D0,-6D-1,0D0;                                   907P   1602
126,9,3,0,0,1,0,0D0,0D0,0D0,0D0,1.438276787569D-1,                   909P   1603
2.866860870266D-1,4.289603913034D-1,5.710396086966D-1,               909P   1604
7.133139129734D-1,8.561723212431D-1,1D0,1D0,1D0,1D0,1D0,1D0,1D0,     909P   1605
1D0,1D0,1D0,1D0,1D0,1D0,1D0,2.5D0,-6D-1,0D0,2.513291539269D0,        909P   1606
-5.821571330582D-1,0D0,2.544699582971D0,-5.503655385040D-1,0D0,      909P   1607
2.602442138741D0,-5.166336286699D-1,0D0,2.666748399156D0,            909P   1608
-4.992848990248D-1,0D0,2.733251600844D0,-4.992848990248D-1,0D0,      909P   1609
2.797557861259D0,-5.166336286699D-1,0D0,2.855300417029D0,            909P   1610
-5.503655385040D-1,0D0,2.886708460731D0,-5.821571330582D-1,0D0,      909P   1611
2.9D0,-6D-1,0D0,0D0,1D0,0D0,0D0,1D0;                                 909P   1612
110,2.9D0,-6D-1,0D0,5.479736874143D0,-6D-1,0D0;                      911P   1613
110,5.479736874143D0,-6D-1,0D0,5.479736874143D0,0D0,0D0;             913P   1614
110,5.479736874143D0,0D0,0D0,2.9D0,0D0,0D0;                          915P   1615
126,6,3,0,0,1,0,0D0,0D0,0D0,0D0,2.499818052335D-1,                   917P   1616
4.999999999999D-1,7.500181947665D-1,1D0,1D0,1D0,1D0,1D0,1D0,1D0,     917P   1617
1D0,1D0,1D0,1D0,2.9D0,0D0,0D0,2.888436863895D0,                      917P   1618
-1.548361089410D-2,0D0,2.861616145927D0,-4.364818820956D-2,0D0,      917P   1619
2.812813477043D0,-7.562695408644D-2,0D0,2.757948863011D0,            917P   1620
-9.548182966750D-2,0D0,2.719324770378D0,-1.000396576527D-1,0D0,      917P   1621
2.7D0,-1D-1,0D0,0D0,1D0,0D0,0D0,1D0;                                 917P   1622
126,6,3,0,0,1,0,0D0,0D0,0D0,0D0,2.499818052335D-1,5D-1,              919P   1623
7.500181947665D-1,1D0,1D0,1D0,1D0,1D0,1D0,1D0,1D0,1D0,1D0,1D0,       919P   1624
2.7D0,-1D-1,0D0,2.680675229622D0,-1.000396576527D-1,0D0,             919P   1625
2.642051136989D0,-9.548182966750D-2,0D0,2.587186522957D0,            919P   1626
-7.562695408645D-2,0D0,2.538383854073D0,-4.364818820957D-2,0D0,      919P   1627
2.511563136105D0,-1.548361089411D-2,0D0,2.5D0,0D0,0D0,0D0,1D0,       919P   1628
0D0,0D0,1D0;                                                         919P   1629
110,2.5D0,0D0,0D0,0D0,0D0,0D0;                                       921P   1630
110,0D0,0D0,0D0,0D0,-1D-1,0D0;                                       923P   1631
110,0D0,-1D-1,0D0,0D0,-5D-1,0D0;                                     925P   1632
110,0D0,-5D-1,0D0,0D0,-6D-1,0D0;                                     927P   1633
102,11,907,909,911,913,915,917,919,921,923,925,927;                  929P   1634
142,0,899,929,905,1;                                                 931P   1635
144,899,1,0,931;                                                     933P   1636
128,1,1,1,1,0,0,1,0,0,-2.789868437071D0,-2.789868437071D0,           935P   1637
-1.898684370710D-1,-1.898684370710D-1,-1.144410749640D-1,            935P   1638
-1.144410749640D-1,1.144410749640D-1,1.144410749640D-1,1D0,1D0,      935P   1639
1D0,1D0,-3D-1,4.644410749640D-1,-2.5D-1,-3D-1,4.644410749640D-1,     935P   1640
-2.85D0,-3D-1,2.355589250360D-1,-2.5D-1,-3D-1,2.355589250360D-1,     935P   1641
-2.85D0,-2.789868437071D0,-1.898684370710D-1,-1.144410749640D-1,     935P   1642
1.144410749640D-1;                                                   935P   1643
102,4,179,157,187,183;                                               937P   1644
110,-2.739868437071D0,-1D-1,0D0,-2.398684370710D-1,-1D-1,0D0;        939P   1645
110,-2.398684370710D-1,-1D-1,0D0,-2.398684370710D-1,1D-1,0D0;        941P   1646
110,-2.398684370710D-1,1D-1,0D0,-2.739868437071D0,1D-1,0D0;          943P   1647
110,-2.739868437071D0,1D-1,0D0,-2.739868437071D0,-1D-1,0D0;          945P   1648
102,4,939,941,943,945;                                               947P   1649
142,0,935,947,937,1;                                                 949P   1650
144,935,1,0,949;                                                     951P   1651
128,1,1,1,1,0,0,1,0,0,-1.444107496402D-2,-1.444107496402D-2,         953P   1652
1.144410749640D-1,1.144410749640D-1,-4.644410749640D-1,              953P   1653
-4.644410749640D-1,-2.355589250360D-1,-2.355589250360D-1,1D0,        953P   1654
1D0,1D0,1D0,-1.855589250360D-1,4.644410749640D-1,-3D-1,              953P   1655
-3.144410749640D-1,4.644410749640D-1,-3D-1,-1.855589250360D-1,       953P   1656
2.355589250360D-1,-3D-1,-3.144410749640D-1,2.355589250360D-1,        953P   1657
-3D-1,-1.444107496402D-2,1.144410749640D-1,-4.644410749640D-1,       953P   1658
-2.355589250360D-1;                                                  953P   1659
110,-3D-1,2.5D-1,-3D-1,-2D-1,2.5D-1,-3D-1;                           955P   1660
110,-2D-1,2.5D-1,-3D-1,-2D-1,4.5D-1,-3D-1;                           957P   1661
110,-3D-1,4.5D-1,-3D-1,-3D-1,2.5D-1,-3D-1;                           959P   1662
102,4,955,957,177,959;                                               961P   1663
110,1D-1,-2.5D-1,0D0,0D0,-2.5D-1,0D0;                                963P   1664
110,0D0,-2.5D-1,0D0,0D0,-4.5D-1,0D0;                                 965P   1665
110,0D0,-4.5D-1,0D0,1D-1,-4.5D-1,0D0;                                967P   1666
110,1D-1,-4.5D-1,0D0,1D-1,-2.5D-1,0D0;                               969P   1667
102,4,963,965,967,969;                                               971P   1668
142,0,953,971,961,1;                                                 973P   1669
144,953,1,0,973;                                                     975P   1670
128,1,1,1,1,0,0,1,0,0,-1.095947374829D-1,-1.095947374829D-1,         977P   1671
5.589331611626D0,5.589331611626D0,-6.144410749640D-1,                977P   1672
-6.144410749640D-1,1.444107496402D-2,1.444107496402D-2,1D0,1D0,      977P   1673
1D0,1D0,-3.144410749640D-1,2.5D-1,-1.904052625171D-1,                977P   1674
-3.144410749640D-1,2.5D-1,-5.889331611626D0,3.144410749640D-1,       977P   1675
2.5D-1,-1.904052625171D-1,3.144410749640D-1,2.5D-1,                  977P   1676
-5.889331611626D0,-1.095947374829D-1,5.589331611626D0,               977P   1677
-6.144410749640D-1,1.444107496402D-2;                                977P   1678
110,-3D-1,2.5D-1,-3D-1,-3D-1,2.5D-1,-2.8D0;                          979P   1679
124,6D-1,8D-1,0D0,-4.5D-1,0D0,0D0,1D0,2.5D-1,8D-1,-6D-1,0D0,         981P   1680
-3D0;                                                                981P   1681
100,0D0,0D0,0D0,2.5D-1,0D0,-7D-2,2.4D-1;                             983P   1682
110,-3D-1,2.5D-1,-3.2D0,-3D-1,2.5D-1,-5.779736874143D0;              985P   1683
124,-6D-1,-8D-1,0D0,4.5D-1,0D0,0D0,1D0,2.5D-1,-8D-1,6D-1,0D0,        987P   1684
-3D0;                                                                987P   1685
100,0D0,0D0,0D0,2.5D-1,0D0,1.5D-1,2D-1;                              989P   1686
124,-1D0,0D0,0D0,4.5D-1,0D0,0D0,1D0,2.5D-1,0D0,1D0,0D0,-3D0;         991P   1687
100,0D0,0D0,0D0,2.5D-1,0D0,1.5D-1,2D-1;                              993P   1688
102,11,979,983,985,301,287,989,993,277,189,205,181;                  995P   1689
110,0D0,-6D-1,0D0,2.5D0,-6D-1,0D0;                                   997P   1690
126,9,3,0,0,1,0,0D0,0D0,0D0,0D0,1.438276787569D-1,                   999P   1691
2.866860870266D-1,4.289603913034D-1,5.710396086966D-1,               999P   1692
7.133139129734D-1,8.561723212431D-1,1D0,1D0,1D0,1D0,1D0,1D0,1D0,     999P   1693
1D0,1D0,1D0,1D0,1D0,1D0,1D0,2.5D0,-6D-1,0D0,2.513291539269D0,        999P   1694
-5.821571330582D-1,0D0,2.544699582971D0,-5.503655385040D-1,0D0,      999P   1695
2.602442138741D0,-5.166336286699D-1,0D0,2.666748399156D0,            999P   1696
-4.992848990248D-1,0D0,2.733251600844D0,-4.992848990248D-1,0D0,      999P   1697
2.797557861259D0,-5.166336286699D-1,0D0,2.855300417029D0,            999P   1698
-5.503655385040D-1,0D0,2.886708460731D0,-5.821571330582D-1,0D0,      999P   1699
2.9D0,-6D-1,0D0,0D0,1D0,0D0,0D0,1D0;                                 999P   1700
110,2.9D0,-6D-1,0D0,5.479736874143D0,-6D-1,0D0;                     1001P   1701
110,5.479736874143D0,-6D-1,0D0,5.479736874143D0,0D0,0D0;            1003P   1702
110,5.479736874143D0,0D0,0D0,2.9D0,0D0,0D0;                         1005P   1703
126,6,3,0,0,1,0,0D0,0D0,0D0,0D0,2.499818052335D-1,                  1007P   1704
4.999999999999D-1,7.500181947665D-1,1D0,1D0,1D0,1D0,1D0,1D0,1D0,    1007P   1705
1D0,1D0,1D0,1D0,2.9D0,0D0,0D0,2.888436863895D0,                     1007P   1706
-1.548361089410D-2,0D0,2.861616145927D0,-4.364818820956D-2,0D0,     1007P   1707
2.812813477043D0,-7.562695408644D-2,0D0,2.757948863011D0,           1007P   1708
-9.548182966750D-2,0D0,2.719324770378D0,-1.000396576527D-1,0D0,     1007P   1709
2.7D0,-1D-1,0D0,0D0,1D0,0D0,0D0,1D0;                                1007P   1710
126,6,3,0,0,1,0,0D0,0D0,0D0,0D0,2.499818052335D-1,5D-1,             1009P   1711
7.500181947665D-1,1D0,1D0,1D0,1D0,1D0,1D0,1D0,1D0,1D0,1D0,1D0,      1009P   1712
2.7D0,-1D-1,0D0,2.680675229622D0,-1.000396576527D-1,0D0,            1009P   1713
2.642051136989D0,-9.548182966750D-2,0D0,2.587186522957D0,           1009P   1714
-7.562695408645D-2,0D0,2.538383854073D0,-4.364818820957D-2,0D0,     1009P   1715
2.511563136105D0,-1.548361089411D-2,0D0,2.5D0,0D0,0D0,0D0,1D0,      1009P   1716
0D0,0D0,1D0;                                                        1009P   1717
110,2.5D0,0D0,0D0,0D0,0D0,0D0;                                      1011P   1718
110,0D0,0D0,0D0,0D0,-1D-1,0D0;                                      1013P   1719
110,0D0,-1D-1,0D0,0D0,-5D-1,0D0;                                    1015P   1720
110,0D0,-5D-1,0D0,0D0,-6D-1,0D0;                                    1017P   1721
102,11,997,999,1001,1003,1005,1007,1009,1011,1013,1015,1017;        1019P   1722
142,0,977,1019,995,1;                                               1021P   1723
144,977,1,0,1021;                                                   1023P   1724
110,3D-1,5D-2,-3D-1,1.3D0,5D-2,-3D-1;                               1025P   1725
110,-2.144410749640D-1,-1.5D-1,-3D-1,2.144410749640D-1,-1.5D-1,     1027P   1726
-3D-1;                                                              1027P   1727
120,1025,1027,3.069387278770D0,3.702218746941D0;                    1029P   1728
110,-2D-1,2.5D-1,-3D-1,2D-1,2.5D-1,-3D-1;                           1031P   1729
110,2D-1,2.266150017438D-1,-2.061536300166D-1,-2D-1,                1033P   1730
2.266150017438D-1,-2.061536300166D-1;                               1033P   1731
102,4,1031,267,1033,217;                                            1035P   1732
110,3.367142924098D-2,3.141592653590D0,0D0,9.663285707590D-1,       1037P   1733
3.141592653590D0,0D0;                                               1037P   1734
110,9.663285707590D-1,3.141592653590D0,0D0,9.663285707590D-1,       1039P   1735
3.630013372121D0,0D0;                                               1039P   1736
110,9.663285707590D-1,3.630013372121D0,0D0,3.367142924098D-2,       1041P   1737
3.630013372121D0,0D0;                                               1041P   1738
110,3.367142924098D-2,3.630013372121D0,0D0,3.367142924098D-2,       1043P   1739
3.141592653590D0,0D0;                                               1043P   1740
102,4,1037,1039,1041,1043;                                          1045P   1741
142,0,1029,1045,1035,1;                                             1047P   1742
144,1029,1,0,1047;                                                  1049P   1743
128,1,1,1,1,0,0,1,0,0,-4.54D-2,-4.54D-2,2.3154D0,2.3154D0,          1051P   1744
-4.644410749640D-1,-4.644410749640D-1,1.444107496402D-2,            1051P   1745
1.444107496402D-2,1D0,1D0,1D0,1D0,-2D-1,4.644410749640D-1,          1051P   1746
2.0154D0,-2D-1,4.644410749640D-1,-3.454D-1,-2D-1,                   1051P   1747
-1.444107496402D-2,2.0154D0,-2D-1,-1.444107496402D-2,-3.454D-1,     1051P   1748
-4.54D-2,2.3154D0,-4.644410749640D-1,1.444107496402D-2;             1051P   1749
124,0D0,0D0,1D0,-2D-1,-1D0,0D0,0D0,4D-1,0D0,-1D0,0D0,3.2D-1;        1053P   1750
100,0D0,0D0,0D0,2D-1,0D0,1.766150017434D-1,9.384636998401D-2;       1055P   1751
124,0D0,0D0,1D0,-2D-1,1D0,0D0,0D0,5D-2,0D0,1D0,0D0,-3D-1;           1057P   1752
100,0D0,0D0,0D0,2D-1,0D0,1.766150017438D-1,9.384636998334D-2;       1059P   1753
110,-2D-1,2.266150017438D-1,-2.061536300166D-1,-2D-1,               1061P   1754
4.676999651246D-2,1.323072600334D-1;                                1061P   1755
102,10,233,235,229,1055,223,221,185,1059,1061,211;                  1063P   1756
110,1.65D0,0D0,0D0,0D0,0D0,0D0;                                     1065P   1757
110,0D0,0D0,0D0,0D0,-2D-1,0D0;                                      1067P   1758
110,0D0,-2D-1,0D0,1.65D0,-2D-1,0D0;                                 1069P   1759
126,5,3,0,0,1,0,0D0,0D0,0D0,0D0,3.333247868450D-1,                  1071P   1760
6.666752131475D-1,1D0,1D0,1D0,1D0,1D0,1D0,1D0,1D0,1D0,1D0,          1071P   1761
1.65D0,-2D-1,0D0,1.660855775102D0,-1.999885917240D-1,0D0,           1071P   1762
1.682560600573D0,-2.017749083629D-1,0D0,1.714260073814D0,           1071P   1763
-2.096739046330D-1,0D0,1.734265259417D0,-2.182810484595D-1,0D0,     1071P   1764
1.743846369984D0,-2.233849982565D-1,0D0,0D0,1D0,0D0,0D0,1D0;        1071P   1765
110,1.743846369984D0,-2.233849982565D-1,0D0,2.082307260034D0,       1073P   1766
-4.032300034879D-1,0D0;                                             1073P   1767
126,5,3,0,0,1,0,0D0,0D0,0D0,0D0,3.333247868442D-1,                  1075P   1768
6.666752131509D-1,1D0,1D0,1D0,1D0,1D0,1D0,1D0,1D0,1D0,1D0,          1075P   1769
2.082307260034D0,-4.032300034879D-1,0D0,2.101469481167D0,           1075P   1770
-4.134379030816D-1,0D0,2.141479852373D0,-4.306521907342D-1,0D0,     1075P   1771
2.204878798854D0,-4.464501832742D-1,0D0,2.248288449796D0,           1075P   1772
-4.500228165521D-1,0D0,2.27D0,-4.5D-1,0D0,0D0,1D0,0D0,0D0,1D0;      1075P   1773
110,2.27D0,-4.5D-1,0D0,2.27D0,-2.5D-1,0D0;                          1077P   1774
126,5,3,0,0,1,0,0D0,0D0,0D0,0D0,3.333247868476D-1,                  1079P   1775
6.666752131527D-1,1D0,1D0,1D0,1D0,1D0,1D0,1D0,1D0,1D0,1D0,          1079P   1776
2.27D0,-2.5D-1,0D0,2.259144224898D0,-2.500114082760D-1,0D0,         1079P   1777
2.237439399427D0,-2.482250916371D-1,0D0,2.205739926186D0,           1079P   1778
-2.403260953670D-1,0D0,2.185734740583D0,-2.317189515407D-1,0D0,     1079P   1779
2.176153630017D0,-2.266150017438D-1,0D0,0D0,1D0,0D0,0D0,1D0;        1079P   1780
110,2.176153630017D0,-2.266150017438D-1,0D0,1.837692739967D0,       1081P   1781
-4.676999651240D-2,0D0;                                             1081P   1782
126,5,3,0,0,1,0,0D0,0D0,0D0,0D0,3.333247868468D-1,                  1083P   1783
6.666752131522D-1,1D0,1D0,1D0,1D0,1D0,1D0,1D0,1D0,1D0,1D0,          1083P   1784
1.837692739967D0,-4.676999651240D-2,0D0,1.818530518833D0,           1083P   1785
-3.656209691853D-2,0D0,1.778520147628D0,-1.934780926589D-2,0D0,     1083P   1786
1.715121201146D0,-3.549816725783D-3,0D0,1.671711550204D0,           1083P   1787
2.281655205777D-5,0D0,1.65D0,0D0,0D0,0D0,1D0,0D0,0D0,1D0;           1083P   1788
102,10,1065,1067,1069,1071,1073,1075,1077,1079,1081,1083;           1085P   1789
142,0,1051,1085,1063,1;                                             1087P   1790
144,1051,1,0,1087;                                                  1089P   1791
128,1,1,1,1,0,0,1,0,0,-3.3D-2,-3.3D-2,1.683D0,1.683D0,              1091P   1792
-5.144410749640D-1,-5.144410749640D-1,-8.555892503598D-2,           1091P   1793
-8.555892503598D-2,1D0,1D0,1D0,1D0,-2.144410749640D-1,0D0,          1091P   1794
2.003D0,-2.144410749640D-1,0D0,2.87D-1,2.144410749640D-1,0D0,       1091P   1795
2.003D0,2.144410749640D-1,0D0,2.87D-1,-3.3D-2,1.683D0,              1091P   1796
-5.144410749640D-1,-8.555892503598D-2;                              1091P   1797
110,2D-1,0D0,1.97D0,-2D-1,0D0,1.97D0;                               1093P   1798
110,-2D-1,0D0,1.97D0,-2D-1,0D0,3.2D-1;                              1095P   1799
102,4,1093,1095,353,249;                                            1097P   1800
110,0D0,-1D-1,0D0,0D0,-5D-1,0D0;                                    1099P   1801
110,0D0,-5D-1,0D0,1.65D0,-5D-1,0D0;                                 1101P   1802
110,1.65D0,-5D-1,0D0,1.65D0,-1D-1,0D0;                              1103P   1803
110,1.65D0,-1D-1,0D0,0D0,-1D-1,0D0;                                 1105P   1804
102,4,1099,1101,1103,1105;                                          1107P   1805
142,0,1091,1107,1097,1;                                             1109P   1806
144,1091,1,0,1109;                                                  1111P   1807
128,1,1,1,1,0,0,1,0,0,-2.144410749640D-1,-2.144410749640D-1,        1113P   1808
2.144410749640D-1,2.144410749640D-1,-1.144410749640D-1,             1113P   1809
-1.144410749640D-1,1.144410749640D-1,1.144410749640D-1,1D0,1D0,     1113P   1810
1D0,1D0,2.144410749640D-1,2.144410749640D-1,1.97D0,                 1113P   1811
-2.144410749640D-1,2.144410749640D-1,1.97D0,2.144410749640D-1,      1113P   1812
-1.444107496402D-2,1.97D0,-2.144410749640D-1,-1.444107496402D-2,    1113P   1813
1.97D0,-2.144410749640D-1,2.144410749640D-1,-1.144410749640D-1,     1113P   1814
1.144410749640D-1;                                                  1113P   1815
110,-2D-1,2D-1,1.97D0,-2D-1,0D0,1.97D0;                             1115P   1816
102,4,231,251,237,1115;                                             1117P   1817
110,2D-1,1D-1,0D0,-2D-1,1D-1,0D0;                                   1119P   1818
110,-2D-1,1D-1,0D0,-2D-1,-1D-1,0D0;                                 1121P   1819
110,-2D-1,-1D-1,0D0,2D-1,-1D-1,0D0;                                 1123P   1820
110,2D-1,-1D-1,0D0,2D-1,1D-1,0D0;                                   1125P   1821
102,4,1119,1121,1123,1125;                                          1127P   1822
142,0,1113,1127,1117,1;                                             1129P   1823
144,1113,1,0,1129;                                                  1131P   1824
128,1,1,1,1,0,0,1,0,0,-3.3D-2,-3.3D-2,1.683D0,1.683D0,              1133P   1825
-5.144410749640D-1,-5.144410749640D-1,-8.555892503598D-2,           1133P   1826
-8.555892503598D-2,1D0,1D0,1D0,1D0,-2.144410749640D-1,2D-1,         1133P   1827
2.003D0,-2.144410749640D-1,2D-1,2.87D-1,2.144410749640D-1,2D-1,     1133P   1828
2.003D0,2.144410749640D-1,2D-1,2.87D-1,-3.3D-2,1.683D0,             1133P   1829
-5.144410749640D-1,-8.555892503598D-2;                              1133P   1830
102,4,237,229,241,239;                                              1135P   1831
110,0D0,-1D-1,0D0,0D0,-5D-1,0D0;                                    1137P   1832
110,0D0,-5D-1,0D0,1.65D0,-5D-1,0D0;                                 1139P   1833
110,1.65D0,-5D-1,0D0,1.65D0,-1D-1,0D0;                              1141P   1834
110,1.65D0,-1D-1,0D0,0D0,-1D-1,0D0;                                 1143P   1835
102,4,1137,1139,1141,1143;                                          1145P   1836
142,0,1133,1145,1135,1;                                             1147P   1837
144,1133,1,0,1147;                                                  1149P   1838
110,3D-1,4D-1,3.2D-1,1.3D0,4D-1,3.2D-1;                             1151P   1839
110,-2.144410749640D-1,2D-1,3.2D-1,2.144410749640D-1,2D-1,          1153P   1840
3.2D-1;                                                             1153P   1841
120,1151,1153,-7.220537482010D-2,5.606260933517D-1;                 1155P   1842
102,4,241,255,243,227;                                              1157P   1843
110,3.367142924098D-2,0D0,0D0,9.663285707590D-1,0D0,0D0;            1159P   1844
110,9.663285707590D-1,0D0,0D0,9.663285707590D-1,                    1161P   1845
4.884207185316D-1,0D0;                                              1161P   1846
110,9.663285707590D-1,4.884207185316D-1,0D0,3.367142924098D-2,      1163P   1847
4.884207185316D-1,0D0;                                              1163P   1848
110,3.367142924098D-2,4.884207185316D-1,0D0,3.367142924098D-2,      1165P   1849
0D0,0D0;                                                            1165P   1850
102,4,1159,1161,1163,1165;                                          1167P   1851
142,0,1155,1167,1157,1;                                             1169P   1852
144,1155,1,0,1169;                                                  1171P   1853
128,1,1,1,1,0,0,1,0,0,-1.444107496402D-2,-1.444107496402D-2,        1173P   1854
3.977164328988D-1,3.977164328988D-1,-5.144410749640D-1,             1173P   1855
-5.144410749640D-1,-8.555892503598D-2,-8.555892503598D-2,1D0,       1173P   1856
1D0,1D0,1D0,-2.144410749640D-1,2.166087859360D-1,                   1173P   1857
2.389061824164D-1,-2.144410749640D-1,4.100062158076D-1,             1173P   1858
-1.250598124331D-1,2.144410749640D-1,2.166087859360D-1,             1173P   1859
2.389061824164D-1,2.144410749640D-1,4.100062158076D-1,              1173P   1860
-1.250598124331D-1,-1.444107496402D-2,3.977164328988D-1,            1173P   1861
-5.144410749640D-1,-8.555892503598D-2;                              1173P   1862
110,-2D-1,4.032300034876D-1,-1.123072600336D-1,2D-1,                1175P   1863
4.032300034876D-1,-1.123072600336D-1;                               1175P   1864
110,2D-1,4.032300034876D-1,-1.123072600336D-1,2D-1,                 1177P   1865
2.233849982563D-1,2.261536300164D-1;                                1177P   1866
102,4,1175,1177,243,223;                                            1179P   1867
110,3.832753579348D-1,-5D-1,0D0,3.832753579348D-1,-1D-1,0D0;        1181P   1868
110,3.832753579348D-1,-1D-1,0D0,0D0,-1D-1,0D0;                      1183P   1869
110,0D0,-1D-1,0D0,0D0,-5D-1,0D0;                                    1185P   1870
110,0D0,-5D-1,0D0,3.832753579348D-1,-5D-1,0D0;                      1187P   1871
102,4,1181,1183,1185,1187;                                          1189P   1872
142,0,1173,1189,1179,1;                                             1191P   1873
144,1173,1,0,1191;                                                  1193P   1874
110,3D-1,5D-2,-3D-1,1.3D0,5D-2,-3D-1;                               1195P   1875
110,-2.144410749640D-1,-3.5D-1,-3D-1,2.144410749640D-1,-3.5D-1,     1197P   1876
-3D-1;                                                              1197P   1877
120,1195,1197,3.105489966180D0,3.666116059531D0;                    1199P   1878
124,0D0,0D0,1D0,2D-1,1D0,0D0,0D0,5D-2,0D0,1D0,0D0,-3D-1;            1201P   1879
100,0D0,0D0,0D0,4D-1,0D0,3.532300034880D-1,1.876927399659D-1;       1203P   1880
102,4,245,221,247,1203;                                             1205P   1881
110,9.663285707590D-1,3.630013372121D0,0D0,3.367142924098D-2,       1207P   1882
3.630013372121D0,0D0;                                               1207P   1883
110,3.367142924098D-2,3.630013372121D0,0D0,3.367142924098D-2,       1209P   1884
3.141592653590D0,0D0;                                               1209P   1885
110,3.367142924098D-2,3.141592653590D0,0D0,9.663285707590D-1,       1211P   1886
3.141592653590D0,0D0;                                               1211P   1887
110,9.663285707590D-1,3.141592653590D0,0D0,9.663285707590D-1,       1213P   1888
3.630013372121D0,0D0;                                               1213P   1889
102,4,1207,1209,1211,1213;                                          1215P   1890
142,0,1199,1215,1205,1;                                             1217P   1891
144,1199,1,0,1217;                                                  1219P   1892
128,1,1,1,1,0,0,1,0,0,-4.54D-2,-4.54D-2,2.3154D0,2.3154D0,          1221P   1893
-4.644410749640D-1,-4.644410749640D-1,1.444107496402D-2,            1221P   1894
1.444107496402D-2,1D0,1D0,1D0,1D0,2D-1,4.644410749640D-1,           1221P   1895
2.0154D0,2D-1,4.644410749640D-1,-3.454D-1,2D-1,                     1221P   1896
-1.444107496402D-2,2.0154D0,2D-1,-1.444107496402D-2,-3.454D-1,      1221P   1897
-4.54D-2,2.3154D0,-4.644410749640D-1,1.444107496402D-2;             1221P   1898
110,2D-1,2D-1,1.97D0,2D-1,2D-1,3.2D-1;                              1223P   1899
102,10,249,251,1223,255,257,261,263,267,269,273;                    1225P   1900
110,1.65D0,0D0,0D0,0D0,0D0,0D0;                                     1227P   1901
110,0D0,0D0,0D0,0D0,-2D-1,0D0;                                      1229P   1902
110,0D0,-2D-1,0D0,1.65D0,-2D-1,0D0;                                 1231P   1903
126,5,3,0,0,1,0,0D0,0D0,0D0,0D0,3.333247868450D-1,                  1233P   1904
6.666752131475D-1,1D0,1D0,1D0,1D0,1D0,1D0,1D0,1D0,1D0,1D0,          1233P   1905
1.65D0,-2D-1,0D0,1.660855775102D0,-1.999885917240D-1,0D0,           1233P   1906
1.682560600573D0,-2.017749083629D-1,0D0,1.714260073814D0,           1233P   1907
-2.096739046330D-1,0D0,1.734265259417D0,-2.182810484595D-1,0D0,     1233P   1908
1.743846369984D0,-2.233849982565D-1,0D0,0D0,1D0,0D0,0D0,1D0;        1233P   1909
110,1.743846369984D0,-2.233849982565D-1,0D0,2.082307260034D0,       1235P   1910
-4.032300034879D-1,0D0;                                             1235P   1911
126,5,3,0,0,1,0,0D0,0D0,0D0,0D0,3.333247868442D-1,                  1237P   1912
6.666752131509D-1,1D0,1D0,1D0,1D0,1D0,1D0,1D0,1D0,1D0,1D0,          1237P   1913
2.082307260034D0,-4.032300034879D-1,0D0,2.101469481167D0,           1237P   1914
-4.134379030816D-1,0D0,2.141479852373D0,-4.306521907342D-1,0D0,     1237P   1915
2.204878798854D0,-4.464501832742D-1,0D0,2.248288449796D0,           1237P   1916
-4.500228165521D-1,0D0,2.27D0,-4.5D-1,0D0,0D0,1D0,0D0,0D0,1D0;      1237P   1917
110,2.27D0,-4.5D-1,0D0,2.27D0,-2.5D-1,0D0;                          1239P   1918
126,5,3,0,0,1,0,0D0,0D0,0D0,0D0,3.333247868476D-1,                  1241P   1919
6.666752131527D-1,1D0,1D0,1D0,1D0,1D0,1D0,1D0,1D0,1D0,1D0,          1241P   1920
2.27D0,-2.5D-1,0D0,2.259144224898D0,-2.500114082760D-1,0D0,         1241P   1921
2.237439399427D0,-2.482250916371D-1,0D0,2.205739926186D0,           1241P   1922
-2.403260953670D-1,0D0,2.185734740583D0,-2.317189515407D-1,0D0,     1241P   1923
2.176153630017D0,-2.266150017438D-1,0D0,0D0,1D0,0D0,0D0,1D0;        1241P   1924
110,2.176153630017D0,-2.266150017438D-1,0D0,1.837692739967D0,       1243P   1925
-4.676999651240D-2,0D0;                                             1243P   1926
126,5,3,0,0,1,0,0D0,0D0,0D0,0D0,3.333247868468D-1,                  1245P   1927
6.666752131522D-1,1D0,1D0,1D0,1D0,1D0,1D0,1D0,1D0,1D0,1D0,          1245P   1928
1.837692739967D0,-4.676999651240D-2,0D0,1.818530518833D0,           1245P   1929
-3.656209691853D-2,0D0,1.778520147628D0,-1.934780926589D-2,0D0,     1245P   1930
1.715121201146D0,-3.549816725783D-3,0D0,1.671711550204D0,           1245P   1931
2.281655205774D-5,0D0,1.65D0,0D0,0D0,0D0,1D0,0D0,0D0,1D0;           1245P   1932
102,10,1227,1229,1231,1233,1235,1237,1239,1241,1243,1245;           1247P   1933
142,0,1221,1247,1225,1;                                             1249P   1934
144,1221,1,0,1249;                                                  1251P   1935
128,1,1,1,1,0,0,1,0,0,-1.444107496402D-2,-1.444107496402D-2,        1253P   1936
1.144410749640D-1,1.144410749640D-1,-4.644410749640D-1,             1253P   1937
-4.644410749640D-1,-2.355589250360D-1,-2.355589250360D-1,1D0,       1253P   1938
1D0,1D0,1D0,1.855589250360D-1,4.644410749640D-1,-3D-1,              1253P   1939
3.144410749640D-1,4.644410749640D-1,-3D-1,1.855589250360D-1,        1253P   1940
2.355589250360D-1,-3D-1,3.144410749640D-1,2.355589250360D-1,        1253P   1941
-3D-1,-1.444107496402D-2,1.144410749640D-1,-4.644410749640D-1,      1253P   1942
-2.355589250360D-1;                                                 1253P   1943
110,2D-1,2.5D-1,-3D-1,2D-1,4.5D-1,-3D-1;                            1255P   1944
110,3D-1,4.5D-1,-3D-1,3D-1,2.5D-1,-3D-1;                            1257P   1945
102,4,1255,275,1257,189;                                            1259P   1946
110,0D0,-2.5D-1,0D0,0D0,-4.5D-1,0D0;                                1261P   1947
110,0D0,-4.5D-1,0D0,1D-1,-4.5D-1,0D0;                               1263P   1948
110,1D-1,-4.5D-1,0D0,1D-1,-2.5D-1,0D0;                              1265P   1949
110,1D-1,-2.5D-1,0D0,0D0,-2.5D-1,0D0;                               1267P   1950
102,4,1261,1263,1265,1267;                                          1269P   1951
142,0,1253,1269,1259,1;                                             1271P   1952
144,1253,1,0,1271;                                                  1273P   1953
128,1,1,1,1,0,0,1,0,0,-2.789868437071D0,-2.789868437071D0,          1275P   1954
-1.898684370710D-1,-1.898684370710D-1,-1.144410749640D-1,           1275P   1955
-1.144410749640D-1,1.144410749640D-1,1.144410749640D-1,1D0,1D0,     1275P   1956
1D0,1D0,3D-1,4.644410749640D-1,-2.5D-1,3D-1,4.644410749640D-1,      1275P   1957
-2.85D0,3D-1,2.355589250360D-1,-2.5D-1,3D-1,2.355589250360D-1,      1275P   1958
-2.85D0,-2.789868437071D0,-1.898684370710D-1,-1.144410749640D-1,    1275P   1959
1.144410749640D-1;                                                  1275P   1960
110,3D-1,4.5D-1,-3D-1,3D-1,4.5D-1,-2.8D0;                           1277P   1961
102,4,1277,281,277,279;                                             1279P   1962
110,-2.739868437071D0,-1D-1,0D0,-2.398684370710D-1,-1D-1,0D0;       1281P   1963
110,-2.398684370710D-1,-1D-1,0D0,-2.398684370710D-1,1D-1,0D0;       1283P   1964
110,-2.398684370710D-1,1D-1,0D0,-2.739868437071D0,1D-1,0D0;         1285P   1965
110,-2.739868437071D0,1D-1,0D0,-2.739868437071D0,-1D-1,0D0;         1287P   1966
102,4,1281,1283,1285,1287;                                          1289P   1967
142,0,1275,1289,1279,1;                                             1291P   1968
144,1275,1,0,1291;                                                  1293P   1969
110,4.5D-1,3.5D-1,-3D0,4.5D-1,1.35D0,-3D0;                          1295P   1970
110,2D-1,2.355589250360D-1,-3D0,2D-1,4.644410749640D-1,-3D0;        1297P   1971
120,1295,1297,-5.776429985608D-2,9.850595178577D-1;                 1299P   1972
102,4,173,281,193,285;                                              1301P   1973
110,9.369060672990D-1,0D0,0D0,9.369060672990D-1,                    1303P   1974
9.272952180016D-1,0D0;                                              1303P   1975
110,9.369060672990D-1,9.272952180016D-1,0D0,6.309393270100D-2,      1305P   1976
9.272952180016D-1,0D0;                                              1305P   1977
110,6.309393270100D-2,9.272952180016D-1,0D0,6.309393270100D-2,      1307P   1978
0D0,0D0;                                                            1307P   1979
110,6.309393270100D-2,0D0,0D0,9.369060672990D-1,0D0,0D0;            1309P   1980
102,4,1303,1305,1307,1309;                                          1311P   1981
142,0,1299,1311,1301,1;                                             1313P   1982
144,1299,1,0,1313;                                                  1315P   1983
110,4.5D-1,3.5D-1,-3D0,4.5D-1,1.35D0,-3D0;                          1317P   1984
110,3D-1,2.355589250360D-1,-3.2D0,3D-1,4.644410749640D-1,-3.2D0;    1319P   1985
120,1317,1319,-5.776429985608D-2,9.850595178577D-1;                 1321P   1986
110,2D-1,4.5D-1,-3D0,2D-1,2.5D-1,-3D0;                              1323P   1987
102,4,169,1323,197,283;                                             1325P   1988
110,9.369060672990D-1,0D0,0D0,9.369060672990D-1,                    1327P   1989
9.272952180016D-1,0D0;                                              1327P   1990
110,9.369060672990D-1,9.272952180016D-1,0D0,6.309393270100D-2,      1329P   1991
9.272952180016D-1,0D0;                                              1329P   1992
110,6.309393270100D-2,9.272952180016D-1,0D0,6.309393270100D-2,      1331P   1993
0D0,0D0;                                                            1331P   1994
110,6.309393270100D-2,0D0,0D0,9.369060672990D-1,0D0,0D0;            1333P   1995
102,4,1327,1329,1331,1333;                                          1335P   1996
142,0,1321,1335,1325,1;                                             1337P   1997
144,1321,1,0,1337;                                                  1339P   1998
128,1,1,1,1,0,0,1,0,0,1.085368254461D-1,1.085368254461D-1,          1341P   1999
2.791463174555D0,2.791463174555D0,-1.144410749640D-1,               1341P   2000
-1.144410749640D-1,1.144410749640D-1,1.144410749640D-1,1D0,1D0,     1341P   2001
1D0,1D0,3D-1,4.644410749640D-1,-3.148405262517D0,3D-1,              1341P   2002
4.644410749640D-1,-5.831331611626D0,3D-1,2.355589250360D-1,         1341P   2003
-3.148405262517D0,3D-1,2.355589250360D-1,-5.831331611626D0,         1341P   2004
1.085368254461D-1,2.791463174555D0,-1.144410749640D-1,              1341P   2005
1.144410749640D-1;                                                  1341P   2006
110,3D-1,4.5D-1,-3.2D0,3D-1,4.5D-1,-5.779736874143D0;               1343P   2007
102,4,283,1343,295,287;                                             1345P   2008
110,1.601315629290D-1,1D-1,0D0,1.601315629290D-1,-1D-1,0D0;         1347P   2009
110,1.601315629290D-1,-1D-1,0D0,2.739868437072D0,-1D-1,0D0;         1349P   2010
110,2.739868437072D0,-1D-1,0D0,2.739868437072D0,1D-1,0D0;           1351P   2011
110,2.739868437072D0,1D-1,0D0,1.601315629290D-1,1D-1,0D0;           1353P   2012
102,4,1347,1349,1351,1353;                                          1355P   2013
142,0,1341,1355,1345,1;                                             1357P   2014
144,1341,1,0,1357;                                                  1359P   2015
128,1,1,1,1,0,0,1,0,0,-2.964506808841D-2,-2.964506808841D-2,        1361P   2016
3.968571181416D-2,3.968571181416D-2,-1.150807403536D-1,             1361P   2017
-1.150807403536D-1,1.143143244032D-1,1.143143244032D-1,1D0,1D0,     1361P   2018
1D0,1D0,3D-1,4.678716221909D-1,-5.812778429022D0,3D-1,              1361P   2019
4.608653102932D-1,-5.743802573569D0,3D-1,2.396508975639D-1,         1361P   2020
-5.835960244858D0,3D-1,2.326445856661D-1,-5.766984389405D0,         1361P   2021
-2.964506808841D-2,3.968571181416D-2,-1.150807403536D-1,            1361P   2022
1.143143244032D-1;                                                  1361P   2023
124,0D0,0D0,-1D0,3D-1,-9.948675068651D-1,-1.011861837607D-1,0D0,    1363P   2024
6.5D-1,-1.011861837607D-1,9.948675068651D-1,0D0,                    1363P   2025
-5.779736874143D0;                                                  1363P   2026
100,0D0,0D0,0D0,2D-1,0D0,1.989735013730D-1,2.023723675214D-2;       1365P   2027
102,4,289,1365,295,293;                                             1367P   2028
110,5.033344095617D-3,9.987324943922D-2,0D0,-1.520399312439D-2,     1369P   2029
-9.961624586852D-2,0D0;                                             1369P   2030
126,5,3,0,0,1,0,0D0,0D0,0D0,0D0,3.324799726972D-1,                  1371P   2031
6.662405430482D-1,1D0,1D0,1D0,1D0,1D0,1D0,1D0,1D0,1D0,1D0,          1371P   2032
-1.520399312439D-2,-9.961624586852D-2,0D0,-1.295731956776D-2,       1371P   2033
-9.961566431966D-2,0D0,-8.455315273157D-3,-9.969072794879D-2,       1371P   2034
0D0,-1.705651561591D-3,-1.000318440561D-1,0D0,2.789608180214D-3,    1371P   2035
-1.004117787658D-1,0D0,5.033377413562D-3,-1.006396653895D-1,0D0,    1371P   2036
0D0,1D0,0D0,0D0,1D0;                                                1371P   2037
110,5.033377413562D-3,-1.006396653895D-1,0D0,2.524463685014D-2,     1373P   2038
9.833647637622D-2,0D0;                                              1373P   2039
126,5,3,0,0,1,0,0D0,0D0,0D0,0D0,3.333332408910D-1,                  1375P   2040
6.666667591046D-1,1D0,1D0,1D0,1D0,1D0,1D0,1D0,1D0,1D0,1D0,          1375P   2041
2.524463685014D-2,9.833647637622D-2,0D0,2.300374600045D-2,          1375P   2042
9.856410048586D-2,0D0,1.851811636674D-2,9.898148322565D-2,0D0,      1375P   2043
1.178005739967D-2,9.949381401237D-2,0D0,7.282889008562D-3,          1375P   2044
9.975944161747D-2,0D0,5.033344095617D-3,9.987324943922D-2,0D0,      1375P   2045
0D0,1D0,0D0,0D0,1D0;                                                1375P   2046
102,4,1369,1371,1373,1375;                                          1377P   2047
142,0,1361,1377,1367,1;                                             1379P   2048
144,1361,1,0,1379;                                                  1381P   2049
110,3D-1,6.5D-1,-5.779736874143D0,-7D-1,6.5D-1,                     1383P   2050
-5.779736874143D0;                                                  1383P   2051
110,3.12D-1,2.520477164685D-1,-5.820159393016D0,-3.12D-1,           1385P   2052
2.520477164685D-1,-5.820159393016D0;                                1385P   2053
120,1383,1385,-2.024581932312D-3,1.032536785479D-1;                 1387P   2054
124,0D0,0D0,-1D0,-3D-1,-9.987160686679D-1,-5.065781464331D-2,       1389P   2055
0D0,6.5D-1,-5.065781464331D-2,9.987160686679D-1,0D0,                1389P   2056
-5.779736874143D0;                                                  1389P   2057
100,0D0,0D0,0D0,4D-1,0D0,3.994864274672D-1,2.026312585733D-2;       1391P   2058
102,6,61,1391,301,293,303,305;                                      1393P   2059
126,5,3,0,0,1,0,0D0,0D0,0D0,0D0,3.333332440102D-1,                  1395P   2060
6.666667560752D-1,1D0,1D0,1D0,1D0,1D0,1D0,1D0,1D0,1D0,1D0,          1395P   2061
9.796095752583D-1,0D0,0D0,9.797381508495D-1,5.616634999074D-3,      1395P   2062
0D0,9.799955220163D-1,1.684989725600D-2,0D0,9.803821286881D-1,      1395P   2063
3.369975769492D-2,0D0,9.806401600397D-1,4.493298309289D-2,0D0,      1395P   2064
9.807692307692D-1,5.054959044740D-2,0D0,0D0,1D0,0D0,0D0,1D0;        1395P   2065
110,9.807692307692D-1,5.054959044740D-2,0D0,9.807692307692D-1,      1397P   2066
1.012290966156D-1,0D0;                                              1397P   2067
110,9.807692307692D-1,1.012290966156D-1,0D0,1.923076923077D-2,      1399P   2068
1.012290966156D-1,0D0;                                              1399P   2069
110,1.923076923077D-2,1.012290966156D-1,0D0,1.923076923077D-2,      1401P   2070
5.054959044740D-2,0D0;                                              1401P   2071
126,5,3,0,0,1,0,0D0,0D0,0D0,0D0,3.333344490007D-1,                  1403P   2072
6.666677772725D-1,1D0,1D0,1D0,1D0,1D0,1D0,1D0,1D0,1D0,1D0,          1403P   2073
1.923076923077D-2,5.054959044740D-2,0D0,1.935984026702D-2,          1403P   2074
4.493296277780D-2,0D0,1.961787201344D-2,3.369972017047D-2,0D0,      1403P   2075
2.000447900331D-2,1.684985974964D-2,0D0,2.026184970422D-2,          1403P   2076
5.616617798973D-3,0D0,2.039042474167D-2,0D0,0D0,0D0,1D0,0D0,0D0,    1403P   2077
1D0;                                                                1403P   2078
110,2.039042474167D-2,0D0,0D0,9.796095752583D-1,0D0,0D0;            1405P   2079
102,6,1395,1397,1399,1401,1403,1405;                                1407P   2080
142,0,1387,1407,1393,1;                                             1409P   2081
144,1387,1,0,1409;                                                  1411P   2082
128,1,1,1,1,0,0,1,0,0,-3.259331304923D-2,-3.259331304923D-2,        1413P   2083
2.715941510091D0,2.715941510091D0,-6.137174499252D-1,               1413P   2084
-6.137174499252D-1,1.371744992522D-2,1.371744992522D-2,1D0,1D0,     1413P   2085
1D0,1D0,-3.137174499252D-1,2.467062404703D-1,-5.767573541611D0,     1413P   2086
-3.137174499252D-1,5.244629923751D-1,-8.502037814697D0,             1413P   2087
3.137174499252D-1,2.467062404703D-1,-5.767573541611D0,              1413P   2088
3.137174499252D-1,5.244629923751D-1,-8.502037814697D0,              1413P   2089
-3.259331304923D-2,2.715941510091D0,-6.137174499252D-1,             1413P   2090
1.371744992522D-2;                                                  1413P   2091
110,-2.992763749612D-1,2.520477164685D-1,-5.820159393016D0,         1415P   2092
-2.048974451652D-1,5.191215163769D-1,-8.449451963291D0;             1415P   2093
102,4,1415,313,29,305;                                              1417P   2094
110,2.026312585730D-2,-5.992763749612D-1,0D0,2.663085071184D0,      1419P   2095
-5.048974451652D-1,0D0;                                             1419P   2096
110,2.663085071184D0,-5.048974451652D-1,0D0,2.663085071184D0,       1421P   2097
-9.510255483483D-2,0D0;                                             1421P   2098
110,2.663085071184D0,-9.510255483483D-2,0D0,2.026312585730D-2,      1423P   2099
-7.236250388D-4,0D0;                                                1423P   2100
110,2.026312585730D-2,-7.236250388D-4,0D0,2.026312585730D-2,        1425P   2101
-5.992763749612D-1,0D0;                                             1425P   2102
102,4,1419,1421,1423,1425;                                          1427P   2103
142,0,1413,1427,1417,1;                                             1429P   2104
144,1413,1,0,1429;                                                  1431P   2105
110,3D-1,1.016561870791D0,-8.398923814699D0,1.3D0,                  1433P   2106
1.016561870791D0,-8.398923814699D0;                                 1433P   2107
110,-2.193385201292D-1,5.165618707910D-1,-8.398923814699D0,         1435P   2108
2.193385201292D-1,5.165618707910D-1,-8.398923814699D0;              1435P   2109
120,1433,1435,7.234694668876D-2,1.215389451044D0;                   1437P   2110
124,3.587207739119D-2,0D0,9.993563899148D-1,2.067111621484D-1,      1439P   2111
0D0,-1D0,0D0,1.016561870791D0,9.993563899148D-1,0D0,                1439P   2112
-3.587207739119D-2,-8.398923814699D0;                               1439P   2113
104,9.987131940636D-1,0D0,1D0,0D0,0D0,-2.5D-1,0D0,                  1441P   2114
-5.056068996190D-2,4.974403544143D-1,-4.638311320503D-1,            1441P   2115
1.874500559985D-1;                                                  1441P   2116
102,4,311,313,1441,315;                                             1443P   2117
126,7,3,0,0,1,0,0D0,0D0,0D0,0D0,1.998948033281D-1,                  1445P   2118
3.998500267475D-1,5.998561634767D-1,7.999071873320D-1,1D0,1D0,      1445P   2119
1D0,1D0,1D0,1D0,1D0,1D0,1D0,1D0,1D0,1D0,6.671410071719D-2,          1445P   2120
1.186507301116D0,0D0,6.560880959585D-2,1.114171055218D0,0D0,        1445P   2121
6.278508970689D-2,9.694849478259D-1,0D0,5.696724768941D-2,          1445P   2122
7.524543517437D-1,0D0,4.982281316129D-2,5.353983380022D-1,0D0,      1445P   2123
4.168937314773D-2,3.183198252225D-1,0D0,3.586660875625D-2,          1445P   2124
1.735967953162D-1,0D0,3.291960517357D-2,1.012290966168D-1,0D0,      1445P   2125
0D0,1D0,0D0,0D0,1D0;                                                1445P   2126
110,3.291960517357D-2,1.012290966168D-1,0D0,9.670803948264D-1,      1447P   2127
1.012290966168D-1,0D0;                                              1447P   2128
126,7,3,0,0,1,0,0D0,0D0,0D0,0D0,2.003026700662D-1,                  1449P   2129
4.001387358533D-1,5.998345918481D-1,7.996819811926D-1,1D0,1D0,      1449P   2130
1D0,1D0,1D0,1D0,1D0,1D0,1D0,1D0,1D0,1D0,9.670803948264D-1,          1449P   2131
1.012290966168D-1,0D0,9.641298246300D-1,1.736734446215D-1,0D0,      1449P   2132
9.583068835197D-1,3.183950585134D-1,0D0,9.501787409972D-1,          1449P   2133
5.353583616788D-1,0D0,9.430416923403D-1,7.521838267982D-1,0D0,      1449P   2134
9.372212510699D-1,9.692155059285D-1,0D0,9.343937339968D-1,          1449P   2135
1.114016758669D0,0D0,9.332858992828D-1,1.186507301116D0,0D0,0D0,    1449P   2136
1D0,0D0,0D0,1D0;                                                    1449P   2137
110,9.332858992828D-1,1.186507301116D0,0D0,6.671410071719D-2,       1451P   2138
1.186507301116D0,0D0;                                               1451P   2139
102,4,1445,1447,1449,1451;                                          1453P   2140
142,0,1437,1453,1443,1;                                             1455P   2141
144,1437,1,0,1455;                                                  1457P   2142
110,3D-1,6.791517699933D-1,-9.233282504879D0,1.3D0,                 1459P   2143
6.791517699933D-1,-9.233282504879D0;                                1459P   2144
110,-2.045136508471D-1,2.791517699933D-1,-9.233282504879D0,         1461P   2145
2.045136508471D-1,2.791517699933D-1,-9.233282504879D0;              1461P   2146
120,1459,1461,3.974510568411D0,4.364202642114D0;                    1463P   2147
102,4,65,323,319,315;                                               1465P   2148
126,5,3,0,0,1,0,0D0,0D0,0D0,0D0,3.333336414912D-1,                  1467P   2149
6.666664700058D-1,1D0,1D0,1D0,1D0,1D0,1D0,1D0,1D0,1D0,1D0,          1467P   2150
3.530589499577D-2,4.328099954704D0,0D0,3.576870191438D-2,           1467P   2151
4.292820610823D0,0D0,3.681786723822D-2,4.222263778365D0,0D0,        1467P   2152
3.874038212814D-2,4.116434521235D0,0D0,4.023997494500D-2,           1467P   2153
4.045886207614D0,0D0,4.104060294628D-2,4.010613255821D0,0D0,0D0,    1467P   2154
1D0,0D0,0D0,1D0;                                                    1467P   2155
126,17,3,0,0,1,0,0D0,0D0,0D0,0D0,4.473636811265D-2,                 1469P   2156
9.523815884803D-2,1.519968398566D-1,2.149318366523D-1,              1469P   2157
2.845680732036D-1,3.620859169140D-1,4.486452228039D-1,              1469P   2158
5.408457324924D-1,6.306484856371D-1,7.112876983691D-1,              1469P   2159
7.826390614748D-1,8.463309022744D-1,9.037054494518D-1,              1469P   2160
9.547786570225D-1,1D0,1D0,1D0,1D0,1D0,1D0,1D0,1D0,1D0,1D0,1D0,      1469P   2161
1D0,1D0,1D0,1D0,1D0,1D0,1D0,1D0,1D0,1D0,1D0,4.104060294628D-2,      1469P   2162
4.010613255821D0,0D0,5.316335771844D-2,4.017959519632D0,0D0,        1469P   2163
7.987623399289D-2,4.031843010908D0,0D0,1.246696737803D-1,           1469P   2164
4.049099469122D0,0D0,1.762492361678D-1,4.063756598344D0,0D0,        1469P   2165
2.344995003752D-1,4.076339050488D0,0D0,2.997817957430D-1,           1469P   2166
4.086654655826D0,0D0,3.728711932007D-1,4.094405335044D0,0D0,        1469P   2167
4.533320668096D-1,4.098842376214D0,0D0,5.377746074524D-1,           1469P   2168
4.099099033194D0,0D0,6.202579440550D-1,4.094985747115D0,0D0,        1469P   2169
6.959042877836D-1,4.087249372355D0,0D0,7.629508815486D-1,           1469P   2170
4.076828031092D0,0D0,8.221756647928D-1,4.064157473499D0,0D0,        1469P   2171
8.743690910786D-1,4.049425703822D0,0D0,9.196870533796D-1,           1469P   2172
4.032061288273D0,0D0,9.467058502004D-1,4.018043057536D0,0D0,        1469P   2173
9.589593970537D-1,4.010613255821D0,0D0,0D0,1D0,0D0,0D0,1D0;         1469P   2174
126,5,3,0,0,1,0,0D0,0D0,0D0,0D0,3.333780086318D-1,                  1471P   2175
6.667034514939D-1,1D0,1D0,1D0,1D0,1D0,1D0,1D0,1D0,1D0,1D0,          1471P   2176
9.589593970537D-1,4.010613255821D0,0D0,9.597600992975D-1,           1471P   2177
4.045890922642D0,0D0,9.612597609028D-1,4.116443170009D0,0D0,        1471P   2178
9.631822978710D-1,4.222272423424D0,0D0,9.642313805325D-1,           1471P   2179
4.292824540529D0,0D0,9.646941050042D-1,4.328099954704D0,0D0,0D0,    1471P   2180
1D0,0D0,0D0,1D0;                                                    1471P   2181
110,9.646941050042D-1,4.328099954704D0,0D0,3.530589499577D-2,       1473P   2182
4.328099954704D0,0D0;                                               1473P   2183
102,4,1467,1469,1471,1473;                                          1475P   2184
142,0,1463,1475,1465,1;                                             1477P   2185
144,1463,1,0,1477;                                                  1479P   2186
128,3,4,3,3,0,0,1,0,0,-3.242669332693D0,-3.242669332693D0,          1481P   2187
-3.242669332693D0,-3.242669332693D0,-2.397207593881D0,              1481P   2188
-2.397207593881D0,-2.397207593881D0,-2.397207593881D0,              1481P   2189
-2.032831743745D-1,-2.032831743745D-1,-2.032831743745D-1,           1481P   2190
-2.032831743745D-1,0D0,2.032831743745D-1,2.032831743745D-1,         1481P   2191
2.032831743745D-1,2.032831743745D-1,1D0,1D0,1D0,1D0,1D0,1D0,1D0,    1481P   2192
1D0,1D0,1D0,1D0,1D0,1D0,1D0,1D0,1D0,1D0,1D0,1D0,1D0,                1481P   2193
-2.018859813454D-1,9.539413551670D-1,-8.944032252723D0,             1481P   2194
-2.018859813454D-1,9.416807352039D-1,-8.929233386426D0,             1481P   2195
-2.018859813454D-1,9.208426538367D-1,-8.922384503355D0,             1481P   2196
-2.018859813454D-1,9.009883346369D-1,-8.926763385483D0,             1481P   2197
-1.355203006304D-1,9.641751753185D-1,-8.934995049246D0,             1481P   2198
-1.355203006304D-1,9.493727390876D-1,-8.917187266511D0,             1481P   2199
-1.355203006304D-1,9.242443187170D-1,-8.908897994415D0,             1481P   2200
-1.355203006304D-1,9.007624103706D-1,-8.914190800672D0,0D0,         1481P   2201
9.746406411535D-1,-8.926003669952D0,0D0,9.569410788845D-1,          1481P   2202
-8.904794704533D0,0D0,9.269008257786D-1,-8.894886285286D0,0D0,      1481P   2203
8.995911016203D-1,-8.901251130578D0,1.355203006304D-1,              1481P   2204
9.641751753185D-1,-8.934995049246D0,1.355203006304D-1,              1481P   2205
9.493727390876D-1,-8.917187266511D0,1.355203006304D-1,              1481P   2206
9.242443187170D-1,-8.908897994415D0,1.355203006304D-1,              1481P   2207
9.007624103706D-1,-8.914190800672D0,2.018859813454D-1,              1481P   2208
9.539413551670D-1,-8.944032252723D0,2.018859813454D-1,              1481P   2209
9.416807352039D-1,-8.929233386426D0,2.018859813454D-1,              1481P   2210
9.208426538367D-1,-8.922384503355D0,2.018859813454D-1,              1481P   2211
9.009883346369D-1,-8.926763385483D0,-3.242669332693D0,              1481P   2212
-2.397207593881D0,-2.032831743745D-1,2.032831743745D-1;             1481P   2213
102,4,321,323,325,331;                                              1483P   2214
126,5,3,0,0,1,0,0D0,0D0,0D0,0D0,3.262100746884D-1,                  1485P   2215
6.595287057982D-1,1D0,1D0,1D0,1D0,1D0,1D0,1D0,1D0,1D0,1D0,          1485P   2216
-3.140620434479D0,-1.885046192770D-1,0D0,-3.115302057906D0,         1485P   2217
-1.885465783524D-1,0D0,-3.064103860823D0,-1.886251730169D-1,0D0,    1485P   2218
-2.986582126627D0,-1.887271664998D-1,0D0,-2.934518257188D0,         1485P   2219
-1.887854364211D-1,0D0,-2.908278302440D0,-1.888125691261D-1,0D0,    1485P   2220
0D0,1D0,0D0,0D0,1D0;                                                1485P   2221
126,17,3,0,0,1,0,0D0,0D0,0D0,0D0,4.471804334521D-2,                 1487P   2222
9.522187399808D-2,1.519828476585D-1,2.149203865859D-1,              1487P   2223
2.845594359518D-1,3.620804108384D-1,4.486432131160D-1,              1487P   2224
5.408474470572D-1,6.306538276022D-1,7.112962975916D-1,              1487P   2225
7.826505427910D-1,8.463449562935D-1,9.037218209994D-1,              1487P   2226
9.547970915688D-1,1D0,1D0,1D0,1D0,1D0,1D0,1D0,1D0,1D0,1D0,1D0,      1487P   2227
1D0,1D0,1D0,1D0,1D0,1D0,1D0,1D0,1D0,1D0,1D0,-2.908278302440D0,      1487P   2228
-1.888125691261D-1,0D0,-2.867765978045D0,-1.837834998402D-1,0D0,    1487P   2229
-2.793904653933D0,-1.726941795178D-1,0D0,-2.708765174674D0,         1487P   2230
-1.541180067207D-1,0D0,-2.641326109250D0,-1.328026618408D-1,0D0,    1487P   2231
-2.587204671588D0,-1.088003500364D-1,0D0,-2.545475789796D0,         1487P   2232
-8.197630505973D-2,0D0,-2.515727256731D0,-5.201436883320D-2,0D0,    1487P   2233
-2.499401311627D0,-1.908596359220D-2,0D0,-2.498478699165D0,         1487P   2234
1.544844655427D-2,0D0,-2.513549946292D0,4.920016908259D-2,0D0,      1487P   2235
-2.543125695346D0,8.020545522510D-2,0D0,-2.585156930275D0,          1487P   2236
1.077509971436D-1,0D0,-2.639535733233D0,1.321524973493D-1,0D0,      1487P   2237
-2.707199677114D0,1.537199193177D-1,0D0,-2.792763562266D0,          1487P   2238
1.725126523720D-1,0D0,-2.867310793687D0,1.837290030107D-1,0D0,      1487P   2239
-2.908278302440D0,1.888125691261D-1,0D0,0D0,1D0,0D0,0D0,1D0;        1487P   2240
126,5,3,0,0,1,0,0D0,0D0,0D0,0D0,3.404675990869D-1,                  1489P   2241
6.737862313483D-1,1D0,1D0,1D0,1D0,1D0,1D0,1D0,1D0,1D0,1D0,          1489P   2242
-2.908278302440D0,1.888125691261D-1,0D0,-2.934517972609D0,          1489P   2243
1.887854367213D-1,0D0,-2.986581555583D0,1.887271671758D-1,0D0,      1489P   2244
-3.064103288988D0,1.886251738702D-1,0D0,-3.115301774437D0,          1489P   2245
1.885465788248D-1,0D0,-3.140620438630D0,1.885046192665D-1,0D0,      1489P   2246
0D0,1D0,0D0,0D0,1D0;                                                1489P   2247
126,5,3,0,0,1,0,0D0,0D0,0D0,0D0,3.332071697852D-1,                  1491P   2248
6.667931773488D-1,1D0,1D0,1D0,1D0,1D0,1D0,1D0,1D0,1D0,1D0,          1491P   2249
-3.140620438630D0,1.885046192665D-1,0D0,-3.140595097107D0,          1491P   2250
1.466295236882D-1,0D0,-3.140561283854D0,6.283379349454D-2,0D0,      1491P   2251
-3.140561284534D0,-6.283388095178D-2,0D0,-3.140595095940D0,         1491P   2252
-1.466295674095D-1,0D0,-3.140620434479D0,-1.885046192770D-1,0D0,    1491P   2253
0D0,1D0,0D0,0D0,1D0;                                                1491P   2254
102,4,1485,1487,1489,1491;                                          1493P   2255
142,0,1481,1493,1483,1;                                             1495P   2256
144,1481,1,0,1495;                                                  1497P   2257
110,0D0,6.791517699933D-1,-9.233282504880D0,-1D0,                   1499P   2258
6.791517699933D-1,-9.233282504880D0;                                1499P   2259
124,2.015667760766D-1,-9.794747749596D-1,0D0,0D0,                   1501P   2260
6.355704941682D-1,1.307944816488D-1,-7.608830071128D-1,             1501P   2261
3.027960985211D-1,7.452657121623D-1,1.533687347152D-1,              1501P   2262
6.488890887409D-1,-9.674594649008D0;                                1501P   2263
100,0D0,0D0,0D0,1.000000000004D0,0D0,9.187418284982D-1,             1503P   2264
3.948587754825D-1;                                                  1503P   2265
120,1499,1503,4.054370160139D-4,1.474082455109D0;                   1505P   2266
126,8,3,0,0,1,0,0D0,0D0,0D0,0D0,1.666666666667D-1,                  1507P   2267
3.333333333333D-1,5D-1,6.666666666667D-1,8.333333333333D-1,1D0,     1507P   2268
1D0,1D0,1D0,1D0,1D0,1D0,1D0,1D0,1D0,1D0,1D0,1D0,                    1507P   2269
-1.873975424584D-1,9.511168163096D-1,-8.936885566665D0,             1507P   2270
-1.866236163664D-1,9.748333727854D-1,-8.958446291372D0,             1507P   2271
-1.849322321777D-1,1.015858947354D0,-9.005704481634D0,              1507P   2272
-1.819022107024D-1,1.060165850141D0,-9.090062039477D0,              1507P   2273
-1.786015491378D-1,1.083501916124D0,-9.182029625152D0,              1507P   2274
-1.751956708185D-1,1.085066920264D0,-9.276909891014D0,              1507P   2275
-1.718560247229D-1,1.064374243326D0,-9.369948874815D0,              1507P   2276
-1.698319982150D-1,1.037156677080D0,-9.426338135993D0,              1507P   2277
-1.688613637419D-1,1.019888056952D0,-9.453378938574D0,0D0,1D0,      1507P   2278
0D0,0D0,1D0;                                                        1507P   2279
124,-1.688613854647D-1,9.856398087024D-1,0D0,0D0,                   1509P   2280
8.279381125169D-1,1.418436791252D-1,-5.425853412453D-1,             1509P   2281
1.919513738413D-1,-5.347937119497D-1,-9.162171245552D-2,            1509P   2282
-8.400006830151D-1,-8.918583006955D0;                               1509P   2283
100,0D0,0D0,0D0,1.000000000004D0,0D0,9.856398087062D-1,             1511P   2284
1.688613854654D-1;                                                  1511P   2285
124,0D0,1D0,0D0,0D0,8.400006830151D-1,0D0,-5.425853412453D-1,       1513P   2286
1.919513738413D-1,-5.425853412453D-1,0D0,-8.400006830151D-1,        1513P   2287
-8.918583006955D0;                                                  1513P   2288
100,0D0,0D0,0D0,1.000000000004D0,0D0,9.856398087063D-1,             1515P   2289
1.688613854652D-1;                                                  1515P   2290
102,5,1507,1511,1515,333,331;                                       1517P   2291
126,8,3,0,0,1,0,0D0,0D0,0D0,0D0,1.667518022439D-1,                  1519P   2292
3.333514675352D-1,4.998960821567D-1,6.664634463669D-1,              1519P   2293
8.331318292202D-1,1D0,1D0,1D0,1D0,1D0,1D0,1D0,1D0,1D0,1D0,1D0,      1519P   2294
1D0,1D0,3.914730558856D-1,3.630320342871D-2,0D0,                    1519P   2295
3.907013399847D-1,1.145672832692D-1,0D0,3.889534950634D-1,          1519P   2296
2.709204325101D-1,0D0,3.858808799418D-1,5.050495910501D-1,0D0,      1519P   2297
3.825213740549D-1,7.387252189479D-1,0D0,3.790575856678D-1,          1519P   2298
9.720702360125D-1,0D0,3.756762119890D-1,1.205226728378D0,0D0,       1519P   2299
3.735975274310D-1,1.360529163590D0,0D0,3.726317945441D-1,           1519P   2300
1.438184688696D0,0D0,0D0,1D0,0D0,0D0,1D0;                           1519P   2301
110,3.726317945441D-1,1.438184688696D0,0D0,2.029572666745D-1,       1521P   2302
1.438184675297D0,0D0;                                               1521P   2303
110,2.029572666745D-1,1.438184675297D0,0D0,3.328274047332D-2,       1523P   2304
1.438184688570D0,0D0;                                               1523P   2305
126,8,3,0,0,1,0,0D0,0D0,0D0,0D0,1.668626279637D-1,                  1525P   2306
3.335276736234D-1,5.000939132197D-1,6.666396250308D-1,              1525P   2307
8.332426229909D-1,1D0,1D0,1D0,1D0,1D0,1D0,1D0,1D0,1D0,1D0,1D0,      1525P   2308
1D0,1D0,3.328274047332D-2,1.438184688570D0,0D0,                     1525P   2309
3.231704103209D-2,1.360531757951D0,0D0,3.023841731425D-2,           1525P   2310
1.205233485906D0,0D0,2.685712037918D-2,9.720816959626D-1,0D0,       1525P   2311
2.339336202041D-2,7.387382802926D-1,0D0,2.003379936163D-2,          1525P   2312
5.050611244950D-1,0D0,1.696119058981D-2,2.709272765108D-1,0D0,      1525P   2313
1.521307759648D-2,1.145699342390D-1,0D0,1.444107496396D-2,          1525P   2314
3.630322811996D-2,0D0,0D0,1D0,0D0,0D0,1D0;                          1525P   2315
126,5,3,0,0,1,0,0D0,0D0,0D0,0D0,3.332055788515D-1,                  1527P   2316
6.667958344526D-1,1D0,1D0,1D0,1D0,1D0,1D0,1D0,1D0,1D0,1D0,          1527P   2317
1.444107496396D-2,3.630322811996D-2,0D0,5.631736566994D-2,          1527P   2318
3.631578657382D-2,0D0,1.401184839419D-1,3.633255724105D-2,0D0,      1527P   2319
2.657960029682D-1,3.633257149196D-2,0D0,3.495969431506D-1,          1527P   2320
3.631578983136D-2,0D0,3.914730558856D-1,3.630320342871D-2,0D0,      1527P   2321
0D0,1D0,0D0,0D0,1D0;                                                1527P   2322
102,5,1519,1521,1523,1525,1527;                                     1529P   2323
142,0,1505,1529,1517,1;                                             1531P   2324
144,1505,1,0,1531;                                                  1533P   2325
110,0D0,1.105635726577D-1,-9.044583109410D0,0D0,                    1535P   2326
6.531489139025D-1,-8.204582426395D0;                                1535P   2327
110,0D0,9.427287400857D-1,-9.599298963488D0,0D0,                    1537P   2328
1.039787572447D0,-9.449037835369D0;                                 1537P   2329
120,1535,1537,-1.841154260218D-1,1.841154260220D-1;                 1539P   2330
124,3.012685615726D-2,-1.947250560249D-2,-9.993563899148D-1,0D0,    1541P   2331
-5.428318351943D-1,-8.398414128272D-1,0D0,-3.192153939077D0,        1541P   2332
-8.393008824240D-1,5.424824631506D-1,-3.587207739119D-2,            1541P   2333
-1.415766810227D1;                                                  1541P   2334
104,9.079717452617D-4,0D0,1D0,0D0,0D0,-1D0,0D0,                     1543P   2335
-6.239826517245D0,-9.821648156812D-1,-6.089766290165D0,             1543P   2336
-9.830196527458D-1;                                                 1543P   2337
102,6,1543,43,47,349,337,341;                                       1545P   2338
126,5,3,0,0,1,0,0D0,0D0,0D0,0D0,3.333333330871D-1,                  1547P   2339
6.666666669114D-1,1D0,1D0,1D0,1D0,1D0,1D0,1D0,1D0,1D0,1D0,          1547P   2340
9.192704528101D-1,1.696743510579D-1,0D0,8.260992408341D-1,          1547P   2341
1.691630148409D-1,0D0,6.397568172945D-1,1.681403387992D-1,0D0,      1547P   2342
3.602431827063D-1,1.666063211308D-1,0D0,1.739007591663D-1,          1547P   2343
1.655836450891D-1,0D0,8.072954718987D-2,1.650723088721D-1,0D0,      1547P   2344
0D0,1D0,0D0,0D0,1D0;                                                1547P   2345
110,8.072954718987D-2,1.650723088721D-1,0D0,8.072954718987D-2,      1549P   2346
0D0,0D0;                                                            1549P   2347
110,8.072954718987D-2,0D0,0D0,8.072954718987D-2,                    1551P   2348
-1.650723088721D-1,0D0;                                             1551P   2349
126,5,3,0,0,1,0,0D0,0D0,0D0,0D0,3.333333330896D-1,                  1553P   2350
6.666666669152D-1,1D0,1D0,1D0,1D0,1D0,1D0,1D0,1D0,1D0,1D0,          1553P   2351
8.072954718987D-2,-1.650723088721D-1,0D0,1.739007591666D-1,         1553P   2352
-1.655836450891D-1,0D0,3.602431827072D-1,-1.666063211308D-1,0D0,    1553P   2353
6.397568172954D-1,-1.681403387991D-1,0D0,8.260992408347D-1,         1553P   2354
-1.691630148408D-1,0D0,9.192704528101D-1,-1.696743510578D-1,0D0,    1553P   2355
0D0,1D0,0D0,0D0,1D0;                                                1553P   2356
110,9.192704528101D-1,-1.696743510578D-1,0D0,9.192704528101D-1,     1555P   2357
0D0,0D0;                                                            1555P   2358
110,9.192704528101D-1,0D0,0D0,9.192704528101D-1,                    1557P   2359
1.696743510579D-1,0D0;                                              1557P   2360
102,6,1547,1549,1551,1553,1555,1557;                                1559P   2361
142,0,1539,1559,1545,1;                                             1561P   2362
144,1539,1,0,1561;                                                  1563P   2363
128,1,1,1,1,0,0,1,0,0,-1.444107496402D-2,-1.444107496402D-2,        1565P   2364
3.977164328988D-1,3.977164328988D-1,-5.144410749640D-1,             1565P   2365
-5.144410749640D-1,-8.555892503598D-2,-8.555892503598D-2,1D0,       1565P   2366
1D0,1D0,1D0,-2.144410749640D-1,3.999378419235D-2,                   1565P   2367
1.450598124331D-1,-2.144410749640D-1,2.333912140639D-1,             1565P   2368
-2.189061824164D-1,2.144410749640D-1,3.999378419235D-2,             1565P   2369
1.450598124331D-1,2.144410749640D-1,2.333912140639D-1,              1565P   2370
-2.189061824164D-1,-1.444107496402D-2,3.977164328988D-1,            1565P   2371
-5.144410749640D-1,-8.555892503598D-2;                              1565P   2372
102,4,207,269,351,213;                                              1567P   2373
110,3.832753579348D-1,-5D-1,0D0,3.832753579348D-1,-1D-1,0D0;        1569P   2374
110,3.832753579348D-1,-1D-1,0D0,0D0,-1D-1,0D0;                      1571P   2375
110,0D0,-1D-1,0D0,0D0,-5D-1,0D0;                                    1573P   2376
110,0D0,-5D-1,0D0,3.832753579348D-1,-5D-1,0D0;                      1575P   2377
102,4,1569,1571,1573,1575;                                          1577P   2378
142,0,1565,1577,1567,1;                                             1579P   2379
144,1565,1,0,1579;                                                  1581P   2380
110,3D-1,4D-1,3.2D-1,1.3D0,4D-1,3.2D-1;                             1583P   2381
110,-2.144410749640D-1,0D0,3.2D-1,2.144410749640D-1,0D0,3.2D-1;     1585P   2382
120,1583,1585,-3.610268741005D-2,5.245234059415D-1;                 1587P   2383
124,0D0,0D0,1D0,2D-1,-1D0,0D0,0D0,4D-1,0D0,-1D0,0D0,3.2D-1;         1589P   2384
100,0D0,0D0,0D0,4D-1,0D0,3.532300034876D-1,1.876927399665D-1;       1591P   2385
102,4,351,211,353,1591;                                             1593P   2386
110,9.663285707590D-1,4.884207185315D-1,0D0,3.367142924098D-2,      1595P   2387
4.884207185315D-1,0D0;                                              1595P   2388
110,3.367142924098D-2,4.884207185315D-1,0D0,3.367142924098D-2,      1597P   2389
0D0,0D0;                                                            1597P   2390
110,3.367142924098D-2,0D0,0D0,9.663285707590D-1,0D0,0D0;            1599P   2391
110,9.663285707590D-1,0D0,0D0,9.663285707590D-1,                    1601P   2392
4.884207185315D-1,0D0;                                              1601P   2393
102,4,1595,1597,1599,1601;                                          1603P   2394
142,0,1587,1603,1593,1;                                             1605P   2395
144,1587,1,0,1605;                                                  1607P   2396
S      1G      4D   1608P   2396                                        T      1
